Name,Affiliation,Interests,Cited By,Profile URL,h-index,i10-index,Research Papers
Bipul Bhuyan,Indian Institute of Technology Guwahati,Particle Physics,99011,https://scholar.google.com/citations?hl=en&user=shLBfaQAAAAJ,156,781,"['The BABAR detector', 'Evidence for an Excess of  Decays', 'Study of  and Observation of a Charged Charmoniumlike State at Belle', 'Measurement of an Excess of B-> D (*) Tau Nu Decays and Implications for Charged Higgs Bosons', 'Observation of a Broad Structure in the  Mass Spectrum around', ',  and  cross sections measured <?format ?>with initial-state radiation', 'Measurement of the branching ratio of  relative to  decays with hadronic tagging at Belle', 'The Belle II physics book', 'Belle II technical design report', 'Searches for Lepton Flavor Violation in the Decays  and']"
Ajaikumar B Kunnumakkara,"Professor, Department of Biosciences and Bioengineering, Indian Institute of Technology …","Cancer Biology, Pharmacology, Molecular Biology, Chronic Diseases",63645,https://scholar.google.com/citations?hl=en&user=isPyuFYAAAAJ,90,243,"['Guidelines for the use and interpretation of assays for monitoring autophagy', 'Bioavailability of curcumin: problems and promises', 'Cancer is a preventable disease that requires major lifestyle changes', 'Curcumin as “Curecumin”: from kitchen to clinic', 'Phase II trial of curcumin in patients with advanced pancreatic cancer', 'Curcumin and cancer: an “old-age” disease with an “age-old” solution', 'Biological activities of curcumin and its analogues (Congeners) made by man and Mother Nature', 'Curcumin inhibits proliferation, invasion, angiogenesis and metastasis of different cancers through interaction with multiple cell signaling proteins', 'Curcumin, the golden nutraceutical: multitargeting for multiple chronic diseases', 'Signal transducer and activator of transcription‐3, inflammation, and cancer: how intimate is the relationship?']"
amit srivastava,IIT GUWAHATI,"WORD COMBINATORICS, FORMAL LANGUAGE",26293,https://scholar.google.com/citations?hl=en&user=ELPfWZQAAAAJ,79,565,"['Interleukin-17A mediates acquired immunity to pneumococcal colonization', 'CD4+ T cells mediate antibody-independent acquired immunity to pneumococcal colonization', 'Fat replacement in soft dough biscuits: its implications on dough rheology and biscuit quality', 'Methods for analysis and quantification of power system resilience', 'Influence of spatial variability of permeability property on steady state seepage flow and slope stability analysis', 'Speech and language technologies for audio indexing and retrieval', 'The apoptotic response to pneumolysin is Toll-like receptor 4 dependent and protects against pneumococcal disease', 'Effects of nanofertilizers on soil and plant-associated microbial communities: Emerging trends and perspectives', 'Antibody-independent, interleukin-17A-mediated, cross-serotype immunity to pneumococci in mice immunized intranasally with the cell wall polysaccharide', 'Cinnamon bark oil, a potent fungitoxicant against fungi causing respiratory tract mycoses']"
Prof. MK Purkait  (Dr. Mihir Kumar Purkait),"Department of Chemical Enginering, Indian Institute of Technology Guwahati","Environmental Engineering, Membrane Technology, Separation Science, Water and wastewater treatment",23739,https://scholar.google.com/citations?hl=en&user=9Z4kD-sAAAAJ,87,246,"['Adsorption characteristics of brilliant green dye on kaolin', 'Removal of congo red using activated carbon and its regeneration', 'Ultrafiltration of stable oil-in-water emulsion by polysulfone membrane', 'Removal of cationic dyes from aqueous solutions by kaolin: kinetic and equilibrium studies', 'Effect of molecular weight of PEG on membrane morphology and transport properties', 'Preparation, characterization and performance studies of polysulfone membranes using PVP as an additive', 'Nanofiltration of textile plant effluent for color removal and reduction in COD', 'A review on the environment-friendly emerging techniques for pretreatment of lignocellulosic biomass: Mechanistic insight and advancements', 'Preparation and characterization of low cost ceramic membranes for micro-filtration applications', 'Arsenic adsorption using copper (II) oxide nanoparticles']"
Abu T. Khan,"Department of Chemistry, Indian Institute of Technology Guwahati","Multicomponent reaction, Green Chemistry, Heterocylic synthesis, carbohydrate synthesis",17582,https://scholar.google.com/citations?hl=en&user=Po33NwoAAAAJ,56,277,"['Mortality and pulmonary complications in patients undergoing surgery with perioperative SARS-CoV-2 infection: an international cohort study', 'Elective surgery cancellations due to the COVID-19 pandemic: global predictive modelling to inform surgical recovery plans', 'An evaluation of the antioxidant and antiviral action of extracts of rosemary and Provencal herbs', 'Effects of fluoxetine on functional outcomes after acute stroke (FOCUS): a pragmatic, double-blind, randomised, controlled trial', 'Canadian Stroke Best Practice Recommendations: Mood, Cognition and Fatigue following Stroke, 6th edition update 2019', 'Global variation in postoperative mortality and complications after cancer surgery: a multicentre, prospective cohort study in 82 countries', 'One-pot three-component reaction for the synthesis of pyran annulated heterocyclic compounds using DMAP as a catalyst', 'Structural analysis and properties of dextran produced by Leuconostoc mesenteroides NRRL B-640', 'Regioselective Bromination of Organic Substrates by Tetrabutylammonium Bromide Promoted by V2O5−H2O2:\u2009 An Environmentally Favorable Synthetic Protocol', 'Effects of substituents in the β-position of 1, 3-dicarbonyl compounds in bromodimethylsulfonium bromide-catalyzed multicomponent reactions: a facile access to functionalized\xa0…']"
BIMAN B. MANDAL,"Professor, Department of Biosciences and Bioengineering, IIT Guwahati","Regenerative Medicine, Biomaterials, 3D Organoids & On-Chip Models, Stem cells, Drug delivery",16379,https://scholar.google.com/citations?hl=en&user=L7hpHIcAAAAJ,71,189,"['Cell proliferation and migration in silk fibroin 3D scaffolds', 'Emerging and innovative approaches for wound healing and skin regeneration: current status and advances', 'High-strength silk protein scaffolds for bone repair', 'Silk biomaterials in wound healing and skin regeneration therapeutics: From bench to bedside', 'Silk fibroin/polyacrylamide semi-interpenetrating network hydrogels for controlled drug release', 'Silk microfiber-reinforced silk hydrogel composites for functional cartilage tissue repair', 'Removal of Cr (VI) from aqueous solution using Bael fruit (Aegle marmelos correa) shell as an adsorbent', 'Potential of agarose/silk fibroin blended hydrogel for in vitro cartilage tissue engineering', 'Novel silk sericin/gelatin 3-D scaffolds and 2-D films: fabrication and characterization for potential tissue engineering applications', '3D bioprinting using cross-linker-free silk–gelatin bioink for cartilage tissue engineering']"
VS Moholkar,"HAG Professor, Dept of Chemical Engineering, Indian Institute of Technology Guwahati","Cavitation-aided Processes, Biofuels (gaseous/liquid)",15916,https://scholar.google.com/citations?hl=en&user=qOl1YgEAAAAJ,72,237,"['Biomass gasification for decentralized power generation: The Indian perspective', 'Cavitation Reaction Engineering', '20 Mechanistic Aspects of Ultrasound-Enhanced Physical and Chemical Processes', 'Mechanistic assessment of microalgal lipid extraction', 'Chapter 14 – Biomass Gasification Integrated Fischer-Tropsch Synthesis: Perspectives, Opportunities and Challenges', 'Discernment of synergism in pyrolysis of biomass blends using thermogravimetric analysis', 'Hydrodynamic cavitation for sonochemical effects', 'Co-gasification of coal and biomass blends: chemistry and engineering', 'Biobutanol: science, engineering, and economics', 'Mapping the cavitation intensity in an ultrasonic bath using the acoustic emission']"
Vaibhav Goud,"Department of Chemical Engineering, Indian Institute of Technology Guwahati",,15758,https://scholar.google.com/citations?hl=en&user=pjb8HBkAAAAJ,54,148,"['Production of first and second generation biofuels: a comprehensive review', 'Characterization of Canadian biomass for alternative renewable biofuel', 'Epoxidation of cottonseed oil by aqueous hydrogen peroxide catalysed by liquid inorganic acids', 'Biodiesel production from renewable feedstocks: Status and opportunities', 'Studies on the epoxidation of mahua oil (Madhumica indica) by hydrogen peroxide', 'A review on enhanced biogas production from anaerobic digestion of lignocellulosic biomass by different enhancement techniques', 'Epoxidation of canola oil with hydrogen peroxide catalyzed by acidic ion exchange resin', 'Pitfalls in the 3, 5-dinitrosalicylic acid (DNS) assay for the reducing sugars: Interference of furfural and 5-hydroxymethylfurfural', 'Kinetics of epoxidation of jatropha oil with peroxyacetic and peroxyformic acid catalysed by acidic ion exchange resin', 'Epoxidation of karanja (Pongamia glabra) oil by H2O2']"
Kaustubha Mohanty,"Professor of Chemical Engineering, IIT Guwahati","Microalgae, Biofuels, Biological Wastewater Treatment, Biomass Pyrolysis, Membrane Technology",14407,https://scholar.google.com/citations?hl=en&user=QOFTgxAAAAAJ,66,203,"['Pyrolysis kinetics and thermal behavior of waste sawdust biomass using thermogravimetric analysis', 'Removal of chromium (VI) from dilute aqueous solutions by activated carbon developed from Terminalia arjuna nuts activated with zinc chloride', 'Adsorption of phenol from aqueous solutions using activated carbons prepared from Tectona grandis sawdust by ZnCl2 activation', 'Removal of crystal violet from wastewater by activated carbons prepared from rice husk', 'Biosorption of Cr (VI) from aqueous solutions by Eichhornia crassipes', 'Molecular dynamic simulation of spontaneous combustion and pyrolysis of brown coal using ReaxFF', 'Kinetic analysis and pyrolysis behaviour of waste biomass towards its bioenergy potential', 'Hydrothermal liquefaction of biomass for bio-crude production: A review on feedstocks, chemical compositions, operating parameters, reaction kinetics, techno-economic study\xa0…', 'Pyrolysis kinetics and synergistic effect in co-pyrolysis of Samanea saman seeds and polyethylene terephthalate using thermogravimetric analyser', 'Preparation and characterization of activated carbons from Sterculiaalata nutshell by chemical activation with zinc chloride to remove phenol from wastewater']"
Ajay Kalamdhad,"Professor, Department of Civil Engineering, Indian Institute of Technology Guwahati","Environmental Engineering, Solid waste management, Composting",13981,https://scholar.google.com/citations?hl=en&user=6ElkLskAAAAJ,63,228,"['Effects of heavy metals on soil, plants, human health and aquatic life', 'Pre-treatment and anaerobic digestion of food waste for high rate methane production–A review', 'A review on enhanced biogas production from anaerobic digestion of lignocellulosic biomass by different enhancement techniques', 'Recent advances in removal of lignin from paper industry wastewater and its industrial applications–A review', 'Rotary drum composting of vegetable waste and tree leaves', 'Assessment of bioavailability and leachability of heavy metals during rotary drum composting of green waste (Water hyacinth)', 'Application of drum compost and vermicompost to improve soil health, growth, and yield parameters for tomato and cabbage plants', 'Factors affecting anaerobic digestion for biogas production: A review', 'Biochar amendment for batch composting of nitrogen rich organic waste: Effect on degradation kinetics, composting physics and nutritional properties', 'Effects of turning frequency on compost stability and some chemical characteristics in a rotary drum composter']"
Shyam Biswas,IIT Guwahati,Inorganic Chemistry,12614,https://scholar.google.com/citations?hl=en&user=I7U6Ox4AAAAJ,47,129,"['Synthesis of metal-organic frameworks (MOFs): routes to various MOF topologies, morphologies, and composites', 'New Functionalized Flexible Al-MIL-53-X (X = -Cl, -Br, -CH3, -NO2, -(OH)2) Solids: Syntheses, Characterization, Sorption, and Breathing Behavior', 'A General Strategy for the Synthesis of Functionalised UiO‐66 Frameworks: Characterisation, Stability and CO2 Adsorption Properties', 'Enhanced selectivity of CO2 over CH4 in sulphonate-, carboxylate- and iodo-functionalized UiO-66 frameworks', '3D luminescent amide-functionalized cadmium tetrazolate framework for selective detection of 2, 4, 6-trinitrophenol', 'p-Xylene-Selective Metal–Organic Frameworks: A Case of Topology-Directed Selectivity', 'A thiadiazole-functionalized Zr (IV)-based metal–organic framework as a highly fluorescent probe for the selective detection of picric acid', 'A cerium-based metal–organic framework having inherent oxidase-like activity applicable for colorimetric sensing of biothiols and aerobic oxidation of thiols', 'Metal–organic framework (MOF) derived recyclable, superhydrophobic composite of cotton fabrics for the facile removal of oil spills', 'A cubic coordination framework constructed from benzobistriazolate ligands and zinc ions having selective gas sorption properties']"
"Siddhartha  Sankar Ghosh,  Ghosh SS, SS Ghosh","Professor, Depart of Biosciences and Bioengineering, Indian Institute of Technology …","Gene Therapy, Cancer Biology, Nanobiology",12517,https://scholar.google.com/citations?hl=en&user=zJOfvfUAAAAJ,57,168,"['Green Fluorescent Protein-Expressing Escherichia coli as a Model System for Investigating the Antimicrobial Activities of Silver Nanoparticles', 'The antibacterial properties of a novel chitosan–Ag-nanoparticle composite', 'Genetic lesions of bilirubin uridine‐diphosphoglucuronate glucuronosyltransferase (UGT1A1) causing Crigler‐Najjar and Gilbert syndromes: correlation of genotype to phenotype', 'Induction of apoptosis in cancer cells at low silver nanoparticle concentrations using chitosan nanocarrier', 'One step synthesis of C-dots by microwave mediated caramelization of poly (ethylene glycol)', 'Presence of amorphous carbon nanoparticles in food caramels', 'Implications of silver nanoparticle induced cell apoptosis for in vitro gene therapy', 'Signaling gene cascade in silver nanoparticle induced apoptosis', 'Curcumin improves intestinal barrier function: modulation of intracellular signaling, and organization of tight junctions', 'Heightened reactive oxygen species generation in the antimicrobial activity of a three component iodinated chitosan− silver nanoparticle composite']"
"Parameswar Krishnan Iyer; PK Iyer; Parameswar K Iyer; P Iyer; Iyer PK, Iyer Parameswar Krishnan, PKI","Department of Chemistry, Indian Institute of Technology Guwahati","Polymer, Material, Photovoltaic, Sensor, Spectroscopy",12372,https://scholar.google.com/citations?hl=en&user=Y2aowXAAAAAJ,58,223,"['Improved hydrophilicity, permeability, antifouling and mechanical performance of PVDF composite ultrafiltration membranes tailored by oxidized low-dimensional carbon nanomaterials', 'Stabilized blue emission from polyfluorene‐based light‐emitting diodes: elimination of fluorenone defects', 'Functional 1, 8-naphthalimide AIE/AIEEgens: recent advances and prospects', 'Water/methanol-soluble conjugated copolymer as an electron-transport layer in polymer light-emitting diodes', 'Diameter dependence of interwall separation and strain in multiwalled carbon nanotubes probed by X-ray diffraction and Raman scattering studies', 'Dual “Static and Dynamic” fluorescence quenching mechanisms based detection of TNT via a cationic conjugated polymer', 'Inner filter effect based selective detection of nitroexplosive-picric acid in aqueous solution and solid support using conjugated polymer', 'Ultrasensitive detection of nitroexplosive – picric acid via a conjugated polyelectrolyte in aqueous media and solid support', 'Conjugated polymer nanoparticles for the amplified detection of nitro-explosive picric acid on multiple platforms', 'Aldehyde group driven aggregation-induced enhanced emission in naphthalimides and its application for ultradetection of hydrazine on multiple platforms']"
Tharmalingam Punniyamurthy,"Department of Chemistry, Indian Institute of Technology Guwahati, Guwahati 781039",Organic synthesis,12051,https://scholar.google.com/citations?hl=en&user=alLhL0AAAAAJ,56,157,"['Recent advances in transition metal catalyzed oxidation of organic substrates with molecular oxygen', 'CuO nanoparticles catalyzed C− N, C− O, and C− S cross-coupling reactions: Scope and mechanism', 'Ligand-free copper-catalyzed synthesis of substituted benzimidazoles, 2-aminobenzimidazoles, 2-aminobenzothiazoles, and benzoxazoles', 'Efficient CuO‐Nanoparticle‐Catalyzed C\uf8ff S Cross‐Coupling of Thiols with Iodobenzene', 'Recent advances in copper-catalyzed oxidation of organic compounds', 'Novel CuO nanoparticle catalyzed C− N cross coupling of amines with iodobenzene', 'Novel vanadium-catalyzed oxidation of alcohols to aldehydes and ketones under atmospheric oxygen', 'Efficient ligand-free nickel-catalyzed C–S cross-coupling of thiols with aryl iodides', 'Novel polyaniline-supported molybdenum-catalyzed aerobic oxidation of alcohols to aldehydes and ketones', 'Iodobenzene Catalyzed C–H Amination of N-Substituted Amidines Using m-Chloroperbenzoic Acid']"
"Subhash C. Mishra, FNAE, FASME, FIE(I)","Professor, Department of Mechanical Engineering, IIT Guwahati","Heat Transfer - Radiation, Participating Medium, Porous Media Combustion, Heat Transfer through Insulation Systems, Atmospheric Radiation",12022,https://scholar.google.com/citations?hl=en&user=AhpalIwAAAAJ,53,228,"['Global patient outcomes after elective surgery: prospective cohort study in 27 low-, middle-and high-income countries', 'International Nosocomial Infection Control Consortiu (INICC) report, data summary of 43 countries for 2007-2012. Device-associated module', 'Weaning from mechanical ventilation in intensive care units across 50 countries (WEAN SAFE): a multicentre, prospective, observational cohort study', 'Solving transient conduction and radiation heat transfer problems using the lattice Boltzmann method and the finite volume method', 'Conventional and newly developed bioheat transport models in vascularized tissues: A review', 'Rivaroxaban or aspirin for patent foramen ovale and embolic stroke of undetermined source: a prespecified subgroup analysis from the NAVIGATE ESUS trial', 'The surgical safety checklist and patient outcomes after surgery: a prospective observational cohort study, systematic review and meta-analysis', 'Application of the lattice Boltzmann method for solving the energy equation of a 2-D transient conduction–radiation problem', 'Effect of High Temperature on Pseudomonas putida NBRI0987 Biofilm Formation and Expression of Stress Sigma Factor RpoS', 'A lattice Boltzmann formulation for the analysis of radiative heat transfer problems in a participating medium']"
Arun Chattopadhyay,"Department of Chemistry, Indian Institute of Technology Guwahati","Nanoscale Science, Assembly of Molecules",11389,https://scholar.google.com/citations?hl=en&user=Ym02t0UAAAAJ,53,161,"['Green Fluorescent Protein-Expressing Escherichia coli as a Model System for Investigating the Antimicrobial Activities of Silver Nanoparticles', 'The antibacterial properties of a novel chitosan–Ag-nanoparticle composite', 'Induction of apoptosis in cancer cells at low silver nanoparticle concentrations using chitosan nanocarrier', 'One step synthesis of C-dots by microwave mediated caramelization of poly (ethylene glycol)', 'A ‘green’chitosan–silver nanoparticle composite as a heterogeneous as well as micro-heterogeneous catalyst', 'Presence of amorphous carbon nanoparticles in food caramels', 'Implications of silver nanoparticle induced cell apoptosis for in vitro gene therapy', 'Signaling gene cascade in silver nanoparticle induced apoptosis', 'Fabrication of antibacterial silver nanoparticle—sodium alginate–chitosan composite films', 'Heightened reactive oxygen species generation in the antimicrobial activity of a three component iodinated chitosan− silver nanoparticle composite']"
Prof.  PK Giri,Indian institute of technology Guwahati,"Nanomaterials, Semiconductors, Graphene, 2D Materials, Optoelectronics",10399,https://scholar.google.com/citations?hl=en&user=UYRlnoUAAAAJ,55,179,"['Evidence of oxygen vacancy induced room temperature ferromagnetism in solvothermally synthesized undoped TiO2 nanoribbons', 'Correlation between microstructure and optical properties of ZnO nanoparticles synthesized by ball milling', 'Interfacial charge transfer in oxygen deficient TiO2-graphene quantum dot hybrid and its influence on the enhanced visible light photocatalysis', 'Diameter dependence of interwall separation and strain in multiwalled carbon nanotubes probed by X-ray diffraction and Raman scattering studies', 'Formation Mechanism of Graphene Quantum Dots and Its Edge State Conversion Probed by Photoluminescence and Raman Spectroscopy', 'High temperature ferromagnetism and optical properties of Co doped ZnO nanoparticles', 'Strain induced phase formation, microstructural evolution and bandgap narrowing in strained TiO2 nanocrystals grown by ball milling', 'Signature of strong ferromagnetism and optical properties of Co doped TiO2 nanoparticles', 'Solar light driven photoelectrocatalytic hydrogen evolution and dye degradation by metal-free few-layer MoS2 nanoflower/TiO2 (B) nanobelts heterostructure', 'Structural, optical, and magnetic properties of Ni doped ZnO nanoparticles: correlation of magnetic moment with defect density']"
Vimal Katiyar,"Professor, IIT Guwahati",,10123,https://scholar.google.com/citations?hl=en&user=hiSED3QAAAAJ,57,194,"['Biopolymer-based nanocomposite films and coatings: Recent advances in shelf-life improvement of fruits and vegetables', 'State of art on solvent casting particulate leaching method for orthopedic scaffoldsfabrication', 'Effect of graphene content on the properties of poly (lactic acid) nanocomposites', 'Biodegradation and characterization study of compostable PLA bioplastic containing algae biomass as potential degradation accelerator', 'Effect of cellulose nanocrystal polymorphs on mechanical, barrier and thermal properties of poly (lactic acid) based bionanocomposites', 'Thermally recyclable polylactic acid/cellulose nanocrystal films through reactive extrusion process', 'Pd (II) adsorption characteristics of glutaraldehyde cross-linked chitosan copolymer resin', 'State of art review on sustainable biodegradable polymers with a market overview for sustainability packaging', 'Poly (3‐hydroxybutyrate)/cellulose nanocrystal films for food packaging applications: barrier and migration studies', 'Nanoamphiphilic chitosan dispersed poly (lactic acid) bionanocomposite films with improved thermal, mechanical, and gas barrier properties']"
Bhisma K Patel,"Professor of Chemistry, Indian Institute of Technology Guwahati","CH activation, Catalysis, Hypervalent iodine, Green Chemistry, Heterocyclic Chemistry",9843,https://scholar.google.com/citations?hl=en&user=bIaYaeQAAAAJ,55,184,"['A catalytic oxidative esterification of aldehydes using V2O5− H2O2', 'Regioselective Bromination of Organic Substrates by Tetrabutylammonium Bromide Promoted by V2O5−H2O2:\u2009 An Environmentally Favorable Synthetic Protocol', 'Four tandem C–H activations: A sequential C–C and C–O bond making via a Pd-catalyzed cross dehydrogenative coupling (CDC) approach', 'Tetrabutylammonium tribromide (TBATB) as an efficient generator of HBr for an efficient chemoselective reagent for acetalization of carbonyl compounds', 'A new recyclable ditribromide reagent for efficient bromination under solvent free condition', 'Copper catalyzed oxidative esterification of aldehydes with alkylbenzenes via cross dehydrogenative coupling', 'Cu (II) catalyzed imine C–H functionalization leading to synthesis of 2, 5-substituted 1, 3, 4-oxadiazoles', 'An environmentally benign synthesis of organic ammonium tribromides (OATB) and bromination of selected organic substrates by tetrabutylammonium tribromide (TBATB)', 'Copper-Catalyzed Esterification of Alkylbenzenes with Cyclic Ethers and Cycloalkanes via C(sp3)–H Activation Following Cross-Dehydrogenative Coupling', 'Easy access to benzylic esters directly from alkyl benzenes under metal-free conditions']"
Ujjwal K. Saha,"Professor of Mechanical Engineering, Indian Institute of Technology Guwahati","Propulsion, Turbomachinery, Applied Aerodynamics, Wind Energy, Internal Combustion Engines",9668,https://scholar.google.com/citations?hl=en&user=KmcDxokAAAAJ,48,127,"['Effect of Engine Parameters and Type of Gaseous Fuel on the Performance of Dual-fuel Gas Diesel Engines—A Critical Review', 'Optimum Design Configuration of Savonius Rotor Through Wind Tunnel Experiments', 'On the Performance Analysis of Savonius Rotor with Twisted Blades', 'Wind Tunnel Experiments of a Newly Developed Two-bladed Savonius-style Wind Turbine', 'Effect of Compression Ratio on Performance, Combustion and Emission Characteristics of a Dual Fuel Diesel Engine Run on Raw Biogas', 'Experimental Studies on Sloshing Behavior due to Horizontal Movement of Liquids in Baffled Tanks', 'Parametric Analysis of Model Savonius Hydrokinetic Turbines Through Experimental and Computational Investigations', 'Review on the Numerical Investigations into the Design and Development of Savonius Wind Rotors', 'A Comprehensive Review on the Application of Emulsions as an Alternative Fuel for Diesel Engines', 'Experimental Evaluation of a Rice bran Biodiesel–biogas Run Dual Fuel Diesel Engine at Varying Compression Ratios']"
Sukumar Nandi,Professor Indian Institute of Technology Guwahati,"Computer Networks, Information Security",9347,https://scholar.google.com/citations?hl=en&user=ChtruacAAAAJ,43,195,"['Additive Cellular Automata: Theory and Applications, Volume 1', 'Theory and applications of cellular automata in cryptography', 'A new similarity measure using Bhattacharyya coefficient for collaborative filtering in sparse data', 'A tutorial survey on vehicular communication state of the art, and future research directions', 'Blockchain-Based Adaptive Trust Management in Internet of Vehicles Using Smart Contract', 'Detecting ARP spoofing: An active technique', 'An outlier detection method based on clustering', 'Route stability based qos routing in mobile ad hoc networks', 'CA and Its Applications: A Brief Survey', 'Machine learning based approach to detect position falsification attack in VANETs']"
Gopal Das,IIT Guwahati,"Supramolecular Chemistry, Chemical Biology, Water treatment",9113,https://scholar.google.com/citations?hl=en&user=GHi25EUAAAAJ,49,216,"['Preferential and enhanced adsorption of different dyes on iron oxide nanoparticles: a comparative study', 'NIR- and FRET-Based Sensing of Cu2+ and S2- in Physiological Conditions and in Live Cells', 'Fluorometric detection of enzyme activity with synthetic supramolecular pores', 'The interaction of 5-(alkoxy) naphthalen-1-amine with bovine serum albumin and its effect on the conformation of protein', 'An aggregation-induced emission (AIE) active probe for multiple targets: a fluorescent sensor for Zn2+ and Al3+ & a colorimetric sensor for Cu2+ and F−', 'Green synthesis of Sn (II)-BDC MOF: Preferential and efficient adsorption of anionic dyes', 'An aggregation-induced emission (AIE) active probe renders Al(iii) sensing and tracking of subsequent interaction with DNA', 'An overview of sulfidogenic biological reactors for the simultaneous treatment of sulfate and heavy metal rich wastewater', 'Synthesis and studies of Cu (II)-thiolato complexes: bioinorganic perspectives', 'Syntheses and X-ray structures of mixed-ligand salicylaldehyde complexes of Mn (III), Fe (III), and Cu (II) ions: Reactivity of the Mn (III) complex toward primary monoamines\xa0…']"
Pinakeswar Mahanta,"Professor of Mechanical Engineering, IIT Guwahati","Heat Transfer, Renewable energy, Fluidized bed",8973,https://scholar.google.com/citations?hl=en&user=t0viKX4AAAAJ,45,146,"['Impact of electric vehicle charging station load on distribution network', 'Review of passive heat transfer augmentation techniques', 'Biomass gasification for decentralized power generation: The Indian perspective', 'Comprehensive characterization of lignocellulosic biomass through proximate, ultimate and compositional analysis for bioenergy production', 'Carbon dioxide adsorption on zeolites and activated carbon by pressure swing adsorption in a fixed bed', 'Review of recent trends in charging infrastructure planning for electric vehicles', 'Discernment of synergism in pyrolysis of biomass blends using thermogravimetric analysis', 'Co-gasification of coal and biomass blends: chemistry and engineering', 'Review of impact of electric vehicle charging station on the power grid', 'Charging station placement for electric vehicles: a case study of Guwahati city, India']"
Utpal Bora,"Professor, Indian Institute of Technology Guwahati","Bioengineering, Environment",8967,https://scholar.google.com/citations?hl=en&user=3WHn3QMAAAAJ,45,88,"['Indian medicinal herbs as sources of antioxidants', 'Encapsulation of curcumin in alginate-chitosan-pluronic composite nanoparticles for delivery to cancer cells', 'Fluorescence study of the curcumin− casein micelle complexation and its application as a drug nanocarrier to cancer cells', 'Silk fibroin in tissue engineering', 'Ethnobotany of medicinal plants used by Assamese people for various skin ailments and cosmetics', 'Comprehensive characterization of lignocellulosic biomass through proximate, ultimate and compositional analysis for bioenergy production', 'Green synthesis of gold nanoparticles using Nyctanthes arbortristis flower extract', 'Encapsulation of curcumin in Pluronic block copolymer micelles for drug delivery applications', 'Synthesis of novel biodegradable and self-assembling methoxy poly (ethylene glycol)–palmitate nanocarrier for curcumin delivery to cancer cells', 'A novel microwave-mediated one-pot synthesis of indolizines via a three-component reaction']"
Prof. Chandan Das,"Department of Chemical Engineering, IIT Guwahati","Wastewater treatment, membrane separation, bioremediation, Catalytic membrane reactor",8841,https://scholar.google.com/citations?hl=en&user=HB_fCMoAAAAJ,44,228,"['Extraction of phenolic compounds and anthocyanin from black and purple rice bran (Oryza sativa L) using ultrasound: A comparative analysis and phytochemical profiling', 'Removal of Pb (II) and Cu (II) ions from wastewater using composite electrospun cellulose acetate/titanium oxide (TiO2) adsorbent', 'Optimization of ultrasound-assisted extraction (UAE) process for the recovery of bioactive compounds from bitter gourd using response surface methodology (RSM)', 'Feasibility of poly-vinyl alcohol/starch/glycerol/citric acid composite films for wound dressing applications', 'Membrane technologies and applications', 'Removal of dyes and their mixtures from aqueous solution using liquid emulsion membrane', 'Handbook of environment and waste management: Volume 3: Acid rain and greenhouse gas pollution control', 'Treatment of tanning effluent using nanofiltration followed by reverse osmosis', 'Scope and prospect of transition metal-based cocatalysts for visible light-driven photocatalytic hydrogen evolution with graphitic carbon nitride', 'Cross-flow microfiltration of industrial oily wastewater: experimental and theoretical consideration']"
Sarangthem Joychandra Singh,IIT-Guwahati,"CH functionalization, Multicomponent reactions",8676,https://scholar.google.com/citations?hl=en&user=-sXM55QAAAAJ,38,138,"['Efficacy and safety of the oral neuraminidase inhibitor oseltamivir in treating acute influenza: a randomized controlled trial', 'The impact of air pollution on deaths, disease burden, and life expectancy across the states of India: the Global Burden of Disease Study 2017', 'Mortality of emergency abdominal surgery in high-, middle-and low-income countries', 'Prevalence of risk factors for coronary artery disease in an urban Indian population', 'The housefly (Musca domestica) as a carrier of pathogenic microorganisms in a hospital environment', 'Mouth dissolving tablets II: An overview of evaluation techniques', 'Effect of polysorbate 80 quality on photostability of a monoclonal antibody', 'Teratogenic effects of acetaldehyde in the rat Drug Alcohol Dependence 1982, August; 9 (4): 339–50. associated with deviation of the mediastinum in the contralateral side', 'Vermicompost from biodegraded distillation waste improves soil properties and essential oil yield of Pogostemon cablin (patchouli) Benth', 'Multicentre prospective cohort study of body mass index and postoperative complications following gastrointestinal surgery']"
Prabir Barooah,"Professor, Electronics and Electrical Engineering, Indian Institute of Technology Guwahati","distributed control, renewable energy integration, smart grid, energy efficiency",8181,https://scholar.google.com/citations?hl=en&user=f4P0dYsAAAAJ,46,112,"['Ancillary Service to the Grid through Control of Fans in Commercial Building HVAC Systems', 'Mistuning-based control design to improve closed-loop stability margin of vehicular platoons', 'DistressNet: a wireless ad hoc and sensor network architecture for situation management in disaster response', 'Occupancy-based zone-climate control for energy-efficient buildings: Complexity vs. performance', 'Experimental evaluation of frequency regulation from commercial building HVAC systems', 'A method for model-reduction of non-linear thermal dynamics of multi-zone buildings', 'Ancillary service to the grid using intelligent deferrable loads', 'Stability and robustness of large platoons of vehicles with double‐integrator models and nearest neighbor interaction', 'Error amplification and disturbance propagation in vehicle strings with decentralized linear control', 'Graph effective resistance and distributed control: Spectral properties and applications']"
richa sharma,INDIAN INSTITUTE OF TECHNOLOGY GUWAHATI,"membrane reactors, heterogeneous catalysis, gas separation, dense membranes",8011,https://scholar.google.com/citations?hl=en&user=npMjAGEAAAAJ,39,126,"['Understanding the pH-dependent behavior of graphene oxide aqueous solutions: a comparative experimental and molecular dynamics simulation study', 'Size-dependent cellular uptake and expulsion of single-walled carbon nanotubes: single particle tracking and a generic uptake model for nanoparticles', 'Anomalously large reactivity of single graphene layers and edges towards electron transfer chemistries', 'Bi-and trilayer graphene solutions', 'Psychobiotics: the next-generation probiotics for the brain', 'SNHG12: an LncRNA as a potential therapeutic target and biomarker for human cancer', 'Noninvasive 11C-rifampin positron emission tomography reveals drug biodistribution in tuberculous meningitis', 'On‐chip micro gas chromatograph enabled by a noncovalently functionalized single‐walled carbon nanotube sensor array', '(2010)', 'A review on CLAHE based enhancement techniques']"
Jeevanantham Sathasivam,"Doctoral Research Fellow, Indian Institute of Technology Guwahati, Assam, India.","Wastewater Treatment, Emerging Contaminants, Biochar, Adsorption, Advanced Oxidation Processes",7949,https://scholar.google.com/citations?hl=en&user=zfhbiGQAAAAJ,33,43,"['Effective water/wastewater treatment methodologies for toxic pollutants removal: Processes and applications towards sustainable development', 'A review on biosynthesis of metal nanoparticles and its environmental applications', 'A comprehensive review on different approaches for CO2 utilization and conversion pathways', 'A review on bioremediation approach for heavy metal detoxification and accumulation in plants', 'A review on catalytic-enzyme degradation of toxic environmental pollutants: Microbial enzymes', 'Removal of toxic pollutants from water environment by phytoremediation: a survey on application and future prospects', 'Recent advances and sustainable development of biofuels production from lignocellulosic biomass', 'Photocatalysis for removal of environmental pollutants and fuel production: a review', 'A review on algal-bacterial symbiotic system for effective treatment of wastewater', 'Degradation of toxic agrochemicals and pharmaceutical pollutants: Effective and alternative approaches toward photocatalysis']"
Tamal Banerjee,"Professor of Chemical Engineering ,IIT Guwahati","Deep Eutectic Solvents, Hydrogels, Thermal Fluids, COSMO-RS, Reactive Force Field Simulations",7862,https://scholar.google.com/citations?hl=en&user=iSwkMbMAAAAJ,49,141,"['A comprehensive review on batteries and supercapacitors: Development and challenges since their inception', 'Molecular dynamic simulation of spontaneous combustion and pyrolysis of brown coal using ReaxFF', 'Volume, surface and UNIQUAC interaction parameters for imidazolium based ionic liquids via Polarizable Continuum Model', 'Liquid–liquid extraction of lower alcohols using menthol-based hydrophobic deep eutectic solvent: experiments and COSMO-SAC predictions', 'Prediction of binary VLE for imidazolium based ionic liquid systems using COSMO-RS', 'COSMO-RS-based screening of ionic liquids as green solvents in denitrification studies', 'Synthesis and characterization of xylan-gelatin cross-linked reusable hydrogel for the adsorption of methylene blue', 'COSMO-RS based predictions for the desulphurization of diesel oil using ionic liquids: Effect of cation and anion combination', 'Thiophene separation with ionic liquids for desulphurization: A quantum chemical approach', 'Bioplastic: an eco‐friendly alternative to non‐biodegradable plastic']"
Dr. Lalit M Pandey,IIT Guwahati,"Bio-interfaces and Biomaterials, Protein's adsorption and aggregation, Environmental Biotechnology",7745,https://scholar.google.com/citations?hl=en&user=Y4qB9qUAAAAJ,49,135,"['Engineered nanomaterials and their surface functionalization for the removal of heavy metals: A review', 'Recent advances in conventional and contemporary methods for remediation of heavy metal-contaminated soils', 'Nano-biocomposite scaffolds of chitosan, carboxymethyl cellulose and silver nanoparticle modified cellulose nanowhiskers for bone tissue engineering applications', 'Isolation and characterization of biosurfactant producing and oil degrading Bacillus subtilis MG495086 from formation water of Assam oil reservoir and its suitability for\xa0…', 'Production of biosurfactant by Bacillus subtilis RSL-2 isolated from sludge and biosurfactant mediated degradation of oil', 'Enhanced adsorption capacity of designed bentonite and alginate beads for the effective removal of methylene blue', 'Removal of methylene blue dye from aqueous solution using immobilized Agrobacterium fabrum biomass along with iron oxide nanoparticles as biosorbent', 'Surface functionalization of Ti6Al4V via self-assembled monolayers for improved protein adsorption and fibroblast adhesion', 'Fabrication and characterization of chitosan, polyvinylpyrrolidone, and cellulose nanowhiskers nanocomposite films for wound healing drug delivery application', 'Engineered nanoporous materials mediated heterogeneous catalysts and their implications in biodiesel production']"
Lingaraj Sahoo,"Professor of Biotechnology, Indian Institute of Technology Guwahati","Plant Functional Genomics, Crop Improvement",7728,https://scholar.google.com/citations?hl=en&user=elIBAo0AAAAJ,49,130,"['Reactive oxygen species signaling in plants under abiotic stress', 'Excess copper induced oxidative stress and response of antioxidants in rice', 'Arsenic stress in rice: redox consequences and regulation by iron', 'Tailoring microalgae for efficient biofuel production', 'The effect of TDZ on organogenesis and somatic embryogenesis in pigeonpea (Cajanus cajan L. Millsp)', 'Molecular mechanistic model of plant heavy metal tolerance', 'Transgenic cowpea (Vigna unguiculata) seeds expressing a bean α-amylase inhibitor 1 confer resistance to storage pests, bruchid beetles', 'Improved Agrobacterium-mediated transformation of cowpea via sonication and vacuum infiltration', 'Efficient in vitro plant regeneration from shoot apices and gene transfer by particle bombardment in Jatropha curcas', 'An insight into the drought stress induced alterations in plants']"
Ramagopal Uppaluri,IIT Guwahati,Chemical Engineering,7582,https://scholar.google.com/citations?hl=en&user=e64mz7sAAAAJ,48,136,"['Preparation and characterization of low cost ceramic membranes for micro-filtration applications', 'Bamboo fiber reinforced polypropylene composites and their mechanical, thermal, and morphological properties', 'Fabrication and properties of low cost ceramic microfiltration membranes for separation of oil and bacteria from its solution', 'Treatment of oily wastewater using low cost ceramic membrane: Comparative assessment of pore blocking and artificial neural network models', 'Silica nanoparticle assisted polymer flooding of heavy crude oil: emulsification, rheology, and wettability alteration characteristics', 'Pd (II) adsorption characteristics of glutaraldehyde cross-linked chitosan copolymer resin', 'Cross-flow microfiltration of oil-in-water emulsions using low cost ceramic membranes', 'An inverse analysis of a transient 2-D conduction–radiation problem using the lattice Boltzmann method and the finite volume method coupled with the genetic algorithm', 'Optimization of ultrasound-assisted extraction (UAE) process for the recovery of bioactive compounds from bitter gourd using response surface methodology (RSM)', 'Preparation and characterization of low cost ceramic membranes for mosambi juice clarification']"
Dr. Selvaraju Narayanasamy,"Associate Professor, Department of Biosciences & Bioengineering, IIT Guwahati","Biosorption, Bioremediation, Biological Wastewater Treatment, Air Pollution, Microfluidics",7195,https://scholar.google.com/citations?hl=en&user=cICz1ukAAAAJ,47,109,"['Relevance of isotherm models in biosorption of pollutants by agricultural byproducts', 'Sequestration of dye from textile industry wastewater using agricultural waste products as adsorbents', 'Surface modification of nanocellulose using polypyrrole for the adsorptive removal of Congo red dye and chromium in binary mixture', 'Microalgae: Sustainable resource of carbohydrates in third-generation biofuel production', 'Multivariate Optimisation of Cr (VI), Co (III) and Cu (II) adsorption onto Nanobentonite incorporated Nanocellulose/Chitosan Aerogel using Response Surface Methodology', 'Adsorptive remediation of hexavalent chromium from synthetic wastewater by a natural and ZnCl2 activated Sterculia guttata shell', 'Adsorptive removal of Ciprofloxacin and Amoxicillin from single and binary aqueous systems using acid-activated carbon from Prosopis juliflora', 'Surface treated acid-activated carbon for adsorption of anionic azo dyes from single and binary adsorptive systems: A detail insight', 'Evaluation of the biosorption potential of a novel Caryota urens inflorescence waste biomass for the removal of hexavalent chromium from aqueous solutions', 'Structural characterization of green synthesized α-Fe2O3 nanoparticles using the leaf extract of Spondias dulcis']"
Dr. Dipesh kumar,"School of Energy Science and Engineering, Indian Institute of Technology Guwahati","Biomass and Bioenergy, Biomass Conversion, Environment and Development, Sustainability",7192,https://scholar.google.com/citations?hl=en&user=XBXWLQUAAAAJ,30,183,"['Utilization of lignocellulosic biomass by oleaginous yeast and bacteria for production of biodiesel and renewable diesel', 'Free radical scavenging and analgesic activities of Cucumis sativus L. fruit extract', 'Near‐edge x‐ray absorption fine structure study of bonding modifications in BN thin films by ion implantation', 'Use of ursodeoxycholic acid in liver diseases', 'Algal biorefinery: An integrated approach for sustainable biodiesel production', 'Lip reading using optical flow and support vector machines', 'Biodiesel antioxidants and their impact on the behavior of diesel engines: A comprehensive review', 'Hybrid CNN and LSTM network for heart disease prediction', 'Cement wastes as transesterification catalysts for the production of biodiesel from Karanja oil', 'Wavelet transform and simplicity based heart murmur segmentation']"
Rajiv Tiwari,"Department of Mechanical Engineering, Indian Institute of Technology Guwahati","Rotor dynamics, Active magnetic bearings, Automation in condition monitoring, Design of rolling element bearings for …",7037,https://scholar.google.com/citations?hl=en&user=6brtIN0AAAAJ,45,118,"['Signal based condition monitoring techniques for fault detection and diagnosis of induction motors: A state-of-the-art review', 'Rotor systems: analysis and identification', 'Identification of dynamic bearing parameters: a review', 'Multi-objective design optimisation of rolling bearings using genetic algorithms', 'Application of active magnetic bearings in flexible rotordynamic systems–A state-of-the-art review', 'Prediction of flow blockages and impending cavitation in centrifugal pumps using Support Vector Machine (SVM) algorithms based on vibration measurements', 'Comparative investigation of vibration and current monitoring for prediction of mechanical and electrical faults in induction motor based on multiclass-support vector machine\xa0…', 'Optimum design of rolling element bearings using genetic algorithms', 'Static and dynamic analyses of cracked functionally graded structural components: a review', 'Blockage and cavitation detection in centrifugal pumps from dynamic pressure signal using deep learning algorithm']"
Pranab Goswami,Indian Institute of Technology Guwahati,"Biosensors, biocatalysis, enzyme, biofuel cell",6844,https://scholar.google.com/citations?hl=en&user=YV5TfOkAAAAJ,46,94,"['Ethnobotany of medicinal plants used by Assamese people for various skin ailments and cosmetics', 'A case study of bioremediation of petroleum-hydrocarbon contaminated soil at a crude oil spill site', 'Recent advances in material science for developing enzyme electrodes', 'Encapsulation of curcumin in Pluronic block copolymer micelles for drug delivery applications', 'Synthesis of novel biodegradable and self-assembling methoxy poly (ethylene glycol)–palmitate nanocarrier for curcumin delivery to cancer cells', 'Recent advances on developing 3rd generation enzyme electrode for biosensor applications', 'Different modes of hydrocarbon uptake by two Pseudomonas species', 'An overview on alcohol oxidases and their potential applications', 'Potential biomarkers and their applications for rapid and reliable detection of malaria', 'Selective and sensitive detection of free bilirubin in blood serum using human serum albumin stabilized gold nanoclusters as fluorometric and colorimetric probe']"
Bishnupada Mandal,"Professor, Department of Chemical Engineering, Indian Institute of Technology Guwahati","Mass transfer, Gas separation: membranes, Absorption, Adsorption, Fuel Cell",6706,https://scholar.google.com/citations?hl=en&user=2zTissgAAAAJ,46,104,"['Removal of carbon dioxide by absorption in mixed amines: modelling of absorption in aqueous MDEA/MEA and AMP/MEA solutions', 'Developments in directed evolution for improving enzyme functions', 'Removal of Cr (VI) from aqueous solution using Bael fruit (Aegle marmelos correa) shell as an adsorbent', 'Adsorption of chromium (VI) and Rhodamine B by surface modified tannery waste: Kinetic, mechanistic and thermodynamic studies', 'Absorption of carbon dioxide into aqueous blends of 2-amino-2-methyl-1-propanol and monoethanolamine', 'Selective absorption of H2S from gas streams containing H2S and CO2 into aqueous solutions of N-methyldiethanolamine and 2-amino-2-methyl-1-propanol', 'Absorption of carbon dioxide into aqueous blends of 2-amino-2-methyl-1-propanol and diethanolamine', 'Density and viscosity of aqueous solutions of (N-methyldiethanolamine+ monoethanolamine),(N-methyldiethanolamine+ diethanolamine),(2-amino-2-methyl-1-propanol+ monoethanolamine\xa0…', 'Simultaneous absorption of carbon dioxide and hydrogen sulfide into aqueous blends of 2-amino-2-methyl-1-propanol and diethanolamine', 'Graphene oxide (GO) interlayered thin film nanocomposite (TFN) membranes with high solvent resistance for organic solvent nanofiltration (OSN)']"
Sachin Kumar,Indian Institute of Technology Guwahati,Virology and vaccine development,6668,https://scholar.google.com/citations?hl=en&user=Vxli3mMAAAAJ,39,139,"['Newcastle disease virus: current status and our understanding', 'Aldehyde group driven aggregation-induced enhanced emission in naphthalimides and its application for ultradetection of hydrazine on multiple platforms', 'An insight into non-integrative gene delivery approaches to generate transgene-free induced pluripotent stem cells', 'Immunization of chickens with Newcastle disease virus expressing H5 hemagglutinin protects against highly pathogenic H5N1 avian influenza viruses', 'Infectious laryngotracheitis: Etiology, epidemiology, pathobiology, and advances in diagnosis and control–a comprehensive review', 'Synonymous codon usage pattern in glycoprotein gene of rabies virus', 'Avian paramyxovirus: a brief review', 'Multifunctional nanohydroxyapatite-promoted toughened high-molecular-weight stereocomplex poly (lactic acid)-based bionanocomposite for both 3D-printed orthopedic implants and\xa0…', 'A recombinant Newcastle disease virus (NDV) expressing infectious laryngotracheitis virus (ILTV) surface glycoprotein D protects against highly virulent ILTV and NDV challenges\xa0…', 'Sequence analysis of fusion protein gene of Newcastle disease virus isolated from outbreaks in Egypt during 2006']"
Subhankar Ghosh,Indian Institute of Technology,"Computer Vision, Machine Learning, Artificial Intelligence",6661,https://scholar.google.com/citations?hl=en&user=eMvnl_4AAAAJ,37,161,"['Effects of degradations on deep neural network architectures', 'Deep neural network to detect COVID-19: one architecture for both CT Scans and Chest X-rays', 'Artifact detection tools (ART)', 'Treatment algorithms to maximize remission and minimize corticosteroid dependence in patients with inflammatory bowel disease', 'On optimal tooth profile modification for reduction of vibration and noise in spur gear pairs', 'Graphology based handwritten character analysis for human behaviour identification', 'Salm: Speech-augmented language model with in-context learning for speech recognition and translation', 'Shallow convolutional neural network for COVID-19 outbreak screening using chest X-rays', 'Stefann: scene text editor using font adaptive neural network', 'Gargling with ketamine attenuates the postoperative sore throat']"
Niranjan Sahoo,"Professor in Mechanical Engineering, IIT Guwahati","Aerodynamics, Gas Dynamics, IC Engines",6530,https://scholar.google.com/citations?hl=en&user=u1AGvJsAAAAJ,38,150,"['Effect of engine parameters and type of gaseous fuel on the performance of dual-fuel gas diesel engines—A critical review', 'A comprehensive review on the application of emulsions as an alternative fuel for diesel engines', 'Effect of H2: CO ratio in syngas on the performance of a dual fuel diesel engine operation', 'Simulation of honeycomb–screen combinations for turbulence management in a subsonic wind tunnel', 'Adjusting the operating characteristics to improve the performance of an emulsified palm oil methyl ester run diesel engine', 'Thermodynamic analysis of a variable compression ratio diesel engine running with palm oil methyl ester', 'Performance assessment of a solar still using blackened surface and thermocol insulation', 'Theoretical performance limits of a syngas–diesel fueled compression ignition engine from second law analysis', 'Search for third-generation scalar leptoquarks in the tτ channel in proton-proton collisions at  TeV', 'Comparative assessment of a spark ignition engine fueled with gasoline and raw biogas']"
Praveen Kumar,"Professor of Electronics and Electrical Engineering, IIT Guwahati","Electrical machinery, Electric Vehicles, Intelligent Transportation, Grid 2 Vehicle, Smart Grid",6524,https://scholar.google.com/citations?hl=en&user=fc3JOMkAAAAJ,35,98,"['A review of multi criteria decision making (MCDM) towards sustainable renewable energy development', 'Implementation of vehicle to grid infrastructure using fuzzy logic controller', 'Integrated assessment of a sustainable microgrid for a remote village in hilly region', 'Strategic integration of battery energy storage systems with the provision of distributed ancillary services in active distribution systems', 'Mathematical modeling of Li-ion battery using genetic algorithm approach for V2G applications', 'A multi charging station for electric vehicles and its utilization for load management and the grid support', 'A novel methodological framework for the design of sustainable rural microgrid for developing nations', 'Influence of EV on grid power quality and optimizing the charging schedule to mitigate voltage imbalance and reduce power loss', 'Improved analytical model of a permanent-magnet brushless DC motor', 'Mathematical modeling for economic evaluation of electric vehicle to smart grid interaction']"
Santosha K  Dwivedy,INDIAN INSTITUTE OF TECHNOLOGY GUWAHATI,"vibration, robotics, biomechanics",6427,https://scholar.google.com/citations?hl=en&user=LNTnKtQAAAAJ,36,110,"['Dynamic analysis of flexible manipulators, a literature review', 'Advancements in the field of autonomous underwater vehicle', 'Development of active lower limb robotic-based orthosis and exoskeleton devices: a systematic review', 'Dynamic analysis of magnetorheological elastomer-based sandwich beam with conductive skins under various boundary conditions', 'A review on the development of pneumatic artificial muscle actuators: Force model and application', '3D printed hollow microneedles array using stereolithography for efficient transdermal delivery of rifampicin', 'Dynamic stability of a rotating sandwich beam with magnetorheological elastomer core', 'Control of pneumatic artificial muscle system through experimental modelling', 'Parametric instability regions of a soft and magnetorheological elastomer cored sandwich beam', 'Fabrication and characterization of magnetorheological elastomer with carbon black']"
uday narayan maiti,Associate Professor IIT Guwahati,"2-dimensional materials, graphene, MoS2, WS2, Inorganic nanostructures",6094,https://scholar.google.com/citations?hl=en&user=9OrWTlcAAAAJ,36,68,"['Molybdenum sulfide/N-doped CNT forest hybrid catalysts for high-performance hydrogen evolution reaction', '25th anniversary article: chemically modified/doped carbon nanotubes & graphene for optimized nanostructures & nanodevices', 'Nitrogen-doped carbon nanotubes and graphene composite structures for energy and catalytic applications', 'Three-dimensional shape engineered, interfacial gelation of reduced graphene oxide for high rate, large capacity supercapacitors', 'Recent advances in polymer and polymer composites for electromagnetic interference shielding: review and future prospects', 'Enhanced p-type conductivity and band gap narrowing in heavily Al doped NiO thin films deposited by RF magnetron sputtering', 'Rheological properties of graphene oxide liquid crystal', 'Low temperature solution processed ZnO/CuO heterojunction photocatalyst for visible light induced photo-degradation of organic pollutants', 'Dopant-specific unzipping of carbon nanotubes for intact crystalline graphene nanostructures', 'Preparation of graphene–polyaniline composites by simple chemical procedure and its improved field emission properties']"
Arup Kumar Sarma,"Professor of Civil Engineering, Indian Institute of Technology Guwahati","Modelling and Simulation in Free Surface …, Heuristic Method in Optimization, Watershed Management",5883,https://scholar.google.com/citations?hl=en&user=_dUoFfkAAAAJ,30,160,"['Genetic algorithm for optimal operating policy of a multipurpose reservoir', 'Assessing and mapping flood hazard, vulnerability and risk in the Upper Brahmaputra River valley using stakeholders’ knowledge and multicriteria evaluation (MCE)', 'Artificial neural network model for synthetic streamflow generation', 'Sphagnum farming from species selection to the production of growing media: a review', 'Evoked potential monitoring in anaesthesia and analgesia', 'Effects of mannan‐oligosaccharides and Lactobacillus acidophilus supplementation on growth performance, nutrient utilization and faecal characteristics in Murrah\xa0…', 'Introducing graphene thin films into carbon fiber composite structures for lightning strike protection', 'Epigenetic regulators of programmed death-ligand 1 expression in human cancers', 'Genetic mapping of common bunt resistance and plant height QTL in wheat', 'Analysis of the change in temperature trends in Subansiri River basin for RCP scenarios using CMIP5 datasets: Shivam et al.']"
Sreedeep Sekharan,Indian Institute of Technology Guwahati,Geotechnical and Geoenvironmental …,5552,https://scholar.google.com/citations?hl=en&user=EZZIFm4AAAAJ,39,126,"['Superabsorbent hydrogel (SAH) as a soil amendment for drought management: A review', 'Hydraulic modeling: Concepts and practice', 'Experimental study on effect of waste plastic bottle strips in soil improvement', 'Investigation of cracking and water availability of soil-biochar composite synthesized from invasive weed water hyacinth', 'Critical review on the parameters influencing soil-water characteristic curve', 'Infiltration characteristics of natural fiber reinforced soil', 'An integrated SRM-multi-gene genetic programming approach for prediction of factor of safety of 3-D soil nailed slopes', 'Quantifying the interactive effect of water absorbing polymer (WAP)-soil texture on plant available water content and irrigation frequency', 'Laboratory investigations on extremely high suction measurements for fine-grained soils', 'Erodibility assessment of compacted biochar amended soil for geo-environmental applications']"
debasish borah,"Associate Professor, Department of Physics, Indian Institute of Technology Guwahati",High Energy Physics,5547,https://scholar.google.com/citations?hl=en&user=wkFh0SEAAAAJ,42,135,"['arXiv: A White Paper on keV Sterile Neutrino Dark Matter', 'Inert doublet dark matter with strong electroweak phase transition', 'TeV scale leptogenesis, inflaton dark matter, and neutrino mass in a scotogenic model', 'A4 flavour model for Dirac neutrinos: Type I and inverse seesaw', 'Correlating the anomalous results in  decays with inert Higgs doublet dark matter and the muon', 'Non-thermal origin of asymmetric dark matter from inflaton and primordial black holes', 'Linear seesaw for Dirac neutrinos with A4 flavour symmetry', 'Common origin of neutrino mass, dark matter and Dirac leptogenesis', 'Low scale leptogenesis and dark matter in the presence of primordial black holes', 'Lepton anomalous magnetic moment with singlet-doublet fermion dark matter in a scotogenic  model']"
Amarendra Kumar Das,"Professor, Department of Design, IIT Guwahati","Product Design, Rapid Prototyping and Tooling/ 3D Printing, Facility Design, Transportation Design, Appropriate Technology",5525,https://scholar.google.com/citations?hl=en&user=hDyxuSUAAAAJ,32,146,"['Synthesis of doped zinc oxide nanoparticles: a review', 'MRI and electrodiagnostic study', 'Bioaccumulation of heavy metals in some commercial fishes and crabs of the Gulf of Cambay, India', 'Pathophysiology of experimental Aeromonas hydrophila infection in Puntius sarana: early changes in blood and aspects of the innate immune-related gene expression in survivors', 'Evaluation of blood oxidant/antioxidant balance in dogs with sarcoptic mange', ""Recurrent Guillain Barre'syndrome."", 'Evaluation of ‘quick and dirty’ DNA extraction methods for marker‐assisted selection in rice (Oryza sativa L.)', 'Influence of urban forms on social sustainability: A case of Guwahati, Assam', 'Sisal plant regeneration via organogenesis', 'Distribution of Plasmodium falciparum genotypes in clinically mild and severe malaria cases in Orissa, India']"
Bibhas Ranjan Majhi,Indian Institute of Technology Guwahati,General theory of Relativity and Black holes,5498,https://scholar.google.com/citations?hl=en&user=17BpQ8UAAAAJ,36,86,"['Quantum tunneling beyond semiclassical approximation', 'Quantum tunneling and back reaction', 'Noncommutative black hole thermodynamics', 'A boundary term for the gravitational action with null boundaries', 'Fermion tunneling beyond semiclassical approximation', 'Hawking black body spectrum from tunneling mechanism', 'Quantum tunneling and trace anomaly', 'Connecting anomaly and tunneling methods for the Hawking effect through chirality', 'Hawking radiation and black hole spectroscopy in Hořava–Lifshitz gravity', 'Presence of horizon makes particle motion chaotic']"
MK Bhuyan,"Professor (HAG), Department of EEE & Professor, Data Science & Artificial Intelligence, IIT …","Machine Learning and Deep Learning, Artificial Intelligence, Computer Vision, Image/Video Processing",5235,https://scholar.google.com/citations?hl=en&user=o4yGgBQAAAAJ,37,145,"['Review of constraints on vision‐based gesture recognition for human–computer interaction', 'Methods, databases and recent advancement of vision-based hand gesture recognition for hci systems: A review', 'Image fusion using adjustable non-subsampled shearlet transform', 'A novel set of features for continuous hand gesture recognition', 'Ultrafast laser nanostructuring in bulk silica, a “slow” microexplosion', 'Spatio‐temporal dynamics in nondiffractive Bessel ultrafast laser nanoscale volume structuring', 'Gastrovision: A multi-class endoscopy image dataset for computer aided gastrointestinal disease detection', 'High speed laser processing of transparent materials', 'Laser polishing of 3D printed metallic components: a review on surface integrity', 'Automatic detection of aortic valve opening using seismocardiography in healthy individuals']"
Kalyan Raidongia,Indian Institute of Technology Guwahati,,5214,https://scholar.google.com/citations?hl=en&user=JlmilbMAAAAJ,27,49,"['On the origin of the stability of graphene oxide membranes in water', 'Graphene analogues of BN: novel synthesis and properties', 'Nanofluidic ion transport through reconstructed layered materials', 'Self-assembled two-dimensional nanofluidic proton channels with high thermal stability', 'BCN: a graphene analogue with remarkable adsorptive properties', 'Graphene oxide assisted hydrothermal carbonization of carbon hydrates', 'Multiferroic and magnetoelectric properties of core-shell CoFe2O4@ BaTiO3 nanocomposites', 'Molybdenum sulfide supported on crumpled graphene balls for electrocatalytic hydrogen production', 'Synthesis, structure and properties of homogeneous BC4N nanotubes', 'Remarkable Uptake of CO2 and CH4 by Graphene‐Like Borocarbonitrides, BxCyNz']"
Samarendra Dandapat,"Professor, IIT Guwahati",Biomedical Signal and Image Processing,5208,https://scholar.google.com/citations?hl=en&user=73vpIHcAAAAJ,36,112,"['Multiscale energy and eigenspace approach to detection and localization of myocardial infarction', 'Wavelet energy based diagnostic distortion measure for ECG', 'Wavelet-based electrocardiogram signal compression methods and their performances: A prospective review', 'Detection of shockable ventricular arrhythmia using variational mode decomposition', 'Third-order tensor based analysis of multilead ECG for classification of myocardial infarction', 'Multi-scale deep feature fusion for automated classification of macular pathologies from OCT images', 'ECG signal denoising using higher order statistics in Wavelet subbands', 'Wavelet threshold based ECG compression using USZZQ and Huffman coding of DSM', 'Sinusoidal model-based analysis and classification of stressed speech', 'Multichannel ECG data compression based on multiscale principal component analysis']"
Subhaditya Bhattacharya,"Professor of Physics, IIT Guwahati",Particle Physics theory and phenomenology,5105,https://scholar.google.com/citations?hl=en&user=40k2OYMAAAAJ,43,92,"['Search for a standard model Higgs boson produced in association with a top-quark pair and decaying to bottom quarks using a matrix element method', 'Measurements of  production cross sections and constraints on anomalous triple gauge couplings at', 'Search for a very light NMSSM Higgs boson produced in decays of the 125 GeV scalar boson and decaying into τ leptons in pp collisions at  TeV', 'Dimension-seven operators in the standard model with right handed neutrinos', 'Combined searches for the production of supersymmetric top quark partners in proton–proton collisions at', 'Multipartite interacting scalar dark matter in the light of updated LUX data', 'Two-component dark matter', 'easurement of double-parton scattering in inclusive production of four jets with low transverse momentum in proton-proton collisions at root s= 13 Te', 'A search for decays of the Higgs boson to invisible particles in events with a top-antitop quark pair or a vector boson in proton-proton collisions at  = 13 TeV', 'Effective Lagrangian approach to neutrinoless double beta decay and neutrino masses']"
Pranab Kumar Mondal,"Associate Professor, Mechanical Engineering Department, IIT Guwahati","Microfluidics, Phytofluidics",4770,https://scholar.google.com/citations?hl=en&user=5iCALrwAAAAJ,41,133,"['A review of the state-of-the-art nanofluid spray and jet impingement cooling', 'Electroosmotic flow of Phan-Thien–Tanner fluids at high zeta potentials: An exact analytical solution', 'Numerical study of the vortex‐induced electroosmotic mixing of non‐Newtonian biofluids in a nonuniformly charged wavy microchannel: Effect of finite ion size', 'Unsteady electro-osmotic flow of couple stress fluid in a rotating microchannel: An analytical solution', 'Irreversibility analysis of hybrid nanofluid flow over a rotating disk: effect of thermal radiation and magnetic field', 'Integrated microfluidic devices for point-of-care detection of bio-analytes and disease', 'Electric-field-driven contact-line dynamics of two immiscible fluids over chemically patterned surfaces in narrow confinements', 'Blue energy generation by the temperature-dependent properties in funnel-shaped soft nanochannels', 'Magnetofluidic mixing of a ferrofluid droplet under the influence of a time-dependent external field', 'Investigation into the thermo-hydrodynamics of ferrofluid flow under the influence of constant and alternating magnetic field by InfraRed Thermography']"
Dr. Sagar Bhattarai,"Solar Scientist, Indian Institute of Technology, Guwahati, Assam","Solar Cells, DFT, Renewable Energy, Perovskite, Condensed Matter Physics",4646,https://scholar.google.com/citations?hl=en&user=1Y2FB0wAAAAJ,36,82,"['Numerical Analysis in DFT and SCAPS-1D on the Influence of Different Charge Transport Layers of CsPbBr3 Perovskite Solar Cells', 'Achieving above 24% efficiency with non-toxic CsSnI3 perovskite solar cells by harnessing the potential of the absorber and charge transport layers', 'Photovoltaic Performance Investigation of Cs3Bi2I9-Based Perovskite Solar Cells with Various Charge Transport Channels Using DFT and SCAPS-1D Frameworks', 'Harnessing the potential of CsPbBr3-based perovskite solar cells using efficient charge transport materials and global optimization', 'Investigating of novel inorganic cubic perovskites of A3BX3 (A= Ca, Sr, BP, As, X= I, Br) and their photovoltaic performance with efficiency over 28%', 'Optimization of carrier transport materials for the performance enhancement of the MAGeI3 based perovskite solar cell', 'Halide composition engineered a non-toxic perovskite–silicon tandem solar cell with 30.7% conversion efficiency', 'Perovskite solar cells with dual light absorber layers for performance efficiency exceeding 30%', 'Optimization of the architecture of lead-free CsSnCl3-perovskite solar cells for enhancement of efficiency: a combination of SCAPS-1D and wxAMPS study', 'Design Insights into La2NiMnO6-Based Perovskite Solar Cells Employing Different Charge Transport Layers: DFT and SCAPS-1D Frameworks']"
Seraj Ahmad,"Student of Biotechnology, IIT Guwahati","Protein Biochemistry, Biosensor",4638,https://scholar.google.com/citations?hl=en&user=eGmUyEkAAAAJ,27,49,"['Basal insulin and cardiovascular and other outcomes in dysglycemia', 'Timing of surgery following SARS‐CoV‐2 infection: an international prospective cohort study', 'A detector to search for K+→ π+ νν', 'Environmental Effects on Seed Characteristics of Sunflower (Helianthus annuus L.)', 'SARS‐CoV‐2 infection and venous thromboembolism after surgery: an international prospective cohort study', 'Soil physical properties as influenced by induced compaction under laboratory and field conditions', 'Study of molecular interaction in ternary mixtures through ultrasonic speed measurements', 'Nutritional changes in soybean during germination.', 'Reducing the environmental impact of surgery on a global scale: systematic review and co-prioritization with healthcare workers in 132 countries', 'Effects of pre‐operative isolation on postoperative pulmonary complications after elective surgery: an international prospective cohort study']"
Dr Animes Kumar Golder,Department of Chemical Engineering • Indian Institute of Technology Guwahati,"Photocatalysis and nanoparticles, Sensor development, Electro-and bio-remediation, AOPs, Physiochemical treatments",4539,https://scholar.google.com/citations?hl=en&user=6VCZydkAAAAJ,33,92,"['Removal of trivalent chromium by electrocoagulation', 'Ag-doped TiO2 photocatalysts with effective charge transfer for highly efficient hydrogen production through water splitting', 'Electrocoagulation of methylene blue and eosin yellowish using mild steel electrodes', 'Removal of Cr3+ by electrocoagulation with multiple electrodes: Bipolar and monopolar configurations', 'Removal of hexavalent chromium by electrochemical reduction–precipitation: Investigation of process performance and reaction stoichiometry', 'Removal of phosphate from aqueous solutions using calcined metal hydroxides sludge waste generated from electrocoagulation', 'Ciprofloxacin degradation from aqueous solution by Fenton oxidation: reaction kinetics and degradation mechanisms', 'Anionic reactive dye removal from aqueous solution using a new adsorbent—Sludge generated in removal of heavy metal by electrocoagulation', 'Removal of Cr (VI) from aqueous solution: electrocoagulation vs chemical coagulation', 'Silver grafted graphitic-carbon nitride ternary hetero-junction Ag/gC3N4 (Urea)-gC3N4 (Thiourea) with efficient charge transfer for enhanced visible-light photocatalytic green\xa0…']"
"Uttam Manna, Professor","Chemistry Department and Centre for Nanotechnology, Indian Institute of Technology …","Materials for Functional Liquid Wettability, Liquid/Liquid Separation, Patterned Interfaces",4486,https://scholar.google.com/citations?hl=en&user=BFibZp8AAAAJ,34,98,"['Superabsorbent hydrogel (SAH) as a soil amendment for drought management: A review', 'Fabrication of liquid‐infused surfaces using reactive polymer multilayers: principles for manipulating the behaviors and mobilities of aqueous fluids on slippery liquid interfaces', 'Slippery liquid‐infused porous surfaces that prevent microbial surface fouling and kill non‐adherent pathogens in surrounding media: a controlled release approach', 'Restoration of Superhydrophobicity in Crushed Polymer Films by Treatment with Water: Self‐Healing and Recovery of Damaged Topographic Features Aided by an Unlikely Source', 'Synthetic surfaces with robust and tunable underwater superoleophobicity', 'Role of chemistry in bio-inspired liquid wettability', 'Slippery liquid-infused porous surfaces that prevent bacterial surface fouling and inhibit virulence phenotypes in surrounding planktonic cells', 'Liquid crystal chemical sensors that cells can wear', 'Layer-by-layer self-assembly of modified hyaluronic acid/chitosan based on hydrogen bonding', 'Borax mediated layer-by-layer self-assembly of neutral poly (vinyl alcohol) and chitosan']"
Pavitra Singh,"School of Energy Science and Engineering, Indian Institute of Technology Guwahati","Fluidized Bed Technology, CFD, Thermo-Fluids, Particle Physics, Energy Science & Engineering",4426,https://scholar.google.com/citations?hl=en&user=YV5F5EIAAAAJ,25,117,"['Effects of sewage wastewater irrigation on soil properties, crop yield and environment', 'Synthesis of doped zinc oxide nanoparticles: a review', 'Effect of sulphur and phosphorus on yield, quality and nutrient status of pigeonpea (Cajanus cajan)', 'A comparative study of air pollution in Indian cities', 'Solidification acceleration of phase change material in a horizontal latent heat thermal energy storage system by using spiral fins', 'Surface alloying of miniature components by micro-electrical discharge process', 'Rice (Oryza sativa L.) yield gap using the CERES-rice model of climate variability for different agroclimatic zones of India', 'Cytological grading of breast carcinoma-A multivariate regression analysis', 'A novel application of micro-EDM process for the generation of nickel nanoparticles with different shapes', 'Economically viable synthesis of Fe3O4 nanoparticles and their characterization']"
Soumitra Nandi,Indian Institute of Technology Guwahati,High energy physics,4371,https://scholar.google.com/citations?hl=en&user=wHjKirIAAAAJ,29,42,"['A large hadron electron collider at CERN', 'Implications of LHCb measurements and future prospects', 'Extraction of| Vcb| from B→ D (∗) ℓν ℓ and the Standard Model predictions of R (D (∗))', 'Precision Determination of the Cabibbo-Kobayashi-Maskawa Element', 'Repercussions of flavour symmetry breaking on CP violation in D-meson decays', 'Standard model with four generations: Selected implications for rare  and  decays', 'The fourth family: A simple explanation for the observed pattern of anomalies in B–CP asymmetries', 'Optimal-observable analysis of possible new physics in', 'Decays: a catalogue to compare, constrain, and correlate new physics effects', 'Perturbative corrections to power suppressed effects in semileptonic B decays']"
Rashidul Islam,"Research Associate, Indian Institute of Technology Guwahati","High Energy Physics, Particle Physics",4359,https://scholar.google.com/citations?hl=en&user=6bEjyzkAAAAJ,14,18,"['FCC-ee: the lepton collider', 'FCC-ee: The Lepton Collider', 'FCC physics opportunities', 'The large hadron-electron collider at the HL-LHC', 'HE-LHC: The high-energy large hadron collider: Future circular collider conceptual design report volume 4', 'Future circular collider feasibility study report: volume 2, accelerators, technical infrastructure and safety', 'Probing anomalous couplings using di-Higgs production in electron–proton collisions', 'Correction: future circular collider feasibility study report', 'Future Circular Collider: Vol. 1 Physics opportunities', 'Anomalous Higgs couplings as a window to new physics']"
Somanath Majhi,Indian Institute of Technology Guwahati,Control Systems,4330,https://scholar.google.com/citations?hl=en&user=Vf7gzRcAAAAJ,32,70,"['Load frequency control of a realistic power system with multi-source power generation', 'Obtaining controller parameters for a new Smith predictor using autotuning', 'A new control scheme for PID load frequency controller of single-area and multi-area power systems', 'Modified Smith predictor and controller for processes with time delay', 'LFC of an interconnected power system with multi-source power generation in deregulated power environment', 'Autotuning and controller design for processes with small time delays', 'Limitations of PID controllers', 'PID controller tuning for integrating processes', 'Relay based PI–PD design for stable and unstable FOPDT processes', 'PI/PID controller design based on IMC and percentage overshoot specification to controller setpoint change']"
Dr. Pankaj Tiwari,"Professor, IIT Guwahati, India","Pyrolysis, Biofuels, Enhanced Oil Recovery",4318,https://scholar.google.com/citations?hl=en&user=uxlZwMIAAAAJ,30,58,"['Characterization of oil shale pore structure before and after pyrolysis by using X-ray micro CT', 'Thermal degradation kinetics of plastics and model selection', 'Valorization of packaging plastic waste by slow pyrolysis', 'Thermal degradation study of waste polyethylene terephthalate (PET) under inert and oxidative environments', 'The effect of slow pyrolysis on the conversion of packaging waste plastics (PE and PP) into fuel', 'Isolation and characterization of biosurfactant producing and oil degrading Bacillus subtilis MG495086 from formation water of Assam oil reservoir and its suitability for\xa0…', 'Silica nanoparticle assisted polymer flooding of heavy crude oil: emulsification, rheology, and wettability alteration characteristics', 'Compositional and kinetic analysis of oil shale pyrolysis using TGA–MS', 'Alkali transesterification of linseed oil for biodiesel production', 'Extraction of oil from rubber seeds for biodiesel application: Optimization of parameters']"
Nanda Kishore,"Professor, Department of Chemical Engineering, IIT Guwahati","Biofuels, Bubbles/Drops/Particles, CFD, DFT, Non-Newtonian Fluids",4289,https://scholar.google.com/citations?hl=en&user=ZPQ8h9sAAAAJ,28,75,"['A Review on Hydrothermal Liquefaction of Biomass', 'A review on the upgradation techniques of pyrolysis bio-oil', 'Separation of chromium (VI) using modified ultrafiltration charged carbon membrane and its mathematical modeling', 'Momentum and heat transfer phenomena of spheroid particles at moderate Reynolds and Prandtl numbers', 'Synthesis and characterization of a nanofiltration carbon membrane derived from phenol–formaldehyde resin', 'Insights on kinetic triplets and thermodynamic analysis of Delonix regia biomass pyrolysis', 'Wall effects on flow and drag phenomena of spheroid particles at moderate Reynolds numbers', 'Comparative study on pyrolysis of Delonix Regia, Pinewood sawdust and their co-feed for plausible bio-fuels production', 'Production of hydrocarbons from a green algae (Oscillatoria) with exploration of its fuel characteristics over different reaction atmospheres', 'Drag on a single fluid sphere translating in power-law liquids at moderate Reynolds numbers']"
Perumal Alagarsamy,"Department of Physics, IIT Guwahati",Novel materials for magnetism and Energy …,4244,https://scholar.google.com/citations?hl=en&user=WE7EvdoAAAAJ,36,105,"['L10-ordered high coercivity (FePt) Ag–C granular thin films for perpendicular recording', 'A green metal–organic framework‐cyclodextrin mof: a novel multifunctional material based triboelectric nanogenerator for highly efficient mechanical energy harvesting', 'IEEE Trans. Magn.', 'Enhanced room temperature ferromagnetism in antiferromagnetic NiO nanoparticles', 'Lead-free flexible Bismuth Titanate-PDMS composites: A multifunctional colossal dielectric material for hybrid piezo-triboelectric nanogenerator to sustainably power portable\xa0…', 'L10 FePt–C Nanogranular Perpendicular Anisotropy Films with Narrow Size Distribution', 'Effect of oxygen vacancy and dopant concentration on the magnetic properties of high spin Co2+ doped TiO2 nanoparticles', 'Particulate structure of L10 ordered ultrathin FePt films for perpendicular recording', 'Effect of Mn doping on magnetic and dielectric properties of YFeO3', 'Quenched disorder and the critical behavior of a partially frustrated system']"
Dipankar Srimani,Indian Institute of Technology Guwahati,"Organic, Organometallic chemistry & Catalysis",4230,https://scholar.google.com/citations?hl=en&user=egjGUTgAAAAJ,34,46,"['Direct Synthesis of Pyrroles by Dehydrogenative Coupling of β-Aminoalcohols with Secondary Alcohols Catalyzed by Ruthenium Pincer Complexes', 'Selective hydrogenation of nitriles to primary amines catalyzed by a cobalt pincer complex', 'Iron pincer complex catalyzed, environmentally benign, E-selective semi-hydrogenation of alkynes.', 'Direct synthesis of pyridines and quinolines by coupling of γ-amino-alcohols with secondary alcohols liberating H2 catalyzed by ruthenium pincer complexes', 'Cobalt‐catalyzed hydrogenation of esters to alcohols: unexpected reactivity trend indicates ester enolate intermediacy', 'Size controlled synthesis of Pd nanoparticles in water and their catalytic application in C–C coupling reactions', 'Selective Synthesis of 2‑Substituted and 1, 2-Disubstituted Benzimidazoles Directly from Aromatic Diamines and Alcohols Catalyzed by Molecularly Defined Nonphosphine Manganese\xa0…', 'Phosphine free Mn-complex catalysed dehydrogenative C–C and C–heteroatom bond formation: a sustainable approach to synthesize quinoxaline, pyrazine, benzothiazole and quinoline\xa0…', 'A new functionalized mesoporous matrix supported Pd(ii)-Schiff base complex: an efficient catalyst for the Suzuki–Miyaura coupling reaction', 'Catalytic coupling of nitriles with amines to selectively form imines under mild hydrogen pressure']"
A. Paul,Professor of Chemistry Indian Institute of Technology Guwahati,nanomaterials,4160,https://scholar.google.com/citations?hl=en&user=u2LicBYAAAAJ,30,63,"['Green Fluorescent Protein-Expressing Escherichia coli as a Model System for Investigating the Antimicrobial Activities of Silver Nanoparticles', 'Presence of amorphous carbon nanoparticles in food caramels', 'Signaling gene cascade in silver nanoparticle induced apoptosis', 'Heightened reactive oxygen species generation in the antimicrobial activity of a three component iodinated chitosan− silver nanoparticle composite', 'Synthesis of Au nanoparticle–conductive polyaniline composite using H2O2 as oxidising as well as reducing agent', 'Blue-emitting copper nanoclusters synthesized in the presence of lysozyme as candidates for cell labeling', 'Iodine-stabilized Cu nanoparticle chitosan composite for antibacterial applications', 'Photocatalytic Polypyrrole−TiO2−Nanoparticles Composite Thin Film Generated at the Air−Water Interface', 'Synergistic anticancer activity of fluorescent copper nanoclusters and cisplatin delivered through a hydrogel nanocarrier', 'The effect of temperature on the aggregation kinetics of partially bare gold nanoparticles']"
Srimanta Patra (PhD),"DST-INSPIRE Faculty, Indian Institute of Technology, Guwahati",Cancer Biology,4086,https://scholar.google.com/citations?hl=en&user=c3j5QWEAAAAJ,38,57,"['The emerging, multifaceted role of mitophagy in cancer and cancer therapeutics', 'Bioactive metabolites from marine algae as potent pharmacophores against oxidative stress-associated human diseases: A comprehensive review', 'Mitochondrial dysfunction as a driver of NLRP3 inflammasome activation and its modulation through mitophagy for potential therapeutics', 'Dietary polyphenols in chemoprevention and synergistic effect in cancer: Clinical evidences and molecular mechanisms of action', 'Chemotherapeutic efficacy of curcumin and resveratrol against cancer: Chemoprevention, chemoprotection, drug synergism and clinical pharmacokinetics', 'Beneficial effects of seaweeds and seaweed-derived bioactive compounds: Current evidence and future prospective', 'Plant lectins in cancer therapeutics: Targeting apoptosis and autophagy-dependent cell death', 'Multifunctional role of fucoidan, sulfated polysaccharides in human health and disease: A journey under the sea in pursuit of potent therapeutic agents', 'Autophagy-modulating phytochemicals in cancer therapeutics: Current evidences and future perspectives', 'A state-of-the-art review on fucoidan as an antiviral agent to combat viral infections']"
Shyamanta Moni Hazarika,"Professor, Mechanical Engineering and MF School of Data Sc. & AI, IIT Guwahati, INDIA","Robotic Neurorehabilitation, Artificial Intelligence, Knowledge Representation and Reasoning",3982,https://scholar.google.com/citations?hl=en&user=XqCt3Y8AAAAJ,26,52,"['Qualitative spatial representation and reasoning: An overview', 'An insight into assistive technology for the visually impaired and blind people: state-of-the-art and future trends', 'E-mail spam filtering: a review of techniques and trends', 'Qualitative Spatio-Temporal Representation and Reasoning: Trends and Future Directions', 'Bispectral analysis of EEG for emotion recognition', 'Towards an architecture for cognitive vision using qualitative spatio-temporal representations and abduction', 'A Foundation for Region-Based Qualitative Geometry', 'Motor imagery and mental fatigue: inter-relationship and EEG based estimation', 'Qualitative spatial and temporal reasoning: Emerging applications, trends, and directions', 'Qualitative spatio-temporal continuity']"
Lalit Goswami,"Researcher, IIT Guwahati, India","Biochemical Engineering, Environmental Engineering, Biomaterial, Resource Recovery, Ceramic Membrane",3909,https://scholar.google.com/citations?hl=en&user=VB0gKZwAAAAJ,36,66,"['Membrane bioreactor and integrated membrane bioreactor systems for micropollutant removal from wastewater: A review', 'Nanomaterial-based therapy for wound healing', 'Selenium in Soil-Microbe-Plant Systems: Sources, Distribution, Toxicity, Tolerance, and Detoxification', 'A critical review on prospects of bio-refinery products from second and third generation biomasses', 'Surface modification of biochar for dye removal from wastewater', 'Dairy wastewater treatment using a novel low cost tubular ceramic membrane and membrane fouling mechanism using pore blocking models', 'Biodegradation of poly (ethylene terephthalate): Mechanistic insights, advances, and future innovative strategies', 'A novel integrated biodegradation—microfiltration system for sustainable wastewater treatment and energy recovery', 'Biodiesel production potential of oleaginous Rhodococcus opacus grown on biomass gasification wastewater', 'Simultaneous heavy metal removal and anthracene biodegradation by the oleaginous bacteria Rhodococcus opacus']"
Pallab Ghosh,"Professor of Chemical Engineering, Indian Institute of Technology Guwahati","Colloid and Interface Science, Mass Transfer, Water Purification, Reaction Engineering",3798,https://scholar.google.com/citations?hl=en&user=1NhLM7sAAAAJ,35,73,"['Microbubble-aided water and wastewater purification: a review', 'Removal of ammonia from water by ozone microbubbles', 'Colloid and interface science', 'Foaming in micellar solutions: Effects of surfactant, salt, and oil concentrations', 'Quantitative prediction of generation of hydroxyl radicals from ozone microbubbles', 'Adsorption of nonionic surfactants at fluid–fluid interfaces: Importance in the coalescence of bubbles and drops', 'Oxidation of As (III) to As (V) using ozone microbubbles', 'Nanofiltration and reverse osmosis membranes: theory and application in separation of electrolytes', 'Coalescence of bubbles and stability of foams in aqueous solutions of Tween surfactants', 'Catalytic ozonation of dye in a microbubble system: hydroxyl radical contribution and effect of salt']"
Prof. Subrata Kumar Majumder,"Department of Chemical Engineering, Indian Institute of Technology Guwahati","Multiphase flow, Process intensifications, Fluidization, Mineral Beneficiation, Energy",3795,https://scholar.google.com/citations?hl=en&user=QneBWMAAAAAJ,30,65,"['Microbubble generation and microbubble-aided transport process intensification—A state-of-the-art report', 'Microbubble-aided water and wastewater purification: a review', 'Removal of ammonia from water by ozone microbubbles', 'Flotation technique: Its mechanisms and design parameters', 'Quantitative prediction of generation of hydroxyl radicals from ozone microbubbles', 'Dextran based amphiphilic nano-hybrid hydrogel system incorporated with curcumin and cerium oxide nanoparticles for wound healing', 'Bubble size distribution and gas–liquid interfacial area in a modified downflow bubble column', 'Fabrication of the polysulfone-based composite ultrafiltration membranes for the adsorptive removal of heavy metal ions from their contaminated aqueous solutions', 'Oxidation of As (III) to As (V) using ozone microbubbles', 'Catalytic ozonation of dye in a microbubble system: hydroxyl radical contribution and effect of salt']"
Venkata Dasu Veeranki,IIT Guwahati,Bioprocess Engineering,3770,https://scholar.google.com/citations?hl=en&user=KDGM_ugAAAAJ,33,85,"['Developments in directed evolution for improving enzyme functions', 'Pitfalls in the 3, 5-dinitrosalicylic acid (DNS) assay for the reducing sugars: Interference of furfural and 5-hydroxymethylfurfural', 'Purification and characterization of glutaminase-free L-asparaginase from Pectobacterium carotovorum MTCC 1428', 'Production, characterization and applications of microbial cutinases', 'Localization and production of novel L-asparaginase from Pectobacterium carotovorum MTCC 1428', 'Lignocellulosic feedstocks for the production of bioethanol: availability, structure, and composition', ""Determination of significant parameters for improved griseofulvin production in a batch bioreactor by Taguchi's method"", 'Effect of subsequent dilute acid and enzymatic hydrolysis on reducing sugar production from sugarcane bagasse and spent citronella biomass', 'Biodegradation of pyrene by Mycobacterium frederiksbergense in a two-phase partitioning bioreactor system', 'Development of medium for enhanced production of glutaminase-free l-asparaginase from Pectobacterium carotovorum MTCC 1428']"
Dr. Chivukula V. Sastri,"Department of Chemistry, Indian Institute of Technology Guwahati",Bioinorganic & Biomimetic,3754,https://scholar.google.com/citations?hl=en&user=jLu1y6sAAAAJ,31,44,"['Axial ligand tuning of a nonheme iron (IV)–oxo unit for hydrogen atom abstraction', 'Pitfalls in the 3, 5-dinitrosalicylic acid (DNS) assay for the reducing sugars: Interference of furfural and 5-hydroxymethylfurfural', 'Axial ligand effects on the geometric and electronic structures of nonheme oxoiron (IV) complexes', 'Visible light assisted photocatalytic hydrogen generation and organic dye degradation by CdS–metal oxide hybrids in presence of graphene oxide', 'Axial Ligand Substituted Nonheme FeIVO Complexes:\u2009 Observation of Near-UV LMCT Bands and FeO Raman Vibrations', 'DNA interactions of new mixed-ligand complexes of cobalt (III) and nickel (II) that incorporate modified phenanthroline ligands', 'Dioxygen activation and catalytic aerobic oxidation by a mononuclear nonheme iron (II) complex', 'Long-range electron transfer triggers mechanistic differences between iron (IV)-oxo and iron (IV)-imido oxidants', 'Comparison of the reactivity of nonheme iron (IV)-oxo versus iron (IV)-imido complexes: which is the better oxidant?', 'Deformylation Reaction by a Nonheme Manganese (III)–Peroxo Complex via Initial Hydrogen‐Atom Abstraction']"
Dr. Pankaj Kalita,Indian Institute of Technology Guwahati,"CFB combustion and gasification, Biogas technology, Two-phase flow and heat transfer",3747,https://scholar.google.com/citations?hl=en&user=T8N8lbYAAAAJ,33,78,"['Flat plate hybrid photovoltaic-thermal (PV/T) system: A review on design and development', 'A novel form stable PCM based bio composite material for solar thermal energy storage applications', 'A review of state of health estimation of energy storage systems: Challenges and possible solutions for futuristic applications of li-ion battery packs in electric vehicles', 'Sustainable hydrogen generation and storage–a review', 'Performance assessment of a solar still using blackened surface and thermocol insulation', 'Performance investigation of a rectangular spiral flow PV/T collector with a novel form-stable composite material', 'Synthesis and comparative analysis of biochar based form-stable phase change materials for thermal management of buildings', 'A comparative study on synthesis and characterization of biochars derived from lignocellulosic biomass for their candidacy in agronomy and energy applications', 'Thermal management for prevention of failures of lithium ion battery packs in electric vehicles: A review and critical future aspects', 'Solar still distillate enhancement techniques and recent developments']"
Amaresh Dalal,"Professor of Department of Mechanical Engineering, Indian Institute of Technology …","Computational Fluid Dynamics and Heat …, Natural and Mixed Convection Flows, Electrochemical Energy Conversion and …",3744,https://scholar.google.com/citations?hl=en&user=dhgUamwAAAAJ,34,76,"['A numerical study of natural convection around a square, horizontal, heated cylinder placed in an enclosure', 'Numerical simulation of unconfined flow past a triangular cylinder', 'Influence of wavy wall and non-uniform heating on natural convection heat transfer and entropy generation inside porous complex enclosure', 'Laminar natural convection in an inclined complicated cavity with spatially variable wall temperature', 'A finite-volume method for Navier-Stokes equations on unstructured meshes', 'Unsteady wake dynamics and heat transfer in forced and mixed convection past a circular cylinder in cross flow for high Prandtl numbers', 'Heatline method for the visualization of natural convection in a complicated cavity', 'Numerical study of laminar forced convection fluid flow and heat transfer from a triangular cylinder placed in a channel', 'Coalescence dynamics of unequal sized drops', 'Mixed convective flow stability of nanofluids past a square cylinder by dynamic mode decomposition']"
Manas Das,"Professor, IIT Guwahati","Nanofinishing, Micromachining, Micromanufacturing, Additive manufacturing",3734,https://scholar.google.com/citations?hl=en&user=G_CdCAEAAAAJ,31,83,"['A comprehensive review of the methods and mechanisms for powder feedstock handling in directed energy deposition', 'Rheological characterization of magnetorheological finishing fluid', 'Nanofinishing of flat workpieces using rotational–magnetorheological abrasive flow finishing (R-MRAFF) process', 'Luteolin alleviates bronchoconstriction and airway hyperreactivity in ovalbumin sensitized mice', 'Fluid flow analysis of magnetorheological abrasive flow finishing (MRAFF) process', 'Nano-finishing of stainless-steel tubes using rotational magnetorheological abrasive flow finishing process', 'Nano-finishing of bio-titanium alloy to generate different surface morphologies by changing magnetorheological polishing fluid compositions', 'Nano-finishing techniques: a review', 'Analysis of magnetorheological abrasive flow finishing (MRAFF) process', 'Experimental investigation and metallographic characterization of fiber laser beam welding of Ti-6Al-4V alloy using response surface method']"
Rajaram Swaminathan,"Professor of Biosciences and Bioengineering, Indian Institute of Technology Guwahati","Proteins, Spectroscopy, Biochemistry",3681,https://scholar.google.com/citations?hl=en&user=grSJPrsAAAAJ,24,34,"['Photobleaching recovery and anisotropy decay of green fluorescent protein GFP-S65T in solution and cells: cytoplasmic viscosity probed by green fluorescent protein\xa0…', 'Lysozyme: a model protein for amyloid research', 'Collagen promotes higher adhesion, survival and proliferation of mesenchymal stem cells', 'Rapid diffusion of green fluorescent protein in the mitochondrial matrix', 'Near UV-Visible electronic absorption originating from charged amino acids in a monomeric protein', 'Similarity of fluorescence lifetime distributions for single tryptophan proteins in the random coil state', 'Cytoplasmic viscosity near the cell plasma membrane: translational diffusion of a small fluorescent solute measured by total internal reflection-fluorescence photobleaching\xa0…', 'Effect of crowding by dextrans and Ficolls on the rate of alkaline phosphatase–catalyzed hydrolysis: A size‐dependent investigation', 'Thioflavin T displays enhanced fluorescence selectively inside anionic micelles and mammalian cells', 'Analysis of fluorescence decay by the maximum entropy method: influence of noise and analysis parameters on the width of the distribution of lifetimes']"
Javadi Monisha,Indian Institute of Technology Guwahati,cancer biology,3672,https://scholar.google.com/citations?hl=en&user=XDfpXJEAAAAJ,24,37,"['Curcumin, the golden nutraceutical: multitargeting for multiple chronic diseases', 'Potential of zerumbone as an anti-cancer agent', 'Possible use of Punica granatum (Pomegranate) in cancer therapy', 'Tocotrienols: The promising analogues of vitamin E for cancer therapeutics', 'Multi-targeted agents in cancer cell chemosensitization: What we learnt from curcumin thus far', 'Xanthohumol from Hop: Hope for cancer prevention and treatment', 'Novel tumor necrosis factor-α induced protein eight (TNFAIP8/TIPE) family: Functions and downstream targets involved in cancer progression', 'Potential of butein, a tetrahydroxychalcone to obliterate cancer', 'Acorus calamus: a bio-reserve of medicinal values', 'NGAL is downregulated in oral squamous cell carcinoma and leads to increased survival, proliferation, migration and chemoresistance']"
Saurabh Kumar,"Assistant Professor, School of Health Science and Technology, IIT-Guwahati, India","Biosensors, Flexible and Wearable Sensors, Nanomaterials, Medical Devices",3590,https://scholar.google.com/citations?hl=en&user=ioO44-wAAAAJ,30,34,"['Biofunctionalized two-dimensional Ti3C2 MXenes for ultrasensitive detection of cancer biomarker', 'Microfluidics Based Point‐of‐Care Diagnostics', 'Recent advances in 3D printing technologies for wearable (bio) sensors', 'Microfluidic‐integrated biosensors: Prospects for point‐of‐care diagnostics', 'Review—Textile Based Chemical and Physical Sensors for Healthcare Monitoring', 'Reduced graphene oxide modified smart conducting paper for cancer biosensor', 'Electrochemical paper based cancer biosensor using iron oxide nanoparticles decorated PEDOT:PSS', 'Biofunctionalized nanostructured zirconia for biomedical application: a smart approach for oral cancer detection', 'Highly sensitive protein functionalized nanostructured hafnium oxide based biosensing platform for non-invasive oral cancer detection', 'Laser-Induced Direct Patterning of Free standing Ti3C2-MXene Films for Skin Conformal Tattoo Sensors']"
A Srinivasan,"Department of Physics, Indian Institute of Technology Guwahati","magnetic materials, glasses and glass-ceramics, nanomaterials, metallic alloys and thin films",3571,https://scholar.google.com/citations?hl=en&user=UjWU0YwAAAAJ,32,87,"['Spin polarization and Gilbert damping of Co2Fe (GaxGe1− x) Heusler alloys', 'Oxygen octahedra distortion induced structural and magnetic phase transitions in Bi1− xCaxFe1− xMnxO3 ceramics', 'Large magnetoresistance in current-perpendicular-to-plane pseudospin valve using a Co2Fe (Ge0. 5Ga0. 5) Heusler alloy', 'Evaluation of CaO–SiO2–P2O5–Na2O–Fe2O3 bioglass-ceramics for hyperthermia application', 'Evidence for a supercooled plastic-crystal phase in solid ethanol', 'Effect of trace additions of Sn on microstructure and mechanical properties of Al–Cu–Mg alloys', 'High temperature deformation behavior of Al–Cu–Mg alloys micro-alloyed with Sn', 'Magnetic and structural properties of CaO–SiO2–P2O5–Na2O–Fe2O3 glass ceramics', 'Bioactivity of ferrimagnetic MgO–CaO–SiO2–P2O5–Fe2O3 glass-ceramics', 'Evaluation of sol–gel based magnetic 45S5 bioglass and bioglass–ceramics containing iron oxide']"
Hemant B Kaushik,Indian Institute of Technology Guwahati,"Structural Engineering, Earthquake Engineering",3555,https://scholar.google.com/citations?hl=en&user=9A0-RrMAAAAJ,28,50,"['Stress-strain characteristics of clay brick masonry under uniaxial compression', 'Code Approaches to Seismic Design of Masonry-Infilled Reinforced ConcreteFrames: A State-of-the-Art Review', 'Behavior and Failure Mechanisms of Masonry-Infilled RC Frames (in Low-Rise Buildings) subject to Lateral Loading', 'Uniaxial compressive stress-strain model for clay brick masonry', 'Effectiveness of some strengthening options for masonry-infilled RC frames with open first story', 'Evaluation of Nonlinear Material Properties of Fly Ash Brick Masonry under Compression and Shear', 'Performance of structures during the Sikkim earthquake of 14 February 2006', 'Seismic fragility of open ground storey RC frames with wall openings for vulnerability assessment', 'A rational approach to analytical modeling of masonry infills in reinforced concrete frame buildings', 'Comprehensive numerical approaches for the design and safety assessment of masonry buildings retrofitted with steel bands in developing countries: The case of India']"
Debasish Das,"Professor, IIT Guwahati","Bioprocess Development, Biochemical Engineering, Systems Biology",3521,https://scholar.google.com/citations?hl=en&user=90WhEswAAAAJ,30,69,"['Removal of volatile organic compound by activated carbon fiber', 'Microalgae–nutritious, sustainable aqua-and animal feed source', 'Production of microbial biomass feedstock via co-cultivation of microalgae-bacteria consortium coupled with effective wastewater treatment: A sustainable approach', 'Biotransformation of methane and carbon dioxide into high-value products by methanotrophs: current state of art and future prospects', 'Evaluation and optimization of two stage sequential in situ transesterification process for fatty acid methyl ester quantification from microalgae', 'Sustainable production of bio-crude oil via hydrothermal liquefaction of symbiotically grown biomass of microalgae-bacteria coupled with effective wastewater treatment', 'Flux balance analysis of Chlorella sp. FC2 IITG under photoautotrophic and heterotrophic growth conditions', 'Real-time iTRAQ-based proteome profiling revealed the central metabolism involved in nitrogen starvation induced lipid accumulation in microalgae', 'Evaluation of indigenous microalgal isolate Chlorella sp. FC2 IITG as a cell factory for biodiesel production and scale up in outdoor conditions', 'Bioconversion of Agricultural Waste to Ethanol by SSF Using Recombinant Cellulase from Clostridium thermocellum']"
Dipankar Bandopadhyay,"Professor, IIT Guwahati","Instability-Thin Film-Soft Matter, Microfluidics-Microrheology, Sensors-Biomedical Devices, Liquid Crystals",3511,https://scholar.google.com/citations?hl=en&user=or43e_kAAAAJ,33,101,"['Control of morphology in pattern directed dewetting of thin polymer films', 'Instability and dynamics of thin liquid bilayers', 'The pH taxis of an intelligent catalytic microbot', 'Nano-enabled paper humidity sensor for mobile based point-of-care lung function monitoring', 'The flow of magnetic nanoparticles in magnetic drug targeting', 'Paper based α-amylase detector for point-of-care diagnostics', 'Electric-field-induced interfacial instabilities and morphologies of thin viscous and elastic bilayers', 'Nonlinear instabilities and pathways of rupture in thin liquid bilayers', 'Magnetic Field Guided Chemotaxis of iMushbots for Targeted Anticancer Therapeutics', 'Point-of-Care-Testing of alpha-Amylase Activity in Human Blood Serum']"
Prateek,"Assistant Professor, School of Energy Science and Engineering, IIT Guwahati, India","Materials, Polymers, Dielectrics, Batteries, Energy storage/harvesting",3497,https://scholar.google.com/citations?hl=en&user=SW-QG1oAAAAJ,18,20,"['Recent progress on ferroelectric polymer-based nanocomposites for high energy density capacitors: synthesis, dielectric properties, and future aspects', 'Graphite Modified Sodium Alginate Hydrogel Composite for Efficient Removal of Malachite Green Dye', 'Antibacterial and Antiviral Functional Materials: Chemistry and Biological Activity toward Tackling COVID-19-like Pandemics', 'Significantly Enhanced Energy Density by Tailoring the Interface in Hierarchically Structured TiO2–BaTiO3–TiO2 Nanofillers in PVDF-Based Thin-Film Polymer Nanocomposites', 'Engineered Thiol Anchored Au-BaTiO3/PVDF Polymer Nanocomposite as Efficient Dielectric for Electronic Applications', 'Polydopamine‐enabled biomimetic surface engineering of materials: New insights and promising applications', 'Milli-Watt Power Harvesting from Dual Triboelectric and Piezoelectric Effects of Multi-Functional Green and Robust Reduced Graphene Oxide/P(VDF-TrFE) Composite Flexible Films', 'Multifunctional and Flexible Polymeric Nanocomposite Films with Improved Ferroelectric and Piezoelectric Properties for Energy Generation Devices', 'Two‐dimensional metal organic frameworks for biomedical applications', 'Hydrogel of Gelatin in the Presence of Graphite for the Adsorption of Dye: Towards the Concept for Water Purification']"
Sanjukta Patra,IIT Guwahati,"Enzyme and Microbial Technology, Diagnosis and therapeutics",3485,https://scholar.google.com/citations?hl=en&user=Gizuc5QAAAAJ,29,54,"['Innovations and challenges in adsorption-based wastewater remediation: A comprehensive review', 'Potential biomarkers and their applications for rapid and reliable detection of malaria', 'The evolving landscape of advanced oxidation processes in wastewater treatment: challenges and recent innovations', 'Xanthine scaffold: scope and potential in drug development', 'An insight into plant lipase research–challenges encountered', 'Antimicrobials: meeting the challenges of antibiotic resistance through nanotechnology', 'Synthesis of tetra-substituted pyrroles, a potential phosphodiesterase 4B inhibitor, through nickel (II) chloride hexahydrate catalyzed one-pot four-component reaction', 'Innovations and challenges in adsorption-based wastewater remediation: A comprehensive review. Heliyon, 10 (9), e29573', 'A Comprehensive Study on Chlorella pyrenoidosa for Phenol Degradation and its Potential Applicability as Biodiesel Feedstock and Animal Feed', 'Iridoid glucosides from Nyctanthes arbortristis result in increased reactive oxygen species and cellular redox homeostasis imbalance in Leishmania parasite']"
Dr. Sanjib Ganguly,"Associate Professor, Department of Electronics and Electrical Engineering (EEE), IIT …","Power system, Soft Computing, Power electronics applications to power …",3477,https://scholar.google.com/citations?hl=en&user=pZ3wQxUAAAAJ,32,69,"['Distributed Generation Allocation on Radial Distribution Networks Under Uncertainties of Load and Generation Using Genetic Algorithm', 'Multi-Objective Planning for Reactive Power Compensation of Radial Distribution Networks With Unified Power Quality Conditioner Allocation Using Particle Swarm Optimization', 'Multi-objective planning of electrical distribution systems using dynamic programming', 'Multi-objective particle swarm optimization based on fuzzy-Pareto-dominance for possibilistic planning of electrical distribution systems incorporating distributed generation', 'Multi-objective planning of electrical distribution systems incorporating sectionalizing switches and tie-lines using particle swarm optimization', 'Recent advances on power distribution system planning: a state-of-the-art survey', 'Determination of the component sizing for the PEM fuel cell-battery hybrid energy system for locomotive application using particle swarm optimization', 'Optimal peak shaving control using dynamic demand and feed-in limits for grid-connected PV sources with batteries', 'Mono-and multi-objective planning of electrical distribution networks using particle swarm optimization', 'A novel multi-objective PSO for electrical distribution system planning incorporating distributed generation']"
Konjengbam Darunkumar Singh,"Professor (HAG), Indian Institute of Technology Guwahati, FICE, FIE(India)","Fracture and Fatigue Mechanics, Steel Structures, Finite Element Method, Biomechanics, Seismic",3458,https://scholar.google.com/citations?hl=en&user=1TUkc20AAAAJ,29,85,"['Elevated zero maze: a paradigm to evaluate antianxiety effects of drugs.', 'Outbreak of Pichia anomala Infection in the Pediatric Service of a Tertiary-Care Center in Northern India', 'Characteristic properties of cement-stabilized rammed earth blocks', 'Hepatoprotective activity of Woodfordia fruticosa Kurz flowers against carbon tetrachloride induced hepatotoxicity', 'Effect of 1-methylcyclopropene (1-MCP) on storage life and quality of pear fruits', 'Stress intensity factors based fracture criteria for kinking and branching of interface crack: application to dams', 'In situ analysis of cracks in structural materials using synchrotron X-ray tomography and diffraction', 'Numerical modeling of lean duplex stainless steel hollow columns of square, L-, T-, and+-shaped cross sections under pure axial compression', 'Composition dependence of the electrical conductivity of Se85− xTe15Sbx (x= 2, 4, 6, 8 and 10) glass at room temperature', 'Experimental investigation on performance of perforated cold–formed steel tubular stub columns']"
Sandip Paul,"Professor, IIT Guwahati",Computational Chemistry and Biophysics,3450,https://scholar.google.com/citations?hl=en&user=JBj2ossAAAAJ,35,96,"['Hydrophobic deep eutectic solvents as greener substitutes for conventional extraction media: examples and techniques', 'Structure and Interaction in Aqueous Urea−Trimethylamine-N-oxide Solutions', 'Hydrogen bond dynamics at vapour–water and metal–water interfaces', 'Why tert-butyl alcohol associates in aqueous solution but trimethylamine-N-oxide does not', 'Solubility of glucose in tetrabutylammonium bromide based deep eutectic solvents: Experimental and molecular dynamic simulations', 'Molecular dynamic simulations for the extraction of quinoline from heptane in the presence of a low-cost phosphonium-based deep eutectic solvent', 'Hydrogen bond properties and dynamics of liquid− vapor interfaces of aqueous methanol solutions', 'The influence of urea and trimethylamine-N-oxide on hydrophobic interactions', 'Dynamics of water molecules at liquid–vapour interfaces of aqueous ionic solutions: effects of ion concentration', 'ATP Controls the aggregation of Aβ16–22 peptides']"
Sudip Mitra,"Professor, School of Agro and Rural Technology, IIT Guwahati, Assam, India","Biofertilizer, biochar, greenhouse gas, soil quality, climate smart agriculture",3448,https://scholar.google.com/citations?hl=en&user=ByYRbmgAAAAJ,31,49,"['An appraisal of global wetland area and its organic carbon stock', 'Speciation, contamination, ecological and human health risks assessment of heavy metals in soils dumped with municipal solid wastes', 'Sustainable improvement of soil health utilizing biochar and arbuscular mycorrhizal fungi: A review', 'Occurrence, geochemical fraction, ecological and health risk assessment of cadmium, copper and nickel in soils contaminated with municipal solid wastes', 'Methane emissions from irrigated rice fields in northern India (New Delhi)', 'Effect of rice cultivars on methane emission', 'A review on traditional ecological knowledge and its role in natural resources management: North East India, a cultural paradise', 'Tillage and crop residue management methods had minor effects on the stock and stabilization of topsoil carbon in a 30-year field experiment', 'An assessment of duckweed as a potential lignocellulosic feedstock for biogas production', 'Global inventory of wetlands and their role in the carbon cycle']"
"Dr.AS Achalkumar, FRSC, FICS","Professor, Department of Chemistry, IIT Guwahati","Liquid crystals, SAMs, lipid bilayers, organic chemistry, organic electronics",3406,https://scholar.google.com/citations?hl=en&user=sxzyt94AAAAJ,34,81,"['Functional Ionic Liquid Crystals', 'Perylene-Based Liquid Crystals as Materials for Organic Electronics Applications', 'Luminescent, Liquid Crystalline Tris(N-salicylideneaniline)s: Synthesis and Characterization', 'A New Class of Discotic Mesogens Derived from Tris(N-salicylideneaniline)s Existing in C3h and Cs Keto-Enamine Forms', 'Frustrated liquid crystals: synthesis and mesomorphic behavior of unsymmetrical dimers possessing chiral and fluorescent entities', 'Columnar self-assembly of star-shaped luminescent oxadiazole and thiadiazole derivatives', 'Self-assembly of hekates-tris (N-salicylideneaniline) s into columnar structures: synthesis and characterization', 'A Sensitive and Selective Sensor for Picric Acid Detection with a Fluorescence Switching Response', 'Aromatic π-π Driven Supergelation, Aggregation Induced Emission and Columnar Self-assembly of Star-shaped 1,2,4-Oxadiazole Derivatives', 'Star-shaped fluorescent liquid crystals derived from s-triazine and 1, 3, 4-oxadiazole moieties']"
Senthilmurugan Subbiah,Professor of chemical Engineering IIT Guwahati,"Modeling and Optimization of Novel …, Process Design and Operation of Membrane …, Waste and waste wat",3389,https://scholar.google.com/citations?hl=en&user=UvXKUnIAAAAJ,29,65,"['Updated review on emerging technologies for PFAS contaminated water treatment', 'Multivariate optimisation of Cr (VI), Co (III) and Cu (II) adsorption onto nanobentonite incorporated nanocellulose/chitosan aerogel using response surface methodology', 'Determination of kinetic parameters in the pyrolysis operation and thermal behavior of prosopis juliflora using Thermogravimetric Analysis', 'Adsorptive removal of Ciprofloxacin and Amoxicillin from single and binary aqueous systems using acid-activated carbon from Prosopis juliflora', 'Distribution and characterization of microplastics in beach sediments from Karnataka (India) coastal environments', 'Modeling of a spiral-wound module and estimation of model parameters using numerical techniques', 'Identification, extraction of microplastics from edible salts and its removal from contaminated seawater', 'Development in forward Osmosis-Membrane distillation hybrid system for wastewater treatment', 'Comparative assessment of raw and acid-activated preparations of novel Pongamia pinnata shells for adsorption of hexavalent chromium from simulated wastewater', 'Packed bed column studies of hexavalent chromium adsorption by zinc chloride activated carbon synthesized from Phanera vahlii fruit biomass']"
Srinivasan Natesan,"Professor of Mathematics, Indian Institute of Technology Guwahati","Numerical Schemes for Singular Perturbation …, Computational Finance, Big Data Analytics",3302,https://scholar.google.com/citations?hl=en&user=WPdTWisAAAAJ,32,81,"['Arbitrary Lagrangian–Eulerian method for Navier–Stokes equations with moving boundaries', 'A parallel boundary value technique for singularly perturbed two-point boundary value problems', 'Uniformly convergent hybrid numerical scheme for singularly perturbed delay parabolic convection–diffusion problems on Shishkin mesh', 'Optimal error estimate using mesh equidistribution technique for singularly perturbed system of reaction–diffusion boundary-value problems', 'ε-Uniformly convergent numerical scheme for singularly perturbed delay parabolic partial differential equations', 'A uniformly convergent hybrid scheme for singularly perturbed system of reaction-diffusion Robin type boundary-value problems', 'An efficient numerical method for singular perturbation problems', 'Parameter uniform numerical method for singularly perturbed turning point problems exhibiting boundary layers', 'Higher-order parameter uniform convergent schemes for Robin type reaction-diffusion problems using adaptively generated grid', 'A numerical algorithm for singular perturbation problems exhibiting weak boundary layers']"
Rakhesh Singh Kshetrimayum,"Professor, Dept. of EEE, IIT Guwahati, Fellow, IET (UK)","Passive Microwave Devices, Spatial Modulation, MIMO Antennas, Machine Learning, Deep Learning",3228,https://scholar.google.com/citations?hl=en&user=RecJ8mAAAAAJ,28,79,"['A brief intro to metamaterials', 'An introduction to UWB communication systems', 'Printed monopole antenna with tapered feed line, feed region and patch for super wideband applications', 'A printed 2.4 GHz/5.8 GHz dual-band monopole antenna with a protruding stub in the ground plane for WLAN and RFID applications', 'MIMO Wireless Communications over Generalized Fading Channels', 'Fundamentals of MIMO Wireless Communications', 'SAR reduction in human head from mobile phone radiation using single negative metamaterials', 'Analytical calculations of CCDF for some common PAPR reduction techniques in OFDM systems', 'A Compact Printed Monopole Antenna for Dual-band RFID and WLAN Applications', 'Super wideband antenna with single band suppression']"
Anil K Saikia,"Department of Chemistry, Indian Institute of Technology Guwahati",Organic Chemistry,3177,https://scholar.google.com/citations?hl=en&user=R_2IFrQAAAAJ,31,86,"['A novel microwave-mediated one-pot synthesis of indolizines via a three-component reaction', 'Asymmetric synthesis of naturally occuring spiroketals', 'Synthesis of cetyltrimethylammonium tribromide (CTMATB) and its application in the selective oxidation of sulfides to sulfoxides', 'Molecular iodine catalyzed selective acetylation of alcohols with vinyl acetate', 'Stereoselective one-pot, three-component synthesis of 4-aryltetrahydropyran via Prins− Friedel− Crafts reaction', 'Stereoselective Synthesis of Amido and Phenyl Azabicyclic Derivatives via a Tandem Aza Prins-Ritter/Friedel–Crafts Type Reaction of Endocyclic N-Acyliminium Ions', 'Molecular mechanism underlying antileishmanial effect of oxabicyclo [3.3. 1] nonanones: inhibition of key redox enzymes of the pathogen', 'Unveiling the mode of action of antibacterial labdane diterpenes from Alpinia nigra (Gaertn.) BL Burtt seeds', 'Screening of fruit and leaf essential oils of Litsea cubeba Pers. from north-east India – chemical composition and antimicrobial activity', 'Synthesis of five-, six-, and seven-membered 1, 3-and 1, 4-heterocyclic compounds via intramolecular hydroalkoxylation/hydrothioalkoxylation of alkenols/thioalkenols']"
Mohammad Qureshi,Indian Institute of Technology Guwahati,Materials Chemistry,3100,https://scholar.google.com/citations?hl=en&user=LA-T5PEAAAAJ,32,70,"['Visible light assisted photocatalytic hydrogen generation and organic dye degradation by CdS–metal oxide hybrids in presence of graphene oxide', 'Hierarchically Grown Urchinlike CdS@ZnO and CdS@Al2O3 Heteroarrays for Efficient Visible-Light-Driven Photocatalytic Hydrogen Generation', 'Hierarchical 3D NiO–CdS heteroarchitecture for efficient visible light photocatalytic hydrogen generation', 'Graphitic carbon nitride as a photovoltaic booster in quantum dot sensitized solar cells: a synergistic approach for enhanced charge separation and injection', 'Highly efficient one-dimensional ZnO nanowire-based dye-sensitized solar cell using a metal-free, D− π− A-type, carbazole derivative with more than 5% power conversion', 'Silver grafted graphitic-carbon nitride ternary hetero-junction Ag/gC3N4 (Urea)-gC3N4 (Thiourea) with efficient charge transfer for enhanced visible-light photocatalytic green\xa0…', 'Enhanced photovoltaic performance of semiconductor-sensitized ZnO–CdS coupled with graphene oxide as a novel photoactive material', 'White organic light-emitting diodes based on spectral broadening in electroluminescence due to formation of interfacial exciplexes', 'Step-Scheme Heterojunction between CdS Nanowires and Facet-Selective Assembly of MnOx-BiVO4 for an Efficient Visible-Light-Driven Overall Water Splitting', 'Hybrid of g‑C3N4 and MoS2 Integrated onto Cd0. 5Zn0. 5S: Rational Design with Efficient Charge Transfer for Enhanced Photocatalytic Activity']"
Sukhomay Pal,"Professor of Mechanical Engineering Department, IIT Guwahati",Manufacturing,3058,https://scholar.google.com/citations?hl=en&user=3u2qgMcAAAAJ,32,71,"['Influence of plate position, tool offset and tool rotational speed on mechanical properties and microstructures of dissimilar Al/Cu friction stir welding joints', 'Artificial neural network modeling of weld joint strength prediction of a pulsed metal inert gas welding process using arc signals', 'Multi-response optimization of process parameters in friction stir welded AM20 magnesium alloy by Taguchi grey relational analysis', 'A novel bio-inorganic bone implant containing deglued bone, chitosan and gelatin', 'Optimization of quality characteristics parameters in a pulsed metal inert gas welding process using grey-based Taguchi method', 'Torque based defect detection and weld quality modelling in friction stir welding process', 'Numerical modeling and experimental investigation on plasma-assisted hybrid friction stir welding of dissimilar materials', 'Tool wear monitoring and selection of optimum cutting conditions with progressive tool wear effect and input uncertainties', 'Effect of preheating in hybrid friction stir welding of aluminum alloy', 'A combined wavelet packet and Hilbert-Huang transform for defect detection and modelling of weld strength in friction stir welding process']"
Subhash Thota,"Professor, Department of Physics, Indian Institute of Technology Guwahati","Magnetic Nanostructures, Laser Ablation, Interlayer coupling in multilayers, Magneto-transport properties, Optical properties",2979,https://scholar.google.com/citations?hl=en&user=vOjBt04AAAAJ,28,68,"['A comparative study of the magnetic properties of bulk and nanocrystalline Co3O4', 'Sol–gel synthesis and anomalous magnetic behaviour of NiO nanoparticles', 'Optical, electrical and magnetic properties of Co3O4 nanocrystallites obtained by thermal decomposition of sol–gel derived oxalates', 'On the sol–gel synthesis and thermal, structural, and magnetic studies of transition metal (Ni, Co, Mn) containing ZnO powders', 'Size-dependent shifts of the Néel temperature and optical band-gap in NiO nanoparticles', 'Sol–gel synthesis of highly luminescent magnesium oxide nanocrystallites', 'Formation and magnetic behaviour of manganese oxide nanoparticles', 'Magnetic compensation, field-dependent magnetization reversal, and complex magnetic ordering in', 'Magnetocaloric effect and improved relative cooling power in (La0.7Sr0.3MnO3/SrRuO3) superlattices', 'Size-dependent structural, magnetic, and optical properties of MnCo2O4 nanocrystallites']"
DEBABRATA CHAKRABORTY,"Professor, Mechanical Engineering, Indian Institute of Technology Guwahati","FRP Composites, Computational Structural Mechanics, Fracture",2956,https://scholar.google.com/citations?hl=en&user=xrvZPdwAAAAJ,30,64,"['Artificial neural network based delamination prediction in laminated composites', 'Flank wear prediction in drilling using back propagation neural network and radial basis function network', 'Static and dynamic analyses of cracked functionally graded structural components: a review', 'Surface roughness prediction in turning using artificial neural network', 'Optimal vibration control of smart fiber reinforced composite shell structures using improved genetic algorithm', 'Effective properties of thermo-electro-mechanically coupled piezoelectric fiber reinforced composites', 'Drill wear monitoring using back propagation neural network', 'Predicting drill wear using an artificial neural network', 'Whirl frequencies and critical speeds of a rotor-bearing system with a cracked functionally graded shaft–Finite element analysis', 'Optimization of FRP composites against impact induced failure using island model parallel genetic algorithm']"
PS Robi,"Professor of Mechanical Engineering, Indian Institute of Technology Guwahati","materials, manufacturing, energy",2955,https://scholar.google.com/citations?hl=en&user=UV_TL4EAAAAJ,26,56,"['Advancements in the field of autonomous underwater vehicle', 'CFD and experimental investigation of flat plate solar water heating system under steady state condition', 'Application of neural networks in generating processing map for hot working', 'Experimental and numerical investigation of mixed mode fatigue crack growth models in aluminum 6061-T6', 'Effect of trace additions of Sn on microstructure and mechanical properties of Al–Cu–Mg alloys', 'High temperature deformation behavior of Al–Cu–Mg alloys micro-alloyed with Sn', 'Influence of micro-alloying with silver on microstructure and mechanical properties of Al-Cu alloy', 'Exergy and energy analysis of a novel type solar collector under steady state condition: Experimental and CFD analysis', 'Electrospun polyvinyl alcohol-polyvinyl pyrrolidone nanofibrous membranes for interactive wound dressing application', 'Mixed mode fatigue crack growth studies in AISI 316 stainless steel']"
Saswati Chakraborty,Professor Indian Institute of Technology Guwahati,"Water treatment, wastewater treatment",2952,https://scholar.google.com/citations?hl=en&user=2JHltn8AAAAJ,28,55,"['Hexavalent chromium removal from wastewater using aniline formaldehyde condensate coated silica gel', 'Removal and recovery of chromium from wastewater using short chain polyaniline synthesized on jute fiber', 'Fixed-bed column study for hexavalent chromium removal and recovery by short-chain polyaniline synthesized on jute fiber', 'Chemical denitrification of water by zero-valent magnesium powder', 'Uptake and desorption of copper ion using functionalized polymer coated silica gel in aqueous environment', 'Evaluation of chemical constituents and free-radical scavenging activity of Swarnabhasma (gold ash), an ayurvedic drug', 'Performance of organic substrate amended constructed wetland treating acid mine drainage (AMD) of North-Eastern India', 'Effect of HRT and recycle ratio on removal of cyanide, phenol, thiocyanate and ammonia in an anaerobic–anoxic–aerobic continuous system', 'A mechanistic insight into enhanced and selective phosphate adsorption on a coated carboxylated surface', 'Adsorption behaviour of trivalent chromium on amine-based polymer aniline formaldehyde condensate']"
Neha Gupta,IIT guwahati,"bio-energy, biofuel, butanol production, solid waste",2948,https://scholar.google.com/citations?hl=en&user=XriQtEIAAAAJ,9,9,"['Chromium contamination and effect on environmental health and its remediation: A sustainable approaches', 'A review on current status of municipal solid waste management in India', 'A review on municipal solid waste as a renewable source for waste-to-energy project in India: Current practices, challenges, and future opportunities', 'Enzymatic mechanism and biochemistry for cyanide degradation: a review', 'Correlation of various water quality parameters and water quality index of districts of Uttarakhand', 'Characterization of pressmud: A sugar industry waste', 'Adsorption of cyanide ion on pressmud surface: A modeling approach', 'Submerged membrane bioreactor system for municipal wastewater treatment process: An overview', 'Adsorptive treatment of cyanide-bearing wastewater: a prospect for sugar industry waste', 'Water Quality Analysis in relation to biological, hydrogeochemical factors with spring discharge, population, and land use pattern in the Western Himalayan region in India']"
Payal Mazumder,Indian Institute of Technology Guwahati,"Environmental microbiology, Bioremediation, Antibiotic resistance, Solid waste management",2942,https://scholar.google.com/citations?hl=en&user=p7eNP38AAAAJ,25,33,"['Occurrence and fate of emerging contaminants in water environment: A review', 'Recent advances in removal of lignin from paper industry wastewater and its industrial applications–A review', 'Review of perspective, problems, challenges, and future scenario of metal contamination in the urban environment', 'A chronicle of SARS-CoV-2: seasonality, environmental fate, transport, inactivation, and antiviral drug resistance', 'Potential emergence of antiviral-resistant pandemic viruses via environmental drug exposure of animal reservoirs', 'Efficacy of agricultural waste derived biochar for arsenic removal: Tackling water quality in the Indo-Gangetic plain', 'Removal of p-cresol and tylosin from water using a novel composite of alginate, recycled MnO2 and activated carbon', 'Bio-inherent attributes of water hyacinth procured from contaminated water body–effect of its compost on seed germination and radicle growth', 'Frontier review on the propensity and repercussion of SARS-CoV-2 migration to aquatic environment', 'Microbes involved in arsenic mobilization and respiration: a review on isolation, identification, isolates and implications']"
Dr. Debabrata Sikdar,"Associate Professor, EEE Dept., IIT Guwahati;","Plasmonics & Metamaterials, Tunable Nanoplasmonic Metadevices, Metamaterials for MRI",2939,https://scholar.google.com/citations?hl=en&user=KeSASjMAAAAJ,29,66,"['Plasmonic core–shell nanoparticles for SERS detection of the pesticide Thiram: size-and shape-dependent Raman enhancement', 'Giant Plasmene Nanosheets, Nanoribbons, and Origami', 'Electrotunable nanoplasmonic liquid mirror', 'Two-Dimensional Bipyramid Plasmonic Nanoparticle Liquid Crystalline Superstructure with Four Distinct Orientational Packing Orders', 'Tunable terahertz left-handed metamaterial based on multi-layer graphene-dielectric composite', 'Optically resonant magneto-electric cubic nanoantennas for ultra-directional light scattering', 'Dual‐Coded Plasmene Nanosheets as Next‐Generation Anticounterfeit Security Labels', 'Tuneable 2D self-assembly of plasmonic nanoparticles at liquid| liquid interfaces', 'Ultrathin Plasmene Nanosheets as Soft and Surface‐Attachable SERS Substrates with High Signal Uniformity', 'Theory of tailorable optical response of two-dimensional arrays of plasmonic nanoparticles at dielectric interfaces']"
Swarup Bag,Professor of IIT Guwahati,"Welding and Joining, Finite Element Model, Additive Manufacturing, Solidification",2902,https://scholar.google.com/citations?hl=en&user=xMEW5_0AAAAJ,30,77,"['Development of a finite element based heat transfer model for conduction mode laser spot welding process using an adaptive volumetric heat source', 'A two-site mean field model of discontinuous dynamic recrystallization', 'Torque based defect detection and weld quality modelling in friction stir welding process', 'Numerical modeling and experimental investigation on plasma-assisted hybrid friction stir welding of dissimilar materials', 'Influence of heat input in microwelding of titanium alloy by micro plasma arc', 'Development of egg-configuration heat source model in numerical simulation of autogenous fusion welding process', 'Phase transformation effect in distortion and residual stress of thin-sheet laser welded Ti-alloy', 'Influence of pulsation in thermo-mechanical analysis on laser micro-welding of Ti6Al4V alloy', 'Effect of preheating in hybrid friction stir welding of aluminum alloy', 'Effect of multiple pulse resistance spot welding schedules on liquid metal embrittlement severity']"
Rishi Maiti,"Assistant Professor, Department of Physics, IIT Guwahati","2D materials, Integrated photonics, Strainoptronics, Quantum photonics, Optical interconnects",2886,https://scholar.google.com/citations?hl=en&user=yQQ2ll0AAAAJ,28,41,"['Strain-engineered high-responsivity MoTe2 photodetector for silicon photonic integrated circuits', 'Novel Colloidal MoS2 Quantum Dot Heterojunctions on Silicon Platforms for Multifunctional Optoelectronic Devices', 'Tunable Direct Bandgap Optical Transitions in MoS2 Nanocrystals for Photonic devices', 'Graphene-Silver Induced Self-polarized PVDF Based Flexible Plasmonic Nanogenerator towards the Realization for New Class of Self Powered Optical Sensor', 'Sub-wavelength GHz-fast broadband ITO Mach–Zehnder modulator on silicon photonics', 'Hydrothermal Growth of Few Layer 2H-MoS2 for Heterojunction Photodetector and Visible Light Induced Photocatalytic Applications', '0.52 V mm ITO-based Mach-Zehnder modulator in silicon photonics', 'Novel silicon compatible p-WS2 2D/3D heterojunction devices exhibiting broadband photoresponse and superior detectivity', 'Tunable optical properties of graphene oxide by tailoring the oxygen functionalities using infrared irradiation', 'Heterogeneously integrated ITO plasmonic Mach–Zehnder interferometric modulator on SOI']"
Amarendra Kumar Sarma,Indian Institute of Technology Guwahati,"Nonlinear Optics, Solitons, Quantum Optics",2885,https://scholar.google.com/citations?hl=en&user=9ZmF5ZEAAAAJ,29,65,"['Continuous and discrete Schrödinger systems with parity-time-symmetric nonlinearities', 'Optical solitons and complexitons of the Schrödinger–Hirota equation', 'Solitary wave solutions and modulation instability analysis of the nonlinear Schrodinger equation with higher order dispersion and nonlinear terms', 'Dark optical solitons in power law media with time-dependent coefficients', 'Optical solitons with non-Kerr law nonlinearity and inter-modal dispersion with time-dependent coefficients', 'Modulation instability in nonlinear metamaterials induced by cubic–quintic nonlinearities and higher order dispersive effects', 'Quantum-interference-assisted photon blockade in a cavity via parametric interactions', 'Unconventional photon blockade in three-mode optomechanics', 'Entanglement dynamics of two coupled mechanical oscillators in modulated optomechanics', 'Plasmon induced transparency effect through alternately coupled resonators in terahertz metamaterial']"
Subashisa Dutta,"professor of civil engineering, IIT Guwahati",water resources engineering,2876,https://scholar.google.com/citations?hl=en&user=HSRALWQAAAAJ,30,75,"['Spatial variability of chlorophyll and nitrogen content of rice from hyperspectral imagery', 'Impact of climate change on floods in the Brahmaputra basin using CMIP5 decadal predictions', 'Sources evaluation and ecological risk assessment of heavy metals accumulated within a natural stream of Durgapur industrial zone, India, by using multivariate analysis and\xa0…', 'Impact of climate change on flood characteristics in Brahmaputra basin using a macro-scale distributed hydrological model', 'Analysis of runoff pattern for all major basins of India derived using remote sensing data', 'Erodibility of fine soil from the composite river bank of Brahmaputra in India', 'Analysis of the small amplitude sloshing of a liquid in a rigid container of arbitrary shape using a low‐order boundary element method', 'An experimental investigation to characterise soil macroporosity under different land use and land covers of northeast India', 'Spatio-temporal reconstruction of MODIS NDVI by regional land surface phenology and harmonic analysis of time-series', 'Modeling seepage erosion and bank retreat in a composite river bank']"
Roy Paily,"Professor, Electronics and Electrical Engineering and Centre for Nanotechnology, IIT …","Devices, MEMS, VLSI",2865,https://scholar.google.com/citations?hl=en&user=N_LOld0AAAAJ,28,82,"['A Dual-Material Gate Junctionless Transistor With High- Spacer for Enhanced Analog Performance', 'Pulsed laser deposition of TiO2 for MOS gate dielectric', 'Impact of high-k spacer on device performance of a junctionless transistor', 'Single bit‐line 11T SRAM cell for low power and improved stability', 'High-throughput turbo decoder with parallel architecture for LTE wireless communication standards', 'Efficient solar power management system for self-powered IoT node', 'On-chip photovoltaic power harvesting system with low-overhead adaptive MPPT for IoT nodes', 'High-throughput LDPC-decoder architecture using efficient comparison techniques & dynamic multi-frame processing schedule', 'Preparation of cross-linked PANI/PVA conductive hydrogels for electrochemical energy storage and sensing applications', 'A high-performance core micro-architecture based on RISC-V ISA for low power applications']"
Sanasam Ranbir Singh,"Professor of Computer Science and Engineering, IIT Guwahati","Information retrieval, Machine Learning, Data Mining",2826,https://scholar.google.com/citations?hl=en&user=Es12tcUAAAAJ,17,48,"['Feature selection for text classification based on gini coefficient of inequality', 'Emotion dynamics of public opinions on twitter', 'A syllable-based framework for unit selection synthesis in 13 Indian languages', 'Influence of edge weight on node proximity based link prediction methods: an empirical analysis', 'Temporal link prediction in multi-relational network', 'Effect of different levels of boron and zinc on flowering, fruiting and growth parameter of winter season guava (Psidium guajava L.) cv. L-49.', 'Empirical study of sentiment analysis tools and techniques on societal topics', 'Link prediction using social network analysis over heterogeneous terrorist network', 'Effect of different environments, grafting methods and times on sprouting, graft success and plant growth of walnut (Juglans regia)', 'CloseMiner: Discovering frequent closed itemsets using frequent closed tidsets']"
Chitralekha Mahanta,"Professor, Electronics and Electrical Engineering Department, IITGuwahati",Control System,2821,https://scholar.google.com/citations?hl=en&user=hWt8cjgAAAAJ,25,50,"['A novel approach for ANFIS modelling based on full factorial design', 'Adaptive second order terminal sliding mode controller for robotic manipulators', 'Integral backstepping sliding mode control for underactuated systems: Swing-up and stabilization of the Cart–Pendulum System', 'Adaptive second-order sliding mode controller for a twin rotor multi-input–multi-output system', 'Chattering free adaptive multivariable sliding mode controller for systems with matched and mismatched uncertainty', 'An intelligent adaptive control of DC–DC buck converters', 'Offline handwritten character recognition using neural network', 'Sliding mode control of position commanded robot manipulators', 'Design and implementation of a neuro-adaptive backstepping controller for buck converter fed PMDC-motor', 'Optimal second order sliding mode control for nonlinear uncertain systems']"
Ranjith Thangavel,"Indian Institute of Technology, Guwahati","energy storage, materials chemistry, synthesis, batteries, capacitors",2799,https://scholar.google.com/citations?hl=en&user=GhrcS7UAAAAJ,31,44,"['Going beyond lithium hybrid capacitors: proposing a new high‐performing sodium hybrid capacitor system for next‐generation hybrid vehicles made with bio‐inspired activated carbon', 'High-energy green supercapacitor driven by ionic liquid electrolytes as an ultra-high stable next-generation energy storage device', 'Cu-doped P2-Na0. 5Ni0. 33Mn0. 67O2 encapsulated with MgO as a novel high voltage cathode with enhanced Na-storage properties', 'A series of hybrid multifunctional interfaces as artificial SEI layer for realizing dendrite free, and long‐life sodium metal anodes', 'Rapidly Synthesized, Few-Layered Pseudocapacitive SnS2 Anode for High-Power Sodium Ion Batteries', 'Pushing the energy output and cyclability of sodium hybrid capacitors at high power to new limits', 'Destabilization of the surface structure of Ni-rich layered materials by water-washing process', 'Engineering the Pores of Biomass‐Derived Carbon: Insights for Achieving Ultrahigh Stability at High Power in High‐Energy Supercapacitors', 'Optimizing high voltage Na3V2 (PO4) 2F3 cathode for achieving high rate sodium-ion batteries with long cycle life', 'An ultra-high-energy density supercapacitor; fabrication based on thiol-functionalized graphene oxide scrolls']"
Nageswara Rao Peela,"Department of Chemical Engineering, IIT Guwahati",,2762,https://scholar.google.com/citations?hl=en&user=jmA_4DYAAAAJ,28,57,"['Ag-doped TiO2 photocatalysts with effective charge transfer for highly efficient hydrogen production through water splitting', 'Co-pyrolysis of bamboo sawdust and plastic: synergistic effects and kinetics', 'Thermal cracking of JP-10: Kinetics and product distribution', 'Fabrication of microchannels on stainless steel by wet chemical etching', 'Silver grafted graphitic-carbon nitride ternary hetero-junction Ag/gC3N4 (Urea)-gC3N4 (Thiourea) with efficient charge transfer for enhanced visible-light photocatalytic green\xa0…', 'Washcoating of γ-alumina on stainless steel microchannels', 'Enhanced photocatalytic hydrogen evolution using green carbon quantum dots modified 1-D CdS nanowires under visible light irradiation', 'Hydrogen production from steam reforming of methanol: A comprehensive review on thermodynamics, catalysts, reactors, and kinetic studies', 'Oxidative steam reforming of ethanol over Rh based catalysts in a micro-channel reactor', 'Steam reforming of ethanol over Rh/CeO2/Al2O3 catalysts in a microchannel reactor']"
Budhaditya Hazra,"Associate Professor, Dept. of Civil Engineering, Indian Institute of Technology, Guwahati …","System Identification, Structural Dynamics, Blind Source Separation",2747,https://scholar.google.com/citations?hl=en&user=dvG8eUsAAAAJ,28,61,"['Vibration energy harvesting based monitoring of an operational bridge undergoing forced vibration and train passage', 'Hybrid time‐frequency blind source separation towards ambient system identification of structures', 'Probabilistic evaluation of vegetation drought likelihood and its implications to resilience across India', 'Real time structural modal identification using recursive canonical correlation analysis and application towards online structural damage detection', 'Study on wind-induced vibration control of linked high-rise buildings by using TMDI', 'Modified cross-correlation method for the blind identification of structures', 'First-order eigen-perturbation techniques for real-time damage detection of vibrating systems: Theory and applications', 'A shape memory alloy-tuned mass damper inerter system for passive control of linked-SDOF structural systems under seismic excitation', 'Real time damage detection using recursive principal components and time varying auto-regressive modeling', 'Decentralized modal identification of structures using parallel factor decomposition and sparse blind source separation']"
Chandan Kumar,"Associate Professor, Electronics and Electrical Engineering, IIT Guwahati, India","Power electronics, power system",2722,https://scholar.google.com/citations?hl=en&user=peHeMCkAAAAJ,29,52,"['Single-Phase Step-Up Switched-Capacitor-Based Multilevel Inverter Topology With SHEPWM', 'A voltage-controlled DSTATCOM for power-quality improvement', 'An improved hybrid DSTATCOM topology to compensate reactive and nonlinear loads', 'Predictive voltage control of transformerless dynamic voltage restorer', 'Smart Transformer-Enabled Meshed Hybrid Distribution Grid', 'Optimal Peak Shaving Control Using Dynamic Demand and Feed-In Limits for Grid-Connected PV Sources With Batteries', 'A grid-connected dual voltage source inverter with power quality improvement features', 'A multifunctional DSTATCOM operating under stiff source', 'Operation and control of an improved performance interactive DSTATCOM', 'Sizing and SOC Management of a Smart-Transformer-Based Energy Storage System']"
K Ravi,"Assistant Professor, Department of Civil Engineering, Indian Institute of Technology (IIT) …","Geotechnical engineering, Geo-environmental engineering, Unsaturated soil mechanics, Geo-energy systems, Bio-geotechnology",2702,https://scholar.google.com/citations?hl=en&user=SADBPoUAAAAJ,32,60,"['Influence of biochar on the soil water retention characteristics (SWRC): Potential application in geotechnical engineering structures', 'A comparative study on synthesis and characterization of biochars derived from lignocellulosic biomass for their candidacy in agronomy and energy applications', 'Green means long life-green competencies for corporate sustainability performance: A moderated mediation model of green organizational culture and top management support', 'Applications of bio-cementation and bio-polymerization for aeolian erosion control', 'A comprehensive analysis on the relationships between elastic wave velocities and petrophysical properties of sedimentary rocks based on laboratory measurements', 'A review on the impact of thermal history on compacted bentonite in the context of nuclear waste management', 'Monitoring soil cracking and plant parameters for a mixed grass species', 'Effect of compression ratio and hydrogen addition on part throttle performance of a LPG fuelled lean burn spark ignition engine', 'Application of enzyme-induced carbonate precipitation (EICP) to improve the shear strength of different type of soils', 'Biocementation mediated by native microbes from Brahmaputra riverbank for mitigation of soil erodibility']"
prabin bora,"Professor, Indian Institute of Technology Guwahati","Signal and Image Processing, Computer Vision, Communications",2698,https://scholar.google.com/citations?hl=en&user=uYXWJnsAAAAJ,26,79,"['A robust static hand gesture recognition system using geometry based normalizations and Krawtchouk moments', 'Electrocardiogram signal denoising using non‐local wavelet transform domain filtering', 'Multi-scale deep feature fusion for automated classification of macular pathologies from OCT images', 'Unsupervised super-resolution of OCT images using generative adversarial network for improved age-related macular degeneration diagnosis', 'Reduced complexity LDPC decoding using forced convergence', 'A framework for hand gesture recognition with applications to sign language', 'Trajectory guided recognition of hand gestures having only global motions', 'Dense layer dropout based CNN architecture for automatic modulation classification', 'Illuminant colour based image forensics', 'A data-efficient approach for automated classification of OCT images using generative adversarial network']"
Shrikrishna Nandkishor Joshi,"Professor of Mechanical Engineering, Indian Institute of Technology Guwahati, Guwahati …","Advanced Manufacturing Processes, Manufacturing Automation, CAD CAM, Precision Machining, Mechatroni",2688,https://scholar.google.com/citations?hl=en&user=bxIpOVgAAAAJ,25,45,"['Thermo-physical modeling of die-sinking EDM process', 'Machinability of Inconel 718: A critical review on the impact of cutting temperatures', 'Intelligent process modeling and optimization of die-sinking electric discharge machining', 'Development of an intelligent process model for EDM', 'Incorporation of material behavior in modeling of metal forming and machining processes: A review', 'Measurement and analysis of cutting force and product surface quality during end-milling of thin-wall components', 'Parametric design optimization of hard turning of AISI 4340 steel (69 HRC)', 'Phase prediction and experimental realisation of a new high entropy alloy using machine learning', 'Thermo-mechanical studies on bending mechanism, bend angle and edge effect during multi-scan laser bending of magnesium M1A alloy sheets', 'Bioinspired composite materials: applications in diagnostics and therapeutics']"
Amit Kumar,"Associate Professor of Chemical Engineering, Indian Institute of Technology Guwahati","Molecular Simulation, Polymers, Nanocomposites, Microporous and Mesoporous Materials, Gas Adsorption and Separation",2659,https://scholar.google.com/citations?hl=en&user=n8p6naAAAAAJ,27,50,"['Effect of cellulose nanocrystal polymorphs on mechanical, barrier and thermal properties of poly (lactic acid) based bionanocomposites', 'Thermally recyclable polylactic acid/cellulose nanocrystal films through reactive extrusion process', 'Polymers for Packaging Applications', 'Poly (3‐hydroxybutyrate)/cellulose nanocrystal films for food packaging applications: Barrier and migration studies', 'Reactive Extrusion of Polylactic Acid/Cellulose Nanocrystal Films for Food Packaging Applications: Influence of Filler Type on Thermomechanical, Rheological, and Barrier Properties', 'Magnetic Cellulose Nanocrystal Based Anisotropic Polylactic Acid Nanocomposite Films: Influence on Electrical, Magnetic, Thermal, and Mechanical Properties', 'Morphology and crystalline characteristics of polylactic acid [PLA]/linear low density polyethylene [LLDPE]/microcrystalline cellulose [MCC] fiber composite', 'Plasticizing effect of coconut oil on morphological, mechanical, thermal, rheological, barrier, and optical properties of poly (lactic acid): A promising candidate for food\xa0…', 'Acid functionalized cellulose nanocrystals and its effect on mechanical, thermal, crystallization and surfaces properties of poly (lactic acid) bionanocomposites films: A\xa0…', 'Microcrystalline cellulose, polylactic acid and polypropylene biocomposites and its morphological, mechanical, thermal and rheological properties']"
Ashish Anand,"Professor of Computer Science, IIT Guwahati, India","NLP, Clinical Data Mining, Computational Biology, Machine Learning",2646,https://scholar.google.com/citations?hl=en&user=W7nidBQAAAAJ,18,26,"['A computationally efficient evolutionary algorithm for real-parameter optimization', 'Drug-drug interaction extraction from biomedical texts using long short-term memory network', 'An approach for classification of highly imbalanced data using weighting and undersampling', 'Real-coded evolutionary algorithms with parent-centric recombination', 'Relation extraction from clinical texts using domain invariant convolutional neural network', 'Evaluating distributed word representations for capturing semantics of biomedical concepts', 'Fine-grained entity type classification by jointly learning representations and label embeddings', 'Recurrent neural network models for disease name recognition using domain invariant features', 'Predicting protein structural class by SVM with class-wise optimized features and decision probabilities', 'Disruption of the murine PIASx gene results in reduced testis weight']"
Kalyanasis Sahu,IIT Guwahati,Physical Chemistry,2642,https://scholar.google.com/citations?hl=en&user=6Zlte4oAAAAJ,30,63,"['Femtosecond solvation dynamics in a neat ionic liquid and ionic liquid microemulsion: excitation wavelength dependence', 'Excited state proton transfer of pyranine in a γ-cyclodextrin cavity', 'Fluorescence anisotropy decay and solvation dynamics in a nanocavity: Coumarin 153 in methyl β-cyclodextrins', 'Excited state proton transfer from pyranine to acetate in a CTAB micelle', 'A femtosecond study of excitation wavelength dependence of solvation dynamics in a PEO-PPO-PEO triblock copolymer micelle', 'Temperature dependence of solvation dynamics and anisotropy decay in a protein: ANS in bovine serum albumin', 'A facile synthesis of high optical quality silver nanoparticles by ascorbic acid reduction in reverse micelles at room temperature', 'Solvation dynamics of 4-aminophthalimide in dioxane–water mixture', 'Slow solvation dynamics at the active site of an enzyme: Implications for catalysis', 'Fluorescence quenching of hydrogen-bonded coumarin 102-phenol complex: effect of excited-state hydrogen bonding strength']"
Karuna Kalita,Indian Institute of Technology Guwahati,,2639,https://scholar.google.com/citations?hl=en&user=wZ86jz8AAAAJ,,,[]
Vinayak N. Kulkarni,"Professor, Department of Mechanical Engineering, IIT Guwahati, India","Compressible flows, Aerodynamics, CFD simulation, Thermodynamics",2623,https://scholar.google.com/citations?hl=en&user=1aM_sDUAAAAJ,,,[]
Dr. Akhilesh Kumar Maurya,"Professor, Department of Civil Engineering, Indian Institute of Technology Guwahati","traffic flow modeling, driver bahviour, transportation engineering",2615,https://scholar.google.com/citations?hl=en&user=v7giXRIAAAAJ,,,[]
Arindam Dey,"Associate Professor, IIT Guwahati","Geotechnical Earthquake Engineering, Foundation Engineering, Geophysical Investigation, Soil",2602,https://scholar.google.com/citations?hl=en&user=pASnlrcAAAAJ,,,[]
"Dr. Himanshu Singh, Ph.D.","IIT, Guwahati, India","Molecular Biophysics, Biological Chemistry, Structural Biology, Chemical Biology, Protein NMR",2556,https://scholar.google.com/citations?hl=en&user=C9q0p6IAAAAJ,20,78,"['Fast microsecond dynamics of the protein–water network in the active site of human carbonic anhydrase II studied by solid-state NMR spectroscopy', 'Assessment of a Large Enzyme–Drug Complex by Proton‐Detected Solid‐State NMR Spectroscopy without Deuteration', 'Dynamics and interactions of a 29 kDa human enzyme studied by solid-state NMR', 'Acetate and Bicarbonate Assimilation and Metabolite Formation in Chlamydomonas reinhardtii: A 13C-NMR Study', 'Frontispiece: The Active Site of a Prototypical “Rigid” Drug Target is Marked by Extensive Conformational Dynamics', 'The active site of a prototypical “rigid” drug target is marked by extensive conformational dynamics', 'Improved transient analysis in maximum power point tracking for PV array using sliding mode controller', 'Meaning of work and employee motivation', 'Anatomy of root in some Orchidaceae', 'Exact distance measurements for structure and dynamics in solid proteins by fast-magic-angle-spinning NMR']"
Dipankar Mandal,"Assistant Professor, School of Agro and Rural Technology, Indian Institute of Technology …","Digital Agriculture, Crop Monitoring, Remote Sensing, Agro-geoinformatics, Polarimetric SAR",2531,https://scholar.google.com/citations?hl=en&user=TxXJE0YAAAAJ,26,37,"['Dual polarimetric radar vegetation index for crop growth monitoring using sentinel-1 SAR data', 'Sen4Rice: A processing chain for differentiating early and late transplanted rice using time-series sentinel-1 SAR data with google earth engine', 'Dual-polarimetric descriptors from Sentinel-1 GRD SAR data for crop growth assessment', 'Soil moisture retrieval over croplands using dual-pol L-band GRD SAR data', 'Target Characterization and Scattering Power Decomposition for Full and Compact Polarimetric SAR Data.', 'GEE4FLOOD: rapid mapping of flood areas using temporal Sentinel-1 SAR images with Google Earth Engine cloud platform', 'A radar vegetation index for crop monitoring using compact polarimetric SAR data', 'A novel phenology based feature subset selection technique using random forest for multitemporal PolSAR crop classification', 'A Generalized Volume Scattering Model-Based Vegetation Index From Polarimetric SAR Data', 'An investigation of inversion methodologies to retrieve the leaf area index of corn from C-band SAR data']"
"Dr. Saikat Bhaumik, MRSC","Assistant Professor, Department of Physics, Indian Institute of Technology (IIT) Guwahati …","Material Science, Perovskites, Photophysics, Optoelectronic devices, Sensors",2524,https://scholar.google.com/citations?hl=en&user=IF-dNC8AAAAJ,20,35,"['Inorganic halide perovskites for efficient light-emitting diodes', 'Slow cooling and highly efficient extraction of hot carriers in colloidal perovskite nanocrystals', 'Giant five-photon absorption from multidimensional core-shell halide perovskite colloidal nanocrystals', 'Highly stable, luminescent core–shell type methylammonium–octylammonium lead bromide layered perovskite nanoparticles', 'Benzyl Alcohol-Treated CH3NH3PbBr3 Nanocrystals Exhibiting High Luminescence, Stability, and Ultralow Amplified Spontaneous Emission Thresholds', 'Recent advances of lead-free metal halide perovskite single crystals and nanocrystals: synthesis, crystal structure, optical properties, and their diverse applications', 'State of the art and prospects of metal halide perovskite core@ shell nanocrystals and nanocomposites', 'Mn-doped nanocrystals in light-emitting diodes: Energy-transfer to obtain electroluminescence from quantum dots', 'Broadband emission from zero-dimensional Cs4PbI6 perovskite nanocrystals', 'Light-emitting diodes based on solution-processed nontoxic quantum dots: oxides as carrier-transport layers and introducing molybdenum oxide nanoparticles as a hole-inject layer']"
Dr. Krishna Pada Bhabak,"Indian Institute of Technology Guwahati, India","Small-molecule Antioxidants, Anti-cancer Compounds, Fluorogenic drug delivery, Sustained donors of Hydrogen sulfide",2466,https://scholar.google.com/citations?hl=en&user=07l2oOQAAAAJ,23,35,"['Functional mimics of glutathione peroxidase: bioinspired synthetic antioxidants', 'Synthesis, characterization, and antioxidant activity of some ebselen analogues', 'Bioinorganic and medicinal chemistry: aspects of gold(i)-protein complexes', 'A simple and efficient strategy to enhance the antioxidant activities of amino‐substituted glutathione peroxidase mimics', 'Amide‐based glutathione peroxidase mimics: effect of secondary and tertiary amide substituents on antioxidant activity', 'Synthesis and Structure–Activity Correlation Studies of Secondary‐and Tertiary‐Amine‐Based Glutathione Peroxidase Mimics', 'Ruthenium(ii) arene NSAID complexes: inhibition of cyclooxygenase and antiproliferative activity against cancer cell lines', 'Antithyroid Drugs and their Analogues Protect Against Peroxynitrite‐Mediated Protein Tyrosine Nitration—A Mechanistic Study', 'Inhibition of peroxynitrite-and peroxidase-mediated proteintyrosine nitration by imidazole-based thiourea and selenourea derivatives', 'Novel fluorescent ceramide derivatives for probing ceramidase substrate specificity']"
Sharad GOKHALE,"Civil Engineering Department, Indian Institute of Technology Guwahati","urban air quality, air pollution, traffic emission, source apportionment, human exposure",2454,https://scholar.google.com/citations?hl=en&user=uLja4h8AAAAJ,27,40,"['Evaluating effects of traffic and vehicle characteristics on vehicular emissions near traffic intersections', 'Urban real-world driving traffic emissions during interruption and congestion', 'Passive control potentials of trees and on-street parked cars in reduction of air pollution exposure in urban street canyons', 'Biological oxidation of gaseous VOCs - rotating biological contactor a promising and eco-friendly technique.', 'The impact of traffic-flow patterns on air quality in urban street canyons', 'Performance evaluation of air quality models for predicting PM10 and PM2. 5 concentrations at urban traffic intersection during winter period', 'A review of deterministic, stochastic and hybrid vehicular exhaust emission models', 'Source apportionment of human personal exposure to volatile organic compounds in homes, offices and outdoors by chemical mass balance and genetic algorithm receptor models', 'Effects of moving-vehicle wakes on pollutant dispersion inside a highway road tunnel', 'Statistical behavior of carbon monoxide from vehicular exhausts in urban environments']"
Subhas Chandra Pan,Indian Institute of Technology Guwahati,"Asymmetric Synthesis, Synthetic Methodology",2430,https://scholar.google.com/citations?hl=en&user=poffOnYAAAAJ,25,70,"['Catalytic three‐component Ugi reaction', 'Catalytic asymmetric acylcyanation of imines', 'Organocatalytic C–H activation reactions', 'Catalytic asymmetric three-component acyl-Strecker reaction', 'The catalytic asymmetric α‐benzylation of aldehydes', 'The catalytic acylcyanation of imines', 'Stereoselective reactions of ortho-quinone methide and ortho-quinone methide imines and their utility in natural product synthesis', 'Organocatalytic asymmetric Michael/hemiketalization/retro-aldol reaction of α-nitroketones with unsaturated pyrazolones: Synthesis of 3-acyloxy pyrazoles', 'Total synthesis of the novel, biologically active epoxyquinone dimer (±)-torreyanic acid: A biomimetic approach', 'Total synthesis of the novel antifungal agent (±)-jesterone']"
Parama Dey,Indian Institute of Technology Guwahati,"Cancer Biology, Nanobiotechnology, Drug delivery",2424,https://scholar.google.com/citations?hl=en&user=IOn3JywAAAAJ,21,26,"['An update on pharmacological potential of boswellic acids against chronic diseases', 'Role of turmeric and curcumin in prevention and treatment of chronic diseases: lessons learned from clinical trials', 'Targeting AKT/mTOR in oral cancer: mechanisms and advances in clinical trials', 'Inflammation, NF-κB, and chronic diseases: how are they linked?', 'Diosgenin, a steroidal saponin, and its analogs: Effective therapies against different chronic diseases', 'Wogonin and its analogs for the prevention and treatment of cancer: A systematic review', 'COVID-19, cytokines, inflammation, and spices: How are they related?', 'Rationalizing the therapeutic potential of apigenin against cancer', ""Direct electrochemical reduction of hematite decorated graphene oxide (α-Fe2O3@ erGO) nanocomposite for selective detection of Parkinson's disease biomarker"", 'Targeting Farnesoid X receptor (FXR) for developing novel therapeutics against cancer']"
Shaik Rafi Ahamed,Indian Institute of Technology Guwahati,VLSI and Signal Processing,2412,https://scholar.google.com/citations?hl=en&user=2cq-lysAAAAJ,26,61,"['Efficient sign based normalized adaptive filtering techniques for cancelation of artifacts in ECG signals: Application to wireless biotelemetry', 'Removal of EOG artifacts from single channel EEG signals using combined singular spectrum analysis and adaptive noise canceler', 'Separation of sources from single-channel EEG signals using independent component analysis', 'Efficient and simplified adaptive noise cancelers for ECG sensor based remote health monitoring', 'Detection of epileptic seizures from EEG signals by combining dimensionality reduction algorithms with machine learning models', 'Low-area and high-throughput architecture for an adaptive filter using distributed arithmetic', 'Motion artifact removal from single channel electroencephalogram signals using singular spectrum analysis', 'Efficient signal conditioning techniques for brain activity in remote health monitoring network', 'Noise cancellation in ECG signals using computationally simplified adaptive filtering techniques: Application to biotelemetry', 'Optimal complexity architectures for pipelined distributed arithmetic-based LMS adaptive filter']"
Govinda Bol Shrestha,"Professor, Indian Institute of Technology, Guwahati, India",Electrical Engineering,2373,https://scholar.google.com/citations?hl=en&user=agV9_8UAAAAJ,24,40,"['An investigation into the impact of electric vehicle load on the electric utility distribution system', 'Congestion-driven transmission expansion in competitive power markets', 'A study on optimal sizing of stand-alone photovoltaic stations', 'Allocation of TCSC devices to optimize total transmission capacity in a competitive power market', 'Medium term power planning with bilateral contracts', 'Effects of series compensation on spot price power markets', 'A priority vector based technique for load forecasting', 'Strategic self-dispatch considering ramping costs in deregulated power markets', 'Power system stability enhancement using static phase shifter', 'Design and application of a fuzzy logic control scheme for transient stability enhancement in power systems']"
G Krishnamoorthy,"Department of Chemistry, Indian Institute of Technology Guwahati, Guwahati 781039, India","Fluorescence, Spectroscopy",2372,https://scholar.google.com/citations?hl=en&user=_VHba4MAAAAJ,31,66,"['The role of hydrogen bonding in excited state intramolecular charge transfer', 'Excited-State Intramolecular Proton Transfer in 2-(2 ‘-Acetamidophenyl) benzimidazole', 'A sensitive and selective sensor for picric acid detection with a fluorescence switching response', 'Hydrogen bond induced twisted intramolecular charge transfer in 2-(4′-N, N-dimethylaminophenyl) imidazo [4, 5-b] pyridine', 'Comparative theoretical study of rotamerism and excited state intramolecular proton transfer of 2-(2′-hydroxyphenyl) benzimidazole, 2-(2′-hydroxyphenyl) imidazo [4, 5-b\xa0…', ""Excited state intramolecular proton transfer in 2-(2'-hydroxyphenyl)-1H-naphth-[2,3-d]-imidazole: effects of solvents and pH"", 'Excited state intramolecular proton transfer in 2-(2′-benzamidophenyl) benzimidazole: effect of solvents', 'Spectral Characteristics of the Various Prototropic Species of 2-(4‘-N,N-Dimethylaminophenyl)pyrido[3,4-d]imidazole', 'Photophysics of 2-(4′-Amino-2′-hydroxyphenyl)-1H-imidazo-[4,5-c]pyridine and Its Analogues: Intramolecular Proton Transfer versus Intramolecular Charge\xa0…', 'Dual fluorescence of 2-(4′-N, N-dimethylaminophenyl) benzimidazole: effect of β-cyclodextrin and pH']"
Dr. LN Sharma,Indian Institute of Technology Guwahati,Biomedical Signal Processing,2363,https://scholar.google.com/citations?hl=en&user=6fVnNiAAAAAJ,25,53,"['Multiscale energy and eigenspace approach to Detection and Localization of Myocardial Infarction', 'Detection of shockable ventricular arrhythmia using variational mode decomposition', 'ECG signal denoising using higher order statistics in Wavelet subbands', 'Multichannel ECG data compression based on multiscale principal component analysis', 'Multilead ECG Data Compression using SVD in Multiresolution Domain', 'Automatic detection of aortic valve opening using seismocardiography in healthy individuals', 'Microscopic image classification using DCT for the detection of acute lymphoblastic leukemia (ALL)', 'Heart Sound Extraction from Sternal Seismocardiographic Signal', 'Design, architecture, and security issues in wireless sensor networks', 'Multi-channel ECG data compression using compressed sensing in eigenspace']"
Santabrata Das,"Department of Physics, Indian Institute of Technology Guwahati",Astrophysics,2352,https://scholar.google.com/citations?hl=en&user=szNfXZQAAAAJ,28,38,"['Turbulence and magnetic fields in the large-scale structure of the universe', 'Properties of accretion shock waves in viscous flows around black holes', 'Propagation of ultra-high-energy protons through the magnetized cosmic web', 'Periodic mass loss from viscous accretion flows around black holes', 'Behaviour of dissipative accretion flows around black holes', 'Standing shocks around black holes: an analytical study', 'Computation of outflow rates from accretion disks around black holes', 'Model dependence of transonic properties of accretion flows around black holes', 'Intergalactic magnetic field and arrival direction of ultra-high-energy protons', 'AstroSat view of GRS 1915+105 during the soft state: detection of HFQPOs and estimation of mass and spin']"
Indu Siva Ranjani Gandhi,"Assistant Professor, IIT Guwahati",Civil Engineering,2342,https://scholar.google.com/citations?hl=en&user=kSjs92wAAAAJ,17,19,"['A classification of studies on properties of foam concrete', 'Relative assessment of density and stability of foam produced with four synthetic surfactants', 'Behaviour of foam concrete under sulphate environments', 'Studies on influence of characteristics of surfactant and foam on foam concrete behaviour', 'Rheology and printability of Portland cement based materials: a review', 'State-of-the-art review on the characteristics of surfactants and foam from foam concrete perspective', 'Analysis of the foam generated using surfactant sodium lauryl sulfate', 'Comprehensive investigation into the effect of the newly developed natural foaming agents and water to solids ratio on foam concrete behaviour', 'Synergistic effect of fly ash and polyvinyl alcohol fibers in improving stability, rheology, and mechanical properties of 3D printable foam concrete', 'Effect of high temperature at different growth stages on rice yield and grain quality traits']"
Kanagaraj Subramani,IIT Guwahati,,2341,https://scholar.google.com/citations?hl=en&user=Cf-YQq4AAAAJ,24,48,"['Mechanical properties of high density polyethylene/carbon nanotube composites', 'Role of graphene nanofluids on heat transfer enhancement in thermosyphon', '4D printed porous radiopaque shape memory polyurethane for endovascular embolization', 'Assessment of bulk and surface properties of medical grade UHMWPE based nanocomposites using Nanoindentation and microtensile testing', 'Investigation of thermal conductivity and viscosity of carbon nanotubes–ethylene glycol nanofluids', 'Modeling of thermal conductivity of nanofluids by modifying Maxwell’s equation using cell model approach', 'Trends and challenges in lower limb prosthesis', 'Improving post irradiation stability of high density polyethylene by multi walled carbon nanotubes', 'Influence of multi walled carbon nanotubes reinforcement and gamma irradiation on the wear behaviour of UHMWPE', 'Thermodynamic and transport properties of CNT-water based nanofluids']"
Sanjib Das,"EEE Department, IIT Guwahati","3D Animation Compression, Pattern Recognition, Remote Lab",2272,https://scholar.google.com/citations?hl=en&user=a7xkQQ0AAAAJ,19,49,"[""Ten years' experience in zygomycosis at a tertiary care centre in India"", 'Apophysomyces elegans: an Emerging Zygomycete in India', 'Colorectal carcinoma in young adults: a retrospective study on Indian patients: 2000–2008', 'Anti-inflammatory effect of Curcuma longa (turmeric) on collagen-induced arthritis: an anatomico-radiological study', 'Sulphur deficiency in soils and crop response to fertiliser sulphur in India', 'A DNA functionalized advanced electrochemical biosensor for identification of the foodborne pathogen Salmonella enterica serovar Typhi in real samples', 'Label free flexible electrochemical DNA biosensor for selective detection of Shigella flexneri in real food samples', 'Measurement of pseudorapidity distributions of charged particles in proton-proton collisions at sqrt (s)= 8 TeV by the CMS and TOTEM experiments', 'Microbiological quality assessment of three selected spices in Bangladesh', 'Light dark matter constraints from SuperCDMS HVeV detectors operated underground with an anticoincidence event selection']"
D Pamu,"Department of Physics, IIT Guwahati, Guwahati",Material Science,2255,https://scholar.google.com/citations?hl=en&user=By0YvCYAAAAJ,27,66,"['A comprehensive review on electrical properties of hydroxyapatite based ceramic composites', 'Impedance spectroscopy and ac conductivity mechanism in Sm doped Yttrium Iron Garnet', 'Effect of Mn doping on magnetic and dielectric properties of YFeO3', 'Effect of thermal treatment on the physico-chemical properties of bioactive hydroxyapatite derived from caprine bone bio-waste', 'Ferromagnetism and ferroelectricity in Fe doped BaTiO3', 'Deposition of biphasic calcium phosphate film on laser surface textured Ti–6Al–4V and its effect on different biological properties for orthopedic applications', 'Mechano-tribological properties and in vitro bioactivity of biphasic calcium phosphate coating on Ti-6Al-4V', 'Enhanced Microwave Dielectric Properties of (Zr0.8,Sn0.2)TiO4 Ceramics with the Addition of Its Own Nanoparticles', 'Characterization of Zn doped MgTiO3 ceramics: an approach for RF capacitor applications', 'Enhanced densification and microwave dielectric properties of Mg2TiO4 ceramics added with CeO2 nanoparticles']"
Raghvendra Gupta,Indian Institute of Technology Guwahati (IITG),"multiphase flow, Taylor flow",2253,https://scholar.google.com/citations?hl=en&user=IXlKmiAAAAAJ,22,32,"['On the CFD modelling of Taylor flow in microchannels', 'Taylor flow in microchannels: a review of experimental and computational work', 'CFD modelling of flow and heat transfer in the Taylor flow regime', 'Hydrodynamics of liquid–liquid Taylor flow in microchannels', 'An extended Bretherton model for long Taylor bubbles at moderate capillary numbers', 'CFD approaches for the simulation of hydrodynamics and heat transfer in Taylor flow', 'Validation of a CFD model of Taylor flow hydrodynamics and heat transfer', 'Thermohydraulic performance of a periodic trapezoidal channel with a triangular cross-section', 'Effect of sinus size and position on hemodynamics during pulsatile flow in a carotid artery bifurcation', 'Effect of flow characteristics on Taylor flow heat transfer']"
Dr. Bhubaneswar Mandal,"Professor, Department of Chemistry,  Indian Institute of Technology Guwahati","Peptide Chemistry, Organic Synthesis, Alzheimer's and other amyloid diseases",2248,https://scholar.google.com/citations?hl=en&user=mggv9xgAAAAJ,23,55,"['Near UV-Visible electronic absorption originating from charged amino acids in a monomeric protein', 'Switch peptides in statu nascendi: induction of conformational transitions relevant to degenerative diseases', 'Switch-peptides: controlling self-assembly of amyloid β-derived peptides in vitro by consecutive triggering of acyl migrations', 'Basal level of neurotransmitter synthesizing enzymes and effect of cyclic AMP agents on the morphological differentiation of isolated neuroblastoma clones', 'Functional characterization of the odorant receptor 51E2 in human melanocytes', 'Ethyl 2‑Cyano-2-(2-nitrobenzenesulfonyloxyimino) acetate (o‑NosylOXY): A Recyclable Coupling Reagent for Racemization-Free Synthesis of Peptide, Amide, Hydroxamate, and Ester', 'Ethyl 2-cyano-2-(4-nitrophenylsulfonyloxyimino) acetate-mediated Lossen rearrangement: single-pot racemization-free synthesis of hydroxamic acids and ureas from carboxylic acids', ""Inhibition of Alzheimer's amyloid-β peptide aggregation and its disruption by a conformationally restricted α/β hybrid peptide"", 'Human neuroblastoma cell culture: effect of 5-bromodeoxyuridine on morphological differentiation and levels of neural enzymes', 'Disaggregation of amylin aggregate by novel conformationally restricted aminobenzoic acid containing α/β and α/γ hybrid peptidomimetics']"
Manabendra Ray,"Professor in Chemistry, IIT Guwahati","Chiral recognition, Coordination chemistry, Application of amine polymer",2239,https://scholar.google.com/citations?hl=en&user=qOfBpO4AAAAJ,23,33,"['Hexavalent chromium removal from wastewater using aniline formaldehyde condensate coated silica gel', 'Removal and recovery of chromium from wastewater using short chain polyaniline synthesized on jute fiber', 'Highly Stabilized Low-Spin Iron(III) and Cobalt(III) Complexes of a Tridentate Bis-Amide Ligand 2,6-Bis(N-phenylcarbamoyl)pyridine. Novel Nonmacrocyclic\xa0…', 'Uptake and desorption of copper ion using functionalized polymer coated silica gel in aqueous environment', 'Structure and magnetic properties of trigonal bipyramidal iron nitrosyl complexes', 'Synthesis of a Self‐Assembled Molecular Capsule that Traps Pyridine Molecules by a Combination of Hydrogen Bonding and Copper(II) Coordination', 'Synthesis and characterization of pyridine amide cation radical complexes of iron: Stabilization due to coordination with low-spin iron (III) center', 'Spin-state regulation of iron(III) centres by axial ligands with tetradentate bis(picolinamide) in-plane ligands', 'Adsorption behaviour of trivalent chromium on amine-based polymer aniline formaldehyde condensate', 'Structure and physical properties of trigonal monopyramidal iron (II), cobalt (II), nickel (II), and zinc (II) complexes']"
Debaprasad Maity,"Associate Professor, IIT Guwahati","High eneryg physics, Gravity, Cosmology",2181,https://scholar.google.com/citations?hl=en&user=5Cq6BwMAAAAJ,26,56,"['Towards a holographic model of -wave superconductors', 'Decoding the phases of early and late time reheating through imprints on primordial gravitational waves', 'Gravitational reheating', 'Connecting CMB anisotropy and cold dark matter phenomenology via reheating', 'Inflaton phenomenology via reheating in light of primordial gravitational waves and the latest  data', 'WIMPs, FIMPs, and Inflaton phenomenology via reheating, CMB and∆ Neff', 'Gravitational dark matter: Free streaming and phase space distribution', 'Cosmological constant, brane tension and large hierarchy in a generalized Randall-Sundrum braneworld scenario', 'Limitations of the pseudo-Newtonian approach in studying the accretion flow around a Kerr black hole', 'Parity-violating Kalb–Ramond–Maxwell interactions and CMB anisotropy in a braneworld']"
Dr. Debasis Manna,Indian Institute of Technology Guwahati,"Ion transport, Drug discovery and cancer immunotherapy",2129,https://scholar.google.com/citations?hl=en&user=mtZRl_cAAAAJ,26,55,"['Mechanistic basis of differential cellular responses of phosphatidylinositol 3, 4-bisphosphate-and phosphatidylinositol 3, 4, 5-trisphosphate-binding pleckstrin homology domains', 'DNA binding, nuclease activity and cytotoxicity studies of Cu (II) complexes of tridentate ligands', 'Transforming growth factor beta orchestrates PD-L1 enrichment in tumor-derived exosomes and mediates CD8 T-cell dysfunction regulating early phosphorylation of TCR signalome in\xa0…', 'Differential roles of phosphatidylserine, PtdIns (4, 5) P2, and PtdIns (3, 4, 5) P3 in plasma membrane targeting of C2 domains: Molecular dynamics simulation, membrane binding\xa0…', 'DNA binding and nuclease activity of copper (II) complexes of tridentate ligands', 'Evidence of PKC binding and translocation to explain the anticancer mechanism of chlorogenic acid in breast cancer cells', 'Biological applications of synthetic anion transporters', 'Alkyl cinnamates induce protein kinase C translocation and anticancer activity against breast cancer cells through induction of the mitochondrial pathway of apoptosis', 'Fused heterocyclic compounds as potent indoleamine-2, 3-dioxygenase 1 inhibitors', '3‐Amino‐4‐aminoximidofurazan derivatives: small molecules possessing antimicrobial and antibiofilm activity against Staphylococcus aureus and Pseudomonas aeruginosa']"
Animesh Das,"IIT Guwahati, Guwahati, Assam, India",organometallic chemistry & Catalysis,2121,https://scholar.google.com/citations?hl=en&user=cC2qYiUAAAAJ,27,57,"['Reversible Solvatomagnetic Effect in Novel Tetranuclear Cubane-Type Ni4 Complexes and Magnetostructural Correlations for the [Ni4 (μ3‑O) 4] Core', 'A new family of 1D exchange biased heterometal single-molecule magnets: observation of pronounced quantum tunneling steps in the hysteresis loops of quasi-linear {Mn2Ni3} clusters', 'End-on and side-on π-acid ligand adducts of gold (I): Carbonyl, cyanide, isocyanide, and cyclooctyne gold (I) complexes supported by N-heterocyclic carbenes and phosphines', 'Shake table testing of un‐reinforced brick masonry building test model isolated by U‐FREI', 'Selective catalytic synthesis of α-alkylated ketones and β-disubstituted ketones via acceptorless dehydrogenative cross-coupling of alcohols', 'Tris(alkyne) and Bis(alkyne) Complexes of Coinage Metals: Synthesis and Characterization of (cyclooctyne)3M+ (M = Cu, Ag) and (cyclooctyne)2Au+ and\xa0…', '9-H-9-Borafluorene dimethyl sulfide adduct: a product of a unique ring-contraction reaction and a useful hydroboration reagent', 'Integrating an expert system, GIS, and satellite remote sensing to evaluate land suitability for sustainable tea production in Bangladesh', 'A convenient synthetic route to 2-aryl-N-tosylazetidines and their ZnX2 (X= I, OTf) mediated regioselective nucleophilic ring opening reactions: synthesis of γ-iodoamines and\xa0…', 'Performance of fiber‐reinforced elastomeric base isolators under cyclic excitation']"
Prabirkumar Saha,Indian Institute of Technolgy Guwahati,,2106,https://scholar.google.com/citations?hl=en&user=VtgWODQAAAAJ,25,39,"['Growth kinetics of an indigenous mixed microbial consortium during phenol degradation in a batch reactor', 'Separation of mercury from its aqueous solution through supported liquid membrane using environmentally benign diluent', 'Biodegradation of phenol and m-cresol in a batch and fed batch operated internal loop airlift bioreactor by indigenous mixed microbial culture predominantly Pseudomonas sp.', 'Simultaneous separation of mercury and lignosulfonate from aqueous solution using supported liquid membrane', 'Supported liquid membrane based removal of lead (II) and cadmium (II) from mixed feed: conversion to solid waste by precipitation', 'Supported liquid membrane-based simultaneous separation of cadmium and lead from wastewater', 'Extraction and recovery of lignosulfonate from its aqueous solution using bulk liquid membrane', 'Batch growth kinetics of an indigenous mixed microbial culture utilizing m-cresol as the sole carbon source', 'Kinetics of phenol and m-cresol biodegradation by an indigenous mixed microbial culture isolated from a sewage treatment plant', 'Nonlinear system identification using Wiener type Laguerre–Wavelet network model']"
Poulose Poulose,IIT Guwahati,high energy physics phenomenology,2102,https://scholar.google.com/citations?hl=en&user=K9E0eCMAAAAJ,22,42,"['TESLA Technical Design Report, Part VI, Chapter 1: The Photon Collider at TESLA', 'The large hadron-electron collider at the HL-LHC', 'Multipartite interacting scalar dark matter in the light of updated LUX data', 'Exploring the Inert Doublet Model through the dijet plus missing transverse energy channel at the LHC', 'Decay-lepton angular distribution in polarized  and -violating dipole couplings of the top quark', 'CP-violating asymmetries in e+ e−→ tt with longitudinally polarized electrons', 'International large detector: interim design report', 'Simple decay-lepton asymmetries in polarized e+ e−→ tt and CP-violating dipole couplings of the top quark', 'Another step towards a no-lose theorem for NMSSM Higgs discovery at the LHC', 'Electric dipole moment of the top quark and -violating asymmetries in']"
Mangala Hegde,"ICMR Research Scientist-II, IIT Guwahati, Assam","cancer biology, biochemistry, cell and molecular biology, immunology, chronic diseases",2086,https://scholar.google.com/citations?hl=en&user=kEQ1rLAAAAAJ,22,34,"['Curcumin formulations for better bioavailability: what we learned from clinical trials thus far? ACS Omega. 8 (12): 10713–10746', 'Role of turmeric and curcumin in prevention and treatment of chronic diseases: lessons learned from clinical trials', 'Pulsed electric field (PEF): Avant-garde extraction escalation technology in food industry', 'Elevated homocysteine levels in type 2 diabetes induce constitutive neutrophil extracellular traps', 'Glucose induces metabolic reprogramming in neutrophils during type 2 diabetes to form constitutive extracellular traps and decreased responsiveness to lipopolysaccharides', 'Curcumin, inflammation, and neurological disorders: How are they linked?', 'Interplay of dietary antioxidants and gut microbiome in human health: What has been learnt thus far?', 'Oroxylin A: a promising flavonoid for prevention and treatment of chronic diseases', 'Nanoparticles in the diagnosis and treatment of cancer metastases: Current and future perspectives', 'Lipid metabolism and its implications in tumor cell plasticity and drug resistance: what we learned thus far?']"
Alika Khare,"Professor, IIT Guwahati",Laser and Photonics,2044,https://scholar.google.com/citations?hl=en&user=k1a6S9IAAAAJ,25,58,"['Influence of thermal oxidation on surface and thermo-mechanical properties of polyethylene', 'Size induced structural modifications in copper oxide nanoparticles synthesized via laser ablation in liquids', 'Effect of focusing conditions on synthesis of titanium oxide nanoparticles via laser ablation in titanium–water interface', 'Effective control of particle size, surface plasmon resonance and stoichiometry of Cu@ CuxO nanoparticles synthesized by laser ablation of Cu in distilled water', 'Multi-and few-layer graphene on insulating substrate via pulsed laser deposition technique', 'Dependence of N2 pressure on the crystal structure and surface quality of AlN thin films deposited via pulsed laser deposition technique at room temperature', 'Optical and structural characterization of pulsed laser deposited ruby thin films for temperature sensing application', 'Structural and linear and nonlinear optical properties of Zn1-xAlxO (0≤x≤0.10) thin films fabricated via pulsed laser deposition technique', 'Optimization of temporal window for application of calibration free-laser induced breakdown spectroscopy (CF-LIBS) on copper alloys in air employing a single line', 'Effect of thickness on optical and microwave dielectric properties of Hydroxyapatite films deposited by RF magnetron sputtering']"
Anil Kumar Mishra,"Department of Civil Engineering, Indian Institute of Technology, Guwahati","Swelling-Shrinkage behaviour of soil, Bentonite-chemical interaction",2017,https://scholar.google.com/citations?hl=en&user=awRJ8IMAAAAJ,24,48,"['Analysis of swelling and shrinkage behavior of compacted clays', 'Effect of salt of various concentrations on liquid limit, and hydraulic conductivity of different soil-bentonite mixtures', 'Controlling factors of the swelling of various bentonites and their correlations with the hydraulic conductivity of soil-bentonite mixtures', 'Effect of salt concentrations on the permeability and compressibility of soil-bentonite mixtures', 'A laboratory study on the geotechnical characteristics of sand–bentonite mixtures and the role of particle size of sand', 'Consolidation behaviour of bentonites in the presence of salt solutions', 'Scientometric dimensions of nuclear science and technology research in India: A study based on INIS (1970-2002) database', 'A study on the influence of inorganic salts on the behaviour of compacted bentonites', 'Scientometric Dimensions of Thorium Research in lndia', 'Influence of the presence of heavy metals on the behaviour of bentonites']"
Nachiketa Tripathi,"Indian Institute of Technology Guwahati, India","Organizational Behaviour, IO Psychology, Social Psychology",2016,https://scholar.google.com/citations?hl=en&user=tDShOQ8AAAAJ,20,27,"['Preferred interpersonal distances: a global comparison', 'Marital Satisfaction, Sex, Age, Marriage Duration, Religion, Number of Children, Economic Status, Education, and Collectivistic Values: Data from 33 Countries', 'The associations of dyadic coping and relationship satisfaction vary between and within nations: A 35-nation study', 'Global Perspective on Marital Satisfaction', 'Predictors of anxiety in the COVID-19 pandemic from a global perspective: Data from 23 countries', 'Linking empowering leadership and job attitudes: The role of psychological empowerment', 'Empowering Leadership and Psychological Health: The Mediating Role of Psychological Empowerment', 'An exploration of the Indian mindset', 'The impact of strategic human resource management on the performance of firms in India: A study of service sector firms', 'Attractiveness of leg length: Report from 27 nations']"
Dr.Padmanabhan Padma Kumar,"Professor, Dept. of Physics, IIT Guwahati","Computer Simulation, Materials Science, Chemical Physics",1978,https://scholar.google.com/citations?hl=en&user=QzrDCi4AAAAJ,19,21,"['Quantum corrections to classical time-correlation functions: Hydrogen bonding and anharmonic floppy modes', 'Ionic conduction in the solid state', 'Understanding the infrared spectrum of bare CH5+', 'Hydrogen-bonding structure and dynamics of aqueous carbonate species from Car− Parrinello molecular dynamics simulations', 'Hydration, swelling, interlayer structure, and hydrogen bonding in organolayered double hydroxides: Insights from molecular dynamics simulation of citrate-intercalated hydrotalcite', 'Molecular dynamics simulation of the energetics and structure of layered double hydroxides intercalated with carboxylic acids', 'Understanding hydrogen scrambling and infrared spectrum of bare CH5+ based on ab initio simulations', 'Dissociation of carbonic acid: Gas phase energetics and mechanism from ab initio metadynamics simulations', 'Molecular dynamics computer simulations of the effects of hydrogen bonding on the properties of layered double hydroxides intercalated with organic acids', 'Structure, Conductivity, and Ionic Motion in Na1+xZr2SixP3-xO12: A Simulation Study']"
Parijat Bhowmick,Assistant Professor (Grade I) at the EEE Department at IIT Guwahati,"Robust Control, Negative-imaginary systems, Vibration Control of Mechatronic Systems, Passivity and Dissipativity, Cooperative C",1972,https://scholar.google.com/citations?hl=en&user=aVPGXg4AAAAJ,20,28,"['Cooperative control of heterogeneous connected vehicle platoons: An adaptive leader-following approach', 'Distributed adaptive time-varying group formation tracking for multiagent systems with multiple leaders on directed graphs', 'A decentralized cluster formation containment framework for multirobot systems', 'Distributed motion planning for safe autonomous vehicle overtaking via artificial potential field', 'Group coordinated control of networked mobile robots with applications to object transportation', 'A consensus-based robust secondary voltage and frequency control scheme for islanded microgrids', 'On LTI output strictly negative-imaginary systems', 'A fixed-time formation-containment control scheme for multi-agent systems with motion planning: Applications to quadcopter UAVs', 'Two‐layer distributed formation‐containment control strategy for linear swarm systems: Algorithm and experiments', 'Characterization of input–output negative imaginary systems in a dissipative framework']"
senthilkumar sivaprakasam,Indian Institute of Technology Guwahati,"Bioprocess engineering, Bioprocess analytical technology",1960,https://scholar.google.com/citations?hl=en&user=l69ukGYAAAAJ,25,54,"['Biological treatment of tannery wastewater by using salt-tolerant bacterial strains', 'Evaluation of Cd (II) biosorption in aqueous solution by using lyophilized biomass of novel bacterial strain Bacillus badius AK: Biosorption kinetics, thermodynamics and mechanism', 'Ecotoxicological assessment of micropollutant Diclofenac biosorption on magnetic sawdust: Phyto, Microbial and Fish toxicity studies', 'Physical and nutritional factors affecting the production of amylase from species of Bacillus isolated from spoiled food waste', 'Harnessing valorization potential of whey permeate for D-lactic acid production using lactic acid bacteria', 'Kinetic modeling of hyaluronic acid production in palmyra palm (Borassus flabellifer) based medium by Streptococcus zooepidemicus MTCC 3523', 'Kinetics of growth, plantaricin and lactic acid production in whey permeate based medium by probiotic Lactobacillus plantarum CRA52', 'Investigation of the potential of biocalorimetry as a process analytical technology (PAT) tool for monitoring and control of Crabtree-negative yeast cultures', 'A detailed insight on fabricated porous chitosan in eliminating synthetic anionic dyes from single and multi-adsorptive systems with related studies', 'Homo-fermentative production of d-lactic acid by Lactobacillus sp. employing casein whey permeate as a raw feed-stock']"
Dipankar Narayan Basu,Indian Institute of Technology Guwahati,"Nuclear thermalhydraulics, Two-phase flow, Thermal engineering",1955,https://scholar.google.com/citations?hl=en&user=YTdrtRwAAAAJ,22,46,"['A critical review of high-temperature reversible thermochemical energy storage systems', 'A review of modern advances in analyses and applications of single-phase natural circulation loop in nuclear thermal hydraulics', 'A state-of-the-art review of recent advances in supercritical natural circulation loops for nuclear applications', 'Computational stability appraisal of rectangular natural circulation loop: Effect of loop inclination', 'Solar thermal–photovoltaic powered potato cold storage–conceptual design and performance analyses', 'Dynamic response of a single-phase rectangular natural circulation loop to different excitations of input power', 'Influence of geometry and operating parameters on the stability response of single-phase natural circulation loop', 'Two-phase natural circulation loops: A review of the recent advances', 'Electroosmotic transport of immiscible binary system with a layer of non‐conducting fluid under interfacial slip: The role applied pressure gradient', 'Slip driven micro-pumping of binary system with a layer of non-conducting fluid under electrical double layer phenomenon']"
Ratnadwip Singha,"Department of Physics, Indian Institute of Technology Guwahati",Condensed Matter Physics,1954,https://scholar.google.com/citations?hl=en&user=RU6kxIsAAAAJ,26,40,"['Large nonsaturating magnetoresistance and signature of nondegenerate Dirac nodes in ZrSiS', 'One-dimensional Luttinger liquids in a two-dimensional moiré lattice', 'Planar Hall effect in the type-II Dirac semimetal  VAl 3', 'Magnetotransport properties and evidence of a topological insulating state in LaSbTe', 'Effect of hydrostatic pressure on ferromagnetism in two-dimensional  CrI', 'Magnetotransport properties of the correlated topological nodal-line semimetal YbCdGe', 'Anomalous Hall effect in the half-metallic Heusler compound  (, Ge)', 'Topological Hall effect in the antiferromagnetic Dirac semimetal EuAgAs', 'Magnetotransport properties and giant anomalous Hall angle in the half-Heusler compound TbPtBi', 'Fermi surface topology and signature of surface Dirac nodes in LaBi']"
R. Anandalakshmi,"Associate Professor, Department of Chemical Engineering, Indian Institute of Technology …","Computational Heat Transfer and Fluid Flow, Process Modeling and Simulation, Solar Thermal Energy Conversion, Energy Efficient",1930,https://scholar.google.com/citations?hl=en&user=T0z9jdsAAAAJ,26,48,"['Fabrication, characterization and drug loading efficiency of citric acid crosslinked NaCMC-HPMC hydrogel films for wound healing drug delivery applications', 'Cellulose based nanocomposite hydrogel films consisting of sodium carboxymethylcellulose–grapefruit seed extract nanoparticles for potential wound healing applications', 'Analysis of entropy generation during natural convection in porous right-angled triangular cavities with various thermal boundary conditions', 'Bejan’s heatline analysis of natural convection in right-angled triangular enclosures: effects of aspect-ratio and thermal boundary conditions', 'Entropy generation vs energy flow due to natural convection in a trapezoidal cavity with isothermal and non-isothermal hot bottom wall', 'Effect of the addition of pregelatinized rice starch paste on the retrogradation of rice starch gel', 'Effect of amylose–amylopectin ratios on physical, mechanical, and thermal properties of starch‐based bionanocomposite films incorporated with CMC and nanoclay', 'Comparative study of phase change phenomenon in high temperature cascade latent heat energy storage system using conduction and conduction-convection models', 'Heat flow visualization for natural convection in rhombic enclosures due to isothermal and non-isothermal heating at the bottom wall', 'Heatline based thermal management for natural convection within right-angled porous triangular enclosures with various thermal conditions of walls']"
R.Ganesh Narayanan,"Department of Mechanical Engineering, Indian Institute of Technology Guwahati",Material Forming and Joining,1926,https://scholar.google.com/citations?hl=en&user=u-IxKpwAAAAJ,22,62,"['Internal defect and process parameter analysis during friction stir welding of Al 6061 sheets', 'Recent developments in friction stir welding and resulting industrial practices', 'Cellular automata finite element (CAFE) model to predict the forming of friction stir welded blanks', 'An expert system for predicting the deep drawing behavior of tailor welded blanks', 'Predicting the forming limit strains of tailor-welded blanks', 'Effect of deformation on the electrochemical behavior of hot-dip galvanized steel sheets', 'Effect of rotational speed on friction stir spot welding of AA5052-H32/HDPE/AA5052-H32 sandwich sheets', 'An expert system based on artificial neural network for predicting the tensile behavior of tailor welded blanks', 'Forming limit investigation of friction stir welded sheets: influence of shoulder diameter and plunge depth', 'Application of a few necking criteria in predicting the forming limit of unwelded and tailor-welded blanks']"
"Ajeet Kumar,PhD","Assistant Professor , IIT Guwahati, India","Additive Manufacturing, Lattice Structure, Biomimetic Design, Direct Digital Manufacturing, Design for Additive Manufacturing",1897,https://scholar.google.com/citations?hl=en&user=B9ZZqpYAAAAJ,18,21,"['A state-of-the-art review on types, design, optimization, and additive manufacturing of cellular structures', 'Design and Additive Manufacturing of Closed Cells from Supportless Lattice Structure', 'Multi-material additive manufacturing with lightweight closed-cell foam-filled lattice structures for enhanced mechanical and functional properties', 'Supportless lattice structures for energy absorption fabricated by fused deposition modeling', 'Design, fabrication, and properties evaluation of novel nested lattice structures', 'Additive manufacturing-enabled advanced design and process strategies for multi-functional lattice structures', 'Design and additive manufacturing of novel hybrid lattice metamaterial for enhanced energy absorption and structural stability', 'Effect of atomic tessellations on structural and functional properties of additive manufactured lattice structures', 'Reducing mechanical anisotropy in material extrusion process using bioinspired architectured lattice structures', 'A novel bioinspired architectured materials with interlocking designs based on tessellation']"
Prof. Dr. Subhendu Sekhar Bag,"Department of Chemistry, Indian Institute of Technology Guwahati",Bioorganic and Medicinal Chemistry,1892,https://scholar.google.com/citations?hl=en&user=hJenHXgAAAAJ,24,59,"['Chelation-controlled Bergman cyclization: synthesis and reactivity of enediynyl ligands', 'Installation/modulation of the emission response via click reaction', 'A novel enediynyl peptide inhibitor of furin that blocks processing of proPDGF-A, B and proVEGF-C', 'C8-alkynyl-and alkylamino substituted 2′-deoxyguanosines: a universal linker for nucleic acids modification', 'Synthesis of functionalized pyrazoles via vanadium-catalyzed C–N dehydrogenative cross-coupling and fluorescence switch-on sensing of BSA protein', 'Pyrene-labeled deoxyguanosine as a fluorescence sensor to discriminate single and double stranded DNA structures: Design of ends free molecular beacons', 'Ends free and self-quenched molecular beacon with pyrene labeled pyrrolocytidine in the middle of the stem', 'Anthracene based base-discriminating fluorescent oligonucleotide probes for SNPs typing: Synthesis and photophysical properties', 'Fluorescence switching of photochromic vinylpyrene-substituted 2′-deoxyguanosine', 'Fluorometric sensing of Cu2+ ion with smart fluorescence light-up probe, triazolylpyrene (TNDMBPy)']"
Dr. Suraj  Prakash Tripathy,"Post-Doctoral Researcher, IIT Guwahati","MOF, Adsorption, Photocatalysis, Sensing",1884,https://scholar.google.com/citations?hl=en&user=2EYsQlMAAAAJ,21,23,"['MOF derived nano-materials: A recent progress in strategic fabrication, characterization and mechanistic insight towards divergent photocatalytic applications', 'UiO-66-NH2 Metal–Organic Frameworks with Embedded MoS2 Nanoflakes for Visible-Light-Mediated H2 and O2 Evolution', 'Mixed-valence bimetallic Ce/Zr MOF-based nanoarchitecture: a visible-light-active photocatalyst for ciprofloxacin degradation and hydrogen evolution', 'Hydrolytically stable citrate capped Fe3O4@UiO-66-NH2 MOF: A hetero-structure composite with enhanced activity towards Cr (VI) adsorption and photocatalytic H2 evolution', 'Metal oxide integrated metal organic frameworks (MO@ MOF): rational design, fabrication strategy, characterization and emerging photocatalytic applications', 'The fabrication of Au/Pd plasmonic alloys on UiO-66-NH2: an efficient visible light-induced photocatalyst towards the Suzuki Miyaura coupling reaction under\xa0…', 'Highlights of the characterization techniques on inorganic, organic (COF) and hybrid (MOF) photocatalytic semiconductors', 'Inter-MOF hybrid (IMOFH): A concise analysis on emerging core–shell based hierarchical and multifunctional nanoporous materials', 'MgIn2S4/UiO-66-NH2 MOF-Based Heterostructure: Visible-Light-Responsive Z-Scheme-Mediated Synergistically Enhanced Photocatalytic Performance toward\xa0…', 'Aggrandizing the Photoactivity of ZnO Nanorods toward N2 Reduction and H2 Evolution through Facile In Situ Coupling with NixPy']"
Aviral Kumar,"Prime Minister's Research Fellow, Indian Institute of Technology Guwahati","Cancer Biology, Drug delivery, In-vivo models, Metastasis, Non-coding RNAs",1878,https://scholar.google.com/citations?hl=en&user=jq8-_0MAAAAJ,27,40,"['Role of Turmeric and Curcumin in Prevention and Treatment of Chronic Diseases: Lessons Learned from Clinical Trials', 'Pulsed electric field (PEF): Avant-garde extraction escalation technology in food industry', 'Interplay of dietary antioxidants and gut microbiome in human health: What has been learnt thus far?', 'MicroRNAs as Modulators of Oral Tumorigenesis—A Focused Review', 'EMT in breast cancer metastasis: an interplay of microRNAs, signaling pathways and circulating tumor cells', 'Current clinical developments in curcumin-based therapeutics for cancer and chronic diseases', 'The promising potential of piperlongumine as an emerging therapeutics for cancer', 'Long noncoding RNAs in triple‐negative breast cancer: A new frontier in the regulation of tumorigenesis', 'An overview of the pharmacological activities of scopoletin against different chronic diseases', 'Emerging roles of cardamonin, a multitargeted nutraceutical in the prevention and treatment of chronic diseases']"
Sisir Kumar Nayak,"Professor, IIT Guwahati","Renewable Power, High Voltage and Wireless Power Transfer",1878,https://scholar.google.com/citations?hl=en&user=dLTAVHAAAAAJ,23,45,"['Maximizing the power generation of a partially shaded PV array', 'Extraction of maximum power from a PV array under nonuniform irradiation conditions', 'Linear-to-cross-polarization transmission converter using ultrathin and smaller periodicity metasurface', 'Estimation of low‐frequency modes in power system using robust modified Prony', 'Condition assessment of aged ester-based nanofluid through physicochemical and spectroscopic measurement', 'Performance analysis of vegetable oil‐based nanofluids used in transformers', 'Nanofluid‐based transformer oil: effect of ageing on thermal, electrical and physicochemical properties', 'Estimation of MPP of a Double Diode Model PV Module From Explicit I–V Characteristic', 'Far-field wireless power transfer using GRIN lens metamaterial at GHz frequency', 'Karanji oil as a potential dielectrics liquid for transformer']"
"Rakhi Chaturvedi,R Chaturvedi",IIT Guwahati,"Plant Science, Plant biotechnology, Plant Tissue culture",1874,https://scholar.google.com/citations?hl=en&user=guOJxwIAAAAJ,26,37,"['Chromium tolerance, bioaccumulation and localization in plants: an overview', 'Endosperm culture: a novel method for triploid plant production', 'Production of haploids of neem (Azadirachta indica A. Juss.) by anther culture', 'Step wise protocols for somatic embryogenesis of important woody plants', 'An efficient protocol for the production of triploid plants from endosperm callus of neem, Azadirachta indica A. Juss.', 'Screening and quantification of an antiseptic alkylamide, spilanthol from in vitro cell and tissue cultures of Spilanthes acmella Murr.', 'Accumulation of betulinic, oleanolic, and ursolic acids in In vitro cell cultures of Lantana camara L. and their significant cytotoxic effects on HeLa cell lines', 'In vitro clonal propagation of an adult tree of neem (Azadirachta indica A. Juss.) by forced axillary branching', 'Herbal medicine and biotechnology for the benefit of human health', 'In vitro androgenesis in tree species: an update and prospect for further research']"
Rajib Kumar Bhattacharjya,"Professor, Department of Civil Engineering, IIT Guwahati","Groundwater Management, Saltwater Intrusion, Climate Change",1855,https://scholar.google.com/citations?hl=en&user=FCKLeO8AAAAJ,25,52,"['Optimal management of coastal aquifers using linked simulation optimization approach', 'ANN-GA-based model for multiple objective management of coastal aquifers', 'Optimal design of composite channels using genetic algorithm', 'Artificial neural networks approximation of density dependent saltwater intrusion process in coastal aquifers', 'Innovative trend analysis of spatial and temporal rainfall variations in Umiam and Umtru watersheds in Meghalaya, India: JDK Marak et al.', 'Distributed rainfall runoff modeling', 'Introduction to genetic algorithms', 'Optimal design of a stable trapezoidal channel section using hybrid optimization techniques', 'Modified genetic algorithms for solving facility layout problems', 'Drought analysis based on standardized precipitation evapotranspiration index and standardized precipitation index in Sarawak, Malaysia']"
Pranab Kumar Ghosh,IIT Guwahati,,1854,https://scholar.google.com/citations?hl=en&user=w7BuznwAAAAJ,23,41,"['Hexavalent chromium [Cr (VI)] removal by acid modified waste activated carbons', 'Environmental significance of atrazine in aqueous systems and its removal by biological processes: an overview', 'Atrazine degradation in anaerobic environment by a mixed microbial consortium', 'Hexavalent chromium [Cr (VI)] removal by the electrochemical ion-exchange process', 'Performance of waste activated carbon as a low-cost adsorbent for the removal of anionic surfactant from aquatic environment', 'Biodegradation of 4-chlorophenol by Arthrobacter chlorophenolicus A6: effect of culture conditions and degradation kinetics', 'Perchlorate degradation using an indigenous microbial consortium predominantly Burkholderia sp.', 'Total dissolved solids removal by electrochemical ion exchange (EIX) process', 'Enhancing the biodegradation of 4-chlorophenol by Arthrobacter chlorophenolicus A6 via medium development', 'Simultaneous removal of arsenic and nitrate in absence of iron in an attached growth bioreactor to meet drinking water standards: Importance of sulphate and Empty Bed Contact Time']"
Ravindra,IIT Guwahati,Sensors,1837,https://scholar.google.com/citations?hl=en&user=AlohgdcAAAAJ,24,40,"['Non-dispersive infrared gas sensing technology: A review', 'MoSe2 Nanoflakes Based Chemiresistive Sensors for ppb-level Hydrogen Sulfide gas Detection', 'Liquid exfoliated pristine WS2 nanosheets for ultrasensitive and highly stable chemiresistive humidity sensors', 'An effective liquid-phase exfoliation approach to fabricate tungsten disulfide into ultrathin two-dimensional semiconducting nanosheets', 'Defect engineering approaches for metal oxide semiconductor-based chemiresistive gas sensing', 'Ammonia vapour sensing properties of in situ polymerized conducting PANI-nanofiber/WS2 nanosheet composites', 'Recent progress in chemiresistive gas sensing technology based on molybdenum and tungsten chalcogenide nanostructures', '1T-Phase Titanium Disulfide Nanosheets for Sensing H2S and O2', 'Growth-temperature dependent unpassivated oxygen bonds determine the gas sensing abilities of chemical vapor deposition-grown CuO thin films', 'WS2/GO Nanohybrids for Enhanced Relative Humidity Sensing at Room Temperature']"
subhradip ghosh,"Department of Physics, Indian Institute of Technology Guwahati","Materials Science, Condensed Matter Physics, Electronic structure",1833,https://scholar.google.com/citations?hl=en&user=bjsOK6gAAAAJ,23,58,"['New quaternary half-metallic ferromagnets with large Curie temperatures', 'Graphene aided gelation of MXene with oxidation protected surface for supercapacitor electrodes with excellent gravimetric performance', 'Phonons in random alloys: The itinerant coherent-potential approximation', 'Spontaneous three-dimensional self-assembly of MXene and graphene for impressive energy and rate performance pseudocapacitors', 'First-principles investigations of the electronic structure and properties related to shape-memory behavior in Mn2NiX (X= Al, Ga, In, Sn) alloys', 'Systematic analysis of structural and magnetic properties of spinel CoB2O4 (B\u2009\u2009=\u2009\u2009Cr, Mn and Fe) compounds from their electronic structures', 'Systematic, multisite short-range-order corrections to the electronic structure of disordered alloys from first principles: The KKR nonlocal CPA from the dynamical cluster\xa0…', 'First-principles computation of structural, elastic and magnetic properties of Ni2FeGa across the martensitic transformation', 'Density functional theory based comparative study of electronic structures and magnetic properties of spinel ACr2O4 (A\u2009\u2009=\u2009\u2009Mn, Fe, Co, Ni) compounds', 'Magnetic ground state, field-induced transitions, electronic structure, and optical band gap of the frustrated antiferromagnet']"
Mallikarjuna C,"Professor, Civil Engineering Department, IIT Guwahati",Traffic flow analysis and modeling,1827,https://scholar.google.com/citations?hl=en&user=Mi1evTQAAAAJ,22,37,"['Quantification of land use diversity in the context of mixed land use', 'Anticipated Collision Time (ACT): A two-dimensional surrogate safety indicator for trajectory-based proactive safety assessment', 'Cellular automata model for heterogeneous traffic', 'Area occupancy characteristics of heterogeneous traffic', 'Traffic data collection under mixed traffic conditions using video image processing', 'Heterogeneous traffic flow modelling: a complete methodology', 'Effect of perception and attitudinal variables on mode choice behavior: A case study of Indian city, Agartala', 'Trajectory reconstruction using locally weighted regression: A new methodology to identify the optimum window size and polynomial order', 'Vehicle path reconstruction using recursively ensembled low-pass filter (RELP) and adaptive tri-cubic kernel smoother', 'Analysis of microscopic data under heterogeneous traffic conditions']"
Swaroop Nandan Bora,"Professor of Mathematics, Indian Institute of Technology Guwahati","Water waves, Sloshing, Porous media, River mechanics, fractional differential equations",1764,https://scholar.google.com/citations?hl=en&user=HT5yy28AAAAJ,23,66,"['Oblique water-wave scattering by small undulation on a porous sea-bed', 'Effect of a porous sea-bed on water wave scattering by two thin vertical submerged porous plates', 'Hydrodynamic forces and moments due to interaction of linear water waves with truncated partial-porous cylinders in finite depth', 'Hydrodynamic forces due to water wave interaction with a bottom-mounted surface-piercing compound porous cylinder', 'Oblique water wave damping by two submerged thin vertical porous plates of different heights', 'Reflection of oblique ocean water waves by a vertical rectangular porous structure placed on an elevated horizontal bottom', 'Existence of mild solution of a class of nonlocal fractional order differential equation with not instantaneous impulses', 'Reflection of oblique ocean water waves by a vertical porous structure placed on a multi-step impermeable bottom', 'Radiation of water waves by a sphere in an ice-covered two-layer fluid of finite depth', 'New global asymptotic stability conditions for a class of nonlinear time-varying fractional systems']"
Antara Dasgupta,"Principal Investigator, IIT Guwahati","Synthetic Organic, Bio-Organic, Supramolecular Chemistry, Naomaterials, Drug Delivery",1757,https://scholar.google.com/citations?hl=en&user=xApp_xcAAAAJ,20,23,"['Peptide hydrogels', 'Designer peptide amphiphiles: self-assembly to applications', 'Water Gelation of an Amino Acid‐Based Amphiphile', 'Effect of headgroup on DNA− cationic surfactant interactions', 'Alkyl Chain Length Dependent Hydrogelation of l-Tryptophan-Based Amphiphile', 'Amino Acid Based Low‐Molecular‐Weight Ionogels as Efficient Dye‐Adsorbing Agents and Templates for the Synthesis of TiO2 Nanoparticles', 'Improved activity of horseradish peroxidase (HRP) in ‘specifically designed’ionic liquid', 'Head‐group size or hydrophilicity of surfactants: the major regulator of lipase activity in cationic water‐in‐oil microemulsions', 'Hydrogelation of a naphthalene diimide appended peptide amphiphile and its application in cell imaging and intracellular pH sensing', 'Effect of the head-group geometry of amino acid-based cationic surfactants on interaction with plasmid DNA']"
Venkatesh Tamarapalli,"Professor of Computer Science, Indian Institute of Technology Guwahati",Computer Networks,1741,https://scholar.google.com/citations?hl=en&user=YkbVI7cAAAAJ,20,34,"['Measurement of quality of experience of video-on-demand services: A survey', 'SARA: Segment Aware Rate Adaptation Algorithm for Dynamic Adaptive Streaming Over HTTP', 'A reinforcement learning framework for path selection and wavelength selection in optical burst switched networks', 'An analytical approach to optical burst switched networks', 'Loss classification in optical burst switching networks using machine learning techniques: improving the performance of tcp', 'Non-cooperative power and latency aware load balancing in distributed data centers', 'Optimizing green energy, cost, and availability in distributed data centers', 'Sleep Scheduling Protocol for -Coverage of Three-Dimensional Heterogeneous WSNs', 'Analysis of coverage under border effects in three-dimensional mobile sensor networks', 'Analysis of stochastic coverage and connectivity in three-dimensional heterogeneous directional wireless sensor networks']"
Jiten C Kalita,"Professor of Mathematics, Indian Institute of Technology Guwahati","Computational and Topological Fluid …, Numerical Methods for PDEs",1721,https://scholar.google.com/citations?hl=en&user=9CqMY60AAAAJ,21,37,"['A class of higher order compact schemes for the unsteady two‐dimensional convection–diffusion equation with variable convection coefficients', 'A new paradigm for solving Navier–Stokes equations: streamfunction–velocity formulation', 'A transformation‐free HOC scheme for steady convection–diffusion on non‐uniform grids', 'Fully compact higher-order computation of steady-state natural convection in a square cavity', 'A transient higher order compact scheme for incompressible viscous flows on geometries beyond rectangular', 'A transformation-free HOC scheme for incompressible viscous flows past an impulsively started circular cylinder', 'A fourth-order accurate compact scheme for the solution of steady Navier–Stokes equations on non-uniform grids', 'A streamfunction–velocity approach for 2D transient incompressible viscous flows', 'A semi-discrete higher order compact scheme for the unsteady two-dimensional Schrödinger equation', 'A transformation‐free HOC scheme for incompressible viscous flows on nonuniform polar grids']"
Cota Navin Gupta,"Neural Engineering Lab, Dept of BSBE,Indian Institute of Technology Guwahati","Brain Computer Interfaces, Multivariate and Deep Learning, Parkinsons Disease, Aging, Neuroimaging",1697,https://scholar.google.com/citations?hl=en&user=31K9iDoAAAAJ,19,28,"['Neural network classification of homomorphic segmented heart sounds', 'Patterns of gray matter abnormalities in schizophrenia based on an international mega-analysis', 'Exploration of scanning effects in multi-site structural MRI studies', 'Source-based morphometry: a decade of covarying structural brain patterns', 'BCIAUT-P300: A multi-session and multi-subject benchmark dataset on autism for P300-based brain-computer-interfaces', 'Segmentation and classification of heart sounds', 'Polymorphisms in MIR137HG and microRNA-137-regulated genes influence gray matter structure in schizophrenia', 'The tenth annual MLSP competition: Schizophrenia classification challenge', 'Exploiting the P300 paradigm for cognitive biometrics', 'Biclustered independent component analysis for complex biomarker and subtype identification from structural magnetic resonance images in schizophrenia']"
Dr. Purushottam Gangsar,IIT GUWAHATI,"Vibration & Rotor Dynamics, Condition Monitoring & Fault Diagnosis of …, Artificial Intelligence, Data Science",1641,https://scholar.google.com/citations?hl=en&user=FPMqptwAAAAJ,14,14,"['Signal based condition monitoring techniques for fault detection and diagnosis of induction motors: A state-of-the-art review', 'Artificial intelligence application in fault diagnostics of rotating industrial machines: A state-of-the-art review', 'Comparative investigation of vibration and current monitoring for prediction of mechanical and electrical faults in induction motor based on multiclass-support vector machine\xa0…', 'A support vector machine based fault diagnostics of Induction motors for practical situation of multi-sensor limited data case', 'A review on deep learning based condition monitoring and fault diagnosis of rotating machinery', 'Multifault diagnosis of induction motor at intermediate operating conditions using wavelet packet transform and support vector machine', 'Diagnostics of mechanical and electrical faults in induction motors using wavelet-based features of vibration and current through support vector machine algorithms for various\xa0…', 'Unbalance detection in rotating machinery based on support vector machine using time and frequency domain vibration features', 'Taxonomy of induction-motor mechanical-fault based on time-domain vibration signals by multiclass SVM classifiers', 'Multiclass fault taxonomy in rolling bearings at interpolated and extrapolated speeds based on time domain vibration data by SVM algorithms']"
ratnajit bhattacharjee,"Professor, EEE Department IIT Guwahati","Wireless communication, Microwaves, Antennas, Electromagnetics",1637,https://scholar.google.com/citations?hl=en&user=MCD-HKQAAAAJ,19,58,"['Circuit modeling and performance analysis of photoconductive antenna', 'Balanced to unbalanced power divider with arbitrary power ratio', 'Performance of MRC combining multi-antenna cooperative relay network', 'Robust time and frequency synchronization in OFDM based 802.11 a WLAN systems', 'Symmetry chirp modulation waveform design for LEO satellite IoT communication', 'MPSCTP: a simple and efficient multipath algorithm for SCTP', 'Performance of two-hop regenerative relay network under correlated Nakagami-m fading at multi-antenna relay', 'Cumulant based automatic modulation classification of QPSK, OQPSK, 8-PSK and 16-PSK', 'Outage performance of two-hop multi-antenna co-operative relaying in Rayleigh fading channel', 'A thin metallo-dielectric stacked metamaterial as “add-on” for magnetic field enhancement in clinical MRI']"
Manmohan Pandey,"Professor of Mechanical Engineering, Indian Institute of Technology Guwahati","boiling heat transfer, two-phase flow, nuclear reactor thermal hydraulics",1631,https://scholar.google.com/citations?hl=en&user=m9HJknEAAAAJ,20,41,"['Review of research on flow instabilities in natural circulation boiling systems', 'Space-vector-based hybrid pulsewidth modulation techniques for a three-level inverter', 'Genetic parameters of variation for yield and its components in rice (Oryza sativa).', 'Stability analysis and nonlinear dynamics of natural circulation boiling water reactors', 'Inhibition of chlorophyll biosynthesis by lead in greeningPisum sativum leaf segments', 'Depiction of genetic diversity in rice.', 'Role of sucrose in reducing painful response to orogastric tube insertion in preterm neonates', 'The pressure effect study on the burning rate of ammonium nitrate-HTPB-based propellant with the influence catalysts', 'Optical and sensing properties of Cu doped ZnO nanocrystalline thin films', 'Study of flow instabilities in double-channel natural circulation boiling systems']"
Arijit Sur,"Professor, Dept. of Computer Science and Engineering, Indian Institute of Technology …","Computer Vision, Machine Learning, Medical Imaging, Adaptive Video Streaming",1623,https://scholar.google.com/citations?hl=en&user=-klnWqYAAAAJ,21,55,"['Wavelength-based attributed deep neural network for underwater image restoration', 'Knee osteoarthritis severity prediction using an attentive multi-scale deep convolutional neural network', 'Deep learning based prediction model for adaptive video streaming', 'Aim 2019 challenge on bokeh effect synthesis: Methods and results', 'Length based network steganography using UDP protocol', 'X-CAUNET: Cross-color channel attention with underwater image-enhancing transformer', 'Steganalysis of digital images using deep fractal network', 'SIFT based video watermarking resistant to temporal scaling', 'Drift-compensated robust watermarking algorithm for H. 265/HEVC video stream', 'A new image watermarking scheme using saliency based visual attention model']"
Tapas K Mandal,IIT Guwahati,"Multiphase flow, Micro & nano Fludic, Nanotechnology, Quantum Technology",1621,https://scholar.google.com/citations?hl=en&user=gLUgZTkAAAAJ,24,42,"['Review of oil water core annular flow', 'Growth of carbon dot-decorated ZnO nanorods on a graphite-coated paper substrate to fabricate a flexible and self-powered schottky diode for UV detection', 'A Comprehensive Study on Chlorella pyrenoidosa for Phenol Degradation and its Potential Applicability as Biodiesel Feedstock and Animal Feed', 'The flow of magnetic nanoparticles in magnetic drug targeting', 'SWCNT/ZnO nanocomposite decorated with carbon dots for photoresponsive supercapacitor applications', 'Oil water flow through different diameter pipes: similarities and differences', 'Multimodal chemo–magnetic control of self-propelling microbots', 'Graphene based multifunctional superbots', 'Oil-water two-phase flow characteristics in horizontal pipeline–a comprehensive CFD study', 'Highly sensitive room temperature CO gas sensor based on MWCNT-PDDA composite']"
Poonam Kumari,"Professor at Mechanical Engineering, IIT Guwahati","composites, smart materials and structures",1621,https://scholar.google.com/citations?hl=en&user=9W6UR3YAAAAJ,24,40,"['Efficient modeling of smart piezoelectric composite laminates: a review', 'Effect of alkaline treatment on physical, structural, mechanical and thermal properties of Bambusa tulda (Northeast Indian species) based sustainable green\xa0…', 'Development of highly flexible PVDF-TiO2 nanocomposites for piezoelectric nanogenerator applications', ""Development of Bambusa tulda fiber-micro particle reinforced hybrid green composite: a sustainable solution for tomorrow's challenges in construction and building engineering"", 'Development of Bambusa tulda-reinforced different biopolymer matrix green composites and MCDM-based sustainable material selection for automobile applications', 'The structural, dielectric, and dynamic properties of NaOH-treated Bambusa tulda reinforced biocomposites—an experimental investigation', 'Functional fibers from Bambusa tulda (Northeast Indian species) and their potential for reinforcing biocomposites', 'Multiterm extended Kantorovich method for three-dimensional elasticity solution of laminated plates', 'Fabrication and characterization of PVDF/BaTiO3 nanocomposite for energy harvesting application', 'Extended Kantorovich method for coupled piezoelasticity solution of piezolaminated plates showing edge effects']"
Anugrah Singh,Indian Institute of Technology Guwahati,"Rheology of complex fluids, computational fluid dynamics, experimental fluid dynamics",1613,https://scholar.google.com/citations?hl=en&user=DG3z334AAAAJ,23,33,"['Flotation technique: Its mechanisms and design parameters', 'Experimental measurements of the normal stresses in sheared Stokesian suspensions', 'Attention-based LSTM network-assisted time series forecasting models for petroleum production', 'Normal stresses and microstructure in bounded sheared suspensions via Stokesian dynamics simulations', 'Analysis of fluid flow and particle transport in evaporating droplets exposed to infrared heating', 'J. Rheol. 53, 1461 (2009); http://dx. doi. org/10.1122/1.3213090 (25 pages) Slip velocity of concentrated suspensions in Couette flow', 'Numerical simulation of particle migration in asymmetric bifurcation channel', 'An experimental study of pore-scale flow dynamics and heavy oil recovery using low saline water and chemical flooding', 'Effect of carrier fluid and particle size distribution on the rheology of shear thickening suspensions', 'Bubble size distribution and specific bubble interfacial area in two–phase microstructured dense bubbling bed']"
Sukanta Pati,"Department of Mathematics, Indian Institute of Technology Guwahati, India","Linear Algebra, Graph Theory, Spectral Graph Theory",1612,https://scholar.google.com/citations?hl=en&user=nQC03gQAAAAJ,22,33,"['The spectrum of the corona of two graphs', 'Energy of a graph is never an odd integer', 'On weighted directed graphs', 'A q-analogue of the distance matrix of a tree', 'Spectra of graphs resulting from various graph operations and products: a survey', 'On nonsingular trees and a reciprocal eigenvalue property', 'Algebraic connectivity and the characteristic set of a graph', 'On the Laplacian spectra of product graphs', 'The perturbed Laplacian matrix of a graph', 'Minimizing algebraic connectivity over connected graphs with fixed girth']"
Sushanta Karmakar,"Professor of Computer Science, IIT Guwahati",Distributued Algorithm,1612,https://scholar.google.com/citations?hl=en&user=OsTpMV8AAAAJ,17,29,"['Fly ash—a potential source of soil amendment and a component of integrated plant nutrient supply system', 'A neural network based system for intrusion detection and attack classification', 'A working prototype using DS18B20 temperature sensor and arduino for health monitoring', 'A game theory based multi layered intrusion detection framework for VANET', 'Intrusion detection in Mobile Ad-hoc Networks: Bayesian game formulation', 'Enhancing performance of anomaly based intrusion detection systems through dimensionality reduction using principal component analysis', 'Pressure-induced phase transitions in iron-filled carbon nanotubes: X-ray diffraction studies', 'Intrusion detection systems using linear discriminant analysis and logistic regression', 'A game theory based multi layered intrusion detection framework for wireless sensor networks', 'Enriched coal ash utilization for augmenting production of rice under acid lateritic soil']"
Prof. Chandan K. Jana,"Professor of Chemistry, IIT Guwahati",Organic Chemistry,1610,https://scholar.google.com/citations?hl=en&user=uoOH57YAAAAJ,24,38,"['Divergent reactions for racemates: catalytic, enantioselective, and regiodivergent nitroso Diels–Alder reactions', 'Enantioselective Nitroso‐Diels–Alder Reaction and Its Application for the Synthesis of (−)‐Peracetylated Conduramine A‐1', 'Total Synthesis of (+)‐trans‐Dihydronarciclasine by a Catalytic Enantioselective Regiodivergent Nitroso Diels–Alder Reaction', 'Syntheses of taiwaniaquinone F and taiwaniaquinol A via an unusual remote C–H functionalization', 'Diastereoselective α-C–H functionalization of aliphatic N-heterocycles: an efficient route to ring fused oxazines', 'Synthesis of withanolide A, biological evaluation of its neuritogenic properties, and studies on secretase inhibition', 'A synthetic entry into the taiwaniaquinoids based on a biogenetic hypothesis: total synthesis of (-)-taiwaniaquinone H', 'Metal-Free Sequential C(sp2)–H/OH and C(sp3)–H Aminations of Nitrosoarenes and N-Heterocycles to Ring-Fused Imidazoles', 'A gold–carbon nanoparticle composite as an efficient catalyst for homocoupling reaction', 'Direct β-C(sp3)–H Functionalization of Aliphatic Amines to α,β-Unsaturated Imines, Aldehydes, and Chromenes']"
Santosh Kumar,Indian Institue of Technology Guwahati,"Artifical Intelligence, Network Security, Machine learning",1606,https://scholar.google.com/citations?hl=en&user=QOP-HZ8AAAAJ,17,29,"['Production of K ∗ (892) 0 and ϕ (1020) in p–Pb collisions at √s NN = 5.02 TeV', 'Production of 4 He and He‾4 in Pb–Pb collisions at s NN =2.76TeV at the LHC', 'Correction: Socio-Economic Differentials in Impoverishment Effects of Out-of-Pocket Health Expenditure in China and India: Evidence from WHO SAGE', 'ALICE Collaboration', 'Prompt and non-prompt J/ψ production and nuclear modification at mid-rapidity in p-Pb collisions at√ sNN= 5.02 TeV', 'A machine learning based web spam filtering approach', 'Genetic algorithms in intrusion detection systems: A survey', 'Interpret with caution: An evaluation of the commercial AusDiagnostics versus in-house developed assays for the detection of SARS-CoV-2 virus', 'A Survey: Speech Recognition Approaches and Techniques', 'Functional role of iNOS-Rac2 interaction in neutrophil extracellular traps (NETs) induced cytotoxicity in sepsis']"
Prof. Gaurav Trivedi,"Professor of Electronics and Electrical Engineering, IIT Guwahati","VLSI, HPC, Hardware Security, Computer Architecture, Semiconductors",1604,https://scholar.google.com/citations?hl=en&user=FYI_9IwAAAAJ,21,52,"['A security framework for noc using authenticated encryption and session keys', 'Analysis and design of adders for approximate computing', 'Smart glove for sign language communications', 'FPGA implementation of simplified spiking neural network', 'A DNN-based low power ECG co-processor architecture to classify cardiac arrhythmia for wearable devices', 'Thermal performance evaluation of multi-tube cylindrical LHS system', 'A MOS-DTMOS implementation of floating memristor emulator for high-frequency applications', 'Design of DNN-based low-power VLSI architecture to classify atrial fibrillation for wearable devices', 'A comparative survey of approximate adders', 'Introspection into reliability aspects in AlGaN/GaN HEMTs with gate geometry modification']"
Rajan Choudhary,"Professor at Department of Civil Engineering, IIT Guwahati","Pavement Analysis and Design, Highway Construction and Quality Control, Sustainable Technologies for",1604,https://scholar.google.com/citations?hl=en&user=45WxuzcAAAAJ,24,45,"['Properties of waste polyethylene terephthalate (PET) modified asphalt mixes: dependence on PET size, PET content, and mixing process', 'Characterization of fly ash bituminous concrete mixes', 'Performance characteristics of bituminous concrete with industrial wastes as filler', 'Evaluation of bio-asphalt binders modified with biochar: a pyrolysis by-product of Mesua ferrea seed cover waste', 'Mechanical properties of open graded friction course mixtures with different contents of electric arc furnace steel slag as an alternative aggregate from steel industries', 'Fatigue characterisation of modified asphalt binders containing warm mix asphalt additives', 'Characterisation of asphalt binder modified with ethylene–propylene–diene–monomer (EPDM) rubber waste from automobile industry', 'Clogging evaluation of open graded friction course mixes with EAF steel slag and modified binders', 'Aging characteristics of asphalt binders modified with waste tire and plastic pyrolytic chars', 'Characterization of thermal storage stability of waste plastic pyrolytic char modified asphalt binders with sulfur']"
Siddhartha Narayan Borah,"Assistant Professor, Biotechnology, Royal Global University. Post-Doc (IIT Guwahati)","Microbial Surfactants, Microbial Biotechnology, Environmental microbiology, Plant Pathology",1592,https://scholar.google.com/citations?hl=en&user=P1L8_RcAAAAJ,19,25,"['Membrane bioreactor and integrated membrane bioreactor systems for micropollutant removal from wastewater: A review', 'Production, characterization, and antifungal activity of a biosurfactant produced by Rhodotorula babjevae YS3', 'Rhamnolipid Biosurfactant against Fusarium verticillioides to Control Stalk and Ear Rot Disease of Maize', 'Selenite bioreduction and biosynthesis of selenium nanoparticles by Bacillus paramycoides SP3 isolated from coal mine overburden leachate', 'Antifungal properties of rhamnolipid produced by Pseudomonas aeruginosa DS9 against Colletotrichum falcatum', 'Fungi-derived agriculturally important nanoparticles and their application in crop stress management–Prospects and environmental risks', 'Sophorolipid Biosurfactant Can Control Cutaneous Dermatophytosis Caused by Trichophyton mentagrophytes', 'Rice based Distillers Dried Grains with Solubles as a low cost substrate for the production of a novel rhamnolipid biosurfactant having anti-biofilm activity against Candida\xa0…', 'Rhamnolipid produced by Pseudomonas aeruginosa SS14 causes complete suppression of wilt by Fusarium oxysporum f. sp. pisi in Pisum sativum', 'Biosurfactant of Pseudomonas aeruginosa JS29 against Alternaria solani: the causal organism of early blight of tomato']"
Kalishankar Bhattacharyya,Assistant Professor @ IIT Guwahati,"Computational Chemistry, Electrocatalysis, Photocatalysis, Machine Learning",1559,https://scholar.google.com/citations?hl=en&user=DONQcl4AAAAJ,22,36,"['Discriminative detection of nitro aromatic explosives by a luminescent metal–organic framework', 'Polymorphism controlled singlet fission in tips-anthracene: role of stacking orientation', 'Origin of the failure of density functional theories in predicting inverted singlet–triplet gaps', 'Radical activation of N–H and O–H bonds at bismuth (II)', 'Visible light driven efficient metal free single atom catalyst supported on nanoporous carbon nitride for nitrogen fixation', 'Controlled Pore Sizes in Monolayer C2N Act as Ultrasensitive Probes for Detection of Gaseous Pollutants (HF, HCN, and H2S)', 'External electric field control: driving the reactivity of metal-free azide–alkyne click reactions', 'Ultrafast Relaxation Dynamics of Luminescent Copper Nanoclusters (Cu7L3) and Efficient Electron Transfer to Functionalized Reduced Graphene Oxide', 'Fluorescence from an H-aggregated naphthalenediimide based peptide: photophysical and computational investigation of this rare phenomenon', 'Small organic molecules for efficient singlet fission: role of silicon substitution']"
Anamika Barua,IIT Guwahati,Environment and Economics,1532,https://scholar.google.com/citations?hl=en&user=YByehLYAAAAJ,19,29,"['Changing lifestyles and consumption patterns in developing countries: A scenario analysis for China and India', 'Climate change and poverty: building resilience of rural mountain communities in South Sikkim, Eastern Himalaya, India', 'Powering or sharing water in the Brahmaputra River basin', 'Water Diplomacy as an approach to regional cooperation in South Asia: A case from the Brahmaputra Basin', 'Strong or weak sustainability: A case study of emerging Asia', 'Power in water diplomacy', 'Re-Interpreting cooperation in transboundary waters: Bringing experiences from the Brahmaputra basin', 'Treaties can be a non-starter: a multi-track and multilateral dialogue approach for Brahmaputra Basin', 'Water policy at science–policy interface–challenges and opportunities for India', 'Assessment of interstate virtual water flows embedded in agriculture to mitigate water scarcity in I ndia (1996–2014)']"
Abhishek Kumar,"Indian Institute of Technology, Guwahati","Earthquake, seismic hazard, ground motion simulation, liquefaction hazard, earthquake early warning",1519,https://scholar.google.com/citations?hl=en&user=RM65YgoAAAAJ,21,39,"['Seismic site classification and correlation between standard penetration test N value and shear wave velocity for Lucknow City in Indo-Gangetic Basin', 'Ground motion prediction equation considering combined dataset of recorded and simulated ground motions', 'Seismic hazard analysis of Lucknow considering local and active seismic gaps', 'Experimental study on strength, durability, hydraulic and toxicity characteristics of soil treated with mine tailings based geopolymers for sustainable road subgrade application', 'Obtaining the surface PGA from site response analyses based on globally recorded ground motions and matching with the codal values', 'Seismic hazard assessment of the Shillong Plateau, India', 'Seismic source characterization for the Shillong Plateau in Northeast India', 'A review on the tectonic setting and seismic activity of  the Shillong plateau in the light of past studies', 'High Amplification factor for Low Amplitude Ground Motion: Assessment for Delhi', 'Seismic site classification and empirical correlation between standard penetration test N value and shear wave velocity for guwahati based on thorough subsoil investigation data']"
Farrukh Khalid,"Assistant Professor, Indian Institute of Technology, Guwahati","Thermochemical Cycles, LCA, Technoeconomic, Integrated Energy Systems, Hydrogen Production",1516,https://scholar.google.com/citations?hl=en&user=eHJAwuwAAAAJ,18,27,"['Energy and exergy analyses of a solar-biomass integrated cycle for multigeneration', 'Thermoeconomic analysis of a solar-biomass integrated multigeneration system for a community', 'Life cycle environmental impact comparison of solid oxide fuel cells fueled by natural gas, hydrogen, ammonia and methanol for combined heat and power generation', 'Analysis and assessment of an integrated hydrogen energy system', 'Techno-economic assessment of a renewable energy based integrated multigeneration system for green buildings', 'Techno-economic assessment of a solar-geothermal multigeneration system for buildings', 'Development and analysis of sustainable energy systems for building HVAC applications', 'Thermodynamic viability of a new three step high temperature Cu-Cl cycle for hydrogen production', 'Comparative assessment of two integrated hydrogen energy systems using electrolyzers and fuel cells', 'Climate action for the shipping industry: Some perspectives on the role of nuclear power in maritime decarbonization']"
Samit Bhattacharya,Indian Institute of Technology Guwahati,"Computer Science and Engineering, Human computer interaction, Augmented Reality, Virtual Reality",1491,https://scholar.google.com/citations?hl=en&user=iG_SLV8AAAAJ,18,34,"['Using deep and convolutional neural networks for accurate emotion classification on DEAP data', '“Are you feeling sick?”–A systematic literature review of cybersickness in virtual reality', 'Inflectional morphology synthesis for bengali noun, pronoun and verb systems', 'Performance models for automatic evaluation of virtual scanning keyboards', 'Towards affective touch interaction: predicting mobile user emotion from finger strokes', 'User model to design adaptable interfaces for motor-impaired users', 'ML-based intelligent real-time feedback system for blended classroom', 'Classification of web pages on attractiveness: A supervised learning approach', 'A computational model to predict aesthetic quality of text elements of GUI', ""A behavioral approach to modeling Indian children's ability of adopting to e-learning environment""]"
Yachee Gupta,Indian Institute of Technology Guwahati,"Deep Learning, Artificial Intelligence",1470,https://scholar.google.com/citations?hl=en&user=sQipWjYAAAAJ,3,3,"['A dataset and a technique for generalized nuclear segmentation for computational pathology', 'Self-attention Capsule Network for Tissue Classification in Case of Challenging Medical Image Statistics', 'Evaluation of crowdsourced mortality prediction models as a framework for assessing artificial intelligence in medicine.']"
Saurabh Basu,"Professor of Physics, IIT Guwahati",Theoretical Condensed Matter Physics,1459,https://scholar.google.com/citations?hl=en&user=hSEYVF8AAAAJ,18,42,"['Reentrant localization transition in a quasiperiodic chain', 'The pH taxis of an intelligent catalytic microbot', 'Circuit realization of a two-orbital non-Hermitian tight-binding chain', 'Critical analysis of the reentrant localization transition in a one-dimensional dimerized quasiperiodic lattice', 'Properties of the non-Hermitian SSH model: role of symmetry', 'Topological features of the Haldane model on a dice lattice: Flat-band effect on transport properties', 'Chemical locomotives based on polymer supported catalytic nanoparticles', 'Critical and topological phases of dimerized Kitaev chain in presence of quasiperiodic potential', 'Multiple charge-density-wave transitions in single-crystalline', 'Quantum Hall studies of a semi-Dirac nanoribbon']"
Kula Kamal Senapati,"Scientific Officer, IITGuwahati, Former Scientist, Tocklai Tea Research Institute","Biochemistry, Nanochemistry, Catalysis",1443,https://scholar.google.com/citations?hl=en&user=27XMrNsAAAAJ,17,23,"['Synthesis of highly stable CoFe2O4 nanoparticles and their use as magnetically separable catalyst for Knoevenagel reaction in aqueous medium', 'Synthesis of superparamagnetic Fe3O4 nanoparticles coated with green tea polyphenols and their use for removal of dye pollutant from aqueous solution', 'Palladium nanoparticle supported on cobalt ferrite: An efficient magnetically separable catalyst for ligand free Suzuki coupling', 'Adsorption of Cd (II) from aqueous solution onto pyrite', 'Removal of arsenic and fluoride from aqueous solution by biomass based activated biochar: optimization through response surface methodology', 'A facile synthesis of nanocrystalline CoFe2O4 embedded one-dimensional ZnO hetero-structure and its use in photocatalysis', 'CoFe2O4–ZnS nanocomposite: a magnetically recyclable photocatalyst', 'Newly developed Fe3O4–Cr2O3 magnetic nanocomposite for photocatalytic decomposition of 4-chlorophenol in water', 'Study on magnetic materials for removal of water pollutants', 'Photocatalytic degradation of methylene blue in water using CoFe2O4–Cr2O3–SiO2 fluorescent magnetic nanocomposite']"
Pamu Dobbidi,Indian Institute of Technology Guwahati,"high-k and low loss ceramics and thin films, ferroelectric",1438,https://scholar.google.com/citations?hl=en&user=cubNh5kAAAAJ,20,52,"['Enhanced dielectric and piezoelectric properties of BNT-KNNG piezoelectric ceramics', 'Advancements in electromagnetic microwave absorbers: Ferrites and carbonaceous materials', 'Enhanced microwave absorbing performance of Sr2+ substituted Nickel-Cobalt nano ferrite for radar and stealth applications', 'Effect of thickness on optical and microwave dielectric properties of Hydroxyapatite films deposited by RF magnetron sputtering', 'The effect of La doping on multiferroic BiFeO3 ceramic through structural, dielectric, magnetic, ferroelectric, and optical studies', 'Structural, electrical properties and stability in microwave dielectric properties of (1− x) MgTiO3-x SrTiO3 composite ceramics', 'Temperature-dependent broadband dielectric and ferroelectric properties of Ba(1−x)SrxTiO3 ceramics for energy storage capacitor applications', 'Co substituted Ni–Zn ferrites with tunable dielectric and magnetic response for high-frequency applications', 'Development of spinel ferrite-based composites for efficient EMI shielding', 'Impedance Spectroscopy and ac Conductivity in Ba0.5Sr0.5TiO3–Ca10(PO4)6(OH)2 Ceramic Composites: An Electrical Approach to Unveil Biocomposites']"
Boeing Laishram,IIT Guwahati,"Public Private Partnerships, Construction Management, Project Finance, Infrastructure Planning and Management",1410,https://scholar.google.com/citations?hl=en&user=p567i2YAAAAJ,20,32,"['Traffic revenue risk management through Annuity Model of PPP road projects in India', 'Sustainable infrastructure development challenges through PPP procurement process: Indian perspective', 'Infrastructure development through PPPs in India: Criteria for sustainability assessment', 'Criteria influencing debt financing of Indian PPP road projects: a case study', 'Issues in promoting sustainability in mega infrastructure projects: a systematic review', 'Life cycle energy analysis of buildings: A systematic review', 'Effect of energy from waste technologies on the risk profile of public-private partnership waste treatment projects of India', 'Sustainability of Indian PPP procurement process: Development of strategies for enhancement', 'Bundling in public–private partnership projects–a conceptual framework', 'Public‒private partnerships from sustainability perspective–a critical analysis of the Indian case']"
Ashok Kumar Dasmahapatra,"Department of Chemical ERngineering, Indian Insitute of Technology Guwahati","Complex fluids, polymer physics, biological physics, nanoscience, structure-property relationship.",1405,https://scholar.google.com/citations?hl=en&user=72uPoEgAAAAJ,22,40,"['Synthesis of polyaniline/graphene/MoS2 nanocomposite for high performance supercapacitor electrode', 'Hierarchical PANI-RGO-ZnO ternary nanocomposites for symmetric tandem supercapacitor', 'Graphene based PANI/MnO2 nanocomposites with enhanced dielectric properties for high energy density materials', 'Hierarchical Nylon-6/reduced graphene oxide/polyaniline nanocomposites with enhanced dielectric properties for energy storage applications', 'Preparation of cross-linked PANI/PVA conductive hydrogels for electrochemical energy storage and sensing applications', 'Graphene based multifunctional superbots', 'Oil-Water Two-Phase Flow Characteristics in Horizontal Pipeline – A Comprehensive CFD Study', 'Caffeine destabilizes preformed Aβ protofilaments: Insights from all atom molecular dynamics simulations', 'Destabilization potential of phenolics on Aβ fibrils: Mechanistic insights from molecular dynamics simulation', 'Mixed surfactant-mediated synthesis of hierarchical PANI nanorods for an enzymatic glucose biosensor']"
Prashant W Patil,"Assistant Professor, IIT Guwahati || Post-Doc, Deakin University, Australia || PhD IIT Ropar …","Computer Vision, Object Segmentation, Restoration",1398,https://scholar.google.com/citations?hl=en&user=ab-0SqYAAAAJ,21,28,"['NTIRE 2023 challenge on stereo image super-resolution: Methods and results', 'Deep underwater image restoration and beyond', 'MSFgNet: A novel compact end-to-end deep network for moving object detection', 'Multi-weather image restoration via domain translation', 'An end-to-end edge aggregation network for moving object segmentation', 'Varicolored image de-hazing', 'An unified recurrent video object segmentation framework for various surveillance environments', 'Multi‐frame based adversarial learning approach for video surveillance', 'MsEDNet: Multi-scale deep saliency learning for moving object detection', 'An end-to-end network for image de-hazing and beyond']"
Ravindranath Adda,Indian Institute of Technology Guwahati,Power Electronics and Applications,1374,https://scholar.google.com/citations?hl=en&user=Oas6qLMAAAAJ,16,21,"['Analysis and PWM control of switched boost inverter', 'Synchronous-reference-frame-based control of switched boost inverter for standalone DC nanogrid applications', 'Inverse Watkins–Johnson topology-based inverter', 'A PWM control strategy for switched boost inverter', 'Current-fed switched inverter based hybrid topology for DC nanogrid application', 'Power transfer using portable surfaces in capacitively coupled power transfer technology', 'Switched-boost inverter based on inverse Watkins-Johnson topology', 'Integration of boost-type active power decoupling topology with single-phase switched boost inverter', 'DSP based PWM control of Switched Boost Inverter for DC nanogrid applications', 'Derivation and characterization of switched-boost inverter']"
Prateek Vij,Indian Institute of Technology Guwahati,"Sentic Computing, Natural Language Processing, Machine Learning",1370,https://scholar.google.com/citations?hl=en&user=Kqrmj9YAAAAJ,5,5,"['Multi-attention recurrent network for human communication comprehension', 'A deeper look into sarcastic tweets using deep convolutional neural networks', 'Modeling inter-aspect dependencies for aspect-based sentiment analysis', 'Elliptic curve cryptography based mechanism for secure Wi-Fi connectivity', 'Unsupervised pre-training on improving the performance of neural network in regression', 'A scalable and adaptive convolutional neural network accelerator', 'Elliptic Curve Cryptography Based', 'An Experience with Multi-sensor Robot for Adaptive Human Sensing']"
Adil Hussain Seh,Institute Post Doctoral Fellow IIT Guwahati,"Cybersecurity, Machine Learning",1358,https://scholar.google.com/citations?hl=en&user=-MnwfkwAAAAJ,12,12,"['Healthcare data breaches: insights and implications', 'Software security estimation using the hybrid fuzzy ANP-TOPSIS approach: Design tactics perspective', 'Analyzing the impact of cyber security related attributes for intrusion detection systems', 'Healthcare data breaches: Insights and implications. Healthcare, 8 (2), 133', 'Healthcare Device Security Assessment through Computational Methodology', 'An Analysis of Integrating Machine Learning in Healthcare for Ensuring Confidentiality of the Electronic Records', 'Machine Learning Based Framework for Maintaining Privacy of Healthcare Data.', 'A review on heart disease prediction using machine learning techniques', 'Hybrid computational modeling for web application security assessment', 'Multi-Level Hesitant Fuzzy Based Model for Usable-Security Assessment']"
Amit Shelke,Indian Institute of Technology Guwahati,Structural Health Monitoring,1347,https://scholar.google.com/citations?hl=en&user=VOAu1jcAAAAJ,20,38,"['Method for aortic wall strain measurement with three-dimensional ultrasound speckle tracking and fitted finite element analysis', 'Mode-selective excitation and detection of ultrasonic guided waves for delamination detection in laminated aluminum plates', 'A probabilistic framework for source localization in anisotropic composite using transfer learning based multi-fidelity physics informed neural network (mfPINN)', 'Strain measurement of abdominal aortic aneurysm with real-time 3D ultrasound speckle tracking', 'Resolution limit of a phononic crystal superlens', 'Effect of arching on uplift capacity of pile groups in sand', 'Mechanical characterization of sintered piezo-electric ceramic material using scanning acoustic microscope', 'Wave guiding and wave modulation using phononic crystal defects', 'Quantitative Ultrasonic Characterization of c-axis oriented polycrystalline AlN thin film for smart device application', 'Scanning acoustic microscopy—a novel noninvasive method to determine tumor interstitial fluid pressure in a xenograft tumor model']"
Ruchika Gupta,IIT Guwahati,"Secured NoC Designs, NoC based TCMP, Location Privacy, Data Security, Location Based Services",1345,https://scholar.google.com/citations?hl=en&user=We3__eMAAAAJ,8,6,"['An Exploration to Location Based Service and Its Privacy Preserving Techniques: A Survey', 'Achieving location privacy through CAST in location based services', 'Deposition angle prediction of Fused Deposition Modeling process using ensemble machine learning', 'Packet header attack by hardware trojan in NoC based TCMP and its impact analysis', 'A hybrid location privacy solution for mobile LBS', 'Towards privacy preserving unstructured big data publishing', 'Pre-analytical error in a hematology laboratory: an avoidable cause of compromised quality in reporting', 'Invariant solutions of variable coefficients generalized Gardner equation', 'A hospital-based multi-centric study to determine the clinico-epidemiological profile of intussusception in children< 2 years in Rajasthan, India', ""CD10 expression pattern in prostatic adenocarcinoma: Elucidation of differences between Gleason's grades""]"
Pankaj Kumar Mishra,"Associate Professor, Department of Physics, IIT Guwahati, India","Bose-Einstein Condensates, Turbulent Convection, Quantum turbulence, non-equilibrium statistical",1334,https://scholar.google.com/citations?hl=en&user=mnupjlEAAAAJ,21,35,"['Presence of horizon makes particle motion chaotic', 'Dynamics of reorientations and reversals of large-scale flow in Rayleigh–Bénard convection', 'Energy spectra and fluxes for Rayleigh-Bénard convection', 'Shear localization in three-dimensional amorphous solids', 'Dynamics of reversals and condensates in two-dimensional Kolmogorov flows', 'Horizon induces instability locally and creates quantum thermality', 'Scaling of heat flux and energy spectrum for very large Prandtl number convection', 'Dynamics of the density of quantized vortex lines in superfluid  turbulence', 'Induction of chaotic fluctuations in particle dynamics in a uniformly accelerated frame', 'Magnetic ground state, field-induced transitions, electronic structure, and optical band gap of the frustrated antiferromagnet']"
Sayan Chakrabarti,"Associate Professor of Physics, IIT Guwahati",General Relativity,1333,https://scholar.google.com/citations?hl=en&user=5BhI0UwAAAAJ,20,27,"['Floating and sinking: The Imprint of massive scalars around rotating black holes', 'Relation for Rapidly Rotating Neutron Stars', 'Study on black hole shadows in asymptotically de Sitter spacetimes', 'New perspectives on neutron star and black hole spectroscopy and dynamic tides', 'Limitations of the pseudo-Newtonian approach in studying the accretion flow around a Kerr black hole', 'Effective action and linear response of compact objects in Newtonian gravity', 'Quasinormal modes and greybody factors of the novel four dimensional Gauss–Bonnet black holes in asymptotically de Sitter space time: scalar, electromagnetic and Dirac\xa0…', 'Quasinormal modes for tensor and vector type perturbation of Gauss Bonnet black hole using third order WKB approach', 'A note on electromagnetic and gravitational perturbations of the Bardeen de Sitter black hole: quasinormal modes and greybody factors', 'Nonlinearly charged black holes: shadow and thin-accretion disk']"
SV Rao,Indian Institute of Technology Guwahati,"Computational Geometry, Wireless sensor networks",1330,https://scholar.google.com/citations?hl=en&user=MG2yMyoAAAAJ,20,29,"['Capacitated next controller placement in software defined networks', 'Optimal model for failure foresight capacitated controller placement in software-defined networks', 'Controller placement in software defined networks: A comprehensive survey', 'Geographic routing in clustered wireless sensor networks among obstacles', 'Cooperative game theory based network partitioning for controller placement in SDN', 'Towards improving resilience of controller placement with minimum backup capacity in software defined networks', 'Directional greedy routing protocol (DGRP) in mobile ad-hoc networks', 'Sleep Scheduling Protocol for -Coverage of Three-Dimensional Heterogeneous WSNs', 'Ns3 simulator for a study of data center networks', 'Analysis of coverage under border effects in three-dimensional mobile sensor networks']"
DC Dalal,Indian Institute of Technology Guwahati,"Fluid Mechanics, CFD, Bio mathematics, Multiscale",1324,https://scholar.google.com/citations?hl=en&user=iY2h59cAAAAJ,16,24,"['A class of higher order compact schemes for the unsteady two‐dimensional convection–diffusion equation with variable convection coefficients', 'A transformation‐free HOC scheme for steady convection–diffusion on non‐uniform grids', 'Fully compact higher-order computation of steady-state natural convection in a square cavity', 'A transient higher order compact scheme for incompressible viscous flows on geometries beyond rectangular', 'A fourth-order accurate compact scheme for the solution of steady Navier–Stokes equations on non-uniform grids', 'Transverse concentration distribution in an open channel flow with bed absorption: A multi-scale approach', 'Size distributions of suspended particles in open channel flow over bed materials', 'Unsteady heat transfer to pulsatile flow of a dusty viscous incompressible fluid in a channel', 'Pulsatile flow and heat transfer of a dusty fluid through an infinitely long annular pipe', 'Influence of bed roughness on sediment suspension: experimental and theoretical studies']"
"Amrita Devi Khwairakpam, PhD",IIT Guwahati,Cancer Biology,1320,https://scholar.google.com/citations?hl=en&user=nIA13OwAAAAJ,11,11,"['An update on pharmacological potential of boswellic acids against chronic diseases', 'Phytochemicals in cancer cell chemosensitization: Current knowledge and future perspectives', 'Possible use of Punica granatum (Pomegranate) in cancer therapy', 'ATP citrate lyase (ACLY): a promising target for cancer prevention and treatment', 'Acorus calamus: a bio-reserve of medicinal values', 'NGAL is downregulated in oral squamous cell carcinoma and leads to increased survival, proliferation, migration and chemoresistance', 'The vital role of ATP citrate lyase in chronic diseases', 'Orai-1 and Orai-2 regulate oral cancer cell migration and colonisation by suppressing Akt/mTOR/NF-κB signalling', 'Vietnamese coriander inhibits cell proliferation, survival and migration via suppression of Akt/mTOR pathway in oral squamous cell carcinoma.', 'Chemoresistance in brain cancer and different chemosensitization approaches']"
Prabu Vairakannu,IIT Guwahati,"Combustion, Gasification",1319,https://scholar.google.com/citations?hl=en&user=AHJCGaUAAAAJ,23,37,"['Coalbed methane with CO2 sequestration: An emerging clean coal technology in India', 'Simulation of cavity formation in underground coal gasification using bore hole combustion experiments', 'Prospects and issues of integration of co-combustion of solid fuels (coal and biomass) in chemical looping technology', 'Laboratory scale studies on simulated underground coal gasification of high ash coals for carbon-neutral power generation', 'Integration of underground coal gasification with a solid oxide fuel cell system for clean coal utilization', 'Energy analysis on Coalbed Methane (CBM) coupled power systems', 'Underground coal-air gasification based solid oxide fuel cell system', 'Experimental and kinetic studies on in-situ CO2 gasification based chemical looping combustion of low ash coal using Fe2O3 as the oxygen carrier', 'Experimental studies on humidified/water influx O2 gasification for enhanced hydrogen production in the context of underground coal gasification', 'CO2-air based two stage gasification of low ash and high ash Indian coals in the context of underground coal gasification']"
Ashwini Kumar Sharma,"Professor, Department of Physcis, IIT Guwahati","Plasma Physics, Pulsed Laser Ablation and Deposition, Laser Induced Breakdown Spectroscopy, Plasmonics",1312,https://scholar.google.com/citations?hl=en&user=H-kqeboAAAAJ,20,36,"['Potentials and limits of mid-infrared laser spectroscopy for the detection of explosives', 'Plume dynamics of laser-produced aluminum plasma in ambient nitrogen', 'Phase transformation in room temperature pulsed laser deposited TiO2 thin films', 'Effective control of particle size, surface plasmon resonance and stoichiometry of Cu@ CuxO nanoparticles synthesized by laser ablation of Cu in distilled water', 'Temperature controlled 1T/2H phase ratio modulation in mono-and a few layered MoS2 films', 'Pulsed laser ablation of aluminum in the presence of nitrogen: Formation of aluminum nitride', 'Electrostatic measurement of plasma plume characteristics in pulsed laser evaporated carbon', 'Spectroscopic investigations of carious tooth decay', 'Characterization of laser-produced aluminum plasma in ambient atmosphere of nitrogen using fast photography', 'Reactive pulsed laser ablation: Plasma studies']"
Sougata Karmakar,"Department of Design, Indian Institute of Technology (IIT) Guwahati","Ergonomics, Human Factors, Occupational health and Safety",1311,https://scholar.google.com/citations?hl=en&user=r4R2dksAAAAJ,20,37,"['Emotion and interior space design: an ergonomic perspective', 'Application of digital human modeling and simulation for vision analysis of pilots in a jet aircraft: a case study', 'Occupational ergonomics research and applied contextual design implementation for an industrial shop-floor workstation', 'Digital human modeling (DHM) for improving work environment for specially-abled and elderly: CM Maurya et al.', 'Emerging OSH issues in installation and maintenance of floating solar photovoltaic projects and their link with sustainable development goals', 'Muscle computer interface: A review', 'Motorcycle riding posture: A review', 'Socio-economic and environmental changes with transition from shifting to settled cultivation in North-Eastern India: an ergonomics perspective.', 'Musculoskeletal ailments in Indian injection-molded plastic furniture manufacturing shop-floor: Mediating role of work shift duration', 'Designing and ergonomic evaluation of a shoe-rack in CAD environment']"
Binoy Krishna Hazra,"Assistant Professor, Dept. of Physics, IIT Guwahati","Magnetism, Spintronics, Quantum materials",1310,https://scholar.google.com/citations?hl=en&user=pGlHMnYAAAAJ,19,28,"['Three-dimensional racetrack memory devices designed from freestanding magnetic heterostructures', 'Magnetic skyrmions in a thickness tunable 2D ferromagnet from a defect driven Dzyaloshinskii–Moriya interaction', 'Setting of the magnetic structure of chiral kagome antiferromagnets by a seeded spin-orbit torque', 'Observation of Néel-type skyrmions in acentric self-intercalated Cr1+δTe2', 'A comparative study on structural, dielectric and multiferroic properties of CaFe2O4/BaTiO3 core-shell and mixed composites', 'Long-range supercurrents through a chiral non-collinear antiferromagnet in lateral Josephson junctions', 'Effect of sintering temperature on structural, dielectric, piezoelectric and ferroelectric properties of sol–gel derived BZT-BCT ceramics', 'Hierarchical Mesoporous In2O3 with Enhanced CO Sensing and Photocatalytic Performance: Distinct Morphologies of In(OH)3 via Self Assembly Coupled in Situ\xa0…', 'Generation of out-of-plane polarized spin current by spin swapping', 'Chiral antiferromagnetic Josephson junctions as spin-triplet supercurrent spin valves and dc SQUIDs']"
Jatindra Kumar Deka,"Professor, CSE Department, IIT Guwahati",,1301,https://scholar.google.com/citations?hl=en&user=yCTfZRwAAAAJ,15,28,"['Development of decadal (1985–1995–2005) land use and land cover database for India', 'An outlier detection method based on clustering', 'Plant diversity patterns and conservation status of eastern Himalayan forests in Arunachal Pradesh, Northeast India', 'Remote sensing based deforestation analysis in Mahanadi and Brahmaputra river basin in India since 1985', 'Tree diversity assessment and above ground forests biomass estimation using SAR remote sensing: A case study of higher altitude vegetation of North-East Himalayas, India', 'Development of decadal (1985–1995–2005) land use and land cover database for India. Remote Sens 7: 2401–2430', 'Impact of NoC interconnect shorts on performance metrics', 'Reliability-aware test methodology for detecting short-channel faults in on-chip networks', 'An optimal diagnosis of noc interconnects on activation of diagonal routers', 'Detection of faulty interswitch links in 2-d mesh network-on-chips']"
Tarak Nath Dey,Indian Institute of Technology Guwahati,Quantum Optics,1289,https://scholar.google.com/citations?hl=en&user=2eVXyC4AAAAJ,18,29,"['Knob for changing light propagation from subluminal to superluminal', 'Slow light in Doppler-broadened two-level systems', 'Phase-induced transparency-mediated structured-beam generation in a closed-loop tripod configuration', 'Observable effects of Kerr nonlinearity on slow light', 'Storage and retrieval of light pulses at moderate powers', 'Sub-and superluminal propagation of intense pulses in media with saturated and reverse absorption', 'Optical cloning of arbitrary images beyond the diffraction limits', 'Competition between electromagnetically induced transparency and Raman processes', 'Nondiffracting optical beams in a three-level Raman system', 'Non‐electromagnetically induced transparency mechanisms for slow light']"
Rajkumar P. Thummer,"Assistant Professor, Indian Institute of Technology Guwahati, Guwahati, Assam, India","Stem Cell Biology, Cell Reprogramming, Epigenetics, Cancer, Ageing",1270,https://scholar.google.com/citations?hl=en&user=O0N3ArYAAAAJ,20,36,"['An insight into non-integrative gene delivery approaches to generate transgene-free induced pluripotent stem cells', 'An insight into reprogramming barriers to iPSC generation', 'An insight into DNA-free reprogramming approaches to generate integration-free induced pluripotent stem cells for prospective biomedical applications', 'CRISPR and iPSCs: Recent developments and future perspectives in neurodegenerative disease modelling, research and therapeutics', 'An overview on promising somatic cell sources utilized for the efficient generation of induced pluripotent stem cells', 'Undifferentiated embryonic cell transcription factor 1 regulates ESC chromatin organization and gene expression', 'Characterization of human UTF1, a chromatin-associated protein with repressor activity expressed in pluripotent cells', 'Excision of viral reprogramming cassettes by Cre protein transduction enables rapid, robust and efficient derivation of transgene-free human induced pluripotent stem cells', 'Nanog induces suppression of senescence through downregulation of p27KIP1 expression', 'An overview of reprogramming approaches to derive integration-free induced pluripotent stem cells for prospective biomedical applications']"
Vibhav Bharadwaj,"Assistant Professor, Deptartment of Physics, Indian Institute of Technology (IIT) Guwahati","Femtosecond laser micromachining, Diamond quantum photonics, Ion implantation, Quantum Optics",1258,https://scholar.google.com/citations?hl=en&user=N6cl7a4AAAAJ,17,24,"['Roadmap on all-optical processing', 'Diamond photonics platform enabled by femtosecond laser writing', 'Integrated waveguides and deterministically positioned nitrogen vacancy centers in diamond created by femtosecond laser writing', 'Femtosecond laser written photonic and microfluidic circuits in diamond', 'Quantum Micro–Nano Devices Fabricated in Diamond by Femtosecond Laser and Ion Irradiation (Adv. Quantum Technol. 5‐6/2019)', 'Femtosecond laser inscription of Bragg grating waveguides in bulk diamond', 'Ablation of Copper Metal Films by Femtosecond Laser Multipulse Irradiation', 'Visible to Infrared Diamond Photonics Enabled by Focused Femtosecond Laser Pulses', 'Origin of femtosecond laser induced periodic nanostructure on diamond', 'Polarized micro-Raman studies of femtosecond laser written stress-induced optical waveguides in diamond']"
SIL Arunansu,"Faculty at Department of Physics, IIT Guwahati","High Energy Physics, Cosmology",1256,https://scholar.google.com/citations?hl=en&user=3HGfO_8AAAAJ,21,43,"['Imprint of the seesaw mechanism on feebly interacting dark matter and the baryon asymmetry', 'Nonzero  and leptogenesis in a type-I seesaw model with  symmetry', 'Two component dark matter with inert Higgs doublet: neutrino mass, high scale validity and collider searches', 'Two component dark matter: a possible explanation of 130 GeV γ-ray line from the galactic centre', 'Minimal two-component scalar doublet dark matter with radiative neutrino mass', 'Scalar assisted singlet doublet fermion dark matter model and electroweak vacuum stability', 'Warm dark matter in a  inverse seesaw scenario', 'Study of electroweak vacuum stability from extended Higgs portal of dark matter and neutrinos', 'realization of the inverse seesaw mechanism: Neutrino masses, , and leptonic nonunitarity', 'Flavor origin of dark matter and its relation with leptonic nonzero θ 13 and Dirac CP phase δ']"
Sachin Singh Gautam,"Department of Mechanical Engineering, IIT Guwahati, Guwahati, Assam India","Computational Mechanics, Isogeometric Analysis, Contact, Fatigue, Machine Learning",1236,https://scholar.google.com/citations?hl=en&user=rW3-iDMAAAAJ,18,34,"['Application of Machine Learning and Deep Learning in Finite Element Analysis: A Comprehensive Review', 'A Bayesian regularization-backpropagation neural network model for peeling computations', 'IGA: A Simplified Introduction and Implementation Details for Finite Element Users', 'GPU-warp based finite element matrices generation and assembly using coloring method', 'Plasticity Fundamentals and Applications', 'GPU-based matrix-free finite element solver exploiting symmetry of elemental matrices', 'Experimental and numerical investigation of the bending fatigue performance of symmetric and asymmetric polymer gears', 'Varying-order NURBS discretization: An accurate and efficient method for isogeometric analysis of large deformation contact problems', 'A comprehensive isogeometric analysis of frictional Hertz contact problem', 'Effect of geometric imperfections on anchor loss and characterisation of a gyroscope resonator with high quality factor']"
Prof. Pradip K. Das,IIT Guwahati,"Speech Processing, Pattern Recognition",1230,https://scholar.google.com/citations?hl=en&user=uR1apqsAAAAJ,17,36,"['CMFD: a detailed review of block based and key feature based techniques in image copy‐move forgery detection', 'Gastrovision: A multi-class endoscopy image dataset for computer aided gastrointestinal disease detection', 'i-Vectors in speech processing applications: a survey', 'Geometric transformation invariant block based copy-move forgery detection using fast and efficient hybrid local features', 'Swaranjali: isolated word recognition for Hindi language using VQ and HMM', 'Controlpolypnet: Towards controlled colon polyp synthesis for improved polyp segmentation', 'Face recognition using MB-LBP and PCA: a comparative study', 'Keypoints based enhanced multiple copy‐move forgeries detection system using density‐based spatial clustering of application with noise clustering algorithm', 'A knowledge based approach using fuzzy inference rules for vowel recognition.', 'Copy-move tampering detection based on local binary pattern histogram fourier feature']"
DR Nilufa Khatun,"Indian Institute of Technology Guwahati, Harimohan Ghose College Kolkata","CH activation, heterocycles synthesis, visible light mediated synthesis, Green Chemistry",1226,https://scholar.google.com/citations?hl=en&user=5oI_rnAAAAAJ,23,31,"['Tandem regioselective synthesis of tetrazoles and related heterocycles using iodine', 'Directing group assisted copper-catalyzed chemoselective O-aroylation of phenols and enols using alkylbenzenes', 'Oxidant controlled regioselective mono-and di-functionalization reactions of coumarins', 'Generation of bis-acyl ketals from esters and benzyl amines under oxidative conditions', 'Palladium-Catalyzed Synthesis of 2-Aryl-2H-Benzotriazoles from Azoarenes and TMSN3', 'Copper(i)-promoted cycloalkylation–peroxidation of unactivated alkenes via sp3 C–H functionalisation', 'A one pot synthesis of [1, 3, 4]-oxadiazoles mediated by molecular iodine', 'Divergent reactivities of o-haloanilides with CuO nanoparticles in water: a green synthesis of benzoxazoles and o-hydroxyanilides', 'Visible-light photoredox-catalyzed hydroalkoxymethylation of activated alkenes using α-silyl ethers as alkoxymethyl radical equivalents', 'A one-pot strategy for the synthesis of 2-aminobenzothiazole in water by copper catalysis']"
Bosanta R. Boruah,"Professor of Physics, IIT Guwahati","Diffractive optics, Optical microscopy, High NA focusing",1191,https://scholar.google.com/citations?hl=en&user=3oCO7HYAAAAJ,17,28,"['Stimulated emission depletion microscopy with a supercontinuum source and fluorescence lifetime imaging', 'Dynamic manipulation of a laser beam using a liquid crystal spatial light modulator', 'Improved wavefront reconstruction algorithm for Shack–Hartmann type wavefront sensors', 'Focal field computation of an arbitrarily polarized beam using fast Fourier transforms', 'Zonal wavefront sensing using an array of gratings', 'Laser scanning confocal microscope with programmable amplitude, phase, and polarization of the illumination beam', 'Susceptibility to and correction of azimuthal aberrations in singular light beams', 'Minerals and functional groups present in the jackfruit seed: a spectroscopic investigation', 'The generation of arbitrary vector beams using a division of a wavefront-based setup', 'Leveraging the orthogonality of Zernike modes for robust free-space optical communication']"
Rishikesh Bharti,Indian Institute of Technology Guwahati,"Geoinformatics, Snow/Glaciers, Cryosphere, Glaciology, Natural Hazards",1188,https://scholar.google.com/citations?hl=en&user=_HClKrEAAAAJ,16,29,"['Remote sensing and GIS', 'Hyperspectral remote sensing and geological applications', 'Soil erosion and sediment yield assessment using RUSLE and GIS-based approach in Anjeb watershed, Northwest Ethiopia', 'Modelling point mass balance for the glaciers of the Central European Alps using machine learning techniques', 'Role of effective discharge on morphological changes for a regulated macrochannel river system', 'Soil erosion and sediment yield assessment using RUSLE and GIS-based approach in Anjeb watershed, Northwest Ethiopia. SN Appl Sci 3 (5): 1–19', 'A field technique for rapid lithological discrimination and ore mineral identification: Results from Mamandur Polymetal Deposit, India', 'Causes and effects of Shisper glacial lake outburst flood event in Karakoram in 2022', 'Glacial burst triggered by triangular wedge collapse: a study from Trisul Mountain near Ronti glacier valley', 'Thermal inertia mapping and its application in mineral exploration: results from Mamandur polymetal prospect, India']"
Sachin Kumar,"EEE Department, IIT Guwahati","Reconfigurable Intelligent Surface, Metasurface, Antennas, Arrays",1188,https://scholar.google.com/citations?hl=en&user=-iYaYPYAAAAJ,13,26,"['Parasite cyclophilins and antiparasite activity of cyclosporin A', 'Inheritance of seed size in chickpea', 'Cloning and expression of DiT33 from Dirofilaria immitis: a specific and early marker of heartworm infection', 'Variability studies in okra (Abelmoschus esculentus L. Moench)', 'Operative intervention for carotid restenosis is safe and effective', 'Genetic analysis of different components of crop duration in chickpea.', 'Smoking increases risk of pulmonary tuberculosis', 'A systematic review of the impacts of active military service on sexual and reproductive health outcomes among servicewomen and female veterans of armed forces', 'Studies on desorption of fluoride from activated alumina', 'Physiological requirement for cultivation of Malaysian strain of shiitake, Lentinula edodes']"
Dr. Abhijit Kakati,"Assistant Professor, Chemical Engineering, IIT Guwahati","EOR, Rock-fluid Interaction, Demulsification, Flow Assurance, Advance Materials",1174,https://scholar.google.com/citations?hl=en&user=TOpF3JIAAAAJ,14,14,"['Comprehensive review on the role of surfactants in the chemical enhanced oil recovery process', 'Effect of Monovalent and Divalent Salts on the Interfacial Tension of Pure Hydrocarbon-Brine Systems Relevant for Low Salinity Water Flooding', 'Synergistic effect of mixed anionic and cationic surfactant systems on the interfacial tension of crude oil-water and enhanced oil recovery', 'Low salinity polymer flooding: effect on polymer rheology, injectivity, retention, and oil recovery efficiency', 'Thermodynamic characterization of H2-brine-shale wettability: Implications for hydrogen storage at subsurface', 'A review on advanced nanoparticle-induced polymer flooding for enhanced oil recovery', 'Wettability alteration of mineral surface during low-salinity water flooding: role of salt type, pure alkanes, and model oils containing polar components', 'Oil Recovery Efficiency and Mechanism of Low Salinity-Enhanced Oil Recovery for Light Crude Oil with a Low Acid Number', 'Stability of nanoparticle stabilized oil-in-water Pickering emulsion under high pressure and high temperature conditions: Comparison with surfactant stabilized oil-in-water\xa0…', 'Rock-wettability impact on CO2-carbonate rock interaction and the attendant effects on CO2Storage in carbonate reservoirs']"
Dilwar Hussain,Indian Institute of Technology Guwahati,"Positive Psychology, Psychology of Trauma",1168,https://scholar.google.com/citations?hl=en&user=1abktYAAAAAJ,15,20,"['Posttraumatic stress and growth among Tibetan refugees: The mediating role of cognitive‐emotional regulation strategies', 'Psychology of meditation and health: Present status and future directions', 'Cross-cultural challenges to the construct “posttraumatic growth”', 'Current status and future directions for cultural intelligence', 'Meta-cognition in mindfulness: A conceptual analysis', 'Posttraumatic growth experiences among Tibetan refugees: A qualitative investigation', 'Cultural factors promoting coping among Tibetan refugees: A qualitative investigation', 'Spirituality, religion, and health: Reflections and issues', 'The impact of inclusive education on academic motivation, academic self-efficacy, and well-being of students with learning disability', 'Development and validation of the Refugee Trauma Experience Inventory.']"
Arupjyoti Saikia,Indian Institute of Technology Guwahati,"Envrionmental History & Political History of …, Environmental History of Brahmaputra, Forests and Ecological History",1162,https://scholar.google.com/citations?hl=en&user=yRXBn_sAAAAJ,17,29,"['Forests and ecological history of Assam, 1826-2000', 'The unquiet river: A biography of the Brahmaputra', 'Understanding the Evidence Base for Poverty-Environment Relationships using Remotely Sensed Satellite Data: An Example from Assam, India""', 'A Century of Protests: Peasant Politics in Assam since 1900', 'History in the Vernacular', 'Early twentieth century agrarian Assam: A brief and preliminary overview', 'Forest land and peasant struggles in Assam, 2002–2007', 'State, peasants and land reclamation: The predicament of forest conservation in Assam, 1850s–1980s', 'Jungles, reserves, wildlife: A history of forests in Assam', 'The Kaziranga National Park: dynamics of social and political history']"
Dr. Th Babita Devi,Postdoctoral Researcher at  Indian Institute of Technology Guwahati,"Nanomaterial, catalyst, adsorption, cancer-biology",1162,https://scholar.google.com/citations?hl=en&user=iNheke4AAAAJ,13,15,"['Inflammation, NF-κB, and chronic diseases: how are they linked?', 'Phytochemicals in cancer cell chemosensitization: Current knowledge and future perspectives', 'A rapid, facile and green synthesis of Ag@ AgCl nanoparticles for the effective reduction of 2, 4-dinitrophenyl hydrazine', 'Biomass derived activated carbon loaded silver nanoparticles: an effective nanocomposites for enhanced solar photocatalysis and antimicrobial activities', 'Photo-catalytic activity of Plasmonic Ag@ AgCl nanoparticles (synthesized via a green route) for the effective degradation of Victoria Blue B from aqueous phase', 'Bio-inspired facile and green fabrication of Au@ Ag@ AgCl core–double shells nanoparticles and their potential applications for elimination of toxic emerging pollutants: a\xa0…', 'Bio-inspired sustainable and green synthesis of plasmonic Ag/AgCl nanoparticles for enhanced degradation of organic compound from aqueous phase', 'Photodegradation of methyl violet 6B and methylene blue using tin-oxide nanoparticles (synthesized via a green route)', 'Effect of Cr/Sb doping and annealing on nonlinear absorption coefficients of SnO2/PMMA nanocomposite films', 'Facile preparation of copper nanaoparticles using Coccinia grandis fruit extract and its application towards the reduction of toxic nitro compound']"
Dr. Lal Mohan Kundu,"Professor, Department of Chemistry, IIT Guwahati, India","Organic synthesis, DNA chemistry, Peptide synthesis, Drug delivery",1155,https://scholar.google.com/citations?hl=en&user=tzLi0psAAAAJ,18,23,"['The mechanism of action of DNA photolyases', 'RNA is more UV resistant than DNA: The formation of UV‐induced DNA lesions is strongly sequence and conformation dependent', 'Experimental investigation of molasses as a sole nutrient for the production of an alternative metabolite biosurfactant', 'Mixed matrix membranes for carbon capture and sequestration: challenges and scope', 'Development of a photoresponsive chitosan conjugated prodrug nano-carrier for controlled delivery of antitumor drug 5-fluorouracil', 'Synthesis of functionalized silk-coated chitosan-gold nanoparticles and microparticles for target-directed delivery of antitumor agents', 'Synthesis of highly fluorescent, amine-functionalized carbon dots from biotin-modified chitosan and silk-fibroin blend for target-specific delivery of antitumor agents', 'Cleavable substrate containing molecular beacons for the quantification of DNA‐photolyase activity', 'Biochemical characterization of a stable azoreductase enzyme from Chromobacterium violaceum: application in industrial effluent dye degradation', 'Enhanced melanoidin removal by amine-modified Phyllanthus emblica leaf powder']"
Dr. Batakrushna Santara,Indian Institute of Technology Guwahati,"Condensed matter physics, Nanomaterials, Semiconductor nanostructures",1150,https://scholar.google.com/citations?hl=en&user=1uCbCC4AAAAJ,7,7,"['Evidence of oxygen vacancy induced room temperature ferromagnetism in solvothermally synthesized undoped TiO2 nanoribbons', 'Signature of strong ferromagnetism and optical properties of Co doped TiO2 nanoparticles', 'Microscopic origin of lattice contraction and expansion in undoped rutile TiO2 nanostructures', 'Evidence for Ti Interstitial Induced Extended Visible Absorption and Near Infrared Photoluminescence from Undoped TiO2 Nanoribbons: An In Situ\xa0…', 'Oxygen vacancy-mediated enhanced ferromagnetism in undoped and Fe-doped TiO2 nanoribbons', 'Impact of reaction temperature, stirring and cosolvent on the solvothermal synthesis of anatase TiO2 and TiO2/titanate hybrid nanostructures: elucidating the growth mechanism', 'Mechanism of defect induced ferromagnetism in undoped and Cr doped TiO2 nanorods/nanoribbons', 'Defect driven enhanced ferromagnetism in Sb-modified SnO2 nanoparticles', 'Studies on Intrinsic Defects and Doping Induced Tunable Optical and Magnetic Properties of TiO2 Nanostructures']"
Uzini Devi Daimary,"Prime Minister's Research Fellow, Indian Institute of Technology, Guwahati",Cancer Biology,1146,https://scholar.google.com/citations?hl=en&user=MpHLLnEAAAAJ,14,15,"['Role of turmeric and curcumin in prevention and treatment of chronic diseases: lessons learned from clinical trials', 'Pulsed electric field (PEF): Avant-garde extraction escalation technology in food industry', 'Xanthohumol from Hop: Hope for cancer prevention and treatment', 'Betulinic acid: A natural promising anticancer drug, current situation, and future perspectives', 'Current clinical developments in curcumin-based therapeutics for cancer and chronic diseases', 'The promising potential of piperlongumine as an emerging therapeutics for cancer', 'Emerging roles of cardamonin, a multitargeted nutraceutical in the prevention and treatment of chronic diseases', 'From Simple Mouth Cavities to Complex Oral Mucosal Disorders\ue5f8 Curcuminoids as a Promising Therapeutic Approach', 'Potential of baicalein in the prevention and treatment of cancer: a scientometric analyses based review', 'Embelin: A novel XIAP inhibitor for the prevention and treatment of chronic diseases']"
Samudrajit Thapa,"Assistant Professor, Department of Physics, Indian Institute of Technology Guwahati","statistical physics, soft matter, biophysics, stochastic processes, anomalous diffusion",1133,https://scholar.google.com/citations?hl=en&user=-vPDESsAAAAJ,14,15,"['Objective comparison of methods to decode anomalous diffusion', 'Non-Gaussian, non-ergodic, and non-Fickian diffusion of tracers in mucin hydrogels', 'Bayesian analysis of single-particle tracking data using the nested-sampling algorithm: maximum-likelihood model selection applied to stochastic-diffusivity data', 'Fractional Brownian motion with random diffusivity: emerging residual nonergodicity below the correlation time', 'Fractional Brownian motion with random Hurst exponent: Accelerating diffusion and persistence transitions', 'Time averages and their statistical variation for the Ornstein-Uhlenbeck process: Role of initial particle distributions and relaxation to stationarity', 'Transient superdiffusion of polydisperse vacuoles in highly motile amoeboid cells', 'Bayesian inference of scaled versus fractional Brownian motion', 'Bayesian inference of Lévy walks via hidden Markov models', 'Leveraging large-deviation statistics to decipher the stochastic properties of measured trajectories']"
Shivashankar B Nair,"Professor, Dept. of Computer Science & Engg., Indian Institute of Technology Guwahati","Robotics, Mobile Agents, Cyber Physical Systems, Bio-inspired AI",1131,https://scholar.google.com/citations?hl=en&user=wfeT0bYAAAAJ,16,31,"['Multi-objective design optimisation of rolling bearings using genetic algorithms', 'Rolling element bearing design through genetic algorithms', ""A practitioners' guide to transfer learning for text classification using convolutional neural networks"", 'An artificial immune system for a multiagent robotics system', 'Tartarus: a multi-agent platform for integrating cyber-physical systems and robots', 'On a mobile agent framework for an internet of things', 'Agpi: Agents on raspberry pi', 'Ultrasonic sensor-based human detector using one-class classifiers', 'Design and implementation of a spell checker for Assamese', 'An immune system based multi-robot mobile agent network']"
Tingirikari Jagan Mohan Rao,Indian Institute of Technology Guwahati,"Biopolymers, Probiotics, Prebiotics oligosaccharides, Development of health drinks, In vitro Gut Model",1115,https://scholar.google.com/citations?hl=en&user=DddLD-YAAAAJ,19,24,"['Microbiota-accessible pectic poly-and oligosaccharides in gut health', 'Superior prebiotic and physico- chemical properties of novel dextran from Weissella cibaria JAG8 for potential food applications', 'Recent understanding of human milk oligosaccharides in establishing infant gut microbiome and roles in immune system', 'Recovery and purification of oligosaccharides from copra meal by recombinant endo-β-mannanase and deciphering molecular mechanism involved and its role as potent therapeutic agent', 'In vitro analysis of dextran from Leuconostoc mesenteroides NRRL B-1426 for functional food application', 'Conventional and nanotechnology based sensors for creatinine (A kidney biomarker) detection: A consolidated review', 'In-Vitro Prebiotic Analysis of Microbiota Accessible Pectic Polysaccharides', 'Kefir: a fermented plethora of symbiotic microbiome and health', 'Structural and biocompatibility properties of dextran from Weissella cibaria JAG8 as food additive', 'A novel high dextran yielding Weissella cibaria JAG8 for cereal food application']"
Anil Kumar Vardhaman,Indian Institute of Technology Guwahati,"Inorganic, Bio-inorganic, and Material Chemistry",1109,https://scholar.google.com/citations?hl=en&user=nG51E_4AAAAJ,15,17,"['Visible light assisted photocatalytic hydrogen generation and organic dye degradation by CdS–metal oxide hybrids in presence of graphene oxide', 'A manganese (v)–oxo complex: synthesis by dioxygen activation and enhancement of its oxidizing power by binding scandium ion', 'Long-range electron transfer triggers mechanistic differences between iron (IV)-oxo and iron (IV)-imido oxidants', 'Comparison of the reactivity of nonheme iron (IV)-oxo versus iron (IV)-imido complexes: which is the better oxidant?', 'A mononuclear nonheme iron (V)-imido complex', 'Influence of Ligand Architecture on Oxidation Reactions by High‐Valent Nonheme Manganese Oxo Complexes Using Water as a Source of Oxygen', 'Nonheme ferric hydroperoxo intermediates are efficient oxidants of bromide oxidation', 'Mechanistic insight into halide oxidation by non-heme iron complexes. Haloperoxidase versus halogenase activity', 'Enhanced Electron Transfer Reactivity of a Nonheme Iron (IV)–Imido Complex as Compared to the Iron (IV)‐Oxo Analogue', 'MA2CoBr4: lead-free cobalt-based perovskite for electrochemical conversion of water to oxygen']"
Suman Pal,"Department of Chemistry, IIT Guwahati, India","Multicomponent reaction, cross coupling, CH activation",1100,https://scholar.google.com/citations?hl=en&user=G4aH8v4AAAAJ,20,25,"['Imidazole as organocatalyst for multicomponent reactions: diversity oriented synthesis of functionalized hetero- and carbocycles using in situ-generated\xa0…', 'A fluorescent probe for bisulfite ions: its application to two-photon tissue imaging', 'VCl 3 catalyzed imine-based multicomponent reactions for the facile access of functionalized tetrahydropyridines and β-amino carbonyls', 'A simple and efficient method for the facile access of highly functionalized pyridines and their fluorescence property studies', '“On-water” synthesis of novel trisubstituted 1,3-thiazoles via microwave-assisted catalyst-free domino reactions', 'Diphenyliodonium Ion/Et3N Promoted Csp2-H Radical Phosphorylation of Enamides', 'One pot four-component reaction for the efficient synthesis of spiro [indoline-3, 4′-pyrano [2, 3-c] pyrazole]-3′-carboxylate derivatives', 'PEG-mediated one-pot multicomponent reactions for the efficient synthesis of functionalized dihydropyridines and their functional group dependent DNA cleavage activity', 'A single molecule multi analyte chemosensor differentiates among Zn2+, Pb2+ and Hg2+: modulation of selectivity by tuning of solvents', 'Cobalt‐Catalyzed Reductive Cross‐Coupling Between Benzyl Chlorides and Aryl Halides']"
Aditya N. Panda,Indian Institute of Technology Guwahati,Computational Chemistry,1068,https://scholar.google.com/citations?hl=en&user=afP23goAAAAJ,21,32,"['Computational investigation of charge injection and transport properties of a series of thiophene–pyrrole based oligo-azomethines', 'Electronically Excited States in Poly (p‑phenylenevinylene): Vertical Excitations and Torsional Potentials from High-Level Ab Initio Calculations', 'Time-dependent quantum mechanical wave packet study of the  reaction', 'Computational study on the effect of substituents on the structural and electronic properties of thiophene–pyrrole-based π-conjugated oligomers', 'Dynamics of  collisions: A time-dependent quantum mechanical investigation on a new ab initio potential energy surface', 'Rovibrational energy transfer in ortho-H2+ para-H2 collisions', 'Reaction probabilities and reaction cross sections for three-dimensional  collisions: A time-dependent quantum mechanical study', 'Bound and Quasibound States of He2H+ and He2D+', 'Structure and optoelectronic properties of helical pyridine–furan, pyridine–pyrrole and pyridine–thiophene oligomers', 'Mimicking the heteroleptic dyes for an efficient 1D-ZnO based dye-sensitized solar cell using the homoleptic ruthenium (II) dipyridophenazine complex as a photosensitizer']"
Saket Verma,"Assistant Professor, School of Energy Science and Engineering, IIT Guwahati","Hydrogen energy, Thermal management, Energy storage, Unconventional engines, Exergy",1058,https://scholar.google.com/citations?hl=en&user=-oH4jsUAAAAJ,13,15,"['Effects of varying composition of biogas on performance and emission characteristics of compression ignition engine using exergy analysis', 'A comparative exergetic performance and emission analysis of pilot diesel dual-fuel engine with biogas, CNG and hydrogen as main fuels', 'The effects of compression ratio and EGR on the performance and emission characteristics of diesel-biogas dual fuel engine', 'An experimental investigation of exergetic performance and emission characteristics of hydrogen supplemented biogas-diesel dual fuel engine', 'Renewable sources based DC microgrid using hydrogen energy storage: Modelling and experimental analysis', 'A renewable pathway towards increased utilization of hydrogen in diesel engines', 'Energy and exergy based performance evaluation of variable compression ratio spark ignition engine based on experimental work', 'Analysis of metal hydride storage on the basis of thermophysical properties and its application in microgrid', 'Experimental and numerical investigation of nanoparticle assisted PCM-based battery thermal management system', 'Effect of hysteresis band control strategy on energy efficiency and durability of solar-hydrogen storage based microgrid in partial cloudy condition']"
Dr. Hrishikesh  Sharma,"Associate Professor, Indian Institute of Technology Guwahati",Structural Engineering,1035,https://scholar.google.com/citations?hl=en&user=2aNQqpgAAAAJ,14,19,"['Performance-based response evaluation of reinforced concrete columns subject to vehicle impact', 'Realtime monitoring of bridge scour using remote monitoring technology', 'Probabilistic demand model and performance-based fragility estimates for RC column subject to vehicle collision', 'Performance‐based probabilistic capacity models and fragility estimates for RC columns subject to vehicle collision', 'Performance-based probabilistic deflection capacity models and fragility estimation for reinforced concrete column and beam subjected to blast loading', 'Development of a bridge bumper to protect bridge girders from overheight vehicle impacts', 'Probabilistic demand models and reliability based code calibration for reinforced concrete column and beam subjected to blast loading', 'Probabilistic demand models and performance-based fragility estimates for concrete protective structures subjected to missile impact', 'Effect of rare earth ions on the structural parameters of modified PLnZT ceramics (5/65/35)', 'Dielectric and pyroelectric characteristics of PZT doped with gadolinium']"
Kuntal Deka,IIT Guwahati,"Error Correcting Codes, Communication",1034,https://scholar.google.com/citations?hl=en&user=_9DK_TwAAAAJ,17,27,"['OTFS-SCMA: A code-domain NOMA approach for orthogonal time frequency space modulation', 'IRS-assisted OTFS system: Design and analysis', 'Joint power-domain and SCMA-based NOMA system for downlink in 5G and beyond', 'Design of SCMA codebooks using differential evolution', 'Reconfigurable intelligent surfaces assisted hybrid NOMA system', 'Convolutional sparse coding based channel estimation for OTFS-SCMA in uplink', 'Terahertz communication: State-of-the-art and future directions', 'DL-based OTFS signal detection in presence of hardware impairments', 'Hybrid NOMA for future radio access: Design, potentials and limitations', 'A comprehensive technique to design SCMA codebooks']"
Manish Kumar,"Professor, Department of Biosciences and Bioengineering, IIT Guwahati",Infectious Diseases,1025,https://scholar.google.com/citations?hl=en&user=JskOkx4AAAAJ,17,27,"['BosR (BB0647) governs virulence expression in Borrelia burgdorferi', 'BB0323 Function Is Essential for Borrelia burgdorferi Virulence and Persistence through Tick-Rodent Transmission Cycle', 'Borrelia burgdorferi complement regulator-acquiring surface protein 2 does not contribute to complement resistance or host infectivity', 'Borrelia burgdorferi small lipoprotein Lp6.6 is a member of multiple protein complexes in the outer membrane and facilitates pathogen transmission from ticks to mice', 'BBA52 Facilitates Borrelia burgdorferi Transmission from Feeding Ticks to Murine Hosts', 'A Differential Role for BB0365 in the Persistence of Borrelia burgdorferi in Mice and Ticks', 'Borrelia burgdorferi BBA52 is a potential target for transmission blocking Lyme disease vaccine', 'A host-restricted viral vector for antigen-specific immunization against Lyme disease pathogen', 'Current practices and research updates on diabetes mellitus in canine.', 'Dual nuclease activity of a Cas2 protein in CRISPR–Cas subtype I‐B of Leptospira interrogans']"
Partho Sarathi Gooh Pattader,"Associate Professor, IITG","Interface Science, Tribology, Thin films, Micro-patterning of polymer, Stochastic dynamics",1016,https://scholar.google.com/citations?hl=en&user=8NtxqY4AAAAJ,19,32,"['Electric-field-induced patterns in soft viscoelastic films: from long waves of viscous liquids to short waves of elastic solids', 'Molecular dynamics insights and water stability of hydrophobic deep eutectic solvents aided extraction of nitenpyram from an aqueous environment', 'Probing the Role of an Atomically Thin SiNx Interlayer on the Structure of Ultrathin Carbon Films', 'Soft lithography meets self-organization: Some new developments in meso-patterning', 'Multiscale pattern generation in viscoelastic polymer films by spatiotemporal modulation of electric field and control of rheology', 'Solvent-vapor-assisted dewetting of prepatterned thin polymer films: control of morphology, order, and pattern miniaturization', 'Diffusive motion with nonlinear friction: apparently Brownian', 'Experimental investigation of the drift and diffusion of small objects on a surface subjected to a bias and an external white noise: Roles of Coulombic friction and hysteresis', 'Enhanced tribological, corrosion, and microstructural properties of an ultrathin (< 2 nm) silicon nitride/carbon bilayer overcoat for high density magnetic storage', 'Probing the role of C+ ion energy, thickness and graded structure on the functional and microstructural characteristics of ultrathin carbon films (< 2 nm)']"
jay prakash,Resear Associate in IIT Guwahati,molecular biology and Biochemistry,1015,https://scholar.google.com/citations?hl=en&user=1c0ioSkAAAAJ,14,14,"['Withania somnifera Alleviates Parkinsonian Phenotypes by Inhibiting Apoptotic Pathways in Dopaminergic Neurons', 'Neuroprotective Role of Withania somnifera Root Extract in Maneb–Paraquat Induced Mouse Model of Parkinsonism', 'Mucuna pruriens seed extract reduces oxidative stress in nigrostriatal tissue and improves neurobehavioral activity in paraquat-induced Parkinsonian mouse model', 'Comparison of the neuroprotective potential of Mucuna pruriens seed extract with estrogen in 1-methyl-4-phenyl-1, 2, 3, 6-tetrahydropyridine (MPTP)-induced PD mice model', 'Effect of Bisphenol A on human health and its degradation by microorganisms: a review', 'Increase in the expression of inducible nitric oxide synthase on exposure to bisphenol A: a possible cause for decline in steroidogenesis in male mice', 'Design of a multi-epitope subunit vaccine for immune-protection against Leishmania parasite', 'CARF (Collaborator of ARF) overexpression in p53‐deficient cells promotes carcinogenesis', 'Structure-guided approach to identify a novel class of anti-leishmaniasis diaryl sulfide compounds targeting the trypanothione metabolism: G. Colotti et al.', '2, 3-Dihydro-3β-methoxy Withaferin-A protects normal cells against stress: molecular evidence of its potent cytoprotective activity']"
Arunasis Chakraborty,Indian Institute of Technology Guwahati,"System Identification, Health Monitoring, Vibration Control, Reliability Analysis",1011,https://scholar.google.com/citations?hl=en&user=upzjw90AAAAJ,18,27,"['Online identification of linear time-varying stiffness of structural systems by wavelet analysis', 'Development of semi-active vibration control strategy for horizontal axis wind turbine tower using multiple magneto-rheological tuned liquid column dampers', 'Reliability‐based performance optimization of TMD for vibration control of structures with uncertainty in parameters and excitation', 'Optimal design of semiactive MR‐TLCD for along‐wind vibration control of horizontal axis wind turbine tower', 'Identification of modal parameters of a mdof system by modified L–P wavelet packets', 'Nonstationary response analysis of long span bridges under spatially varying differential support motions using continuous wavelet transform', 'Combined wavelet–Hilbert transform-based modal identification of road bridge using vehicular excitation', 'Spinning finite element analysis of longitudinally stiffened horizontal axis wind turbine blade for fatigue life enhancement', 'Modified Hamiltonian Monte Carlo‐based Bayesian finite element model updating of steel truss bridge', 'Sway vibration control of floating horizontal axis wind turbine by modified spar-torus combination']"
Debanga Raj Neog,"Assistant Professor, IITG, MF School of Data Science and AI","Computer vision, Deep Learning",1007,https://scholar.google.com/citations?hl=en&user=a7LQA8cAAAAJ,15,20,"['Application of machine learning and deep learning in finite element analysis: a comprehensive review', 'Retinal Vessel Segmentation Using Multi-Scale Residual Convolutional Neural Network (MSR-Net) Combined with Generative Adversarial Networks: MK Kar et al.', 'Eyecatch: Simulating visuomotor coordination for object interception', 'A review on progress in semantic image segmentation and its application to medical images', 'Thin Skin Elastodynamics', 'Fingertip detection for hand pose recognition', 'Hand pose identification from monocular image for sign language recognition', 'Hand pose recognition using geometric features', 'The human touch: Measuring contact with real human soft tissues', 'Hand pose recognition from monocular images by geometrical and texture analysis']"
Chandan Karfa,Indian Institute of Technology Guwahati,"EDA, ML for EDA, Formal Verification, High-level Synthesis, Hardware Security",1000,https://scholar.google.com/citations?hl=en&user=pp-UnuoAAAAJ,16,25,"['An equivalence-checking method for scheduling verification in high-level synthesis', 'Verification of code motion techniques using value propagation', 'Chiraag: Chatgpt informed rapid and automated assertion generation', 'Benchmarking at the frontier of hardware security: Lessons from logic locking', 'Formal verification of code motion techniques using data-flow-driven equivalence checking', 'A formal verification method of scheduling in high-level synthesis', 'Verification of datapath and controller generation phase in high-level synthesis of digital circuits', 'BLAST: Belling the black-hat high-level synthesis tool', 'Verification of loop and arithmetic transformations of array-intensive behaviors', 'Laag-rv: Llm assisted assertion generation for rtl design verification']"
Pukhraj Prajapat,Indian Institute of Technology Guwahati,"Material science, Optoelectronics, 2D materials, Neuromorphic",1000,https://scholar.google.com/citations?hl=en&user=HjssvfYAAAAJ,18,24,"['CVD-grown monolayer MoS2 and GaN thin film heterostructure for a self-powered and bidirectional photodetector with an extended active spectrum', 'Self-Driven UVC–NIR Broadband Photodetector with High-Temperature Reliability Based on a Coco Palm-Like MoS2/GaN Heterostructure', 'Multiband spectral response inspired by ultra-high responsive thermally stable and self-powered Sb2Se3/GaN heterojunction based photodetector', 'Self-Powered Broadband Photodetection of MoS2/Sb2Se3 Heterostructure', 'Self-driven and thermally resilient highly responsive nano-fenced MoS2 based photodetector for near-infrared optical signal', 'Self-powered, thermally stable Sb2Se3-based high-performance broadband photodetector', 'A self-driven bidirectional photocurrent photodetector for optically controlled logic gates utilizes a GaN-nanowall network', 'Strong light-matter interaction and antireflection functionality of f-TiO2/GaN heterostructure broadband photodetector', 'Highly responsive SnSe/GaN heterostructure-based UVC-SWIR broadband photodetector', 'Highly efficient, self-powered, and air-stable broadband photodetector based on SnSe thin film']"
