,Name,Affiliation,Interests,Cited By,Profile URL,h-index,i10-index,Research Papers
0,Saranya Samik Ghosh,"Assistant Professor, Department of Physics, Indian Institute of Technology Hyderabad",High Energy Physics,162834,https://scholar.google.com/citations?hl=en&user=KwAx0voAAAAJ,202.0,929.0,"['GWTC-1: a gravitational-wave transient catalog of compact binary mergers observed by LIGO and Virgo during the first and second observing runs', 'GWTC-2: Compact binary coalescences observed by LIGO and Virgo during the first half of the third observing run', 'Prospects for observing and localizing gravitational-wave transients with Advanced LIGO, Advanced Virgo and KAGRA', 'Description and performance of track and primary-vertex reconstruction with the CMS tracker', 'Tocilizumab in patients admitted to hospital with COVID-19 (RECOVERY): a randomised, controlled, open-label, platform trial', 'Extraction and validation of a new set of CMS PYTHIA8 tunes from underlying-event measurements', 'Precise determination of the mass of the Higgs boson and tests of compatibility of its couplings with the standard model predictions using proton collisions at 7 and 8 TeV', 'GW190425: Observation of a Compact Binary Coalescence with Total Mass\xa0∼\xa03.4 M⊙', 'GW190521: A Binary Black Hole Merger with a Total Mass of', 'Precision luminosity measurement in proton–proton collisions at  in 2015 and 2016 at CMS']"
1,Shantanu Desai,IIT Hyderabad,"cosmology, neutrino physics, GRBs, pulsars, astronomical image processing",85362,https://scholar.google.com/citations?hl=en&user=NSgMXewAAAAJ,147.0,564.0,"['Solar  and hep Neutrino Measurements from 1258 Days of Super-Kamiokande Data', 'LIGO: the laser interferometer gravitational-wave observatory', 'Dark Energy Survey Year 3 results: Cosmological constraints from galaxy clustering and weak lensing', 'The super-kamiokande detector', 'Measurement of atmospheric neutrino oscillation parameters by Super-Kamiokande I', 'Dark Energy Survey year 1 results: Cosmological constraints from galaxy clustering and weak lensing', 'The second data release from the European Pulsar Timing Array I. The dataset and timing analysis', 'Determination of solar neutrino oscillation parameters using 1496 days of Super-Kamiokande-I data', 'The Dark Energy Survey: more than dark energy–an overview', 'The electromagnetic counterpart of the binary neutron star merger LIGO/Virgo GW170817. II. UV, optical, and near-infrared light curves and comparison to kilonova models']"
2,Mathukumalli Vidyasagar,"SERB National Science Chair, Indian Institute of Technology Hyderabad","Machine learning, control theory, compressed sensing",47125,https://scholar.google.com/citations?hl=en&user=2IBz_wgAAAAJ,62.0,187.0,"['Nonlinear systems analysis', 'Robot dynamics and control', 'Robot Modeling and Control Mark W. Spong, Seth Hutchinson, M. Vidyasagar', 'Feedback systems: input-output properties', 'Control system synthesis: A Factorization approach, part I', 'Robot modeling and control', 'A theory of learning and generalization', 'Optimal rejection of persistent bounded disturbances', 'Algebraic design techniques for reliable stabilization', 'Maximal Lyapunov functions and domains of attraction for autonomous nonlinear systems']"
3,Giridhar Madras,"Senior Professor, Indian institute of technology, Hyderabad","Polymers, Supercritical fluids, Reaction kinetics, catalysis, nanomaterials",34939,https://scholar.google.com/citations?hl=en&user=PUZ8qcgAAAAJ,92.0,518.0,"['Catalysis for NOx abatement', 'Synthesis and Structure of Nanocrystalline TiO2 with Lower Band Gap Showing High Photocatalytic Activity', 'Structure and Photocatalytic Activity of Ti1-xMxO2±δ (M = W, V, Ce, Zr, Fe, and Cu) Synthesized by Solution Combustion Method', 'Synthesis of biodiesel in supercritical fluids', 'Photocatalytic degradation of various dyes by combustion synthesized nano anatase TiO2', 'Solar photocatalytic degradation of dyes: high activity of combustion synthesized nano TiO2', 'Conducting polyaniline–nano-TiO2 composites for smart corrosion resistant coatings', 'Photocatalytic Degradation of Organic Compounds over Combustion-Synthesized Nano-TiO2', 'Noble metal ionic catalysts', 'Synthesis of biodiesel from edible and non-edible oils in supercritical alcohols and enzymatic synthesis in supercritical carbon dioxide']"
4,Anjan Giri,"Professor, IIT Hyderabad",High Energy Physics,24810,https://scholar.google.com/citations?hl=en&user=GcHzCWoAAAAJ,72.0,304.0,"['The Belle II physics book', 'Determining γ using B±→ DK±with multibody D decays', 'Long-baseline neutrino facility (LBNF) and deep underground neutrino experiment (DUNE) conceptual design report, volume 4 the DUNE detectors at LBNF', 'Deep Underground Neutrino Experiment (DUNE): Far detector technical design report. Volume III. DUNE far detector technical coordination', 'Volume I. introduction to DUNE', 'First measurement of neutrino oscillation parameters using neutrinos and antineutrinos by NOvA', 'Measurement of the  lepton polarization and  in the decay  with one-prong hadronic  decays at Belle', 'Long-baseline neutrino oscillation physics potential of the DUNE experiment', 'The Belle II physics book', 'Improved measurement of neutrino oscillation parameters by the NOvA experiment']"
5,Saurabh Sandilya,"Assistant Professor at Indian Institute of Technology, Hyderabad",Experimental High Energy Physics,23703,https://scholar.google.com/citations?hl=en&user=_RDMgk8AAAAJ,73.0,286.0,"['Study of  and Observation of a Charged Charmoniumlike State at Belle', 'Measurement of the branching ratio of  relative to  decays with hadronic tagging at Belle', 'The Belle II physics book', 'The physics of the B factories', 'Measurement of the  Lepton Polarization and  in the Decay', 'Lepton-Flavor-Dependent Angular Analysis of', 'Measurement of the branching ratio of  relative to  decays with a semileptonic tagging method', 'Measurement of the  lepton polarization and  in the decay  with one-prong hadronic  decays at Belle', 'Test of lepton flavor universality and search for lepton flavor violation in B→ Kℓℓ decays', 'Observation of a new charged charmoniumlike state in  decays']"
6,Naveen Eluru,"Professor, Civil Engineering, Indian Institute of Technology Hyderabad","Transportation, travel behavior, discrete choice models, transportation safety, Emerging Mobility",14652,https://scholar.google.com/citations?hl=en&user=XgSZTG0AAAAJ,61.0,164.0,"['A mixed generalized ordered response model for examining pedestrian and bicyclist injury severity level in traffic crashes', 'How land-use and urban form impact bicycle flows: Evidence from the bicycle-sharing system (BIXI) in Montreal', 'An analysis of bicycle route choice preferences in Texas, US', 'A copula-based approach to accommodate residential self-selection effects in travel behavior modeling', 'The impact of demographics, built environment attributes, vehicle characteristics, and gasoline prices on household vehicle holdings and use', 'Examining the influence of aggressive driving behavior on driver injury severity in traffic crashes', 'An empirical analysis of bike sharing usage and rebalancing: Evidence from Barcelona and Seville', 'A joint econometric analysis of seat belt use and crash-related injury severity', 'A Latent Segmentation Generalized Ordered Logit Model to Examine Factors Influencing Driver Injury Severity', 'Incorporating the impact of spatio-temporal interactions on bicycle sharing system demand: A case study of New York CitiBike system']"
7,"Prof. Ch Subrahmanyam, FRSC",IIT Hyderabad,"Energy, Environment, Sensors, Catalysis, Nanomaterials",10819,https://scholar.google.com/citations?hl=en&user=5bUWaokAAAAJ,56.0,204.0,"['Synthesis, optoelectronic properties and applications of halide perovskites', 'Recent trends in photoelectrochemical water splitting: the role of cocatalysts', 'Degradation and mineralization of methylene blue by dielectric barrier discharge non-thermal plasma reactor', 'Catalytic abatement of volatile organic compounds assisted by non-thermal plasma: Part 1. A novel dielectric barrier discharge reactor containing catalytic electrode', 'Abatement of mixture of volatile organic compounds (VOCs) in a catalytic non-thermal plasma reactor', 'Novel catalytic non-thermal plasma reactor for the abatement of VOCs', 'Improved performance of non-thermal plasma reactor during decomposition of trichloroethylene: Optimization of the reactor geometry and introduction of catalytic electrode', 'Dynamic behaviour of activated carbon catalysts during ozone decomposition at room temperature', 'Atmospheric pressure non-thermal plasma jet for the degradation of methylene blue in aqueous medium', 'Green Approach for Wastewater Treatment\ue5f8 Degradation and Mineralization of Aqueous Organic Pollutants by Discharge Plasma']"
8,C Malla Reddy,IIT Hyderabad,"Crystal Engineering, Supramolecular Chemistry, Mechanical Properties, Functional Organic Materials",10532,https://scholar.google.com/citations?hl=en&user=IwUX2dwAAAAJ,50.0,113.0,"['Polymorphs, salts, and cocrystals: what’s in a name?', 'From molecules to interactions to crystal engineering: mechanical properties of organic solids', 'Elastic and bendable caffeine cocrystals: implications for the design of flexible organic materials', 'Isostructurality, polymorphism and mechanical properties of some hexahalogenated benzenes: the nature of halogen⋅⋅⋅ halogen interactions', 'Mechanically flexible organic crystals achieved by introducing weak interactions in structure: supramolecular shape synthons', 'Spatially resolved analysis of short-range structure perturbations in a plastically bent molecular crystal', 'Mechanical properties of molecular crystals—applications to crystal engineering', 'Structure− property correlations in bending and brittle organic crystals', 'Mechanophotonics: Flexible single‐crystal organic waveguides and circuits', 'Harnessing molecular rotations in plastic crystals: a holistic view for crystal engineering of adaptive soft materials']"
9,Amit Kumar Singh,Indian Institute of Technology Hyderabad,"Aerial Robotics, Reinforcement Learning",10516,https://scholar.google.com/citations?hl=en&user=FH3GGhEAAAAJ,34.0,265.0,"['Collective annotation of wikipedia entities in web text', 'Stakeholder-based SWOT analysis for successful municipal solid waste management in Lucknow, India', 'New applications of synthetic biology tools for cyanobacterial metabolic engineering', 'Schiff bases as cadmium (II) selective ionophores in polymeric membrane electrodes', 'Survey of Indian plants for saponins, alkaloids and flavonoids. I', 'Microwave synthesis, characterization, and photoluminescence properties of nanocrystalline zirconia', 'Credit card fraud detection under extreme imbalanced data: a comparative study of data-level algorithms', 'Hydrogeochemical analysis and evaluation of surface water quality of Pratapgarh district, Uttar Pradesh, India', 'Computational methods for 2D materials: discovery, property characterization, and application design', 'Antibiotic sensitivity pattern of the bacteria isolated from nosocomial infections in ICU.']"
10,Narendra Kurra,"Assistant Professor, Department of Chemistry, IITH","Materials Chemistry, Energy Storage",10412,https://scholar.google.com/citations?hl=en&user=7-whKvAAAAAJ,41.0,58.0,"['Energy storage data reporting in perspective—guidelines for interpreting the performance of electrochemical energy storage systems', 'All Pseudocapacitive MXene‐RuO2 Asymmetric Supercapacitors', 'All-MXene (2D titanium carbide) solid-state microsupercapacitors for on-chip energy storage', 'High-temperature behavior and surface chemistry of carbide MXenes studied by thermal analysis', 'MXene‐on‐paper coplanar microsupercapacitors', 'Asymmetric flexible MXene‐reduced graphene oxide micro‐supercapacitor', 'Highly efficient laser scribed graphene electrodes for on‐chip electrochemical sensing applications', 'Conducting polymer micro-supercapacitors for flexible energy storage and Ac line-filtering', 'Tuning the electrochemical performance of titanium carbide MXene by controllable in situ anodic oxidation', 'Pencil-on-paper: electronic devices']"
11,GD Janaki Ram,Indian Institute of Technology Hyderabad,"Welding, Additive Manufacturing",9027,https://scholar.google.com/citations?hl=en&user=pcm7qy8AAAAJ,52.0,109.0,"['Influence of defects on mechanical properties of Ti–6Al–4 V components produced by selective laser melting and electron beam melting', 'Microstructure and tensile properties of Inconel 718 pulsed Nd-YAG laser welds', 'Control of Laves phase in Inconel 718 GTA welds with current pulsing', 'Use of ultrasonic consolidation for fabrication of multi‐material structures', 'Effect of process parameters on bond formation during ultrasonic consolidation of aluminum alloy 3003', 'Microstructural refinement of weld fusion zones in α–β titanium alloys using pulsed current welding', 'Additive manufacturing of an aluminum matrix composite reinforced with nanocrystalline high-entropy alloy particles', 'Effect of different carbon nano-fillers on rheological properties and lap shear strength of epoxy adhesive joints', 'Microstructure and tensile properties of friction welded aluminum alloy AA7075-T6', 'Bond formation and fiber embedment during ultrasonic consolidation']"
12,Pinaki Prasad Bhattacharjee,"Professor of Materials Science and Metallurgical Engineering, IIT Hyderabad","Thermo-mechanical Processing, Crystallographic Texture, Mechanical Behavior, High Entropy Alloys, Light Alloys",9004,https://scholar.google.com/citations?hl=en&user=efNQQqoAAAAJ,43.0,92.0,"['High-entropy alloys', 'Microstructure and texture evolution during annealing of equiatomic CoCrFeMnNi high-entropy alloy', 'Ultrafine-Grained AlCoCrFeNi2.1 Eutectic High-Entropy Alloy', 'Tailoring nanostructures and mechanical properties of AlCoCrFeNi2. 1 eutectic high entropy alloy using thermo-mechanical processing', 'Simultaneous Strength-Ductility Enhancement of a Nano-Lamellar AlCoCrFeNi2.1 Eutectic High Entropy Alloy by Cryo-Rolling and Annealing', 'High entropy alloys: Key issues under passionate debate', 'Strain rate dependent microstructural evolution during hot deformation of a hot isostatically processed nickel base superalloy', 'Hot deformation behavior of CoCrFeMnNi FCC high entropy alloy', 'Effect of low temperature on tensile properties of AlCoCrFeNi2. 1 eutectic high entropy alloy', 'Effect of heavy cryo-rolling on the evolution of microstructure and texture during annealing of equiatomic CoCrFeMnNi high entropy alloy']"
13,C Krishna Mohan,"Professor, Department of Computer Science and Engineering, IIT Hyderabad","Image/Video Content Analysis, Representation Learning, AI/ML",8917,https://scholar.google.com/citations?hl=en&user=GvSsuVEAAAAJ,66.0,132.0,"['Deep spatio-temporal representation for detection of road accidents using stacked autoencoder', 'Human action recognition using genetic algorithms and convolutional neural networks', 'The impact of adversarial attacks on federated learning: A survey', 'Human action recognition in RGB-D videos using motion sequence information and deep learning', 'mSODANet: A network for multi-scale object detection in aerial images using hierarchical dilated convolutions', 'Automatic Detection of Bike-riders without Helmet using Surveillance Videos in Real-time', 'Improving multi-agent trajectory prediction using traffic states on interactive driving scenarios', 'Detection of motorcyclists without helmet in videos using convolutional neural network', 'Recent advances in mmWave-radar-based sensing, its applications, and machine learning techniques: A review', 'Ulsam: Ultra-lightweight subspace attention module for compact convolutional neural networks']"
14,Vinayak Eswaran,IIT Hyderabad,"Computational Fluid Dynamics, Anthropology, etc",8877,https://scholar.google.com/citations?hl=en&user=XREaymgAAAAJ,46.0,109.0,"['An examination of forcing in direct numerical simulations of turbulence', 'Direct numerical simulations of the turbulent mixing of a passive scalar', 'Heat and fluid flow across a square cylinder in the two-dimensional laminar flow regime', 'A numerical study of the steady forced convection heat transfer from an unconfined circular cylinder', 'Genomics refutes an exclusively African origin of humans', 'Steady forced convection heat transfer from a heated circular cylinder to power-law fluids', 'Turbulent flows: fundamentals, experiments and modeling', 'Steady flow of power law fluids across a circular cylinder', 'Flow and heat transfer across a confined square cylinder in the steady flow regime: effect of Peclet number', 'Heat transfer enhancement in cross-flow heat exchangers using oval tubes and multiple delta winglets']"
15,Narendra Sahu,"Dept of Physics, IIT Hyderabad, Yeddumailaram 502205, Medak, Telengana, India",Astroparticle physics,8594,https://scholar.google.com/citations?hl=en&user=L2rHfyoAAAAJ,43.0,108.0,"['Long-Baseline Neutrino Facility (LBNF) and Deep Underground Neutrino Experiment (DUNE) conceptual design report volume 2: the physics program for DUNE at LBNF', 'Deep Underground Neutrino Experiment (DUNE): Far detector technical design report. Volume III. DUNE far detector technical coordination', 'Volume I. introduction to DUNE', 'Long-baseline neutrino oscillation physics potential of the DUNE experiment', 'Deep underground neutrino experiment (DUNE) near detector conceptual design report', 'Supernova neutrino burst detection with the deep underground neutrino experiment: DUNE Collaboration', 'Prospects for beyond the standard model physics searches at the deep underground neutrino experiment: Dune collaboration', 'The DUNE far detector interim design report volume 1: physics, technology and strategies', 'First results on ProtoDUNE-SP liquid argon time projection chamber performance from a beam test at the CERN Neutrino Platform', 'The single-phase ProtoDUNE technical design report']"
16,Dr Devarai Santhosh Kumar,"Department of Chemical Engineering, IIT Hyderabad, Sangareddy, Telangana","Microbial Enzyme Production, Biosensor and Cell and Tissue Engineering",8521,https://scholar.google.com/citations?hl=en&user=Om2kg3YAAAAJ,35.0,126.0,"['Moringa oleifera: A review on nutritive importance and its medicinal application', 'Biodiesel production using homogeneous, heterogeneous, and enzyme catalysts via transesterification and esterification reactions: A critical review', 'Parenteral Gene Therapy with p53 Inhibits Human Breast Tumors In Vivo Through a Bystander Mechanism Without Evidence of Toxicity', 'Isochromosome 7q: the primary cytogenetic abnormality in hepatosplenic γδ T cell lymphoma', 'Microbes producing L-asparaginase free of glutaminase and urease isolated from extreme locations of Antarctic soil and moss', 'Production and optimization of lipase using Aspergillus niger MTCC 872 by solid-state fermentation', 'Design of solid state bioreactor for industrial applications: an overview to conventional bioreactors', 'Solid-state fermentation vs submerged fermentation for the production of L-asparaginase', 'Marine biomaterials: characterization, isolation and applications', 'An insight into the nutritional and medicinal value of edible mushrooms: A natural treasury for human health']"
17,Melepurath Deepa,Indian Institute of Technology Hyderabad,"Batteries, Perovskite solar cells, Supercapacitors, Electrochromic Devices",8330,https://scholar.google.com/citations?hl=en&user=pFFkTOkAAAAJ,52.0,175.0,"['Spin coated versus dip coated electrochromic tungsten oxide films: Structure, morphology, optical and electrochemical properties', 'Cesium power: low Cs+ levels impart stability to perovskite solar cells', 'MoO2/Multiwalled Carbon Nanotubes (MWCNT) Hybrid for Use as a Li-Ion Battery Anode', 'Electrodeposited tungsten oxide films: annealing effects on structure and electrochromic performance', 'Enhanced nanoscale conduction capability of a MoO2/Graphene composite for high performance anodes in lithium ion batteries', 'Electrochemical synthesis and surface characterization of poly (3, 4-ethylenedioxythiophene) films grown in an ionic liquid', 'Poly (3, 4-ethylenedioxythiophene)− multiwalled carbon nanotube composite films: Structure-directed amplified electrochromic response and improved redox activity', 'Ion-pairing effects and ion–solvent–polymer interactions in LiN (CF3SO2) 2–PC–PMMA electrolytes: a FTIR study', 'Nanostructured mesoporous tungsten oxide films with fast kinetics for electrochromic smart windows', 'Influence of Fe doping on nanostructures and photoluminescence of sol–gel derived ZnO']"
18,Falguni Pati,"Professor of Biomedical Engineering, IIT Hyderabad","Bioprinting, Tissue Engineering, Regenerative Medicine, Tissue/Organ Models",8092,https://scholar.google.com/citations?hl=en&user=3IEkStoAAAAJ,34.0,66.0,"['Printing three-dimensional tissue analogues with decellularized extracellular matrix bioink', 'Bioprintable, cell-laden silk fibroin–gelatin hydrogel supporting multilineage differentiation of stem cells for fabrication of three-dimensional tissue constructs', 'Isolation and characterization of fish scale collagen of higher thermal stability', 'Biomimetic 3D tissue printing for soft tissue regeneration', 'Ornamenting 3D printed scaffolds with cell-laid extracellular matrix for bone tissue regeneration', '3D bioprinting of tissue/organ models', 'Development of a 3D cell printed construct considering angiogenesis for liver tissue engineering', 'Extrusion bioprinting', 'Collagen scaffolds derived from fresh water fish origin and their biocompatibility', 'Mimicking tumor microenvironment by 3D bioprinting: 3D cancer modeling']"
19,Jaladhar Neelavalli,Indian Institute of Technology Hyderabad (IIT Hyderabad),,7946,https://scholar.google.com/citations?hl=en&user=hgfj-9cAAAAJ,26.0,38.0,"['Susceptibility-weighted imaging: technical aspects and clinical applications, part 1', 'Imaging iron stores in the brain using magnetic resonance imaging', 'Susceptibility-weighted imaging: technical aspects and clinical applications, part 2', 'Clinical applications of neuroimaging with susceptibility‐weighted imaging', 'Susceptibility mapping as a means to visualize veins and quantify oxygen saturation', 'Susceptibility‐weighted imaging to visualize blood products and improve tumor contrast in the study of brain masses', 'ISUOG Practice Guidelines: performance of fetal magnetic resonance imaging', 'Imaging cerebral amyloid angiopathy with susceptibility-weighted imaging', 'Susceptibility weighted imaging in MRI: basic concepts and clinical applications', 'Improving susceptibility mapping using a threshold‐based K‐space/image domain iterative reconstruction approach']"
20,Uday B Desai,IIT Hyderabad,"Communication, Signal Processing, CPS, IoT, Embedded Systesm for Health Care",7838,https://scholar.google.com/citations?hl=en&user=KvjZYXwAAAAJ,40.0,159.0,"['Wireless sensor networks: architectures and protocols', 'A transformation approach to stochastic model reduction', 'A tutorial on hidden Markov models', 'A low power IoT network for smart agriculture', 'A realization approach to stochastic model reduction', 'Finding faces in photographs', 'Face recognition using a DCT-HMM approach', 'A generalized approach to q-Markov covariance equivalent realizations for discrete systems', 'SenSlide a sensor network based landslide prediction system', 'A realization approach to stochastic model reduction and balanced stochastic realizations']"
21,Rahul Kumar,Indian Institute of Technology Hyderabad,"Computational Biology, Oncology, Multi-Omics, Radiogenomics",7417,https://scholar.google.com/citations?hl=en&user=rDnstZkAAAAJ,37.0,51.0,"['In silico approach for predicting toxicity of peptides and proteins.', 'In Silico Models for Designing and Discovering Novel Anticancer Peptides', 'In silico approaches for designing highly effective cell penetrating peptides', 'CPPsite: a curated database of cell penetrating peptides', 'Peptide toxicity prediction', 'Single-cell analysis of germinal-center B cells informs on lymphoma cell of origin and outcome', 'An in silico platform for predicting, screening and designing of antihypertensive peptides', 'Precision radiotherapy: reduction in radiation for oropharyngeal cancer in the 30 ROC trial', 'TumorHoPe: a database of tumor homing peptides', 'Super-enhancer hypermutation alters oncogene expression in B cell lymphoma']"
22,Kolluru VL Subramaniam,"Professor, Department of Civil Engineering, IIT Hyderabad",Reinforced Concrete and Cementitious …,7150,https://scholar.google.com/citations?hl=en&user=-e7Yi90AAAAJ,48.0,124.0,"['Experimental investigation and fracture analysis of debonding between concrete and FRP sheets', 'Width effect in the interface fracture during shear debonding of FRP sheets from concrete', 'Experimental determination of FRP–concrete cohesive interface properties under fatigue loading', 'Crack propagation in flexural fatigue of concrete', 'Quantitative XRD study of amorphous phase in alkali activated low calcium siliceous fly ash', 'Nondestructive measurement of concrete strength gain by an ultrasonic wave reflection method', 'Production and characterization of low-energy Portland composite cement from post-industrial waste', 'Application of surface wave transmission measurements for crack depth determination in concrete', 'Determining Elastic Properties of Concrete Using Vibrational Resonance Frequencies of Standard Test Cylinders', 'Investigation of sub-critical fatigue crack growth in FRP/concrete cohesive interface using digital image analysis']"
23,Naresh Kumar Emani,Indian Institute of Technology Hyderabad,"Nanophotonics, Plasmonics, Metamaterials",7138,https://scholar.google.com/citations?hl=en&user=i3_SuPIAAAAJ,15.0,17.0,"['Searching for better plasmonic materials', 'Broadband light bending with plasmonic nanoantennas', 'Directional lasing in resonant semiconductor nanoantenna arrays', 'Efficient Light Bending with Isotropic Metamaterial Huygens’ Surfaces', 'Electrically Tunable Damping of Plasmonic Resonances with Graphene', 'Electrical modulation of fano resonance in plasmonic nanostructures using graphene', 'Plasmonic resonances in nanostructured transparent conducting oxide films', 'Graphene: a dynamic platform for electrical control of plasmonic resonance', 'High-efficiency and low-loss gallium nitride dielectric metasurfaces for nanophotonics at visible wavelengths', 'Material dependence of NBTI physical mechanism in silicon oxynitride (SiON) p-MOSFETs: a comprehensive study by ultra-fast on-the-fly (UF-OTF) I DLIN technique']"
24,"Dr. Putla Sudarsanam, Ph.D.","Assistant Professor, Department of Chemistry, IIT Hyderabad",Heterogeneous Catalysis,7080,https://scholar.google.com/citations?hl=en&user=F9As-voAAAAJ,44.0,87.0,"['Functionalised heterogeneous catalysts for sustainable biomass valorisation', 'Advances in porous and nanoscale catalysts for viable biomass conversion', 'Doped nanosized ceria solid solutions for low temperature soot oxidation: Zirconium versus lanthanum promoters', 'Design of highly efficient Mo and W-promoted SnO2 solid acids for heterogeneous catalysis: acetalization of bio-glycerol', 'Nano-Au/CeO2 catalysts for CO oxidation: Influence of dopants (Fe, La and Zr) on the physicochemical properties and catalytic activity', 'MnOx nanoparticle-dispersed CeO2 nanocubes: a remarkable heteronanostructured system with unusual structural characteristics and superior catalytic performance', 'Biodiesel production using a renewable mesoporous solid catalyst', 'Rare earth metal doped CeO2-based catalytic materials for diesel soot oxidation at lower temperatures', 'Designing CuOx Nanoparticle-Decorated CeO2 Nanocubes for Catalytic Soot Oxidation: Role of the Nanointerface in the Catalytic Performance of\xa0…', 'Bimetallic Cu-Ni catalysts supported on MCM-41 and Ti-MCM-41 porous materials for hydrodeoxygenation of lignin model compound into transportation fuels']"
25,Ashish Kulkarni,"Assistant Professor, Department of Chemistry, IIT Hyderabad","Halide Perovskite, Solar Cells, Tandem Solar Cells, Optoelectronic Devices, Material Chemistry",6939,https://scholar.google.com/citations?hl=en&user=C2eD1FMAAAAJ,29.0,33.0,"['Halide perovskite photovoltaics: background, status, and future prospects', 'An open-access database and analysis tool for perovskite solar cells based on the FAIR data principles', 'Effect of Electron Transporting Layer on Bismuth-Based Lead-Free Perovskite (CH3NH3) 3 Bi2I9 for Photovoltaic Applications', 'Perovskite solar cells: can we go organic‐free, lead‐free, and dopant‐free?', 'Stabilization of α-CsPbI3 in Ambient Room Temperature Conditions by Incorporating Eu into CsPbI3', 'Poly(4-vinylpyridine)-based Interfacial Passivation to Enhance Voltage and Moisture Stability of Lead Halide Perovskite Solar Cells', 'Resolving the Hydrophobicity of the Me-4PACz Hole Transport Layer for Inverted Perovskite Solar Cells with Efficiency> 20%', 'Understanding the interplay of stability and efficiency in A-site engineered lead halide perovskites', 'Photovoltaic Enhancement of Bismuth Halide Hybrid Perovskite by N-methyl Pyrrolidone-Assisted Morphology Conversion', 'A Universal Strategy of Perovskite Ink-Substrate Interaction to Overcome the Poor Wettability of a Self-Assembled Monolayer for Reproducible Perovskite Solar Cells']"
26,Surendra Kumar Martha,Indian Institute of Technology Hyderabad,"Nanomaterials, Electrochemistry, Batteries, Supercapacitors, Battery Recycling",6675,https://scholar.google.com/citations?hl=en&user=8g9SNxwAAAAJ,44.0,121.0,"['LiMn0. 8Fe0. 2PO4: An Advanced Cathode Material for Rechargeable Lithium Batteries.', 'LiMnPO4 as an advanced cathode material for rechargeable lithium batteries', 'Electrochemical and rate performance study of high-voltage lithium-rich composition: Li1. 2Mn0. 525Ni0. 175Co0. 1O2', 'Nanoscale morphological and chemical changes of high voltage lithium–manganese rich NMC composite cathodes with cycling', 'On the thermal stability of olivine cathode materials for lithium-ion batteries', 'A comparative study of electrodes comprising nanometric and submicron particles of LiNi0. 50Mn0. 50O2, LiNi0. 33Mn0. 33Co0. 33O2, and LiNi0. 40Mn0. 40Co0. 20O2 layered compounds', 'Raman microscopy of lithium-manganese-rich transition metal oxide cathodes', 'A short review on surface chemical aspects of Li batteries: A key for a good performance', 'Solid electrolyte coated high voltage layered–layered lithium-rich composite cathode: Li1. 2Mn0. 525Ni0. 175Co0. 1O2', 'Surface studies of high voltage lithium rich composition: Li1. 2Mn0. 525Ni0. 175Co0. 1O2']"
27,Chandra S Sharma,"Professor, Indian Institute of Technology Hyderabad","Polymer and Carbon Nanomaterials, Electrospun Nanofibers, Energy Storage Devices",6321,https://scholar.google.com/citations?hl=en&user=gkzBK0AAAAAJ,45.0,133.0,"['Elucidation of photocatalysis, photoluminescence and antibacterial studies of ZnO thin films by spin coating method', 'Electrospinning combined with nonsolvent-induced phase separation to fabricate highly porous and hollow submicrometer polymer fibers', 'Electrospun nanofibres in drug delivery: advances in controlled release strategies', 'Metal oxide nanofibers based chemiresistive H2S gas sensors', 'Tuning the physiochemical properties of bacterial cellulose: effect of drying conditions', 'Fluoride adsorption from aqueous solution using activated carbon obtained from KOH-treated Jamun (syzygium cumini) seed', 'Synthesis, characterization and application of a non-flammable dicationic ionic liquid in lithium-ion battery as electrolyte additive', 'Cultured Meat: State of the art and future', 'Candle soot derived fractal-like carbon nanoparticles network as high-rate lithium ion battery anode material', 'A review on battery technology for space application']"
28,Prof. Shiv Govind Singh,"Professor, Electrical Engineering, IITHyderabad","3D ICs, Bio & Gas Sensors, Lab on chip, MEMS /NEMS",6043,https://scholar.google.com/citations?hl=en&user=1thGAeoAAAAJ,43.0,137.0,"['Recent advances in biosensors for diagnosis and detection of sepsis: A comprehensive review', 'Cu–Cu diffusion bonding enhancement at low temperature by surface passivation using self-assembled monolayer of alkane-thiol', 'Convective heat transfer in diverging and converging microchannels', 'Chemiresistive Sensor Based on Zinc Oxide Nanoflakes for CO2 Detection', 'Highly sensitive and ultra-fast responsive ammonia gas sensor based on 2D ZnO nanoflakes', 'Impact of aspect ratio on flow boiling of water in rectangular microchannels', 'Electrospun manganese (III) oxide nanofiber based electrochemical DNA-nanobiosensor for zeptomolar detection of dengue consensus primer', 'One step biofunctionalized electrospun multiwalled carbon nanotubes embedded zinc oxide nanowire interface for highly sensitive detection of carcinoma antigen-125', 'Electrospun CNT embedded ZnO nanofiber based biosensor for electrochemical detection of Atrazine: a step closure to single molecule detection', 'A highly sensitive self assembled monolayer modified copper doped zinc oxide nanofiber interface for detection of Plasmodium falciparum histidine-rich protein-2\xa0…']"
29,Kirti Chandra Sahu,"Professor, Department of Chemical Engineering, Indian Institute of Technology Hyderabad …","Raindrops, Bubbles, Multiphase flows, Flow instability, Microfluidics",5739,https://scholar.google.com/citations?hl=en&user=vC4-39kAAAAJ,41.0,117.0,"['Dynamics of an initially spherical bubble rising in quiescent liquid', 'Instabilities in viscosity-stratified flow', 'Shapes and paths of an air bubble rising in quiescent liquids', 'Evaporation of sessile droplets laden with particles and insoluble surfactants', 'Linear instability of pressure-driven channel flow of a Newtonian and a Herschel-Bulkley fluid', 'Linear stability analysis and numerical simulation of miscible two-layer channel flow', 'Evaporation of ethanol-water sessile droplet of different compositions at an elevated substrate temperature', 'Thermocapillary-driven motion of a sessile drop: effect of non-monotonic dependence of surface tension on temperature', 'Effect of contact line dynamics on the thermocapillary motion of a droplet on an inclined plate', 'Deformation and breakup of a compound droplet in three-dimensional oscillatory shear flow']"
30,N Venkata Reddy,IIT Hyderabad (IIT Kanpur upto July 2012),"Design and Manufacturing, Digital Fabrication",5419,https://scholar.google.com/citations?hl=en&user=GyTmiXIAAAAJ,35.0,57.0,"['Optimum part deposition orientation in fused deposition modeling', 'Slicing procedures in layered manufacturing: a review', 'Improvement of surface finish by staircase machining in fused deposition modeling', 'Real time adaptive slicing for fused deposition modelling', 'Optimal part deposition orientation in FDM by using a multicriteria genetic algorithm', 'Part deposition orientation studies in layered manufacturing', 'Formability and surface finish studies in single point incremental forming', 'Fused deposition modelling using direct extrusion', 'Improvement of geometric accuracy in incremental forming by using a squeezing toolpath strategy with two forming tools', 'A new methodology for multi-pass single point incremental forming with mixed toolpaths']"
31,V. Kanchana,Indian Institute of Technology Hyderabad,Theoretical Condensed matter Physics,5218,https://scholar.google.com/citations?hl=en&user=uySJQxEAAAAJ,41.0,96.0,"['Bulk modulus of CeO2 and PrO2—An experimental and theoretical study', ': End point of a spin-polarized metal-insulator transition by  band filling', 'First-principles study of elastic properties of CeO2, ThO2  and PoO2', 'Elastic properties of MgCNi3—a superconducting perovskite', 'High-pressure structural, elastic, and electronic properties of the scintillator host material', 'Pseudo-half-metallicity in the double perovskite Sr2CrReO6 from density-functional calculations', 'Structural, vibrational, and electrical properties of  under hydrostatic pressure: Experiments and theory', 'Thermoelectric properties of chalcopyrite type CuGaTe2 and chalcostibite CuSbS2', 'Phase Stability and Thermoelectric Properties of the Mineral FeS2: An Ab Initio Study', 'Density functional study of elastic and vibrational properties of the Heusler-type alloys  and']"
32,Yogesh Kumar Srivastava,"Assistant Professor, Department of Physics, Indian Institute of Technology Hyderabad","Metamaterials, Terahertz spectroscopy, Quantum materials and superconductors, Quantum devices",5009,https://scholar.google.com/citations?hl=en&user=xe8IutUAAAAJ,33.0,39.0,"['All‐dielectric active terahertz photonics driven by bound states in the continuum', 'All-optical active THz metasurfaces for ultrafast polarization switching and dynamic beam splitting', 'Brillouin zone folding driven bound states in the continuum', 'Sensing with Toroidal Metamaterial', 'Terahertz sensing of 7\u2009nm dielectric film with bound states in the continuum metasurfaces', 'Active Control of Nanodielectric-Induced THz Quasi-BIC in Flexible Metasurfaces: A Platform for Modulation and Sensing', 'Active Photoswitching of Sharp Fano Resonances in THz Metadevices', 'Extended Bound States in the Continuum with Symmetry-Broken Terahertz Dielectric Metasurfaces', 'MoS2 for Ultrafast All-Optical Switching and Modulation of THz Fano Metaphotonic Devices', 'Ultrafast all‐optical switching of germanium‐based flexible metaphotonic devices']"
33,Tarun K. Panda,"Professor, Department of Chemistry, IIT Hyderabad","Organometallic Chemistry, Main group Chemistry, Catalysis",4906,https://scholar.google.com/citations?hl=en&user=m_2a6y4AAAAJ,38.0,131.0,"['An improved synthesis of sodium and potassium cyclopentadienide', 'Rare-earth metal alkyl, amido, and cyclopentadienyl complexes supported by imidazolin-2-iminato ligands: synthesis, structural characterization, and catalytic application', 'Overview of regioselective and stereoselective catalytic hydroboration of alkynes', 'Bis (phosphinimino) methanides as ligands in divalent lanthanide and alkaline earth chemistry–synthesis, structure, and catalysis', 'Imidazolin-2-iminato complexes of rare earth metals with very short metal− nitrogen bonds: experimental and theoretical studies', 'Main-group and transition-metal complexes of bis (phosphinimino) methanides', 'Cyclooctatetraene Complexes of Yttrium and the Lanthanides with Bis (phosphinimino) methanides: Synthesis, Structure, and Hydroamination/Cyclization Catalysis1', 'Rare Earth Metal Complexes Supported by Ancillary Imidazolin‐2‐iminato Ligands', 'Catalytic hydroboration of organic nitriles promoted by aluminum complex', 'Salt Metathesis and Direct Reduction Reactions Leading to Group 3 Metal Complexes with a N,N′-Bis(2,6-diisopropylphenyl)-1,4-diaza-1,3-butadiene Ligand\xa0…']"
34,AK Rengan,"Professor, Dept of BME, IIT Hyderabad",Nanomedicine & Theranostics,4852,https://scholar.google.com/citations?hl=en&user=39W5cHoAAAAJ,35.0,98.0,"['In vivo analysis of biodegradable liposome gold nanoparticles as efficient agents for photothermal therapy of cancer', 'Enhanced permeability and retention effect: A key facilitator for solid tumor targeting by nanoparticles', 'Green synthesis of multi-functional carbon dots from medicinal plant leaves for antimicrobial, antioxidant, and bioimaging applications', 'Chlorin e6: a promising photosensitizer in photo-based cancer nanomedicine', 'Ag and Au nanoparticles/reduced graphene oxide composite materials: synthesis and application in diagnostics and therapeutics', 'Multifunctional gold coated thermo-sensitive liposomes for multimodal imaging and photo-thermal therapy of breast cancer cells', 'Inorganic nanoparticles in dermopharmaceutical and cosmetic products: Properties, formulation development, toxicity, and regulatory issues', 'NIR triggered liposome gold nanoparticles entrapping curcumin as in situ adjuvant for photothermal treatment of skin cancer', 'Sand bath assisted green synthesis of carbon dots from citrus fruit peels for free radical scavenging and cell imaging', 'A review of advanced nanoformulations in phototherapy for cancer therapeutics']"
35,Renu John,"Professor, Biomedical Engineering, Indian Institute of Technology Hyderabad","Biomedical Optics, NIR imaging, low coherence microscopy, Biomedical sensors, nanobiosensing",4840,https://scholar.google.com/citations?hl=en&user=Sa_FHqMAAAAJ,28.0,52.0,"['Single disperser design for coded aperture snapshot spectral imaging', 'Single-shot compressive spectral imaging with a dual-disperser architecture', 'Microfluidic‐integrated biosensors: Prospects for point‐of‐care diagnostics', 'In vivo magnetomotive optical molecular imaging using targeted magnetic nanoprobes', 'Spectroscopic optical coherence elastography', 'Highly efficient bienzyme functionalized nanocomposite-based microfluidics biosensor platform for biomedical application', 'Dynamic spectral-domain optical coherence elastography for tissue characterization', 'Lipid–Lipid Interactions in Aminated Reduced Graphene Oxide Interface for Biosensing Application', 'Microporous Nanocomposite Enabled Microfluidic Biochip for Cardiac Biomarker Detection', 'Protein Functionalized Carbon Nanotubes-based Smart Lab-on-a-Chip']"
36,Dr.Sireesh S,"Professor, IIT Hyderabad",Geotechnical Engineering,4831,https://scholar.google.com/citations?hl=en&user=a7yUZyAAAAAJ,37.0,78.0,"['Model studies on circular footing supported on geocell reinforced sand underlain by soft clay', 'Bearing capacity of circular footing on geocell–sand mattress overlying clay bed with void', 'Swell-shrink and strength behaviors of lime and cement stabilized expansive organic clays', 'Experimental and modeling studies of permanent strains of subgrade soils', 'Durability and long term performance of geopolymer stabilized reclaimed asphalt pavement base courses', 'Model studies of a circular footing supported on geocell-reinforced clay', 'Sustainable reuse of limestone quarry fines and RAP in pavement base/subbase layers', 'Performance of surface footing on geocell-reinforced soft clay beds', 'Model studies of embedded circular footing on geogrid-reinforced sand beds', 'Behavior of embedded footings supported on geogrid cell reinforced foundation beds']"
37,Shashidhar thatikonda,"Professor, IIT Hyderabad","Environmental and Water Resources …, AMR, Bioremediation, Hydroclimate",4642,https://scholar.google.com/citations?hl=en&user=Twxd3Q4AAAAJ,26.0,41.0,"['Pharmaceutical pollution of the world’s rivers', 'Antibiotic pollution in the environment: a review', 'Potential ecological footprints of active pharmaceutical ingredients: an examination of risk factors in low-, middle-and high-income countries', 'Investigating the impact of climate and land-use land cover changes on hydrological predictions over the Krishna river basin under present and future scenarios', 'Occurrence of high levels of fluoroquinolones in aquatic environment due to effluent discharges from bulk drug manufacturers', 'Analysis of rainfall extremes and water yield of Krishna river basin under future climate scenarios', 'Non-thermal atmospheric pressure plasma jet for the bacterial inactivation in an aqueous medium', 'Ni and Cu oxide supported γ-Al2O3 packed DBD plasma reactor for CO2 activation', 'Role of\xa0environmental\xa0pollution in prevalence of antibiotic resistant bacteria  in aquatic\xa0environment\xa0of river: Case of Musi river, South India,', 'Review on antibiotic pollution dynamics: insights to occurrence, environmental behaviour, ecotoxicity, and management strategies']"
38,Vaidyanathan Sivakumar,"Professor of chemistry, Indian Institute of Technology Hyderabad","Phosphors, white LEDs, organic fluorophores, OLEDs, afterglow phosphor",4634,https://scholar.google.com/citations?hl=en&user=L_SrFzcAAAAJ,40.0,105.0,"['Recent development of phenanthroimidazole-based fluorophores for blue organic light-emitting diodes (OLEDs): an overview', 'Synthesis, phase transition and photoluminescence studies on Eu3+-substituted double perovskites—A novel orange-red phosphor for solid-state lighting', 'Intense red-emitting phosphors for white light emitting diodes', 'A promising orange-red phosphor under near UV excitation', 'Zero-concentration quenching: a novel Eu3+ based red phosphor with non-layered crystal structure for white LEDs and NaSrY(MoO4)3:Sm3+ based deep-red\xa0…', 'A novel self-activated (bluish-green) and Eu3+ doped (red) phosphors for warm white LEDs', 'An orange-red phosphor under near-UV excitation for white light emitting diodes', 'Narrow-band red-emitting phosphors with high color purity, trifling thermal and concentration quenching for hybrid white LEDs and Li3Y3BaSr (MoO4) 8: Sm3+, Eu3+-based deep-red\xa0…', 'New red emitting phosphors NaSrLa (MO4) 3: Eu3+ [M= Mo and W] for white LEDs: Synthesis, structural and optical study', 'Emission Band Change of  \u2009(\u2009Sr1\u2009−\u2009x M x \u2009)\u20093SiO5\u2009:\u2009Eu2\u2009+\u2009  \u2009(\u2009M\u2009=\u2009Ca\u2009,\u2009\xa0Ba\u2009)\u2009  Phosphor for White Light Sources Using Blue/Near-Ultraviolet\xa0…']"
39,Konda Reddy Mopuri,Indian Institute of Technology Hyderabad,"Deep Learning, Data Science and Engineering, Computer Vision",4583,https://scholar.google.com/citations?hl=en&user=OCZ2vIYAAAAJ,21.0,24.0,"['idlg: Improved deep leakage from gradients', 'Dataset condensation with gradient matching', 'Zero-shot knowledge distillation in deep networks', 'A taxonomy of deep convolutional neural nets for computer vision', 'Fast feature fool: A data independent approach to universal adversarial perturbations', 'Generalizable data-free objective for crafting universal adversarial perturbations', 'NAG: Network for Adversary Generation', 'Ask, acquire, and attack: Data-free uap generation using class impressions', 'CNN fixations: An unraveling approach to visualize the discriminative image regions', 'Object level deep feature pooling for compact image representation']"
40,Saptarshi Majumdar,"Indian Institute of Technology, Hyderabad, India","Polymers, Multiscale, Biomaterials",4498,https://scholar.google.com/citations?hl=en&user=vc4EYCQAAAAJ,29.0,61.0,"['Sensor technology handbook', 'Fuzzy rough sets', 'Prevalence of coronary heart disease and coronary risk factors in an urban population of Rajasthan.', 'Electrospun nanofibres in drug delivery: advances in controlled release strategies', 'In-vitro release study of hydrophobic drug using electrospun cross-linked gelatin nanofibers', 'Comparative study of surrogate approaches while optimizing computationally expensive reaction networks', 'Sustained drug release from multi-layered sequentially crosslinked electrospun gelatin nanofiber mesh', 'Towards a better understanding of the epoxy-polymerization process using multi-objective evolutionary computation', 'Hydrodeoxygenation of guaiacol over Mo, W and Ta modified supported nickel catalysts', 'Sodium alginate and gelatin hydrogels: Viscosity effect on hydrophobic drug release']"
41,Amit Acharyya,"Professor, Department of Electrical Engineering, Indian Institute of Technology, Hyderabad …","VLSI Signal processing, Healthcare Technology, Low Power VLSI",4226,https://scholar.google.com/citations?hl=en&user=nanwF7kAAAAJ,31.0,79.0,"['CorNET: Deep learning framework for PPG-based heart rate estimation and biometric identification in ambulant environment', 'PP-Net: A deep learning framework for PPG-based blood pressure and heart rate estimation', 'A low-complexity ECG feature extraction algorithm for mobile healthcare applications', 'Rehab-net: Deep learning framework for arm movement classification using wearable sensors for stroke rehabilitation', 'MyoNet: A transfer-learning-based LRCN for lower limb movement recognition and knee joint angle prediction for remote monitoring of rehabilitation progress from sEMG', 'CNN based approach for activity recognition using a wrist-worn accelerometer', 'Principal component analysis applied to surface electromyography: a comprehensive review', 'A time-domain morphology and gradient based algorithm for ECG feature extraction', 'An ICA-EBM-based sEMG classifier for recognizing lower limb movements in individuals with and without knee pathology', 'BiometricNet: Deep learning based biometric identification using wrist-worn PPG']"
42,Arup Mahata,Indian Institute of Technology Hyderabad,"Computational Chemistry, Halide Perovskites, Porous Organic Frameworks",4177,https://scholar.google.com/citations?hl=en&user=gzJmvjYAAAAJ,36.0,66.0,"['Tuning structural isomers of phenylenediammonium to afford efficient and stable perovskite solar cells and modules', 'Multication perovskite 2D/3D interfaces form via progressive dimensional reduction', 'Graphene-like carbon–nitride monolayer: a potential anode material for Na-and K-ion batteries', 'The staging mechanism of AlCl4 intercalation in a graphite electrode for an aluminium-ion battery', 'Hexagonal planar CdS monolayer sheet for visible light photocatalysis', 'Polarons in metal halide perovskites', 'B–N@ Graphene: highly sensitive and selective gas sensor', 'Direct vs. indirect pathway for nitrobenzene reduction reaction on a Ni catalyst surface: a density functional study', 'Room-temperature chemoselective reduction of nitro groups using non-noble metal nanocatalysts in water', 'Access to highly active Ni–Pd bimetallic nanoparticle catalysts for C–C coupling reactions']"
43,"Sai Santosh Kumar Raavi [FRSC, FTAS, M-NASI]","Professor, Dept. of Physics, Indian Institute of Technology, Hyderabad","Ultrafast spectroscopy, Halide Perovskites, Photonics, Photodetectors, Nonlinear Optics",4168,https://scholar.google.com/citations?hl=en&user=wq53pfAAAAAJ,32.0,79.0,"['Plasmonic Dye-Sensitized Solar Cells Using Core− Shell Metal− Insulator Nanoparticles', 'Ultrafast Dynamics of Exciton Fission in Polycrystalline Pentacene', 'Femtosecond and nanosecond nonlinear optical properties of alkyl phthalocyanines studied using Z-scan technique', 'Second harmonic generation and crystal growth of new chalcone derivatives', 'Synthesis, Optical, Electrochemical, DFT Studies, NLO Properties, and Ultrafast Excited State Dynamics of Carbazole-Induced Phthalocyanine Derivatives', 'Nonlinear absorption and scattering properties of cadmium sulphide nanocrystals with its application as a potential optical limiter', 'Influence of Ion Induced Local Coulomb Field and Polarity on Charge Generation and Efficiency in Poly (3‐Hexylthiophene)‐Based Solid‐State Dye‐Sensitized Solar Cells', 'The metal halide structure and the extent of distortion control the photo-physical properties of luminescent zero dimensional organic-antimony (iii) halide hybrids', 'Control over relaxor, piezo-photocatalytic and energy storage properties in Na0. 5Bi0. 5TiO3 via processing methodologies', 'Enhanced Electrocaloric Effect and Energy Storage Density of Nd-Substituted 0.92NBT-0.08BT Lead Free Ceramic']"
44,Manish K Niranjan,Indian Institute of Technology Hyderabad,Theoretical Condensed matter Physics,3982,https://scholar.google.com/citations?hl=en&user=L_FqZ6wAAAAJ,26.0,47.0,"['Magnetic tunnel junctions with ferroelectric barriers: prediction of four resistance states from first principles', 'Suppression of octahedral tilts and associated changes in electronic properties at epitaxial oxide heterostructure interfaces', 'Electric field effect on magnetization at the Fe/MgO (001) interface', 'Metallic and insulating oxide interfaces controlled by electronic correlations', 'Theoretical and experimental investigation of Raman modes, ferroelectric and dielectric properties of relaxor Na0. 5Bi0. 5TiO3', 'Magnetoelectric effect at the  (001) interface: A first-principles study', ""First principles theoretical investigations of low Young's modulus beta Ti–Nb and Ti–Nb–Zr alloys compositions for biomedical applications"", 'Prediction of a switchable two-dimensional electron gas at ferroelectric oxide interfaces', 'Magnetoelectric effect at the SrRuO3/BaTiO3 (001) interface: An ab initio study', 'Effect of spin-orbit coupling on small platinum nanoclusters']"
45,Kishalay Mitra,"Professor, Indian Institute of Technology Hyderabad","Machine learning in process systems …, uncertainty modeling, operations research, surrogate multi-objective optimizati",3943,https://scholar.google.com/citations?hl=en&user=cpR7HPQAAAAJ,38.0,81.0,"['Multiobjective dynamic optimization of an industrial nylon 6 semibatch reactor using genetic algorithm', 'Multiobjective optimization of an industrial grinding operation using elitist nondominated sorting genetic algorithm', 'Estimation of interfacial tension for immiscible and partially miscible liquid systems by Dissipative Particle Dynamics', 'Mathematical modeling and optimization of two-layer sintering process for sinter quality and fuel efficiency using genetic algorithm', 'Genetic algorithms in polymeric material production, design, processing and other applications: a review', 'TRANSFORM-ANN for online optimization of complex industrial processes: Casting process as case study', 'Comparative study of surrogate approaches while optimizing computationally expensive reaction networks', 'A novel hybrid optimization methodology to optimize the total number and placement of wind turbines', 'Data science approaches for electrochemical engineers: an introduction through surrogate model development for lithium-ion batteries', 'Towards a better understanding of the epoxy-polymerization process using multi-objective evolutionary computation']"
46,Vinod Janardhanan,"Professor of Chemical Engineering, IIT Hyderabad","Electrochemical devices, Chemical kinetics, Reactor modeling",3932,https://scholar.google.com/citations?hl=en&user=9E6YT44AAAAJ,27.0,44.0,"['Modeling elementary heterogeneous chemistry and electrochemistry in solid-oxide fuel cells', 'CFD analysis of a solid oxide fuel cell with internal reforming: Coupled interactions of transport, heterogeneous catalysis and electrochemical processes', 'A study on the coagulation of polycyclic aromatic hydrocarbon clusters to determine their collision efficiency', 'Performance analysis of a SOFC under direct internal reforming conditions', 'A model-based understanding of solid-oxide electrolysis cells (SOECs) for syngas production by H2O/CO2 co-electrolysis', 'Three-phase boundary length in solid-oxide fuel cells: A mathematical model', 'DETCHEM Software package', 'Numerical study of mass and heat transport in solid-oxide fuel cells running on humidified methane', 'Deactivation and regeneration of Ni catalyst during steam reforming of model biogas: An experimental investigation', 'Modeling of solid-oxide fuel cells']"
47,Mahesh Peddigari,IIT Hyderabad,"Energy storage capacitors, Ferroelectrics, Piezoelectrics, Magnetoelectrics.",3914,https://scholar.google.com/citations?hl=en&user=ST7W7cAAAAAJ,29.0,53.0,"['High‐performance dielectric ceramic films for energy storage capacitors: progress and outlook', 'Laser irradiation of metal oxide films and nanostructures: applications and advances', 'Magnetic energy harvesting with magnetoelectrics: an emerging technology for self-powered autonomous systems', 'Exceeding milli-watt powering magneto-mechano-electric generator for standalone-powered electronics', 'A high output magneto-mechano-triboelectric generator enabled by accelerated water-soluble nano-bullets for powering a wireless indoor positioning system', 'Linear and nonlinear dielectric ceramics for high-power energy storage capacitor applications', 'Optogenetic brain neuromodulation by stray magnetic field via flash-enhanced magneto-mechano-triboelectric nanogenerator', 'Lead-free piezoelectric materials and composites for high power density energy harvesting', 'Ceramic-based dielectric materials for energy storage capacitor applications', 'Boosting the recoverable energy density of lead-free ferroelectric ceramic thick films through artificially induced quasi-relaxor behavior']"
48,Sourav Das,"Assistant Professor, Indian Institute of Technology Hyderabad, India","Structural Engineering, Reliability Engineering, Machine Learning, Uncertainty Quantification",3868,https://scholar.google.com/citations?hl=en&user=cMf4E2AAAAAJ,28.0,72.0,"['OpenNF: Enabling innovation in network function control', 'Changes in sleep pattern and sleep quality during COVID-19 lockdown', 'Preferential and enhanced adsorption of different dyes on iron oxide nanoparticles: a comparative study', 'Measuring control plane latency in SDN-enabled switches', 'Design-space exploration and optimization of an energy-efficient and reliable 3-D small-world network-on-chip', 'Optimizing 3D NoC design for energy efficiency: A machine learning approach', 'Reliability assessment of stochastic dynamical systems using physics informed neural network based PDEM', 'Deep bayesian bandits: Exploring in online personalized recommendations', 'Clinical practice guidelines for sleep disorders', 'Latency in software defined networks: Measurements and mitigation techniques']"
49,"Saket Asthana, Ph.D., FRSC, FTAS","Professor, Department of Physics, IIT Hyderabad, India","ferroelectrics, energy harvesting based on 2D/hybrid …, electrocaloric, nanoferroelectrics",3830,https://scholar.google.com/citations?hl=en&user=9GPKaOwAAAAJ,34.0,82.0,"['Theoretical and experimental investigation of Raman modes, ferroelectric and dielectric properties of relaxor Na0. 5Bi0. 5TiO3', 'Effect of poling process on piezoelectric properties of sol–gel derived BZT–BCT ceramics', 'Investigation of structural, magnetic and optical properties of rare earth substituted bismuth ferrite', 'Large piezoelectric strain observed in sol–gel derived BZT–BCT ceramics', 'Evidence of improved ferroelectric phase stabilization in Nd and Sc co-substituted BiFeO3', 'A hybrid magnet with coexistence of ferromagnetism and photoinduced Fe(iii) spin-crossover', 'Study of structural effect on Eu-substituted LSMO manganite for high temperature coefficient of resistance', 'Ferroelectric, piezoelectric and mechanical properties in lead free (0.5) Ba (Zr0. 2Ti0. 8) O3–(0.5)(Ba0. 7Ca0. 3) TiO3 electroceramics', 'Enhanced magnetization and improved insulating character in Eu substituted BiFeO3', 'Photomagnetism of a sym‐cis‐Dithiocyanato Iron(II) Complex with a Tetradentate N,N′‐Bis(2‐pyridylmethyl)1,2‐ethanediamine Ligand']"
50,Dr. Suresh Perumal,"Assistant Professor, Indian Institute of Technology Hyderabad (IITH), Kandi, Telangana …","Thermoelectrics, Electrical and Thermal Transport, Magnetic Refrigeration",3790,https://scholar.google.com/citations?hl=en&user=opw_tesAAAAJ,30.0,53.0,"['High Thermoelectric Performance and Enhanced Mechanical Stability of p-type Ge1–xSbxTe', 'The origin of low thermal conductivity in Sn1−xSbxTe: phonon scattering via layered intergrowth nanostructures', 'Realization of high thermoelectric figure of merit in GeTe by complementary co-doping of Bi and In', 'High performance thermoelectric materials and devices based on GeTe', 'Reduction of thermal conductivity through nanostructuring enhances the thermoelectric figure of merit in Ge1−xBixTe', 'Low thermal conductivity and high thermoelectric performance in Sb and Bi codoped GeTe: complementary effect of band convergence and nanostructuring', 'Germanium chalcogenide thermoelectrics: electronic structure modulation and low lattice thermal conductivity', 'Effect of doping concentration on the structural and optical properties of pure and tin doped zinc oxide thin films by nebulizer spray pyrolysis (NSP) technique', 'Ultrahigh Thermoelectric Figure of Merit and Enhanced Mechanical Stability of p-type AgSb1–xZnxTe2', 'Ultrahigh Average Thermoelectric Figure of Merit, Low Lattice Thermal Conductivity and Enhanced Microhardness in Nanostructured (GeTe)x(AgSbSe2)100−x']"
51,Sumohana S. Channappayya,IIT Hyderabad,"Image and Video Quality Assessment, Medical Imaging, Machine Learning",3703,https://scholar.google.com/citations?hl=en&user=_VCOXFwAAAAJ,26.0,52.0,"['Blind image quality evaluation using perception based features', 'Rate bounds on SSIM index of quantized images', 'Streaming video QoE modeling and prediction: A long short-term memory approach', 'Design of linear equalizers optimized for the structural similarity index', 'An optical flow-based full reference video quality assessment algorithm', 'No-reference video quality assessment using natural spatiotemporal scene statistics', 'No-reference stereoscopic image quality assessment using natural scene statistics', 'A continuous QoE evaluation framework for video streaming over HTTP', 'Full-reference stereo image quality assessment using natural stereo scene statistics', 'Continual learning for anomaly based network intrusion detection']"
52,S. Suriya Prakash,"Professor, IIT Hyderabad","Reinforced concrete, Prestresed concrete, Use of FRPs in Infrastructure, Condition assessment",3662,https://scholar.google.com/citations?hl=en&user=epk8FZMAAAAJ,35.0,87.0,"['Seismic performance of circular RC columns subjected to axial force, bending, and torsion with low and moderate shear', 'Analytical and finite element studies on hybrid FRP strengthened RC column elements under axial and eccentric compression', 'Strength and Ductility of Innovative Hybrid NSM Reinforced and FRP Confined Short RC Columns under Axial Compression', 'A study on the efficiency of steel vs. synthetic vs. hybrid fibers on fracture behavior of concrete in flexure using acoustic emission', 'Experimental and finite element studies on the flexural behavior of reinforced concrete elements strengthened with hybrid FRP technique', 'Mechanical behavior of sustainable hybrid-synthetic fiber reinforced cellular light weight concrete for structural applications of masonry', 'Analytical and Finite Element Studies on Behavior of FRP Strengthened RC Beams under Torsion', 'Crack propagation analysis of synthetic vs. steel vs. hybrid fibre-reinforced concrete beams using digital image correlation technique', 'Behavior of hybrid-synthetic fiber reinforced cellular lightweight concrete under uniaxial tension–Experimental and analytical studies', 'Efficient Near Surface Mounted CFRP Shear Strengthening of High Strength Prestressed Concrete Beams – An Experimental Study']"
53,Kotagiri Venkata Rao,"Associate Professor, Department of Chemistry, IIT Hyderabad","Functional Organic Materials, Supramolecular Polymers, Carbon Capture",3551,https://scholar.google.com/citations?hl=en&user=aX7i9NsAAAAJ,31.0,43.0,"['Noncovalent functionalization, exfoliation, and solubilization of graphene in water by employing a fluorescent coronene carboxylate', 'Supramolecular hydrogels and high-aspect-ratio nanofibers through charge-transfer-induced alternate coassembly', 'Thermally bisignate supramolecular polymerization', 'Supramolecular charge transfer nanostructures', 'Quenching of fluorescence of aromatic molecules by graphene due to electron transfer', 'Light‐Harvesting Hybrid Hydrogels: Energy‐Transfer‐Induced Amplified Fluorescence in Noncovalently Assembled Chromophore–Organoclay Composites', 'Highly pure solid-state white-light emission from solution-processable soft-hybrids.', 'Perylene based porous polyimides: tunable, high surface area with tetrahedral and pyramidal monomers', 'Aqueous phase phosphorescence: ambient triplet harvesting of purely organic phosphors via supramolecular scaffolding', 'Light‐harvesting hybrid assemblies']"
54,Balasubramaniam Jayaram,"Professor in Mathematics, Indian Institute of Technology Hyderabad","Connectives in Multivalued Logic, Approximate Reasoning, Issues in High Dimensional Data Analysis",3544,https://scholar.google.com/citations?hl=en&user=_bpGiksAAAAJ,25.0,39.0,"['Fuzzy Implications (Ser. Studies in Fuzziness and Soft Computing)', '(S, N)-and R-implications: a state-of-the-art survey', 'On the characterizations of (S, N)-implications', 'On the Law of Importation  in Fuzzy Logic', 'On the distributivity of implication operators over T and S norms', 'Fuzzy implications: past, present, and future', 'Yager’s new class of implications Jf and some classical tautologies', 'On the suitability of the Bandler–Kohout subproduct as an inference mechanism', 'QL-implications: Some properties and intersections', 'On the distributivity of fuzzy implications over nilpotent or strict triangular conorms']"
55,Shishir Kumar,"Assistant Professor, Department of Electrical Engineering, Indian Institute of Technology …","Nanoscale objects and phenomena, Nanocarbons (Graphene, CNTs), 2D materials, Bio-chemical sensing",3522,https://scholar.google.com/citations?hl=en&user=-d8JyecAAAAJ,24.0,64.0,"['Nanoscale mapping of electrical resistivity and connectivity in graphene strips and networks', 'Synthesis and analysis of thin conducting pyrolytic carbon films', 'The effect of downstream plasma treatments on graphene surfaces', 'Simultaneous electrochemical determination of dopamine and paracetamol based on thin pyrolytic carbon films', 'Graphene on paper: a simple, low-cost chemical sensing platform', 'Helium ion microscopy of graphene: beam damage, image quality and edge contrast', 'Graphene field emission devices', 'Large magnetoresistance in few layer graphene stacks with current perpendicular to plane geometry', 'Ultrahigh field enhancement and photoresponse in atomically separated arrays of plasmonic dimers', 'Site‐Specific Transfer‐Printing of Individual Graphene Microscale Patterns to Arbitrary Surfaces']"
56,Rajalakshmi P,"Professor, IIT Hyderabad, Project Director TiHAN-IITH","Autonomous Navigations, Autonomous Vehicles/Drones, Sensor Fusion, IoT/CPS Communications",3478,https://scholar.google.com/citations?hl=en&user=2EWGrU8AAAAJ,29.0,109.0,"['A low power IoT network for smart agriculture', 'A novel computer-aided diagnosis framework using deep learning for classification of fatty liver disease in ultrasound imaging', 'Multi-level classification: A generic classification method for medical datasets', 'Adaptive rule engine based IoT enabled remote health care data acquisition and smart transmission system', 'Computer aided abnormality detection for kidney on FPGA based IoT enabled portable ultrasound imaging system', 'WSN based power monitoring in smart grids', 'Towards 6g v2x sidelink: Survey of resource allocation—Mathematical formulations, challenges, and proposed solutions', 'Accurate and reliable 3-lead to 12-lead ECG reconstruction methodology for remote health monitoring applications', 'Deep-learning-based multispectral image reconstruction from single natural color RGB image—Enhancing UAV-based phenotyping', 'Real time wireless air pollution monitoring system']"
57,Dr. SOMNATH MAJI,Department of Chemistry   Indian institute of Technology Hyderabad,Synthetic Coordination/Bio-Inorganic …,3406,https://scholar.google.com/citations?hl=en&user=LR8aZUsAAAAJ,32.0,69.0,"['Molecular water oxidation mechanisms followed by transition metals: State of the art', 'New powerful and oxidatively rugged dinuclear Ru water oxidation catalyst: control of mechanistic pathways by tailored ligand design', 'Engineering hydrogels for the development of three-dimensional in vitro models', 'Activating a Low Overpotential CO2 Reduction Mechanism by a Strategic Ligand Modification on a Ruthenium Polypyridyl Catalyst', 'Intramolecular valence and spin interaction in meso and rac diastereomers of a p-quinonoid-bridged diruthenium complex', 'A self‐improved water‐oxidation catalyst: is one site really enough?', 'Valence‐State Analysis through Spectroelectrochemistry in a Series of Quinonoid‐Bridged Diruthenium Complexes [(acac)2Ru(μ‐L)Ru(acac)2]n (n=+2, +1, 0\xa0…', 'Mononuclear ruthenium–water oxidation catalysts: discerning between electronic and hydrogen-bonding effects', 'Valence-State Alternatives in Diastereoisomeric Complexes [(acac)2Ru(μ-QL)Ru(acac)2]n (QL2− = 1,4-Dioxido-9,10-anthraquinone,n = +2, +1, 0, −1, −2)', 'Dynamics and Photochemical H2 Evolution of Dye–NiO Photocathodes with a Biomimetic FeFe-Catalyst']"
58,Subha Narayan Rath,Indian Institute of Technology Hyderabad,"3D printed microfluidics for anti-cancer drugs, Angio-osteo-genesis, 3D printing for osteo-skeletal",3376,https://scholar.google.com/citations?hl=en&user=2uAyw8AAAAAJ,34.0,65.0,"['3D printed microfluidic devices: a review focused on four fundamental manufacturing approaches and implications on the field of healthcare', 'In vitro and in vivo Biocompatibility of Alginate Dialdehyde/Gelatin Hydrogels with and without Nanoscaled Bioactive Glass for Bone Tissue Engineering Applications', 'Optimization of extrusion based ceramic 3D printing process for complex bony designs', 'Valorization of discarded Marine Eel fish skin for collagen extraction as a 3D printable blue biomaterial for tissue engineering', 'Soluble eggshell membrane: a natural protein to improve the properties of biomaterials used for tissue engineering applications', 'Bioactive copper-doped glass scaffolds can stimulate endothelial cells in co-culture in combination with mesenchymal stem cells', 'Osteoinduction and survival of osteoblasts and bone‐marrow stromal cells in 3 D biphasic calcium phosphate scaffolds under static and dynamic culture conditions', 'Oxidized alginate-gelatin hydrogel: A favorable matrix for growth and osteogenic differentiation of adipose-derived stem cells in 3D', 'On-chip anticancer drug screening–Recent progress in microfluidic platforms to address challenges in chemotherapy', 'Induction of bone formation in biphasic calcium phosphate scaffolds by bone morphogenetic protein‐2 and primary osteoblasts']"
59,Saurabh Kumar Singh,"Department of Chemistry, Indian Institute of Technology Hyderabad","Coordination Chemistry, Computational Chemistry, Metal-Organic Frameworks, Molecular Magnetism",3307,https://scholar.google.com/citations?hl=en&user=aStT8HsAAAAJ,32.0,65.0,"['Covalency and chemical bonding in transition metal complexes: an ab initio based ligand field perspective', 'Enhancing the Effective Energy Barrier of a Dy (III) SMM Using a Bridged Diamagnetic Zn (II) ion', 'Density functional studies on dinuclear {NiIIGdIII} and trinuclear {NiIIGdIIINiII} complexes: magnetic exchange and magneto-structural maps', 'A synthetic strategy for switching the single ion anisotropy in tetrahedral Co(ii) complexes', 'What controls the sign and magnitude of magnetic anisotropy in tetrahedral cobalt (II) single-ion magnets?', 'Magnetic anisotropy and mechanism of magnetic relaxation in Er (III) single-ion magnets', 'Challenges in Multireference Perturbation Theory for the Calculations of the g-Tensor of First-Row Transition-Metal Complexes', 'Fluoride‐Bridged {GdIII3MIII2} (M=Cr, Fe, Ga) Molecular Magnetic Refrigerants', 'Role of the Diamagnetic Zinc (II) Ion in Determining the Electronic Structure of Lanthanide Single‐Ion Magnets', 'Role of Magnetic Exchange Interactions in the Magnetization Relaxation of {3d–4f} Single‐Molecule Magnets: A Theoretical Perspective']"
60,Faiz Ahmed Khan,"Professor of Chemistry, IIT Hyderabad",Organic Chemistry,3301,https://scholar.google.com/citations?hl=en&user=apz0hDcAAAAJ,26.0,67.0,"['Palladium-catalyzed reactions of allenes', 'Hydrotalcite catalysis in ionic liquid medium: A recyclable reaction system for heterogeneous Knoevenagel and nitroaldol condensation', 'Chemoselective reduction of aromatic nitro and azo compounds in ionic liquids using zinc and ammonium salts', 'Electronic control of. pi.-facial selectivities in nucleophilic additions to 7-norbornanones', 'A Ruthenium-Catalyzed, Novel and Facile Procedure for the Conversion of Vicinal Dihaloalkenes to α-Diketones', 'A simple computational model for predicting. pi.-facial selectivity in reductions of sterically unbiased ketones. Relative importance of electrostatic and orbital interactions', 'Health-related quality of life improvements in systemic lupus erythematosus derived from a digital therapeutic plus tele-health coaching intervention: randomized controlled\xa0…', 'An easy access to γ-lactone-fused cyclopentanoids', 'Indenone derivatives as inhibitor of human DNA dealkylation repair enzyme AlkBH3', 'Electrostatic vs. Orbital Control of Facial Selectivities in π Systems: Experimental and Theoretical Study of Electrophilic Additions to 7‐Isopropylidenenorbornanes']"
61,Atul Suresh Deshpande,"Professor, Indian Institute of Technology Hyderabad","Materials Chemistry, High entropy oxides, Biomaterials, energy storage, supercapacitors",3231,https://scholar.google.com/citations?hl=en&user=Z0L48DwAAAAJ,29.0,39.0,"['Corn husk derived activated carbon with enhanced electrochemical performance for high-voltage supercapacitors', 'Bio-inspired synthesis of mineralized collagen fibrils', 'Steam reforming of methanol over Cu/ZrO2/CeO2 catalysts: a kinetic study', 'TiO2@ SiO2 nanoparticles for methylene blue removal and photocatalytic degradation under natural sunlight and low-power UV light', 'Primary structure and phosphorylation of dentin matrix protein 1 (DMP1) and dentin phosphophoryn (DPP) uniquely determine their role in biomineralization', 'Synthesis and Characterization of Stable and Crystalline Ce1-xZrxO2 Nanoparticle Sols', 'Antimicrobial surfaces: a review of synthetic approaches, applicability and outlook', 'Synthesis of yttria stabilized cubic zirconia (YSZ) powders by microwave-hydrothermal route', 'Controlled assembly of preformed ceria nanocrystals into highly ordered 3D nanostructures', 'Titania and mixed titania/aluminum, gallium, or indium oxide spheres: sol–gel/template synthesis and photocatalytic properties']"
62,Dr. Maheswaran Rathinasamy,IIT Hyderabad,"hydrological Modelling, Operational Inflow Forecasting, Stochastic Hydrology, Climate Networks",3217,https://scholar.google.com/citations?hl=en&user=pRvXDNoAAAAJ,32.0,53.0,"['Comparative study of different wavelets for hydrologic forecasting', 'A hybrid SVM-PSO model for forecasting monthly streamflow', 'Hydrologic regionalization using wavelet-based multiscale entropy method', 'Genetic programming approach for flood routing in natural channels', 'Wavelet‐based multiscale performance analysis: An approach to assess and improve hydrological models', 'Multiscale streamflow forecasting using a new Bayesian Model Average based ensemble multi-wavelet Volterra nonlinear method', 'Bootstrap rank‐ordered conditional mutual information (broCMI): A nonlinear input variable selection method for water resources modeling', 'Wavelet analysis of precipitation extremes over India and teleconnections to climate indices', 'Wavelet–Volterra coupled model for monthly stream flow forecasting', 'Predicting land-use change: Intercomparison of different hybrid machine learning models']"
63,"Sandipan Ray, Ph.D, MRSB","Associate Professor and Group Leader, Indian Institute of Technology Hyderabad","Proteomics, Circadian biology, Chronomedicine, Mental health, Systems biology",3203,https://scholar.google.com/citations?hl=en&user=MrWTKpcAAAAJ,30.0,50.0,"['Label‐free detection techniques for protein microarrays: Prospects, merits and challenges', 'Proteomic technologies for the identification of disease biomarkers in serum: Advances and challenges ahead', 'Circadian rhythms in the absence of the clock gene Bmal1', 'Virtualization of science education: a lesson from the COVID-19 pandemic', 'Dietary supplements and nutraceuticals under investigation for COVID-19 prevention and treatment', 'Challenges and prospects for biomarker research: a current perspective from the developing world', 'Rhythmic glucose metabolism regulates the redox circadian clockwork in human red blood cells', 'Emerging nanoproteomics approaches for disease biomarker detection: A current perspective', 'Investigation of serum proteome alterations in human glioblastoma multiforme', 'Quantitative proteomic analysis of meningiomas for the identification of surrogate protein markers']"
64,Badri Narayan Rath,"Professor of Economics, Dept. of Liberal Arts, Indian Institute of Technology Hyderabad …","Applied Econometrics, Industrial Economics, International Economics, Applied Economics",3132,https://scholar.google.com/citations?hl=en&user=e1ieqtAAAAAJ,31.0,74.0,"['Does the Indian financial market nosedive because of the COVID-19 outbreak, in comparison to after demonetisation and the GST?', 'Nonlinear causality between crude oil price and exchange rate: A comparative study of China and India', 'Public debt and economic growth in India: A reassessment', 'Do fossil fuel and renewable energy consumption affect total factor productivity growth? Evidence from cross-country data with policy insights', 'Productivity growth and efficiency change: Comparing manufacturing-and service-based firms in India', 'Determinants of innovation in selected manufacturing firms in India: Role of R&D and exports', 'Do information and communication technologies foster economic growth in Indonesia?', ""Evidence of Wagner's law from Indian states"", 'Does human capital matter for reduction in energy consumption in India?', 'Does the digital divide across countries lead to convergence? New international evidence']"
65,Mayur Vaidya,IIT Hyderabad,,3063,https://scholar.google.com/citations?hl=en&user=ze9AaA0AAAAJ,20.0,27.0,"['High-entropy alloys by mechanical alloying: A review', 'Bulk tracer diffusion in CoCrFeNi and CoCrFeMnNi high entropy alloys', 'Ni tracer diffusion in CoCrFeNi and CoCrFeMnNi high entropy alloys', 'Phase formation and thermal stability of CoCrFeNi and CoCrFeMnNi equiatomic high entropy alloys', 'Radioactive isotopes reveal a non sluggish kinetics of grain boundary diffusion in high entropy alloys', 'Effect of crystal structure and grain size on corrosion properties of AlCoCrFeNi high entropy alloy', 'Phase evolution and stability of nanocrystalline CoCrFeNi and CoCrFeMnNi high entropy alloys', 'Influence of sequence of elemental addition on phase evolution in nanocrystalline AlCoCrFeNi: Novel approach to alloy synthesis using mechanical alloying', 'Grain growth kinetics in CoCrFeNi and CoCrFeMnNi high entropy alloys processed by spark plasma sintering', 'Grain boundary diffusion in CoCrFeMnNi high entropy alloy: Kinetic hints towards a phase decomposition']"
66,Prof. Sunil K. Maity,"Chem. Engg., IIT Hyderabad","Heterogeneous catalysis, Biofuel, biorefinery, renewable chemical, Pinch & Techno-economic analysis",2966,https://scholar.google.com/citations?hl=en&user=Ri_QRosAAAAJ,29.0,62.0,"['Opportunities, recent trends and challenges of integrated biorefinery: Part I', 'Kinetics of Hydrodeoxygenation of Stearic Acid Using Supported Nickel Catalysts: Effects of Supports', 'Opportunities, recent trends and challenges of integrated biorefinery: Part II', 'Hydrodeoxygenation of Karanja Oil over Supported Nickel Catalysts: Influence of Support and Nickel Loading', 'Role of NiMo alloy and Ni species in the performance of NiMo/alumina catalysts for hydrodeoxygenation of stearic acid: a kinetic study', 'Recent advances in bio-based production of top platform chemical, succinic acid: An alternative to conventional chemistry', 'Reaction mechanism and kinetic modeling for the hydrodeoxygenation of triglycerides over alumina supported nickel catalyst', 'Reforming of vegetable oil for production of hydrogen: a thermodynamic analysis', 'Production of green diesel from karanja oil (Pongamia pinnata) using mesoporous NiMo-alumina composite catalysts', 'Roles of Supports (γ-Al2O3, SiO2, ZrO2) and Performance of Metals (Ni, Co, Mo) for Steam Reforming of Isobutanol']"
67,Prakash Mondal,Indian Institute of Technology Hyderabad,"Theoretical Linguistics, Philosophy of Language, Computational Linguistics, Cognitive Science",2965,https://scholar.google.com/citations?hl=en&user=ANTA8t0AAAAJ,27.0,54.0,"['Spin-dependent transport through chiral molecules studied by spin-dependent electrochemistry', 'Chiral conductive polymers as spin filters', 'Spin selectivity in photoinduced charge-transfer mediated by chiral molecules', 'Nanoscale molecular rectifiers', 'Field and chirality effects on electrochemical charge transfer rates: spin dependent electrochemistry', 'Non-magnetic organic/inorganic spin injector at room temperature', 'Ferrocene as an iconic redox marker: From solution chemistry to molecular electronic devices', 'The importance of electrical impedance spectroscopy and equivalent circuit analysis on nanoscale molecular electronic devices', 'Metal‐organic frameworks in semiconductor devices', 'Photospintronics: magnetic field-controlled photoemission and light-controlled spin transport in hybrid chiral oligopeptide-nanoparticle structures']"
68,Gangadharan Raju,"Department of Mechanical and Aerospace Engineering, Indian Institute of Technology …","Variable angle tow composites, Buckling and Postbuckling analysis, Optimization of composite structures, Structural health monit",2949,https://scholar.google.com/citations?hl=en&user=JbMFXzwAAAAJ,27.0,51.0,"['Buckling analysis and optimisation of variable angle tow composite plates', 'Framework for the buckling optimization of variable-angle tow composite plates', 'Time reversal technique for health monitoring of metallic structure using Lamb waves', 'Postbuckling analysis of variable angle tow composite plates', 'Prebuckling and buckling analysis of variable angle tow plates with general boundary conditions', 'Postbuckling optimisation of variable angle tow composite plates', 'Optimization of postbuckling behaviour of variable thickness composite panels with variable angle tows: Towards “Buckle-Free” design concept', 'A study on the efficiency of steel vs. synthetic vs. hybrid fibers on fracture behavior of concrete in flexure using acoustic emission', 'Damage characterization of CFRP laminates using acoustic emission and digital image correlation: Clustering, damage identification and classification', 'Experimental and numerical studies on the buckling and post-buckling behavior of single blade-stiffened CFRP panels']"
69,Dr. Prem Pal,"Professor (HAG), Dept. of Physics, IIT Hyderabad, India","Condensed Matter Physics, MEMS, Silicon & Glass Micromachining, MEMS-based sensors",2936,https://scholar.google.com/citations?hl=en&user=aO3YnC0AAAAJ,29.0,68.0,"['High speed silicon wet anisotropic etching for applications in bulk micromachining: a review', 'A comprehensive review on convex and concave corners in silicon bulk micromachining based on anisotropic wet chemical etching', 'Fabrication techniques of convex corners in a (1 0 0)-silicon wafer using bulk micromachining: a review', 'Various shapes of silicon freestanding microfluidic channels and microstructures in one-step lithography', 'Study of corner compensating structures and fabrication of various shapes of MEMS structures in pure and surfactant added TMAH', 'Study of rounded concave and sharp edge convex corners undercutting in CMOS compatible anisotropic etchants', 'Fabrication methods based on wet etching process for the realization of silicon MEMS structures with new shapes', 'Study of structural effect on Eu-substituted LSMO manganite for high temperature coefficient of resistance', 'Orientation-and concentration-dependent surfactant adsorption on silicon in aqueous alkaline solutions: explaining the changes in the etch rate, roughness and undercutting for\xa0…', 'Surfactant Adsorption on Single-Crystal Silicon Surfaces in TMAH Solution: Orientation-Dependent Adsorption Detected by In Situ Infrared Spectroscopy']"
70,Somnath Maji,Department of Chemistry Indian institute of Technology Hyderabad,Synthetic Coordination/Bio-Inorganic …,2893,https://scholar.google.com/citations?hl=en&user=KuWHM5UAAAAJ,30.0,55.0,"['Molecular water oxidation mechanisms followed by transition metals: State of the art', 'New powerful and oxidatively rugged dinuclear Ru water oxidation catalyst: control of mechanistic pathways by tailored ligand design', 'Activating a Low Overpotential CO2 Reduction Mechanism by a Strategic Ligand Modification on a Ruthenium Polypyridyl Catalyst', 'Intramolecular valence and spin interaction in meso and rac diastereomers of a p-quinonoid-bridged diruthenium complex', 'A self‐improved water‐oxidation catalyst: is one site really enough?', 'Valence‐State Analysis through Spectroelectrochemistry in a Series of Quinonoid‐Bridged Diruthenium Complexes [(acac)2Ru(μ‐L)Ru(acac)2]n (n=+2, +1, 0\xa0…', 'Mononuclear ruthenium–water oxidation catalysts: discerning between electronic and hydrogen-bonding effects', 'Valence-State Alternatives in Diastereoisomeric Complexes [(acac)2Ru(μ-QL)Ru(acac)2]n (QL2− = 1,4-Dioxido-9,10-anthraquinone,n = +2, +1, 0, −1, −2)', 'Dynamics and Photochemical H2 Evolution of Dye–NiO Photocathodes with a Biomimetic FeFe-Catalyst', 'Mechanistic insights into electrocatalytic CO2 reduction within [RuII(tpy)(NN)X]n+ architectures']"
71,Prabheesh kp,"Professor of Economics, Dept. of Liberal Arts, Indian Institute of Technology Hyderabad","Macroeconomics, International Finance and trade, applied econometrics",2858,https://scholar.google.com/citations?hl=en&user=k4mNxVUAAAAJ,23.0,40.0,"['The economics of COVID-19 pandemic: A survey', 'Implications of COVID-19 pandemic on the global trade networks', 'COVID-19 and the oil price–stock market nexus: Evidence from net oil-importing countries', 'Dynamics of foreign portfolio investment and stock market returns during the COVID-19 pandemic: evidence from India', 'Stock returns, mutual fund flows and spillover shocks', 'The dynamics of global financial cycle and domestic economic cycles: Evidence from India and Indonesia', 'Causal relationships between Foreign Institutional Investments and stock returns in India', 'Demand for foreign exchange reserves in India: A co-integration approach', 'The dynamics of oil prices, exchange rates, and the stock market under COVID-19 uncertainty: evidence from India', 'Covid-19 uncertainty and monetary policy responses: evidence from emerging market economies']"
72,Bheemarjuna Reddy Tamma,"Professor, Dept. of Computer Science and Engg, IIT Hyderabad, India","Wireless Networks, SDN/NFV in 5G and Beyond, XR, V2X, Network Security using AI/ML",2837,https://scholar.google.com/citations?hl=en&user=FYHCD2kAAAAJ,26.0,87.0,"['Quality of service provisioning in ad hoc wireless networks: a survey of issues and solutions', 'A neural network based cognitive controller for dynamic channel selection', 'Apt-RAN: A Flexible Split-Based 5G RAN to Minimize Energy Consumption and Handovers', 'Class based dynamic priority scheduling for uplink to support M2M communications in LTE', 'A realistic small-world model for wireless mesh networks', 'Continual Learning for Anomaly based Network Intrusion Detection', 'Providing MAC QoS for multimedia traffic in 802.11 e based multi-hop ad hoc wireless networks', 'Augmented Memory Replay-based Continual Learning Approaches for Network Intrusion Detection', 'Load-aware dynamic RRH assignment in cloud radio access networks', 'On placement and dynamic power control of femtocells in lte hetnets']"
73,Anup Bhunia,Indian Institute of Technology Hyderabad,Organic Chemistry,2820,https://scholar.google.com/citations?hl=en&user=m_D0j0cAAAAJ,25.0,31.0,"['Recent advances in transition-metal-free carbon–carbon and carbon–heteroatom bond-forming reactions using arynes', 'Employing arynes in Diels–Alder reactions and transition-metal-free multicomponent coupling and arylation reactions', 'Recent advances in radical chemistry proceeding through pro-aromatic radicals', 'Transition-metal-free multicomponent reactions involving arynes, N-heterocycles, and isatins', 'Enantioselective N‐Heterocyclic Carbene‐Catalyzed Annulations of 2‐Bromoenals with 1, 3‐Dicarbonyl Compounds and Enamines via Chiral α, β‐Unsaturated Acylazoliums', 'Radical 1, 3-difunctionalization of allylboronic esters with concomitant 1, 2-boron shift', 'Fe‐catalyzed anaerobic mukaiyama‐type hydration of alkenes using nitroarenes', 'Cooperative palladium/Lewis acid-catalyzed transfer hydrocyanation of alkenes and alkynes using 1-methylcyclohexa-2, 5-diene-1-carbonitrile', 'Multicomponent reactions involving arynes, quinolines, and aldehydes', 'Synthesis of Functionalized Coumarins and Quinolinones by NHC-Catalyzed Annulation of Modified Enals with Heterocyclic C–H Acids']"
74,Dr. Syed Thouheed Ahmed,"Post.Doc'24. IIT Hyderabad | World's Top 2% Scientist | Associate Professor, REVA …","Recommendation Systems, Telemedicine, Prompt Engineering, Protocol Engineering, 5G/6G",2809,https://scholar.google.com/citations?hl=en&user=3OU71eoAAAAJ,35.0,67.0,"[""A Deep Convolutional Neural Network based Computer Aided Diagnosis System for the Prediction of Alzheimer's Disease in MRI Images"", '6G enabled federated learning for secure IoMT resource recommendation and propagation analysis', 'AITel: eHealth augmented-intelligence-based telemedicine resource recommendation framework for IoT devices in smart cities', 'Cardiac Stroke Prediction Framework using Hybrid Optimization Algorithm under DNN', 'An Edge–IoT Framework and Prototype based on Blockchain for Smart Healthcare Applications', 'An edge-AI-enabled autonomous connected ambulance-route resource recommendation protocol (ACA-R3) for eHealth in smart cities', 'Privacy enhanced edge-ai healthcare devices authentication: a federated learning approach', 'Augmented Intelligence enabled Deep Neural Networking (AuDNN) framework for skin cancer classification and prediction using multi-dimensional datasets on industrial IoT standards', 'Telemedicine approach for Remote Patient monitoring system using smart phones with an economical hardware kit', 'A generalized study on data mining and clustering algorithms']"
75,Dr. Jyoti Ranjan Mohanty,"Professor, Dept. of Physics, IIT Hyderabad, India","Nanomagnetism, Nanoscale Magnetic Imaging, Ultrafast Magnetism, Multiferroics and Micromagnetics",2774,https://scholar.google.com/citations?hl=en&user=YfObc2cAAAAJ,24.0,59.0,"['Dynamics and inertia of skyrmionic spin structures', 'Ultrafast optical demagnetization manipulates nanoscale spin structure in domain walls', 'Femtosecond Single-Shot Imaging of Nanoscale Ferromagnetic Order <?format ?>in  Multilayers Using Resonant X-Ray Holography', 'Dichroic coherent diffractive imaging', 'Breakdown of the X-ray resonant magnetic scattering signal during intense pulses of extreme ultraviolet free-electron-laser radiation', 'Enhanced interfacial Dzyaloshinskii-Moriya interaction and isolated skyrmions in the inversion-symmetry-broken Ru/Co/W/Ru films', 'Thickness dependence of the magnetic properties of MnAs films on GaAs (001) and GaAs (113) A: Role of a natural array of ferromagnetic stripes', 'Tailoring of the structural and magnetic properties of MnAs films grown on GaAs—Strain and annealing effects', 'Temperature-dependent magnetic force microscopy investigation of epitaxial MnAs films on GaAs (001)', 'Magnetic states in low-pinning high-anisotropy material nanostructures suitable for dynamic imaging']"
76,Suryakumar S,"Professor, Dept of Mechanical Engg, IIT Hyderabad",Additive Manufacturing,2770,https://scholar.google.com/citations?hl=en&user=w96dWzQAAAAJ,22.0,34.0,"['Low cost integration of additive and subtractive processes for hybrid layered manufacturing', 'Weld bead modeling and process optimization in Hybrid Layered Manufacturing', 'Rapid manufacturing of metallic objects', 'Manufacture of complex thin-walled metallic objects using weld-deposition based additive manufacturing', 'Vibration assisted welding processes and their influence on quality of welds', 'Retrofitment of a CNC machine for hybrid layered manufacturing', 'Investigations into effect of weld-deposition pattern on residual stress evolution for metallic additive manufacturing', 'A study of the mechanical properties of objects built through weld-deposition', 'A study on the effect of substrate heating and cooling on bead geometry in wire arc additive manufacturing and its correlation with cooling rate', 'Studies on Dissimilar Twin-Wire Weld-Deposition for Additive Manufacturing Applications']"
77,Sri Rama Murty K,"Professor, IIT Hyderabad",Speech Signal Processing,2752,https://scholar.google.com/citations?hl=en&user=PMHlwxQAAAAJ,19.0,34.0,"['Epoch extraction from speech signals', 'Event-based instantaneous fundamental frequency estimation from speech signals', 'Characterization of glottal activity from speech signals', 'Feature selection using deep neural networks', 'Action recognition based on discriminative embedding of actions using siamese networks', 'Unsupervised universal attribute modeling for action recognition', 'Determining number of speakers from multispeaker speech signals using excitation source information', 'Significance of analytic phase of speech signals in speaker verification', 'Determining mixing parameters from multispeaker data using speech-specific information', 'Prosody-TTS: An end-to-end speech synthesis system with prosody control']"
78,R Kiran Kumar,Ph.d Engineering science Department IIT Hyderabad,"Computer Science, AI/ML",2746,https://scholar.google.com/citations?hl=en&user=LP3o1fcAAAAJ,24.0,79.0,"['Deep residual convolutional neural network: an efficient technique for intrusion detection system', 'Jatin; Singh, J.; Singh, S.; Scutaru, M.-L.; Pruncu, CI Revealing the benefits of entropy weights method for multi-objective optimization in machining operations: A critical review', 'A survey on conventional encryption algorithms of Cryptography', 'Hydrothermal approached 1-D molybdenum oxide nanostructures for high-performance supercapacitor application: RKK Reddy et al.', 'Carbon nanotube based aliphatic hydrocarbon sensor', 'Determination of Optimal Clusters for a Non-hierarchical Clustering Paradigm K-Means Algorithm', 'IrOx nanowire protein sensor', 'Vibro-acoustic characteristics of viscoelastic sandwich panel: effect of inherent damping', 'Current understanding of endophytes: their relevance, importance, and industrial potentials', 'Clustering algorithm combined with hill climbing for classification of remote sensing image']"
79,Ramji Manoharan,IIT Hyderabad,Experimental Mechanics,2660,https://scholar.google.com/citations?hl=en&user=wfGKklgAAAAJ,31.0,53.0,"['Towards optimization of patch shape on the performance of bonded composite repair using FEM', 'Adaptation of open source 2D DIC software Ncorr for solid mechanics applications', 'Whole field evaluation of stress components in digital photoelasticity—Issues, implementation and application', 'Whole-field strain analysis and damage assessment of adhesively bonded patch repair of CFRP laminates using 3D-DIC and FEA', 'A new process for design and manufacture of tailor-made functionally graded composites through friction stir additive manufacturing', 'Design of optimum patch shape and size for bonded repair on damaged Carbon fibre reinforced polymer panels', 'Experimental and numerical studies on the buckling and post-buckling behavior of single blade-stiffened CFRP panels', 'Linear least squares approach for evaluating crack tip fracture parameters using isochromatic and isoclinic data from digital photoelasticity', 'Adaptive quality guided phase unwrapping algorithm for whole‐field digital photoelastic parameter estimation of complex models', 'A unified numerical approach for the simulation of intra and inter laminar damage evolution in stiffened CFRP panels under compression']"
80,Saravanan Balusamy,"Professor, Department of Mechanical and Aerospace Engineering, IIT Hyderabad",Combustion,2660,https://scholar.google.com/citations?hl=en&user=iAA7mmsAAAAJ,29.0,42.0,"['Effects of n-octanol as a fuel blend with biodiesel on diesel engine characteristics', 'An assessment on the effects of 1-pentanol and 1-butanol as additives with Calophyllum Inophyllum biodiesel', 'Nonlinear dynamics of a self-excited thermoacoustic system subjected to acoustic forcing', 'Study on decanol and Calophyllum Inophyllum biodiesel as ternary blends in CI engine', 'Study on isobutanol and Calophyllum inophyllum biodiesel as a partial replacement in CI engine applications', 'Evaporation of ethanol-water sessile droplet of different compositions at an elevated substrate temperature', 'Effect of next generation higher alcohols and Calophyllum inophyllum methyl ester blends in diesel engine', 'Flow field measurements of a series of turbulent premixed and stratified methane/air flames', 'A novel study on the effect lemon peel oil as a fuel in CRDI engine at various injection strategies', 'Large-eddy simulation of pulverized coal jet flame–Effect of oxygen concentration on NOx formation']"
81,Dr Anamika Bhargava,"IIT Hyderabad, Indian Institute of Technology Hyderabad, IITH","Calcium signalling, Ion channel Biology, cell biology, toxicology, zebrafish models",2630,https://scholar.google.com/citations?hl=en&user=PfDpdzgAAAAJ,24.0,29.0,"['Cardiac BIN1 folds T-tubule membrane, controlling ion flux and limiting arrhythmia', 'The transient receptor potential channel antagonist SKF96365 is a potent blocker of low‐voltage‐activated T‐type calcium channels', 'Modulation of voltage-and Ca2+-dependent gating of CaV1. 3 L-type calcium channels by alternative splicing of a C-terminal regulatory domain', 'C-terminal modulator controls Ca2+-dependent gating of CaV1. 4 L-type Ca2+ channels', 'Endophytic colonization ability of two deep-water rice endophytes, Pantoea sp. and Ochrobactrum sp. using green fluorescent protein reporter', 'Caveolin-3 regulates compartmentation of cardiomyocyte beta2-adrenergic receptor-mediated cAMP signaling', 'Microdomain-specific modulation of L-type calcium channels leads to triggered ventricular arrhythmia in heart failure', 'Super-Resolution Scanning Patch-Clamp Reveals Clustering of Functional Ion Channels in the Adult Ventricular Myocyte', 'Direct Evidence for Microdomain-Specific Localization and Remodeling of Functional L-Type Calcium Channels in Rat and Human Atrial Myocytes', 'A critical role for Telethonin in regulating t-tubule structure and function in the mammalian heart']"
82,abhinav kumar,"Professor, Indian Institute of Technology Hyderabad, India","Wireless Communications, Wireless Networks, Internet-of-Things, Resource Allocation, Visible Light-based Communications",2577,https://scholar.google.com/citations?hl=en&user=kVHpPOcAAAAJ,25.0,58.0,"['Recent advances in thermal imaging and its applications using machine learning: A review', 'Embedded sensors, communication technologies, computing platforms and machine learning for UAVs: A review', 'Adaptive User Pairing for Downlink NOMA System with Imperfect SIC', 'Streaming video QoE modeling and prediction: A long short-term memory approach', 'Target classification by mmWave FMCW radars using machine learning on range-angle images', 'Localization and activity classification of unmanned aerial vehicle using mmWave FMCW radars', 'MADG: margin-based adversarial learning for domain generalization', 'A continuous QoE evaluation framework for video streaming over HTTP', 'Adversarial unsupervised domain adaptation for hand gesture recognition using thermal images', 'Energy and throughput trade-offs in cellular networks using base station switching']"
83,Siva Vanjari,"Professor, Department of Electrical Engineering, Indian Institute of Technology Hyderabad","Sensors, nanotechnology, RF, 3D IC, nanobiosensors",2567,https://scholar.google.com/citations?hl=en&user=oVyJtc8AAAAJ,30.0,65.0,"['Electrospun manganese (III) oxide nanofiber based electrochemical DNA-nanobiosensor for zeptomolar detection of dengue consensus primer', 'One step biofunctionalized electrospun multiwalled carbon nanotubes embedded zinc oxide nanowire interface for highly sensitive detection of carcinoma antigen-125', 'Electrospun CNT embedded ZnO nanofiber based biosensor for electrochemical detection of Atrazine: a step closure to single molecule detection', 'A highly sensitive self assembled monolayer modified copper doped zinc oxide nanofiber interface for detection of Plasmodium falciparum histidine-rich protein-2: Targeted\xa0…', 'Ultra-thin Ti passivation mediated breakthrough in high quality Cu-Cu bonding at low temperature and pressure', 'Interface and reliability analysis of Au-passivated Cu–Cu fine-pitch thermocompression bonding for 3-D IC applications', 'Electrospun tin (IV) oxide nanofiber based electrochemical sensor for ultra-sensitive and selective detection of atrazine in water at trace levels', 'Demonstration of sub 150° C Cu-Cu thermocompression bonding for 3D IC applications, utilizing an ultra-thin layer of Manganin alloy as an effective surface passivation layer', 'Label free, electrochemical detection of atrazine using electrospun Mn2O3 nanofibers: Towards ultrasensitive small molecule detection', 'Graphene based E. coli sensor on flexible acetate sheet']"
84,Kiran Kuchi,"Professor, Indian Institute of Technology Hyderabad","Communications, Signal processing",2562,https://scholar.google.com/citations?hl=en&user=W5mANsEAAAAJ,27.0,56.0,"['Non-zero complex weighted space-time code for multiple antenna transmission', 'Method and system for transmitting and receiving signals transmitted from an antenna array with transmit diversity techniques', 'Streaming video QoE modeling and prediction: A long short-term memory approach', 'Space-time code for multiple antenna transmission', 'A comparison of base station transmit diversity methods for third generation cellular standards', 'A continuous QoE evaluation framework for video streaming over HTTP', 'A spatially separable attention mechanism for massive MIMO CSI feedback', 'Performance analysis of CDMA transmit diversity methods', 'Method and system for generating a power control metric in an orthogonal transmit diversity communication system', 'Hopped delay diversity for multiple antenna transmission']"
85,Dr. Priyadarshi Chakraborty,"Assistant Professor, Department of Chemistry, IIT Hyderabad","Supramolecular Chemistry, Conductive polymers, Biomaterials, Tissue Engineering, Drug Delivery",2408,https://scholar.google.com/citations?hl=en&user=dUyayJMAAAAJ,27.0,39.0,"['A self-healing, all-organic, conducting, composite peptide hydrogel as pressure sensor and electrogenic cell soft substrate', 'Metal-ion modulated structural transformation of amyloid-like dipeptide supramolecular self-assembly', 'Nanoengineered Peptide‐Based Antimicrobial Conductive Supramolecular Biomaterial for Cardiac Tissue Engineering', 'Folic acid-polyaniline hybrid hydrogel for adsorption/reduction of chromium (VI) and selective adsorption of anionic dye from water', 'Amino Acid Based Self‐assembled Nanostructures: Complex Structures from Remarkably Simple Building Blocks', 'Unusual two‐step assembly of a minimalistic dipeptide‐based functional hypergelator', 'Coassembly-induced transformation of dipeptide amyloid-like structures into stimuli-responsive supramolecular materials', 'Co-assembled white-light-emitting hydrogel of melamine', 'Improved mechanical and photophysical properties of chitosan incorporated folic acid gel possessing the characteristics of dye and metal ion absorption', 'Enhancement of energy storage and photoresponse properties of folic acid–polyaniline hybrid hydrogel by in situ growth of Ag nanoparticles']"
86,Mudrika Khandelwal,Indian Institute of Technology Hyderabad,,2391,https://scholar.google.com/citations?hl=en&user=BI-atz8AAAAJ,28.0,42.0,"['Current international research into cellulose as a functional nanomaterial for advanced applications', 'TiO2@ SiO2 nanoparticles for methylene blue removal and photocatalytic degradation under natural sunlight and low-power UV light', 'Tuning the physiochemical properties of bacterial cellulose: effect of drying conditions', 'Antimicrobial surfaces: a review of synthetic approaches, applicability and outlook', 'Cultured meat: state of the art and future', 'Broad-spectrum antimicrobial activity of bacterial cellulose silver nanocomposites with sustained release', 'Ex-situ modification of bacterial cellulose for immediate and sustained drug release with insights into release mechanism', 'Three-dimensional bioprinting for bone tissue regeneration', 'Bacterial cellulose–polyaniline composite derived hierarchical nitrogen-doped porous carbon nanofibers as anode for high-rate lithium-ion batteries', 'Correlation between microstructure and electrical conductivity in composite electrolytes containing Gd-doped ceria and Gd-doped barium cerate']"
87,B Munwar Basha,"Professor and  Dean Planning, Department of Civil Engineering,  IIT Hyderabad","Geotechnical Eng, Geoenvironmental Eng, Retaining Structures, Reliability Based Design",2322,https://scholar.google.com/citations?hl=en&user=sjWt_dYAAAAJ,27.0,58.0,"['Optimum design of cantilever retaining walls using target reliability approach', 'Effect of Fiber Reinforcement on CBR Behavior of Lime Blended Expansive Soils: Reliability Approach', 'Optimum design of cantilever sheet pile walls in sandy soils using inverse reliability approach', 'Optimum design for external seismic stability of geosynthetic reinforced soil walls: reliability based approach', 'Reliability assessment of internal stability of reinforced soil structures: A pseudo-dynamic approach', 'Target reliability-based optimisation for internal seismic stability of reinforced soil structures', 'Seismic rotational displacements of gravity walls by pseudodynamic method with curved rupture surface', 'Computation of sliding displacements of bridge abutments by pseudo-dynamic method', 'Target reliability approach to study the effect of fiber reinforcement on UCS behavior of lime treated semiarid soil', 'Target reliability based design optimization of anchored cantilever sheet pile walls']"
88,Soumya Jana,"Professor, Electrical Engineering, IIT Hyderabad","Biomedical signal and image processing, multimedia signal processing, network information theory, statistical modeling",2286,https://scholar.google.com/citations?hl=en&user=IesfuI4AAAAJ,23.0,45.0,"['Smart RF energy harvesting communications: Challenges and opportunities', 'Distortion discriminant analysis for audio fingerprinting', 'Influence of scanning area on choroidal vascularity index measurement using optical coherence tomography', 'Robust heartbeat detection from multimodal data via CNN-based generalizable information fusion', 'Extracting noise-robust features from audio data', 'Automated estimation of choroidal thickness distribution and volume based on OCT images of posterior visual section', 'Experimental study of concurrent data and wireless energy transfer for sensor networks', 'Age-related changes in choroidal vascular density of healthy subjects based on image binarization of swept-source optical coherence tomography', 'Choroidal vascularity index and choroidal thickness in eyes with reticular pseudodrusen', 'Atrial fibrillation detection using convolutional neural networks']"
89,Debaprasad Shee,"Professor of Chemical Engineering, Indian Institute of Technology Hyderabad","Heterogeneous Catalysis, Catalysis over Metal and metal oxide, Fuels and Chemicals from Renewable",2280,https://scholar.google.com/citations?hl=en&user=hu3cTE8AAAAJ,27.0,56.0,"['Kinetics of hydrodeoxygenation of stearic acid using supported nickel catalysts: Effects of supports', 'Light alkane dehydrogenation over mesoporous Cr2O3/Al2O3 catalysts', 'Hydrodeoxygenation of karanja oil over supported nickel catalysts: influence of support and nickel loading', 'Hydrodeoxygenation of guaiacol over Mo, W and Ta modified supported nickel catalysts', 'Role of NiMo alloy and Ni species in the performance of NiMo/alumina catalysts for hydrodeoxygenation of stearic acid: a kinetic study', 'Synergistic effect of Ni-Co alloying on hydrodeoxygenation of guaiacol over Ni-Co/Al2O3 catalysts', 'Kinetic parameter estimation for supported vanadium oxide catalysts for propane ODH reaction: Effect of loading and support', 'Reaction mechanism and kinetic modeling for the hydrodeoxygenation of triglycerides over alumina supported nickel catalyst', 'Production of green diesel from karanja oil (Pongamia pinnata) using mesoporous NiMo-alumina composite catalysts', 'Roles of Supports (Al2O3, SiO2, ZrO2) and Performance of Metals (Ni, Co, Mo) for Steam Reforming of Isobutanol']"
90,Bhabani S. Mallik,"Professor, Department of Chemistry, Indian Institute of Technology Hyderabad","Comp. Chem., AI & ML, Energy - Electrode Electrolyte, Catalysis - HER OER NRR CO2RR LOHC",2216,https://scholar.google.com/citations?hl=en&user=KKmq-CAAAAAJ,24.0,73.0,"['Vibrational spectral diffusion and hydrogen bond dynamics in heavy water from first principles', 'A first principles theoretical study of vibrational spectral diffusion and hydrogen bond dynamics in aqueous ionic solutions: D2O in hydration shells of Cl− ions', 'Hydrogen bond and residence dynamics of ion–water and water–water pairs in supercritical aqueous ionic solutions: Dependence on ion size and density', 'Iron promoted C3–H nitration of 2H-indazole: direct access to 3-nitro-2H-indazoles', 'Solubility and solvation free energy of a cardiovascular drug, LASSBio-294, in ionic liquids: A computational study', 'Thermodynamic, structural and transport properties of tetramethyl ammonium fluoride: first principles molecular dynamics simulations of an unusual ionic liquid', 'Vibrational Spectral Diffusion in Supercritical D2O from First Principles: An Interplay between the Dynamics of Hydrogen Bonds, Dangling OD Groups, and Inertial\xa0…', 'Protic ammonium carboxylate ionic liquids: insight into structure, dynamics and thermophysical properties by alkyl group functionalization', 'Structure and Dynamics of Hydroxyl-Functionalized Protic Ammonium Carboxylate Ionic Liquids', 'Novelty of Lithium Salt Solution in Sulfone and Dimethyl Carbonate-Based Electrolytes for Lithium-Ion Batteries: A Classical Molecular Dynamics Simulation Study of Optimal Ion\xa0…']"
91,Prof Dr G Prabusankar,IIT Hyderabad,Organometallic Chemistry,2214,https://scholar.google.com/citations?hl=en&user=S6syj8EAAAAJ,27.0,54.0,"['Hexameric organotincarboxylates with cyclic and drum structures', '[Sn17 {GaCl (ddp)} 4]: A High‐Nuclearity Metalloid Tin Cluster Trapped by Electrophilic Gallium Ligands', 'A Short Bi\uf8fe Bi Bond Supported by a Metalloid Group 13 Ligand', 'N-heterocyclic carbene supported heavier group 14 elements: Recent progress and challenges', 'P−P Bond Activation of P4 Tetrahedron by Group 13 Carbenoid and its Bis Molybdenum Pentacarbonyl Adduct', 'An acridine derivative,[4, 5-bis {(N-carboxy methyl imidazolium) methyl} acridine] dibromide, shows anti-TDP-43 aggregation effect in ALS disease models', 'Computational insights into mechanism of AIM4-mediated inhibition of aggregation of TDP-43 protein implicated in ALS and evidence for in vitro inhibition of liquid-liquid phase\xa0…', 'Heavier chalcogenone complexes of bismuth(iii)trihalides: potential catalysts for acylative cleavage of cyclic ethers', 'Organic–Inorganic Sn12 and organic Sn6 oxide–hydroxide clusters', 'A novel dimeric copper salicylate with an undissociated COOH group: synthesis and crystal structure of [Cu2 (HSal)(Sal)(2, 2′-bpy) 2](ClO4)']"
92,MSS Bharathi,"NPDF, Indian Institute of Technology Hyderabad","flexible photodetector, SERS, laser ablation",2171,https://scholar.google.com/citations?hl=en&user=BKv1zKQAAAAJ,27.0,38.0,"['Flexible SERS substrates for hazardous materials detection: recent advances', 'Plasmonic nanoparticle sensors: current progress, challenges, and future prospects', 'Ag/Au nanoparticle-loaded paper-based versatile surface-enhanced Raman spectroscopy substrates for multiple explosives detection', 'Explosives sensing using Ag–Cu alloy nanoparticles synthesized by femtosecond laser ablation and irradiation', 'Instantaneous trace detection of nitro-explosives and mixtures with nanotextured silicon decorated with Ag–Au alloy nanoparticles using the SERS technique', 'Femtosecond laser fabricated Ag@ Au and Cu@ Au alloy nanoparticles for surface enhanced Raman spectroscopy based trace explosives detection', 'SERS based detection of multiple analytes from dye/explosive mixtures using picosecond laser fabricated gold nanoparticles and nanostructures', 'Ultra-sensitive reusable SERS sensor for multiple hazardous materials detection on single platform', 'Femtosecond laser-induced, nanoparticle-embedded periodic surface structures on crystalline silicon for reproducible and multi-utility SERS platforms', 'Versatile gold based SERS substrates fabricated by ultrafast laser ablation for sensing picric acid and ammonium nitrate']"
93,Basant K Patel,"Professor of Biotechnology, IIT Hyderabad","Protein misfolding, TDP-43, Amyloids, Yeast Prions, Chaperones",2164,https://scholar.google.com/citations?hl=en&user=Boh2iMkAAAAJ,18.0,23.0,"['Molecular mechanisms of TDP-43 misfolding and pathology in amyotrophic lateral sclerosis', 'The yeast global transcriptional co-repressor protein Cyc8 can propagate as a prion', '“Prion-proof” for [PIN+]: infection with in vitro-made amyloid aggregates of Rnq1p-(132–405) induces [PIN+]', 'Overexpression of the essential Sis1 chaperone reduces TDP-43 effects on toxicity and proteolysis', 'An acridine derivative,[4, 5-bis {(N-carboxy methyl imidazolium) methyl} acridine] dibromide, shows anti-TDP-43 aggregation effect in ALS disease models', 'Computational insights into mechanism of AIM4-mediated inhibition of aggregation of TDP-43 protein implicated in ALS and evidence for in vitro inhibition of liquid-liquid phase\xa0…', 'The amyloidogenicity of a C-terminal region of TDP-43 implicated in Amyotrophic Lateral Sclerosis can be affected by anions, acetylation and homodimerization', 'Use of ade1 and ade2 mutations for development of a versatile red/white colour assay of amyloid‐induced oxidative stress in saccharomyces cerevisiae', 'A high cysteine containing thiol proteinase from the latex of Ervatamia heyneana: purification and comparison with ervatamin B and C from Ervatamia coronaria', 'Wild-type hen egg white lysozyme aggregation in vitro can form self-seeding amyloid conformational variants']"
94,Devesh Srivastava,"Phd scholar, Indian Institute of Technology Hyderabad","Machine learning, cancer genomics and transcriptomics, RNA biology",2152,https://scholar.google.com/citations?hl=en&user=gjNqQ6MAAAAJ,6.0,3.0,"['Artificial intelligence to deep learning: machine intelligence approach for drug discovery', 'Post-translational modifications: regulators of neurodegenerative proteinopathies', 'Free radical biology in neurological manifestations: mechanisms to therapeutics interventions', 'Insulin‐like growth factor 2 mRNA‐binding protein 2 (IGF2BP2) promotes castration‐resistant prostate cancer progression by regulating AR‐V7 mRNA stability', 'Epitranscriptomic regulation of immunity: the role of m6A in shaping immune response dynamics', 'Clinical data investigation identifies MARK3 as an oncogenic driver in castration-resistant prostate cancer', 'YTHDC1 orchestrates oncogenic splicing via the CLK1-SRSF1 splicing machinery to regulate castration-resistant prostate cancer progression', 'Widespread prevalence of CD19 exon 5–6 skipping in primary pediatric B-Cell acute lymphoblastic leukemia patients', 'Integrative analysis identifies FBXO5 as a critical mediator of CRPC progression and bone metastatic potential', 'Experimental strategies for studying RNA-binding proteins and their complexes in alternative mRNA splicing']"
95,Satyavrata Samavedi,"Associate Professor, Chemical Engineering, IIT Hyderabad","Polymeric biomaterials, Electrospinning, Controlled release, Drug formulations, Inflammation",2139,https://scholar.google.com/citations?hl=en&user=NR06GUwAAAAJ,16.0,20.0,"['Calcium phosphate ceramics in bone tissue engineering: a review of properties and their influence on cell behavior', 'Synthetic Biomaterials for Regenerative Medicine Applications', 'Fabrication of a model continuously graded co-electrospun mesh for regeneration of the ligament–bone interface', 'A three-dimensional chondrocyte-macrophage coculture system to probe inflammation in experimental osteoarthritis', 'Response of bone marrow stromal cells to graded co-electrospun scaffolds and its implications for engineering the ligament-bone interface', 'Electrospun meshes possessing region‐wise differences in fiber orientation, diameter, chemistry and mechanical properties for engineering bone‐ligament‐bone tissues', 'Coupling between voltage and tip-to-collector distance in polymer electrospinning: insights from analysis of regimes, transitions and cone/jet features', '3D printing for the development of in vitro cancer models', 'Evaluation of the osteoinductive capacity of polydopamine-coated poly (ε-caprolactone) diacrylate shape memory foams', 'Impact of secondary reactive species on the apparent decoupling of poly (ethylene glycol) diacrylate hydrogel average mesh size and modulus']"
96,Saptarshi Majumdar,"Professor, Indian Institute of Technology, Hyderabad, India","Polymers, Multi-scale, Bio-materials",2112,https://scholar.google.com/citations?hl=en&user=mrHiONUAAAAJ,27.0,51.0,"['Electrospun nanofibres in drug delivery: advances in controlled release strategies', 'In-vitro release study of hydrophobic drug using electrospun cross-linked gelatin nanofibers', 'Comparative study of surrogate approaches while optimizing computationally expensive reaction networks', 'Sustained drug release from multi-layered sequentially crosslinked electrospun gelatin nanofiber mesh', 'Towards a better understanding of the epoxy-polymerization process using multi-objective evolutionary computation', 'Hydrodeoxygenation of guaiacol over Mo, W and Ta modified supported nickel catalysts', 'Sodium alginate and gelatin hydrogels: Viscosity effect on hydrophobic drug release', 'Synergistic effect of Ni-Co alloying on hydrodeoxygenation of guaiacol over Ni-Co/Al2O3 catalysts', 'Oral drug delivery: conventional to long acting new-age designs', 'Kriging surrogate based multi-objective optimization of bulk vinyl acetate polymerization with branching']"
97,Nithyanandan Kanagaraj,"Indian Institute of Technology, Hyderabad","Nonlinear Optics, Ultrafast  Lasers and Photonics, Complex Systems and Dynamics",2110,https://scholar.google.com/citations?hl=en&user=7gVF2rEAAAAJ,22.0,38.0,"['Real-time observation of internal motion within ultrafast dissipative optical soliton molecules', 'Optical soliton molecular complexes in a passively mode-locked fibre laser', 'Vector dynamics of incoherent dissipative optical solitons', 'Modulational-instability-induced supercontinuum generation with saturable nonlinear response', 'Active optical fibers and components for fiber lasers emitting in the 2-μm spectral range', 'Modulational instability in a twin-core fiber with the effect of saturable nonlinear response and coupling coefficient dispersion', 'Buildup of incoherent dissipative solitons in ultrafast fiber lasers', 'Modulational instability with higher-order dispersion and walk-off in Kerr media with cross-phase modulation', 'Dynamics of distorted and undistorted soliton molecules in a mode-locked fiber laser', 'Optimization of acousto-optic optical frequency combs']"
98,"Mahendrakumar Madhavan PE, CEng., F.SEI., FICE., F.ASCE., FIStructE","Professor of Civil Engineering, IIT Hyderabad","Steel Structures, Thin-walled Structures, Plate Girders, Retrofitting of Steel Structures, CFRP",2109,https://scholar.google.com/citations?hl=en&user=ry1fX50AAAAJ,29.0,56.0,"['Geometric imperfection measurements and validations on cold-formed steel channels using 3D noncontact laser scanner', 'Structural design of cold-formed steel face-to-face connected built-up beams using direct strength method', 'Design of cold-formed steel built-up columns subjected to local-global interactive buckling using direct strength method', 'Design of cold-formed steel built-up closed section columns using direct strength method', 'Design of cold-formed steel back-to-back connected built-up beams', 'Experimental investigation and design considerations on cold-formed steel built-up\u200b I-section columns subjected to interactive buckling modes', 'Studies on cold-formed steel stud panels with gypsum sheathing subjected to out-of-plane bending', 'Investigation on sheathing effect and failure modes of gypsum sheathed cold-formed steel wall panels subjected to bending', 'Investigation on sheathing-fastener connection failures in cold-formed steel wall panels', 'CFRP strengthened steel beams: Improvement in failure modes and performance analysis']"
99,Arabinda Haldar,"Department of Physics, IIT Hyderabad, India","Magnon spintronics, Brillouin Light Scattering, Nanofabrication, Nanomagnetic devices",2092,https://scholar.google.com/citations?hl=en&user=rGcjZqkAAAAJ,21.0,38.0,"['Advances in magnetics roadmap on spin-wave computing', 'A reconfigurable waveguide for energy-efficient transmission and local manipulation of information in a nanomagnetic device', 'Time-domain study of magnetization dynamics in magnetic thin films and micro-and nanostructures', 'Deterministic control of magnetization dynamics in reconfigurable nanomagnetic networks for logic applications', 'Magnetism in gallium-doped : Martensitic scenario', 'Isotropic transmission of magnon spin information without a magnetic field', 'Time-domain detection of current controlled magnetization damping in Pt/Ni81Fe19 bilayer and determination of Pt spin Hall angle', 'Brillouin light scattering study of spin waves in NiFe/Co exchange spring bilayer films', 'Functional magnetic waveguides for magnonics', 'Observation of re-entrant spin glass behavior in (Ce1-xErx)Fe2 compounds']"
100,Dr Mayukh Pahari,"Indian Institute of Technology, Hyderabad","AGN, X-ray binaries, black holes, multi-wavelength astronomy, accretion physics",2041,https://scholar.google.com/citations?hl=en&user=5VqsqBkAAAAJ,23.0,44.0,"['Calibration of the Large Area X-Ray Proportional Counter (LAXPC) Instrument on board AstroSat', 'X-ray/UV/optical variability of NGC 4593 with Swift: reprocessing of X-rays by an extended reprocessor', 'ASTROSAT/LAXPC REVEALS THE HIGH-ENERGY VARIABILITY OF GRS 1915+105 IN THE χ CLASS', 'Large area X-ray proportional counter (LAXPC) instrument on AstroSat and some preliminary results from its performance in the orbit', 'Large area X-ray proportional counter (LAXPC) instrument onboard ASTROSAT', 'An elevation of 0.1 light-seconds for the optical jet base in an accreting Galactic black hole system', 'Furiously fast and red: sub-second optical flaring in V404 Cyg during the 2015 outburst peak', 'On the multiwavelength variability of Mrk 110: two components acting at different time-scales', 'Large Area X-ray Proportional Counter (LAXPC) in orbit performance: Calibration, background, analysis software', 'A persistent ultraviolet outflow from an accreting neutron star binary transient']"
101,Bharat B. Panigrahi,"Materials Science and Metallurgical Engg, Indian Institute of Technology Hyderabad","Powder Metallurgy & Sintering, Nanocrystalline Materials, High Entropy Alloys & Intermetallics, MAX Phases & Composites",1994,https://scholar.google.com/citations?hl=en&user=MBPGDpQAAAAJ,25.0,58.0,"['Corrosion behaviour of ultra fine grained titanium in simulated body fluid for implant application', 'Sintering kinetics of micrometric titanium powder', 'In vitro fibroblast response to ultra fine grained titanium produced by a severe plastic deformation process', 'Artificial neural network modeling on the relative importance of alloying elements and heat treatment temperature to the stability of α and β phase in titanium alloys', 'In vitro biocompatibility of equal channel angular processed (ECAP) titanium', 'Mechanical activated synthesis of alumina dispersed FeNiCoCrAlMn high entropy alloy', 'Reaction Synthesis and Pressureless Sintering of Cr2AlC Powder', 'Exploring the impact of sintering additives on the densification and conductivity of BaCe0. 3Zr0. 55Y0. 15O3-δ electrolyte for protonic ceramic fuel cells', 'Thermodynamic assessments and mechanically activated synthesis of ultrafine Cr2AlC MAX phase powders', 'Sintering behaviour of Ti–2Ni and Ti–5Ni elemental powders']"
102,Aman Srivastava,"PhD student, IIT Hyderabad","Pulsars, gravitational waves",1994,https://scholar.google.com/citations?hl=en&user=qYFICkEAAAAJ,12.0,12.0,"['The second data release from the European Pulsar Timing Array: IV. Implications for massive black holes, dark matter and the early Universe', 'The second data release from the European Pulsar Timing Array: III. Search for gravitational wave signals', 'Comparing recent pulsar timing array results on the nanohertz stochastic gravitational-wave background', 'The second data release from the European Pulsar Timing Array: II. Customised pulsar noise models for spatially correlated gravitational waves', 'The indian pulsar timing array: First data release', 'The second data release from the European Pulsar Timing Array V. Search for continuous gravitational wave signals', 'The second data release from the European Pulsar Timing Array: III. Search for gravitational wave signals', 'The second data release from the European Pulsar Timing Array III', 'Nanohertz gravitational wave astronomy during SKA era: An InPTA perspective', 'The second data release from the European Pulsar Timing Array IV. Search for continuous gravitational wave signals']"
103,Muvvala Gopinath,"Assistant Professor, Department of Mechanical and Aerospace Engineering, IIT Hyderabad",Laser Material Processing & Laser Additive …,1990,https://scholar.google.com/citations?hl=en&user=ZrUNJAYAAAAJ,23.0,35.0,"['Online monitoring of thermo-cycles and its correlation with microstructure in laser cladding of nickel based super alloy', 'In-process detection of microstructural changes in laser cladding of in-situ Inconel 718/TiC metal matrix composite coating', 'Online assessment of TiC decomposition in laser cladding of metal matrix composite coating', 'High-temperature abrasive wear characteristics of H13 steel modified by laser remelting and cladded with Stellite 6 and Stellite 6/30% WC', 'A study on the influence of substrate pre-heating on mitigation of cracks in direct metal laser deposition of NiCrSiBC-60% WC ceramic coating on Inconel 718', 'Effect of laser shock peening on microstructural, mechanical and corrosion properties of laser beam welded commercially pure titanium', 'Monitoring and assessment of tungsten carbide wettability in laser cladded metal matrix composite coating using an IR pyrometer', 'A study on the effect of substrate heating and cooling on bead geometry in wire arc additive manufacturing and its correlation with cooling rate', 'Development of process maps based on molten pool thermal history during laser cladding of Inconel 718/TiC metal matrix composite coatings', 'Effect of tempering on laser remelted AISI H13 tool steel']"
104,Vishnu Rajasekharan Unni,"Dept. Mechanical and Aerospace Engineering, Indian Institute of Technology Hyderabad","Thermoacoustics, Turbulence, Dynamical System Theory, Data Driven Models",1962,https://scholar.google.com/citations?hl=en&user=xCwczkYAAAAJ,24.0,40.0,"['Modeling the role of respiratory droplets in Covid-19 type pandemics', 'Complex system approach to investigate and mitigate thermoacoustic instability in turbulent combustors', 'Thermoacoustic instability as mutual synchronization between the acoustic field of the confinement and turbulent reactive flow', 'Onset of thermoacoustic instability in turbulent combustors: an emergence of synchronized periodicity through formation of chimera-like states', 'Recurrence networks to study dynamical transitions in a turbulent combustor', 'Pattern formation during transition from combustion noise to thermoacoustic instability via intermittency', 'Dynamical systems and complex systems theory to study unsteady combustion', 'Coupled interaction between unsteady flame dynamics and acoustic field in a turbulent combustor', 'Multifractal characteristics of combustor dynamics close to lean blowout', 'Flame dynamics during intermittency in a turbulent combustor']"
105,Tarun Bhatt,"PhD student, IIT Hyderabad","Deuteration, Hydrogenation, CO2 Reduction",1939,https://scholar.google.com/citations?hl=en&user=CaBuvy4AAAAJ,8.0,8.0,"['CO2 Valorization toward Selective N-Formylation of Nitroarenes and Aminoarenes under Homogeneous Titanium Catalysis', 'Methanol as a potential hydrogen source for reduction reactions enabled by a commercial Pt/C catalyst', 'Transfer Hydrogenation of N- and O-Containing Heterocycles Including Pyridines with H3N–BH3 Under the Catalysis of the Homogeneous Ruthenium Precatalyst', 'Earth-abundant heterogeneous cobalt catalyst for selective ring hydrogenation of (hetero) arenes and gram-scale synthesis of pharmaceutical intermediates', 'Valorization of bio-renewable glycerol by catalytic amination reactions', 'Homogenous nickel-catalyzed chemoselective transfer hydrogenation of functionalized nitroarenes with ammonia–borane', 'Advances in trifluoromethylation of C (sp3)-H bonds', 'Dearomative selective reduction of structurally diverse N-heteroarenes enabled by a homogeneous titanium catalyst', 'A biomass-derived nickel-based nanomaterial as a sustainable and reusable catalyst for hydrogenation of arenes and heteroarenes', 'Chemoselective transfer hydrogenation and transfer deuteration of substituted quinolines using Hantzsch ester and D2O']"
106,Antony Franklin,"Professor, Department of Computer Science and Engineering, IIT Hyderabad","Mobile Networks (5G), Internet of Things, Cloud Computing, Wireless Mesh Networks, Cognitive Radio",1916,https://scholar.google.com/citations?hl=en&user=6Jxd9Z8AAAAJ,21.0,53.0,"['Node placement algorithm for deployment of two-tier wireless mesh networks', 'Retracted: Blockchain and deep learning for secure communication in digital twin empowered industrial IoT network', 'Channel management in IEEE 802.22 WRAN systems', 'Security in wireless mesh networks', 'Energy-efficient directional routing between partitioned actors in wireless sensor and actor networks', 'Load-aware dynamic RRH assignment in cloud radio access networks', 'Resource allocation with admission control for GBR and delay QoS in 5G network slices', 'Blockchain and deep learning empowered secure data sharing framework for softwarized UAVs', 'Blockchain-enabled secure communication for unmanned aerial vehicle (UAV) networks', 'A cloud native solution for dynamic auto scaling of MME in LTE']"
107,Anurag Tripathi,IIT Hyderabad,"Theoretical High Energy Physics, Perturbative Quantum Chromodynamics",1902,https://scholar.google.com/citations?hl=en&user=tBGIdP8AAAAJ,15.0,18.0,"['A facility to Search for Hidden Particles at the CERN SPS: the SHiP physics case', 'Diphoton signals in theories with large extra dimensions to NLO QCD at hadron colliders', 'Direct photon pair production at the LHC to O (αs) in TeV scale gravity models', 'The infrared structure of perturbative gauge theories', 'Higgs production in bottom quark annihilation: Transverse momentum distribution at', 'production in large extra dimension model at next-to-leading order in QCD at the LHC', 'Z boson pair production at the LHC to O (αs) in TeV scale gravity models', 'Next-to-leading order QCD corrections to W+ W− production at the LHC in Randall–Sundrum model', 'Unparticle physics in diphoton production at the CERN LHC', 'Multiparton webs beyond three loops']"
108,Saswata Bhattacharya,Indian Institute of Technology Hyderabad,"Phase transformations, phase-field models, phenomenological modeling of ferroelectrics, multiferroics, micromechanics",1886,https://scholar.google.com/citations?hl=en&user=i9VAh7sAAAAJ,22.0,32.0,"['Nonlinear phase-field model for electrode-electrolyte interface evolution', 'Exploring Topological Defects in Epitaxial BiFeO3 Thin Films', 'An integrated fast Fourier transform-based phase-field and crystal plasticity approach to model recrystallization of three dimensional polycrystals', 'Phase separating bulk metallic glass: a hierarchical composite', 'Enhancing elevated temperature strength of copper containing aluminium alloys by forming L12 Al3Zr precipitates and nucleating θ ″precipitates on them', 'Correlated polarization switching in the proximity of a  domain wall', 'Watching domains grow: In-situ studies of polarization switching by combined scanning probe and scanning transmission electron microscopy', 'A phase field study of strain energy effects on solute–grain boundary interactions', 'A phase-field model of stress effect on grain boundary migration', 'Flow kinetics in porous ceramics: understanding with non‐uniform capillary models']"
109,B Umashankar,"Professor, IIT Hyderabad",Geotechnical Engineering,1876,https://scholar.google.com/citations?hl=en&user=8Gl1G1EAAAAJ,24.0,55.0,"['Construction of an embankment with a fly and bottom ash mixture: Field performance study', 'A review on sustainable use of recycled construction and demolition waste aggregates in pavement base and subbase layers', 'Environmental feasibility and implications in using recycled construction and demolition waste aggregates in road construction based on leaching and life cycle assessment–A\xa0…', 'Preparation of uniform sand specimens using stationary pluviation and vibratory methods', 'Compaction quality control of pavement layers using LWD', 'Load-settlement response of square footing on geogrid reinforced layered granular beds', 'Shear strength of tyre chip–sand and tyre shred–sand mixtures', 'Influence of tensile strength of geogrid and subgrade modulus on layer coefficients of granular bases', 'Analysis of inextensible sheet reinforcement subject to transverse displacement/force: linear subgrade response', 'Interaction of ribbed-metal-strip reinforcement with tire shred–sand mixtures']"
110,Debraj Bhattacharyya,"Professor, IIT Hyderabad","Water & Wastewater Treatment, Waste, Sludge, and Biomass Valorization, CO2 Capture and Utilization",1875,https://scholar.google.com/citations?hl=en&user=g-8YuysAAAAJ,23.0,46.0,"['A comprehensive review on the use of algal-bacterial systems for wastewater treatment with emphasis on nutrient and micropollutant removal', 'Artificial intelligence and machine learning tools for high-performance microalgal wastewater treatment and algal biorefinery: A critical review', 'A sustainable performance assessment framework for circular management of municipal wastewater treatment plants', 'Integration of deep eutectic solvent in biorefining process of lignocellulosic biomass valorization', 'Simultaneous treatment of domestic wastewater and bio-lipid synthesis using immobilized and suspended cultures of microalgae and activated sludge', 'Effect of dewaxing on saccharification and ethanol production from different lignocellulosic biomass', 'Sludge blanket height and flow pattern in UASB reactors: Temperature effects', 'Comparative study on treatment of kitchen wastewater using a mixed microalgal culture and an aerobic bacterial culture: kinetic evaluation and FAME analysis', 'Understanding the mixing pattern in an anaerobic expanded granular sludge bed reactor: effect of liquid recirculation', 'Performance evaluation of two trickling filters removing LAS and caffeine from wastewater: Light reactor (algal-bacterial consortium) vs dark reactor (bacterial consortium)']"
111,Suhanya Duraiswamy,"Chemical Engineering, IIT Hyderabad, India","Microfluidics, Nanotechnology, Biodiagnostics, Infectious Diseases",1863,https://scholar.google.com/citations?hl=en&user=WHCyNkIAAAAJ,11.0,13.0,"['Separation of organic–organic mixtures by pervaporation—a review', 'Droplet‐based microfluidic synthesis of anisotropic metal nanocrystals', 'Current commercial dPCR platforms: Technology and market review', 'Plasmonic nanoshell synthesis in microfluidic composite foams', 'Controlling bubbles using bubbles—Microfluidic synthesis of ultra-small gold nanocrystals with gas-evolving reducing agents', 'Recent advances in heterogeneous micro-photoreactors for wastewater treatment application', 'Ionic liquid-based compound droplet microfluidics for ‘on-drop’separations and sensing', 'Microfluidic emulsions with dynamic compound drops', 'Dual-Stage Continuous-Flow Seedless Microfluidic Synthesis of Anisotropic Gold Nanocrystals.', 'Purification of intracellular bacterial communities during experimental urinary tract infection reveals an abundant and viable bacterial reservoir']"
112,Satish Regonda,"Associate Professor, IIT Hyderabad","Urban Climate, Urban Floods, Riverine Floods, Hydrologic modeling, Statistics",1859,https://scholar.google.com/citations?hl=en&user=cTXdUlUAAAAJ,15.0,20.0,"['Seasonal cycle shifts in hydroclimatology over the western United States', ""The science of NOAA's operational hydrologic ensemble forecast service"", 'A multimodel ensemble forecast framework: Application to spring seasonal flows in the Gunnison River Basin', 'Local polynomial method for ensemble forecast of time series', 'Temporal scaling in river flow: can it be chaotic?', 'Short-term ensemble streamflow forecasting using operationally-produced single-valued streamflow forecasts–A Hydrologic Model Output Statistics (HMOS) approach', 'Verification of temperature, precipitation, and streamflow forecasts from the NOAA/NWS Hydrologic Ensemble Forecast Service (HEFS): 1. Experimental design and forcing verification', 'Verification of temperature, precipitation, and streamflow forecasts from the NOAA/NWS Hydrologic Ensemble Forecast Service (HEFS): 2. Streamflow verification', 'A new method to produce categorical streamflow forecasts', 'Two-dimensional flood inundation modeling in the Godavari River Basin, India—Insights on model output uncertainty']"
113,Anuj Goyal,Assistant Professor IIT Hyderabad,Computational Materials Science,1857,https://scholar.google.com/citations?hl=en&user=gA3HkFIAAAAJ,17.0,21.0,"['Origin of pronounced nonlinear band gap behavior in lead–tin hybrid perovskite alloys', 'A computational framework for automation of point defect calculations', 'Insights into operational stability and processing of halide perovskite active layers', 'A data fusion approach to optimize compositional stability of halide perovskites', 'Capturing anharmonicity in a lattice thermal conductivity model for high-throughput predictions', 'First-principles calculation of intrinsic defect chemistry and self-doping in PbTe', 'Defect graph neural networks for materials discovery in high-temperature clean-energy applications', 'Nanoindentation of gold and gold alloys by molecular dynamics simulation', 'The importance of phase equilibrium for doping efficiency: iodine doped PbTe', 'On the dopability of semiconductors and governing material properties']"
114,Digvijay Sampatrao Pawar,"Associate Professor, IIT Hyderabad","Traffic Operation and Simulation, ITS, Traffic Safety",1853,https://scholar.google.com/citations?hl=en&user=KOwRhZQAAAAJ,25.0,39.0,"['Impact of physical distancing due to novel coronavirus (SARS-CoV-2) on daily travel for work during transition to lockdown', 'Pedestrian temporal and spatial gap acceptance at mid-block street crossing in developing world', 'Critical gap estimation for pedestrians at uncontrolled mid-block crossings on high-speed arterials', 'Overall performance impairment and crash risk due to distracted driving: A comprehensive analysis using structural equation modelling', 'Analyzing gap acceptance behavior at unsignalized intersections using support vector machines, decision tree and random forests', 'Temporal and spatial gap acceptance for minor road at uncontrolled intersections in India', 'Modeling operating speed using continuous speed profiles on two-lane rural highways in India', 'Modelling work-and non-work-based trip patterns during transition to lockdown period of COVID-19 pandemic in India', 'Analysis of dilemma zone for pedestrians at high-speed uncontrolled midblock crossing', 'Response of major road drivers to aggressive maneuvering of the minor road drivers at unsignalized intersections: A driving simulator study']"
115,Sai Rama Krishna Malladi,"Indian Institute of Technology, Hyderabad",Electron Microscopy,1841,https://scholar.google.com/citations?hl=en&user=FtowR08AAAAJ,21.0,29.0,"['Nanometre-scale evidence for interfacial dissolution–reprecipitation control of silicate glass corrosion', 'Tailoring the hydrophobicity of graphene for its use as nanopores for DNA translocation', 'Controllable atomic scale patterning of freestanding monolayer graphene at elevated temperature', 'In-situ STEM imaging of growth and phase change of individual CuAlX precipitates in Al alloy', 'Plasma nitriding induced growth of Pt-nanowire arrays as high performance electrocatalysts for fuel cells', 'A simple approach for PtNi–MWCNT hybrid nanostructures as high performance electrocatalysts for the oxygen reduction reaction', 'Development of ultrafine grained cobalt-free AlCrFe2Ni2 high entropy alloy with superior mechanical properties by thermo-mechanical processing', 'Syntheses of five new layered quaternary chalcogenides SrScCuSe3, SrScCuTe3, BaScCuSe3, BaScCuTe3, and BaScAgTe3: crystal structures, thermoelectric\xa0…', 'CuInS2 Nanosheet Arrays with a MoS2 Heterojunction as a Photocathode for PEC Water Splitting', 'Microstructure and texture of CoCrNi medium entropy alloy (MEA) processed by severe cryo-rolling: A study vis-a-vis cold-rolling']"
116,Bushra Praveen,"Department of Economics, Indian Institute of Technology Hyderabad","Climate Change, Agriculture Economics, Remote Sensing and GIS, Green Finance & Green Energy",1841,https://scholar.google.com/citations?hl=en&user=hJcHAogAAAAJ,17.0,21.0,"['Analyzing trend and forecasting of rainfall changes in India using non-parametrical and machine learning approaches', 'A review of literature on climate change and its impacts on agriculture productivity', 'Dynamics of ecosystem services (ESs) in response to land use land cover (LU/LC) changes in the lower Gangetic plain of India', 'Climate change and its impacts on Indian agriculture: An econometric analysis', 'Coupling geographic information system integrated fuzzy logic-analytical hierarchy process with global and machine learning based sensitivity analysis for agricultural\xa0…', 'A literature review on land use land cover changes', 'Global climate change and environmental policy', 'Tourist arrivals, international tourist expenditure, and economic growth in BRIC countries', 'Climate variability and its impacts on agriculture production and future prediction using autoregressive integrated moving average method (ARIMA)', 'Novel hybrid models to enhance the efficiency of groundwater potentiality model']"
117,Shravani Rajan Rawool,Indian Institute of Technology Hyderabad,"Chemosensory system, signal transduction, Vibrio, evolution of multipartite chromosome",1813,https://scholar.google.com/citations?hl=en&user=xK5EHsYAAAAJ,1.0,1.0,['Next-generation sequencing technology: current trends and advancements']
118,Ashok Kumar Pandey,"Professor of mechanical and aerospace engineering, IIT Hyderabad","Non linear vibration, vehicle dynamics, MEMS",1801,https://scholar.google.com/citations?hl=en&user=IUXuuogAAAAJ,24.0,44.0,"['High speed silicon wet anisotropic etching for applications in bulk micromachining: a review', 'Effect of flexural modes on squeeze film damping in MEMS cantilever resonators', 'Forced and self-excited oscillations of an optomechanical cavity', 'Squeeze film effects in MEMS devices', 'Performance of an AuPd micromechanical resonator as a temperature sensor', 'Effect of pressure on fluid damping in MEMS torsional resonators with flow ranging from continuum to molecular regime', 'Analytical solution of the modified Reynolds equation for squeeze film damping in perforated MEMS structures', 'A comparative study of analytical squeeze film damping models in rigid rectangular perforated MEMS structures with experimental results', 'A semi-analytical model for squeeze-film damping including rarefaction in a MEMS torsion mirror with complex geometry', 'Effect of metal coating and residual stress on the resonant frequency of MEMS resonators']"
119,Mohammed Zafar Ali Khan,IIT Hyderabad,Wireless Communications,1778,https://scholar.google.com/citations?hl=en&user=CslVPp8AAAAJ,22.0,44.0,"['Single-symbol maximum likelihood decodable linear STBCs', 'Localization and activity classification of unmanned aerial vehicle using mmWave FMCW radars', 'Space-time block codes from co-ordinate interleaved orthogonal designs', 'Rectangular co-ordinate interleaved orthogonal designs', 'White space communication', 'The achievable rate of interweave cognitive radio in the face of sensing errors', 'Organic packages having low tin solder connections', 'RMSE comparison of path loss models for UHF/VHF bands in India', 'Low-complexity, full-diversity space-time-frequency block codes for MIMO-OFDM', 'An efficient direct solution of cave-filling problems']"
120,Syed Nizamuddin Khaderi,"Indian Institute of Technology, Hyderabad","computational solid mechanics, fluid-structure interaction",1768,https://scholar.google.com/citations?hl=en&user=WRWvLu0AAAAJ,20.0,27.0,"['The stiffness and strength of the gyroid lattice', 'Magnetically-actuated artificial cilia for microfluidic propulsion', 'Microfluidic propulsion by the metachronal beating of magnetic artificial cilia: a numerical analysis', 'Nature-inspired microfluidic propulsion using magnetic actuation', 'The out-of-plane compressive response of Dyneema® composites', 'Breaking of symmetry in microfluidic propulsion driven by artificial cilia', 'Detachment of an adhered micropillar from a dissimilar substrate', 'Fluid flow due to collective non-reciprocal motion of symmetrically-beating artificial cilia', 'Fluid–structure interaction of three-dimensional magnetic artificial cilia', 'The indentation response of Nickel nano double gyroid lattices']"
121,Priyotosh Bandyopadhyay,Indian Institute of Technology Hyderabad,High Energy Particle Physics,1767,https://scholar.google.com/citations?hl=en&user=HCGzdpAAAAAJ,25.0,48.0,"['Bounds on the Conformal Scale of a Minimally Coupled Dilaton and Multi-Leptonic Signatures at the LHC', 'Obscure Higgs boson at colliders', 'Right-handed sneutrino dark matter in U (1)′ seesaw models and its signatures at the LHC', 'Revisiting scalar leptoquark at the LHC', 'Higgs signatures in inverse seesaw model at the LHC', 'Unusual Higgs boson signal in R-parity violating nonminimal supersymmetric models at the LHC', 'Vacuum stability in an extended standard model with a leptoquark', 'Implications of right-handed neutrinos in  extended standard model with scalar dark matter', 'Scrutinizing right-handed neutrino portal dark matter with Yukawa effect', 'Distinguishing signatures of scalar leptoquarks at hadron and muon colliders']"
122,Pritha Chatterjee,IIT Hyderabad,,1726,https://scholar.google.com/citations?hl=en&user=aCIAFWsAAAAJ,25.0,41.0,"['Microbial electrosynthesis: towards sustainable biorefineries for production of green chemicals from CO2 emissions', 'Selective enrichment of biocatalysts for bioelectrochemical systems: a critical review', 'Advances in bioremediation strategies for PFAS-contaminated water and soil', 'Water pollutants classification and its effects on environment', 'Increasing methane content in biogas and simultaneous value added product recovery using microbial electrosynthesis', 'Arsenic removal by adsorbents from water for small communities’ decentralized systems: performance, characterization, and effective parameters', 'Effects of anode materials on electricity production from xylose and treatability of TMP wastewater in an up-flow microbial fuel cell', 'Development of E-rickshaw driving cycle (ERDC) based on micro-trip segments using random selection and K-means clustering techniques', 'Microalgae grow on source separated human urine in Nordic climate: Outdoor pilot-scale cultivation', 'Impact of lockdown associated with COVID19 on air quality and emissions from transportation sector: case study in selected Indian metropolitan cities']"
123,Anindya Roy,"Professor, Indian Institute of Technology, Hyderabad","DNA repair, DNA Alkylation, AlkB, ALKBH3, ALKBH2",1687,https://scholar.google.com/citations?hl=en&user=VPIpc1AAAAAJ,21.0,32.0,"['Damage-induced ubiquitylation of human RNA polymerase II by the ubiquitin ligase Nedd4, but not Cockayne syndrome proteins or BRCA1', 'Distinct ubiquitin ligases act sequentially for RNA polymerase II polyubiquitylation', 'A ubiquitin-binding domain in Cockayne syndrome B required for transcription-coupled nucleotide excision repair', 'Tyrosine 66 of Pepper vein banding virus genome-linked protein is uridylylated by RNA-dependent RNA polymerase', 'Potyviral NIa proteinase, a proteinase with novel deoxyribonuclease activity', 'Surface-exposed amino-and carboxy-terminal residues are crucial for the initiation of assembly in Pepper vein banding virus: a flexuous rod-shaped virus', 'Indenone derivatives as inhibitor of human DNA dealkylation repair enzyme AlkBH3', 'Complete genomic sequence of Pepper vein banding virus (PVBV): a distinct member of the genus Potyvirus', 'Analysis of RNA polymerase II ubiquitylation and proteasomal degradation', 'Syntheses of a library of molecules on the marine natural product ianthelliformisamines platform and their biological evaluation']"
124,Dibyananda Majhi,"National Postdoctoral Fellow, IIT Hyderabad","Heterogeneous catalysis, Photo/electro-catalysis, Energy Storage",1680,https://scholar.google.com/citations?hl=en&user=an1wsXYAAAAJ,15.0,18.0,"['One pot synthesis of CdS/BiOBr/Bi2O2CO3: a novel ternary double Z-scheme heterostructure photocatalyst for efficient degradation of atrazine', 'Facile synthesis and photocatalytic efficacy of UiO-66/CdIn2S4 nanocomposites with flowerlike 3D-microspheres towards aqueous phase decontamination of triclosan and H2 evolution', 'Facile synthesis and application of CdS/Bi20TiO32/Bi4Ti3O12 ternary heterostructure: a synergistic multi-heterojunction photocatalyst for enhanced endosulfan degradation and\xa0…', 'Plasmonic Ag nanoparticle decorated Bi2O3/CuBi2O4 photocatalyst for expeditious degradation of 17α-ethinylestradiol and Cr (VI) reduction: Insight into electron transfer\xa0…', 'Combustion synthesis, characterization and photocatalytic application of CuS/Bi4Ti3O12 pn heterojunction materials towards efficient degradation of 2-methyl-4\xa0…', 'A facile reflux method for in situ fabrication of a non-cytotoxic Bi2S3/β-Bi2O3/ZnIn2S4 ternary photocatalyst: a novel dual Z-scheme system with enhanced\xa0…', 'Morphology controlled synthesis and photocatalytic study of novel CuS-Bi2O2CO3 heterojunction system for chlorpyrifos degradation under visible light illumination', 'α‑NiS/Bi2O3 Nanocomposites for Enhanced Photocatalytic Degradation of Tramadol', 'In-situ synthesis of structurally oriented hierarchical UiO-66 (–NH2)/CdIn2S4/CaIn2S4 heterostructure with dual S-scheme engineering for photocatalytic renewable H2 production\xa0…', 'Facile low temperature reflux synthesis of Bi self-doped Bi2MoO6 and construction of CaFe2O4/Bi2MoO6 0D QD-2D pn heterojunction photocatalyst for efficient bisphenol A\xa0…']"
125,Deepu J. Babu,"Assistant Professor, Materials Science and Metallurgical Engineering, IIT Hyderabad","nanoporous materials, chemical vapor deposition, gas separation, carbon capture",1673,https://scholar.google.com/citations?hl=en&user=gkTKAQcAAAAJ,22.0,29.0,"['Restricting lattice flexibility in polycrystalline metal–organic framework membranes for carbon capture', 'Effect of oxygen plasma treatment on the electrochemical performance of the rayon and polyacrylonitrile based carbon felt for the vanadium redox flow battery application', 'Unit-cell-thick zeolitic imidazolate framework films for membrane application', 'Millisecond lattice gasification for high-density CO2- and O2-sieving nanopores in single-layer graphene', 'Understanding the influence of N‑doping on the CO2 adsorption characteristics in carbon nanomaterials', 'Understanding carbon dioxide adsorption in carbon nanotube arrays: molecular simulation and adsorption measurements', 'Gas adsorption studies of CO2 and N2 in spatially aligned double-walled carbon nanotube arrays', 'Crystal engineering of metal–organic framework thin films for gas separations', 'Superhydrophobic Vertically Aligned Carbon Nanotubes for Biomimetic Air Retention under Water (Salvinia Effect)', 'Carbon dioxide plasma as a versatile medium for purification and functionalization of vertically aligned carbon nanotubes']"
126,Ranjith R,Indian Institute of Technology Hyderabad,multifunctional oxides and devices,1672,https://scholar.google.com/citations?hl=en&user=NtP7jtYAAAAJ,22.0,41.0,"['Enhanced room-temperature magnetoresistance in -glass composites', 'Perovskites and related mixed oxides: concepts and applications', 'Normal ferroelectric to relaxor behavior in laser ablated Ca-doped barium titanate thin films', 'Enhanced magnetization and improved insulating character in Eu substituted BiFeO3', 'Atomic Layer Deposition of Gd2O3 and Dy2O3: A Study of the ALD Characteristics and Structural and Electrical Properties', 'Periodicity dependence of the ferroelectric properties in BiFeO3∕ SrTiO3 multiferroic superlattices', 'A multiferroic ceramic with perovskite structure:(La0. 5Bi0. 5)(Mn0. 5Fe0. 5) O3. 09', 'dc leakage behavior and conduction mechanism in (BiFeO3) m (SrTiO3) m superlattices', 'Growth of Crystalline Gd2O3 Thin Films with a High-Quality Interface on Si(100) by Low-Temperature H2O-Assisted Atomic Layer Deposition', 'Layer number dependent optical and electrical properties of CVD grown two-dimensional anisotropic WS2']"
127,Himanshu Joshi,Indian Institute of Technology Hyderabad,"DNA Nanotechnology, Biophysics, Nanopores.",1668,https://scholar.google.com/citations?hl=en&user=dxM5IMUAAAAJ,24.0,31.0,"['Quantum dot-loaded monofunctionalized DNA icosahedra for single-particle tracking of endocytic pathways', 'Artificial water channels enable fast and selective water permeation through water-wire networks', 'Controlling aggregation of cholesterol-modified DNA nanostructures', 'Foldamer-based ultrapermeable and highly selective artificial water channels that exclude protons', 'Chiral systems made from DNA', 'Cations Regulate Membrane Attachment and Functionality of DNA Nanostructures', 'Polyhydrazide‐Based Organic Nanotubes as Efficient and Selective Artificial Iodide Channels', 'Synthetic Macrocycle Nanopore for Potassium-Selective Transmembrane Transport', 'Hydrophobic Interactions between DNA Duplexes and Synthetic and Biological Membranes', 'Dynamic Interactions Between Lipid Tethered DNA and Phospholipid Membranes']"
128,Krishan Kanhaiya,Indian Institute of Technology Hyderabad,Computational Chemistry,1665,https://scholar.google.com/citations?hl=en&user=rX0jLfMAAAAJ,15.0,16.0,"['Hierarchically structured bioinspired nanocomposites', 'CHARMM-GUI nanomaterial modeler for modeling and simulation of nanomaterial systems', 'Accurate simulation of surfaces and interfaces of ten FCC metals and steel using Lennard–Jones potentials', 'Molecular dynamics modeling of epoxy resins using the reactive interface force field', 'Force field for calcium sulfate minerals to predict structural, hydration, and interfacial properties', 'ReaxFF reactive force field study of polymerization of a polymer matrix in a carbon nanotube-composite system', 'Reliable computational design of biological-inorganic materials to the large nanometer scale using Interface-FF', 'Implementing reactivity in molecular dynamics simulations with harmonic force fields', 'Atomic-scale structure and stress release mechanism in core–shell nanoparticles', 'Accurate force fields for atomistic simulations of oxides, hydroxides, and organic hybrid materials up to the micrometer scale']"
129,Asif Qureshi,Indian Institute of Technology Hyderabad,"environmental chemistry, modeling, health, trace contaminants, mercury",1656,https://scholar.google.com/citations?hl=en&user=WjOAsO8AAAAJ,22.0,30.0,"['Climate change and overfishing increase neurotoxicant in marine predators', 'Photoreactions of mercury in surface ocean water: gross reaction kinetics and possible pathways', 'Microbes Producing L-Asparaginase free of Glutaminase and Urease isolated from Extreme Locations of Antarctic Soil and Moss', 'A model for methylmercury uptake and trophic transfer by marine plankton', 'Anthropogenic mercury flows in India and impacts of emission controls', 'Microwave treatment and struvite recovery potential of dairy manure', 'Mercury in Dental Amalgam, Online Retail, and the Minamata Convention on Mercury', 'Real-time treatment of dairy manure: Implications of oxidation reduction potential regimes to nutrient management strategies', 'Understanding the influence of meteorology and emission sources on PM2. 5 mass concentrations across India: first results from the COALESCE network', 'Reconciliation of energy use disparities in brick production in India']"
130,Mohan Anand,"Professor, Chemical Engineering, Indian Institute of Technology Hyderabad","Cardiovascular Mechanics, Complex Fluids Rheology",1655,https://scholar.google.com/citations?hl=en&user=tPxg-DoAAAAJ,19.0,28.0,"['A shear-thinning viscoelastic fluid model for describing the flow of blood', 'A model incorporating some of the mechanical and biochemical factors underlying clot formation and dissolution in flowing blood', 'A model for the formation and lysis of blood clots', 'A model for the formation, growth, and lysis of clots in quiescent plasma. A comparison between the effects of antithrombin III deficiency and protein C deficiency', 'A new generalized Oldroyd-B model for blood flow in complex geometries', 'Pulsatile flow of a shear-thinning model for blood through a two-dimensional stenosed channel', 'A mathematical model to describe the change in the constitutive character of blood due to platelet activation', 'Optimum culture medium composition for lipopeptide production by Bacillus Subtilis using response surface model-based ant colony optimization', 'Effects of shear-dependent viscosity and hematocrit on blood flow', 'A Short Review of Advances in the Modelling of Blood Rheology and Clot Formation']"
131,Rajakumara Eerappa,Indian Institute of Technology Hyderabad,"Structural Biology, Epigenetics, DNA repair and Protein Engineering",1645,https://scholar.google.com/citations?hl=en&user=HuGJeJQAAAAJ,19.0,30.0,"['PHD finger recognition of unmodified histone H3R2 links UHRF1 to regulation of euchromatic gene expression', 'Mechanistic and functional insights into fatty acid activation in Mycobacterium tuberculosis', 'Structural basis of selection and thermostability of laboratory evolved Bacillus subtilis lipase', 'A dual flip-out mechanism for 5mC recognition by the Arabidopsis SUVH5 SRA domain and its impact on DNA methylation and H3K9 dimethylation in vivo', 'Crystal Structure of Low-Molecular-Weight Protein Tyrosine Phosphatase from Mycobacterium tuberculosis at 1.9-Å Resolution', 'DNA bending facilitates the error‐free DNA damage tolerance pathway and upholds genome integrity', 'Induction of Mincle by Helicobacter pylori and consequent anti-inflammatory signaling denote a bacterial survival strategy.', 'Computational insights into mechanism of AIM4-mediated inhibition of aggregation of TDP-43 protein implicated in ALS and evidence for in vitro inhibition of liquid-liquid phase\xa0…', 'Triclosan affects motor function in zebrafish larva by inhibiting ache and syn2a genes', 'Structure and cooperativity in substrate–enzyme interactions: Perspectives on enzyme engineering and inhibitor design']"
132,Jaideep Adhikari,"Research Associate, Department of Biomedical Engineering, IIT Hyderabad","Functional biomaterials, 3D bioprinting, Electrospinning, Biocomposites",1635,https://scholar.google.com/citations?hl=en&user=vIZ3uQ8AAAAJ,18.0,22.0,"['Recent advances in mechanical properties of biopolymer composites: a review', 'Electrospun chitosan/polycaprolactone-hyaluronic acid bilayered scaffold for potential wound healing applications', 'Effects of processing parameters of 3D bioprinting on the cellular activity of bioinks', 'Development of hydroxyapatite reinforced alginate–chitosan based printable biomaterial-ink', 'Silver Nanoparticles and Its Polymer Nanocomposites—Synthesis, Optimization, Biomedical Usage, and Its Various Applications', 'Facile fabrication of electrospun regenerated cellulose nanofiber scaffold for potential bone-tissue engineering application', 'Effect of functionalized metal oxides addition on the mechanical, thermal and swelling behaviour of polyester/jute composites', 'Grinding of waste rubber', 'Mechanical properties of crystalline and semicrystalline polymer systems', 'Effects of surface patterning and topography on cellular functions of tissue engineered scaffolds with special reference to 3D bioprinting']"
133,Maunendra Sankar Desarkar,IIT Hyderabad,"Natural Language Progrssing, Information Retrieval, Recommender Systems, Machine Learning",1627,https://scholar.google.com/citations?hl=en&user=W8LJ-tEAAAAJ,20.0,40.0,"['A neural network-based ensemble approach for spam detection in Twitter', 'IR2VEC LLVM IR Based Scalable Program Embeddings', 'A framework for real-time spam detection in Twitter', 'Computer Vision Assisted Palm Rehabilitation With Supervised Learning', 'Class specific TF-IDF boosting for short-text classification: Application to short-texts generated during disasters', 'Preference relations based unsupervised rank aggregation for metasearch', 'Aggression detection in social media using deep neural networks', 'Preference relation based matrix factorization for recommender systems', 'ZmBART: An Unsupervised Cross-lingual Transfer Framework for Language Generation', 'Dispersion ratio based decision tree model for classification']"
134,"Rajakumara Eerappa, PhD","Assistant Professor, Biotechnology Department, Indian Institute of Technology-Hyderabad","Structural Biology, Epigenetics, DNA repair",1592,https://scholar.google.com/citations?hl=en&user=kcQdyWcAAAAJ,18.0,28.0,"['PHD finger recognition of unmodified histone H3R2 links UHRF1 to regulation of euchromatic gene expression', 'Mechanistic and functional insights into fatty acid activation in Mycobacterium tuberculosis', 'Structural basis of selection and thermostability of laboratory evolved Bacillus subtilis lipase', 'A dual flip-out mechanism for 5mC recognition by the Arabidopsis SUVH5 SRA domain and its impact on DNA methylation and H3K9 dimethylation in vivo', 'Crystal Structure of Low-Molecular-Weight Protein Tyrosine Phosphatase from Mycobacterium tuberculosis at 1.9-Å Resolution', 'DNA bending facilitates the error-free DNA damage tolerance pathway and upholds genome integrity.', 'Induction of Mincle by Helicobacter pylori and consequent anti-inflammatory signaling denote a bacterial survival strategy', 'Computational insights into mechanism of AIM4-mediated inhibition of aggregation of TDP-43 protein implicated in ALS and evidence for in vitro inhibition of liquid-liquid phase\xa0…', 'Triclosan affects motor function in zebrafish larva by inhibiting ache and syn2a genes', 'Structure and cooperativity in substrate–enzyme interactions: Perspectives on enzyme engineering and inhibitor design']"
135,Anupam Gupta,IIT Hyderabad,"Fluid Turbulence, Rheology, Developmental Biology, Morphogenesis",1592,https://scholar.google.com/citations?hl=en&user=k4uLOBwAAAAJ,22.0,38.0,"['Matrix viscoelasticity controls spatiotemporal tissue organization', 'Droplet breakup driven by shear thinning solutions in a microfluidic T-junction', 'Tuning drop motion by chemical patterning of surfaces', 'Effect of polymer-stress diffusion in the numerical simulation of elastic turbulence', 'Tuning porosity of macroporous hydrogels enables rapid rates of stress relaxation and promotes cell expansion and migration', 'Deformation and breakup of viscoelastic droplets in confined shear flow', 'Hybrid lattice Boltzmann/finite difference simulations of viscoelastic multicomponent flows in confined geometries', 'An overview of the statistical properties of two-dimensional turbulence in fluids with particles, conducting fluids, fluids with polymer additives, binary-fluid mixtures, and\xa0…', 'Vorticity moments in four numerical simulations of the 3D Navier–Stokes equations', 'Extracellular volume expansion drives vertebrate axis elongation']"
136,Sk Zeeshan Ali,Indian Institute of Technology Hyderabad,"Hydrodynamics, turbulent flows, sediment transport",1590,https://scholar.google.com/citations?hl=en&user=vGN3OOQAAAAJ,22.0,39.0,"['Terminal fall velocity: the legacy of Stokes from the perspective of fluvial hydraulics', 'Hydrodynamics of sediment threshold', 'Origin of the scaling laws of sediment transport', 'Advances in modeling of bed particle entrainment sheared by turbulent flow', 'Bed sediment entrainment by streamflow: State of the science', 'Mechanics of sediment transport: particle scale of entrainment to continuum scale of bedload flux', 'Impact of phenomenological theory of turbulence on pragmatic approach to fluvial hydraulics', 'Fluvial instabilities', 'Stochastic mechanics of loose boundary particle transport in turbulent flow', 'Bed particle saltation in turbulent wall-shear flow: a review']"
137,Sayak Banerjee,Indian Institute of Technology Hyderabad,"Combustion, Chemical Kinetics, Energy",1572,https://scholar.google.com/citations?hl=en&user=cz5jkscAAAAJ,17.0,21.0,"['A physics-based approach to modeling real-fuel combustion chemistry–II. Reaction kinetic models of jet and rocket fuels', 'Unemployment Rate Forecasting: A Hybrid Approach: T. Chakraborty et al.', 'Evaporation of ethanol-water sessile droplet of different compositions at an elevated substrate temperature', 'An experimental and kinetic modeling study of n-dodecane pyrolysis and oxidation', 'Fluid dynamics of respiratory droplets in the context of COVID-19: Airborne and surfaceborne transmissions', 'Flooding in an elbow between a vertical and a horizontal or near-horizontal pipe: Part I: Experiments', 'Flooding in an elbow between a vertical and a horizontal or near-horizontal pipe: Part II: Theory', 'Evaporation of sessile ethanol-water droplets on a critically inclined heated surface', 'Evaporation dynamics of a sessile droplet of binary mixture laden with nanoparticles', 'Fully developed hydrodynamic and thermal transport in combined pressure and electrokinetically driven flow in a microchannel with asymmetric boundary conditions']"
138,Suresh Kumar  Garlapati,"Assistant Professor, Indian Institute of Technology Hyderabad","Printed electronics, oxide semiconductors, organic semiconductors, sensors for healthcare and environmental …, memristo",1568,https://scholar.google.com/citations?hl=en&user=Or_ygS0AAAAJ,16.0,18.0,"['THz-to-optical conversion in wireless communications using an ultra-broadband plasmonic modulator', 'Printed electronics based on inorganic semiconductors: from processes and materials to devices', 'A general route toward complete room temperature processing of printed and high performance oxide electronics', 'Electrolyte-gated, high mobility inorganic oxide transistors from printed metal halides', 'A new class of epitaxial porphyrin metal–organic framework thin films with extremely high photocarrier generation efficiency: promising materials for all-solid-state solar cells', 'Ink‐jet printed CMOS electronics from oxide semiconductors', 'Digital power and performance analysis of inkjet printed ring oscillators based on electrolyte-gated oxide electronics', 'Electrolyte-gated FETs based on oxide semiconductors: Fabrication and modeling', 'Robust high‐capacitance polymer gate dielectrics for stable low‐voltage organic field‐effect transistor sensors', 'High-performance all-printed amorphous oxide FETS and logics with electronically compatible electrode/channel interface']"
139,Dr. Saikumar Kayam,"PostDoc Fellow, Indian Institute of Technology(IITH) Hyderabad","Perception Stack, computer vision, Deep learning",1521,https://scholar.google.com/citations?hl=en&user=qZSrZckAAAAJ,21.0,43.0,"['Coronary blockage of artery for Heart diagnosis with DT Artificial Intelligence Algorithm', 'A novel implementation heart diagnosis system based on random forest machine learning technique', 'Machine learning based online handwritten Telugu letters recognition for different domains', 'An IoT-based agriculture maintenance using pervasive computing with machine learning technique', 'An optimal hybrid solution to local and global facial recognition through machine learning', 'A machine intelligence technique for predicting cardiovascular disease (CVD) using Radiology Dataset', 'Implementation of online and offline product selection system using FCNN deep learning: Product analysis', 'Heart disease detection based on feature fusion technique with augmented classification using deep learning technology', 'Teaching and Learning based 5G cognitive radio application for future application', 'Implementation of Intrusion detection and prevention with Deep Learning in Cloud Computing']"
140,Surajit Maity,Indian Institute of Technology Hyderabad,"Physical Chemistry, Spectroscopy",1432,https://scholar.google.com/citations?hl=en&user=M0yqQVQAAAAJ,20.0,31.0,"['Formation of complex organic molecules in methanol and methanol–carbon monoxide ices exposed to ionizing radiation–a combined FTIR and reflectron time-of-flight mass\xa0…', 'Fabrication of metal matrix composites by powder metallurgy: a review', 'Infrared and reflectron time-of-flight mass spectroscopic study on the synthesis of glycolaldehyde in methanol (CH3OH) and methanol–carbon monoxide (CH3OH–CO) ices exposed to\xa0…', 'Synthesis of prebiotic glycerol in interstellar ices', 'How can a hydrophobic polymer PTAA serve as a hole-transport layer for an inverted tin perovskite solar cell?', 'Infrared and reflectron time-of-flight mass spectroscopic analysis of methane (CH4)–carbon monoxide (CO) ices exposed to ionization radiation – toward the\xa0…', 'FORMATION OF KETENE (H2CCO) IN INTERSTELLAR ANALOGOUS METHANE (CH4)–CARBON MONOXIDE (CO) ICES: A COMBINED FTIR AND\xa0…', 'Radiation-induced formation of chlorine oxides and their potential role in the origin of Martian perchlorates', 'Phenylacetylene: a hydrogen bonding chameleon', 'A π-stacked phenylacetylene dimer']"
141,Jai Prakash,"Department of Chemistry, Indian Institute of Technology Hyderabad, India","Solid State Chemistry, Inorganic Chemistry, and Materials chemistry",1425,https://scholar.google.com/citations?hl=en&user=FCpPtLkAAAAJ,22.0,45.0,"['Scalable synthesis of delafossite CuAlO2 nanoparticles for p-type dye-sensitized solar cells applications', 'Anomalous Raman scattering from phonons and electrons of superconducting', 'Syntheses of Five New Layered Quaternary Chalcogenides SrScCuSe3, SrScCuTe3, BaScCuSe3, BaScCuTe3, and BaScAgTe3: Crystal Structures, Thermoelectric Properties, and Electronic\xa0…', 'Sol - Gel Synthesis, Structural Characterization and Bifunctional Catalytic Activity of Nanocrystalline Delafossite CuGaO2 Particles', 'Superconductivity at 11.3 K induced by cobalt doping in CeFeAsO', 'Superconductivity in CeO1−xFxFeAs with upper critical field of 94T', 'Potassium fluoride doped LaOFeAs multi-band superconductor: Evidence of extremely high upper critical field', 'Upper critical field, superconducting energy gaps and the Seebeck coefficient in La0.8Th0.2FeAsO', 'Syntheses and Crystal Structures of BaAgTbS3, BaCuGdTe3, BaCuTbTe3, BaAgTbTe3, and CsAgUTe3', 'Enhancement of the superconducting transition temperature and upper critical field of LaO0.8F0.2FeAs with antimony doping']"
142,Archak Purkayastha,"Indian Institute of Technology, Hyderabad, India",Non-equilibrium quantum statistical physics,1417,https://scholar.google.com/citations?hl=en&user=FSe_W_EAAAAJ,21.0,28.0,"['Out-of-equilibrium open quantum systems: A comparison of approximate quantum master equation approaches with exact results', 'Non-markovian quantum Mpemba effect', 'Tensor-network method to simulate strongly interacting quantum thermal machines', 'Fundamental limitations in Lindblad descriptions of systems weakly coupled to baths', 'Anomalous transport in the Aubry-André-Harper model in isolated and open systems', 'Tunable phonon-induced steady-state coherence in a double-quantum-dot charge qubit', 'Nonequilibrium phase diagram of a one-dimensional quasiperiodic system with a single-particle mobility edge', 'Anomalous transport through algebraically localized states in one dimension', 'Quasiperiodic quantum heat engines with a mobility edge', 'Periodically refreshed baths to simulate open quantum many-body dynamics']"
143,Madhuri Panwar,Indian institute of technology Hyderabad,,1417,https://scholar.google.com/citations?hl=en&user=QGzAX8AAAAAJ,10.0,10.0,"['CorNET: Deep learning framework for PPG-based heart rate estimation and biometric identification in ambulant environment', 'PP-Net: A deep learning framework for PPG-based blood pressure and heart rate estimation', 'Rehab-net: Deep learning framework for arm movement classification using wearable sensors for stroke rehabilitation', 'MyoNet: A transfer-learning-based LRCN for lower limb movement recognition and knee joint angle prediction for remote monitoring of rehabilitation progress from sEMG', 'CNN based approach for activity recognition using a wrist-worn accelerometer', 'BiometricNet: Deep learning based biometric identification using wrist-worn PPG', 'K-nearest neighbor based methodology for accurate diagnosis of diabetes mellitus', 'Locomo-net: a low-complex deep learning framework for sEMG-based hand movement recognition for prosthetic control', 'Modified distributed arithmetic based low complexity CNN architecture design methodology', 'CardioNet: Deep learning framework for prediction of CVD risk factors']"
144,Chandrasekhar Murapaka,Indian Institute of Technology Hyderabad,"Spintronic devices, Nanomagnetic Materials, Nanofabrication",1405,https://scholar.google.com/citations?hl=en&user=1uyt67oAAAAJ,21.0,43.0,"['Optical properties of Dy3+-doped sodium–aluminum–phosphate glasses', 'An advancement in the synthesis of unique soft magnetic CoCuFeNiZn high entropy alloy thin films', 'Transverse domain wall profile for spin logic applications', 'Reconfigurable logic via gate controlled domain wall trajectory in magnetic network structure', 'Analog and digital phase modulation and signal transmission with spin-torque nano-oscillators', 'Frequency shift keying by current modulation in a MTJ-based STNO with high data rate', 'Helical domain walls in constricted cylindrical NiFe nanowires', 'Effect of magnetic field on the electronic transport in trilayer graphene', 'Current‐induced coupled domain wall motions in a two‐nanowire system', 'Large damping-like spin–orbit torque and improved device performance utilizing mixed-phase Ta']"
145,CP Vyasarayani,Indian Institute of Technology Hyderabad,"MEMS, Delay differential equations, Vibrations, Optimization",1396,https://scholar.google.com/citations?hl=en&user=snZAkl0AAAAJ,18.0,36.0,"['Simplification and order reduction of lithium-ion battery model based on porous-electrode theory', 'Linear least squares approach for evaluating crack tip fracture parameters using isochromatic and isoclinic data from digital photoelasticity', 'Parameter identification in dynamic systems using the homotopy optimization approach', 'A linear least squares approach for evaluation of crack tip stress field parameters using DIC', 'Modeling the dynamics of a vibrating string with a finite distributed unilateral constraint: Application to the sitar', 'Spectral approximations for characteristic roots of delay differential equations', 'New approximations, and policy implications, from a delayed dynamic model of a fast pandemic', 'Galerkin Approximations for Higher Order Delay Differential Equations', 'Modeling MEMS resonators past pull-in', 'Parametric instabilities of variable angle tow composite laminate under axial compression']"
146,Koyel Banerjee Ghosh,IIT Hyderabad,Molecular Electronics,1395,https://scholar.google.com/citations?hl=en&user=QhLTmsQAAAAJ,14.0,17.0,"['Separation of enantiomers by their enantiospecific interaction with achiral magnetic substrates', 'Enhanced Electrochemical Water Splitting with Chiral Molecule-Coated Fe3O4 Nanoparticles', 'Controlling chemical selectivity in electrocatalysis with chiral CuO-coated electrodes', 'Enhanced hydrogen production with chiral conductive polymer-based electrodes', 'Long-range charge reorganization as an allosteric control signal in proteins', 'The chirality-induced spin selectivity effect in asymmetric spin transport: from solution to device applications', 'Functionally graded doped lanthanum cobalt ferrite and ceria-based composite interlayers for advancing the performance stability in solid oxide fuel cell', 'Spin-controlled electrocatalysis: an out-of-the-box strategy for the advancement of electrochemical water splitting', 'Chiral supramolecular polymer functionalized two-dimensional transition metal-based catalyst for enhancing the electrochemical water splitting via spin-polarized\xa0…', 'Substrates modulate Charge-Reorganization allosteric effects in Protein–Protein association']"
147,Satish Laxman Shinde,"Indian Institute of Technology, Hyderabad","Plasmonics, Nano-materials, Surface Science, Optoelectronics, Energy conversion",1350,https://scholar.google.com/citations?hl=en&user=s3TZ-asAAAAJ,19.0,26.0,"['Temperature-Dependent Photoluminescence of g-C3N4: Implication for Temperature Sensing', 'Hot electron excitation from titanium nitride using visible light', 'All-ceramic microfibrous solar steam generator: TiN plasmonic nanoparticle-loaded transparent microfibers', 'All‐ceramic solar‐driven water purifier based on anodized aluminum oxide and plasmonic titanium nitride', 'Nonmetallic materials for plasmonic hot carrier excitation', 'Enhanced Solar Light Absorption and Photoelectrochemical Conversion Using TiN Nanoparticle-Incorporated C3N4–C Dot Sheets', 'Wide-range temperature sensing using highly sensitive green-luminescent ZnO and PMMA-ZnO film as a non-contact optical probe.', 'Narrow‐band thermal emitter with titanium nitride thin film demonstrating high temperature stability', 'Crystalline boron monosulfide nanosheets with tunable bandgaps', 'Facile synthesis of large area porous Cu2O as super hydrophobic yellow-red phosphors']"
148,Alok Kumar Pan,IIT Hyderabad,"Quantum foundations, Quantum Information theory",1337,https://scholar.google.com/citations?hl=en&user=Ji14H54AAAAJ,23.0,41.0,"['Sharing nonlocality and nontrivial preparation contextuality using the same family of Bell expressions', 'Optimal quantum preparation contextuality in -bit parity-oblivious multiplexing task', 'Interference experiment, anomalous weak value, and Leggett-Garg test of macrorealism', 'Which verification qubits perform best for secure communication in noisy channel?', 'Probing various formulations of macrorealism for unsharp quantum measurements', 'Swapping path-spin intraparticle entanglement onto spin-spin interparticle entanglement', 'Aspects of nonideal Stern–Gerlach experiment and testable ramifications', 'Aspects of nonideal Stern–Gerlach experiment and testable ramifications', 'Three-box paradox and ‘Cheshire cat grin’: the case of spin-1 atoms', 'Weak values in nonideal spin measurements: An exact treatment beyond the asymptotic regime']"
149,Pradeep Yemula,Associate Professor at Indian Institute of Technology Hyderabad (IITH),"smart grids, power control centers, distribution automation, demand respose, smart cities",1330,https://scholar.google.com/citations?hl=en&user=6IvryVQAAAAJ,22.0,34.0,"['Identification of surface defects on solar PV panels and wind turbine blades using attention based deep learning model', 'Decentralized communication and control systems for power system operation', 'CIM-based connectivity model for bus-branch topology extraction and exchange', 'Evaluating the planning and operational resilience of electrical distribution systems with distributed energy resources using complex network theory', 'CIM and IEC 61850 integration issues: Application to power systems', 'Techno-economic analysis of off-grid rooftop solar PV system', 'SmartGrid initiatives and power market in India', 'High level event ontology for multiarea power system', 'Technological advancements and innovations in enhancing resilience of electrical distribution systems', 'DynamoPMU: A Physics Informed Anomaly Detection, Clustering, and Prediction Method Using Nonlinear Dynamics on μ PMU Measurements']"
150,Vandana Sharma,"Indian Institute of Technology, Hyderabad",Atomic and Molecular Physics,1316,https://scholar.google.com/citations?hl=en&user=6zD0I9wAAAAJ,16.0,19.0,"['Electron Localization in Molecular Fragmentation of  <?format ?>by Carrier-Envelope Phase Stabilized Laser Pulses', 'Observing the creation of electronic Feshbach resonances in soft X-ray–induced O2 dissociation', 'Steering the Electron in  by Nuclear Wave Packet Dynamics', 'Attosecond correlated dynamics of two electrons passing through a transition state', 'Direct Measurement of the Angular Dependence of the Single-Photon Ionization of Aligned N2 and CO2', 'Visualizing electron rearrangement in space and time during the transition from a molecule to atoms', 'Dopant-induced ignition of helium nanodroplets in intense few-cycle laser pulses', 'Interatomic Coulombic decay in helium nanodroplets', 'An apparatus for studying momentum-resolved electron-impact dissociative and non-dissociative ionisation', 'Evolution of dopant-induced helium nanoplasmas']"
151,K Venkata Subbaiah,"Professor, Department of Mechanical & Aerospace Engineering, IIT Hyderabad","CFD, Heat Transfer, Turbulent flows, Nanofluids, Supersonic and Hypersonic flows",1312,https://scholar.google.com/citations?hl=en&user=ocdaZL0AAAAJ,20.0,33.0,"['Conjugate heat transfer analysis of micro-channel using novel hybrid nanofluids (Al2O3+ Ag/Water)', 'Influence of aspect ratio of tunnel on smoke temperature distribution under ceiling in near field of fire source', 'Effects of buoyancy induced roof ventilation systems for smoke removal in tunnel fires', 'A new approach for the design of hypersonic scramjet inlets', 'Spatiotemporal growing wave fronts in spatially stable boundary layers', 'Two-phase analysis on the conjugate heat transfer performance of microchannel with Cu, Al, SWCNT and hybrid nanofluids', 'Numerical investigation of jet impingement flows with different nanofluids in a mini channel using Eulerian-Eulerian two-phase method', 'Mixed convection flow past a vertical plate: Stability analysis and its direct simulation', 'Numerical simulation of turbulent plume spread in ceiling vented enclosure', 'Spatio-temporal growth of disturbances in a boundary layer and energy based receptivity analysis']"
152,Dr. Raja Banerjee,"Professor, IIT Hyderabad","CFD, Multiphase Flow, Turbulence",1301,https://scholar.google.com/citations?hl=en&user=gPbPQ5sAAAAJ,21.0,37.0,"['A CFD simulation study of boiling mechanism and BOG generation in a full-scale LNG storage tank', 'A numerical study of combined heat and mass transfer in an inclined channel using the VOF multiphase model', 'Numerical investigation of evaporation of a single ethanol/iso-octane droplet', 'Experimental investigation on GDI spray behavior of isooctane and alcohols at elevated pressure and temperature conditions', 'Turbulent conjugate heat and mass transfer from the surface of a binary mixture of ethanol/iso-octane in a countercurrent stratified two-phase flow system', 'Numerical investigation of stratified air/fuel preparation in a GDI engine', 'Effect of particle concentration on turbulent modulation inside hydrocyclone using coupled MPPIC-VOF method', 'Evaluation of turbulence closure schemes for stratified two phase flow', 'Lemon peel oil as an alternative fuel for GDI engines: A spray characterization perspective', 'Detailed numerical simulations of unequal sized off-centre binary droplet collisions']"
153,Ranabir Dey,"Assistant Professor, Dept. of Mech. and Aerosp. Engg., IIT Hyderabad","active soft matter, capillarity and wetting, evaporation/condensation of drops, microfluidics",1292,https://scholar.google.com/citations?hl=en&user=IdkglKYAAAAJ,19.0,27.0,"['Thermal characteristics of electromagnetohydrodynamic flows in narrow channels with viscous dissipation and Joule heating under constant wall heat flux', 'Emergence of bimodal motility in active droplets', 'Electrokinetics with ‘paper-and-pencil’devices', 'Electrically controlled localized charge trapping at amorphous fluoropolymer–electrolyte interfaces', 'Breath Figures under Electrowetting: Electrically Controlled Evolution of Drop Condensation Patterns', 'Analytical solution for thermally fully developed combined electroosmotic and pressure-driven flows in narrow confinements with thick electrical double layers', 'Ultra‑low‑cost ‘paper‑and‑pencil’ device for electrically controlled micromixing of analytes', 'Oscillatory rheotaxis of artificial swimmers in microchannels', 'Steric-effect-induced alteration of thermal transport phenomenon for mixed electroosmotic and pressure driven flows through narrow confinements', 'Tunable hydrodynamic characteristics in microchannels with biomimetic superhydrophobic (lotus leaf replica) walls']"
154,Bhuvanesh Ramakrishna,IIT Hyderabad,Laser plasma,1288,https://scholar.google.com/citations?hl=en&user=FBPIz8EAAAAJ,14.0,19.0,"['Ion acceleration in multispecies targets driven by intense laser radiation pressure', 'Laser-driven ultrafast field propagation on solid surfaces', 'Laser-driven fast electron collimation in targets with resistivity boundary', 'Weibel-induced filamentation during an ultrafast laser-driven plasma expansion', 'The TARANIS laser: A multi-Terawatt system for laser-plasma investigations', 'Iron oxide nanoparticles for theranostic applications-Recent advances', 'High-intensity laser-accelerated ion beam produced from cryogenic micro-jet target', 'Generation of a quasi-monoergetic proton beam from laser-irradiated sub-micron droplets', 'Laser-driven quasimonoenergetic proton burst from water spray target', 'MeV negative ion generation from ultra-intense laser interaction with a water spray']"
155,Ravikumar Bhimasingu,"Department of Electrical Engineering, Indian Institute of Technology Hyderabad","Power System Analysis, AI Techniques applications for for Power …, Power System Protection, Distribution system Improvemen",1284,https://scholar.google.com/citations?hl=en&user=YVWqEwkAAAAJ,20.0,35.0,"['Renewable energy based microgrid system sizing and energy management for green buildings', 'Application of support vector machines for fault diagnosis in power transmission system', 'A simple modular multilevel inverter topology for the power quality improvement in renewable energy based green building microgrids', 'Optimal sizing of microgrid for an urban community building in south India using HOMER', 'Comparison of multiclass SVM classification methods to use in a supportive system for distance relay coordination', 'Improving the DC-link utilization of nine-switch boost inverter suitable for six-phase induction motor', 'Microgrid: operation, control, monitoring and protection', 'Electrical machines based DC/AC energy conversion schemes for the improvement of power quality and resiliency in renewable energy microgrids', 'Key aspects of smart grid design for distribution system automation: architecture and responsibilities', 'An approach using support vector machines for distance relay coordination in transmission system']"
156,"Prof. Suryanarayana Jammalamadaka, FInstP, FRSC, SM - IEEE","Professor of Physics, Indian Institute of Technology Hyderabad","Magnetic materials and devices, Non volatile memories, Neuromorphic computing",1266,https://scholar.google.com/citations?hl=en&user=MByDpGAAAAAJ,19.0,37.0,"['Ferromagnetism in graphene nanoribbons: Split versus oxidative unzipped ribbons', 'Remote control of resistive switching in TiO2 based resistive random access memory device', 'Graphene oxide based synaptic memristor device for neuromorphic computing', 'Band gap tuning and orbital mediated electron–phonon coupling in HoFe1− xCrxO3 (0≤ x≤ 1)', 'Detection of bovine serum albumin using hybrid TiO2 + graphene oxide based Bio – resistive random access memory device', 'Magnetostriction and anisotropy compensation in TbxDy0. 9− xNd0. 1Fe1. 93 [0.2≤ x≤ 0.4]', 'Enhanced spin–reorientation temperature and origin of magnetocapacitance in HoFeO3', 'Enhancement of positive magnetoresistance following a magnetic-field-induced ferromagnetic transition in the intermetallic compound', 'Tuning optical properties of graphene oxide under compressive strain using wet ball milling method', 'Analog resistive switching in reduced graphene oxide and chitosan‐based bio‐resistive random access memory device for neuromorphic computing applications']"
157,Debasish Koner,Assistant Professor at IIT Hyderabad,"Computational Chemistry, Potential Energy Surface, Reaction Dynamics, Molecular Spectroscopy, Machine Learning",1266,https://scholar.google.com/citations?hl=en&user=rztuGTYAAAAJ,21.0,36.0,"['High-dimensional potential energy surfaces for molecular simulations: from empiricism to machine learning', 'Long-range versus short-range effects in cold molecular ion-neutral collisions', 'Spontaneous Generation of Aryl Carbocations from Phenols in Aqueous Microdroplets: Aromatic SN1 Reactions at the Air–Water Interface', 'The C (3P)+ NO (X2Π)→ O (3P)+ CN (X2Σ+), N (2D)/N (4S)+ CO (X1Σ+) reaction: Rates, branching ratios, and final states from 15 k to 20 000 k', 'Exhaustive state-to-state cross sections for reactive molecular collisions from importance sampling simulation and a neural network representation', 'Permutationally Invariant, Reproducing Kernel-Based Potential Energy Surfaces for Polyatomic Molecules: From Formaldehyde to Acetone', 'Accurate reproducing kernel-based potential energy surfaces for the triplet ground states of N2O and dynamics for the N + NO ↔ O + N2 and N2 + O → 2N + O reactions', 'The N (4S)+ O2 (X3Σ− g)↔ O (3P)+ NO (X2Π) reaction: thermal and vibrational relaxation rates for the 2A′, 4A′ and 2A′′ states', 'Near dissociation states for H2+–He on MRCI and FCI potential energy surfaces', 'Non-conventional force fields for applications in spectroscopy and chemical reaction dynamics']"
158,Vishwanath Sivalingam,Indian Institute of Technology Hyderabad,"protein misfolding, protein aggregation, amyloid, liquid liquid phase separation",1237,https://scholar.google.com/citations?hl=en&user=TrHdGYUAAAAJ,8.0,8.0,"['Molecular mechanisms of TDP-43 misfolding and pathology in amyotrophic lateral sclerosis', 'An acridine derivative,[4, 5-bis {(N-carboxy methyl imidazolium) methyl} acridine] dibromide, shows anti-TDP-43 aggregation effect in ALS disease models', 'The amyloidogenicity of a C-terminal region of TDP-43 implicated in Amyotrophic Lateral Sclerosis can be affected by anions, acetylation and homodimerization', 'Wild-type hen egg white lysozyme aggregation in vitro can form self-seeding amyloid conformational variants', 'Familial mutations in fibrinogen Aα (FGA) chain identified in renal amyloidosis increase in vitro amyloidogenicity of FGA fragment', 'Imidazolium tagged acridines: Synthesis, characterization and applications in DNA binding and anti-microbial activities', 'New insights into in vitro amyloidogenic properties of human serum albumin suggest considerations for therapeutic precautions', 'Recombinant human semenogelin-1 (Sg1) and Sg1 (1-159) form detergent stable amyloid like aggregates in vitro', 'Protein misfolding studies on human fibrinogen alpha chain and hen egg white lysozyme']"
159,Thenmalarchelvi Rathinavelan,"Professor, Department of Biotechnology, Indian Institute of Technology Hyderabad, India",,1207,https://scholar.google.com/citations?hl=en&user=JQpmrocAAAAJ,18.0,28.0,"['CHARMM at 45: Enhancements in Accessibility, Functionality, and Speed', 'Targeting the Sugary Armor of Klebsiella Species', 'Differences in the electrostatic surfaces of the type III secretion needle proteins PrgI, BsaL, and MxiH', '3D-NuS: a web server for automated modeling and visualization of non-canonical 3-dimensional nucleic acid structures', 'E. coli group 1 capsular polysaccharide exportation nanomachinary as a plausible antivirulence target in the perspective of emerging antimicrobial resistance', 'K-PAM: a unified platform to distinguish Klebsiella species K- and O-antigen types, model antigen structures and identify hypervirulent strains', 'NMR model of PrgI–sipd interaction and its implications in the needle-tip assembly of the Salmonella type III secretion system', 'Characterization of the interaction between the Salmonella type III secretion system tip protein SipD and the needle protein PrgI by paramagnetic relaxation enhancement', 'EK3D: an E. coli\xa0K antigen 3-dimensional structure database', 'Secondary structural choice of DNA and RNA associated with CGG/CCG trinucleotide repeat expansion rationalizes the RNA misprocessing in FXTAS']"
160,Rana P Maradana,"Assistant Professor, Indian Institute of Technology Hyderabad","Finance, Business Management",1195,https://scholar.google.com/citations?hl=en&user=G6nVIhMAAAAJ,13.0,15.0,"['Does innovation promote economic growth? Evidence from European countries', 'Banking competition, banking stability, and economic growth: are feedback effects at work?', 'Innovation and economic growth in European Economic Area countries: The Granger causality approach', 'Insurance market penetration and economic growth in Eurozone countries: Time series evidence on causality', 'Bond market development and economic growth: The G-20 experience', 'Insurance market density and economic growth in Eurozone countries: the granger causality approach', 'Impact of banking sector development on insurance market-growth nexus: the study of Eurozone countries', 'How does innovation affect economic growth? Evidence from G20 countries', 'Climate change disclosure and firm value in a frontier market: Exploring the determinants', 'Venture capital, innovation activities, and economic growth: are feedback effects at work?']"
161,INDRANIL MALIK,Indian Institute of Technology Hyderabad,"Molecular biology, biochemistry, RNA biology",1194,https://scholar.google.com/citations?hl=en&user=_XCPOL4AAAAJ,14.0,14.0,"['Molecular mechanisms underlying nucleotide repeat expansion disorders', 'Multicomponent synthesis of 2, 3-dihydrochromeno [4, 3-d] pyrazolo [3, 4-b] pyridine-1, 6-diones: a novel heterocyclic scaffold with antibacterial activity', 'Crystal structure of a transcribing RNA polymerase II complex reveals a complete transcription bubble', 'One-Pot Multicomponent Synthesis of Diversely Substituted 2-Aminopyrroles. A Short General Synthesis of Rigidins A, B, C and D', 'Unprecedented C-2 arylation of indole with diazonium salts: Syntheses of 2, 3-disubstituted indoles and their antimicrobial activity', 'Universal promoter scanning by Pol II during transcription initiation in Saccharomyces cerevisiae', 'Wide-ranging and unexpected consequences of altered Pol II catalytic activity in vivo', 'Organismal benefits of transcription speed control at gene boundaries', 'Non-canonical initiation factors modulate repeat-associated non-AUG translation', 'SRSF protein kinase 1 modulates RAN translation and suppresses CGG repeat toxicity']"
162,Nishanth Dongari,Associate Professor at Indian Institute of Technology Hyderabad,"Aerothermodynamics, Rarefied Gas Dynamics, Renewable Energy Systems, Thermal Management Systems, OpenSource Software",1193,https://scholar.google.com/citations?hl=en&user=9Wxe8wwAAAAJ,14.0,17.0,"['Analytical solution of gaseous slip flow in long microchannels', 'Pressure-driven diffusive gas flows in micro-channels: from the Knudsen to the continuum regimes', 'Modeling of Knudsen layer effects in micro/nanoscale gas flows', 'Molecular free path distribution in rarefied gases', 'Modeling of Navier–Stokes equations for high Knudsen number gas flows', 'Predicting microscale gas flows and rarefaction effects through extended Navier–Stokes–Fourier equations from phoretic transport considerations', 'Dynamics of nanoscale droplets on moving surfaces', 'Extended Navier-Stokes equations and treatments of micro-channel gas flows', 'Analytical solution of plane Poiseuille flow within Burnett hydrodynamics', 'Effects of curvature on rarefied gas flows between rotating concentric cylinders']"
163,Subhradeep Chatterjee,Indian Institute of Technology Hyderabad,"Physical metallurgy, phase transformations, weld processing, high entropy alloys, microstructural modeling",1155,https://scholar.google.com/citations?hl=en&user=xX36EuYAAAAJ,11.0,14.0,"['Ultrafine-Grained AlCoCrFeNi2.1 Eutectic High-Entropy Alloy', 'Microstructure and mechanical behaviour of an advanced powder metallurgy nickel base superalloy processed through hot isostatic pressing route for aerospace applications', 'Microstructure development during dissimilar welding: Case of laser welding of Ti with Ni involving intermetallic phase formation', 'Phase formation in Ti/Ni dissimilar welds', 'Heterogeneous precipitation mediated heterogeneous nanostructure enhances strength-ductility synergy in severely cryo-rolled and annealed CoCrFeNi2.1Nb0. 2 high entropy alloy', 'Effect of niobium alloying on the microstructure, phase stability and mechanical properties of CoCrFeNi2.1Nbx high entropy alloys: Experimentation and thermodynamic modeling', 'Tuning nanostructure using thermo-mechanical processing for enhancing mechanical properties of complex intermetallic containing CoCrFeNi2.1Nbx high entropy alloys', 'Microstructure formation in dissimilar metal welds: electron beam welding of Ti/Ni', 'Effect of prolonged aging on phase evolution and mechanical properties of intermetallic strengthened CoCrFeNi2.1Nbx high entropy alloys', 'Synthesis and microstructure of laser surface alloyed Al–Sn–Si layer on commercial aluminum substrate']"
164,Ashutosh Kumar Mishra,Indian Institute of Technology-Hyderabad,Bioorganic Chemistry,1149,https://scholar.google.com/citations?hl=en&user=_XkPUx4AAAAJ,17.0,27.0,"['The many facets of adenine: coordination, crystal patterns, and catalysis', 'Silver-Guided excimer emission in an Adenine− Pyrene conjugate: fluorescence lifetime and crystal studies', 'Four-stranded coordination helices containing silver− adenine (purine) metallaquartets', 'Direct Observation of the Hole Carriers in DNA Photoinduced Charge Transport', 'Isolation, characterization and antimicrobial activity study of Thymus vulgaris', 'Decanuclear copper framework supported by a tripodal adenine ligand', 'Probing structural consequences of N9-alkylation in silver-adenine frameworks', 'Interconnected Trimeric, Pentameric, and Hexameric Metallacycles in a Singular Silver− Adenine Framework', 'Contrasting crystallographic signatures of Ag(i)- and Cu(ii)-N6,N6′- bisadenine complexes: extended vs. foldback geometries', 'Recent advances in AIEgen-based chemosensors for small molecule detection, with a focus on ion sensing']"
165,Lopamudra Giri,IIT Hyderabad,"Systems biology, Imaging, Optogenetics",1126,https://scholar.google.com/citations?hl=en&user=Np06tFUAAAAJ,18.0,23.0,"['Optically triggering spatiotemporally confined GPCR activity in a cell and programming neurite initiation and extension', 'GPCR mediated control of calcium dynamics: A systems perspective', 'Abnormal complement activation and inflammation in the pathogenesis of retinopathy of prematurity', 'Optical control demonstrates switch-like PIP3 dynamics underlying the initiation of immune cell migration', 'Fabrication of magnesium oxide nanoparticles by solvent alteration and their bactericidal applications', 'A steady state analysis indicates that negative feedback regulation of PTP1B by Akt elicits bistability in insulin-stimulated GLUT4 translocation', 'Dissociation of the G protein βγ from the Gq–PLCβ complex partially attenuates PIP2 hydrolysis', 'Production of baculovirus defective interfering particles during serial passage is delayed by removing transposon target sites in fp25k', 'A G-protein subunit translocation embedded network motif underlies GPCR regulation of calcium oscillations', 'A structured review of baculovirus infection process: Integration of mathematical models and biomolecular information on cell–virus interaction']"
166,Srijith PK,"Associate Professor, Computer Science and Engineering, Indian Institute of Technology …","Machine learning, Deep Learning, Artificial Intelligence, Data Science",1115,https://scholar.google.com/citations?hl=en&user=C1YpEWsAAAAJ,18.0,26.0,"['Hawkes Processes for Continuous Time Sequence Classification: an Application to Rumour Stance Classification in Twitter', 'Monte Carlo DropBlock for modeling uncertainty in object detection', 'Sub-story detection in Twitter with hierarchical Dirichlet processes', 'Monte carlo dropblock for modelling uncertainty in object detection', 'Variational inference as an alternative to MCMC for parameter estimation and model selection', 'Deep Gaussian Processes with Convolutional Kernels', 'Galaxy morphology classification using neural ordinary differential equations', 'Cam-gan: Continual adaptation modules for generative adversarial networks', 'Term specific tf-idf boosting for detection of rumours in social networks', 'Semi-supervised Gaussian process ordinal regression']"
167,Viswanath Chinthapenta,"Professor, MAE, IIT Hyderabad",Computational Solid Mechanics,1109,https://scholar.google.com/citations?hl=en&user=qVCJiNIAAAAJ,20.0,33.0,"['Investigations into effect of weld-deposition pattern on residual stress evolution for metallic additive manufacturing', 'Fatigue crack growth study of CFRP patch repaired Al 2014-T6 panel having an inclined center crack using FEA and DIC', 'Review on recent advances in structural health monitoring paradigm for looseness detection in bolted assemblies', 'Microstructure-property relation and evolution in friction stir welding of naturally aged 6063 aluminium alloy', 'A Review on Damage and Rupture Modelling for Soft Tissues', 'Microstructure control in additively manufactured Ti-6Al-4V during high-power laser powder bed fusion', 'Stir zone anisotropic work hardening behavior in friction stir processed EN8 medium carbon steel', 'Deformation characteristics and microstructural evolution in friction stir welding of thick 5083 aluminum alloy', 'Experimental investigation on open-hole CFRP laminate under combined loading using acoustic emission and digital image correlation', 'Disordered topography mediates filopodial extension and morphology of cells on stiff materials']"
168,Shourya Dutta-Gupta,Indian Institute of Technology Hyderabad,"Plasmonics, Metasurfaces, Biosensing, lab-on-a-chip devices, 2D Materials",1095,https://scholar.google.com/citations?hl=en&user=sUInvlAAAAAJ,17.0,23.0,"['Controllable coherent perfect absorption in a composite film', 'Experimental Demonstration of Phase Modulation and Motion Sensing Using Graphene-Integrated Metasurfaces', 'Optimization of electrical stimulation parameters for enhanced cell proliferation on biomaterial surfaces', 'Cavity-coupled plasmonic device with enhanced sensitivity and figure-of-merit', 'Polarimetry using graphene-integrated anisotropic metasurfaces', 'Coherent perfect absorption mediated anomalous reflection and refraction', 'Surface second-harmonic generation from coupled spherical plasmonic nanoparticles: Eigenmode analysis and symmetry properties', 'CuInS2 Nanosheet Arrays with a MoS2 Heterojunction as a Photocathode for PEC Water Splitting', 'Coupling strength can control the polarization twist of a plasmonic antenna', 'Electrical tuning of the polarization state of light using graphene-integrated anisotropic metasurfaces']"
169,Dr Rupesh Wandhare,Indian Institute of Technology Hyderabad,"Power Electronics, Embedded Systems, … for Renewable Energy Sources and Storage, Microgrid",1088,https://scholar.google.com/citations?hl=en&user=NOdvbaYAAAAJ,16.0,26.0,"['A novel reconfigurable microgrid architecture with renewable energy sources and storage', 'Novel integration of a PV-wind energy system with enhanced efficiency', 'Reactive power capacity enhancement of a PV-grid system to increase PV penetration level in smart grid scenario', 'Novel stability enhancing control strategy for centralized PV-grid systems for smart grid applications', 'Performance comparison of controllers for solar PV water pumping applications', 'Precise active and reactive power control of the PV-DGS integrated with weak grid to increase PV penetration', 'Solar photovoltaics pumps operating head selection for the optimum efficiency', 'Reconfigurable hierarchical control of a microgrid developed with PV, wind, micro-hydro, fuel cell and ultra-capacitor', 'A low cost, light weight and accurate photovoltaic emulator', 'A novel low cost portable integrated solar PV, fuel cell and battery emulator with fast tracking algorithm']"
170,Abhijit Sau,"Indian Institute of Technology Hyderabad, India","Organic Synthesis, Catalysis, Glycoscience",1061,https://scholar.google.com/citations?hl=en&user=2aqROHIAAAAJ,16.0,18.0,"['Modifying Woodward–Hoffmann stereoselectivity under vibrational strong coupling', 'Gold (I)-catalyzed direct stereoselective synthesis of deoxyglycosides from glycals', 'Cooperative Brønsted acid-type organocatalysis for the stereoselective synthesis of deoxyglycosides', 'Palladium‐Catalyzed Direct Stereoselective Synthesis of Deoxyglycosides from Glycals', 'Suzuki–Miyaura coupling of (hetero) aryl sulfones: complementary reactivity enables iterative polyaryl synthesis', 'Substrate-Controlled Direct α‑Stereoselective Synthesis of Deoxyglycosides from Glycals Using B (C6F5) 3 as Catalyst', 'Palladium-catalyzed α-stereoselective O-glycosylation of O (3)-acylated glycals', 'Synthesis and evaluation of triazole linked glycosylated 18β-glycyrrhetinic acid derivatives as anticancer agents', 'Copper reactivity can be tuned to catalyze the stereoselective synthesis of 2-deoxyglycosides from glycals', 'Desulfonative Suzuki–Miyaura coupling of sulfonyl fluorides']"
171,Harish N Dixit,"Professor, IIT Hyderabad",Fluid Mechanics,1053,https://scholar.google.com/citations?hl=en&user=NRTM2jcAAAAJ,14.0,16.0,"['Simulation of high Rayleigh number natural convection in a square cavity using the lattice Boltzmann method', 'Coupling between voltage and tip-to-collector distance in polymer electrospinning: Insights from analysis of regimes, transitions and cone/jet features', 'A model of tear-film breakup with continuous mucin concentration and viscosity profiles', 'The elastocapillary Landau–Levich problem', 'Tear-film breakup: The role of membrane-associated mucin polymers', 'Vortex shedding patterns, their competition, and chaos in flow past inline oscillating rectangular cylinders', 'Energetics of a bouncing drop: Coefficient of restitution, bubble entrapment, and escape', 'Stability of a vortex in radial density stratification: role of wave interactions', 'Regimes of wettability-dependent and wettability-independent bouncing of a drop on a solid surface', 'Capillary effects on floating cylindrical particles']"
172,"Dr. Gunjan Mehta, Ph.D.","Indian Institute of Technology Hyderabad, India","Single-Molecule Imaging, Transcripion, Cell Division and Chromosome Biology, Quantitative Microscopy, Cell and Molecular Biology",1007,https://scholar.google.com/citations?hl=en&user=FDxMy3UAAAAJ,13.0,14.0,"['Label‐free detection techniques for protein microarrays: Prospects, merits and challenges', 'Cohesin: functions beyond sister chromatid cohesion', 'Cohesin: a guardian of genome integrity', 'Single-molecule analysis reveals linked cycles of RSC chromatin remodeling and Ace1p transcription factor binding in yeast', 'Single molecule tracking of Ace1p in Saccharomyces cerevisiae defines a characteristic residence time for non-specific interactions of transcription factors with\xa0…', 'Optimization of medium constituents for improved chitinase production by Paenibacillus sp. D1 using statistical approach', 'Centromere identity: a challenge to be faced', 'Functional characterization of kinetochore protein, Ctf 19 in meiosis I: an implication of differential impact of Ctf 19 on the assembly of mitotic and meiotic kinetochores in\xa0…', 'Extracellular matrix density regulates extracellular proteolysis via modulation of cellular contractility', 'Role of Ctf3 and COMA subcomplexes in meiosis: Implication in maintaining Cse4 at the centromere and numeric spindle poles']"
173,Ravi Kumar,IIT Hyderabad,Reliability,1003,https://scholar.google.com/citations?hl=en&user=J_uDoWYAAAAJ,11.0,19.0,"['Azithromycin in patients admitted to hospital with COVID-19 (RECOVERY): a randomised, controlled, open-label, platform trial', 'Immunomodulatory therapy in children with paediatric inflammatory multisystem syndrome temporally associated with SARS-CoV-2 (PIMS-TS, MIS-C; RECOVERY): a randomised\xa0…', 'DNA fingerprinting of chrysanthemum cultivars using RAPDs', 'Radiological changes following second-line zoledronic acid treatment in breast cancer patients with bone metastases', 'Effect of particle size, blend ratio and some selective bio‑additives on rheological behaviour of high‑concentration iron ore slurry', 'Mathematical models of predator mutualists', 'Nephropathy in type 2 diabetes mellitus in third world countries—Chandigarh study', 'Investigation for the optimal thermo hydraulic performance in three sides artificially roughened solar air heaters', 'Genetic parameters estimation for yield and yield related traits in rice (Oryza sativa L.) with drought tolerance trait under stress condition.', 'Multimodel and multiconstituent scenario construction for future water quality']"
174,Raghavendra NK,Indian Institute of Technology Hyderabad,HIV-1,1001,https://scholar.google.com/citations?hl=en&user=4q0QnuIAAAAJ,10.0,10.0,"['LEDGF/p75 functions downstream from preintegration complex formation to effect gene-specific HIV-1 integration', 'Identification of host proteins associated with HIV-1 preintegration complexes isolated from infected CD4+ cells', 'Chromatinized templates reveal the requirement for the LEDGF/p75 PWWP domain during HIV-1 integration              in vitro', 'LEDGF/p75 interferes with the formation of synaptic nucleoprotein complexes that catalyze full-site HIV-1 DNA integration in vitro: implications for the mechanism of viral cDNA\xa0…', 'Unidirectional translocation from recognition site and a necessary interaction with DNA end for cleavage by Type III restriction enzyme', 'Quantitative analysis of HIV-1 preintegration complexes', 'Exogenous AdoMet and its analogue sinefungin differentially influence DNA cleavage by R. EcoP15I—Usefulness in SAGE', 'Mechanistic insights into type III restriction enzymes', 'Functional cooperation between exonucleases and endonucleases--basis for the evolution of restriction enzymes.', '1, 2, 3, 4‐Tetrahydroisoquinolines as inhibitors of HIV‐1 integrase and human LEDGF/p75 interaction']"
175,Sai Sidhardh,"Department of Mechanical & Aerospace Engineering, IIT Hyderabad","Smart Structures, Composite Structures, Fractional Calculus, Nonlocal Elasticity",982,https://scholar.google.com/citations?hl=en&user=AJLGjNAAAAAJ,16.0,29.0,"['Applications of distributed-order fractional operators: A review', 'A Ritz-based finite element method for a fractional-order boundary value problem of nonlocal elasticity', 'Towards a unified approach to nonlocal elasticity via fractional-order mechanics', 'Flexomagnetic response of nanostructures', 'Geometrically nonlinear response of a fractional-order nonlocal model of elasticity', 'Displacement-driven approach to nonlocal elasticity', 'Thermodynamics of fractional-order nonlocal continua and its application to the thermoelastic response of beams', 'Geometrically nonlinear analysis of nonlocal plates using fractional calculus', 'Fractional-order models for the static and dynamic analysis of nonlocal plates', 'Static analysis of flexoelectric nanobeams incorporating surface effects using element free Galerkin method']"
176,Alan R. Jacob,"Assistant Professor, IIT Hyderabad","Rheology, Soft matter",976,https://scholar.google.com/citations?hl=en&user=u0SJVp4AAAAJ,18.0,19.0,"['Colloidal gels tuned by oscillatory shear', 'Interfacial Rheology of Gallium-Based Liquid Metals', 'Printable homocomposite hydrogels with synergistically reinforced molecular-colloidal networks', 'Start-up shear of concentrated colloidal hard spheres: Stresses, dynamics, and structure', 'Jamming distance dictates colloidal shear thickening', 'Convective cage release in model colloidal glasses', 'Residual stresses in colloidal gels', 'On the nature of flow curve and categorization of thixotropic yield stress materials', 'Humidity affects the viscoelastic properties of supramolecular living polymers', 'Large amplitude oscillatory shear (LAOS) in model colloidal suspensions and glasses: Frequency dependence']"
177,Aveen Dayal,IIT Hyderabad,"Domain Adaptation, Domain Generalization, Autonomous Vehicles, Deep Learning",967,https://scholar.google.com/citations?hl=en&user=KqkN9IgAAAAJ,15.0,16.0,"['Anam-Net: Anamorphic depth embedding-based lightweight CNN for segmentation of anomalies in COVID-19 chest CT images', 'Mini-COVIDNet: efficient lightweight deep neural network for ultrasound based point-of-care detection of COVID-19', 'Deep learning-based sign language digits recognition from thermal images with edge computing system', 'MADG: margin-based adversarial learning for domain generalization', 'Adversarial unsupervised domain adaptation for hand gesture recognition using thermal images', 'Robust hand gestures recognition using a deep CNN and thermal images', 'Design and implementation of deep learning based contactless authentication system using hand gestures', 'Reward criteria impact on the performance of reinforcement learning agent for autonomous navigation', 'A Novel Angle Estimation for mmWave FMCW radars using Machine Learning', 'Classification of targets using statistical features from range fft of mmwave fmcw radars']"
178,Meenakshi S,"Assistant Professor, IIT Hyderabad","Analytical modelling, multi-scale modelling, continuum micromechanics, supplementary cementitious",963,https://scholar.google.com/citations?hl=en&user=palLuFEAAAAJ,7.0,7.0,"['Limestone calcined clay cement and concrete: A state-of-the-art review', 'Influence of properties of interfacial transition zone on elastic modulus of concrete: Evidence from micromechanical modelling', 'Durability of ternary blended concrete incorporating rice husk ash and calcined clay', 'Blending of fly ashes to reduce variability in the heat of hydration and compressive strength', 'The interfacial transition zone: microstructure, properties, and its modification', 'Multiscale modelling of uniaxial compressive stress-strain behaviour of concrete using analytical homogenisation and damage mechanics', 'Mechanical Property Evaluation of Composites Based on  Phase Model and Mori–Tanaka Theory', 'Influence of fly ash on mechanical and transport properties of concrete and mortar due to its effect on the interfacial transition zone', 'Degradation resistance of graphene oxide-tailored ternary blended concrete under prolonged sulfuric acid exposure', 'Improving early-age strength of limestone-calcined clay cement by using finer cement and cement kiln dust']"
179,Dr. Lohithaksha M Maiyar,"Department of Entrepreneurship and Management, Indian Institute of Technology …","Artificial Intelligence, Supply Chain Logistics, Operations Research",957,https://scholar.google.com/citations?hl=en&user=o0FxAlkAAAAJ,13.0,14.0,"['Optimization of machining parameters for end milling of Inconel 718 super alloy using Taguchi based grey relational analysis', 'Link between Industry 4.0 and green supply chain management: Evidence from the automotive industry', 'Modelling and analysis of intermodal food grain transportation under hub disruption towards sustainability', 'Robust optimisation of sustainable food grain transportation with uncertain supply and intentional disruptions', 'Environmentally conscious logistics planning for food grain industry considering wastages employing multi objective hybrid particle swarm optimization', 'A combined tactical and operational deterministic food grain transportation model: Particle swarm based optimization approach', 'Development of an effective cost minimization model for food grain shipments', 'Optimising online review inspired product attribute classification using the self-learning particle swarm-based Bayesian learning approach', 'Multi-response Optimization using ANOVA and Desirability Function Analysis: A case study in End Milling of Inconel alloy', 'Assessing the appropriate grassroots technological innovation for sustainable development']"
180,Pankaj Kolhe,"Professor, Mechanical & Aerospace Engineering, IIT Hyderabad","Experimental Fluid Mechanics, Combustion & Flow Diagnostics, Alternative Fuels, IC Engines",955,https://scholar.google.com/citations?hl=en&user=VGDoAMsAAAAJ,18.0,22.0,"[""Infrared signatures of low-flying aircraft and their rear fuselage skin's emissivity optimization"", 'Abel inversion of deflectometric data: comparison of accuracy and noise propagation of existing techniques', 'Deformation and breakup of droplets in an oblique continuous air stream', 'Density measurements in a supersonic microjet using miniature rainbow schlieren deflectometry', 'Skin-temperature prediction of aircraft rear fuselage with multimode thermal model', 'Coalescence of drops on the free-surface of a liquid pool at elevated temperatures', 'A combined experimental and computational study of flow-blurring atomization in a twin-fluid atomizer', 'Liquid jet breakup and spray formation with annular swirl air', 'An experimental investigation of droplet morphology in swirl flow', 'Lemon peel oil as an alternative fuel for GDI engines: A spray characterization perspective']"
181,Myna Vajha,Assistant Professor at IIT Hyderabad,"Coding Theory, Information Theory.",937,https://scholar.google.com/citations?hl=en&user=AQpC1tEAAAAJ,13.0,15.0,"['Erasure coding for distributed storage: An overview', 'Clay Codes: Moulding {MDS} Codes to Yield an {MSR} Code', 'Method and system for load balancing in a software-defined networking (SDN) system upon server reconfiguration', 'An explicit, coupled-layer construction of a high-rate MSR code with low sub-packetization level, small field size and all-node repair', 'Codes for distributed storage', 'Binary, shortened projective reed muller codes for coded private information retrieval', 'Simple Streaming Codes for Reliable, Low-Latency Communication', 'Small-d MSR codes with optimal access, optimal sub-packetization and linear field size', 'Lower Bounds on the Sub-Packetization Level of MSR Codes and Characterizing Optimal-Access MSR Codes Achieving the Bound', 'Explicit rate-optimal streaming codes with smaller field size']"
182,Srinivasulu Kanaparthi,Indian Institute of Technology Hyderabad,"Sensors, Embedded Systems, Signal Processing",934,https://scholar.google.com/citations?hl=en&user=TzHZ98AAAAAJ,15.0,15.0,"['Chemiresistive Sensor Based on Zinc Oxide Nanoflakes for CO2 Detection', 'Highly sensitive and ultra-fast responsive ammonia gas sensor based on 2D ZnO nanoflakes', 'Low cost, flexible and biodegradable touch sensor fabricated by solvent-free processing of graphite on cellulose paper', 'Solvent-free fabrication of a biodegradable all-carbon paper based field effect transistor for human motion detection through strain sensing', 'Flexible, eco-friendly and highly sensitive paper antenna based electromechanical sensor for wireless human motion detection and structural health monitoring', 'Discrimination of gases with a single chemiresistive multi-gas sensor using temperature sweeping and machine learning', 'Pencil‐drawn paper‐based non‐invasive and wearable capacitive respiration sensor', 'Solvent-free fabrication of a room temperature ammonia gas sensor by frictional deposition of a conducting polymer on paper', 'Solvent-free fabrication of paper based all-carbon disposable multifunctional sensors and passive electronic circuits', 'Drift independent discrimination of H2S from other interfering gases with a metal oxide gas sensor using extracted adsorption-desorption noise']"
183,MP Ganesh,Associate Professor at Indian Institute of Technology Hyderabad,"Virtual teams, Task interdependence, Group dynamics, Organizational Behaviour",923,https://scholar.google.com/citations?hl=en&user=x1FJQJ0AAAAJ,15.0,20.0,"['Do Mentors Learn by Mentoring Others?', 'Impact of virtualness and task interdependence on extra‐role performance in software development teams', 'Understanding pro-environmental behaviours at workplace: Proposal of a model', 'Effects of masculinity-femininity on quality of work life: Understanding the moderating roles of gender and social support', 'Ethics in organizations: The case of Tata Steel', 'Pro-environmental behaviours at workplace: an empirical study in Indian manufacturing organizations', 'Impact of team design and technical factors on team cohesion', ""Role of self-efficacy and family supportive organizational perceptions in teachers' organizational citizenship behaviour"", 'Team boundary activity: a review and directions for future research', 'Factors influencing mentors’ learning from mentoring relationships: insights from a serial mediation study in India']"
184,Puranam Anantha Lakshmi Narayana,"Department of Mathematics, IIT Hyderabad","Convection in Porous Media, Linear and Nonlinear Stability Analsysis, Electrophoresis",917,https://scholar.google.com/citations?hl=en&user=qjnoTWQAAAAJ,18.0,26.0,"['Soret-driven thermosolutal convection induced by inclined thermal and solutal gradients in a shallow horizontal layer of a porous medium', 'Soret and Dufour effects on free convection heat and mass transfer in a doubly stratified Darcy porous medium', 'Electrostatic interactions between diffuse soft multi-layered (bio) particles: beyond Debye–Hückel approximation and Deryagin formulation', 'Soret and Dufour effects on free convection heat and mass transfer from a horizontal flat plate in a Darcy porous medium', 'Free convective heat and mass transfer in a doubly stratified non-Darcy porous medium', 'Soret and Dufour effects on free convection along a vertical wavy surface in a fluid saturated Darcy porous medium', 'Onset of Darcy-Brinkman convection with a uniform internal heat source and vertical throughflow', 'Linear and nonlinear thermosolutal instabilities in an inclined porous layer', 'Nonlinear Stability of Double-diffusive Convection in a Porous Layer with Throughflow and Concentration based Internal Heat Source', 'Effects of Vertical Throughflow and Variable Gravity on Hadley–Prats Flow in a Porous Medium']"
185,Dr. Dinabandhu Sethi,"Assistant Professor, Indian Institute of Technology Hyderabad","Empirical Macroeconomics, Policy Evaluation, Time-Series Analysis",911,https://scholar.google.com/citations?hl=en&user=a2UT9rAAAAAJ,9.0,8.0,"['Financial inclusion and economic growth linkage: Some cross country evidence', 'Financial inclusion matters for economic growth in India: Some evidence from cointegration analysis', 'Is bitcoin a near stock? Linear and non-linear causal evidence from a price–volume relationship', 'Monetary Policy and Financial Stability: The Role of Inflation Targeting', 'Market efficiency of the cryptocurrencies: Some new evidence based on price-volume relationship', 'Credibility of inflation targeting: some recent Asian evidence', 'Can a disinflationary policy have a differential impact on sectoral output? A look at sacrifice ratios in OECD and non-OECD countries', 'Revisiting the Twin Deficits Hypothesis in the United States: Further Evidence based on System-Equation ADL Test for Threshold Cointegration', 'Central Transfer a Curse or Blessing? Evidence from the Relative Revenue Effort of Indian States', 'Exploring the Nexus Between Inflation Targeting and Exchange Market Pressure: Evidence from the Global Financial Crisis.']"
186,Harinath a,Ph.D Department of chemistry IIT hyderabad,organomettalics and catalysis,909,https://scholar.google.com/citations?hl=en&user=d-piXQMAAAAJ,19.0,24.0,"['Catalytic hydroboration of organic nitriles promoted by aluminum complex', 'Alkali metal complexes as efficient catalysts for hydroboration and cyanosilylation of carbonyl compounds', 'Facile reduction of carboxylic acids to primary alcohols under catalyst-free and solvent-free conditions', 'Highly Active and Iso‐Selective Catalysts for the Ring‐Opening Polymerization of Cyclic Esters using Group 2 Metal Initiators', 'Highly chemoselective hydroboration of alkynes and nitriles catalyzed by group 4 metal amidophosphine–borane complexes', 'Aluminium complex-catalysed hydroboration of alkenes and alkynes', 'Ring opening polymerization and copolymerization of cyclic esters catalyzed by group 2 metal complexes supported by functionalized P–N ligands', 'Alkali metal catalyzed dehydro-coupling of boranes and amines leading to the formation of a B–N bond', 'Highly active dinuclear titanium (IV) complexes for the catalytic formation of a carbon–heteroatom bond', 'Group 1 and group 2 metal complexes supported by a bidentate bulky iminopyrrolyl ligand: synthesis, structural diversity, and ε-caprolactone polymerization study']"
187,Kotaro Kataoka,"Professor, Indian Institute of Technology Hyderabad",Internet and Blockchain,891,https://scholar.google.com/citations?hl=en&user=uAuKJY4AAAAJ,18.0,25.0,"['Trust list: Internet-wide and distributed IoT traffic management using blockchain and SDN', 'AMPS: Application aware multipath flow routing using machine learning in SDN', 'EvilScout: Detection and mitigation of evil twin attack in SDN enabled WiFi', 'LightChain: A lightweight optimisation of VNF placement for service chaining in NFV', 'pSMART: A lightweight, privacy-aware service function chain orchestration in multi-domain NFV/SDN', 'Topology poisoning attacks and prevention in hybrid software-defined networks', 'TRAQR: Trust aware End-to-End QoS routing in multi-domain SDN using Blockchain', 'Building a digital twin network of SDN using knowledge graphs', 'Lightweight and Scalable DAG based distributed ledger for verifying IoT data integrity', 'Auto-configuration of SDN switches in SDN/non-SDN hybrid network']"
188,Praveen Tammana,"Assistant Professor, IIT Hyderabad","Computer Systems and Networking, Software-Defined Networking, P4",884,https://scholar.google.com/citations?hl=en&user=ZCukcP4AAAAJ,13.0,16.0,"['Simplifying datacenter network debugging with {PathDump}', 'Distributed network monitoring and debugging with {SwitchPointer}', 'Contra: A programmable system for performance-aware routing', 'CherryPick: Tracing packet trajectory in software-defined datacenter networks', 'Adaptive weighted traffic splitting in programmable data planes', 'Closed-loop network performance monitoring and diagnosis with {SpiderMon}', 'Tracking P4 program execution in the data plane', 'Building a digital twin network of SDN using knowledge graphs', 'DBVal: Validating P4 data plane runtime behavior', 'Implementing chacha based crypto primitives on programmable smartnics']"
189,Challa S Sastry,Indian Institute of Technology Hyderabad,"Wavelets, Inverse Problems, Sparse Representation Theory",865,https://scholar.google.com/citations?hl=en&user=pN4YZg8AAAAJ,15.0,19.0,"['Robust heartbeat detection from multimodal data via CNN-based generalizable information fusion', 'Content based medical image retrieval using dictionary learning', 'Deterministic compressed sensing matrices: Construction via euler squares and applications', 'A modified Gabor function for content based image retrieval', 'Atrial fibrillation detection using convolutional neural networks', 'In-plane rotation and scale invariant clustering using dictionaries', 'A wavelet based multiresolution algorithm for rotation invariant feature extraction', 'Network intrusion detection using wavelet analysis', 'Network traffic analysis using singular value decomposition and multiscale transforms', 'Enhancing computer security with smart technology']"
190,Shelaka Gupta,"Associate Professor, IIT Hyderabad","Catalysis, Density functional theory, Biomass, Multicomponent Alloys",862,https://scholar.google.com/citations?hl=en&user=Jdk32aoAAAAJ,15.0,16.0,"['Biorenewable chemicals: Feedstocks, technologies and the conflict with food production', 'CuO as a reactive and reusable reagent for the hydrogenation of nitroarenes', 'Mechanistic insights into the pathways of phenol hydrogenation on Pd nanostructures', 'Design of highly stable MgO promoted Cu/ZnO catalyst for clean methanol production through selective hydrogenation of CO2', 'Development of 6-amyl-α-pyrone as a potential biomass-derived platform molecule', 'Mechanistic insights into the ring-opening of biomass derived lactones', 'Mechanistic approaches toward rational design of a heterogeneous catalyst for ring-opening and deoxygenation of biomass-derived cyclic compounds', 'Reactivity descriptor for the retro Diels–Alder reaction of partially saturated 2-pyrones: DFT study on substituents and solvent effects', 'On the mechanism of retro-Diels–Alder reaction of partially saturated 2-pyrones to produce biorenewable chemicals', 'Synergistic effect of Zn in a bimetallic PdZn catalyst: elucidating the role of undercoordinated sites in the hydrodeoxygenation reactions of biorenewable platforms']"
191,Anil Agarwal,Indian Institute of Technology Hyderabad,"Structural Safety, Fire Structural Engineering, Steel design",847,https://scholar.google.com/citations?hl=en&user=aTgaDkQAAAAJ,14.0,16.0,"['Fire induced progressive collapse of steel building structures: The role of interior gravity columns', 'Fire design of steel columns: Effects of thermal gradients', 'Effectiveness of hybrid fibre-reinforced polymer retrofitting on behaviour of fire damaged RC columns under axial compression', 'Fundamental behavior of steel beam-columns and columns under fire loading: experimental evaluation', 'Stability Behavior of Steel Building Structures in Fire Conditions: Role of Composite Floor System with Shear-Tab Connections', 'Design of steel columns at elevated temperatures due to fire: Effects of rotational', 'Performance-based structural fire engineering of steel building structures: Design-basis compartment fires', 'Stability behavior of steel building structures in fire conditions', 'Insulation Effect of the Concrete Slab-Steel Deck Interface in Fire Conditions and its Influence on the Structural Fire Behavior of Composite Floor Systems', 'Effect of confining reinforcement on fire behavior of reinforced concrete columns: experimental and numerical study']"
192,Althuri Avanthi,INDIAN INSTITUTE OF TECHNOLOGY HYDERABAD,,845,https://scholar.google.com/citations?hl=en&user=qLsRYEn4J30C,15.0,17.0,"['Deoiled algal biomass derived renewable sugars for bioethanol and biopolymer production in biorefinery framework', 'A strategic laccase mediated lignin degradation of lignocellulosic feedstocks for ethanol production', 'Bioconversion of hemicelluloses of lignocellulosic biomass to ethanol: an attempt to utilize pentose sugars', 'Partially consolidated bioprocessing of mixed lignocellulosic feedstocks for ethanol production', 'Sustainable enzymatic treatment of organic waste in a framework of circular economy', 'Microbial synthesis of poly-3-hydroxybutyrate and its application as targeted drug delivery vehicle', 'Single pot bioprocessing for ethanol production from biogenic municipal solid waste', 'Simultaneous saccharification and fermentation of lignocellulosic biomass', 'Emerging innovations for sustainable production of bioethanol and other mercantile products from circular economy perspective', 'Separate and simultaneous saccharification and fermentation of a pretreated mixture of lignocellulosic biomass for ethanol production']"
193,Mahesh Ganesan,"Assistant Professor, IIT Hyderabad","Rheology, Polymers, Colloids, Light Scattering, Soft Matter",833,https://scholar.google.com/citations?hl=en&user=NgZLOgYAAAAJ,12.0,12.0,"['Extracellular DNA facilitates the formation of functional amyloids in Staphylococcus aureus biofilms', 'Use of adsorption using granular activated carbon (GAC) for the enhancement of removal of chromium from synthetic wastewater by electrocoagulation', 'Artificial biofilms establish the role of matrix interactions in staphylococcal biofilm assembly and disassembly', 'Direct current electric field assembly of colloidal crystals displaying reversible structural color', 'Molar mass, entanglement, and associations of the biofilm polysaccharide of Staphylococcus epidermidis', 'Associative and entanglement contributions to the solution rheology of a bacterial polysaccharide', 'High-density equilibrium phases of colloidal ellipsoids by application of optically enhanced, direct current electric fields', 'Microstructure and elasticity of dilute gels of colloidal discoids', 'Yield stress behavior of colloidal gels with embedded active particles', 'Elasticity of microscale volumes of viscoelastic soft matter by cavitation rheometry']"
194,Chokkakula LP Pavithra,Indian Institute of Technology Hyderabad,"Electrodeposition, High entropy thinfilms, Nanostructured Materials, Recycling/recovery",832,https://scholar.google.com/citations?hl=en&user=b2S7vN8AAAAJ,13.0,14.0,"['A new electrochemical approach for the synthesis of copper-graphene nanocomposite foils with high hardness', 'Controllable crystallographic texture in copper foils exhibiting enhanced mechanical and electrical properties by pulse reverse electrodeposition', 'An advancement in the synthesis of unique soft magnetic CoCuFeNiZn high entropy alloy thin films', '3D bioprintable hypoxia-mimicking PEG-based nano bioink for cartilage tissue engineering', 'Strategies to engineer FeCoNiCuZn high entropy alloy composition through aqueous electrochemical deposition', 'Process Optimization for Pulse Reverse Electrodeposition of Graphene Reinforced Copper Nanocomposites', 'Highly (111) textured copper foils with high hardness and high electrical conductivity by pulse reverse electrodeposition', 'One-dimensional co–cu–Fe–Ni–Zn high-entropy alloy nanostructures', 'Graphene/chitosan-functionalized iron oxide nanoparticles for biomedical applications', 'Advancements in Therapeutics via 3D Printed Multifunctional Architectures from Dispersed 2D Nanomaterial Inks']"
195,Sai Praneeth,"Assistant Professor in the Department of Civil Engineering, IIT Hyderabad",,830,https://scholar.google.com/citations?hl=en&user=cqsuRTMAAAAJ,11.0,12.0,"['Accelerated carbonation of biochar reinforced cement-fly ash composites: enhancing and sequestering CO2 in building materials', 'Biochar admixtured lightweight, porous and tougher cement mortars: Mechanical, durability and micro computed tomography analysis', 'A novel green synthesized magnetic biochar from white tea residue for the removal of Pb (II) and Cd (II) from aqueous solution: Regeneration and sorption mechanism', 'A green approach of biochar-supported magnetic nanocomposites from white tea waste: Production, characterization and plausible synthesis mechanisms', 'Selective separation and recovery of rare-earth elements (REEs) from acidic solutions and coal fly ash leachate by novel TODGA-Impregnated organosilica media', 'Enhanced machine learning prediction of biochar adsorption for dyes: Parameter optimization and experimental validation', 'Biochar admixture cement mortar fines for adsorptive removal of heavy metals in single and multimetal solution: Insights into the sorption mechanisms and environmental significance', 'Potential for eco-friendly recovery of rare earth elements from fly ash using carboxylic acids: A comparative study with mineral acids and environmental risk assessment for\xa0…', 'Efficient two-step separation of vanadium, scandium, and heavy rare-earth elements from gallium and germanium in high-value fly ash: Coupling solid-phase and solvent extraction', 'Efficient recovery of gadolinium from magnetic resonance imaging patient urine using a diglycolamide ligand-functionalized sorbent system']"
196,Mohit Kumar,"Indian Institute of Technology Hyderabad, Swinburne University of Technology","Photoelectrocatalysis, Electrocatalysis, Solar Energy conversion, Plasmonics, Biomass valorisation",814,https://scholar.google.com/citations?hl=en&user=UzfQqGoAAAAJ,12.0,13.0,"['Recent trends in photoelectrochemical water splitting: the role of cocatalysts', 'Advancements in catalysts for glycerol oxidation via photo-/electrocatalysis: a comprehensive review of recent developments', 'Rational design of TiO2/BiSbS3 heterojunction for efficient solar water splitting', 'A review on the advancements of graphitic carbon nitride-based photoelectrodes for photoelectrochemical water splitting', 'CuInS2 Nanosheet Arrays with a MoS2 Heterojunction as a Photocathode for PEC Water Splitting', 'Emerging copper-based semiconducting materials for photocathodic applications in solar driven water splitting', 'Plasmonic Au nanoparticle sandwiched CuBi2O4/Sb2S3 photocathode with multi-mediated electron transfer for efficient solar water splitting', 'Exploring CuBi2O4 as a Promising Photocathode Material for PEC Water Splitting', 'Synergetic NIR responsive plasmonic CuxS Nanodisks on CuO photocathodes for photo-electrochemical water splitting', 'Integrated p-n Junctions for Efficient Solar Water Splitting upon TiO2/CdS/BiSbS3 Ternary Hybrids for Improved Hydrogen Evolution and Mechanistic Insights']"
197,Sobhan Babu,"Associate Professor, IIT Hyderabad","Big data analytics, Graph Analytics, Applied algorithms",810,https://scholar.google.com/citations?hl=en&user=UFMtsfkAAAAJ,11.0,13.0,"['Improving multi-agent trajectory prediction using traffic states on interactive driving scenarios', 'Detection of motorcyclists without helmet in videos using convolutional neural network', 'Human fall detection in surveillance videos using fall motion vector modeling', 'Nash equilibria in Fisher market', 'Big data analytics for tax administration', 'DeepCatch: Predicting return defaulters in taxation system using example-dependent cost-sensitive deep neural networks', 'Regression analysis towards estimating tax evasion in goods and services tax', 'Subdivisions of graphs: A generalization of paths and cycles', 'Correction to “Improving Multi-Agent Trajectory Prediction Using Traffic States on Interactive Driving Scenarios”[May 23 2708-2715]', 'Enhancement to training of bidirectional gan: An approach to demystify tax fraud']"
198,Dr. Savita Devi,"Assistant Professor, Department of Biotechnology, Indian Institute of Technology Hyderabad","Host pathogen Interaction, Infection associated Cancer, Innate Immune response, Inflammasome",798,https://scholar.google.com/citations?hl=en&user=MJMceCAAAAAJ,14.0,16.0,"['Virulence characteristics and genetic affinities of multiple drug resistant uropathogenic Escherichia coli from a semi urban locality in India', 'Molecular docking, molecular dynamics simulation, biological evaluation and 2D QSAR analysis of flavonoids from Syzygium alternifolium as potent anti-Helicobacter pylori agents', 'NLRP3 licenses NLRP11 for inflammasome activation in human macrophages', 'Induction of Mincle by Helicobacter pylori and consequent anti-inflammatory signaling denote a bacterial survival strategy', 'Dormancy associated translation inhibitor (DATIN/Rv0079) of Mycobacterium tuberculosis interacts with TLR2 and induces proinflammatory cytokine expression', 'Concurrent proinflammatory and apoptotic activity of a Helicobacter pylori protein (HP986) points to its role in chronic persistence', 'Genome dynamics and molecular infection epidemiology of multidrug-resistant Helicobacter pullorum isolates obtained from broiler and free-range chickens in India', 'An update on CARD only proteins (COPs) and PYD only proteins (POPs) as inflammasome regulators', 'Enzalutamide-induced feed-forward signaling loop promotes therapy-resistant prostate cancer growth providing an exploitable molecular target for Jak2 inhibitors', 'Helicobacter pylori cell translocating kinase (CtkA/JHP0940) is pro-apoptotic in mouse macrophages and acts as auto-phosphorylating tyrosine kinase']"
199,Avinash Eranki,"Indian Institute of Technology, Hyderabad","Therapeutic Ultrasound, Diagnostic Ultrasound, Cancer Therapy, Maternal/Fetal Health, MSK Disorders",793,https://scholar.google.com/citations?hl=en&user=KSYsxREAAAAJ,12.0,13.0,"['High-Intensity Focused Ultrasound (HIFU) Triggers Immune Sensitization of Refractory Murine Neuroblastoma to Checkpoint Inhibitor Therapy', 'Development of a 3D printed, bioengineered placenta model to evaluate the role of trophoblast migration in preeclampsia', 'Comparison of noninvasive high-intensity focused ultrasound with radiofrequency ablation of osteoid osteoma', 'Tissue-mimicking thermochromic phantom for characterization of HIFU devices and applications', 'Characterizing placental stiffness using ultrasound shear-wave elastography in healthy and preeclamptic pregnancies', 'Boiling histotripsy lesion characterization on a clinical magnetic resonance imaging-guided high intensity focused ultrasound system', 'Mechanical fractionation of tissues using microsecond-long HIFU pulses on a clinical MR-HIFU system', 'Technical aspects of osteoid osteoma ablation in children using MR-guided high intensity focussed ultrasound', 'A novel application of musculoskeletal ultrasound imaging', 'Knee joint angular velocities and accelerations during the patellar tendon jerk']"
200,SakethaNath Jagarlapudi,"Professor of Computer Science and Engineering, IIT Hyderabad",Machine Learning,770,https://scholar.google.com/citations?hl=en&user=k70LrvsAAAAJ,17.0,20.0,"['Maximum mean discrepancy for class ratio estimation: Convergence bounds and kernel selection', 'Chance constrained uncertain classification via robust optimization', 'Maximum margin classifiers with specified false positive and false negative error rates', 'On the algorithmics and applications of a mixed-norm based kernel learning formulation', 'Variable sparsity kernel learning', 'Detecting turnarounds in sentiment analysis: Thwarting', 'On p-norm path following in multiple kernel learning for non-linear feature selection', 'A Convex Feature Learning Formulation for Latent Task Structure Discovery', 'Generalized hierarchical kernel learning.', 'An efficient clustering scheme using support vector methods']"
201,Prabhat Kumar,"Assistant Professor in Mechanical &  Aerospace, IIT Hyderabad","Topology Optimization, Soft Robotics, Data-driven Design, Compliant Mechanisms, Computational",766,https://scholar.google.com/citations?hl=en&user=sMc1rB0AAAAJ,16.0,20.0,"['Topology optimization of fluidic pressure-loaded structures and compliant mechanisms using the Darcy method', 'Topology optimization and 3D printing of large deformation compliant mechanisms for straining biological tissues', 'On topology optimization of large deformation contact-aided shape morphing compliant mechanisms', 'Topology optimization of stiff structures under self-weight for given volume using a smooth Heaviside function: P. Kumar', 'HoneyTop90: A 90-line MATLAB code for topology optimization using honeycomb tessellation', 'Diversity‐based topology optimization of soft robotic grippers', 'On topology optimization of design‐dependent pressure‐loaded three‐dimensional structures and compliant mechanisms', 'Computational synthesis of large deformation compliant mechanisms undergoing self and mutual contact', 'TOPress: a MATLAB implementation for topology optimization of structures subjected to design-dependent pressure loads', 'Synthesis of C0 Path-Generating Contact-Aided Compliant Mechanisms Using the Material Mask Overlay Method']"
202,Kaushik Nayak,"Dept. of Electrical Engineering, IIT Hyderabad",Device Physics,764,https://scholar.google.com/citations?hl=en&user=CkYhodMAAAAJ,14.0,17.0,"['DC compact model for SOI tunnel field-effect transistors', 'CMOS logic device and circuit performance of Si gate all around nanowire MOSFET', 'Carrier transport in high mobility InAs nanowire junctionless transistors', 'Random dopant fluctuation induced variability in undoped channel Si gate all around nanowire n-MOSFET', 'Ambient temperature-induced device self-heating effects on multi-fin Si n-FinFET performance', 'Hetero-interfacial thermal resistance effects on device performance of stacked gate-all-around nanosheet FET', 'Metal-gate granularity-induced threshold voltage variability and mismatch in Si gate-all-around nanowire n-MOSFETs', 'Impact of fin line edge roughness and metal gate granularity on variability of 10-nm node SOI n-FinFET', 'Electro-thermal performance boosting in stacked Si gate-all-around nanosheet FET with engineered source/drain contacts', 'Ambient temperature-induced device self-heating effects on multi-fin Si CMOS logic circuit performance in N-14 to N-7 scaled technologies']"
203,Dr.Prashanth Panta,"Researcher at IIT, Hyderabad","oral medicine, oral cancer, biomedical engineering",755,https://scholar.google.com/citations?hl=en&user=3h8zZkwAAAAJ,16.0,26.0,"['Do saline water gargling and nasal irrigation confer protection against COVID-19?', 'Salivary RNA signatures in oral cancer detection', 'Adenoid cystic carcinoma of the palate: case report and review of literature', 'Oral cancer detection: novel strategies and clinical impact', 'Silk hydrogel for tissue engineering: a review', 'MTA1 expression in human cancers–Clinical and pharmacological significance', 'Early and rapid detection of UCHL1 in the serum of brain-trauma patients: a novel gold nanoparticle-based method for diagnosing the severity of brain injury', 'Diode laser assisted excision of a gingival pyogenic granuloma: A case report', 'Biopsy and oral squamous cell carcinoma histopathology', 'The possible role of meditation in myofascial pain syndrome: a new hypothesis']"
204,Badarinath Karri,"Indian Institute of Technology, Hyderabad","Cavitation and bubble dynamics, high-speed imaging",748,https://scholar.google.com/citations?hl=en&user=hAo2f2IAAAAJ,14.0,14.0,"['Shapes and paths of an air bubble rising in quiescent liquids', 'Dynamics of an air bubble rising in a non-Newtonian liquid in the axisymmetric regime', 'Nonspherical liquid droplet falling in air', 'Numerical and experimental investigations of an air bubble rising in a Carreau-Yasuda shear-thinning liquid', 'Collapsing bubble induced pumping in a viscous fluid', 'Experimental investigation of a nonspherical water droplet falling in air', 'Expansion and collapse of an initially off-centered bubble within a narrow gap and the effect of a free surface', 'High-speed jetting and spray formation from bubble collapse', 'Fish hook in classifier efficiency curves: An update', 'Dynamics of an oscillating bubble in a narrow gap']"
205,JR Gatti,Indian institute of technology hyderabad,"Crystallographic Texture, Mechanical Properties, Bulk Nanostructured Materials",746,https://scholar.google.com/citations?hl=en&user=cNc8ucQAAAAJ,7.0,6.0,"['Microstructure and texture evolution during annealing of equiatomic CoCrFeMnNi high-entropy alloy', 'Texture evolution during cross rolling and annealing of high-purity nickel', 'Effect of change in strain path during cold rolling on the evolution of microstructure and texture in Al and Al-2.5% Mg', 'Annealing textures of severely cold and warm-rolled Al–2.5 wt.% Mg alloy', 'Nucleation behavior and formation of recrystallization texture in pre-recovery treated heavily cold and warm-rolled Al–2.5 wt.% Mg alloy', 'Effect of prior recovery treatment on the evolution of cube texture during annealing of severely warm-rolled Al-2.5 wt pctMg alloy', 'Microstructure and texture of Al-2.5 wt.% Mg processed by combining accumulative roll bonding and conventional rolling', 'Evolution of microstructure and texture during annealing of Al-2.5% Mg-0.2% Sc severely deformed by a combination of accumulative roll bonding (ARB) and conventional rolling', 'Evolution of Microstructure and Texture during Severe Cold Rolling and Annealing of Al-2.5% Mg and Al-2.5% Mg-0.2% Sc Alloys', 'Understanding and Control of Recrystallization Texture in Severely Deformed Al–2.5 wt.% Mg Alloys']"
206,Abhishek Subramanian,Indian Institute of Technology Hyderabad (IITH),"Systems Biology, Constraint - based modeling, Kinetic Modeling, Comparative Genomics, Machine",744,https://scholar.google.com/citations?hl=en&user=fFe0pfYAAAAJ,12.0,12.0,"['Single-cell RNA sequencing maps endothelial metabolic plasticity in pathological angiogenesis', 'BIOMEX: an interactive workflow for (single cell) omics data interpretation and visualization', 'The pulmonary vasculature in lethal COVID-19 and idiopathic pulmonary fibrosis at single-cell resolution', 'Optimal combinations of control strategies and cost-effective analysis for visceral leishmaniasis disease transmission', 'An integrative machine learning strategy for improved prediction of essential genes in Escherichia coli metabolism using flux-coupled features', 'Dissecting Leishmania infantum Energy Metabolism - A Systems Perspective', 'Comparison of codon usage bias across Leishmania and Trypanosomatids to understand mRNA secondary structure, relative protein abundance and pathway functions', 'Revealing the mystery of metabolic adaptations using a genome scale model of Leishmania infantum', 'Angiogenesis goes computational–The future way forward to discover new angiogenic targets?', 'Data in support of large scale comparative codon usage analysis in Leishmania and Trypanosomatids']"
207,Niranjan Ghaisas,"Associate Professor, Indian Institute of Technology Hyderabad","Computational fluid dynamics, Large-eddy simulation, Wind energy, Multi-material simulations",742,https://scholar.google.com/citations?hl=en&user=YlGVztAAAAAJ,16.0,20.0,"['Evaluation of layout and atmospheric stability effects in wind farms using large‐eddy simulation', 'Benefits of collocating vertical‐axis and horizontal‐axis wind turbines in large wind farms', 'Geometry-based models for studying the effects of wind farm layout', 'Effect of tip spacing, thrust coefficient and turbine spacing in multi-rotor wind turbines and farms', 'Large-eddy simulation study of multi-rotor wind turbines', 'Large eddy simulation of turbulent horizontal buoyant jets', 'Large eddy simulation of thermal driven cavity: Evaluation of sub-grid scale models and flow physics', 'A unified high-order Eulerian method for continuum simulations of fluid flow and of elastic–plastic deformations in solids', 'High-Order Eulerian Simulations of Multimaterial Elastic–Plastic Flow', 'Large eddy simulation of transitional flow in an idealized stenotic blood vessel: evaluation of subgrid scale models']"
208,Anurup Datta,Indian Institute of Technology Hyderabad,"optics, laser processing, sensing, process monitoring, nanotechnology",735,https://scholar.google.com/citations?hl=en&user=s_mPJxkAAAAJ,12.0,13.0,"['Extraordinary evanescent field confinement waveguide sensor for mid-infrared trace gas spectroscopy', 'Detection of tool condition from the turned surface images using an accurate grey level co-occurrence technique', 'Progressive cutting tool wear detection from machined surface images using Voronoi tessellation method', 'Sub-diffraction limited writing based on laser induced periodic surface structures (LIPSS)', 'Sub-ppm methane detection with mid-infrared slot waveguides', 'High throughput optical lithography by scanning a massive array of bowtie aperture antennas at near-field', 'Texture analysis of turned surface images using grey level co-occurrence technique', 'Integrated nanophotonic waveguide-based devices for IR and Raman gas spectroscopy', 'Comparative study of optical near-field transducers for heat-assisted magnetic recording', 'Improved near-field transducer design for heat-assisted magnetic recording']"
209,Vaskar Sarkar,"Professor, IIT Hyderabad","PV Power Generation, Grid Integration of Renewables, Power System Stability and Optimization",716,https://scholar.google.com/citations?hl=en&user=XYSzjVoAAAAJ,14.0,20.0,"['A comprehensive assessment of the evolution of financial transmission rights', 'Optimal LMP decomposition for the ACOPF calculation', 'DCOPF-based marginal loss pricing with enhanced power flow accuracy by using matrix loss distribution', 'Enhanced Real-Time Power Balancing of an AC Microgrid through Transiently Coupled Droop Control', 'Metaheuristics Assisted Efficiency Maximizing Flexible Power Point Tracking of a Photovoltaic Array Under the Partial Shading', 'Accurate loss modelling in the DCOPF calculation for power markets via static piecewise linear loss approximation based upon line loading classification', 'A new genetic approach for solving the unit commitment problem', 'Introduction to loss-hedging financial transmission rights', 'Reactive power constrained OPF scheduling with 2-D locational marginal pricing', 'Implementation of LMP-FTR mechanism in an AC-DC system']"
210,Rama Srinivas Varanasi,"Assistant Professor, IIT Hyderabad","Hydrogen embrittlement, Atom probe tomography, Steel, Phase transformations",705,https://scholar.google.com/citations?hl=en&user=q8D59WwAAAAJ,13.0,15.0,"['Macroscopic to nanoscopic in situ investigation on yielding mechanisms in ultrafine grained medium Mn steels: Role of the austenite-ferrite interface', 'Mechanisms of austenite growth during intercritical annealing in medium manganese steels', 'Effect of Nb micro-alloying on austenite nucleation and growth in a medium manganese steel during intercritical annealing', 'Machine-learning-enhanced time-of-flight mass spectrometry analysis', 'Localized deformation inside the Lüders front of a medium manganese steel', 'Chromium coatings from trivalent chromium plating baths: Characterization and cathodic delamination behaviour', 'Machine-learning-based atom probe crystallographic analysis', 'Mixed type brittle fracture in 1.5 GPa dual-phase steel via {100} ferrite cleavage cracking', 'Hydrogen and deuterium charging of lifted-out specimens for atom probe tomography', 'Evolution of morphology and texture during high energy ball milling of Ni and Ni-5 wt% Cu powders']"
211,Sathya Peri,"Associate Professor, IIT Hyderabad",Parallel and Distributed Systems,703,https://scholar.google.com/citations?hl=en&user=FejPk-8AAAAJ,14.0,21.0,"['An efficient framework for optimistic concurrent execution of smart contracts', 'A timestamp based multi-version STM algorithm', 'A quorum-based group mutual exclusion algorithm for a distributed system with dynamic group set', 'DiPETrans: A framework for distributed parallel execution of transactions of blocks in blockchains', 'OptSmart: a space efficient Optimistic concurrent execution of Smart contracts: P. S. Anjana et al.', 'Efficient concurrent execution of smart contracts in blockchains using object-based transactional memory', 'A simple and practical concurrent non-blocking unbounded graph with linearizable reachability queries', 'Non-interference and local correctness in transactional memory', 'Message-optimal and latency-optimal termination detection algorithms for arbitrary topologies', 'D2ht: The best of both worlds, integrating rps and dht']"
212,Shubho R. Roy,"Associate Professor, IIT Hyderabad","String Theory, AdS/CFT, Holography, Black holes",700,https://scholar.google.com/citations?hl=en&user=gp389eIAAAAJ,14.0,17.0,"['Holographic representation of bulk fields with spin in AdS/CFT', 'Fluids, anomalies, and the chiral magnetic effect: A group-theoretic formulation', 'A Grassmann path from AdS3 to flat space', 'Punctuated eternal inflation via AdS/CFT duality', 'On some universal features of the holographic quantum complexity of bulk singularities', 'Bulk metric reconstruction from boundary entanglement', 'Desingularization of the Milne universe', 'Complexity of warped conformal field theory', 'Hologram of a pure state black hole', 'Higher spin resolution of a toy big bang']"
213,Mahati Chittem,"Liberal Arts, IIT Hyderabad","Health psychology, Psycho-oncology",679,https://scholar.google.com/citations?hl=en&user=w7a85Z8AAAAJ,15.0,22.0,"['Relationships between perceived diagnostic disclosure, patient characteristics, psychological distress and illness perceptions in Indian cancer patients', 'Responding to family requests for nondisclosure: The impact of oncologists′ cultural background', ""Illness representations and psychological distress in Indian patients with cancer: does being aware of one's cancer diagnosis make a difference?"", 'Experiences of barriers to self-monitoring and medication-management among Indian patients with type 2 diabetes, their primary family-members and physicians', ""Primary family caregivers' reasons for disclosing versus not disclosing a cancer diagnosis in India"", 'Improvisation, therapeutic brokerage and antibiotic (mis) use in India: a qualitative interview study of Hyderabadi physicians and pharmacists', 'Sense of coherence and chronic illnesses: Scope for research in India', 'Psychological outcomes, coping and illness perceptions among parents of children with neurological disorders', 'Understanding coping with cancer: How can qualitative research help?', 'Nondisclosure of a cancer diagnosis and prognosis: recommendations for future research and practice']"
214,Lakshmana Dora Chandrala,Indian Institute of Technology Hyderabad,"Experimental Aerodynamics, Compressible flows, Oil spills, Breaking waves, Marine aerosols.",671,https://scholar.google.com/citations?hl=en&user=jOMZVHEAAAAJ,16.0,19.0,"['Role of slipstream instability in formation of counter-rotating vortex rings ahead of a compressible vortex ring', 'Numerical simulation and PIV study of compressible vortex ring evolution', 'Effect of sub-chronic exposure to cigarette smoke, electronic cigarette and waterpipe on human lung epithelial barrier function', 'A study of the counter rotating vortex rings interacting with the primary vortex ring in shock tube generated flows', 'Evaporation dynamics of a sessile droplet of binary mixture laden with nanoparticles', 'Size distribution of a drop undergoing breakup at moderate Weber numbers', 'Aerosolization of Crude Oil‐Dispersant Slicks Due to Bubble Bursting', 'Droplet size distribution in a swirl airstream using in-line holography technique', 'Epithelial plasticity in COPD results in cellular unjamming due to an increase in polymerized actin', 'Impact of dispersant on crude oil content of airborne fine particulate matter emitted from seawater after an oil spill']"
215,Arunabha Majumdar,"Assistant Professor, Department of Mathematics, IIT Hyderabad","Statistical Genetics, Biostatistics",664,https://scholar.google.com/citations?hl=en&user=LsburecAAAAJ,12.0,14.0,"['Accurate estimation of SNP-heritability from biobank-scale data irrespective of genetic architecture', 'Leveraging expression from multiple tissues using sparse canonical correlation analysis and aggregate tests improves the power of transcriptome-wide association studies', 'Optimized design of single-cell RNA sequencing experiments for cell-type-specific eQTL analysis', 'Cis-eQTL-based trans-ethnic meta-analysis reveals novel genes associated with breast cancer risk', 'An efficient Bayesian meta-analysis approach for studying cross-phenotype genetic associations', 'Genome-wide analyses characterize shared heritability among cancers and identify novel cancer susceptibility regions', 'Large-scale cross-cancer fine-mapping of the 5p15. 33 region reveals multiple independent signals', 'Semiparametric allelic tests for mapping multiple phenotypes: binomial regression and mahalanobis distance', 'Determining which phenotypes underlie a pleiotropic signal', 'A two-step approach to testing overall effect of gene–environment interaction for multiple phenotypes']"
216,Raj Kumar Oruganti,"Department of Civil Engineering, IIT Hyderabad","Wastewater treatment, Resource recovery, Emerging Contaminants",664,https://scholar.google.com/citations?hl=en&user=776onacAAAAJ,9.0,9.0,"['A comprehensive review on the use of algal-bacterial systems for wastewater treatment with emphasis on nutrient and micropollutant removal', 'Artificial intelligence and machine learning tools for high-performance microalgal wastewater treatment and algal biorefinery: A critical review', 'Pretreatment and anaerobic co-digestion of lignocellulosic biomass: recent developments', 'Deep eutectic solvent pretreatment of sugarcane bagasse for efficient lignin recovery and enhanced enzymatic hydrolysis', 'Beyond conventional approaches: Sustainable valorization of sewage sludge-challenges and opportunities', 'Pretreatment of sugarcane bagasse using ionic liquid for enhanced enzymatic saccharification and lignin recovery: process optimization by response surface methodology', 'Green synthesis of calcium oxide nanoparticles impregnated activated carbon from algal–bacterial activated sludge: its application in ciprofloxacin removal', 'Treatment of marigold flower processing wastewater using a sequential biological-electrochemical process', 'Alkaline hydrolysis for yield of glucose and kraft lignin from de-oiled Jatropha curcas waste: multiresponse optimization using response surface methodology', 'Synthesis of algal–bacterial sludge activated carbon/Fe3O4 nanocomposite and its potential in antibiotic ciprofloxacin removal by simultaneous adsorption and\xa0…']"
217,Ramakrishna Upadrasta,"Associate Professor, Dept. of Computer Science and Engg, IIT Hyderabad, India","Programming languages, Compilers, Static analysis, HPC, Polyhedral Compilation",663,https://scholar.google.com/citations?hl=en&user=3qZCtWYAAAAJ,12.0,14.0,"['IR2VEC LLVM IR Based Scalable Program Embeddings', 'Graphite two years after: First lessons learned from real-world polyhedral compilation', 'Llov: A fast static data-race checker for openmp programs', 'Sub-polyhedral scheduling using (unit-) two-variable-per-inequality polyhedra', 'Poset-rl: Phase ordering for optimizing size and execution time using reinforcement learning', 'Polydl: Polyhedral optimizations for creation of high-performance dl primitives', 'Rl4real: Reinforcement learning for register allocation', 'VexIR2Vec: An Architecture-Neutral Embedding Framework for Binary Similarity', 'Ai powered compiler techniques for dl code optimization', 'A practical and fast iterative algorithm for φ-function computation using DJ graphs']"
218,Atanu Rajak,IIT Hyderabad,"Condensed matter physics, Statistical physics, Quantum phase transition, Quantum annealing",662,https://scholar.google.com/citations?hl=en&user=RJhUov4AAAAJ,10.0,11.0,"['Quantum annealing: An overview', 'Survival probability of an edge Majorana in a one-dimensional -wave superconducting chain under sudden quenching of parameters', 'Characterizations of prethermal states in periodically driven many-body systems with unbounded chaotic diffusion', 'Stability and pre-thermalization in chains of classical kicked rotors', 'Classical-to-quantum crossover in the critical behavior of the transverse-field Sherrington-Kirkpatrick spin glass model', 'Possible ergodic-nonergodic regions in the quantum Sherrington-Kirkpatrick spin glass model and quantum annealing', 'Dynamics of fluctuation correlation in a periodically driven classical system', 'Possibility of adiabatic transport of a Majorana edge state through an extended gapless region', 'Quantum annealing search of Ising spin glass ground state (s) with tunable transverse and longitudinal fields', 'From prethermalization to chaos in periodically driven coupled rotors']"
219,Siju  CR,"Post Doctoral Fellow,IIT Hyderabad",Polymers,660,https://scholar.google.com/citations?hl=en&user=6lRiujEAAAAJ,6.0,5.0,"['Conducting polyaniline–nano-TiO2 composites for smart corrosion resistant coatings', 'Epoxy powder coatings containing polyaniline for enhanced corrosion protection', 'Gray to transmissive electrochromic switching based on electropolymerized PEDOT-ionic liquid functionalized graphene films', 'Optical, electrochemical and morphological investigations of poly (3, 4-propylenedioxythiophene)–sultone (PProDOT–S) thin films', 'Synthesis of solution-processable poly (3, 4 propylenedioxythiophene) nanobelts for electrochromic device applications', 'Synthesis of poly (3, 4 ethylenedioxythiophene) nano structure using reverse microemulsion polymerization', 'Optical, Electrochemical, and Structural Properties of Spray Coated Dihexyl Substituted Poly (3, 4 Propylene Dioxythiophene) Film for Optoelectronics Devices', 'Enhanced performance characteristics of electropolymerized poly (3, 4 ethylenedioxythiophene) films on ITO by one step cyclic voltammetry', 'Hierarchical amphiphilic highefficiency oil–water separation membranes from fermentation derived cellulose and recycled polystyrene', 'An investigation on the performance of Di-isopropyl benzyl Derivative of Poly (3, 4-propylene dioxythiophene) thin film based electrochromic pixels displays']"
220,Korla Rajesh,Indian Institute of Technology Hyderabad,"Mechanical Behavior of Materials, creep",660,https://scholar.google.com/citations?hl=en&user=Rxaxl-0AAAAJ,14.0,19.0,"['Micropillar and macropillar compression responses of magnesium single crystals oriented for single slip or extension twinning', 'Strain-rate sensitivity and microstructural evolution in a Mg–Al–Zn alloy', 'Effect of solutionizing temperature on the microstructural evolution during double aging of powder bed fusion-additive manufactured IN718 alloy', 'Applications of multivariate statistical methods and simulation libraries to analysis of electron backscatter diffraction and transmission Kikuchi diffraction datasets', 'A constitutive equation for grain boundary sliding: an experimental approach', 'Development of robust, ultra-smooth, flexible and transparent regenerated silk composite films for bio-integrated electronic device applications', 'Ultrathin, flexible and smooth carbon coating extends the cycle life of dual-ion batteries', 'Effect of molybdenum on recrystallization behavior of Fe30Mn5Al1C-x Mo lightweight austenitic steels', 'Hot tensile deformation and fracture behavior of wire arc additive manufactured Hastelloy C-276', 'High temperature deformation behavior of Al0. 2CoCrFeNiMo0. 5 high entropy alloy: Dynamic strain ageing']"
221,Madhavi Bangaru,IITH,"cancer biology, molecular neurobiology",651,https://scholar.google.com/citations?hl=en&user=tGminkMAAAAJ,11.0,11.0,"['Failure of action potential propagation in sensory neurons: mechanisms and loss of afferent filtering in C‐type units after painful nerve injury', 'Store-Operated Ca2+ Entry in Sensory Neurons: Functional Role and the Effect of Painful Nerve Injury', 'Sigma-1 receptor expression in sensory neurons and the effect of painful peripheral nerve injury', 'Quantification of gene expression after painful nerve injury: validation of optimal reference genes', 'Curcumin (diferuloylmethane) induces apoptosis and blocks migration of human medulloblastoma cells', 'Ca2+-Dependent Regulation of Ca2+ Currents in Rat Primary Afferent Neurons: Role of CaMKII and the Effect of Injury', 'Painful Nerve Injury Increases Plasma Membrane Ca2+-ATPase Activity in Axotomized Sensory Neurons', 'Differential expression of CaMKII isoforms and overall kinase activity in rat dorsal root ganglia after injury', 'Epidermal growth factor receptor cross-talks with ligand-occupied estrogen receptor-α to modulate both lactotroph proliferation and prolactin gene expression', 'Selective estrogen receptor down-regulator and selective estrogen receptor modulators differentially regulate lactotroph proliferation']"
222,Ketan Detroja,Indian Institute of Technology Hyderabad,,642,https://scholar.google.com/citations?hl=en&user=vgVN03kAAAAJ,12.0,13.0,"['Plant-wide detection and diagnosis using correspondence analysis', 'A possibilistic clustering approach to novel fault detection and isolation', 'Optimal design of energy sources and reverse osmosis desalination plant with demand side management for cost-effective freshwater production', 'An integrated framework for optimal planning and operation schedule of microgrid under uncertainty', 'Optimal autonomous microgrid operation: A holistic view', 'The optimal detuning approach based centralized control design for MIMO processes', 'Fault detection and isolation using correspondence analysis', 'Model-based stator interturn short-circuit fault detection and diagnosis in induction motors', 'Optimal detuning parameter design for decentralized control of MIMO processes', 'Model-based broken rotor bars fault detection and diagnosis in squirrel-cage induction motors']"
223,Nagini Macha,"Senior Scientist at SATHI-CISCoM, IIT Hyderabad","ODS alloys, High temperature materials, Atom Probe Tomography",637,https://scholar.google.com/citations?hl=en&user=9ZsgZzAAAAAJ,15.0,22.0,"['Ti2NiCoSnSb - a new half-Heusler type high-entropy alloy showing simultaneous increase in Seebeck coefficient and electrical conductivity for thermoelectric\xa0…', 'Effect of graphene addition on thermal behavior of 3D printed graphene/AlSi10Mg composite', 'Microstructure–mechanical property correlation in oxide dispersion strengthened 18Cr ferritic steel', 'Thermoelectric properties of half-Heusler high-entropy Ti2NiCoSn1-xSb1+ x (x= 0.5, 1) alloys with VEC> 18', 'On the effect of Fe in L12 strengthened Al–Co–Cr–Fe–Ni–Ti complex concentrated alloy', 'Influence of the duration of high energy ball milling on the microstructure and mechanical properties of a 9Cr oxide dispersion strengthened ferritic–martensitic steel', 'Microstructural studies of oxide dispersion strengthened austenitic steels', 'Effect of process parameters on microstructure and hardness of oxide dispersion strengthened 18Cr ferritic steel', 'Structure and properties of Nano-scale oxide-dispersed iron', 'Microstructural evolution and effect of heat treatment on the precipitation and mechanical behavior of Al0. 7CoCrFeNi alloy']"
224,R Prasanth Kumar,"Professor, Dept. of Artificial Intelligence, Indian Institute of Technology Hyderabad","Mobile Robotics, Multi-Robot Systems, Physical AI",628,https://scholar.google.com/citations?hl=en&user=vAdOUscAAAAJ,12.0,19.0,"['Robust trajectory control of underwater vehicles using time delay control law', 'Real-time optimal motion planning for autonomous underwater vehicles', 'A scheme for robust trajectory control of space robots', 'Discrete time-delay control of an autonomous underwater vehicle: Theory and experimental results', 'The simplest passive dynamic walking model with toed feet: A parametric study', 'A novel optimal assembly algorithm for haptic interface applications of a virtual maintenance system', 'Delaying tool chatter in turning with a two-link robotic arm', 'Hybrid toe and heel joints for biped/humanoid robots for natural gait', 'Online trajectory generation for wide ditch crossing of biped robots using control constraints', 'An adaptive foot device for increased gait and postural stability in lower limb Orthoses and exoskeletons']"
225,Ankush Jaiswal,"Assistant Professor, Indian Institute of Technology, Hyderabad","Human Heat Stress, Thermal Comfort, HVAC, Adsorption cooling, Desalination",618,https://scholar.google.com/citations?hl=en&user=xeb1HjEAAAAJ,10.0,10.0,"['Modeling and analysis of a printed circuit heat exchanger for supercritical CO2 power cycle applications', 'Influence of cycle time and collector area on solar driven adsorption chillers', 'Drop-on-Drop Impact Dynamics on a Superhydrophobic Surface', 'Two-staged multi-effect distillation for energy efficient brine concentration', 'Characterization of human extreme heat exposure using an outdoor thermal manikin', 'Evaluation of thermal properties and thermoregulatory impacts of lower back exosuit using thermal manikin', 'Transient heat transfer during consecutive impact of two droplets on a heated substrate', 'Dynamics of a Droplet Impacting a Sessile Droplet on a Superhydrophobic Surface: Role of Boundary Conditions during Droplet Placement', 'Internal feed preheating necessary for energy-efficient modular multi-effect membrane distillation', 'Spray cooling: From droplet dynamics to system level perspectives']"
226,SK Karthick,"Assistant Professor, Mechanical and Aerospace Engineering, IIT Hyderabad, Telangana …","Gas Dynamics, Aeroacoustics, Hypersonics, Fluid Turbulence, Optical Diagnostics",600,https://scholar.google.com/citations?hl=en&user=X83smZsAAAAJ,15.0,16.0,"['On the unsteady throttling dynamics and scaling analysis in a typical hypersonic inlet-isolator flow', 'Parametric experimental studies on mixing characteristics within a low area ratio rectangular supersonic gaseous ejector', 'Shock and shear layer interactions in a confined supersonic cavity flow', 'Experimental parametric studies on the performance and mixing characteristics of a low area ratio rectangular supersonic gaseous ejector by varying the secondary flow rate', 'Studies on the effect of imaging parameters on dynamic mode decomposition of time-resolved schlieren flow images', 'Shock-related unsteadiness of axisymmetric spiked bodies in supersonic flow', 'Elliptic supersonic jet morphology manipulation using sharp-tipped lobes', 'A review of diaphragmless shock tubes for interdisciplinary applications', 'Parametric Experimental Studies on Supersonic Flow Unsteadiness over a Hemispherical Spiked Body', 'Passive scalar mixing studies to identify the mixing length in a supersonic confined jet']"
227,Gajendranath Ch,"Associate Professor, Indian Institute of Technology, Hyderabad",Analog and Mixed Signal Circuit Design,591,https://scholar.google.com/citations?hl=en&user=6x0ZOCUAAAAJ,14.0,16.0,"['An 18 nA, 87% Efficient Solar, Vibration and RF Energy-Harvesting Power Management System With a Single Shared Inductor', 'A 300-nW Sensitive, 50-nA DC-DC Converter for Energy Harvesting Applications', 'Towards point-of-care diagnosis of Alzheimer’s disease: Multi-analyte based portable chemiresistive platform for simultaneous detection of β-amyloid (1–40) and (1–42) in plasma', 'Energy-efficient dual-node-upset-recoverable 12T SRAM for low-power aerospace applications', 'A 0.45 mV/V line regulation, 0.6 V output voltage, reference-integrated, error amplifier-less LDO with a 5-transistor regulation core', 'A 99% current efficient three-transistor regulator with built-in 80 ppm/°C reference, for 0-10 mA loads', 'A 0.3 nW, 0.093%/V line sensitivity, temperature compensated bulk-programmable voltage reference for wireless sensor nodes', 'An incremental step sensing MPPT based Si-SIDO energy harvester with> 99% peak MPPT efficiency for an input power range of 30 μW to 33 mW', 'Artificial intelligence-based portable bioelectronics platform for SARS-CoV-2 diagnosis with multi-nucleotide probe assay for clinical decisions', 'A Human Body Heat Driven High Throughput Thermal Energy Harvesting Single Stage Regulator for Wearable Biomedical IoT nodes']"
228,Dani Lakshman Yarlagadda,"Postdoctoral fellow, Chemical Engineering, IIT Hyderabad","Amorphous materials, Solid-state characterization, Polymeric biomaterials, DMPK, Bioanalysis",583,https://scholar.google.com/citations?hl=en&user=iSs068kAAAAJ,12.0,14.0,"['Overview of extensively employed polymeric carriers in solid dispersion technology', 'Considerations for the selection of co-formers in the preparation of co-amorphous formulations', 'Investigation of drug-polymer miscibility, biorelevant dissolution, and bioavailability improvement of Dolutegravir-polyvinyl caprolactam-polyvinyl acetate-polyethylene glycol\xa0…', 'Exploring the utility of co-amorphous materials to concurrently improve the solubility and permeability of Fexofenadine', 'Polymeric solid dispersion Vs co-amorphous technology: A critical comparison', 'A computational-based approach to fabricate Ceritinib co-amorphous system using a novel co-former Rutin for bioavailability enhancement', 'Evaluating the Role of N-Acetyl-L-Tryptophan in the Aβ 1-42-Induced Neuroinflammation and Cognitive Decline in Alzheimer’s Disease', 'In vitro-in silico evaluation of Apremilast solid dispersions prepared via Corotating Twin Screw Extruder', 'Investigating the influence of the type of polymer on sustaining the supersaturation from amorphous solid dispersions of Apremilast and its pharmacokinetics', 'A Novel Stability-Indicating RP-HPLC Method for the Simultaneous Estimation and In Vitro and In vivo Evaluation: Curcumin and Naringin Co-amorphous System']"
229,M. Rajesh Kannan,Indian Institute of Technology Hyderabad,"Combinatorics, Spectral graph theory, Matrix theory, Functional analysis.",582,https://scholar.google.com/citations?hl=en&user=b7inTwYAAAAJ,13.0,15.0,"['Some properties of strong H-tensors and general H-tensors', 'Spectra of eccentricity matrices of graphs', 'On the adjacency matrix of a complex unit gain graph', 'On the spectral radius and the energy of eccentricity matrices of graphs', 'On the eccentricity matrices of trees: Inertia and spectral symmetry', 'Resistance matrices of graphs with matrix weights', 'Journal of the Ramanujan Mathematical Society', 'On weakly irreducible nonnegative tensors and interval hull of some classes of tensors', 'Eccentricity energy change of complete multipartite graphs due to edge deletion', 'On the  A α -Spectra of Some Join Graphs']"
230,Om Priya Nanda,"Indian Institute of Technology, Hyderabad",Energy Storage,581,https://scholar.google.com/citations?hl=en&user=jx_DNKkAAAAJ,14.0,18.0,"['Biomass derived Nitrogen, Sulphur, and Phosphorus self-doped micro-meso porous carbon for high-energy symmetric supercapacitor–With a detailed study of the effect of different\xa0…', '2D V2C MXene Based Flexible Gas Sensor for Highly Selective and Sensitive Toluene Detection at Room Temperature', 'Bio-waste derived self-templated, nitrogen self-doped porous carbon for supercapacitors', 'Piezo/triboelectric nanogenerator from lithium-modified zinc titanium oxide nanofibers to monitor contact in sports', 'Nickel MXene nanosheet and heteroatom self-doped porous carbon-based asymmetric supercapacitors with ultrahigh energy density', 'Ni-Metal organic framework nanosheets and Ni3C/biomass porous carbon composite based long cycle life asymmetric supercapacitor', 'Hydro/solvothermally grown ZnS/MnO2-metal organic framework based hydrogel for all solid-state flexible supercapacitor', 'One-step hydrothermal synthesis of Bi2CuO4 nanoflakes: an excellent electrode material for symmetric supercapacitors', 'Rapid microwave-assisted synthesis of a 2D borophene-graphene composite embedded in a 3D porous hydrogel for flexible solid-state supercapacitors with high energy density', 'Electrospun vanadium oxide hollow nanofibers based supercapacitor inspired triboelectric nanogenerator as self-powered visible-blind ultraviolet photodetector']"
231,Rengasamy Dhanabal,"Indian Institute of Technology, Hyderabad","Interface Physics, Perovskite solar cells, Supercapacitor and Photocatalysis",575,https://scholar.google.com/citations?hl=en&user=BPknSIgAAAAJ,11.0,13.0,"['α-MnO2/h-MoO3 Hybrid Material for High Performance Supercapacitor Electrode and Photocatalyst', 'High-efficiency new visible light-driven Ag2MoO4–Ag3PO4 composite photocatalyst towards degradation of industrial dyes', 'Comparative study of effective photoabsorber CuO thin films prepared via different precursors using chemical spray pyrolysis for solar cell application', 'Visible light driven degradation of methylene blue dye using Ag3PO4', 'Fabrication of RuO2-Ag3PO4 heterostructure nanocomposites: investigations of band alignment on the enhanced visible light photocatalytic activity', 'Investigating the effect of La doped CuO thin film as absorber material for solar cell application', 'Tuning the Properties of the CuAl(1–X)FeXS2 Thin Film as a Potential Absorber for Solar Cell Application', 'Optimization and photocatalytic degradation of crystal violet dye using Sr-ZnO/activated carbon nanoneedles', 'Reduced graphene oxide supported molybdenum oxide hybrid nanocomposites: high performance electrode material for supercapacitor and photocatalytic applications', 'Investigating antibacterial activity of biosynthesized silver oxide nanoparticles using Phragmanthera Macrosolen L. leaf extract']"
232,Biswarup Bhattacharyya,"Assistant Professor, IIT Hyderabad","Uncertainty Quantification, Stochastic dynamic system, Physics-informed machine learning, Structural health monitoring, Reliabil",573,https://scholar.google.com/citations?hl=en&user=j5y9fgEAAAAJ,12.0,13.0,"['Investigation of mean wind pressures on ‘E’plan shaped tall building', 'Experimental and Numerical Study of Wind-Pressure Distribution on Irregular-Plan-Shaped Building', 'Uncertainty quantification of dynamical systems by a POD–Kriging surrogate model', 'A Kriging–NARX Model for Uncertainty Quantification of Nonlinear Stochastic Dynamical Systems in Time Domain', 'Random dynamical system in time domain: A POD-PC model', 'Wind Induced Pressure on (E) Plan Shaped Tall Buildings', 'Structural reliability analysis by a Bayesian sparse polynomial chaos expansion', 'A critical appraisal of design of experiments for uncertainty quantification', 'Global sensitivity analysis: A Bayesian learning based polynomial chaos approach', 'Uncertainty Quantification of Stochastic Impact Dynamic Oscillator Using a Proper Orthogonal Decomposition-Polynomial Chaos Expansion Technique']"
233,Dr. Ramya Sri Mullapudi,"Assistant Professor, IIT Hyderabad","Sustainable pavement materials, Asphalt rheology, LCCA of pavements, Asphalt chemistry",569,https://scholar.google.com/citations?hl=en&user=OQ7RNeQAAAAJ,13.0,15.0,"['Evaluation of asphalt binder rutting parameters', 'Application of warm mix technology-design and performance characteristics: Review and way forward', 'An investigation on the relationship between FTIR indices and surface free energy of RAP binders', 'Design and performance characteristics of cement grouted bituminous mixtures-a review', 'Coupled effects of gilsonite and Sasobit on binder properties: Rheological and chemical analysis', 'An investigation on the effect of aging on chemical and mechanical properties of asphalt binders', 'Fatigue and healing characteristics of RAP binder blends', 'Relationship between chemistry and mechanical properties of RAP binder blends', 'Effect of initial damage on healing characteristics of bituminous mixtures containing reclaimed asphalt material (RAP)', 'Sensitivity of rutting and moisture resistance of asphalt mixes to gradation and design air void content']"
234,Rogers Mathew,Indian Institute of Technology Hyderabad,"graph theory, combinatorics, graph algorithms",565,https://scholar.google.com/citations?hl=en&user=-euQnQYAAAAJ,14.0,19.0,"['Incremental cycle detection, topological ordering, and strong component maintenance', 'Rainbow connection number and connectivity', 'Boxicity of line graphs', 'Chordal bipartite graphs with high boxicity', 'A short note on conflict‐free coloring on closed neighborhoods of bounded degree graphs', 'A Dirac-type characterization of k-chordal graphs', 'Separation dimension of graphs and hypergraphs', 'Conflict-free coloring bounds on open neighborhoods', 'Cubicity, degeneracy, and crossing number', 'Conflict-free Coloring on Claw-free graphs and Interval graphs']"
235,Dr. Upender Sunkari,"Senior Technical Officer, Dept. of Materials Science & Metallurgical Engineering, IITH","Electron Microscopy, High Entropy Alloys, Metal and Ceramic Matrix Composites, Powder Metallurgy",555,https://scholar.google.com/citations?hl=en&user=bobRP1IAAAAJ,10.0,10.0,"['Engineering heterogeneous microstructure by severe warm-rolling for enhancing strength-ductility synergy in eutectic high entropy alloys', 'Heterogeneous precipitation mediated heterogeneous nanostructure enhances strength-ductility synergy in severely cryo-rolled and annealed CoCrFeNi2.1Nb0.2 high entropy alloy', 'Effect of niobium alloying on the microstructure, phase stability and mechanical properties of CoCrFeNi2. 1Nbx high entropy alloys: Experimentation and thermodynamic modeling', 'Microstructural design by severe warm-rolling for tuning mechanical properties of AlCoCrFeNi2. 1 eutectic high entropy alloy', 'Tuning nanostructure using thermo-mechanical processing for enhancing mechanical properties of complex intermetallic containing CoCrFeNi2. 1Nbx high entropy alloys', 'Binder Less-Integrated Freestanding Carbon Film Derived from Pitch as Light Weight and High-Power Anode for Sodium-Ion Battery', 'Mechanical, thermal and oxidation behaviour of zirconium diboride based ultra-high temperature ceramic composites', 'Highly deformable Laves phase in a high entropy alloy', 'Development and homogeneity of microstructure and texture in a lamellar AlCoCrFeNi 2.1 eutectic high-entropy alloy severely strained in the warm-deformation regime', 'Effect of prolonged aging on phase evolution and mechanical properties of intermetallic strengthened CoCrFeNi2. 1Nbx high entropy alloys']"
236,Venkatesham B,"Professor, Indian Institute of Technology Hyderabad",Acoustics,550,https://scholar.google.com/citations?hl=en&user=Y7cQiSsAAAAJ,11.0,13.0,"['Noise and vibration control', ""Transmission loss analysis of rectangular expansion chamber with arbitrary location of inlet/outlet by means of Green's functions"", 'Acoustic characterization of additive manufactured perforated panel backed by honeycomb structure with circular and non-circular perforations', 'Analytical prediction of the breakout noise from a rectangular cavity with one compliant wall', 'Acoustic properties of additive manufactured narrow tube periodic structures', 'Analytical prediction of break-out noise from a reactive rectangular plenum with four flexible walls', 'Experimental study on the effect of centrally positioned vertical baffles on sloshing noise in a rectangular tank', 'Prediction of Breakout Noise from a Rectangular Duct with Compliant Walls.', 'Muffler design for a refrigerator compressor', 'Experimental study of breakout noise characteristics of flexible rectangular duct']"
237,Rajesh Ittamalla,"Professor, Entrepreneurship & Management; IIT Hyderabad","Start-ups, Market Research, Customer Experience, Branding",536,https://scholar.google.com/citations?hl=en&user=c8_gdvcAAAAJ,14.0,14.0,"['Analyzing the attitude of Indian citizens towards COVID-19 vaccine–A text analytics study', 'Analyzing Indian general public’s perspective on anxiety, stress and trauma during Covid-19-A machine learning study of 840,000 tweets', 'What concerns the general public the most about monkeypox virus?–A text analytics study based on Natural Language Processing (NLP)', 'Twitter-based sentiment analysis and topic modeling of social media posts using natural language processing, to understand people’s perspectives regarding COVID-19 booster\xa0…', 'General public’s attitude toward governments implementing digital contact tracing to curb COVID-19–a study based on natural language processing', 'An analysis of attitude of general public toward COVID-19 crises–sentimental analysis and a topic modeling study', 'Role of service experience on vivid memory and loyalty', 'What concerns Indian general public on second wave of COVID-19? A report on social media opinions', 'Determinants of holistic passenger experience in public transportation: Scale development and validation', 'How optimistic do citizens feel about digital contact tracing?–Perspectives from developing countries']"
238,Sreekanth Madisetty,IIT Hyderabad,"Natural Language Processing, Machine Learning, Deep Learning",535,https://scholar.google.com/citations?hl=en&user=ob5YhUkAAAAJ,9.0,9.0,"['A neural network-based ensemble approach for spam detection in Twitter', 'A framework for real-time spam detection in Twitter', 'A comprehensive survey of mamba architectures for medical image analysis: Classification, segmentation, restoration and beyond', 'Aggression detection in social media using deep neural networks', 'A RoBERTa based model for identifying the multi-modal informative tweets during disaster', 'An ensemble based method for predicting emotion intensity of tweets', 'Event recommendation using social media', 'A neural approach for detecting inline mathematical expressions from scientific documents', 'Nsemo at emoint-2017: an ensemble to predict emotion intensity in tweets', 'Social media popularity prediction of planned events using deep learning']"
239,Dr. Jeripothula Prudviraj,iit hyderabad,"machine learning, video content analysis",533,https://scholar.google.com/citations?hl=en&user=3YWfQSUAAAAJ,5.0,5.0,"['mSODANet: A network for multi-scale object detection in aerial images using hierarchical dilated convolutions', 'AAP-MIT: Attentive atrous pyramid network and memory incorporated transformer for multisentence video description', 'Incorporating attentive multi-scale context information for image captioning', 'M-FFN: multi-scale feature fusion network for image captioning', 'Attentive contextual network for image captioning', 'Sketch & Paint: Stroke-by-Stroke Evolution of\xa0Visual Artworks', 'Vectorized region based brush strokes for artistic rendering', 'Brushes in Motion: Vector Guided Strokes for Computational Painting', 'Painting with Paintings', 'Method and system for stroke-by-stroke creation of visual artworks and images']"
240,Shanmuga Sharan Rathnam,"Project Scientist, Department of Biotechnology, Indian Institute of Technology Hyderabad","Tissue engineering, Drug delivery, Nanomaterials",523,https://scholar.google.com/citations?hl=en&user=cWNk_kIAAAAJ,12.0,12.0,"['Silanization improves biocompatibility of graphene oxide', 'Synthesis and characterization of polyvinyl alcohol-carboxymethyl tamarind gum based composite films', 'Gum tragacanth–alginate beads as proangiogenic–osteogenic cell encapsulation systems for bone tissue engineering', 'Reinforcing effect of graphene oxide reinforcement on the properties of poly (vinyl alcohol) and carboxymethyl tamarind gum based phase-separated film', 'NIR-Light-Active ZnO-Based Nanohybrids for Bacterial Biofilm Treatment', 'Cobalt doped nano-hydroxyapatite incorporated gum tragacanth-alginate beads as angiogenic-osteogenic cell encapsulation system for mesenchymal stem cell based bone tissue\xa0…', 'White‐light‐emitting NaYF4 Nanoplatform for NIR Upconversion‐mediated Photodynamic Therapy and Bioimaging', 'Oleogels Based on Palmitic Acid and Safflower Oil: Novel Formulations for Ocular Drug Delivery of Voriconazole', 'Graphene oxide reinforced nanocomposite oleogels improves corneal permeation of drugs', 'Doxorubicin loaded green synthesized nanoceria decorated functionalized graphene nanocomposite for cancer-specific drug release']"
241,Jyotirmoy Rana,"Assistant Professor, Indian Institute of Technology Hyderabad","Bio-Fluid Mechanics, Applied Mathematics, Mathematical modeling, Quantum Mechanics",523,https://scholar.google.com/citations?hl=en&user=r7-q1AcAAAAJ,9.0,9.0,"['Solute dispersion in pulsatile Casson fluid flow in a tube with wall absorption', 'Unsteady solute dispersion in non-Newtonian fluid flow in a tube with wall absorption', 'Solute dispersion in transient Casson fluid flow through stenotic tube with exchange between phases', 'Unsteady solute dispersion in small blood vessels using a two-phase Casson model', 'Unsteady solute dispersion in Herschel-Bulkley fluid in a tube with wall absorption', 'Analytical solutions for the hydrogen atom in plasmas with electric, magnetic, and Aharonov-Bohm flux fields', 'A general analytical approach to study solute dispersion in non-Newtonian fluid flow', 'On time independent Schrödinger equations in quantum mechanics by the homotopy analysis method', 'Unsteady solute dispersion in the presence of reversible and irreversible reactions', 'Stability analysis and optimal control of tumour-immune interaction problem using fractional order derivative']"
242,Kirit Makwana,Indian Institute of Technology Hyderabad,"Plasma Physics, Plasma Astrophysics, Solar Physics",522,https://scholar.google.com/citations?hl=en&user=Ja2ROkcAAAAJ,12.0,13.0,"['Properties of magnetohydrodynamic modes in compressively driven plasma turbulence', 'Subdominant modes in zonal-flow-regulated turbulence', 'Energy dynamics and current sheet structure in fluid and kinetic simulations of decaying magnetohydrodynamic turbulence', 'Role of stable modes in zonal flow regulated turbulence', 'Damped eigenmode saturation in plasma fluid turbulence', 'Two-way coupling of magnetohydrodynamic simulations with embedded particle-in-cell simulations', 'Identification of plasma modes in Galactic turbulence with synchrotron polarization', 'Cosmic-ray transport in magnetohydrodynamic turbulence', 'Study of magnetic reconnection in large-scale magnetic island coalescence via spatially coupled MHD and PIC simulations', 'Mode-space energy distribution in instability-driven plasma turbulence']"
243,Jiji Swaminathan,"Indian Institute of Technology, Hyderabad","Biopolymers, Nanocellulose, Biomedicine, Environmental Science, Microbiology",521,https://scholar.google.com/citations?hl=en&user=Twj5GbEAAAAJ,6.0,5.0,"['Nanopesticides in agricultural pest management and their environmental risks: a review', 'Thymol enriched bacterial cellulose hydrogel as effective material for third degree burn wound repair', 'Bacterial cellulose matrix with in situ impregnation of silver nanoparticles via catecholic redox chemistry for third degree burn wound healing', 'Pyriproxyfen induced impairment of reproductive endocrine homeostasis and gonadal histopathology in zebrafish (Danio rerio) by altered expression of hypothalamus-pituitary\xa0…', 'Comparison on properties and efficiency of bacterial and electrospun cellulose nanofibers', 'Recent developments of bacterial nanocellulose porous scaffolds in biomedical applications', 'Integrating life into material design for living materials 4.0: Navigating challenges and future trajectories from static to dynamic evolution', 'Impact of nanoparticles in wastewater treatment', 'Physico-chemical characteristics of fine nano-scaled carbon fibers from bacterial cellulose', 'Biosynthesis of Silver Nanoparticles using Different Bacteria and Optimization of the Process Parameters using Proteus vulgaris']"
244,Jayanta S. Boruah,Indian Institute of Technology Hyderabad,"Nanocomposite, biosensor, drug delivery, biomedical device",512,https://scholar.google.com/citations?hl=en&user=hAfoPu0AAAAJ,11.0,12.0,"['Green synthesis of gold nanoparticles using an antiepileptic plant extract: in vitro biological and photo-catalytic activities', 'A sustainable approach for heavy metal remediation from water using carbon dot based composites: A review', 'On-site bioaerosol sampling and airborne microorganism detection technologies', 'Insight into carbon quantum dot–vesicles interactions: role of functional groups', 'Advances in carbon nanomaterial–clay nanocomposites for diverse applications', 'Liposome-azobenzene nanocomposite as photo-responsive drug delivery vehicle', 'A novel route to fabricate ZnO nanoparticles using Xanthium indicum ethanolic leaf extract: Green nanosynthesis perspective towards photocatalytic and biological applications', 'Rapid detection and counting of bacteria using impact electrochemical impedance spectroscopy', 'Hybrid Oleic Acid‐Graphene Quantum Dot Vesicles for Drug Delivery', 'Conjugation of citrate capped gold nanoparticles with gabapentin to use as biosensor']"
245,Balaji VS Iyer,"Associate Professor, IIT Hyderabad","soft matter, multiscale simulations, biomimetics",502,https://scholar.google.com/citations?hl=en&user=EZ-hBTMAAAAJ,13.0,14.0,"['What is the size of a ring polymer in a ring-linear blend?', 'Modeling the response of dual cross-linked nanoparticle networks to mechanical deformation', 'Ductility, toughness and strain recovery in self-healing dual cross-linked nanoparticle networks studied by computer simulations', 'Modeling polymer grafted nanoparticle networks reinforced by high-strength chains', 'Hierarchies in eukaryotic genome organization: insights from polymer theory and simulations', 'Hierarchies in eukaryotic genome organization: insights from polymer theory and simulations', 'Strain recovery and self-healing in dual cross-linked nanoparticle networks', 'Strain recovery and self-healing in dual cross-linked nanoparticle networks', 'Flexible ring polymers in an obstacle environment: Molecular theory of linear viscoelasticity', 'Harnessing biomimetic catch bonds to create mechanically robust nanoparticle networks']"
246,Manish Singh,"Associate Professor of Computer Science, IIT Hyderabad","Databases, Data Mining, Text Mining, Social Network Analysis, Information Retrieval",502,https://scholar.google.com/citations?hl=en&user=I1jX5vgAAAAJ,13.0,15.0,"['Efficient Twitter sentiment classification using subjective distant supervision', 'Sentiment dynamics in social media news channels', 'Hashtag recommendation for short social media texts using word-embeddings and external knowledge', 'DBExplorer: Exploratory Search in Databases.', 'Skimmer: rapid scrolling of relational query results', 'Toward maximizing the visibility of content in social media brand pages: a temporal analysis', 'Aspect ontology based review exploration', 'SWST: A disk based index for sliding window spatio-temporal data', 'Efficient genomic selection using ensemble learning and ensemble feature reduction', 'Learnable spectral wavelets on dynamic graphs to capture global interactions']"
247,Hari Chandana Kuchibhotla,IIT Hyderabad,"Limited Supervision, Deep Learning, Visual Tracking",496,https://scholar.google.com/citations?hl=en&user=wpm6F1YAAAAJ,3.0,2.0,"['The eighth visual object tracking VOT2020 challenge results', 'Unseen classes at a later time? no problem', 'I-VITAL: Information aided visual tracking with adversarial learning', 'Efficient Vocabulary-Free Fine-Grained Visual Recognition in the Age of Multimodal LLMs', 'Semantic alignment for prompt-tuning in vision language models', 'Fine-grained visual recognition in the age of multimodal LLMs', 'Annotation-Free Class-Incremental Learning', 'Can Better Text Semantics in Prompt Tuning Improve VLM Generalization?', 'Transitioning Heads Conundrum: The Hidden Bottleneck in Long-Tailed Class-Incremental Learning']"
248,Vinayak Nayak,"Ph.D. Scholar, Indian Institute of Technology Hyderabad","Cancer Biology, Therapeutics, Molecular Biology, Nanotechnology",488,https://scholar.google.com/citations?hl=en&user=AG5qqHwAAAAJ,8.0,6.0,"['Catechin and curcumin interact with S protein of SARS-CoV2 and ACE2 of human cell membrane: insights from computational studies', 'An overview of remote monitoring methods in biodiversity conservation', 'Advancement in precision diagnosis and therapeutic for triple-negative breast cancer: Harnessing diagnostic potential of CRISPR-cas & engineered CAR T-cells mediated therapeutics', 'Foot-and-mouth disease virus serotype O exhibits phenomenal genetic lineage diversity in India during 2018–2022', ""Regulation of neuroinflammation in Alzheimer's disease via nanoparticle-loaded phytocompounds with anti-inflammatory and autophagy-inducing properties"", 'Understanding the molecular bridges between the drugs and immune cell', 'Catechin and Curcumin interact with corona (2019-nCoV/SARS-CoV2) viral S protein and ACE2 of human cell membrane: insights from Computational study and implication for intervention', 'Epitranscriptomic regulation of immunity: the role of m6A in shaping immune response dynamics', 'AR-V7 expression facilitates accelerated G2/M phase transition in castration-resistant prostate cancer', 'Clinical data investigation identifies MARK3 as an oncogenic driver in castration-resistant prostate cancer']"
249,Dr. Balraju Kammari,"Team Lead, Indian Institute of Technology Hyderabad","Organic synthesis, Crystal Engineering, Mechanical Properties, Polymorph Screening and Solid-state",478,https://scholar.google.com/citations?hl=en&user=kjOzEA4AAAAJ,11.0,12.0,"['Remarkably Distinct Mechanical Flexibility in Three Structurally Similar Semiconducting Organic Crystals Studied by Nanoindentation and Molecular Dynamics', 'Rationalizing Distinct Mechanical Properties of Three Polymorphs of a Drug Adduct by Nanoindentation and Energy Frameworks Analysis: Role of Slip Layer Topology and Weak\xa0…', 'Multidrug salt forms of norfloxacin with non-steroidal anti-inflammatory drugs: solubility and membrane permeability studies', 'Thermosalient Forms: Carryover of Thermosalient Behavior of Coformers from Single Component to Multicomponent Forms?', 'Novel Pharmaceutical Cocrystal of Apalutamide, a Nonsteroidal Antiandrogen Drug: Synthesis, Crystal Structure, Dissolution, Stress, and Excipient Compatibility', 'Brexpiprazole–catechol cocrystal: structure elucidation, excipient compatibility and stability', 'Mechanochemical synthesis of brexpiprazole cocrystals to improve its pharmaceutical attributes', 'Total synthesis of decytospolides A, B and a formal synthesis of Aspergillide A starting from D-mannitol via tandem/domino reactions by Grubb’s catalysts', 'Copper-catalyzed acyloxylation of the C(sp3)–H bond adjacent to an oxygen by a cross-dehydrogenative coupling approach', 'Synthesis of new chromeno-carbamodithioate derivatives and preliminary evaluation of their antioxidant activity and molecular docking studies']"
