Name,Affiliation,Interests,Cited By,Profile URL
Bipul Bhuyan,Indian Institute of Technology Guwahati,Particle Physics,98728.0,https://scholar.google.com/citations?hl=en&user=shLBfaQAAAAJ
Ajaikumar B Kunnumakkara,"Professor, Department of Biosciences and Bioengineering, Indian Institute of Technology …","Cancer Biology, Pharmacology, Molecular Biology, Chronic Diseases",63482.0,https://scholar.google.com/citations?hl=en&user=isPyuFYAAAAJ
amit srivastava,IIT GUWAHATI,"WORD COMBINATORICS, FORMAL LANGUAGE",26209.0,https://scholar.google.com/citations?hl=en&user=ELPfWZQAAAAJ
Prof. MK Purkait  (Dr. Mihir Kumar Purkait),"Department of Chemical Enginering, Indian Institute of Technology Guwahati","Environmental Engineering, Membrane Technology, Separation Science, Water and wastewater treatment",23686.0,https://scholar.google.com/citations?hl=en&user=9Z4kD-sAAAAJ
Abu T. Khan,"Department of Chemistry, Indian Institute of Technology Guwahati","Multicomponent reaction, Green Chemistry, Heterocylic synthesis, carbohydrate synthesis",17553.0,https://scholar.google.com/citations?hl=en&user=Po33NwoAAAAJ
BIMAN B. MANDAL,"Professor, Department of Biosciences and Bioengineering, IIT Guwahati","Regenerative Medicine, Biomaterials, 3D Organoids & On-Chip Models, Stem cells, Drug delivery",16344.0,https://scholar.google.com/citations?hl=en&user=L7hpHIcAAAAJ
VS Moholkar,"HAG Professor, Dept of Chemical Engineering, Indian Institute of Technology Guwahati","Cavitation-aided Processes, Biofuels (gaseous/liquid)",15877.0,https://scholar.google.com/citations?hl=en&user=qOl1YgEAAAAJ
Vaibhav Goud,"Department of Chemical Engineering, Indian Institute of Technology Guwahati",,15714.0,https://scholar.google.com/citations?hl=en&user=pjb8HBkAAAAJ
Kaustubha Mohanty,"Professor of Chemical Engineering, IIT Guwahati","Microalgae, Biofuels, Biological Wastewater Treatment, Biomass Pyrolysis, Membrane Technology",14356.0,https://scholar.google.com/citations?hl=en&user=QOFTgxAAAAAJ
Ajay Kalamdhad,"Professor, Department of Civil Engineering, Indian Institute of Technology Guwahati","Environmental Engineering, Solid waste management, Composting",13944.0,https://scholar.google.com/citations?hl=en&user=6ElkLskAAAAJ
Shyam Biswas,IIT Guwahati,Inorganic Chemistry,12564.0,https://scholar.google.com/citations?hl=en&user=I7U6Ox4AAAAJ
"Siddhartha  Sankar Ghosh,  Ghosh SS, SS Ghosh","Professor, Depart of Biosciences and Bioengineering, Indian Institute of Technology …","Gene Therapy, Cancer Biology, Nanobiology",12497.0,https://scholar.google.com/citations?hl=en&user=zJOfvfUAAAAJ
"Parameswar Krishnan Iyer; PK Iyer; Parameswar K Iyer; P Iyer; Iyer PK, Iyer Parameswar Krishnan, PKI","Department of Chemistry, Indian Institute of Technology Guwahati","Polymer, Material, Photovoltaic, Sensor, Spectroscopy",12335.0,https://scholar.google.com/citations?hl=en&user=Y2aowXAAAAAJ
Tharmalingam Punniyamurthy,"Department of Chemistry, Indian Institute of Technology Guwahati, Guwahati 781039",Organic synthesis,12034.0,https://scholar.google.com/citations?hl=en&user=alLhL0AAAAAJ
"Subhash C. Mishra, FNAE, FASME, FIE(I)","Professor, Department of Mechanical Engineering, IIT Guwahati","Heat Transfer - Radiation, Participating Medium, Porous Media Combustion, Heat Transfer through Insulation Systems, Atmospheric Radiation",11881.0,https://scholar.google.com/citations?hl=en&user=AhpalIwAAAAJ
Arun Chattopadhyay,"Department of Chemistry, Indian Institute of Technology Guwahati","Nanoscale Science, Assembly of Molecules",11381.0,https://scholar.google.com/citations?hl=en&user=Ym02t0UAAAAJ
Prof.  PK Giri,Indian institute of technology Guwahati,"Nanomaterials, Semiconductors, Graphene, 2D Materials, Optoelectronics",10356.0,https://scholar.google.com/citations?hl=en&user=UYRlnoUAAAAJ
Vimal Katiyar,"Professor, IIT Guwahati",,10081.0,https://scholar.google.com/citations?hl=en&user=hiSED3QAAAAJ
Bhisma K Patel,"Professor of Chemistry, Indian Institute of Technology Guwahati","CH activation, Catalysis, Hypervalent iodine, Green Chemistry, Heterocyclic Chemistry",9828.0,https://scholar.google.com/citations?hl=en&user=bIaYaeQAAAAJ
Ujjwal K. Saha,"Professor of Mechanical Engineering, Indian Institute of Technology Guwahati","Propulsion, Turbomachinery, Applied Aerodynamics, Wind Energy, Internal Combustion Engines",9645.0,https://scholar.google.com/citations?hl=en&user=KmcDxokAAAAJ
Sukumar Nandi,Professor Indian Institute of Technology Guwahati,"Computer Networks, Information Security",9311.0,https://scholar.google.com/citations?hl=en&user=ChtruacAAAAJ
Gopal Das,IIT Guwahati,"Supramolecular Chemistry, Chemical Biology, Water treatment",9093.0,https://scholar.google.com/citations?hl=en&user=GHi25EUAAAAJ
Utpal Bora,"Professor, Indian Institute of Technology Guwahati","Bioengineering, Environment",8956.0,https://scholar.google.com/citations?hl=en&user=3WHn3QMAAAAJ
Pinakeswar Mahanta,"Professor of Mechanical Engineering, IIT Guwahati","Heat Transfer, Renewable energy, Fluidized bed",8946.0,https://scholar.google.com/citations?hl=en&user=t0viKX4AAAAJ
Prof. Chandan Das,"Department of Chemical Engineering, IIT Guwahati","Wastewater treatment, membrane separation, bioremediation, Catalytic membrane reactor",8794.0,https://scholar.google.com/citations?hl=en&user=HB_fCMoAAAAJ
Sarangthem Joychandra Singh,IIT-Guwahati,"CH functionalization, Multicomponent reactions",8659.0,https://scholar.google.com/citations?hl=en&user=-sXM55QAAAAJ
Prabir Barooah,"Professor, Electronics and Electrical Engineering, Indian Institute of Technology Guwahati","distributed control, renewable energy integration, smart grid, energy efficiency",8171.0,https://scholar.google.com/citations?hl=en&user=f4P0dYsAAAAJ
richa sharma,INDIAN INSTITUTE OF TECHNOLOGY GUWAHATI,"membrane reactors, heterogeneous catalysis, gas separation, dense membranes",7994.0,https://scholar.google.com/citations?hl=en&user=npMjAGEAAAAJ
Jeevanantham Sathasivam,"Doctoral Research Fellow, Indian Institute of Technology Guwahati, Assam, India.","Wastewater Treatment, Emerging Contaminants, Biochar, Adsorption, Advanced Oxidation Processes",7921.0,https://scholar.google.com/citations?hl=en&user=zfhbiGQAAAAJ
Tamal Banerjee,"Professor of Chemical Engineering ,IIT Guwahati","Deep Eutectic Solvents, Hydrogels, Thermal Fluids, COSMO-RS, Reactive Force Field Simulations",7847.0,https://scholar.google.com/citations?hl=en&user=iSwkMbMAAAAJ
Dr. Lalit M Pandey,IIT Guwahati,"Bio-interfaces and Biomaterials, Protein's adsorption and aggregation, Environmental Biotechnology",7724.0,https://scholar.google.com/citations?hl=en&user=Y4qB9qUAAAAJ
Lingaraj Sahoo,"Professor of Biotechnology, Indian Institute of Technology Guwahati","Plant Functional Genomics, Crop Improvement",7706.0,https://scholar.google.com/citations?hl=en&user=elIBAo0AAAAJ
Ramagopal Uppaluri,IIT Guwahati,Chemical Engineering,7559.0,https://scholar.google.com/citations?hl=en&user=e64mz7sAAAAJ
Dr. Selvaraju Narayanasamy,"Associate Professor, Department of Biosciences & Bioengineering, IIT Guwahati","Biosorption, Bioremediation, Biological Wastewater Treatment, Air Pollution, Microfluidics",7178.0,https://scholar.google.com/citations?hl=en&user=cICz1ukAAAAJ
Dr. Dipesh kumar,"School of Energy Science and Engineering, Indian Institute of Technology Guwahati","Biomass and Bioenergy, Biomass Conversion, Environment and Development, Sustainability",7166.0,https://scholar.google.com/citations?hl=en&user=XBXWLQUAAAAJ
Rajiv Tiwari,"Department of Mechanical Engineering, Indian Institute of Technology Guwahati","Rotor dynamics, Active magnetic bearings, Automation in condition monitoring, Design of rolling element bearings for …",7014.0,https://scholar.google.com/citations?hl=en&user=6brtIN0AAAAJ
Pranab Goswami,Indian Institute of Technology Guwahati,"Biosensors, biocatalysis, enzyme, biofuel cell",6823.0,https://scholar.google.com/citations?hl=en&user=YV5TfOkAAAAJ
Bishnupada Mandal,"Professor, Department of Chemical Engineering, Indian Institute of Technology Guwahati","Mass transfer, Gas separation: membranes, Absorption, Adsorption, Fuel Cell",6688.0,https://scholar.google.com/citations?hl=en&user=2zTissgAAAAJ
Sachin Kumar,Indian Institute of Technology Guwahati,Virology and vaccine development,6651.0,https://scholar.google.com/citations?hl=en&user=Vxli3mMAAAAJ
Subhankar Ghosh,Indian Institute of Technology,"Computer Vision, Machine Learning, Artificial Intelligence",6636.0,https://scholar.google.com/citations?hl=en&user=eMvnl_4AAAAJ
Praveen Kumar,"Professor of Electronics and Electrical Engineering, IIT Guwahati","Electrical machinery, Electric Vehicles, Intelligent Transportation, Grid 2 Vehicle, Smart Grid",6548.0,https://scholar.google.com/citations?hl=en&user=fc3JOMkAAAAJ
Niranjan Sahoo,"Professor in Mechanical Engineering, IIT Guwahati","Aerodynamics, Gas Dynamics, IC Engines",6509.0,https://scholar.google.com/citations?hl=en&user=u1AGvJsAAAAJ
Santosha K  Dwivedy,INDIAN INSTITUTE OF TECHNOLOGY GUWAHATI,"vibration, robotics, biomechanics",6383.0,https://scholar.google.com/citations?hl=en&user=LNTnKtQAAAAJ
uday narayan maiti,Associate Professor IIT Guwahati,"2-dimensional materials, graphene, MoS2, WS2, Inorganic nanostructures",6082.0,https://scholar.google.com/citations?hl=en&user=9OrWTlcAAAAJ
Arup Kumar Sarma,"Professor of Civil Engineering, Indian Institute of Technology Guwahati","Modelling and Simulation in Free Surface …, Heuristic Method in Optimization, Watershed Management",5869.0,https://scholar.google.com/citations?hl=en&user=_dUoFfkAAAAJ
debasish borah,"Associate Professor, Department of Physics, Indian Institute of Technology Guwahati",High Energy Physics,5534.0,https://scholar.google.com/citations?hl=en&user=wkFh0SEAAAAJ
Sreedeep Sekharan,Indian Institute of Technology Guwahati,Geotechnical and Geoenvironmental …,5526.0,https://scholar.google.com/citations?hl=en&user=EZZIFm4AAAAJ
Amarendra Kumar Das,"Professor, Department of Design, IIT Guwahati","Product Design, Rapid Prototyping and Tooling/ 3D Printing, Facility Design, Transportation Design, Appropriate Technology",5511.0,https://scholar.google.com/citations?hl=en&user=hDyxuSUAAAAJ
Bibhas Ranjan Majhi,Indian Institute of Technology Guwahati,General theory of Relativity and Black holes,5488.0,https://scholar.google.com/citations?hl=en&user=17BpQ8UAAAAJ
MK Bhuyan,"Professor (HAG), Department of EEE & Professor, Data Science & Artificial Intelligence, IIT …","Machine Learning and Deep Learning, Artificial Intelligence, Computer Vision, Image/Video Processing",5215.0,https://scholar.google.com/citations?hl=en&user=o4yGgBQAAAAJ
Kalyan Raidongia,Indian Institute of Technology Guwahati,,5203.0,https://scholar.google.com/citations?hl=en&user=JlmilbMAAAAJ
Samarendra Dandapat,"Professor, IIT Guwahati",Biomedical Signal and Image Processing,5191.0,https://scholar.google.com/citations?hl=en&user=73vpIHcAAAAJ
Subhaditya Bhattacharya,"Professor of Physics, IIT Guwahati",Particle Physics theory and phenomenology,4955.0,https://scholar.google.com/citations?hl=en&user=40k2OYMAAAAJ
Pranab Kumar Mondal,"Associate Professor, Mechanical Engineering Department, IIT Guwahati","Microfluidics, Phytofluidics",4752.0,https://scholar.google.com/citations?hl=en&user=5iCALrwAAAAJ
Dr. Sagar Bhattarai,"Solar Scientist, Indian Institute of Technology, Guwahati, Assam","Solar Cells, DFT, Renewable Energy, Perovskite, Condensed Matter Physics",4615.0,https://scholar.google.com/citations?hl=en&user=1Y2FB0wAAAAJ
Dr Animes Kumar Golder,Department of Chemical Engineering • Indian Institute of Technology Guwahati,"Photocatalysis and nanoparticles, Sensor development, Electro-and bio-remediation, AOPs, Physiochemical treatments",4523.0,https://scholar.google.com/citations?hl=en&user=6VCZydkAAAAJ
"Uttam Manna, Professor","Chemistry Department and Centre for Nanotechnology, Indian Institute of Technology …","Materials for Functional Liquid Wettability, Liquid/Liquid Separation, Patterned Interfaces",4471.0,https://scholar.google.com/citations?hl=en&user=BFibZp8AAAAJ
Pavitra Singh,"School of Energy Science and Engineering, Indian Institute of Technology Guwahati","Fluidized Bed Technology, CFD, Thermo-Fluids, Particle Physics, Energy Science & Engineering",4410.0,https://scholar.google.com/citations?hl=en&user=YV5F5EIAAAAJ
Soumitra Nandi,Indian Institute of Technology Guwahati,High energy physics,4356.0,https://scholar.google.com/citations?hl=en&user=wHjKirIAAAAJ
Rashidul Islam,"Research Associate, Indian Institute of Technology Guwahati","High Energy Physics, Particle Physics",4344.0,https://scholar.google.com/citations?hl=en&user=6bEjyzkAAAAJ
Somanath Majhi,Indian Institute of Technology Guwahati,Control Systems,4324.0,https://scholar.google.com/citations?hl=en&user=Vf7gzRcAAAAJ
Dr. Pankaj Tiwari,"Professor, IIT Guwahati, India","Pyrolysis, Biofuels, Enhanced Oil Recovery",4306.0,https://scholar.google.com/citations?hl=en&user=uxlZwMIAAAAJ
Nanda Kishore,"Professor, Department of Chemical Engineering, IIT Guwahati","Biofuels, Bubbles/Drops/Particles, CFD, DFT, Non-Newtonian Fluids",4277.0,https://scholar.google.com/citations?hl=en&user=ZPQ8h9sAAAAJ
Perumal Alagarsamy,"Department of Physics, IIT Guwahati",Novel materials for magnetism and Energy …,4234.0,https://scholar.google.com/citations?hl=en&user=WE7EvdoAAAAJ
Dipankar Srimani,Indian Institute of Technology Guwahati,"Organic, Organometallic chemistry & Catalysis",4219.0,https://scholar.google.com/citations?hl=en&user=egjGUTgAAAAJ
A. Paul,Professor of Chemistry Indian Institute of Technology Guwahati,nanomaterials,4156.0,https://scholar.google.com/citations?hl=en&user=u2LicBYAAAAJ
Shyamanta Moni Hazarika,"Professor, Mechanical Engineering and MF School of Data Sc. & AI, IIT Guwahati, INDIA","Robotic Neurorehabilitation, Artificial Intelligence, Knowledge Representation and Reasoning",3977.0,https://scholar.google.com/citations?hl=en&user=XqCt3Y8AAAAJ
Lalit Goswami,"Researcher, IIT Guwahati, India","Biochemical Engineering, Environmental Engineering, Biomaterial, Resource Recovery, Ceramic Membrane",3893.0,https://scholar.google.com/citations?hl=en&user=VB0gKZwAAAAJ
Pallab Ghosh,"Professor of Chemical Engineering, Indian Institute of Technology Guwahati","Colloid and Interface Science, Mass Transfer, Water Purification, Reaction Engineering",3787.0,https://scholar.google.com/citations?hl=en&user=1NhLM7sAAAAJ
Prof. Subrata Kumar Majumder,"Department of Chemical Engineering, Indian Institute of Technology Guwahati","Multiphase flow, Process intensifications, Fluidization, Mineral Beneficiation, Energy",3771.0,https://scholar.google.com/citations?hl=en&user=QneBWMAAAAAJ
Venkata Dasu Veeranki,IIT Guwahati,Bioprocess Engineering,3757.0,https://scholar.google.com/citations?hl=en&user=KDGM_ugAAAAJ
Dr. Chivukula V. Sastri,"Department of Chemistry, Indian Institute of Technology Guwahati",Bioinorganic & Biomimetic,3750.0,https://scholar.google.com/citations?hl=en&user=jLu1y6sAAAAJ
Amaresh Dalal,"Professor of Department of Mechanical Engineering, Indian Institute of Technology …","Computational Fluid Dynamics and Heat …, Natural and Mixed Convection Flows, Electrochemical Energy Conversion and …",3732.0,https://scholar.google.com/citations?hl=en&user=dhgUamwAAAAJ
Dr. Pankaj Kalita,Indian Institute of Technology Guwahati,"CFB combustion and gasification, Biogas technology, Two-phase flow and heat transfer",3731.0,https://scholar.google.com/citations?hl=en&user=T8N8lbYAAAAJ
Manas Das,"Professor, IIT Guwahati","Nanofinishing, Micromachining, Micromanufacturing, Additive manufacturing",3723.0,https://scholar.google.com/citations?hl=en&user=G_CdCAEAAAAJ
Rajaram Swaminathan,"Professor of Biosciences and Bioengineering, Indian Institute of Technology Guwahati","Proteins, Spectroscopy, Biochemistry",3672.0,https://scholar.google.com/citations?hl=en&user=grSJPrsAAAAJ
Javadi Monisha,Indian Institute of Technology Guwahati,cancer biology,3659.0,https://scholar.google.com/citations?hl=en&user=XDfpXJEAAAAJ
A Srinivasan,"Department of Physics, Indian Institute of Technology Guwahati","magnetic materials, glasses and glass-ceramics, nanomaterials, metallic alloys and thin films",3561.0,https://scholar.google.com/citations?hl=en&user=UjWU0YwAAAAJ
Hemant B Kaushik,Indian Institute of Technology Guwahati,"Structural Engineering, Earthquake Engineering",3533.0,https://scholar.google.com/citations?hl=en&user=9A0-RrMAAAAJ
Debasish Das,"Professor, IIT Guwahati","Bioprocess Development, Biochemical Engineering, Systems Biology",3506.0,https://scholar.google.com/citations?hl=en&user=90WhEswAAAAJ
Dipankar Bandopadhyay,"Professor, IIT Guwahati","Instability-Thin Film-Soft Matter, Microfluidics-Microrheology, Sensors-Biomedical Devices, Liquid Crystals",3500.0,https://scholar.google.com/citations?hl=en&user=or43e_kAAAAJ
Prateek,"Assistant Professor, School of Energy Science and Engineering, IIT Guwahati, India","Materials, Polymers, Dielectrics, Batteries, Energy storage/harvesting",3490.0,https://scholar.google.com/citations?hl=en&user=SW-QG1oAAAAJ
Dr. Sanjib Ganguly,"Associate Professor, Department of Electronics and Electrical Engineering (EEE), IIT …","Power system, Soft Computing, Power electronics applications to power …",3453.0,https://scholar.google.com/citations?hl=en&user=pZ3wQxUAAAAJ
Sanjukta Patra,IIT Guwahati,"Enzyme and Microbial Technology, Diagnosis and therapeutics",3448.0,https://scholar.google.com/citations?hl=en&user=Gizuc5QAAAAJ
Sandip Paul,"Professor, IIT Guwahati",Computational Chemistry and Biophysics,3431.0,https://scholar.google.com/citations?hl=en&user=JBj2ossAAAAJ
Sudip Mitra,"Professor, School of Agro and Rural Technology, IIT Guwahati, Assam, India","Biofertilizer, biochar, greenhouse gas, soil quality, climate smart agriculture",3425.0,https://scholar.google.com/citations?hl=en&user=ByYRbmgAAAAJ
Konjengbam Darunkumar Singh,"Professor (HAG), Indian Institute of Technology Guwahati, FICE, FIE(India)","Fracture and Fatigue Mechanics, Steel Structures, Finite Element Method, Biomechanics, Seismic",3423.0,https://scholar.google.com/citations?hl=en&user=1TUkc20AAAAJ
"Dr.AS Achalkumar, FRSC, FICS","Professor, Department of Chemistry, IIT Guwahati","Liquid crystals, SAMs, lipid bilayers, organic chemistry, organic electronics",3404.0,https://scholar.google.com/citations?hl=en&user=sxzyt94AAAAJ
Senthilmurugan Subbiah,Professor of chemical Engineering IIT Guwahati,"Modeling and Optimization of Novel …, Process Design and Operation of Membrane …, Waste and waste wat",3375.0,https://scholar.google.com/citations?hl=en&user=UvXKUnIAAAAJ
Srinivasan Natesan,"Professor of Mathematics, Indian Institute of Technology Guwahati","Numerical Schemes for Singular Perturbation …, Computational Finance, Big Data Analytics",3288.0,https://scholar.google.com/citations?hl=en&user=WPdTWisAAAAJ
Rakhesh Singh Kshetrimayum,"Professor, Dept. of EEE, IIT Guwahati, Fellow, IET (UK)","Passive Microwave Devices, Spatial Modulation, MIMO Antennas, Machine Learning, Deep Learning",3218.0,https://scholar.google.com/citations?hl=en&user=RecJ8mAAAAAJ
Anil K Saikia,"Department of Chemistry, Indian Institute of Technology Guwahati",Organic Chemistry,3175.0,https://scholar.google.com/citations?hl=en&user=R_2IFrQAAAAJ
Mohammad Qureshi,Indian Institute of Technology Guwahati,Materials Chemistry,3092.0,https://scholar.google.com/citations?hl=en&user=LA-T5PEAAAAJ
Sukhomay Pal,"Professor of Mechanical Engineering Department, IIT Guwahati",Manufacturing,3046.0,https://scholar.google.com/citations?hl=en&user=3u2qgMcAAAAJ
Subhash Thota,"Professor, Department of Physics, Indian Institute of Technology Guwahati","Magnetic Nanostructures, Laser Ablation, Interlayer coupling in multilayers, Magneto-transport properties, Optical properties",2974.0,https://scholar.google.com/citations?hl=en&user=vOjBt04AAAAJ
Saswati Chakraborty,Professor Indian Institute of Technology Guwahati,"Water treatment, wastewater treatment",2940.0,https://scholar.google.com/citations?hl=en&user=2JHltn8AAAAJ
PS Robi,"Professor of Mechanical Engineering, Indian Institute of Technology Guwahati","materials, manufacturing, energy",2940.0,https://scholar.google.com/citations?hl=en&user=UV_TL4EAAAAJ
DEBABRATA CHAKRABORTY,"Professor, Mechanical Engineering, Indian Institute of Technology Guwahati","FRP Composites, Computational Structural Mechanics, Fracture",2938.0,https://scholar.google.com/citations?hl=en&user=xrvZPdwAAAAJ
Neha Gupta,IIT guwahati,"bio-energy, biofuel, butanol production, solid waste",2934.0,https://scholar.google.com/citations?hl=en&user=XriQtEIAAAAJ
Payal Mazumder,Indian Institute of Technology Guwahati,"Environmental microbiology, Bioremediation, Antibiotic resistance, Solid waste management",2932.0,https://scholar.google.com/citations?hl=en&user=p7eNP38AAAAJ
Dr. Debabrata Sikdar,"Associate Professor, EEE Dept., IIT Guwahati;","Plasmonics & Metamaterials, Tunable Nanoplasmonic Metadevices, Metamaterials for MRI",2923.0,https://scholar.google.com/citations?hl=en&user=KeSASjMAAAAJ
Swarup Bag,Professor of IIT Guwahati,"Welding and Joining, Finite Element Model, Additive Manufacturing, Solidification",2889.0,https://scholar.google.com/citations?hl=en&user=xMEW5_0AAAAJ
Rishi Maiti,"Assistant Professor, Department of Physics, IIT Guwahati","2D materials, Integrated photonics, Strainoptronics, Quantum photonics, Optical interconnects",2884.0,https://scholar.google.com/citations?hl=en&user=yQQ2ll0AAAAJ
Amarendra Kumar Sarma,Indian Institute of Technology Guwahati,"Nonlinear Optics, Solitons, Quantum Optics",2881.0,https://scholar.google.com/citations?hl=en&user=9ZmF5ZEAAAAJ
Subashisa Dutta,"professor of civil engineering, IIT Guwahati",water resources engineering,2869.0,https://scholar.google.com/citations?hl=en&user=HSRALWQAAAAJ
Roy Paily,"Professor, Electronics and Electrical Engineering and Centre for Nanotechnology, IIT …","Devices, MEMS, VLSI",2851.0,https://scholar.google.com/citations?hl=en&user=N_LOld0AAAAJ
Sanasam Ranbir Singh,"Professor of Computer Science and Engineering, IIT Guwahati","Information retrieval, Machine Learning, Data Mining",2819.0,https://scholar.google.com/citations?hl=en&user=Es12tcUAAAAJ
Chitralekha Mahanta,"Professor, Electronics and Electrical Engineering Department, IITGuwahati",Control System,2818.0,https://scholar.google.com/citations?hl=en&user=hWt8cjgAAAAJ
Ranjith Thangavel,"Indian Institute of Technology, Guwahati","energy storage, materials chemistry, synthesis, batteries, capacitors",2782.0,https://scholar.google.com/citations?hl=en&user=GhrcS7UAAAAJ
Nageswara Rao Peela,"Department of Chemical Engineering, IIT Guwahati",,2755.0,https://scholar.google.com/citations?hl=en&user=jmA_4DYAAAAJ
Budhaditya Hazra,"Associate Professor, Dept. of Civil Engineering, Indian Institute of Technology, Guwahati …","System Identification, Structural Dynamics, Blind Source Separation",2729.0,https://scholar.google.com/citations?hl=en&user=dvG8eUsAAAAJ
Chandan Kumar,"Associate Professor, Electronics and Electrical Engineering, IIT Guwahati, India","Power electronics, power system",2703.0,https://scholar.google.com/citations?hl=en&user=peHeMCkAAAAJ
prabin bora,"Professor, Indian Institute of Technology Guwahati","Signal and Image Processing, Computer Vision, Communications",2692.0,https://scholar.google.com/citations?hl=en&user=uYXWJnsAAAAJ
K Ravi,"Assistant Professor, Department of Civil Engineering, Indian Institute of Technology (IIT) …","Geotechnical engineering, Geo-environmental engineering, Unsaturated soil mechanics, Geo-energy systems, Bio-geotechnology",2680.0,https://scholar.google.com/citations?hl=en&user=SADBPoUAAAAJ
Shrikrishna Nandkishor Joshi,"Professor of Mechanical Engineering, Indian Institute of Technology Guwahati, Guwahati …","Advanced Manufacturing Processes, Manufacturing Automation, CAD CAM, Precision Machining, Mechatroni",2680.0,https://scholar.google.com/citations?hl=en&user=bxIpOVgAAAAJ
Amit Kumar,"Associate Professor of Chemical Engineering, Indian Institute of Technology Guwahati","Molecular Simulation, Polymers, Nanocomposites, Microporous and Mesoporous Materials, Gas Adsorption and Separation",2649.0,https://scholar.google.com/citations?hl=en&user=n8p6naAAAAAJ
Ashish Anand,"Professor of Computer Science, IIT Guwahati, India","NLP, Clinical Data Mining, Computational Biology, Machine Learning",2641.0,https://scholar.google.com/citations?hl=en&user=W7nidBQAAAAJ
Kalyanasis Sahu,IIT Guwahati,Physical Chemistry,2631.0,https://scholar.google.com/citations?hl=en&user=6Zlte4oAAAAJ
Karuna Kalita,Indian Institute of Technology Guwahati,,2628.0,https://scholar.google.com/citations?hl=en&user=wZ86jz8AAAAJ
Vinayak N. Kulkarni,"Professor, Department of Mechanical Engineering, IIT Guwahati, India","Compressible flows, Aerodynamics, CFD simulation, Thermodynamics",2616.0,https://scholar.google.com/citations?hl=en&user=1aM_sDUAAAAJ
Dr. Akhilesh Kumar Maurya,"Professor, Department of Civil Engineering, Indian Institute of Technology Guwahati","traffic flow modeling, driver bahviour, transportation engineering",2603.0,https://scholar.google.com/citations?hl=en&user=v7giXRIAAAAJ
Arindam Dey,"Associate Professor, IIT Guwahati","Geotechnical Earthquake Engineering, Foundation Engineering, Geophysical Investigation, Soil",2588.0,https://scholar.google.com/citations?hl=en&user=pASnlrcAAAAJ
Dipankar Mandal,"Assistant Professor, School of Agro and Rural Technology, Indian Institute of Technology …","Digital Agriculture, Crop Monitoring, Remote Sensing, Agro-geoinformatics, Polarimetric SAR",2521.0,https://scholar.google.com/citations?hl=en&user=TxXJE0YAAAAJ
"Dr. Saikat Bhaumik, MRSC","Assistant Professor, Department of Physics, Indian Institute of Technology (IIT) Guwahati …","Material Science, Perovskites, Photophysics, Optoelectronic devices, Sensors",2519.0,https://scholar.google.com/citations?hl=en&user=IF-dNC8AAAAJ
Dr. Krishna Pada Bhabak,"Indian Institute of Technology Guwahati, India","Small-molecule Antioxidants, Anti-cancer Compounds, Fluorogenic drug delivery, Sustained donors of Hydrogen sulfide",2463.0,https://scholar.google.com/citations?hl=en&user=07l2oOQAAAAJ
Sharad GOKHALE,"Civil Engineering Department, Indian Institute of Technology Guwahati","urban air quality, air pollution, traffic emission, source apportionment, human exposure",2452.0,https://scholar.google.com/citations?hl=en&user=uLja4h8AAAAJ
Subhas Chandra Pan,Indian Institute of Technology Guwahati,"Asymmetric Synthesis, Synthetic Methodology",2427.0,https://scholar.google.com/citations?hl=en&user=poffOnYAAAAJ
Parama Dey,Indian Institute of Technology Guwahati,"Cancer Biology, Nanobiotechnology, Drug delivery",2408.0,https://scholar.google.com/citations?hl=en&user=IOn3JywAAAAJ
Shaik Rafi Ahamed,Indian Institute of Technology Guwahati,VLSI and Signal Processing,2395.0,https://scholar.google.com/citations?hl=en&user=2cq-lysAAAAJ
Govinda Bol Shrestha,"Professor, Indian Institute of Technology, Guwahati, India",Electrical Engineering,2370.0,https://scholar.google.com/citations?hl=en&user=agV9_8UAAAAJ
G Krishnamoorthy,"Department of Chemistry, Indian Institute of Technology Guwahati, Guwahati 781039, India","Fluorescence, Spectroscopy",2368.0,https://scholar.google.com/citations?hl=en&user=_VHba4MAAAAJ
Dr. LN Sharma,Indian Institute of Technology Guwahati,Biomedical Signal Processing,2359.0,https://scholar.google.com/citations?hl=en&user=6fVnNiAAAAAJ
Santabrata Das,"Department of Physics, Indian Institute of Technology Guwahati",Astrophysics,2346.0,https://scholar.google.com/citations?hl=en&user=szNfXZQAAAAJ
Kanagaraj Subramani,IIT Guwahati,,2335.0,https://scholar.google.com/citations?hl=en&user=Cf-YQq4AAAAJ
Indu Siva Ranjani Gandhi,"Assistant Professor, IIT Guwahati",Civil Engineering,2334.0,https://scholar.google.com/citations?hl=en&user=kSjs92wAAAAJ
Sanjib Das,"EEE Department, IIT Guwahati","3D Animation Compression, Pattern Recognition, Remote Lab",2264.0,https://scholar.google.com/citations?hl=en&user=a7xkQQ0AAAAJ
D Pamu,"Department of Physics, IIT Guwahati, Guwahati",Material Science,2245.0,https://scholar.google.com/citations?hl=en&user=By0YvCYAAAAJ
Raghvendra Gupta,Indian Institute of Technology Guwahati (IITG),"multiphase flow, Taylor flow",2244.0,https://scholar.google.com/citations?hl=en&user=IXlKmiAAAAAJ
Manabendra Ray,"Professor in Chemistry, IIT Guwahati","Chiral recognition, Coordination chemistry, Application of amine polymer",2238.0,https://scholar.google.com/citations?hl=en&user=qOfBpO4AAAAJ
Dr. Bhubaneswar Mandal,"Professor, Department of Chemistry,  Indian Institute of Technology Guwahati","Peptide Chemistry, Organic Synthesis, Alzheimer's and other amyloid diseases",2235.0,https://scholar.google.com/citations?hl=en&user=mggv9xgAAAAJ
Debaprasad Maity,"Associate Professor, IIT Guwahati","High eneryg physics, Gravity, Cosmology",2177.0,https://scholar.google.com/citations?hl=en&user=5Cq6BwMAAAAJ
Dr. Debasis Manna,Indian Institute of Technology Guwahati,"Ion transport, Drug discovery and cancer immunotherapy",2122.0,https://scholar.google.com/citations?hl=en&user=mtZRl_cAAAAJ
Animesh Das,"IIT Guwahati, Guwahati, Assam, India",organometallic chemistry & Catalysis,2112.0,https://scholar.google.com/citations?hl=en&user=cC2qYiUAAAAJ
Prabirkumar Saha,Indian Institute of Technolgy Guwahati,,2103.0,https://scholar.google.com/citations?hl=en&user=VtgWODQAAAAJ
Poulose Poulose,IIT Guwahati,high energy physics phenomenology,2096.0,https://scholar.google.com/citations?hl=en&user=K9E0eCMAAAAJ
Mangala Hegde,"ICMR Research Scientist-II, IIT Guwahati, Assam","cancer biology, biochemistry, cell and molecular biology, immunology, chronic diseases",2058.0,https://scholar.google.com/citations?hl=en&user=kEQ1rLAAAAAJ
Alika Khare,"Professor, IIT Guwahati",Laser and Photonics,2039.0,https://scholar.google.com/citations?hl=en&user=k1a6S9IAAAAJ
Anil Kumar Mishra,"Department of Civil Engineering, Indian Institute of Technology, Guwahati","Swelling-Shrinkage behaviour of soil, Bentonite-chemical interaction",2013.0,https://scholar.google.com/citations?hl=en&user=awRJ8IMAAAAJ
Nachiketa Tripathi,"Indian Institute of Technology Guwahati, India","Organizational Behaviour, IO Psychology, Social Psychology",2010.0,https://scholar.google.com/citations?hl=en&user=tDShOQ8AAAAJ
Dr.Padmanabhan Padma Kumar,"Professor, Dept. of Physics, IIT Guwahati","Computer Simulation, Materials Science, Chemical Physics",1976.0,https://scholar.google.com/citations?hl=en&user=QzrDCi4AAAAJ
Parijat Bhowmick,Assistant Professor (Grade I) at the EEE Department at IIT Guwahati,"Robust Control, Negative-imaginary systems, Vibration Control of Mechatronic Systems, Passivity and Dissipativity, Cooperative C",1958.0,https://scholar.google.com/citations?hl=en&user=aVPGXg4AAAAJ
senthilkumar sivaprakasam,Indian Institute of Technology Guwahati,"Bioprocess engineering, Bioprocess analytical technology",1957.0,https://scholar.google.com/citations?hl=en&user=l69ukGYAAAAJ
Dipankar Narayan Basu,Indian Institute of Technology Guwahati,"Nuclear thermalhydraulics, Two-phase flow, Thermal engineering",1951.0,https://scholar.google.com/citations?hl=en&user=YTdrtRwAAAAJ
Ratnadwip Singha,"Department of Physics, Indian Institute of Technology Guwahati",Condensed Matter Physics,1942.0,https://scholar.google.com/citations?hl=en&user=RU6kxIsAAAAJ
R. Anandalakshmi,"Associate Professor, Department of Chemical Engineering, Indian Institute of Technology …","Computational Heat Transfer and Fluid Flow, Process Modeling and Simulation, Solar Thermal Energy Conversion, Energy Efficient",1927.0,https://scholar.google.com/citations?hl=en&user=T0z9jdsAAAAJ
R.Ganesh Narayanan,"Department of Mechanical Engineering, Indian Institute of Technology Guwahati",Material Forming and Joining,1921.0,https://scholar.google.com/citations?hl=en&user=u-IxKpwAAAAJ
Prof. Dr. Subhendu Sekhar Bag,"Department of Chemistry, Indian Institute of Technology Guwahati",Bioorganic and Medicinal Chemistry,1885.0,https://scholar.google.com/citations?hl=en&user=hJenHXgAAAAJ
Dr. Suraj  Prakash Tripathy,"Post-Doctoral Researcher, IIT Guwahati","MOF, Adsorption, Photocatalysis, Sensing",1877.0,https://scholar.google.com/citations?hl=en&user=2EYsQlMAAAAJ
Sisir Kumar Nayak,"Professor, IIT Guwahati","Renewable Power, High Voltage and Wireless Power Transfer",1874.0,https://scholar.google.com/citations?hl=en&user=dLTAVHAAAAAJ
"Rakhi Chaturvedi,R Chaturvedi",IIT Guwahati,"Plant Science, Plant biotechnology, Plant Tissue culture",1866.0,https://scholar.google.com/citations?hl=en&user=guOJxwIAAAAJ
Aviral Kumar,"Prime Minister's Research Fellow, Indian Institute of Technology Guwahati","Cancer Biology, Drug delivery, In-vivo models, Metastasis, Non-coding RNAs",1859.0,https://scholar.google.com/citations?hl=en&user=jq8-_0MAAAAJ
Pranab Kumar Ghosh,IIT Guwahati,,1850.0,https://scholar.google.com/citations?hl=en&user=w7BuznwAAAAJ
Rajib Kumar Bhattacharjya,"Professor, Department of Civil Engineering, IIT Guwahati","Groundwater Management, Saltwater Intrusion, Climate Change",1849.0,https://scholar.google.com/citations?hl=en&user=FCKLeO8AAAAJ
Ravindra,IIT Guwahati,Sensors,1827.0,https://scholar.google.com/citations?hl=en&user=AlohgdcAAAAJ
subhradip ghosh,"Department of Physics, Indian Institute of Technology Guwahati","Materials Science, Condensed Matter Physics, Electronic structure",1826.0,https://scholar.google.com/citations?hl=en&user=bjsOK6gAAAAJ
Mallikarjuna C,"Professor, Civil Engineering Department, IIT Guwahati",Traffic flow analysis and modeling,1818.0,https://scholar.google.com/citations?hl=en&user=Mi1evTQAAAAJ
Swaroop Nandan Bora,"Professor of Mathematics, Indian Institute of Technology Guwahati","Water waves, Sloshing, Porous media, River mechanics, fractional differential equations",1763.0,https://scholar.google.com/citations?hl=en&user=HT5yy28AAAAJ
Antara Dasgupta,"Principal Investigator, IIT Guwahati","Synthetic Organic, Bio-Organic, Supramolecular Chemistry, Naomaterials, Drug Delivery",1754.0,https://scholar.google.com/citations?hl=en&user=xApp_xcAAAAJ
Venkatesh Tamarapalli,"Professor of Computer Science, Indian Institute of Technology Guwahati",Computer Networks,1736.0,https://scholar.google.com/citations?hl=en&user=YkbVI7cAAAAJ
Jiten C Kalita,"Professor of Mathematics, Indian Institute of Technology Guwahati","Computational and Topological Fluid …, Numerical Methods for PDEs",1720.0,https://scholar.google.com/citations?hl=en&user=9CqMY60AAAAJ
Cota Navin Gupta,"Neural Engineering Lab, Dept of BSBE,Indian Institute of Technology Guwahati","Brain Computer Interfaces, Multivariate and Deep Learning, Parkinsons Disease, Aging, Neuroimaging",1690.0,https://scholar.google.com/citations?hl=en&user=31K9iDoAAAAJ
ratnajit bhattacharjee,"Professor, EEE Department IIT Guwahati","Wireless communication, Microwaves, Antennas, Electromagnetics",1633.0,https://scholar.google.com/citations?hl=en&user=MCD-HKQAAAAJ
Dr. Purushottam Gangsar,IIT GUWAHATI,"Vibration & Rotor Dynamics, Condition Monitoring & Fault Diagnosis of …, Artificial Intelligence, Data Science",1633.0,https://scholar.google.com/citations?hl=en&user=FPMqptwAAAAJ
Manmohan Pandey,"Professor of Mechanical Engineering, Indian Institute of Technology Guwahati","boiling heat transfer, two-phase flow, nuclear reactor thermal hydraulics",1623.0,https://scholar.google.com/citations?hl=en&user=m9HJknEAAAAJ
Arijit Sur,"Professor, Dept. of Computer Science and Engineering, Indian Institute of Technology …","Computer Vision, Machine Learning, Medical Imaging, Adaptive Video Streaming",1620.0,https://scholar.google.com/citations?hl=en&user=-klnWqYAAAAJ
Tapas K Mandal,IIT Guwahati,"Multiphase flow, Micro & nano Fludic, Nanotechnology, Quantum Technology",1616.0,https://scholar.google.com/citations?hl=en&user=gLUgZTkAAAAJ
Prof. Chandan K. Jana,"Professor of Chemistry, IIT Guwahati",Organic Chemistry,1609.0,https://scholar.google.com/citations?hl=en&user=uoOH57YAAAAJ
Sukanta Pati,"Department of Mathematics, Indian Institute of Technology Guwahati, India","Linear Algebra, Graph Theory, Spectral Graph Theory",1607.0,https://scholar.google.com/citations?hl=en&user=nQC03gQAAAAJ
Sushanta Karmakar,"Professor of Computer Science, IIT Guwahati",Distributued Algorithm,1607.0,https://scholar.google.com/citations?hl=en&user=OsTpMV8AAAAJ
Anugrah Singh,Indian Institute of Technology Guwahati,"Rheology of complex fluids, computational fluid dynamics, experimental fluid dynamics",1602.0,https://scholar.google.com/citations?hl=en&user=DG3z334AAAAJ
Santosh Kumar,Indian Institue of Technology Guwahati,"Artifical Intelligence, Network Security, Machine learning",1598.0,https://scholar.google.com/citations?hl=en&user=QOP-HZ8AAAAJ
Rajan Choudhary,"Professor at Department of Civil Engineering, IIT Guwahati","Pavement Analysis and Design, Highway Construction and Quality Control, Sustainable Technologies for",1598.0,https://scholar.google.com/citations?hl=en&user=45WxuzcAAAAJ
Poonam Kumari,"Professor at Mechanical Engineering, IIT Guwahati","composites, smart materials and structures",1594.0,https://scholar.google.com/citations?hl=en&user=9W6UR3YAAAAJ
Prof. Gaurav Trivedi,"Professor of Electronics and Electrical Engineering, IIT Guwahati","VLSI, HPC, Hardware Security, Computer Architecture, Semiconductors",1588.0,https://scholar.google.com/citations?hl=en&user=FYI_9IwAAAAJ
Siddhartha Narayan Borah,"Assistant Professor, Biotechnology, Royal Global University. Post-Doc (IIT Guwahati)","Microbial Surfactants, Microbial Biotechnology, Environmental microbiology, Plant Pathology",1583.0,https://scholar.google.com/citations?hl=en&user=P1L8_RcAAAAJ
Kalishankar Bhattacharyya,Assistant Professor @ IIT Guwahati,"Computational Chemistry, Electrocatalysis, Photocatalysis, Machine Learning",1547.0,https://scholar.google.com/citations?hl=en&user=DONQcl4AAAAJ
Anamika Barua,IIT Guwahati,Environment and Economics,1526.0,https://scholar.google.com/citations?hl=en&user=YByehLYAAAAJ
Farrukh Khalid,"Assistant Professor, Indian Institute of Technology, Guwahati","Thermochemical Cycles, LCA, Technoeconomic, Integrated Energy Systems, Hydrogen Production",1512.0,https://scholar.google.com/citations?hl=en&user=eHJAwuwAAAAJ
Abhishek Kumar,"Indian Institute of Technology, Guwahati","Earthquake, seismic hazard, ground motion simulation, liquefaction hazard, earthquake early warning",1512.0,https://scholar.google.com/citations?hl=en&user=RM65YgoAAAAJ
Samit Bhattacharya,Indian Institute of Technology Guwahati,"Computer Science and Engineering, Human computer interaction, Augmented Reality, Virtual Reality",1484.0,https://scholar.google.com/citations?hl=en&user=iG_SLV8AAAAJ
Yachee Gupta,Indian Institute of Technology Guwahati,"Deep Learning, Artificial Intelligence",1467.0,https://scholar.google.com/citations?hl=en&user=sQipWjYAAAAJ
Saurabh Basu,"Professor of Physics, IIT Guwahati",Theoretical Condensed Matter Physics,1451.0,https://scholar.google.com/citations?hl=en&user=hSEYVF8AAAAJ
Kula Kamal Senapati,"Scientific Officer, IITGuwahati, Former Scientist, Tocklai Tea Research Institute","Biochemistry, Nanochemistry, Catalysis",1439.0,https://scholar.google.com/citations?hl=en&user=27XMrNsAAAAJ
Pamu Dobbidi,Indian Institute of Technology Guwahati,"high-k and low loss ceramics and thin films, ferroelectric",1423.0,https://scholar.google.com/citations?hl=en&user=cubNh5kAAAAJ
Boeing Laishram,IIT Guwahati,"Public Private Partnerships, Construction Management, Project Finance, Infrastructure Planning and Management",1404.0,https://scholar.google.com/citations?hl=en&user=p567i2YAAAAJ
Ashok Kumar Dasmahapatra,"Department of Chemical ERngineering, Indian Insitute of Technology Guwahati","Complex fluids, polymer physics, biological physics, nanoscience, structure-property relationship.",1397.0,https://scholar.google.com/citations?hl=en&user=72uPoEgAAAAJ
Ravindranath Adda,Indian Institute of Technology Guwahati,Power Electronics and Applications,1371.0,https://scholar.google.com/citations?hl=en&user=Oas6qLMAAAAJ
Prateek Vij,Indian Institute of Technology Guwahati,"Sentic Computing, Natural Language Processing, Machine Learning",1370.0,https://scholar.google.com/citations?hl=en&user=Kqrmj9YAAAAJ
Adil Hussain Seh,Institute Post Doctoral Fellow IIT Guwahati,"Cybersecurity, Machine Learning",1351.0,https://scholar.google.com/citations?hl=en&user=-MnwfkwAAAAJ
Amit Shelke,Indian Institute of Technology Guwahati,Structural Health Monitoring,1344.0,https://scholar.google.com/citations?hl=en&user=VOAu1jcAAAAJ
Ruchika Gupta,IIT Guwahati,"Secured NoC Designs, NoC based TCMP, Location Privacy, Data Security, Location Based Services",1341.0,https://scholar.google.com/citations?hl=en&user=We3__eMAAAAJ
Sayan Chakrabarti,"Associate Professor of Physics, IIT Guwahati",General Relativity,1331.0,https://scholar.google.com/citations?hl=en&user=5BhI0UwAAAAJ
SV Rao,Indian Institute of Technology Guwahati,"Computational Geometry, Wireless sensor networks",1327.0,https://scholar.google.com/citations?hl=en&user=MG2yMyoAAAAJ
Pankaj Kumar Mishra,"Associate Professor, Department of Physics, IIT Guwahati, India","Bose-Einstein Condensates, Turbulent Convection, Quantum turbulence, non-equilibrium statistical",1324.0,https://scholar.google.com/citations?hl=en&user=mnupjlEAAAAJ
DC Dalal,Indian Institute of Technology Guwahati,"Fluid Mechanics, CFD, Bio mathematics, Multiscale",1317.0,https://scholar.google.com/citations?hl=en&user=iY2h59cAAAAJ
Prabu Vairakannu,IIT Guwahati,"Combustion, Gasification",1314.0,https://scholar.google.com/citations?hl=en&user=AHJCGaUAAAAJ
Ashwini Kumar Sharma,"Professor, Department of Physcis, IIT Guwahati","Plasma Physics, Pulsed Laser Ablation and Deposition, Laser Induced Breakdown Spectroscopy, Plasmonics",1311.0,https://scholar.google.com/citations?hl=en&user=H-kqeboAAAAJ
Binoy Krishna Hazra,"Assistant Professor, Dept. of Physics, IIT Guwahati","Magnetism, Spintronics, Quantum materials",1306.0,https://scholar.google.com/citations?hl=en&user=pGlHMnYAAAAJ
Jatindra Kumar Deka,"Professor, CSE Department, IIT Guwahati",,1298.0,https://scholar.google.com/citations?hl=en&user=yCTfZRwAAAAJ
Sougata Karmakar,"Department of Design, Indian Institute of Technology (IIT) Guwahati","Ergonomics, Human Factors, Occupational health and Safety",1298.0,https://scholar.google.com/citations?hl=en&user=r4R2dksAAAAJ
Tarak Nath Dey,Indian Institute of Technology Guwahati,Quantum Optics,1286.0,https://scholar.google.com/citations?hl=en&user=2eVXyC4AAAAJ
Rajkumar P. Thummer,"Assistant Professor, Indian Institute of Technology Guwahati, Guwahati, Assam, India","Stem Cell Biology, Cell Reprogramming, Epigenetics, Cancer, Ageing",1264.0,https://scholar.google.com/citations?hl=en&user=O0N3ArYAAAAJ
Vibhav Bharadwaj,"Assistant Professor, Deptartment of Physics, Indian Institute of Technology (IIT) Guwahati","Femtosecond laser micromachining, Diamond quantum photonics, Ion implantation, Quantum Optics",1254.0,https://scholar.google.com/citations?hl=en&user=N6cl7a4AAAAJ
SIL Arunansu,"Faculty at Department of Physics, IIT Guwahati","High Energy Physics, Cosmology",1246.0,https://scholar.google.com/citations?hl=en&user=3HGfO_8AAAAJ
Sachin Singh Gautam,"Department of Mechanical Engineering, IIT Guwahati, Guwahati, Assam India","Computational Mechanics, Isogeometric Analysis, Contact, Fatigue, Machine Learning",1230.0,https://scholar.google.com/citations?hl=en&user=rW3-iDMAAAAJ
DR Nilufa Khatun,"Indian Institute of Technology Guwahati, Harimohan Ghose College Kolkata","CH activation, heterocycles synthesis, visible light mediated synthesis, Green Chemistry",1226.0,https://scholar.google.com/citations?hl=en&user=5oI_rnAAAAAJ
Prof. Pradip K. Das,IIT Guwahati,"Speech Processing, Pattern Recognition",1222.0,https://scholar.google.com/citations?hl=en&user=uR1apqsAAAAJ
Bosanta R. Boruah,"Professor of Physics, IIT Guwahati","Diffractive optics, Optical microscopy, High NA focusing",1188.0,https://scholar.google.com/citations?hl=en&user=3oCO7HYAAAAJ
Rishikesh Bharti,Indian Institute of Technology Guwahati,"Geoinformatics, Snow/Glaciers, Cryosphere, Glaciology, Natural Hazards",1187.0,https://scholar.google.com/citations?hl=en&user=_HClKrEAAAAJ
Dr. Abhijit Kakati,"Assistant Professor, Chemical Engineering, IIT Guwahati","EOR, Rock-fluid Interaction, Demulsification, Flow Assurance, Advance Materials",1167.0,https://scholar.google.com/citations?hl=en&user=TOpF3JIAAAAJ
Dilwar Hussain,Indian Institute of Technology Guwahati,"Positive Psychology, Psychology of Trauma",1165.0,https://scholar.google.com/citations?hl=en&user=1abktYAAAAAJ
Arupjyoti Saikia,Indian Institute of Technology Guwahati,"Envrionmental History & Political History of …, Environmental History of Brahmaputra, Forests and Ecological History",1161.0,https://scholar.google.com/citations?hl=en&user=yRXBn_sAAAAJ
Dr. Th Babita Devi,Postdoctoral Researcher at  Indian Institute of Technology Guwahati,"Nanomaterial, catalyst, adsorption, cancer-biology",1160.0,https://scholar.google.com/citations?hl=en&user=iNheke4AAAAJ
Dr. Lal Mohan Kundu,"Professor, Department of Chemistry, IIT Guwahati, India","Organic synthesis, DNA chemistry, Peptide synthesis, Drug delivery",1151.0,https://scholar.google.com/citations?hl=en&user=tzLi0psAAAAJ
Dr. Batakrushna Santara,Indian Institute of Technology Guwahati,"Condensed matter physics, Nanomaterials, Semiconductor nanostructures",1149.0,https://scholar.google.com/citations?hl=en&user=1uCbCC4AAAAJ
Uzini Devi Daimary,"Prime Minister's Research Fellow, Indian Institute of Technology, Guwahati",Cancer Biology,1134.0,https://scholar.google.com/citations?hl=en&user=MpHLLnEAAAAJ
Shivashankar B Nair,"Professor, Dept. of Computer Science & Engg., Indian Institute of Technology Guwahati","Robotics, Mobile Agents, Cyber Physical Systems, Bio-inspired AI",1129.0,https://scholar.google.com/citations?hl=en&user=wfeT0bYAAAAJ
Samudrajit Thapa,"Assistant Professor, Department of Physics, Indian Institute of Technology Guwahati","statistical physics, soft matter, biophysics, stochastic processes, anomalous diffusion",1129.0,https://scholar.google.com/citations?hl=en&user=-vPDESsAAAAJ
Tingirikari Jagan Mohan Rao,Indian Institute of Technology Guwahati,"Biopolymers, Probiotics, Prebiotics oligosaccharides, Development of health drinks, In vitro Gut Model",1112.0,https://scholar.google.com/citations?hl=en&user=DddLD-YAAAAJ
Anil Kumar Vardhaman,Indian Institute of Technology Guwahati,"Inorganic, Bio-inorganic, and Material Chemistry",1108.0,https://scholar.google.com/citations?hl=en&user=nG51E_4AAAAJ
Suman Pal,"Department of Chemistry, IIT Guwahati, India","Multicomponent reaction, cross coupling, CH activation",1100.0,https://scholar.google.com/citations?hl=en&user=G4aH8v4AAAAJ
Aditya N. Panda,Indian Institute of Technology Guwahati,Computational Chemistry,1066.0,https://scholar.google.com/citations?hl=en&user=afP23goAAAAJ
Saket Verma,"Assistant Professor, School of Energy Science and Engineering, IIT Guwahati","Hydrogen energy, Thermal management, Energy storage, Unconventional engines, Exergy",1056.0,https://scholar.google.com/citations?hl=en&user=-oH4jsUAAAAJ
Sachin Kumar,"EEE Department, IIT Guwahati","Reconfigurable Intelligent Surface, Metasurface, Antennas, Arrays",1040.0,https://scholar.google.com/citations?hl=en&user=-iYaYPYAAAAJ
Dr. Hrishikesh  Sharma,"Associate Professor, Indian Institute of Technology Guwahati",Structural Engineering,1033.0,https://scholar.google.com/citations?hl=en&user=2aNQqpgAAAAJ
Manish Kumar,"Professor, Department of Biosciences and Bioengineering, IIT Guwahati",Infectious Diseases,1024.0,https://scholar.google.com/citations?hl=en&user=JskOkx4AAAAJ
Kuntal Deka,IIT Guwahati,"Error Correcting Codes, Communication",1023.0,https://scholar.google.com/citations?hl=en&user=_9DK_TwAAAAJ
jay prakash,Resear Associate in IIT Guwahati,molecular biology and Biochemistry,1015.0,https://scholar.google.com/citations?hl=en&user=1c0ioSkAAAAJ
Partho Sarathi Gooh Pattader,"Associate Professor, IITG","Interface Science, Tribology, Thin films, Micro-patterning of polymer, Stochastic dynamics",1012.0,https://scholar.google.com/citations?hl=en&user=8NtxqY4AAAAJ
Arunasis Chakraborty,Indian Institute of Technology Guwahati,"System Identification, Health Monitoring, Vibration Control, Reliability Analysis",1000.0,https://scholar.google.com/citations?hl=en&user=upzjw90AAAAJ
Debanga Raj Neog,"Assistant Professor, IITG, MF School of Data Science and AI","Computer vision, Deep Learning",998.0,https://scholar.google.com/citations?hl=en&user=a7LQA8cAAAAJ
Chandan Karfa,Indian Institute of Technology Guwahati,"EDA, ML for EDA, Formal Verification, High-level Synthesis, Hardware Security",997.0,https://scholar.google.com/citations?hl=en&user=pp-UnuoAAAAJ
Pukhraj Prajapat,Indian Institute of Technology Guwahati,"Material science, Optoelectronics, 2D materials, Neuromorphic",995.0,https://scholar.google.com/citations?hl=en&user=HjssvfYAAAAJ
Priyankoo Sarmah,"Professor, IIT Guwahati","Phonetics, Phonology, Tone Languages, Tibeto-Burman Languages, Language Technology Development",988.0,https://scholar.google.com/citations?hl=en&user=Xe0wJrAAAAAJ
Tadikonda Venkata Bharat,"Professor, Indian Institute of Technology Guwahati","Landslides, Waste Containment Facilities, Geonaturals & Geosynthetics, Ancient Indian Architecture",986.0,https://scholar.google.com/citations?hl=en&user=84PjbfYAAAAJ
Dr. Pushpendra Singh,"Research Associate, IIT Guwahati","Solar Energy, Solar dryer, Solar thermal systems, Heat & Mass Transfer, Thermal Assessment",978.0,https://scholar.google.com/citations?hl=en&user=MnpJakoAAAAJ
John Jose,"Associate Professor, Department of Computer Science & Engineering, IIT Guwahati",Computer Architecture,973.0,https://scholar.google.com/citations?hl=en&user=Zp4X1NsAAAAJ
V Manivannan,Indian institute of Technology Guwahati,,964.0,https://scholar.google.com/citations?hl=en&user=Xaa-OcEAAAAJ
Rashmi Dutta Baruah,"Assistant Professor, Department of Computer Science & Engineering, IIT Guwahati","Evolving Intelligent Systems, Computational Intelligence, Learning from Data Streams, Online Machine Learning methods",943.0,https://scholar.google.com/citations?hl=en&user=pSiO0xoAAAAJ
Debjit Ghoshal,"Department of Chemical Engineering, Indian Institute of Technology Guwahati","2D materials, CVD growth, Epitaxial Thin Films, MoS2 thin films, TMDCs",932.0,https://scholar.google.com/citations?hl=en&user=reFCp7AAAAAJ
Anil Limaye,"Department of Biosciences and Bioengineering, Indian Institute of Technology Guwahati","hormonal regulation of gene expression, cancer biology, estrogen receptor modulators from natural …",925.0,https://scholar.google.com/citations?hl=en&user=9dpdzWEAAAAJ
Pradeep Yammiyavar,Professor Emeritus IIT Guwahati  &  Visiting Professor IIT Dharwad,"DESIGN, Human-Computer Interaction, User Experience, Design Management, Built Environment",920.0,https://scholar.google.com/citations?hl=en&user=kHrW1r4AAAAJ
Sreeja Pekkat,"Associate Professor, Indian Institute of Technology Guwahati","Urban Flooding, Infiltration Process",909.0,https://scholar.google.com/citations?hl=en&user=GX0n-HcAAAAJ
Hemangee K Kapoor,Indian Institute of Technology Guwahati,,909.0,https://scholar.google.com/citations?hl=en&user=9TsaEbMAAAAJ
satyajit panda,"Indian Institute of Technology Guwahati, Indian Institute of Technology Kharagpur","composites, smart materials and structures, nonlinear vibration",909.0,https://scholar.google.com/citations?hl=en&user=pdtd_LcAAAAJ
Ujendra Kumar Komal,"Assistant Professor, Indian Institute of Technology Guwahati","Additive Manufacturing of Composites, Composite Materials, Processing of Polymer Composites, Degradation Behavior of Polymer Com",901.0,https://scholar.google.com/citations?hl=en&user=rbLvqwcAAAAJ
Praveen Tripathy,"Associate Professor, Dept. of EEE, IIT Guwahati",Power Systems,896.0,https://scholar.google.com/citations?hl=en&user=KUErfCgAAAAJ
Malleswararao Tangi,IIT Guwahati | Physics Dept.,"Molecular Beam Epitaxy, Quantum Materials, Spintronics, Optoelectronics",891.0,https://scholar.google.com/citations?hl=en&user=SBpts_EAAAAJ
Dr. Lepakshi Barbora,"Senior Technical Officer, School of Energy Science and Engineering, IIT Guwahati","Anaerobic digestion, bioremediation, biological fuel cell",888.0,https://scholar.google.com/citations?hl=en&user=rM_XIKAAAAAJ
Arun Tej Mallajosyula,"Department of Electronics and Electrical Engineering, Indian Institute of Technology …",Semiconductor Devices,886.0,https://scholar.google.com/citations?hl=en&user=LqnkxZkAAAAJ
Amit Awekar,Indian Institute of Technology Guwahati,"Data mining, Natural Language Processing",882.0,https://scholar.google.com/citations?hl=en&user=xl5njIIAAAAJ
Kanhaiya Pandey,Associate Professor Indian Institute of Technology Guwahati,Atomic physics,879.0,https://scholar.google.com/citations?hl=en&user=1rf3e3cAAAAJ
Manabendra Sarma,"Professor, Department of Chemistry, IIT Guwahati","Electronic Structure Theory, Quantum Molecular Dynamics, Sensors, Computational Materials",878.0,https://scholar.google.com/citations?hl=en&user=xE0wH0AAAAAJ
Shamima Begum,SERB- National Post Doctoral Fellow at Indian Institute of Technology Guwahati,material science,877.0,https://scholar.google.com/citations?hl=en&user=J-uwy6YAAAAJ
Dr. Butunath Majhy,Indian Institute of Technology Guwahati,"Microfluidics, Engineered Surfaces, Interfacial science, Disease analysis, Healthy water",873.0,https://scholar.google.com/citations?hl=en&user=YFb12mYAAAAJ
Rajen Kumar Sinha,"Department of Mathematics, IIT Guwahati",Numerical Analysis (Finite Element Methods),872.0,https://scholar.google.com/citations?hl=en&user=8TQwsjsAAAAJ
pavan kumar kancharla,Indian Institute of Technology Guwahati,Carbohydrate Chemistry,867.0,https://scholar.google.com/citations?hl=en&user=maKVMb8AAAAJ
Archana M  Nair,"Associate Professor, IIT Guwahati",Geosciences,852.0,https://scholar.google.com/citations?hl=en&user=gs2QFRoAAAAJ
Moumita Chandra,IIT Guwahati,"Photocatalysis, Electrocatalysis, Photoelectrocatalysis, Water splitting.",850.0,https://scholar.google.com/citations?hl=en&user=XisEK04AAAAJ
Dr. Manas Khatua,"Associate Professor, IIT Guwahati","IoT, WSN, Network Security, ML/DL in IoT, Smart Grid",849.0,https://scholar.google.com/citations?hl=en&user=TQshktIAAAAJ
Pinaki Mitra,"Associate Professor of Computer Science and Engineering, IIT Guwahati","Computational Geometry, Cryptography, Pattern Recognition",846.0,https://scholar.google.com/citations?hl=en&user=6PUbXVsAAAAJ
Tariq A. Shah,"SERB-National Postdoc at IIT Guwahati. Postdoc Khalifa Univ, NET, GATE, BSR Fellow JRF …",Assistant Professor Chemistry,835.0,https://scholar.google.com/citations?hl=en&user=Fj2CMWkAAAAJ
Shankar Prasad Kanaujia,"Professor, Department of Biosciences and Bioengineering, Indian Institute of Technology","Structural Biology, Protein Translation, Antibiotic Resistance, Computational Biology",822.0,https://scholar.google.com/citations?hl=en&user=Zt4JSNYAAAAJ
Prithwijit Guha,"Associate Professor, Dept. of Electronics & Electrical Engg., IIT Guwahati","Computer Vision, Machine Learning, Signal Processing, Robotics",819.0,https://scholar.google.com/citations?hl=en&user=sEltKKoAAAAJ
Suresh Sundaram,"Associate Professor, Indian Institute of Technology, Guwahati","Pattern recognition, image processing",812.0,https://scholar.google.com/citations?hl=en&user=XkrZYXsAAAAJ
Prasenjit Barman,IIT Guwahati,Chemistry,793.0,https://scholar.google.com/citations?hl=en&user=O3VelKMAAAAJ
SK Kakoty,IIT Guwahati,"Tribology of Bearings, Duct Acoustics, Rotor Bearing Systems",788.0,https://scholar.google.com/citations?hl=en&user=fA_hab4AAAAJ
Anupam Khatua,"Post Doctoral Fellow, Department of Mathematics, Indian Institute of Technology Guwahati","Mathematical Epidemiology, Mathematical Ecology, Disease Dynamics, Control Theory",784.0,https://scholar.google.com/citations?hl=en&user=BvgmsNIAAAAJ
Rishikesh Dilip Kulkarni,Indian Institute of Technology Guwahati (IITG),"Optical metrology, Digital holography, Speckle interferometry, Speckle Imaging, Digital optical signal processing",783.0,https://scholar.google.com/citations?hl=en&user=LXXMasUAAAAJ
Diganta Goswami,"Professor of Computer Science and Engineering, IIT Guwahati","Distributed Systems, Software Engineering, Program Slicing",772.0,https://scholar.google.com/citations?hl=en&user=YNHHh-0AAAAJ
Amit Sharma,Indian Institute of Technology Guwahati,"Cancer biology, Stem cells, Leukemia, AML, Molecular biology",753.0,https://scholar.google.com/citations?hl=en&user=jJScqTAAAAAJ
Pradeep Sadhu,Indian Institute of Technology Guwahati,"Synthetic Organic Chemistry, Asymmetric Synthesis, CH functionalization",740.0,https://scholar.google.com/citations?hl=en&user=1f-EKyYAAAAJ
Sukanta Bhattacharjee,"Dept. of CSE, IIT Guwahati","Electronic Design Automation, Microfluidic Design Automation, Machine Learning",721.0,https://scholar.google.com/citations?hl=en&user=PQkk6roAAAAJ
Ribhu,"Assistant Professor at Department of Electronics and Electrical Engineering, IIT Guwahati","Signal Processing, Wireless Communications",718.0,https://scholar.google.com/citations?hl=en&user=vw_oNMAAAAAJ
Debdas Dhabal,"Assistant Professor, Department of Chemistry, Indian Institute of Technology Guwahati","Microporous Materials, Macromolecular Solvation, FF Development Supercooled Liquids, Enhanced",717.0,https://scholar.google.com/citations?hl=en&user=mfKKIOYAAAAJ
Kusum Kumari Singh,Indian Institute of Technology Guwahati,RNA-Binding Proteins,714.0,https://scholar.google.com/citations?hl=en&user=wpyvAWQAAAAJ
Kuldeep Kumar,"Assistant Professor, Indian Institute of Technology Guwahati","Smart grids, Model Predictive Control, Power Management System, Power Converters, Fuel Cell",714.0,https://scholar.google.com/citations?hl=en&user=kqAU7cYAAAAJ
Siddhartha Pratim Chakrabarty,Indian Institute of Technology Guwahati,"Mathematical Biology, Mathematical Finance",713.0,https://scholar.google.com/citations?hl=en&user=aBIWxbEAAAAJ
Omkar Deshmukh,"Assistant Professor, Indian Institute of Technology Guwahati","Food Oral Processing, Rheology, Colloids, Polymer Physics, Soft Condensed Matter",713.0,https://scholar.google.com/citations?hl=en&user=fu0fKIcAAAAJ
Ajay Singh,Assistant Professor at Indian Institute of Technology Guwahati,"Photovoltaics, Semiconductor Optoelectronics, Nanophotonics, Drift-diffusion, Laser Systems",710.0,https://scholar.google.com/citations?hl=en&user=txv_F64AAAAJ
Satyajit Pramanik,"Assistant Professor, Indian Institute of Technology Guwahati","Applied mathematics, Mathematical modeling, Fluid mechanics",704.0,https://scholar.google.com/citations?hl=en&user=8tPuUEwAAAAJ
Priyadarshi  Satpati,IIT Guwahati,Molecular simulation,697.0,https://scholar.google.com/citations?hl=en&user=aECvJAgAAAAJ
Dr. Anirban Dasgupta,"Assistant Professor, Dept. of Electronics and Electrical Engineering, IIT Guwahati","Signal and Image Processing, Machine Learning, Computer Vision, Embedded Systems",696.0,https://scholar.google.com/citations?hl=en&user=jDcw2nMAAAAJ
Rupam Barman,"Professor of Mathematics, Indian Institute of Technology Guwahati",Number Theory,685.0,https://scholar.google.com/citations?hl=en&user=5uhjLmoAAAAJ
Shabari Nath,Indian Institute of Technology Guwahati,Power Electronics,683.0,https://scholar.google.com/citations?hl=en&user=WnGMeCIAAAAJ
Juhi Dutta,Postdoctoral Researcher at IIT Guwahati,"Noncovalent interactions, computational chemistry, spectroscopy",683.0,https://scholar.google.com/citations?hl=en&user=QFaOetsAAAAJ
Chethana Mudenur,"Department of Chemical Engineering, IIT Guwahati","Industrial Biotechnology, Biopolymers, Small organic molecules, Microbial secondary metabolites",682.0,https://scholar.google.com/citations?hl=en&user=CwTCeVMAAAAJ
Partha Sarathi Mandal,"Professor of Computer Science, Indian Institute of Technology Guwahati, India.","Mobile Robots, Fault Tolerance, Distributed Algorithms, Algorithmic aspects of WSNs",672.0,https://scholar.google.com/citations?hl=en&user=IYpR6WkAAAAJ
Rafikul Alam,Indian Institute of Technology Guwahati,Linear and Numerical Linear Algebra,671.0,https://scholar.google.com/citations?hl=en&user=MBIrz90AAAAJ
Dr. Deepmoni Deka,"Senior Technical Officer, Centre for the Environment, IIT Guwahati","Biofuels, enzymology, resource recovery, wastewater treatment, nanocomposite hydrogel",653.0,https://scholar.google.com/citations?hl=en&user=VWIZV54AAAAJ
kapish gupta,IIT Guwahati,"Enzyme immobilisation, Tubulogenesis, Cholestasis, Drug Delivery, Biliary Atresia",648.0,https://scholar.google.com/citations?hl=en&user=0lZwRaAAAAAJ
Sparsh Johari,Assistant Professor at Indian Institute of Technology Guwahati,"Construction management, workers' skill training, productivity, quality, and safety in construction",642.0,https://scholar.google.com/citations?hl=en&user=xWoLiBwAAAAJ
Ashok Sairam,"Professor, Indian Institute of Technology Guwahati","Computer Networks, Network Security",635.0,https://scholar.google.com/citations?hl=en&user=oDcr8MIAAAAJ
Bhupen Deka,Indian Institute of Technology Guwahati,Numerical Analysis,631.0,https://scholar.google.com/citations?hl=en&user=4WwcwCoAAAAJ
Siddhartha Singha,"Indian Institute of Technology Guwahati, India",,621.0,https://scholar.google.com/citations?hl=en&user=z47VFb8AAAAJ
Nitin Chaudhary,Indian Institute of Technology Guwahati,"Peptide Chemistry, Peptide-membrane interaction",621.0,https://scholar.google.com/citations?hl=en&user=cLIxGL0AAAAJ
DOLAGOBINDA PADHAN,"Indian Institute of Technology, Guwahati",Control and power systems,620.0,https://scholar.google.com/citations?hl=en&user=2Fx80EUAAAAJ
Dr. Pagidi Madhukar,"Post Doctoral Fellow, Indian Institute of Technology Guwahati","MMCs, Advanced materials, Plant extracts, Biomaterials, Antibacterial",616.0,https://scholar.google.com/citations?hl=en&user=lMdlxZ8AAAAJ
AAMIR HAMID DAR,Institute Postdoc Fellow at Indian Institute of Technology Guwahati,"Harmonic  Analysis, Wavelet Analysis, Time-frequency Analysis, Signal Processing, Machine Learning",612.0,https://scholar.google.com/citations?hl=en&user=M1pqD90AAAAJ
Bandari BharathwajChetty,"Prime Minister's Research Fellow, IIT Guwahati","Molecular Oncology, Oncomics, Transcriptomics",611.0,https://scholar.google.com/citations?hl=en&user=7LMuANUAAAAJ
Shivashankar B. Nair,"Dept. of Computer Science & Engineering, Indian Institute of Technology Guwahati","Nature-inspired AI & Robotics, Artificial Immune Systems, Mobile Agents, Evolutionary Algorithms, Artificial Neural Networks",610.0,https://scholar.google.com/citations?hl=en&user=e0vLoloAAAAJ
Sourav Maity,"Postdoctoral Researcher, Indian Institute of Technology Guwahati","Hydrochemistry, Heavy metals Emerging Contaminants, Wastewater treatment, Bioremediation, Biosensor",607.0,https://scholar.google.com/citations?hl=en&user=7ZdWSoMAAAAJ
Salil Kashyap,Indian Institute of Technology Guwahati (IITG),"Wireless Communications, Cell free & Co-located mMIMO, IRS, Wireless Energy Transfer, Underlay Spectrum Access",606.0,https://scholar.google.com/citations?hl=en&user=NiYie-YAAAAJ
Kalyan Ghosh,"Prime Minister's Research Fellow (PMRF), IIT Guwahati","Structural and computational biology, Molecular Dynamics simulation",602.0,https://scholar.google.com/citations?hl=en&user=OqsIunIAAAAJ
Kannan Karthik,"Associate Professor, IIT Guwahati, Assam, India","Multimedia Security, Privacy preserving image retrieval, Non-perfect secret sharing schemes, Biometric hashing, Digital fingerprinting",601.0,https://scholar.google.com/citations?hl=en&user=Nu1RUfUAAAAJ
Rashmita Devi,IIT guwahati,"Nanomaterials, Biosensing, Electrochemistry, Fluorescence, Material Science",600.0,https://scholar.google.com/citations?hl=en&user=rY-NTMQAAAAJ
Harsh Chaturvedi,IIT Guwahati,"Energy, Emerging Technologies, Education",589.0,https://scholar.google.com/citations?hl=en&user=I89hDcEAAAAJ
Dhruba Jyoti Bordoloi,"Indian Institute of Technology Guwahati, Assam, India","Vibrations, Machinery condition monitoring",586.0,https://scholar.google.com/citations?hl=en&user=hN-lKuAAAAAJ
B Anand,Indian Institute of Technology Guwahati,"CRISPR Biology, Ribosome Biogenesis",584.0,https://scholar.google.com/citations?hl=en&user=SqL4-2MAAAAJ
Sahu Henamayee,"Junior Research Fellow, IIT Guwahati","Cancer Immunotherapy, Drug Resistance and Therapeutics",582.0,https://scholar.google.com/citations?hl=en&user=Z61XUI8AAAAJ
Dr. Tridip Ranjan Chetia,IIT Guwahati,"Design & synthesis of functional Materials, Photovoltaics, Photocatalysis",575.0,https://scholar.google.com/citations?hl=en&user=7p4KiaoAAAAJ
Satyannarayana Edubilli,Indian Institute of Technology Guwahati,"Adsorption, Pressure Swing Adsorption, Porous materials, CO2 Capture, Oxygen production",567.0,https://scholar.google.com/citations?hl=en&user=gwjH1dwAAAAJ
Sitangshu Bikas Santra,Indian Institute of Technology Guwahati,Equilibrium and Non-equilibrium Statistical …,564.0,https://scholar.google.com/citations?hl=en&user=bCQK6Q4AAAAJ
Arabin Kumar Dey,IIT Guwahati,,550.0,https://scholar.google.com/citations?hl=en&user=2XR7_CsAAAAJ
Joy Nondy,"Post Doctoral Fellow, IIT Guwahati, School of Energy Science and Engineering",Energy system modelling and optimization,549.0,https://scholar.google.com/citations?hl=en&user=7BXxGlUAAAAJ
Dr. Arnab Mandal,"Postdoc, IIT Guwahati","organic chemistry, metal organic framework, bio inorganic chemistry",545.0,https://scholar.google.com/citations?hl=en&user=aHfVOTUAAAAJ
Dr. Deepika Arora,IITG,"… switches regulating different modes of cell …, Oncogenic tranformation and genomic …, Mechan",539.0,https://scholar.google.com/citations?hl=en&user=hsUvTRoAAAAJ
Dr. Achyuta K Biswal,"Centre for Surface Science and Technology, Sambalpur University,IIT Guwahati-TIH, Sri Sri …","Food Chemistry, Food Processing and Technology, Food Packaging, Nanotechnology, Food formulation",538.0,https://scholar.google.com/citations?hl=en&user=bCRSr3sAAAAJ
Dr. Kakali Priyam Goswami,IIT Guwahati,"Wastewater treatment, Membranes, Fly Ash",536.0,https://scholar.google.com/citations?hl=en&user=Z7NUY84AAAAJ
kalpana pandey,"Institute Post doctoral fellow, Indian Institute of Technology Guwahati","Biophysics, Biochemistry, Structural biology, Viral proteins, Lipid scrambling and transport",532.0,https://scholar.google.com/citations?hl=en&user=MZoMslwAAAAJ
Manish Bhatt,IIT Guwahati,"Medical imaging, ultrasound, shear wave elastography, photoacoustics, remote sensing",525.0,https://scholar.google.com/citations?hl=en&user=chFz1q0AAAAJ
Sandip Das,"Associate Professor, Indian Institute of Technology Guwahati","Earthquake Engineering, Structural Dynamics, Random Vibration",524.0,https://scholar.google.com/citations?hl=en&user=7m6Eiu4AAAAJ
Dr. E.Suganya,"SERB-National Post Doctoral Fellow, Indian Institute of Technology Guwahati","wastewater treatment, Biosorption",523.0,https://scholar.google.com/citations?hl=en&user=NqD0DoYAAAAJ
Arup Nandy,"IISc Bangalore, IIT Guwahati","Finite Element Analysis, Computational Acoustics, Computational Electromagnetics",520.0,https://scholar.google.com/citations?hl=en&user=TijCY-IAAAAJ
Purandar Bhaduri,"Professor, IIT Guwahati","Formal Verification, Logic and Semantics",515.0,https://scholar.google.com/citations?hl=en&user=rRuMQwgAAAAJ
Bhaba Kumar Sarma,IIT Guwahati,,512.0,https://scholar.google.com/citations?hl=en&user=9luYXz8AAAAJ
Amlan Buragohain,Indian Institute of Technology Guwahati,"Inorganic Chemistry, Metal-organic frameworks, catalysis, sensing",510.0,https://scholar.google.com/citations?hl=en&user=NN0tmA0AAAAJ
Gourhari Chakraborty,IIT Guwahati,"Polymer, Composites, Material science, Electro chemistry",510.0,https://scholar.google.com/citations?hl=en&user=tY7XmJgAAAAJ
Dr. Pranjit Kumar Bora,Institutional Post Doctoral Fellow (IPDF) at IIT Guwahati,"Whole cell biocatalysis, Essential oils, Sensory analysis, Bioflavour, Natural product chemistry",508.0,https://scholar.google.com/citations?hl=en&user=2vuU6xUAAAAJ
Dr. Palash Ghosh,"Assistant Professor, Indian Institute of Technology Guwahati, India","Biostatistics, Dynamic Treatment Regime, Public Health, Clinical Trials, Health Data Science",503.0,https://scholar.google.com/citations?hl=en&user=UnuV2M4AAAAJ
Ramesh Sonkar,IIT Guwahati,"Silicon Photonics, Integrated photonics, Optoelectronics, Photonics Integrated Circuits, Antenna",502.0,https://scholar.google.com/citations?hl=en&user=lX_Af8gAAAAJ
Abraham Cyril Issac,"Assistant Professor, Indian Institute of Technology Guwahati","Knowledge Hiding, Organizational Behaviour, Human Resource Management, Strategy, Mechanical Engineering",502.0,https://scholar.google.com/citations?hl=en&user=rqkBvFQAAAAJ
Dr. Arup Kumar De,"Postdoctoral Fellow, IIT Guwahati","Doping, Semiconductor photocatalysis, DFT, Nanotechnology",500.0,https://scholar.google.com/citations?hl=en&user=0Mn5EZMAAAAJ
Chiranjib Sur,"Assistant Professor, Indian Institute of Technology, Guwahati","Deep Learning, Machine Learning, Natural Language Processing, Computer Vision, Artificial Intelligence",490.0,https://scholar.google.com/citations?hl=en&user=81DsWxQAAAAJ
Sreya Sarkar,"Senior Research Associate, IIT Guwahati","Bioprocess engineering, Downstream processing, Microalgae Biorefinery, environmental engineering",488.0,https://scholar.google.com/citations?hl=en&user=JwhCaQ8AAAAJ
Dr. Sushil Kumar Verma,"IIT Guwahati, Guwahati( Assam)India","Nanocomposite, Conducting Polymer, Poly Nanosensor, Polymer composite, Chemical Sensor",484.0,https://scholar.google.com/citations?hl=en&user=i0dfbwEAAAAJ
Shruti Shantiling Phutke,"Assistant Professor, MFSDSAI, IIT Guwahati","Computer Vision, Deep Learning, Image Restoration, Biomedical Image Processing",480.0,https://scholar.google.com/citations?hl=en&user=_ftLJ5gAAAAJ
Debarshi Das,Indian Institute of Technology Guwahati,Economics,478.0,https://scholar.google.com/citations?hl=en&user=WSd-UVQAAAAJ
Debamitra Chakravorty,Indian Institute of Technology Guwahati,"bioinformatics, molecular biology",476.0,https://scholar.google.com/citations?hl=en&user=BPN2Kx0AAAAJ
Kuldeep Baishya,Indian Institute of Technology Guwahati,"Marketing Management, Consumer Behaviour, Technology Management, Analytics",476.0,https://scholar.google.com/citations?hl=en&user=A-6iaXYAAAAJ
Deepshikha Hazarika,"National Postdoc Fellow, Department of Chemistry, IIT Guwahati","Polymer, Polymer Nanocomposite, Photocatalysis, Nanomaterials",465.0,https://scholar.google.com/citations?hl=en&user=O24WNC0AAAAJ
Mrinal Kanti Dutta,"Professor of Economics, IIT Guwahati","Agricultural Economics, Environmental Economics, Development Economics",464.0,https://scholar.google.com/citations?hl=en&user=xskK69sAAAAJ
Dr. Narendren soundararajan,IIT Guwahati,Biopolymers,461.0,https://scholar.google.com/citations?hl=en&user=7YAeK2gAAAAJ
Mohitosh Dey,Indian Institute of Technology Guwahati,Plant Stress Biology,458.0,https://scholar.google.com/citations?hl=en&user=RNxcSUUAAAAJ
Harish Kumar Rajendran,Indian Institute of Technology Guwahati,"Metal Organic Frameworks, Material Science, Wastewater Treatment, Toxicity",458.0,https://scholar.google.com/citations?hl=en&user=nE4FjlIAAAAJ
Phrangboklang L Thangkhiew,IIT Guwahati,Computer Architecture,453.0,https://scholar.google.com/citations?hl=en&user=ZUO3nGUAAAAJ
Pankaj Jha,Indian Institute of Technology Guwahati,,449.0,https://scholar.google.com/citations?hl=en&user=SbasWlIAAAAJ
Dr. Kumar Shubham,Indian Institute of Technology Guwahati,"ML based Reliability Analysis, Foundation Engineering, Sustainable Concrete, Tunneling, C&D Wastes",445.0,https://scholar.google.com/citations?hl=en&user=5wGYfOoAAAAJ
Dr. Souptick Chanda,"Assistant Professor, Indian Institute of Technology Guwahati","Biomechanics, Finite Element Analysis, Optimization, Implant design, Surgical Simulations",435.0,https://scholar.google.com/citations?hl=en&user=7bOSPf4AAAAJ
"N. Selvaraju, aka Selvaraju Natarajan","Professor, Department of Mathematics, Indian Institute of Technology Guwahati","Stochastic Models, Queueing Theory, Financial Mathematics, Financial Time Series",434.0,https://scholar.google.com/citations?hl=en&user=_Ps47yUAAAAJ
Prasenjit Khanikar,"Assistant Professor, IIT Guwahati","Mechanical Metamaterials, High Entropy Alloy, High Strain Rate Behaviour, Metal Additive",430.0,https://scholar.google.com/citations?hl=en&user=fUXPSc0AAAAJ
Tapan K. Mankodi,"Assistant Professor, Indian Institute of Technology Guwahati, Guwahati","Rarefied Gas Dynamics, Shock Waves, Particle Methods, DSMC",430.0,https://scholar.google.com/citations?hl=en&user=z2-yXN0AAAAJ
Sidananda Sarma,"Physics Department, Indian Institute of Technology Guwahati","magnetism, nanomaterials",430.0,https://scholar.google.com/citations?hl=en&user=3unXnLQAAAAJ
Abhishek Ajmani,Indian Institute of Technology Guwahati,"Cancer, Omics, Inhibitors, Phytomedicine, Drug discovery",430.0,https://scholar.google.com/citations?hl=en&user=wAbEsfoAAAAJ
Keyur Sorathia,"Associate Professor of Design, Indian Institute of Technology (IIT) Guwahati","Human Computer Interaction, Virtual Reality",427.0,https://scholar.google.com/citations?hl=en&user=8cdLLjYAAAAJ
M GURU PREM Prasad,"Professor, Department of Mathematics, Indian Institute of Technology Guwahati","Complex Analysis, Iteration Theory, Julia set, Fatou Set",426.0,https://scholar.google.com/citations?hl=en&user=U9785ZcAAAAJ
Dr. Dhiman Kakati,Indian Institute of Technology Guwahati,Optical transceiver system design,425.0,https://scholar.google.com/citations?hl=en&user=isBI5t8AAAAJ
Dr. Sagar Surendra Deshmukh,"Indian Institute of Technology, Guwahati","AgriStartups, Agribusiness Management, Agribusiness Incubation, Agripreneurship, Entrepreneurship",424.0,https://scholar.google.com/citations?hl=en&user=iFwjQPQAAAAJ
Erwin Fuhrer,"Jyoti and Bhupat Mehta School of Health Sciences and Technology, IIT Guwahati","MRI, NMR, MR Safety, Hardware design",424.0,https://scholar.google.com/citations?hl=en&user=-5gknYgAAAAJ
Hanumant Singh shekhawat,Indian Institute of Technology Guwahati,"Applied Mathematics, signals and systems, non-linear dynamics, machine learning, healthcare",423.0,https://scholar.google.com/citations?hl=en&user=L7yWFlkAAAAJ
Shakuntala Mahanta,"Professor, IIT Guwahati","phonology, tone, intonation, vowel harmony, phonetics and phonology of South Asian …",419.0,https://scholar.google.com/citations?hl=en&user=BxCCRB0AAAAJ
Ayon Ganguly,"Assistant Professor, Department of Mathematics, Indian Institute of Technology Guwahati","Applied Statistics, Survival Analysis, Reliability Analysis, Statistical Computing",418.0,https://scholar.google.com/citations?hl=en&user=MN2c440AAAAJ
Shreemayee Bora,"Professor of mathematics, IIT Guwahati","Spectral Perturbation, Eigenvalue Problems",418.0,https://scholar.google.com/citations?hl=en&user=YF4CqUcQuk0C
Dr. Nimmakayala VV Subbarao,"Project Engineer, Center for Nanotechnology, Indian Institute of Technology Guwahati …","Organic Nanoelectronics, Nanoscience and Nanotechnology of …, Chemical and Biosensors. E-mail: nvvsub …",416.0,https://scholar.google.com/citations?hl=en&user=7eQR5RUAAAAJ
bidisha som,"Associate Professor of Linguistics, IIT Guwahati","language processing, bilingualism, cultural cognition, cognitive linguistics",413.0,https://scholar.google.com/citations?hl=en&user=J_sPj7wAAAAJ
Ashish Kumar Gupta,"Professor, Department of Chemistry, Indian Institute of Technology Guwahati",Electronic Resonance,412.0,https://scholar.google.com/citations?hl=en&user=ycS2rGwAAAAJ
Balaji SN,Indian Institute of Technology Guwahati,Biochemistry and molecular biology of …,409.0,https://scholar.google.com/citations?hl=en&user=oLnvxE0AAAAJ
Sudarshan Mukherjee,IIT Guwahati,"large scale antenna systems, edge computing, ultra-dense networks",408.0,https://scholar.google.com/citations?hl=en&user=S2cHGo4AAAAJ
Rahul Agarwal,IIT Guwahati,"Microfluidics, Point-of-Care Diagnostics, Biosensors, Hemorheology, Computational Fluid Dynamics",408.0,https://scholar.google.com/citations?hl=en&user=-MrmLYcAAAAJ
Dr. Uma PI,"Postdoc Fellow, IIT Guwahati","Photocatalysis, Material Science, Wastewater Treatment, Nanomaterials",398.0,https://scholar.google.com/citations?hl=en&user=irlDthsAAAAJ
Dr. Rinku Kumar Mittal,"Department of Mechanical Engineering, IIT Guwahati","Micromachining, Chatter, dynamics of machining process",395.0,https://scholar.google.com/citations?hl=en&user=-6EbQE0AAAAJ
Ratikanta Behura,"Department of Biotechnology, INDIAN INSTITUTE OF TECHNOLOGY GUWAHATI",,394.0,https://scholar.google.com/citations?hl=en&user=h3ErobUAAAAJ
Ayush Jain,"Indian Institute of Technology, Guwahati",Machine Learning,394.0,https://scholar.google.com/citations?hl=en&user=cWKNKPoAAAAJ
Bidyut Hazarika,"Post Doc, IIT Guwahati","Black Hole, GTR, MTG/ATG",394.0,https://scholar.google.com/citations?hl=en&user=4wf45rEAAAAJ
Ashwini sawant,"Assistant Professor, IIT Guwahati, India","Microwave tubes, Design of gyrotron",389.0,https://scholar.google.com/citations?hl=en&user=oXJEGkAAAAAJ
Monikha Chetia,"Department of Chemistry, Indian Institute of Technology, Guwahati","peptide self assembly, physical gels, antimicrobial peptides, hydrogels, organogels",389.0,https://scholar.google.com/citations?hl=en&user=iCMq_MUAAAAJ
Geetmani Singh Nongthombam,Indian Institute of Technology-Guwahati,"Organic Chemistry, Medicinal Chemistry, Photo-physical studies, Theoretical, Chemical Biology",379.0,https://scholar.google.com/citations?hl=en&user=NLXy2O0AAAAJ
Dr. Shikha Bansal,IIT Guwahati,Physics,378.0,https://scholar.google.com/citations?hl=en&user=jJQNkqMAAAAJ
sanjukta bhoi,IIT Guwahati,,376.0,https://scholar.google.com/citations?hl=en&user=dEW3OtoAAAAJ
K. Vigneshwaran,"Researcher, Centre for Energy, Indian Institute of Technology Guwahati, Guwahati, India …","Solar thermal applications, Thermal Energy Storage, Renewable Energy Technology",372.0,https://scholar.google.com/citations?hl=en&user=Uelhac4AAAAJ
Anwesha Choudhury,"REVA University, Indian Institute of Technology Guwahati","Organic Electronics, Flexible electronics",372.0,https://scholar.google.com/citations?hl=en&user=raehDzIAAAAJ
Subhankar Pandit,"Senior Project Associate, Indian Institute of Technology Guwahati","Experimental Soft matter physics, nano-materials, Small angle neutron scattering",358.0,https://scholar.google.com/citations?hl=en&user=qsXedp8AAAAJ
Dr. CHANDAN KUMAR,"Indian Institute of Technology Guwahati, Assam, India","Laser Beam Welding, Traditional welding Technology",357.0,https://scholar.google.com/citations?hl=en&user=-W76sFoAAAAJ
Romanbabu Oinam,Indian Institute of Technology Guwahati,"Earthquake resistant design of building, Retrofitting of damage RC buildings, Energy dissipating devices, Performance based desi",356.0,https://scholar.google.com/citations?hl=en&user=0XRJPU8AAAAJ
Buddhadeb Mondal,IIT Guwahati,Organic Chemistry,355.0,https://scholar.google.com/citations?hl=en&user=2LC2VJMAAAAJ
P ESNRAJU,Assistant Professor at Indian Institute of Technology Guwahati,"Modeling, analysis and control of power systems …, PMUs/μPMUs applications to power systems …, Application o",352.0,https://scholar.google.com/citations?hl=en&user=3ZTOqBUAAAAJ
Gaurav Shukla,IITG,"Thin Film, Pulsed Laser Deposition, Optoelectronics, Magnetic Materials, Dielectrics",352.0,https://scholar.google.com/citations?hl=en&user=inNQFlsAAAAJ
Arbind Kumar Singh,Professor Department of Civil Engineering  IIT Guwahati,,351.0,https://scholar.google.com/citations?hl=en&user=LfXgWXIAAAAJ
Aruna Rani,Indian Institute of Technology Guwahati,,348.0,https://scholar.google.com/citations?hl=en&user=2CXbVlUAAAAJ
Surjith Ramasamy,IIT Guwahati,"Industrial Biotechnology, Bioprocess and Bioreactor Design …",346.0,https://scholar.google.com/citations?hl=en&user=yC-wQiYAAAAJ
Narayana Reddy Annem,"Assistant Professor, Department of Mechanical Engineering, Indian Institute of Technology …","Inverse Problems, Biomechanics, Finite Element Methods, Compliant Mechanisms, Topology Optimization",345.0,https://scholar.google.com/citations?hl=en&user=-sRNnjIAAAAJ
Prabir Kumar Das,Indian Institute of Technology Guwahati,"Biotechnology, Biochemical Engineering",344.0,https://scholar.google.com/citations?hl=en&user=BdzLvvMAAAAJ
BR Manoj,"Assistant Professor, Dept. of Electronics and Electrical Engineering (EEE), IIT Guwahati","Wireless Communication, Signal Processing, Deep Learning",342.0,https://scholar.google.com/citations?hl=en&user=ikGy8ioAAAAJ
Atanu Bhuyan,Indian Institute of Technology Guwahati,"Service Operations, Urban mobility, Supply Chain Management, Behavioral Operations",338.0,https://scholar.google.com/citations?hl=en&user=I8esCkcAAAAJ
Bidhu Bhusan Makut,Indian Institute of Technology Guwahati,Microalgal biotechnology,338.0,https://scholar.google.com/citations?hl=en&user=92gxpAEAAAAJ
Dr K Mukherjee,"Researcher at IIT Guwahati, Assistant Prof.(20-23), Associate Prof.(24 to Continue), India)","Civil Engineering, Modeling, Fiber reinforced soil, Experimental and Modeling, Geotech",337.0,https://scholar.google.com/citations?hl=en&user=pqT_GfwAAAAJ
VISHNU KUMAR,IIT guwahati,"Virology, Molecular biology, Cell biology, Immunology",336.0,https://scholar.google.com/citations?hl=en&user=ftSakvwAAAAJ
Arghyadip Roy,"Assistant Professor, Indian Institute of Technology Guwahati","Reinforcement Learning, Markov Decision Process, Wireless Communication, Resource allocation",335.0,https://scholar.google.com/citations?hl=en&user=YwT89XIAAAAJ
Gautam K. Das,"Assistan Professor of Mathematics, Indian Institute of Technology Guwahati","Computational Geometry, Data structure and Algorithms",332.0,https://scholar.google.com/citations?hl=en&user=U8MyEfwAAAAJ
Dr. Kamal Kumar Bhatluri,IIT Guwahati,"Wastewater treatment, Advanced Separation Process",331.0,https://scholar.google.com/citations?hl=en&user=pSGL99sAAAAJ
Sumana Dutta,IIT Guwahati,"Nonlinear dynamics, spirals, scrolls, reaction diffusion equation",329.0,https://scholar.google.com/citations?hl=en&user=Jz5ZQm0AAAAJ
Rohit Jambhulkar,"B.Tech, Civil Engineering, Indian Institute of Technology Guwahati","Solid Waste Management, Environmental Engineering, Composting, Plastic Pollution",329.0,https://scholar.google.com/citations?hl=en&user=tSrt4ZIAAAAJ
Prantik Sarmah,Indian Institute of Technology Guwahati,"Astroparticle physics, High energy astrophysics",329.0,https://scholar.google.com/citations?hl=en&user=1oi4erEAAAAJ
Aryabartta Sahu,IIT Guwahati,"Multiprocessor, Scheduling, HPC, Cloud/Edge, System Security",327.0,https://scholar.google.com/citations?hl=en&user=apzckLUAAAAJ
Akash Dilip Kamble,Indian Institute of Technology Guwahati,"Solar Thermal, Solar Photovoltaic-Thermal Modules, Renewable Energy",327.0,https://scholar.google.com/citations?hl=en&user=5PgTcBEAAAAJ
Siddhartha Mukherjee,"Assistant Professor, Department of Chemical Engineering, IIT Guwahati","Microfluidics, Complex Fluids, Droplet dynamics, Fluid-structure interaction, Electro-catalysis",325.0,https://scholar.google.com/citations?hl=en&user=auZtXcQAAAAJ
Sarfaraz Jelil,Indian Institute of Technology Guwahati,"Speech Processing, Speaker Verification, Machine Learning, Pattern Recognition",321.0,https://scholar.google.com/citations?hl=en&user=V4uaYrcAAAAJ
Biplab Bose,Indian Institute of Technology Guwahati,"Complex system, Collective behavior, Dynamical System, Statistical Physics in Biology",316.0,https://scholar.google.com/citations?hl=en&user=h8W9rUMAAAAJ
Joseph Tharion,"Senior Project Engineer, IIT Guwahati","Nanoparticle based biosensor systems, SERS based optical bio-sensors, FET based biosensors",314.0,https://scholar.google.com/citations?hl=en&user=15DGiYwAAAAJ
Suresh A. Kartha,IIT Guwahati,"Groundwater Hydrology, Hydraulics, Fluid Mechanics, Landfill Leaching, Hydrology",312.0,https://scholar.google.com/citations?hl=en&user=ZYfsQywAAAAJ
Ksh Priyalakshmi Devi,Indian Institute of Technology Guwahati,RENEWABLE ENERGY,310.0,https://scholar.google.com/citations?hl=en&user=bi373gIAAAAJ
Chinmaya Panda,Indian Institute of Technology Guwahati,,310.0,https://scholar.google.com/citations?hl=en&user=tzl8PAwAAAAJ
Bhupendra Kumar Bhatt,"Indian Institute of Technology, Guwahati","Sustainability, E-waste recycling, Renewable Energy & Green Environment",310.0,https://scholar.google.com/citations?hl=en&user=rpqSHikAAAAJ
gopal pandit,IIT Guwahati,peptide chemistry,309.0,https://scholar.google.com/citations?hl=en&user=05ruj7YAAAAJ
Dr. Barasa Malakar,IIT Guwahati,"Pre-treatment, Food Technology, Microbiology, Green Energy, waste valorization",306.0,https://scholar.google.com/citations?hl=en&user=pF8mj84AAAAJ
ABHAY GUPTA,"Indian Institute of Technology Guwahati, India","Structural vibration control, Composite materials, Smart structures, Finite element method",301.0,https://scholar.google.com/citations?hl=en&user=yNWr6cUAAAAJ
Abhijit Gayen,IITG,sentiment analysis,299.0,https://scholar.google.com/citations?hl=en&user=FcIgGkkAAAAJ
Semim Akhtar Ahmed,"ANRF-National Post-Doctoral Fellow at Indian Institute of Technology (IIT), Guwahati, India",Metabolic syndromes       Natural product …,299.0,https://scholar.google.com/citations?hl=en&user=oziiGboAAAAJ
Kanduru V. Krishna,"Professor of Mathematics, IIT Guwahati","General Algebra, Automata Theory",297.0,https://scholar.google.com/citations?hl=en&user=tnhQ4fYAAAAJ
Aritra Chatterjee,"Assistant Professor, Indian Institute of Technology, Guwahati","Biomechanics, Mechanobiology, Mechanics of Soft Materials",295.0,https://scholar.google.com/citations?hl=en&user=R4GLFtcAAAAJ
Ch Kapil Ror,IIT Guwahati,"Additive Manufacturing, Composites, Mechanical characterization",295.0,https://scholar.google.com/citations?hl=en&user=vFdpuvMAAAAJ
Dr. ANAMIKA MISHRA,IIT Guwahati,"Cancer Biology, Bioinformatics",295.0,https://scholar.google.com/citations?hl=en&user=nGxgl14AAAAJ
Dr. Abhradip Pal,Indian Institute of technology,"Biotechnology, Chemical Engineering",287.0,https://scholar.google.com/citations?hl=en&user=w25iNeAAAAAJ
Abhishek Verma,"Assistant Professor, Indian Institute of Technology Guwahati","Steel structures, Structural Engineering, Cold-formed steel, Composite construction",287.0,https://scholar.google.com/citations?hl=en&user=DGFmOuwAAAAJ
Amulya Kumar Mahto,"Assistant Professor, Indian Institute of Technology Guwahati","Medical Imaging, Computer Vision, Survival Analysis, Reliability, RUL Prediction",286.0,https://scholar.google.com/citations?hl=en&user=oI8BVh4AAAAJ
Ramesh Kumar Bhukya,Indian Institute of Technology Guwahati,"Digital signal processing, Speech signal processing, Machine learning and pattern recognition",285.0,https://scholar.google.com/citations?hl=en&user=Wn-QCpkAAAAJ
Satyajit Das,Indian Institute of Technology Guwahati,"Low power Design, AI on Edge, Reconfigurable Computing, Cryptography, Heterogeneous Multicore",285.0,https://scholar.google.com/citations?hl=en&user=cgG32U0AAAAJ
Rajendran Arunachalam,"Indian Institute of Technology, Guwahati","Inorganic chemistry, Homogeneous catalysis, Supramolecular chemistry, Chirality concepts, CH functionalization",283.0,https://scholar.google.com/citations?hl=en&user=TqrG0-kAAAAJ
Nipjyoti Bharadwaj,"Assistant Professor, Department of Civil Engineering, Indian Institute of Technology …","Traffic Flow, Traffic safety, Work Zones, Naturalistic Driving Study",282.0,https://scholar.google.com/citations?hl=en&user=r-H39IoAAAAJ
Rajidi shashidhar Reddy,Indian Institute of Technology Guwahati,"Nonlinear mechanics, Nonlinear dynamics, Vibration and instability control, Fluid-structure interaction, Finite element method",282.0,https://scholar.google.com/citations?hl=en&user=qD7nCUoAAAAJ
Rajib Nandi,"Indian Institute of Technology, Guwahati","Carbon capture and utilization, Direct air capture, Molecular dynamics",282.0,https://scholar.google.com/citations?hl=en&user=NHdP0QkAAAAJ
Subhamay Saha,Indian Institute of Technology Guwahati,"Stochastic Control, Stochastic Dynamic Games, Stochastic Networks",281.0,https://scholar.google.com/citations?hl=en&user=Kzadrs8AAAAJ
MM Tejas Namboodiri,IIT Guwahati,"Bioprocess, Environment, Fermentation",280.0,https://scholar.google.com/citations?hl=en&user=YxOmpdYAAAAJ
ANUVAB DEY,IIT GUWAHATI,Neuro-biology   Neurodegenerative Diseases …,278.0,https://scholar.google.com/citations?hl=en&user=WrxmjO8AAAAJ
Vamsi Tallam,"Bachelor in Electronics and Communication, IIT Guwahati",Machine Learning,276.0,https://scholar.google.com/citations?hl=en&user=aHGxMx0AAAAJ
A.Andrew Roobert,Indian Institute of Technology Guwahati,"Low Noise Amplifier, Phase Locked Loop, Analog Front End for Sensors, VLSI Design, Low Power Design",275.0,https://scholar.google.com/citations?hl=en&user=YC1w13cAAAAJ
shravan kumar,Indian Institute of Technology Guwahati,Waste Water Treatment and adsorption,272.0,https://scholar.google.com/citations?hl=en&user=H26WSwsAAAAJ
Pratap Behera,"SRF, Department of Physics, IIT Guwahati, Assam, India.","Materials Physics, Hexaferrites, Multiferroics, Dielectrics, Electronic properties",271.0,https://scholar.google.com/citations?hl=en&user=gKe2-qYAAAAJ
Mahesh Nagargoje,"Assistant Professor, Biosciences & Bioengineering, IIT Guwahati","Cardiovascular Biomechanics, In Silico Trials in Stroke, Cerebrovascular Flows",269.0,https://scholar.google.com/citations?hl=en&user=qy6AIUQAAAAJ
MUTHURAJA A,"IITG, Guwahati","Nano Material, Recycling of Polymer wastes, Tribology, Machining",268.0,https://scholar.google.com/citations?hl=en&user=wZNGpTIAAAAJ
Chandan Kumar Nath,IIT Guwahati,"AI, Soft Computing, Image Processing, Data mining",268.0,https://scholar.google.com/citations?hl=en&user=Hcv4Jq0AAAAJ
Siva Srinivas Rangavajhula,Indian Institute of Technology Guwahati,"Rotordynamics, Condition monitoring",268.0,https://scholar.google.com/citations?hl=en&user=2V5F2bIAAAAJ
Dr. Shashi Priya Balmuchu,Indian Institute of Technology Guwahati,"Ceramics, Thin Films, Ferroelectric materials, Dielectric materials",268.0,https://scholar.google.com/citations?hl=en&user=430XxPAAAAAJ
Dr Ramesh Kumar,Indian Institute of Technology Guwahati,Electromagnetic Manufacturing and Bio …,265.0,https://scholar.google.com/citations?hl=en&user=0NbMTPMAAAAJ
Soumalya Bhowmik,"Indian Institute of Technology, Guwahati","Materials Chemistry, Nanomaterials for functional applications and …",264.0,https://scholar.google.com/citations?hl=en&user=H1eiplwAAAAJ
Jayeeta Hazarika,"Post Doctoral Research Associate Indian Institute of Technology, Guwahati","Environmental Issues, Solid Waste Treatment through biological …, Composting",260.0,https://scholar.google.com/citations?hl=en&user=-ojxLpEAAAAJ
Isha Vishan,Indian Institute of Technology Guwahati,"Environmental biotechnology and …, microbioremediation, Composting",259.0,https://scholar.google.com/citations?hl=en&user=idm6gtIAAAAJ
Santosh Hotta,IIT Guwahati,"Internal Combustion Engine, Combustion, Renewable Energy, Waste heat recovery",259.0,https://scholar.google.com/citations?hl=en&user=_OPCcZAAAAAJ
Sananda Das,"Institute Post Doctoral Fellow, IIT Guwahati",Experimental Condensed Matter Physics,256.0,https://scholar.google.com/citations?hl=en&user=bFQwbTIAAAAJ
Dr. PALTAN LAHA,"Institute post doctoral fellow, IIT Guwahati",Organic Chemistry Organometallics Drugs …,255.0,https://scholar.google.com/citations?hl=en&user=ZA4CHJEAAAAJ
Abhijit Mohanta,"Indian Institute of Technology Guwahati, India. (IIIT Sri City Alumni)","TTS, Speech Signal Processing, Machine Learning",255.0,https://scholar.google.com/citations?hl=en&user=VkrnWpcAAAAJ
Suhaib Alam,"NPDF@IIT Delhi, Hanyang University, South Korea, IIT Guwahati","Nanomaterials Synthesis, Gold Nanoclusters, PEC, Electrocatalysis, Energy Conversion Devices",255.0,https://scholar.google.com/citations?hl=en&user=6cOgbLIAAAAJ
Ashmita Das,Indian Institute of Technology Guwahati,"Rural Technology, Biotechnology, Chemical Engineering",254.0,https://scholar.google.com/citations?hl=en&user=6eCgdnIAAAAJ
Bilal Ahmad Reshi,"Department of Physics, Indian Institute of Technology, Guwahati","Diamond, Detector Physics, Atomic and Molecular Physics",254.0,https://scholar.google.com/citations?hl=en&user=Ur_Qz9IAAAAJ
Bilal Ahmad Reshi,"Research Associate, Indian Institute of Technology Guwahati, Assam (India)","Diamond Detectors, Nuclear Physics and Atomic and Molecular …",254.0,https://scholar.google.com/citations?hl=en&user=vDNMnBsAAAAJ
Shambojit Roy,"Assistant Professor, Department of Chemical Engineering, IIT Guwahati","Imaging and microscopy, Protein engineering, Biomaterials, Cancer therapeutics, Drug Delivery",253.0,https://scholar.google.com/citations?hl=en&user=GsDKtboAAAAJ
"Dr. Soma Roy, MRSC",Ramanujan Fellow (Principal Investigator) at Indian Institute of Technology Guwahati,"Chemical Biology, Medicinal Chemistry, miRNA, protein-RNA interaction, Diagnostics",253.0,https://scholar.google.com/citations?hl=en&user=L0VQtJIAAAAJ
Naveen Kashyap,IIT Guwahati,Sleep and Memory,252.0,https://scholar.google.com/citations?hl=en&user=sdbHLIUAAAAJ
Sambit Mallick,"Professor of Sociology, Indian Institute of Technology Guwahati",Sociology of Science and Technology,251.0,https://scholar.google.com/citations?hl=en&user=n1_DtLoAAAAJ
Tirthankar Sen,Indian Institute of Technology Guwahati,,250.0,https://scholar.google.com/citations?hl=en&user=XM-Qa-0AAAAJ
Mosaddique Nawaz Hussain,"Assistant Professor at IIT Guwahati, India","Microgrids, Renewable Energy Systems, Electric Vehicle Chargers, Air Mobility.",248.0,https://scholar.google.com/citations?hl=en&user=zzONY-cAAAAJ
Abhishek Shukla,IIT Guwahati,"Process Engineering, Food Technology, New Product Development, Ingredients with Green labels, Extraction using solvent and super",248.0,https://scholar.google.com/citations?hl=en&user=UJ98GmYAAAAJ
Dr. Somnath Sahu,Indian Institute of Technology Guwahati,"Thin film, Broadband Dieletric, Energy Storage, THz Electrodynamics, Microwave Absorption",248.0,https://scholar.google.com/citations?hl=en&user=9MFuBnEAAAAJ
Vivek Padmanabha,"Assistant Professor, Indian Institute of Technology Guwahati","Rock Mechanics, Granular Mechanics, Shock Waves, Impact Mechanics",247.0,https://scholar.google.com/citations?hl=en&user=vLGYzDAAAAAJ
Swaroopa Rani Dasari,Indian Institute of Technology Guwahati,"Oil extraction, Biodiesel, Production of value added chemicals, Utilization of seeds, Glycerol",246.0,https://scholar.google.com/citations?hl=en&user=Z7dADIEAAAAJ
Debayan Dhar,"Associate Professor of Design, Department of Design, Indian Institute of Technology …","User Experience, Design Theory & Methodology, UX, HCI",245.0,https://scholar.google.com/citations?hl=en&user=WyPdYdQAAAAJ
Sreenath JG,Indian Institute of Technology Guwahati,Power System,244.0,https://scholar.google.com/citations?hl=en&user=mLgnyAgAAAAJ
Dr. Rubeka Idrishi,Indian Institute of Technology Guwahati,"Bioactive compounds, Food processing, Cereal Chemistry, Pigmented grains, Value chain",244.0,https://scholar.google.com/citations?hl=en&user=Hd1W4bMAAAAJ
Amrita Rath,"Technology Innovation Hub, IIT Guwahati","Responsive Polymers, Nano-mechanical Mapping, Bio-composites, Thin Films, Molecular Dynamics",240.0,https://scholar.google.com/citations?hl=en&user=MABtQZMAAAAJ
Ajay Dashora,"Assistant Professor in Civil Engineering, IIT Guwahati","Synthetic Simulation, Sensor Calibration, Airborne and Terrestrial LiDAR, Flight Planning, UAV",240.0,https://scholar.google.com/citations?hl=en&user=toDRhMoAAAAJ
Ramkrishna Das Adhikari,"PMRF, IIT Guwahati","Perovskite solar cells, Optoelectronic devices",239.0,https://scholar.google.com/citations?hl=en&user=LVxhbrcAAAAJ
Dr. Kashyap Kumar Prabhakar,"IIT Guwahati, IIT Delhi","Power converters, Battery chargers and control for EV …, Motor control, EV drivetrain efficiency optimization, and Ba",238.0,https://scholar.google.com/citations?hl=en&user=DrEtlEMAAAAJ
Teiborlang Lyngdoh Ryntathiang,"Associate Professor, Dept. of Civil Engineering, IIT Guwahati.","Interlocking Concrete Block Pavement, Pavement Material, Flexible and Rigid Pavement Design",237.0,https://scholar.google.com/citations?hl=en&user=GH9asvgAAAAJ
Arindom Bikash Neog,IIT Guwahati,"Materials Chemistry, 2D Nano Materials",235.0,https://scholar.google.com/citations?hl=en&user=65A-rowAAAAJ
Dr Munendra pal singh,IIT GUWAHATI,crystal engineering,234.0,https://scholar.google.com/citations?hl=en&user=_Olnj0QAAAAJ
Mridusmita Barooah,Indian Institute of Technology,Chemical Engineering,234.0,https://scholar.google.com/citations?hl=en&user=1rD0hosAAAAJ
Dr. Khalid Mohd Ibrahimi,"Post Doctoral Fellow, Department of BSBE, Indian Institute of Technology, Guwahati","MEMS, Bio-MEMS, Biosensor, Sensors and Actuators, Instrumentation system",232.0,https://scholar.google.com/citations?hl=en&user=DGT95TwAAAAJ
Anita Gupta,Indian Institute of Technology Guwahati,"Sensors, Density Functional Theory, Image Processing",232.0,https://scholar.google.com/citations?hl=en&user=pocUrNsAAAAJ
bilal ahmad mir,iit guwahati,"CH  functionalization, organic synthesis, Radical mediated organic transformations",230.0,https://scholar.google.com/citations?hl=en&user=5tnJoXEAAAAJ
RAJESH MONDAL,IIT Guwahati,"Cosmology, High Energy Physics, Dark Matter",228.0,https://scholar.google.com/citations?hl=en&user=0ptcLiIAAAAJ
Dr.Ravichandra Rao Chilaka,IIT Guwahati,Solar thermal energy storage,227.0,https://scholar.google.com/citations?hl=en&user=iivHEIUAAAAJ
Abhijit Sarkar,IIT Guwahati,"Water wave mechanics, Porous media flow",226.0,https://scholar.google.com/citations?hl=en&user=7mZ88YMAAAAJ
Nitesh Thakur,Indian Institute of Technology,,226.0,https://scholar.google.com/citations?hl=en&user=7MZGipsAAAAJ
Tamanna Khandelia,INDIAN INSTITUTE OF TECHNOLOGY GUWAHATI,Organic Chemistry,225.0,https://scholar.google.com/citations?hl=en&user=g-UcKhkAAAAJ
Sai Dileep Munugoti,"Indian Institute of Technology, Guwahati",Neural Networks,223.0,https://scholar.google.com/citations?hl=en&user=jplmLT8AAAAJ
Dr. Indrajeet Kumar,IIT Guwahati,"Petroleum Engineering, Machine Learning, Production forecasting, Digital Rock, CO2 Storage",223.0,https://scholar.google.com/citations?hl=en&user=uY6gvIcAAAAJ
Induchoodan TG,Indian Institute of Technology Guwahati,"Environmental engineering, Anaerobic digestion, Hydroponics, Resource recovery",220.0,https://scholar.google.com/citations?hl=en&user=HnsZ-qgAAAAJ
Dr. RISHA MAL,"Assistant Professor Gr -I, SART, Indian Institute of Technology Guwahati","Thermoelectric applications, renewable energy, rural development technologies, Air quality monitoring",218.0,https://scholar.google.com/citations?hl=en&user=TDgttx8AAAAJ
Riddhi Mahansaria,Indian Institute of Technology Guwahati,"Environmental Microbiology and …, Biopolymers",217.0,https://scholar.google.com/citations?hl=en&user=ZiglnCYAAAAJ
ABHIK BHATTACHARJEE,Indian Institute of Technology Guwahati,"Porous materials, MOFs, nanomaterials, drug delivery",214.0,https://scholar.google.com/citations?hl=en&user=qkRWe74AAAAJ
Ayon Borthakur,"Assistant Professor, IIT Guwahati","Edge AI, Deep Learning, Neuromorphic Computing, Sustainable AI",212.0,https://scholar.google.com/citations?hl=en&user=6msVyocAAAAJ
Chandan Pal,"Associate Professor, Indian Institute of Technology Guwahati",Stochastic Control and its Applications in …,211.0,https://scholar.google.com/citations?hl=en&user=aaP_N2YAAAAJ
Dr. Abhijeet Mahana,"IPDF, IIT Guwahati || Postdoc, BGU Israel","Microalgae and Cyanobacteria, phyconanobiotechnology, algal biochemistry, wastewater treatment",211.0,https://scholar.google.com/citations?hl=en&user=Cjzasw8AAAAJ
MST NASIMA KHATUN,IIT Guwahati,"Organic synthesis, Organic electronics, Supramolecules, Photodynamic therapy, Cancer",211.0,https://scholar.google.com/citations?hl=en&user=ZokMGQwAAAAJ
Ansuman Sahoo,"Research Scientist, Indian Institute of Technology Guwahati","Bioprocess Engineering, Biochemical Engineering, Metabolic Engineering, Synthetic Biology",211.0,https://scholar.google.com/citations?hl=en&user=diFn1X4AAAAJ
Priyanka Yadav,"Prime Minister's Research Fellow, IIT Guwahati",Molecular Biology,211.0,https://scholar.google.com/citations?hl=en&user=bKPpqwYAAAAJ
Rituraj Saikia,Indian Institute of Technology Guwahati,"Fluidized bed, Thermal Engineering",208.0,https://scholar.google.com/citations?hl=en&user=F_f1bAgAAAAJ
Dr. Shilpi Mondal,"Post Doctoral Fellow, Dept. of Civil Engineering, IIT Guwahati",Air Pollution,208.0,https://scholar.google.com/citations?hl=en&user=gI8zfHEAAAAJ
Devarshi Kashyap,"IITG, Guwahati","Biomaterials, Medical Implants, 3D printing, Shape memory polymer composites",208.0,https://scholar.google.com/citations?hl=en&user=vpXEDtIAAAAJ
Susanta Dinda,IIT Guwahati,"Metal Organic Framework, Luminescence, Gas adsorption, Catalysis",208.0,https://scholar.google.com/citations?hl=en&user=SFoUlKUAAAAJ
Prathu Raja Parmar,IIT Guwahati,"Biosensor, Bioelectronics, Biomedical Devices, Food Quality",207.0,https://scholar.google.com/citations?hl=en&user=8LBMmDoAAAAJ
Sharmistha Banerjee,"Assistant Professor, Department of Design, IIT Guwahati","Industrial Design, Design for Sustainability",202.0,https://scholar.google.com/citations?hl=en&user=xpMLcXIAAAAJ
Ph. Nonglen Meitei (Nonglen Pheiroijam),IIT Guwahati,"Analog Circuit design, Nano Devices, Thin Film Semiconductors",202.0,https://scholar.google.com/citations?hl=en&user=ANXPU-IAAAAJ
Shilpi Bora,Indian Institute of Technology Guwahati,"Design, Ergonomics, Design Thinking",200.0,https://scholar.google.com/citations?hl=en&user=gHbYciYAAAAJ
Dr. Srimanta Pal,"IIT Guwahati, IIT(ISM) Dhanbad","Physical Chemistry, Nanoscience, SERS, Plasmonics, Catalysis",200.0,https://scholar.google.com/citations?hl=en&user=qftkXvIAAAAJ
Dr. Snigdha Saikia,"DHR Women Scientist at Centre for Nanotechnology, Indian Institute of Technology …",Bioengineering and Nanotechnology,199.0,https://scholar.google.com/citations?hl=en&user=0jGX5uwAAAAJ
Bhrigu Kumar Lahkar,"Assistant Professor at  Indian Institute of Technology Guwahati (IITG), India","Rehabilitation Engineering, Joint biomechanics, Sports performance, AI in movement biomechanics",199.0,https://scholar.google.com/citations?hl=en&user=n3NYi-YAAAAJ
Tanushree Das,Indian Institute of Technology Guwahati,"Supramolecular Chemistry, Peptides, Hydrogel, Systems Chemistry",199.0,https://scholar.google.com/citations?hl=en&user=IAREuwoAAAAJ
srikanth katla,IIT Guwahati,"Molecular Cloning, Bioprocess Engineering, Bioprocess Analytical Technology",198.0,https://scholar.google.com/citations?hl=en&user=TkgjQTAAAAAJ
Chandra Bhan,"Indian Institute of Technology Guwahati, Assam, India","Chemical Engineering, Electrochemical Sensing, Bio-based synthesis, Electrochemical CO2 reduction",198.0,https://scholar.google.com/citations?hl=en&user=tfHwHkcAAAAJ
Pinaki Sarkar,"Post Doctoral Fellow, Indian Institute of Technology Guwahati, INDIA.","Information Security, Cryptography, Combinatorics",195.0,https://scholar.google.com/citations?hl=en&user=edseJksAAAAJ
Mangal Mangal,"Prime Minister Research Fellow ,Department of Chemical Engineering, IIT Guwahati, Assam …","Biopolymer-based materials, Polyurethanes, Elastomers, Packaging, Coating",195.0,https://scholar.google.com/citations?hl=en&user=CFAqjwoAAAAJ
pahi saikia,"Professor of Political Science, Dept of HSS, Indian Institute of Technology Guwahati","Ethnic identity politics, Conflict prevention, Local Governance, Security Issues",193.0,https://scholar.google.com/citations?hl=en&user=5Rlo5oAAAAAJ
Debabrata Das,IIT Guwahati,"Fluid Mechanics, Heat and Mass Transfer, Solute transport, Microfluidics",193.0,https://scholar.google.com/citations?hl=en&user=J1YHEYIAAAAJ
Afsana Yashmeen,IIT Guwahati,,192.0,https://scholar.google.com/citations?hl=en&user=zDwXvE8AAAAJ
Priyanka Sow,"DST WISE-Post Doctoral Fellow , Indian Institute of Technology Guwahati","Fish physiology, Nanotechnology, Pesticide, Phytochemical, cancer",192.0,https://scholar.google.com/citations?hl=en&user=OuM7keMAAAAJ
Tony Jacob,"Associate Professor, Department of EEE, IIT Guwahati","Information Theory, Statistical Signal Processing",191.0,https://scholar.google.com/citations?hl=en&user=69iPe60AAAAJ
Dr. Shakuntala Acharya,Indian Institute of Technology (IITG),"Design for Sustainability, Design Creativity, Design Methods and Tools, Education",188.0,https://scholar.google.com/citations?hl=en&user=V0rB2W0AAAAJ
Ganesh Nehru,"Department of Biosciences and Bioengineering, Indian Institute of Technology Guwahati",,188.0,https://scholar.google.com/citations?hl=en&user=DEFhzKUAAAAJ
Prakash Singh,Indian Institute of Technology Guwahati,"Biogas, Techno-economic assessment, Solid waste management, Life cycle assessment",188.0,https://scholar.google.com/citations?hl=en&user=HxidVwIAAAAJ
Ankan Mishra,Indian Institute of Technology Guwahati,"Advance Welding Processes, Advance Machining Processes, Non-Conventional Machining Process, Particle Swarm  Optimization",187.0,https://scholar.google.com/citations?hl=en&user=tVyAinsAAAAJ
Varee Tyagi,"IPDF, IIT Guwahati","Biopolymers, Bioactive compounds, Waste utilization",186.0,https://scholar.google.com/citations?hl=en&user=rbnChMcAAAAJ
Kajal Ingtipi,IIT Guwahati,"hydrogel, nanocomposite, lignin, cellulose",186.0,https://scholar.google.com/citations?hl=en&user=amcMaaYAAAAJ
Wendy Lalhminghlui,Indian Institute of Technology Guwahati,"Phonetics, Phonology, Field linguistics, Tibeto-Burman languages, Endangered languages",184.0,https://scholar.google.com/citations?hl=en&user=xzG8C78AAAAJ
Dr. Shahana Parbin,"Institute Post Doctoral Fellow, Indian Institute of Technology Guwahati",Sustainable composites,183.0,https://scholar.google.com/citations?hl=en&user=J1tL9yEAAAAJ
Sushreeta Dora,Post Doc researcher IIT Guwahati,"3D Printing Concrete, Phase Change Materials, Thermal Energy Storage, Building Comfort, Durability",183.0,https://scholar.google.com/citations?hl=en&user=zuy9XQMAAAAJ
Dr Bhupen Mili,"IIT Guwahati, Department of Environment & Forests, and Department of Disaster …",Climate Change and Capability Approach,182.0,https://scholar.google.com/citations?hl=en&user=x0mwVWAAAAAJ
Sujit Kumar,Indian Institute of Technology Guwahati (IIT Guwahati),"NLP, DL, LLMs, Large Audio and Video Models, Conversation AI",182.0,https://scholar.google.com/citations?hl=en&user=WCohoJoAAAAJ
Debanjan Roy Chowdhury,"Software Engineer at Cisco. Ph. D. from Indian Institute of Technology Guwahati, India","Wireless Networks, Ad-Hoc Networks, Vehicular Networks",182.0,https://scholar.google.com/citations?hl=en&user=R4msIXYAAAAJ
Jyotishman Bora,IIT Guwahati,Computer Vision,182.0,https://scholar.google.com/citations?hl=en&user=B-CUqSkAAAAJ
Partha Pratim Dey,IIT guwahati,"Optical Materials, Thin films, Photonics, optoelectronics",181.0,https://scholar.google.com/citations?hl=en&user=f_aFDGoAAAAJ
Sukanta Malakar,Indian Institute of Technology Guwahati,"Natural Hazards, Remote Sensing and GIS, Machine Learning, Decision Science, Earth System Science",181.0,https://scholar.google.com/citations?hl=en&user=ijJddKYAAAAJ
Priyanka Adhikari,Department of Chemistry IIT Guwahati,"Organometallic chemistry, organic chemistry",181.0,https://scholar.google.com/citations?hl=en&user=GkrSctkAAAAJ
Dr. Purabi Sharma,Post-Doctoral Fellow at IIT Guwahati TIDF,"Radar signal processing, Image processing, Communication, Artificial Intelligence application",180.0,https://scholar.google.com/citations?hl=en&user=amlr5l8AAAAJ
BUDHADEB MAITY,"Indian Institute of Technology Guwahati, Assam, India","UWB Antennas, Microwave Devices, Electromagnetics.",179.0,https://scholar.google.com/citations?hl=en&user=B_sB4ikAAAAJ
Dr. Gaffer Ahmed,"Research Associate, Department of Chemical Engineering, IIT Guwahati","Biomass Conversion, Waste Management, Biofuels, Thermochemical Conversion",179.0,https://scholar.google.com/citations?hl=en&user=CsUiD8wAAAAJ
Suvro Kanti Chowdhury,"Indian Institute of Technology, Guwahati","Regenerative Medicine, Biomaterials, Tissue Engineering",178.0,https://scholar.google.com/citations?hl=en&user=26omoEUAAAAJ
Dr. Nishithendu Bikash Nandi,"PostDoc Position, Department of Chemistry, IIT Guwahati","Coordination Chemistry, Synthetic Chemistry and Material Chemistry",178.0,https://scholar.google.com/citations?hl=en&user=ezps1YMAAAAJ
Sk Sakir Hossain,Indian Institute of Technology Guwahati,"Material Science, Metal-Organic Framework, Single Crystal, Catalysis, Fluorescence Sensors",174.0,https://scholar.google.com/citations?hl=en&user=DXPOxXkAAAAJ
Ishtiyaq Ahmad,"Postdoctoral Researcher at IIT Guwahati, University of Kashmir","Material science, Crystal engineering, Solid state chemistry, Smart materials",173.0,https://scholar.google.com/citations?hl=en&user=LRYYsnoAAAAJ
Sumantra Chaudhuri,IIT Guwahati,"Microstrip antennas, dielectric resonator antennas",173.0,https://scholar.google.com/citations?hl=en&user=Bn_ZRigAAAAJ
ritesh ratti,@ IIT Guwahati,"Network Security, Data Mining, Database Security, Web services, Machine LEarning",171.0,https://scholar.google.com/citations?hl=en&user=LgOa2lsAAAAJ
DEEPAK AGRAWAL,EEE department IIT Guwahati,Security in wireless communication,170.0,https://scholar.google.com/citations?hl=en&user=V1eecEoAAAAJ
Bhabesh Mali,"Indian Institute of Technology, Guwahati","Machine Learning, Electronic Design Automation",170.0,https://scholar.google.com/citations?hl=en&user=2cxoiLMAAAAJ
Dipika Deb,Indian Institute of Technology Guwahati,"MultiCore Systems, Network on Chip, Domain Specific Architectures, GPUs, ML based architecture",168.0,https://scholar.google.com/citations?hl=en&user=-1NFU78AAAAJ
Priyanka Tiwari,"NPDF, IIT guwahati, Assam","Magnetic Materials, Supercapacitors, Ferromagnetic resonance (FMR)",168.0,https://scholar.google.com/citations?hl=en&user=vD9OdkIAAAAJ
Deepankar Nankani,"Department of CSE, IIT Guwahati","Biomedical Signal Processing, Machine Learning, Deep Learning, Computer Vision",168.0,https://scholar.google.com/citations?hl=en&user=i9X0jGIAAAAJ
Sushma Chityala,Indian Institute of Technology Guwahati,"Nutrition, Microbiology, Molecular biology, Bioprocess, Metabolic engineering",167.0,https://scholar.google.com/citations?hl=en&user=AcUz4pQAAAAJ
Aswin Karthik Chandrasekaran,Indian Institute of Technology Guwahati,"Battery thermal management, Thermal energy storage, Decarbonization of Energy systems, AI",167.0,https://scholar.google.com/citations?hl=en&user=en7twmsAAAAJ
Ashutosh Gupta,"Assistant Professor, Department of Zoology, DVC. Alumni of Indian Institute of Technology …","Fermentation biology, Molecular biology, Bioenergy, Waste management, Biomass to Biofuel",166.0,https://scholar.google.com/citations?hl=en&user=6xhp2CkAAAAJ
Hirakjyoti Roy,Indian Institute of Technology Guwahati,"Molecular Biology, Cancer Theranostics, Drug Delivery, Nanobiotechnology",166.0,https://scholar.google.com/citations?hl=en&user=bWpHrKIAAAAJ
Venkatesh Ravichandran,Indian Institute of Technology Guwahati (IITG),"Remote Sensing, GIS, Land&Water Resources, Disaster Studies, Geospatial Technologies",166.0,https://scholar.google.com/citations?hl=en&user=2JV4EpwAAAAJ
Dr. Sebina Yesmin,Indian Institute of Technology Guwahati,"Supercapacitors, Materials Science, Energy Storage, Microwave Absorber, Fiber Optics",165.0,https://scholar.google.com/citations?hl=en&user=yp8aPOMAAAAJ
Rik Ghosh,"Indian Institute of Technology, Guwahati","Clinical Trials, Biostatistics, Dynamic Regime, Quantitative Finance, DeFi",164.0,https://scholar.google.com/citations?hl=en&user=f6YuuD0AAAAJ
Kishore Kumar Padi,"Senior Project Engineer, IIT Guwahati","Biomedical Devices, 3D Printing, Robotics",163.0,https://scholar.google.com/citations?hl=en&user=1fKL3NoAAAAJ
Sirsendu Ghosal,IIT Guwahati,"SERS, TERS, Quantum Sensing, Material Science, Nanotechnology",163.0,https://scholar.google.com/citations?hl=en&user=GbgtsUgAAAAJ
Vinay Pandey,"Mercedes Benz AG Germany, IIT Guwahati India","Adaptivecontrol, Modeling, Simulation, ADAS, Autonomous driving",162.0,https://scholar.google.com/citations?hl=en&user=_sHHfoQAAAAJ
Karthik Maddala,Master's @iit guwahati | Scientist @National Informatics Centre,"Augmented Reality, Internet of Things, Design Verification, LLM in EDA",161.0,https://scholar.google.com/citations?hl=en&user=bK0k3KIAAAAJ
Subhamoy Biswas,"Department of Chemistry, Indian Institute of Technology Guwahati, Assam, India",Organic Chemistry,160.0,https://scholar.google.com/citations?hl=en&user=rPRGHPYAAAAJ
DIPANKAR BARMAN,Indian Institute of Technology Guwahati,"general relativity, quantum field theory, quantum entanglement",159.0,https://scholar.google.com/citations?hl=en&user=P3epSpgAAAAJ
Dhrubajyoti Pathak,Indian Institute of Technology Guwahati,"Natural Language Processing, Low-resource Languages, Cyber security",158.0,https://scholar.google.com/citations?hl=en&user=Nvi6cJoAAAAJ
Sathyaraj Sankar lal,"Post-Doctoral Fellow, Indian Institute of Technology Guwahati","Bio-Thermosets, Polymer Composite, Bio-resin synthesis, Bio-polymers, Vitimers",158.0,https://scholar.google.com/citations?hl=en&user=cLEZvdAAAAAJ
MOUMITA DUTTA,"Research Schloar, IIT Guwahati",chemistry,157.0,https://scholar.google.com/citations?hl=en&user=Z_FlWmkAAAAJ
Ningthoujam Somorjit Singh,"Project Engineer, IIT Guwahati","Graphene Oxide, SERS, Photodetector, Gas sensors, Supercapacitor",156.0,https://scholar.google.com/citations?hl=en&user=_33I-D8AAAAJ
MANISH KUMAR GUPTA,IIT Guwahati,"Biochemistry, Natural product",156.0,https://scholar.google.com/citations?hl=en&user=s6svxAUAAAAJ
Rajat Pandey,"Doctoral candidate, IIT Guwahati & IST Lisbon","Bioprocess engineering, Biosimilars, Biotherapeutic, DNA vaccine, Synthetic Biology",152.0,https://scholar.google.com/citations?hl=en&user=E1V_ggsAAAAJ
Rajan Kumar,"INSPIRE Faculty Fellow, IIT Guwahati","Polymer Synthesis, Nanocarriers, Sensors, Purifiers, Pharmaceutical/E-waste Filters",152.0,https://scholar.google.com/citations?hl=en&user=cfBSvRgAAAAJ
Lokesh Siddhu,"Assistant Professor at CSE, IIT Guwahati","Non-Volatile Memory, 3D Memory, Thermal Design, Low Power Design, Computer Architecture",151.0,https://scholar.google.com/citations?hl=en&user=XBhHkGoAAAAJ
Dr. J Anto Pradeep,Indian Institute of Technology Guwahati,"Semiconductor optics, Composites, Porous materials, Photonic crystals, Dielectric mulilayers",150.0,https://scholar.google.com/citations?hl=en&user=0htT4aUAAAAJ
Dr. GR  Patil,IITG,"FEM, Dynamics, EarthquakeEngg",150.0,https://scholar.google.com/citations?hl=en&user=7teGCBoAAAAJ
Anand Tiwari,Indian Institute of Technology Guwahati,metal ion transport,148.0,https://scholar.google.com/citations?hl=en&user=3VJhMRoAAAAJ
Rajshree Bedamatta,"Professor of Economics, Indian Institute of Technology Guwahati","Economics of food, health, education, agriculture and rural development",148.0,https://scholar.google.com/citations?hl=en&user=WQLP-EQAAAAJ
Anupam Ghosh,Institute Post Doctoral Fellow (IPDF) at Indian Institute of Technology Guwahati,"High Energy Physics, LHC phenomenology, Dark Matter, Machine Learning, NLO-QCD calculation",148.0,https://scholar.google.com/citations?hl=en&user=KAlXasUAAAAJ
Ritayan Kashyap,Indian Institute of Technology Guwahati,"Plasmonics, Photonics, Optical biosensing, Microfluidics",146.0,https://scholar.google.com/citations?hl=en&user=b9p0GhMAAAAJ
Deepesh  Chauhan,Indian Institute of Technology Guwahati,"Microalgae, CO2 capture, Wastewater Treatment, Biorefinery, Bioproduct",146.0,https://scholar.google.com/citations?hl=en&user=MMnk-ZAAAAAJ
Anil Kumar,"Indian Institute of Technology Guwahati, Assam, India","Chemical Engineering, Electrochemistry, Corrosion Inhibitor, Anticorrosive Coating",146.0,https://scholar.google.com/citations?hl=en&user=7pAEHOYAAAAJ
Dr. Avinash Anand,"Indian Institute of Technology Guwahati ,  Guwahati","Biohydrogen, Biofuel, Green energy, Chemical engineering, Machine learning",145.0,https://scholar.google.com/citations?hl=en&user=XIOPsuwAAAAJ
Nilutpal Bora,"NPDF, IIT Guwahati","Earthquake seismology, Earthquake Dynamics, Digital signal processing",144.0,https://scholar.google.com/citations?hl=en&user=h8XwOt8AAAAJ
Alok Kumar Sahu,"Indian Institute of Technology, Guwahati","High entropy material, Electrical, Magnetic Properties, transport & Magnto-transport, Triboelectric",143.0,https://scholar.google.com/citations?hl=en&user=IECc44YAAAAJ
Dinesh Kumar Gautam,IIT Guwahati,"Chemical Engineering, Modeling and simulation",140.0,https://scholar.google.com/citations?hl=en&user=CL-SsycAAAAJ
Shivam Ojha,"Doctor of Philosophy, Indian Institute of Technology Guwahati","Structural Health Monitoring, Structural Dynamics, Machine Learning, Acoustic Waves",139.0,https://scholar.google.com/citations?hl=en&user=3IPtibAAAAAJ
Mizanur Alam,IIT GUWAHATI,Memristor,139.0,https://scholar.google.com/citations?hl=en&user=Oq1BEiQAAAAJ
Amalika Patra,"Department of Physics, Indian Institute of Technology Guwahati","MXene, Supercapacitor, Energy storage",139.0,https://scholar.google.com/citations?hl=en&user=axl4r3oAAAAJ
Dr. Kiran Kumar K,Post-Doctoral Fellow @ Indian Institute of Technology Guwahati,"Flow and Heat Transfer, Thermodynamics, Metal Foam, CFD",139.0,https://scholar.google.com/citations?hl=en&user=BRLEc_AAAAAJ
Dr. Anshika Bagla,"Banasthali Vidyapith, IIT Guwahati, IIT Kharagpur","Functional Materials and Devices, Energy Harvesting, Piezoelectric Nanogenerators, Polymer-",138.0,https://scholar.google.com/citations?hl=en&user=LSnPjlcAAAAJ
H Pallab Jyoti Dutta,IIT Guwahati,"Compter Vision, Deep Learning, Image Processing",137.0,https://scholar.google.com/citations?hl=en&user=qws1iHoAAAAJ
John Thomas,"Assistant Professor of History, Indian Institute of Technology Guwahati","History of Christianity in South Asia, Social History of Technology",136.0,https://scholar.google.com/citations?hl=en&user=Q9x4eGQAAAAJ
Ajithkumar Veluchamy,Indian Institute of Technology Guwahati,"Bioprocess Engineering, wastewater treatment, Enzyme Biotechnology, Optimization studies",136.0,https://scholar.google.com/citations?hl=en&user=LPOEBYYAAAAJ
Muzaffer Ahmad,"National Postdoctoral Fellow (NPDF), Indian Institute of Technology (IIT), Guwahati, India",Fluorescent chemosensors,135.0,https://scholar.google.com/citations?hl=en&user=KITv9cAAAAAJ
Manas Ranjan Praharaj,"Indian Institute of Technology, Guwahati","Host-Virus interaction, Transcriptomics, Proteomics",134.0,https://scholar.google.com/citations?hl=en&user=Bz-MZtoAAAAJ
Kiran Kumar Gali,INDIAN INSTITUTE OF TECHNOLOGY GUWAHATI,Bioprocess Engineering,133.0,https://scholar.google.com/citations?hl=en&user=kqofBQUAAAAJ
Murugan Vijay,"Department of Chemistry, Indian Institute of Technology Guwahati",Organic Synthesis,133.0,https://scholar.google.com/citations?hl=en&user=xxl6xcoAAAAJ
Ravula Rajasekhar,Indian Institute of Technology Guwahati,"Sensors, Heavy Metal Detection, Water Treatment, Mobile apps",133.0,https://scholar.google.com/citations?hl=en&user=iBDb3JAAAAAJ
SUMIT DEY,"Indian Institute of Technology, Guwahati","General relativity, Quantum field theory",133.0,https://scholar.google.com/citations?hl=en&user=mX6vMDQAAAAJ
SAMPRITI SOOR,IPDF at Indian Institute of Technology Guwahati,"Mathematical Morphology, Deep Learning, Computer Vision, Hyperspectral Images",132.0,https://scholar.google.com/citations?hl=en&user=kd6hGOkAAAAJ
Anasua Mitra,Indian Insitute of Technology Guwahati,Network Representation Learning,131.0,https://scholar.google.com/citations?hl=en&user=Oy8M_4QAAAAJ
Dr. Shubhajit Basak,Indian Institute of Technology Guwahati,"Synthetic Organic Chemistry, CH Activation, TM-Catalysis",130.0,https://scholar.google.com/citations?hl=en&user=wITMj0cAAAAJ
Leimapokpam Sophia Devi,"Doctoral Researcher, IIT Guwahati","Conducting Polymer Hydrogel-biosensor, Optoelectronic devices",130.0,https://scholar.google.com/citations?hl=en&user=ifXIL9QAAAAJ
Dr. Md Samim Aktar,"IPDF, School of Business, IIT Guwahati","Optimization, Transportation, Uncertainty",130.0,https://scholar.google.com/citations?hl=en&user=1nLZap0AAAAJ
Dr. Anjishnu Biswas,Indian Institute of Technology Guwahati,"Constructed wetlands, Integrated CW-MFC, Biological wastewater treatment, Bioelectrochemical reactor",129.0,https://scholar.google.com/citations?hl=en&user=axuFrJoAAAAJ
"Dr. Deepti,","Centre for the Environment, Indian Institute of Technology Guwahati","Advanced separation processes, Membrane technology, Industrial pollution control, Wastewater",129.0,https://scholar.google.com/citations?hl=en&user=b4Gy7ccAAAAJ
Shailesh Pincha,Indian Institute of Technology Guwahati,Experimental High Energy Physics,129.0,https://scholar.google.com/citations?hl=en&user=I_BF0lAAAAAJ
Juhi Kumari,Indian Institute of Technology,"2D Nanomaterials, Thin Films, Solar Photovoltaics, Energy",128.0,https://scholar.google.com/citations?hl=en&user=IvMrarcAAAAJ
Ashita Batra,"Indian Institute of Technology, Guwahati","Bio-medical speech processing, Audio/Video processing, Acoustics, Pathological speech, Stuttering",128.0,https://scholar.google.com/citations?hl=en&user=01rS20IAAAAJ
Ashruti Upadhyaya,"Indian Institute of Technology, Guwahati","Electric Vehicles, Energy Management System, Hybrid Energy Storage System, Control System",128.0,https://scholar.google.com/citations?hl=en&user=ZKFWnLYAAAAJ
Bhaskar Jyoti Neog,"Assistant Professor, IIT Guwahati","Labour Economics, Climate Change, Economics of Education, Development Economics",127.0,https://scholar.google.com/citations?hl=en&user=pHFDn78AAAAJ
Jeffrey Denzil K. Marak,IIT Guwahati,"Hydrology, water resources, remote sensing",127.0,https://scholar.google.com/citations?hl=en&user=yeAovtgAAAAJ
Dr. Priyamjeet Deka,"Technical Lead, Department of Chemical Engineering, Indian Institute of Technology …","Membrane Technology, 2D materials, Gas Separation, Advanced Separation Process",126.0,https://scholar.google.com/citations?hl=en&user=7OsXePAAAAAJ
Dr. Chandan Dawo,IIT Guwahati,Photovoltaics,126.0,https://scholar.google.com/citations?hl=en&user=0PLgmZwAAAAJ
Md Saifuddin,"Post-Doc, IIT GUWAHATI","X-ray scattering, Organic Semiconductors, 2D Materials, Photodetectors, 2D-Organic heterostructures",125.0,https://scholar.google.com/citations?hl=en&user=bonKuvgAAAAJ
RK Srivastava,"Associate professor, IIT Guwahati",Harmonic Analysis,124.0,https://scholar.google.com/citations?hl=en&user=PkAcYysAAAAJ
Debarshi Baruah,"School of Energy Science & Engineering, IIT Guwahati","Bioenergy, Gasification",123.0,https://scholar.google.com/citations?hl=en&user=Sb3AeTcAAAAJ
Charakho N Chah,IIT Guwahati,,123.0,https://scholar.google.com/citations?hl=en&user=25luMPYAAAAJ
Dr. Sudip Karan,Post-Doctoral Fellow at IIT Guwahati,"Black hole thermodynamics, Black holes in string theory, Tensionless strings",122.0,https://scholar.google.com/citations?hl=en&user=bn1pSdgAAAAJ
Dr. Pratiksha Sarma,Post Doctoral Fellow at IIT Guwahati TIDF,"ECG, Neural Network, Fiber Optics, Devices for Underwater Technology",120.0,https://scholar.google.com/citations?hl=en&user=8i3gSVUAAAAJ
Mehak Kaushal,IIT Guwahati,Anaerobic microbiology and bioprocess …,120.0,https://scholar.google.com/citations?hl=en&user=yfDVxSEAAAAJ
Aniruddha Mazumdar,IIT Guwahati,"Image Forensics, Deep Learning, Computer Vision",120.0,https://scholar.google.com/citations?hl=en&user=fGclIsgAAAAJ
Sandeep Reddy Basireddy,Indian Institute of Technology Guwahati,Dynamics and Control of Mechanical Systems,119.0,https://scholar.google.com/citations?hl=en&user=m2g6Vt4AAAAJ
Sovan Dey,Postdoctoral Fellow at IIT Guwahati,Photocatalysis and Organic Synthesis,119.0,https://scholar.google.com/citations?hl=en&user=sCDKVZeNBk0C
Biswanath Dey,Indian Institute of Technology Guwahati,"Sensor Network, Computer Systems, Artificial Intelligence",118.0,https://scholar.google.com/citations?hl=en&user=_38RH3kAAAAJ
Sheikh Suhail Mohammad,"Postdoc Fellow, Indian Institute of Technology (IIT) Guwahati","Distributed Generation, Microgrids, Power Management and Control, Optimization, AI/ML",118.0,https://scholar.google.com/citations?hl=en&user=9gAJByAAAAAJ
Vivek Singh Yadav,Indian Institute of Technology Guwahati,"Material Science, Thin Film, Advance materials",118.0,https://scholar.google.com/citations?hl=en&user=iyu-nvAAAAAJ
Sristi Gupta,"Institute Postdoctoral Fellow (IPDF), IIT Guwahati, India","Strengthening evaluation of RC buildings, Particulate Polymer Composites, Convolutional Neural",118.0,https://scholar.google.com/citations?hl=en&user=slI0T4UAAAAJ
Abhik Sarkar,"Indian Institute of Technology, Guwahati",High Energy Physics (Phenomenology),118.0,https://scholar.google.com/citations?hl=en&user=ipff-TMAAAAJ
PRIYANKA DEY,"Doctoral Fellow, Indian Institute of Technology, Guwahati",Disaster Risk Management,117.0,https://scholar.google.com/citations?hl=en&user=nJuwegkAAAAJ
Dr. Chinmoy Deka,Indian Institute of Technology Guwahati,"Human-Centered AI, Artificial Intelligence, NLP, Human-Computer Interaction, UX Design",117.0,https://scholar.google.com/citations?hl=en&user=-BM6YbkAAAAJ
Jon Jyoti kalita,Indian Institute of Technology Guwahati,"Food Safety, Aptamer, SELEX, Bioassays",116.0,https://scholar.google.com/citations?hl=en&user=PpoR7K4AAAAJ
Kaustubh Rakshit,"Junior Technical Superintendent, Centre for the Environment, Indian Institute of Technology …","Conservation Biology, Environmental Science",115.0,https://scholar.google.com/citations?hl=en&user=5ZVnV8MAAAAJ
Basudhrity Banerjee,Indian institute of Technology Guwahati,"Hydrogen Storage, Ionic Liquids, Renewable energy",115.0,https://scholar.google.com/citations?hl=en&user=tP5hIwwAAAAJ
Rupam Bhaduri,Post-Doctoral Fellow at IIT Guwahati,Climate Change and decision making,115.0,https://scholar.google.com/citations?hl=en&user=7tECeygAAAAJ
Jaysri Das,"Indian institute of technology, Guwahati","Polymer, Superaerophobicity, Water splitting, Electrochemistry",115.0,https://scholar.google.com/citations?hl=en&user=fWEPuEwAAAAJ
Shilpi Sarkar,"Indian Institute of Technology, Guwahati","Cancer biology, Epigenetics",115.0,https://scholar.google.com/citations?hl=en&user=O9TGkY8AAAAJ
Priyam Das,"Prime Minister Research Fellow, Indian Institute of Technology Guwahati, Guwahati, Assam …","Supramolecular Chemistry, Non-equilibrium Assemblies, Information Encryption, Adaptive Materials",115.0,https://scholar.google.com/citations?hl=en&user=bvUF6EUAAAAJ
John Kiran Katari,IIT Guwahati,"Bioprocess development, Microalgae, ABE fermentation, Biorefineries for Biofuels & Bioproducts",114.0,https://scholar.google.com/citations?hl=en&user=fLcOnioAAAAJ
Malay Kumar Baroi,"Prime Minister's Research Fellow, Department of Chemistry, IIT Guwahati","Split Protein, Peptide, Supramolecular Assembly, Cucurbit[n]urils, Hydrogel",114.0,https://scholar.google.com/citations?hl=en&user=ecwVn78AAAAJ
S Mohanty,"Asst. Prof., Dept. of Mech. Engg., GITAM Deemed to be Univ., Past-ME Dept., IIT Guwahati","Nonlinear dynamics, Vibration absorbers, Feedback Control, Underwater vehicle, Robotics",113.0,https://scholar.google.com/citations?hl=en&user=EwnFql0AAAAJ
Karnika Biswas,"Indian Institute of Technology, Guwahati","Robotics, Control, Artificial Intelligence, Auomation",112.0,https://scholar.google.com/citations?hl=en&user=bevL_S0AAAAJ
PRAKASH SINGH,Indian Institute of Technology Guwahati,,112.0,https://scholar.google.com/citations?hl=en&user=myn28hcAAAAJ
Sanchit Jhunjhunwala,"Mechanical Engineer, Indian Institute of Technology Guwahati, Indian Institute of Science …","Additive Manufacturing, Biomedical Devices, CAD, CAM, Interdisciplinary Machine Design",111.0,https://scholar.google.com/citations?hl=en&user=rNKQqnAAAAAJ
Abhilash Sahu,"Post-Doctoral Fellow, IIT Guwahati","Analysis on fractals, Approximation theory",111.0,https://scholar.google.com/citations?hl=en&user=rBfHPwUAAAAJ
Raghvendra Kannao,"Indian Institute of Technology, Guwahati","Computer Vision, Multimedia, Pattern Recognition, Machine Learning, Speech Processing",110.0,https://scholar.google.com/citations?hl=en&user=m4hFdngAAAAJ
Devendra Kumar Maravi,Indian Institute of Technology Guwahati,"Biodiesel, Plant Biotechnology",110.0,https://scholar.google.com/citations?hl=en&user=7cyljysAAAAJ
Rhythm Grover,Indian Institute of Technology Guwahati,Statistical Signal Processing,110.0,https://scholar.google.com/citations?hl=en&user=0lsISW8AAAAJ
Nicola Thounaojam,Indian Institute of Technology Guwahati,"Megaprojects, Sustainability, Institutional theory, System dynamics, Infrastructure resilience",110.0,https://scholar.google.com/citations?hl=en&user=3SvNe44AAAAJ
Dr. Kaustav Banerjee,Indian Institute of Technology Guwahati,"Organic Synthesis, Bio-organic Chemistry, Medicinal Chemistry",109.0,https://scholar.google.com/citations?hl=en&user=T2V9g18AAAAJ
RONIL BARUA,"Assistant Professor - Finance, School of Business, IIT Guwahati","Portfolio Management, Machine Learning for Finance, Neural Networks, Investor Sentiment",109.0,https://scholar.google.com/citations?hl=en&user=5HwyOWcAAAAJ
Dr. Priyanka Gogoi,Indian Institute of Technology Guwahati,"Catalysis, Nanomaterials, Sustainable Chemistry, Photocatalysis, Electrocatalysis",108.0,https://scholar.google.com/citations?hl=en&user=HkZ7sMAAAAAJ
Nisha Job,"Institute Postdoctoral fellow, IIT Guwahati","Computational chemistry, Astrochemistry",107.0,https://scholar.google.com/citations?hl=en&user=E4flH0QAAAAJ
Dr. Rabin Paul,"Post Doctoral Fellow, IIT Guwahati","Electronics devices, Solar cell modelling and development, Nano-electronics, VLSI, LED",107.0,https://scholar.google.com/citations?hl=en&user=wtlLNr4AAAAJ
Saurabh Nautiyal,"Indian Institute of Technology Guwahati, Assam, India","HCI Design, Designing for Ageing Population, Assistive Technology, Electronics Product Design",106.0,https://scholar.google.com/citations?hl=en&user=nqo1FZUAAAAJ
Deepika Bishnoi,Indian Institute of Technology Guwahati,"Microgrids, Smartgrids, Optimization and Control algorithms for …, Grid Integration of EVs",105.0,https://scholar.google.com/citations?hl=en&user=xivy7GgAAAAJ
Abhijit Sen,"Department of Design, Indian Institute of Technology (IIT) Guwahati","Design, ergonomics, human factors, management",105.0,https://scholar.google.com/citations?hl=en&user=1S7tZn8AAAAJ
Anurag priyadarshi,IIT Guwahati,Protein biophysics,105.0,https://scholar.google.com/citations?hl=en&user=bSYbOxsAAAAJ
Soeb Hussain,"Indian Institute of Technology, India",Computer Vision,104.0,https://scholar.google.com/citations?hl=en&user=x1678xEAAAAJ
Suvendu Mandal,"Centre for Nanotechnology, Indian Institute of Technology Guwahati","Soft matter, Supercapacitor",104.0,https://scholar.google.com/citations?hl=en&user=QsnEzL4AAAAJ
Dr. Sumona Koley,"Indian Institute of Technology, Guwahati","Drinking Water, Disinfection by-products, Risk Assessment, Emerging Contaminants",104.0,https://scholar.google.com/citations?hl=en&user=O7_U1P8AAAAJ
Tapashi Sarmah,"Indian Institute of Technology, Guwahati",Organic Emissive Materials and their …,104.0,https://scholar.google.com/citations?hl=en&user=8l5F48IAAAAJ
Khadimul Islam,IIT Guwahati,"Organic Chemistry, Polycyclic Aromatic Hydrocarbon, Photophysical Properties, Sensing",103.0,https://scholar.google.com/citations?hl=en&user=-xLi_UkAAAAJ
Ramesh Hariharasubramanian,"Assistant Professor, Indian Institute of Technology Guwahati","Formal languages and Automata theory, Distributed computing, Word-representable graphs",103.0,https://scholar.google.com/citations?hl=en&user=ghxnq7gAAAAJ
Shashi Kumar C,"Indian Institute of Technology, Guwahati, India","Food Process Engineering, Post-harvest processing, Food Grains packaging and storage",101.0,https://scholar.google.com/citations?hl=en&user=LlVZWcYAAAAJ
Dr. Siddhanta Borah,"Posdoctoral Fellow, EEE, Indian Institute of Technology, Guwahati",Embedded Hardware Design,101.0,https://scholar.google.com/citations?hl=en&user=Y6zuY1QAAAAJ
Pratyoosh Kumar,"Associate Professor of Mathematics, IIT Guwahati",Harmonic Analysis,100.0,https://scholar.google.com/citations?hl=en&user=dOtM8jUAAAAJ
Dr. Soumyajit Das,"Post-Doctoral Fellow | IIT, Guwahati","Solid-State Welding, Advance Manufacturing, Lithium-ion Batteries",100.0,https://scholar.google.com/citations?hl=en&user=J9HdF9MAAAAJ
Dr. Rohit Verma,"Indian Institute of Technology Guwahati, Guwahati, Assam","Bio heat transfer, Collocation method, Radial basis functions",99.0,https://scholar.google.com/citations?hl=en&user=UbpWvZIAAAAJ
Dr. Adarash Kumar Shukla,PDRA  IIT Guwahati,"Organic synthesis, Chemical biology, Zinc sensor/Transports, Zinc Homeostasis, ESIPT/ESIDPT.",99.0,https://scholar.google.com/citations?hl=en&user=uJcvHgkAAAAJ
RAMESH BABU YATHIRAJULA,INDIAN INSTITUTE OF TECHNOLOGY GUWAHATI,"OLED, PEROVSKITE LED, ELECTRICAL SENSOR, OFET, SOLAR CELL",98.0,https://scholar.google.com/citations?hl=en&user=dTEVLWEAAAAJ
pvss sridhar,IIT Guwahati,Manufacturing,98.0,https://scholar.google.com/citations?hl=en&user=WTCtCl4AAAAJ
Dr. Saritha poopandi,Institute Postdoctoral Fellow at IIT Guwahati,"X-ray Crystallography, Structural biology, Drug Design, Bioinformatics, Computational Biology",98.0,https://scholar.google.com/citations?hl=en&user=LtvygAcAAAAJ
Sayantan Basu,Indian Institute of Technology Guwahati,,98.0,https://scholar.google.com/citations?hl=en&user=Zs_Up_UAAAAJ
Narendra Babu PVR,Indian Institute of Technology Guwahati,"Steel Structures, Composite Steel Structures, FE Simulations, Tubular Structures",97.0,https://scholar.google.com/citations?hl=en&user=jEBKUlYAAAAJ
ARVIND KUMAR AGRAWAL,IIT Guwahati,"Tube Forming, Simulation in ABAQUS",95.0,https://scholar.google.com/citations?hl=en&user=YH-b2rsAAAAJ
Rajendra Kumar,"IIT Guwahati, CHARGE-University of Windsor","Electrical machine design, Induction Machine",94.0,https://scholar.google.com/citations?hl=en&user=evOkDnUAAAAJ
Vishnu Venugopal T,Indian Institute of Technology Guwahati,"Turbulent flows, Rayleigh Benard Convection, DNS, LES, CFD",93.0,https://scholar.google.com/citations?hl=en&user=F8LVntAAAAAJ
Mrinmoy Bharadwaj,Indian Institute of Technology Guwahati,"Terahertz Antennas, Microwave/RF Electromagentics",92.0,https://scholar.google.com/citations?hl=en&user=LP1zflYAAAAJ
Richa Rakshit,IIT Guwahati,bioinorganic chemistry,92.0,https://scholar.google.com/citations?hl=en&user=BALdmGUAAAAJ
Ande Bhuvaneswari Devi,Indian Institute of Technology Guwahati,"Hydrogeology, RS&GIS",92.0,https://scholar.google.com/citations?hl=en&user=YjNhoL4AAAAJ
Sunayan Deka,"Researcher, IIT Guwahati","AI & Data Science, Biomaterials",92.0,https://scholar.google.com/citations?hl=en&user=7oP7kXkAAAAJ
Niharika Kashyap,"Indian Institute of Technology, Guwahati","Bioremediation, Environmental biotechnology, Waste water treatment",91.0,https://scholar.google.com/citations?hl=en&user=jd0Cyt4AAAAJ
Prathima Addanki,Post Doctoral Fellow @ IIT Guwahati,"Integrated Sensing and Communication, SWIPT, Resource Allocation and Optimization",91.0,https://scholar.google.com/citations?hl=en&user=91yIN1IAAAAJ
KODIESWARAN M,"Prime Minister's Research Fellow, IIT Guwahati","Biomaterials, Tissue engineering, Wound healing",91.0,https://scholar.google.com/citations?hl=en&user=AP-42-AAAAAJ
Arkadeep Das,"Department of Mathematics, Indian Institute of Technology, Guwahati","Computer Vision, Deep Learning, Natural Language Processing",90.0,https://scholar.google.com/citations?hl=en&user=jj9gcfIAAAAJ
Saumitra Sharma,"Graduate, IIT Guwahati",,90.0,https://scholar.google.com/citations?hl=en&user=Kl7olboAAAAJ
Pavan Krishna Kanchi,Indian Institute of Technology Guwahati,,90.0,https://scholar.google.com/citations?hl=en&user=mHJGJeEAAAAJ
Dr. Avinash Ranjan,"Postdoctoral Fellow at Indian Institute of Technology, Guwahati","Energy transition, water contamination, water accessibility, political ecology",90.0,https://scholar.google.com/citations?hl=en&user=VQtcUqQAAAAJ
Prakrati Kushwah,"Indian Institute of Technology, Guwahati","Population Balance Equation, Fragmentation, Coagulation, Homotopy Analsysis Method",89.0,https://scholar.google.com/citations?hl=en&user=KwqprNoAAAAJ
SANTANU BARMAN,"Post Doctoral Fellow, Indian Institute of Technology Guwahati","transportation safety, driving behavior",89.0,https://scholar.google.com/citations?hl=en&user=dZd2yawAAAAJ
Dr. Silvia Saikia,Indian Institute of Technology Guwahati,"Solid waste management, pyrolysis technology",89.0,https://scholar.google.com/citations?hl=en&user=NmeDhMgAAAAJ
Kainat Aziz,Indian Institute of Technology Guwahati,"Landslide, Slope instability, GLOF, Glacier dynamics, Disaster risk reduction",89.0,https://scholar.google.com/citations?hl=en&user=TlD9MJUAAAAJ
GR Patil,IIT Guwahati,Earthquake Engineering and vibration …,88.0,https://scholar.google.com/citations?hl=en&user=x3dX-yoAAAAJ
Dr. Nimisha Bania,IIT Guwahati,Organic chemistry,88.0,https://scholar.google.com/citations?hl=en&user=U7Un_AUAAAAJ
Rohith KM,Indian Institute of Technology Guwahati,"Terahertz, Metamaterials, Terahertz spectroscopy, Topological Photonics",87.0,https://scholar.google.com/citations?hl=en&user=CmZcftgAAAAJ
Akshara Bisarya,IIT Guwahati,organometallic catalysis,86.0,https://scholar.google.com/citations?hl=en&user=bxghpLYAAAAJ
Mahesh R,Indian Institute of Technology Guwahati,"Photobioreactor design, Microalgae biorefinery",85.0,https://scholar.google.com/citations?hl=en&user=HDv8iYcAAAAJ
Himangshu Pratim Bhattacharyya,Indian Institute of Technology Guwahati,"Computational Chemistry, Catalysis, Method Development",85.0,https://scholar.google.com/citations?hl=en&user=q0bTWyUAAAAJ
Aakash Tyagi,Indian Institute of Technology Guwahati,"Additive Manufacturing, Powder DED, Advanced Manufacturing Processes",85.0,https://scholar.google.com/citations?hl=en&user=x5ECLDYAAAAJ
Gaurav  Kumar Yadav,Indian Institute of Technology Guwahati,"Image Processing, Machine Learning, Pattern Recognition, Computer Vision",84.0,https://scholar.google.com/citations?hl=en&user=5IpL3AIAAAAJ
Shikhamoni Nath,Indian Institute of Technology,"Speech to Speech translation, Machine Translation, Network Security",84.0,https://scholar.google.com/citations?hl=en&user=0KfshS8AAAAJ
firdausa ahmed,IIT Guwahati,"bearingless motors, electrical drives, electrical machines",84.0,https://scholar.google.com/citations?hl=en&user=yWuCxeoAAAAJ
Mohammed Rafi Uz Zama khan,Indian institute of technology Guwahati,"Medicinal chemistry, cell biology, cancer",83.0,https://scholar.google.com/citations?hl=en&user=lu5MxqgAAAAJ
SANTANU DOLAI,Indian Institute of Technology Guwahati,"nanomaterials, nanoclusters, nanoparticles, Assembly, Quantum dot",83.0,https://scholar.google.com/citations?hl=en&user=PhVz7-EAAAAJ
Nayanita Kalita,"PMRF, Indian Institute of Technology Guwahati","Thermo-fluid engineering, Solar dryer, Renewable energy systems, Heat and mass transfer",83.0,https://scholar.google.com/citations?hl=en&user=QkNaiI4AAAAJ
Arisha Arora,"Prime Minister's Research Fellow, Indian Institute of Technology Guwahati","Cancer Therapeutics, Cloning, Molecular Dynamic Simulation, Epigenetics",83.0,https://scholar.google.com/citations?hl=en&user=7mj_5-MAAAAJ
Sachin Kumar Bharatiy,"Indian Institute of Technology, IIT Roorkee","Bioinformatics, Cancer Diagnostics, NanoBiosensors",82.0,https://scholar.google.com/citations?hl=en&user=Qh0ERKYAAAAJ
Vinny Kohli,IIT Guwahati,"Legumes, Fermentation, Protein quality, Digestibility",81.0,https://scholar.google.com/citations?hl=en&user=i9SYy54AAAAJ
Deepa Mehta,"Indian Institute of Technology Guwahati, Guwahati, Assam","Viral immunology, Oncolytic virus",81.0,https://scholar.google.com/citations?hl=en&user=-RAcdxwAAAAJ
Dileep Ahari,Indian Institute of Technology Guwahati,"Proteins, Biophysics, Molecular Biology",80.0,https://scholar.google.com/citations?hl=en&user=n3cF4CEAAAAJ
Prosenjit Mondal,IIT Guwahati,"Machine Drives, Control, Power Electronics, Renewable Energies, Embedded Systems",80.0,https://scholar.google.com/citations?hl=en&user=A-PFwJoAAAAJ
Manigandan Nagarajan,"Institute Post Doctoral Fellow, Indian Institute of Technology Guwahati, Assam, India.","Low Carbon Cements, CO2 Sequestration, Reactivity, Microstructure, Transport Durability",80.0,https://scholar.google.com/citations?hl=en&user=hunxx6MAAAAJ
Venkatesh Kulkarni,"Indian Institute of Technology, Guwahati","NLP, Computer Vision, Explainable AI",80.0,https://scholar.google.com/citations?hl=en&user=ZH8NcZoAAAAJ
Dhanya Subhash,Indian Institute of Technology Guwahati,"Nanomedicine, Cancer nanotheranostics, biosensors, molecular Biology, immunology",79.0,https://scholar.google.com/citations?hl=en&user=tzsaGBQAAAAJ
Sourajit Bhattacharjee,Indian Institute of Technology Guwahati,"Fluid Mechanics, Structural Mechanics, Computational Fluid Dynamics, Finite Element Analysis",79.0,https://scholar.google.com/citations?hl=en&user=xWq7QH8AAAAJ
Subhash Pratap,JST-India Young Research Fellow | IIT Guwahati | Gifu University,"Biomechanics, Grasping and Manipulation, Soft Robotics, Wearable Devices, Neurorehabilitation",79.0,https://scholar.google.com/citations?hl=en&user=X4JI70QAAAAJ
Tanusree Ghoshal,Indian Institute of Technology Guwahati,"Biosensors, Nanomaterial Synthesis, Plasmonics, Electrochemistry, Microfluidics",79.0,https://scholar.google.com/citations?hl=en&user=QCl6KOQAAAAJ
Arun B Aloshious,IIT Guwahati,"Quantum error correction, Quantum computation, Coding theory",78.0,https://scholar.google.com/citations?hl=en&user=eeha1O4AAAAJ
Dr. Sikha,"Indian Institute of Technology, Guwahati, India","Nanomaterial Synthesis, Metal-Organic-Frameworks, Wastewater Treatment, Fluoride removal.",77.0,https://scholar.google.com/citations?hl=en&user=B6ZmzQcAAAAJ
Dr. S. Udhayakumar,"IPDF, Department of Physics, IIT Guwahati","Magnetic materials and Thin Films, Dielectrics, Ferroelectric Materials, Energy Storage",77.0,https://scholar.google.com/citations?hl=en&user=cI8RDT4AAAAJ
Arin Bhakat,SRF at IIT Guwahati,"Physical chemistry, Materials Science, Nanophotonics, Spectroscopy, moiré superlattice",76.0,https://scholar.google.com/citations?hl=en&user=TG-I4lkAAAAJ
MANISH DALAKOTI,IIT GUWAHATI,Microlattice,76.0,https://scholar.google.com/citations?hl=en&user=IOeTyQwAAAAJ
Oiyao Appun Pegu,Indian Institute of Technology Guwahati,"Supramolecular Self-assembly, Supramolecular Gel, Anion Coordination Chemistry",76.0,https://scholar.google.com/citations?hl=en&user=7S_fxboAAAAJ
Rubi Moral,Indian Institute of Technology Guwahati,"Supramolecular Self-assembly, Chemosensing",76.0,https://scholar.google.com/citations?hl=en&user=NuBt5Y8AAAAJ
Dr. Jagath Vallabhai Missula,"IIT Guwahati, Maulana Azad National Institute of Technology","Power Electronics, Electrical Machines, Electrical Drives, Solar and Wind Power Systems.",75.0,https://scholar.google.com/citations?hl=en&user=-BE6VLQAAAAJ
Smarajit Das,"Assistant Professor, IIT Guwahati","Information Theory, Coding theory",75.0,https://scholar.google.com/citations?hl=en&user=5IeYXF0AAAAJ
DOLLY TAPARIA,"Indian Institute of Technology Guwahati, India","Magnetic Thin Films, Spintronics",75.0,https://scholar.google.com/citations?hl=en&user=Ps6UxakAAAAJ
Sonia,Indian Institute of Technology Guwahati,"Human Sensing, Sensor Fusion, Artificial Intelligence, Machine Learning",74.0,https://scholar.google.com/citations?hl=en&user=zUecVG0AAAAJ
Chayan Bhawal,"Assistant Professor, Indian Institute of Technology Guwahati","Optimal control, Differential-algebraic systems, Model order reduction, Graph theory, Decentralized control",74.0,https://scholar.google.com/citations?hl=en&user=d7eR_LkAAAAJ
Nipal Deka,"Department of Mechanical Engineering, Indian Institute of Technology Guwahati","Fracture Mechanics, Mechanical Behaviour of Materials, Materials Modelling",74.0,https://scholar.google.com/citations?hl=en&user=uoE030cAAAAJ
Munmi Bhattacharyya,Indian Institute of Technology Guwahati,"Energy, Pyrolysis, Catalysis",74.0,https://scholar.google.com/citations?hl=en&user=UTiW0BAAAAAJ
Rupsha Nandi,"IPDF, IIT Guwahati","Biochar, Water Quality, Vermitechnology, Fluoride, Soil quality and micrplastics",74.0,https://scholar.google.com/citations?hl=en&user=4h1Z7m8AAAAJ
Sunil Mohan,iit guwahati,Optical fiber sensing,74.0,https://scholar.google.com/citations?hl=en&user=ae33XbQAAAAJ
Dr. Karam Singh,IIT Guwahati and FIT Brno,VLSI Design and Video Processing,73.0,https://scholar.google.com/citations?hl=en&user=FBGClB0AAAAJ
Brajesh Dhiman,"Doctoral in Design,Indian Institute of Technology Guwahati","Decentralized Energy, Solar Photovoltaics enabled Design, Small Scale PV Applications, AI",71.0,https://scholar.google.com/citations?hl=en&user=7AvyQkoAAAAJ
Rituparna Patgiri,"Assistant Professor, Indian Institute of Technology (IIT) Guwahati","Food, Media, Gender, Pedagogy, Digital Sociology",71.0,https://scholar.google.com/citations?hl=en&user=MqR3AZYAAAAJ
Vishnu kumar,IIT Guwahati Alumni,"Thermal Storage, PCM, Li-ion Batteries",71.0,https://scholar.google.com/citations?hl=en&user=iB5SaVUAAAAJ
Pranshu Pandya,"Indian Institute of Technology, Guwahati","NLP, MLSys, LLM, LVLM, Robustness",71.0,https://scholar.google.com/citations?hl=en&user=QyP36igAAAAJ
Bernard Nongpoh,Indian Institute of Technology Guwahati,"Program Analysis, Fuzzing and Approximate Computing",70.0,https://scholar.google.com/citations?hl=en&user=T0yqLoUAAAAJ
P Rajasekhar Reddy,"Indian Institute of Technology, Guwahati","2D Materials, Graphene Oxide membranes, Molecular Dynamics Simulations, NAMD, Wastewater Treatment (RO & FO)",70.0,https://scholar.google.com/citations?hl=en&user=8UO8ho8AAAAJ
Shayaram Basumatary,Indian Institute of Technology Guwahati,"Anaerobic digestion, biochar, gasification",70.0,https://scholar.google.com/citations?hl=en&user=eRIlCZwAAAAJ
Neelesh Kumar Shukla,"Principal Applied Scientist - Gen AI at Oracle, IIT Guwahati","NLP, Generative AI, Agentic AI and Memory, NL2SQL, SLMs and Alignment",68.0,https://scholar.google.com/citations?hl=en&user=MgafX3kAAAAJ
Sourav Pal,"Researcher, Indian Institute of Technology Guwahati, Assam","Cosmology, Magnetogenesis, Gravitational waves, Quantum Information Theory, Quantum Cosmology",68.0,https://scholar.google.com/citations?hl=en&user=HUpEZTMAAAAJ
Sumit Kumar Das,"Department of Mechanical Engineering, Indian Institute of Technology Guwahati","Contact Mechanics, Isogeometric Analysis, Finite Element Analysis, Geometric Modeling",68.0,https://scholar.google.com/citations?hl=en&user=N7bO5sUAAAAJ
Somnath Meikap,Indian Institute of Technology Guwahati,"SiC Devices, Renewables, EV charging, Isolated Converters, High Frequency drivers and Transformers",67.0,https://scholar.google.com/citations?hl=en&user=wvqs7VAAAAAJ
Dr. Abhishek Singh,"DOD, IIT Guwahati, VIT Vellore, NBCC India Ltd, Tata Consulting Engineers Ltd.",Smart Cities and Construction Technology,66.0,https://scholar.google.com/citations?hl=en&user=iuD9ktQAAAAJ
Monjusha Sarmah,"Post-Doc Fellow, TIH-IITG",,66.0,https://scholar.google.com/citations?hl=en&user=i8Q3HK4AAAAJ
Madhab Barman,Indian Institute of Technology Guwahati,Organic Synthesis,65.0,https://scholar.google.com/citations?hl=en&user=xUXxG4gAAAAJ
Devender Dahiya,Senior Researcher IIT Guwahati,"Building Energy Analysis, Renewable Energy, Sustaiability in Built Environment, Demolition Energy",65.0,https://scholar.google.com/citations?hl=en&user=_XhqoukAAAAJ
Pankaj Upadhyay,"Assistant Professor, Department of Design, Indian Institute of Technology Guwahati","Design for Social Innovation, Frugal Innovation, Product Design and Development, Embodiment Design",63.0,https://scholar.google.com/citations?hl=en&user=dpT9GUwAAAAJ
SRIJATA LAHIRI,"Indian Institute of Technology, Guwahati",Condensed Matter Physics,63.0,https://scholar.google.com/citations?hl=en&user=RmBBVHwAAAAJ
vineet kumar,Indian institute of technology guwahati,"offline writer identification, image quality assessment, deep learning",61.0,https://scholar.google.com/citations?hl=en&user=_UeoZ2sAAAAJ
Atanu Purkayastha,IIT Guwahati,"Photovoltaic, Organic Electronics",61.0,https://scholar.google.com/citations?hl=en&user=8S-70kQAAAAJ
Himanshu Singh,"Graduate, Indian Institute of Technology, Guwahati","Artificial Intelligence, Computer Vision, Statistical Modeling",61.0,https://scholar.google.com/citations?hl=en&user=qHxXQaEAAAAJ
Mriganka Saha,"MS(R), IIT Guwahati","lignocellulosic biomass, lignin, biochemical engineering, biofuels",60.0,https://scholar.google.com/citations?hl=en&user=tkHzo7sAAAAJ
Naveen Raj,Indian Institute of Technology Guwahati,Cellular reprogramming,60.0,https://scholar.google.com/citations?hl=en&user=K2IDL9YAAAAJ
Rinki Brahma,Indian Institute Of Technology Guwahati,,60.0,https://scholar.google.com/citations?hl=en&user=gmY92-8AAAAJ
Suravi Chauhan,IIT  Guwahati,"Antibacterial activities, Biopolymers",60.0,https://scholar.google.com/citations?hl=en&user=HmKh5tcAAAAJ
MG Abdul Quadir,IIT Guwahati,"Microbial Electrochemistry, Microbial Fuel Cell, Biophotovoltaics, Biofilms",60.0,https://scholar.google.com/citations?hl=en&user=Lqxp1FkAAAAJ
shyamashree upadhyay,"Assistant Professor, IITGuwahati",Schubert Calculus,59.0,https://scholar.google.com/citations?hl=en&user=DTd4oZwAAAAJ
Mithilesh Kumar Jha,"Assistant Professor, Political Science, Department of Humanities and Social Sciences, IIT …","Political Theory, Political Thought, Indian Politics",59.0,https://scholar.google.com/citations?hl=en&user=ykS3AKcAAAAJ
DEBANANDA BASUA,"IPDF, Department of Mathematics, IITGuwahati",Fractional Differential Equations Nonlinear …,59.0,https://scholar.google.com/citations?hl=en&user=5tng7mEAAAAJ
Sujitha Jayaprakash,"Junior Research Fellow, IIT Guwahati",Cancer biology,59.0,https://scholar.google.com/citations?hl=en&user=yvc1pScAAAAJ
Sayani Adhikari,IIT Guwahati,"Chemical Engineering, Corrosion, Numerical Modelling",59.0,https://scholar.google.com/citations?hl=en&user=EWN2ew0AAAAJ
T Prathyumnan,"Indian Institute of Technology, Guwahati",,59.0,https://scholar.google.com/citations?hl=en&user=cdaAB0UAAAAJ
Pratap Chandra,Indian Institute of Technology Guwahati,"RNA Biology, Nonsense-mediated Decay, CRISPR/Cas9 Technology, RNA-Sequencing",58.0,https://scholar.google.com/citations?hl=en&user=oR-gLswAAAAJ
Sandeep P,IIT Guwahati,"Image Processing, Computational Photography, Sparse and Redundant Representations",58.0,https://scholar.google.com/citations?hl=en&user=0fwyTvoAAAAJ
TK Guha,IIT GUWAHATI,"Library and information science, research methodology",57.0,https://scholar.google.com/citations?hl=en&user=c6zm_UkAAAAJ
Sangay Tamang,Indian Institute of Technology Guwahati,Ethnicity and Environment in the Himalayas,57.0,https://scholar.google.com/citations?hl=en&user=vllOtcMAAAAJ
Jitendriya Swain,Indian Institute of Technology Guwahati,Harmonic Analysis,57.0,https://scholar.google.com/citations?hl=en&user=v4SBZtcAAAAJ
Maniya VN,Indian Institute of Technology Guwahati,Organic Synthesis,57.0,https://scholar.google.com/citations?hl=en&user=AHgNod4AAAAJ
Gulshan Kumar,"Indian Institute of Technology, Guwahati","Magneto Electric Antennas, Metamaterials, Terahertz Communication, Deep Learning, SIW-SICL",56.0,https://scholar.google.com/citations?hl=en&user=MdbqBewAAAAJ
Sahil Gaurav,Indian Institute of Technology Guwahati,"Grid-forming converters, LV Converter Control, Microgrid dynamics and control",56.0,https://scholar.google.com/citations?hl=en&user=-wpKEtgAAAAJ
Shilpa Budhkar,"Indian Institute of Technology, Guwahati","Edge Computing, Multimedia Streaming, Peer-to-peer overlay networks, Peer-assisted CDN, Content Delivery Networks",55.0,https://scholar.google.com/citations?hl=en&user=_Us8J8UAAAAJ
Juna Probha Devi,IIT Guwahati,"Remote sensing and GIS, Mountain climate changes, Glaciology, climate change adaptation and",55.0,https://scholar.google.com/citations?hl=en&user=e4sy4oMAAAAJ
KRISHNA MOHAN DWIVEDI,IIT GUWAHATI,"Fiber Bragg Grating, Fiber optics, PCF, optical communication, free space optics",55.0,https://scholar.google.com/citations?hl=en&user=X56y7ugAAAAJ
Parthapratim Barman,Indian institute of technology Guwahati,"Composite material, Natural fiber characterization, Natural fiber composite materials",55.0,https://scholar.google.com/citations?hl=en&user=1-Dl1RsAAAAJ
Abhishek Roy,Indian Institute of Technology Guwahati,"Sequence Design, Discrete Mathematics, Algebra, Boolean Function",55.0,https://scholar.google.com/citations?hl=en&user=U_iDw7oAAAAJ
Manash Pratim Barkataki,"Bioengineering Research Laboratory, Dept. of Bioscience and Bioengineering, IIT-Guwahati","Medicinal plants, Anti-microbials, Immunology, Bioengineering",54.0,https://scholar.google.com/citations?hl=en&user=LHsGNz8AAAAJ
Gargi Baruah,IIT Guwahati,"Applied Control, Image Processing ...",54.0,https://scholar.google.com/citations?hl=en&user=yaR5zcwAAAAJ
Priya Ganapathi,"Embedded Interaction Lab, IIT Guwahati","HCI, VR",54.0,https://scholar.google.com/citations?hl=en&user=fdPNFbsAAAAJ
Shayan Shafiq,IIT Guwahati,"Generative AI, Open Source LLMs, AI Agentic Frameworks, AI Voice Applications",54.0,https://scholar.google.com/citations?hl=en&user=CePf6qgAAAAJ
Dr. Kabita Naik,"School of Energy Science and Engineering, Indian Institute of Technology Guwahati","Renewable Energy, Wind Energy, Wind Turbines, Aerodynamics, CFD SIMULATION",54.0,https://scholar.google.com/citations?hl=en&user=RV_NxHMAAAAJ
Viyazonuo Terhiija,Indian Institute of Technology Guwahati,"Acoustic Phonetics, Tones, Tibeto-Burman languages",54.0,https://scholar.google.com/citations?hl=en&user=De0ieNUAAAAJ
Dr.Sneha Singh,IIT Guwahati,"Civil Engineering, Concrete, Nanomaterials, Rural Sector, Advanced Material Characterization",54.0,https://scholar.google.com/citations?hl=en&user=q-GnQQwAAAAJ
Arup Chattopadhyay,"Assistant Professor, Department of Mathematics, IIT Guwahati","Functional Analysis, Multivariable Operator Theory",53.0,https://scholar.google.com/citations?hl=en&user=i_TH9iwAAAAJ
Sayantan Chakraborty,Indian Institute of Technology Guwahati,"Structural Geology, Tectonics, Thermochronology",53.0,https://scholar.google.com/citations?hl=en&user=F3g5cU8AAAAJ
Ardhendu Shekhar Chaudhury,IIT GUWAHATI,"REMOTE SENSING AND GIS, AIR POLLUTION",52.0,https://scholar.google.com/citations?hl=en&user=-ibv-W0AAAAJ
Rahul pvss,Indian Institute of Technology Guwahati,"Machine Learning, NLP",52.0,https://scholar.google.com/citations?hl=en&user=_hD1O4kAAAAJ
Sovan Sau,Indian Institute of Technology Guwahati,"Early Universe Cosmology, Primordial Magnetic Field, Magnetohydrodynamics, Reheating, Cosmic String",52.0,https://scholar.google.com/citations?hl=en&user=LAbT_M0AAAAJ
Bharatheeswaran Murugan,"Indian Institute of Technology, Guwahati","Plant pathology, Translational Research in Crops",52.0,https://scholar.google.com/citations?hl=en&user=VeTC_sQAAAAJ
Goshika bharath kumar,IIT GUWAHATI,"MULTIPHASE, PROCESS INTENSIFICATION, PETROLEUM SCIENCE, CFD",51.0,https://scholar.google.com/citations?hl=en&user=FeOjTeoAAAAJ
Sajith Gopalan,"Professor of Computer Science and Engineering, IIT Guwahati","Parallel Algorithms, External Memory Algorithms, Algorithmic Game Theory",50.0,https://scholar.google.com/citations?hl=en&user=Ukp9zWcAAAAJ
Shubham Maurya,Indian Institute of Technology,"3D Printing, Automation in Construction, Concrete 3D printing",50.0,https://scholar.google.com/citations?hl=en&user=344UtPoAAAAJ
Ambuj Kumar,Research Fellow at IIT Guwahati,High Voltage Insulation,49.0,https://scholar.google.com/citations?hl=en&user=W-RYZgcAAAAJ
Dr. Vivekananda Haldar,Indian Institute of Technology Guwahati,"Welding, Forming, Metallurgy, Additive Manufacturing",49.0,https://scholar.google.com/citations?hl=en&user=sANZCs0AAAAJ
Saras Mani Mishra,IIT Guwahati,"VLSi, ML, System design",49.0,https://scholar.google.com/citations?hl=en&user=w3pEKRQAAAAJ
Ramesh K,IIT Guwahati,speech signal processing,48.0,https://scholar.google.com/citations?hl=en&user=PCi1208AAAAJ
Raju Dahal,Indian Institute of Technology Guwahati,"Event- Triggered Control, Adaptive Dynamic Programming, Robust Control, Optimal Control",48.0,https://scholar.google.com/citations?hl=en&user=WTBU1jYAAAAJ
Archismita Hajra,SRF at IIT Guwahati,Molecular nanoscale assembly in zero and …,48.0,https://scholar.google.com/citations?hl=en&user=LxsNz30AAAAJ
Joyshree Chakraborty,Indian Institute of Technology Guwahati,Spoken Language Technology,47.0,https://scholar.google.com/citations?hl=en&user=zbmVG0gAAAAJ
Jai Shree Bhardwaj,"Indian Institute of technology,  Guwahati","Graphene, Solar Cell, Energy Application",47.0,https://scholar.google.com/citations?hl=en&user=qqyUE5UAAAAJ
Bintee,Indian Institute of Technology Guwahati,"Bioinformatics, Cancer Biology, Head and Neck Cancer",47.0,https://scholar.google.com/citations?hl=en&user=8kiy0mkAAAAJ
Mahek Vora,IIT Guwahati,"Natural Language Processing, Machine Learning, Artificial Intelligence, Quant",47.0,https://scholar.google.com/citations?hl=en&user=SCy1ykMAAAAJ
Bidyut Das,"Research Associate (I), Indian Institute of Technology Guwahati","Fluorescence spectroscopy, Electrochemistry, Organic synthesis",46.0,https://scholar.google.com/citations?hl=en&user=xJIHduYAAAAJ
Thesniya PM,"DST-INSPIRE Faculty Fello, Department of Civil Engineering, Indian Institute of Technology …","Geology of the Moon, Planetary Geoscience, Mineralogy, Remote sensing and geological applications",46.0,https://scholar.google.com/citations?hl=en&user=3cPf0iQAAAAJ
Rajitha KVR,IIT Guwahati,"Atomic Physics, Quantum optics",45.0,https://scholar.google.com/citations?hl=en&user=MaSykNUAAAAJ
Santosh Kumar Yedla,IIT GUWAHATI,"Heterogeneous Catalysis, Biomass conversion, Reaction engineering",45.0,https://scholar.google.com/citations?hl=en&user=DaWsllsAAAAJ
SACHIN KURIACHAN E,"Indian Institute of Technology, Guwahati","FRP recycling, Pyrolysis, Isoconversional kinetics, DAEM Kinetics",45.0,https://scholar.google.com/citations?hl=en&user=W2VeLhQAAAAJ
Rahul Kumar,Indian Institute of Technology Guwahati,"Environmental Biotechnology, Pollution Control",45.0,https://scholar.google.com/citations?hl=en&user=Q-Ecj8sAAAAJ
Rajat Dadheech,"INSPIRE Fellow, IIT Guwahati","Drug Delivery, Regenerative Medicine, Tissue Engineering, Nanotechnology",45.0,https://scholar.google.com/citations?hl=en&user=LjRdKdEAAAAJ
Ato Kapfo,IIT Guwahati,"Biomedical signal processing, Machine learning, Deep Learning",45.0,https://scholar.google.com/citations?hl=en&user=HjEnqtcAAAAJ
Vinjamuri Vikas,"Indian Institute of Technology, Guwahati",wireless communication,44.0,https://scholar.google.com/citations?hl=en&user=0GKYGJYAAAAJ
SHASHIKANT KUMAR VERMA,Indian Institute of Technology Guwahati,"Bearings design, Optimization",44.0,https://scholar.google.com/citations?hl=en&user=Tt18OI4AAAAJ
Rupresha Deb,Indian Institute of Technology Guwahati,"Droplet dynamics, Ferrohydrodynamics and Microfluidics",44.0,https://scholar.google.com/citations?hl=en&user=GlZu3FIAAAAJ
Om Prakash Maurya,"Indian Institute of Technology Guwahati, India","Fluvial Hydraulics, River Restoration(NBS), Numerical Modelling, Sedimentology, Remote Sensing&AI/ML",44.0,https://scholar.google.com/citations?hl=en&user=BHGMuAQAAAAJ
Dr. Ujjala Dey,IIT Guwahati,"Molecular electronics, nanoscience, 2D materials, Molecular moire superlattices",44.0,https://scholar.google.com/citations?hl=en&user=NirAgEoAAAAJ
Sulekha Kumari Pandit,Indian Institue of Technology Guwahati,"Supramolecular chemistry, fluorescence-based sensing, aggregation-induced emission (AIE)",44.0,https://scholar.google.com/citations?hl=en&user=8_1tvPEAAAAJ
Priyabrata Char,Indian Institute of Technology Guwahati,"Quantum entanglement, Quantum coherence",44.0,https://scholar.google.com/citations?hl=en&user=lWvqNzgAAAAJ
Archit Joshi,Research Scholat at IIT Guwahati,Power Electronics,44.0,https://scholar.google.com/citations?hl=en&user=oDWMcUwAAAAJ
pranshu kandoi,IIT Guwahati,,44.0,https://scholar.google.com/citations?hl=en&user=jiuhPDIAAAAJ
Gargi Sen,Indian Institute of Technology Guwahati,"Astrophysics, General Relativity, Accretion, (Magneto)Hydrodynamics",44.0,https://scholar.google.com/citations?hl=en&user=hiheOggAAAAJ
Nilotpola Sarma,Indian Institute of Technology Guwahati,"Hardware Security, EDA",43.0,https://scholar.google.com/citations?hl=en&user=e3Reu6wAAAAJ
Somnath Chanda,"IIT Guwahati, Brahmaputra TechnoPharmaceuticals Pvt. Ltd.","Polymorphs & Co crystals, Activated carbon, Green Tea Antioxidants, Pharmaceuticals, Biomass",43.0,https://scholar.google.com/citations?hl=en&user=_IUVRrkAAAAJ
Devendra Kumar,"Indian Institute of Technology Guwahati, Assam, India","Grid Connected converter, DC-DC, Model Predictive Control, Power Quality, Electrical Drives",42.0,https://scholar.google.com/citations?hl=en&user=mNTNXgkAAAAJ
Younis Ahmad Bhat,"Indian Institute of Technology Guwahati, Assam","Harmonic Analysis, Hypercomplex Analysis, Quantum Physics---(Superoscillation Theory)",42.0,https://scholar.google.com/citations?hl=en&user=wwBLWBwAAAAJ
Amit Puri,Iit Guwahati,Computer Architecture and Systems,42.0,https://scholar.google.com/citations?hl=en&user=63WEpNkAAAAJ
Umang Jain,"B.Tech. Graduate, Indian Institute of Technology Guwahati",Deep Learning Research,42.0,https://scholar.google.com/citations?hl=en&user=D6sEcRIAAAAJ
Sharmila Narayanan,Indian Institute of Technology Guwahati,Cancer Therapy and Molecular Biology,41.0,https://scholar.google.com/citations?hl=en&user=1gyg7ecAAAAJ
Nandani Rai,Indian Institute of Technology Guwahati,Materials science and engineering,41.0,https://scholar.google.com/citations?hl=en&user=Jt07H6gAAAAJ
Sanchit Saxena,"Indian Institute of Technology, Guwahati","Nuclear safety, Machine learning, Uncertainty quantification",41.0,https://scholar.google.com/citations?hl=en&user=QbCEX9sAAAAJ
Pijush Kanti Khanra,Indian Institute of Technology Guwahati,"Protein-Nano therapeutics, Intracellular delivery, Drug discovery, Cancer",41.0,https://scholar.google.com/citations?hl=en&user=BksPV4sAAAAJ
Roopjyoti Misra,"Indian Institute of Technology Guwahati, India","Bio-organic Chemistry, Medicinal Chemistry, Chemical Biology",41.0,https://scholar.google.com/citations?hl=en&user=AcyYWCYAAAAJ
Debapriya Basu,"Indian Institute of Technology, Guwahati, India","Literature and culture of the English …, early modern women's writing, book history",40.0,https://scholar.google.com/citations?hl=en&user=vqN5NSEAAAAJ
Dr. Pranjol Paul,"Senior Technical Officer, Mechanical Engineering, IIT Guwahati","PhD in Mechanical Engineering, IIT Guwahati (Fracture Mechanics, Notch, Finite Element Methods)",40.0,https://scholar.google.com/citations?hl=en&user=fnpOZQUAAAAJ
Dr. Vishwanath Yadav,"Indian Institute of Technology Guwahati, Guwahati",Biotechnology,40.0,https://scholar.google.com/citations?hl=en&user=qongFbgAAAAJ
Gargi Singh,"NPDF, IIT Guwahati",Organic Chemistry,40.0,https://scholar.google.com/citations?hl=en&user=njlafHgAAAAJ
Nishaben Dholakiya,Indian Institute of Technology Guwahati,"Semiconductors, Digital Twin, Climate Change, Thermodynamics, Data Science",40.0,https://scholar.google.com/citations?hl=en&user=RpoPvYcAAAAJ
shamshad alam,IIT Guwahati,"Silicon Photonics, Optical sensor, Semiconductor device and modeling",40.0,https://scholar.google.com/citations?hl=en&user=l1UXAhsAAAAJ
Pranjit Kumar Thakuria,"Lakshminath Bezbaroa Central Library, IIT Guwahati","Library Quality Management, Digital Library, Serial Control, Competency development, Hurrines to",39.0,https://scholar.google.com/citations?hl=en&user=ehxsVukAAAAJ
Tushar Dubey,"Undergrad ,IIT Guwahati","Bioinformatics, Computational Biology",39.0,https://scholar.google.com/citations?hl=en&user=nLN3ntYAAAAJ
Abhishek Kumar,"Indian Institute of Technology, Guwahati","Friction-Stir Welding, Thermal Analysis, Heat Transfer, Line Heating, Manufacturing",39.0,https://scholar.google.com/citations?hl=en&user=8KvmzrYAAAAJ
Puneet Bakshi,Indian Institute of Technology Guwahati,Information Security,39.0,https://scholar.google.com/citations?hl=en&user=635JRukAAAAJ
Surajit Das,"Faculty Fellow at Technology Innovation Hub, Indian Institute of Technology Guwahati","Network on Chip, Formal Modeling, Formal Verification, Machine Learning",39.0,https://scholar.google.com/citations?hl=en&user=ELcLBLEAAAAJ
M. S Visakh,"Assistant Professor (Sociology), IIT Guwahati","Religion in the Modern World | Self, Identity and Politics | Space and Place | Social …",39.0,https://scholar.google.com/citations?hl=en&user=nLx9ZaAAAAAJ
Mrityunjoy Dey,Indian Institute of Technology Guwahati,"Nanofluidics, Confinement based Organic Transformations, Heterogeneous Catalysis, Energy Harvesting",39.0,https://scholar.google.com/citations?hl=en&user=s4K0oR4AAAAJ
PRERONA GOGOI,Indian Institute of Technology Guwahati,"Surface Chemistry, Nanotechnology, Coffee- Stain Effect",38.0,https://scholar.google.com/citations?hl=en&user=pagGtpwAAAAJ
Jennil Thiyam,IIT Guwahati,"Machine learning, OCR, Document analysis, Computer vision",38.0,https://scholar.google.com/citations?hl=en&user=8LRDryYAAAAJ
Om Prakash Vats,M. Tech (WRE&M) Indian Institute of Technology Guwahati,Groundwater Hydrology,37.0,https://scholar.google.com/citations?hl=en&user=VONL_icAAAAJ
Praveen Tiwari,"School of Energy Sciences and Engineering,  IIT guwahati","Community Microgrid, Security, Automatic demand responce, AI-based load forcasting, Optimization",37.0,https://scholar.google.com/citations?hl=en&user=bk8A5ekAAAAJ
Sunil Kundu,"Indian Institute of Technology, Guwahati","Fractional Differential Equation, Ulam Stability, Controllability, Numerical Analysis",37.0,https://scholar.google.com/citations?hl=en&user=uqu3UUkAAAAJ
Siddhanta Roy,"Indian Institute of Technology, Guwahati","Semiconductor Device, Simulation and Modeling",37.0,https://scholar.google.com/citations?hl=en&user=obxDCrkAAAAJ
Dr. Bibari Boro,Indian Institute of Technology Guwahati,"E-waste recycling, Pyrolysis, Waste management, Resource recovery, Economic assessment",37.0,https://scholar.google.com/citations?hl=en&user=qSoIrXAAAAAJ
DIPA GHOSH,Postdoctoral fellow at IIT Guwahati,Fluid Dynamics,37.0,https://scholar.google.com/citations?hl=en&user=olaaeaUAAAAJ
Shifali Agrahari,IIT Guwahati,"AI generated content detection, NLP, LLM, DeepFake",37.0,https://scholar.google.com/citations?hl=en&user=qGO-32IAAAAJ
Ch Srinivas,"Research Fellow, Department of Chemistry, Indian Institute of Technology Guwahati, India",TADF RTP NIR  AIEgens  PDT,37.0,https://scholar.google.com/citations?hl=en&user=izc8nhkAAAAJ
Vineet Kumar,IIT Guwahati,"Chemical Engineering, Environment, Data",36.0,https://scholar.google.com/citations?hl=en&user=XsDDK8kAAAAJ
CHANDRAHASA BSVS,IIT GUWAHATI,"Machine Learning, Computer Vision, Pattern Recognition",36.0,https://scholar.google.com/citations?hl=en&user=afzWsMAAAAAJ
Dr Ramyani Chakrabarty,"Wobben Research and Development, Enercon GmbH, IIT Guwahati, NIT Meghalaya","power electronics, wind energy, converter control",36.0,https://scholar.google.com/citations?hl=en&user=6KFoCnQAAAAJ
Nabanita Roy,IIT Guwahati,"Hepatobiliary diseases, Systems Biology  Precision medicine  Cancer …",36.0,https://scholar.google.com/citations?hl=en&user=50fgmUUAAAAJ
Telem Joyson Singh,IIT Guwahati,Machine Translation,36.0,https://scholar.google.com/citations?hl=en&user=E7j3KtgAAAAJ
Akshini More,IIT Guwahati,,36.0,https://scholar.google.com/citations?hl=en&user=HLafwDsAAAAJ
Preeti Choudhary,Indian Institute of technology Guwahati,Magnetic materials,36.0,https://scholar.google.com/citations?hl=en&user=h0T2iXcAAAAJ
Suvikranth Gera,IIT Guwahati,General Relativity,36.0,https://scholar.google.com/citations?hl=en&user=hX6OpaMAAAAJ
Nilanjan Paul,"JBM School of Health Sciences and Technology, IIT Guwahati","Nanotechnology, Cancer Biology, Biomedical Engineering, Hydrogels",36.0,https://scholar.google.com/citations?hl=en&user=oVeFUnYAAAAJ
Anuran Maity,"Indian Institute of Technology Guwahati, India","Combinatorics on Words, Enumerative Combinatorics, Theoretical Computer Science",36.0,https://scholar.google.com/citations?hl=en&user=SBhcBmAAAAAJ
Umakanth Vudumula,Indian Institute of Technology,"Chemical biology, Biological sciences, Biotechnology",35.0,https://scholar.google.com/citations?hl=en&user=XbnNp9cAAAAJ
Abhishek Paikray,Indian Institute of Technology Guwahati,"Photovoltaic System, Energy Conversion, PWM of Power Converters",35.0,https://scholar.google.com/citations?hl=en&user=GUdF3GYAAAAJ
Janhavi Lande,IIT Guwahati,"Machine Learning, Natural Language Processing, Agent Based Modeling",35.0,https://scholar.google.com/citations?hl=en&user=WqSkbpoAAAAJ
Manoj Kumar Munda,Indian Institute of Technology Guwahati,"Agro-geoinformatics, Polarimetric SAR, Crop Biophysical Montoring",35.0,https://scholar.google.com/citations?hl=en&user=WUT_lZsAAAAJ
Manu Sankar V,"Indian Institute of Technology, Guwahati   Indian Institute of Management, Ahmedabad","Biotechnology, Agriculture, Fermentation, Chemical engineering",34.0,https://scholar.google.com/citations?hl=en&user=1bpsXP4AAAAJ
Mainur Rahaman,Indian Institute of Technology (IIT) Guwahati,"Magnetism, Spintronics, Ferromagnetic Resonance, Magneto-Transport",34.0,https://scholar.google.com/citations?hl=en&user=n-QTZbQAAAAJ
Shreshth Gupta,IIT Guwahati,"Biotechnology, Biomedical Sciences",34.0,https://scholar.google.com/citations?hl=en&user=spQBs8kAAAAJ
Thangmuansang Guite,IIT Guwahati,"project management, infrastructure asset management, construction management, cost management",33.0,https://scholar.google.com/citations?hl=en&user=y47s3aQAAAAJ
Raghibul Hussain,"Research Associate, Department of Chemistry, IIT Guwahati, Assam, INDIA","2D Material, DFT, Reaction Mechanism, Quantum Calculations, First-principle calculation",33.0,https://scholar.google.com/citations?hl=en&user=62a4w14AAAAJ
Srikanth KV,IIT Guwahati,,33.0,https://scholar.google.com/citations?hl=en&user=NSWkh-MAAAAJ
Jaspreet Kaur,Indian Institute of Technology Guwahati,"Computational finance, Numerical Analysis",33.0,https://scholar.google.com/citations?hl=en&user=U9gJcW0AAAAJ
Lipika Kolay,"Indian Institute of Technology, Guwahati","Flavour phyiscs, Dark Matter Phenomenology, Effective Theory",33.0,https://scholar.google.com/citations?hl=en&user=tn6N0ysAAAAJ
Tika Ram Pokhrel,IIT Guwahati,"Nanoelectronics, material science, VLSI Design, Quantum hardware design",32.0,https://scholar.google.com/citations?hl=en&user=RUeHIKIAAAAJ
Doli Hazarika,Indian Institute of Technology Guwahati,"Electroencephalogram, Artifact Reduction, Android, Signal Processing",32.0,https://scholar.google.com/citations?hl=en&user=2ILZI4AAAAAJ
Chukka Atchuta Rao,IIT Guwahati,"Failure of Composite Structures, Finite Element Analysis",32.0,https://scholar.google.com/citations?hl=en&user=rS2lbVMAAAAJ
Karishma,"IPDF, Indian Institute of Technology Guwahati","Optimization, Energy-efficient, Distributed system, Soft computing",32.0,https://scholar.google.com/citations?hl=en&user=T8rQoGgAAAAJ
Dr. Debashree Debasmita,CSIR-CCMB and IIT Guwahati,"Nanobiotechnology, Cancer theranostics and Biomaterials",31.0,https://scholar.google.com/citations?hl=en&user=sBdV1CwAAAAJ
Anand Mohan Pandey,IIT Guwahati,Electrochemical deposition based additive …,31.0,https://scholar.google.com/citations?hl=en&user=0Y7fg1EAAAAJ
Samir Khan,Indian Institute of Technology Guwahati,"Laser cooling and trapping, Atomic spectroscopy",31.0,https://scholar.google.com/citations?hl=en&user=6MdBqKcAAAAJ
Vijay Singh Bohara,"Indian Institute of Technology, Guwahati","Virology, Viral vaccines, Genome editing and Biotechnology",31.0,https://scholar.google.com/citations?hl=en&user=Io0SYwEAAAAJ
Prabhu Venkataraman,"Department of Humanities and Social Sciences, Indian Institute of Technology Guwahati",,31.0,https://scholar.google.com/citations?hl=en&user=PMa9VoEAAAAJ
Sumeet Gulati,Indian Institute of Technology Guwahati,"Signal Processing, VLSI, Verification, Validation",31.0,https://scholar.google.com/citations?hl=en&user=V9CM4n0AAAAJ
SHASHI BHUSHAN SINGH,IIT Guwahati,"MOF, Wastewater treatment",31.0,https://scholar.google.com/citations?hl=en&user=WFHeoasAAAAJ
Vishnu KN,"Indian Institute of Technology, Guwahati","Neuroscience., Deep Learning, Brain Computer Interface",30.0,https://scholar.google.com/citations?hl=en&user=BF6JlMcAAAAJ
Shipra Aswal,"Centre For Nanotechnology, IIT Guwahati","CVD, TMDCs, optoelectronic Devices",30.0,https://scholar.google.com/citations?hl=en&user=flJgr3sAAAAJ
Sayan Halder,"B.tech, Chemical Engineering,IITG",,29.0,https://scholar.google.com/citations?hl=en&user=tGgi_LgAAAAJ
Mohd Mohsin Ikram,"IIT Guwahati, India","Hydrogen Production, Glycerol Valorization, Biofuels, Sensors, Actuators",29.0,https://scholar.google.com/citations?hl=en&user=eJ3Z_9EAAAAJ
Priyanka Kotoky,Indian Institute of Technology Guwahati,Civil Engineering,29.0,https://scholar.google.com/citations?hl=en&user=4Zc8kYQAAAAJ
Harish Nanda,Indian Institute of Technology Guwahati,,29.0,https://scholar.google.com/citations?hl=en&user=bY7uIYgAAAAJ
Keerti Harpavat,Indian Institute of Technology Guwahati,,29.0,https://scholar.google.com/citations?hl=en&user=incp8-4AAAAJ
Suryarao Nagiredla,IIT Guwahati,"Finite element analysis, Magneto-rheological fluids, Composite materials",29.0,https://scholar.google.com/citations?hl=en&user=cSX_q3sAAAAJ
Siddharth Rath,IIT Guwahati,"Chemical Engineering, Mechanical Engineering, Thermal Engineering",28.0,https://scholar.google.com/citations?hl=en&user=yfzqYYwAAAAJ
Sapunii Sebastian,IIT Guwahati,"Agricultural Machinery, Paddy Field Weeder, Rural Technology",28.0,https://scholar.google.com/citations?hl=en&user=SzZ0kloAAAAJ
Abhijit Dey,Post Doctoral Fellow | Indian Institute of Technology Guwahati,"Rehabilitation Robotics, Machine Learning",28.0,https://scholar.google.com/citations?hl=en&user=m2AH6y0AAAAJ
Deepak Kumar,"Indian Institute of Technology, Guwahati",Electronic Structure theory,28.0,https://scholar.google.com/citations?hl=en&user=6a6nAwIAAAAJ
Najrul Haque,IIT Guwahati,"Flow through porous media, Micro-PIV, Two-phase flow",27.0,https://scholar.google.com/citations?hl=en&user=KJZxpykAAAAJ
Ajay Kumar Shakya,IIT Guwahati,"Extraction, Food Science, Water Treatment",27.0,https://scholar.google.com/citations?hl=en&user=4Vn1NPMAAAAJ
Anshul Bhardwaj,"Indian Institute of Technology Guwahati, Assam (781039)","Meta-waveguide, Toroidal metamaterials, Terahertz, exceptional point, PT Symmetry metasurface",27.0,https://scholar.google.com/citations?hl=en&user=1O899dMAAAAJ
Yogesh Yadav,"Indian Institute of Technology, Guwahati",Artificial Intelligence,27.0,https://scholar.google.com/citations?hl=en&user=Xm8vgEcAAAAJ
Amritava Sarkar,IIT Guwahati,,27.0,https://scholar.google.com/citations?hl=en&user=54gDYmMAAAAJ
Kamal Santra,Indian Institute of Technology Guwahati,"Graph Theory, Algorithms",27.0,https://scholar.google.com/citations?hl=en&user=j7QEEUAAAAAJ
Bitupan Sonowal,"Post Graduate, Indian Institute of Technology Guwahati",,27.0,https://scholar.google.com/citations?hl=en&user=_jdmSAcAAAAJ
Jitumani Kalita,Indian Institute of Technology Guwahati,"Cosmology, Primordial Black Holes, Accretion",27.0,https://scholar.google.com/citations?hl=en&user=9ackMjQAAAAJ
Supriya Manna,IIT Guwahati,,27.0,https://scholar.google.com/citations?hl=en&user=KzVXQqsAAAAJ
Tamal Pal,IIT Guwahati,"Green  Hydrogen, Photocatalyst, Electrochemistry, Surface chemistry, Supercapacitor & Battery",27.0,https://scholar.google.com/citations?hl=en&user=fRd0VTkAAAAJ
Bitang K. Tripura,IIT Guwahati,"Granular dynamics, molecular dynamics simulation, fluid dynamics, material science..",26.0,https://scholar.google.com/citations?hl=en&user=mPzOINoAAAAJ
Vikas Saini,Indian Institute Of Technology Guwahati,Inorganic Chemistry,26.0,https://scholar.google.com/citations?hl=en&user=2v7M7JAAAAAJ
Alok Baranwal,IITGuwahati,"Wireless Communication, NOMA, IRS, RSMA, ISAC",26.0,https://scholar.google.com/citations?hl=en&user=b8Q20FEAAAAJ
Navya Sonal Agarwal,Indian Institute of Technology Guwahati,"Machine Learning, Large Language Models",26.0,https://scholar.google.com/citations?hl=en&user=7iNDh0sAAAAJ
Ankit Kumar,"Indian Institute of Technology, Guwahati India","wastewater treatment, waste management, composting, vermicomposting",26.0,https://scholar.google.com/citations?hl=en&user=13wAja4AAAAJ
Himanshu Gupta,"Indian Institute of Technology, Guwahati",Organizational Behaviour & Human Resource …,26.0,https://scholar.google.com/citations?hl=en&user=ZT8-RcYAAAAJ
Subhajit Kala,"Indian Institute of Technology, Guwahati",High Energy Physics,26.0,https://scholar.google.com/citations?hl=en&user=iNGt4c4AAAAJ
Akash Boddeda,"Works at IFSCA; Ex - Mahindra & Mahindra Ltd., General Motors; IIT Guwahati, UBC, NTHU","Capital Markets, International Financial Services, Automobiles, Robotics etc.",25.0,https://scholar.google.com/citations?hl=en&user=ZTHWmOIAAAAJ
Sneha Singh,"Indian Institute of Technology Guwahati, India","MACHINE LEARNING, IMAGE PROCESSING, COMPUTER VISION",25.0,https://scholar.google.com/citations?hl=en&user=rCJSU0wAAAAJ
Dr. Naorem Yaipharenba Meitei,Indian Institute of Technology Guwahati,Algorithms of VLSI physical design,25.0,https://scholar.google.com/citations?hl=en&user=OIiImeUAAAAJ
Rohit Kumar,"Indian Institute of Technology, Guwahati","Virtual Environment, Human-Building Interaction, Human Behavioural Studies",25.0,https://scholar.google.com/citations?hl=en&user=56AzfokAAAAJ
GUDE DHANVANTH KUMAR,Indian Institute of Technology Guwahati,"Agentic AI, Privacy Preserving Machine Learning, LLM Privacy, Differential Privacy",25.0,https://scholar.google.com/citations?hl=en&user=oovz0KQAAAAJ
Kangkana Barman,IIT Guwahati,"Biosensors, malaria, Crispr/cas detection",25.0,https://scholar.google.com/citations?hl=en&user=Oz4KrmkAAAAJ
Syamala S,Indian Institute of Technology Guwahati,"Human Computer Interaction, User Centered Computing, Digital Learning, UI/UX",25.0,https://scholar.google.com/citations?hl=en&user=Onc5kMUAAAAJ
PUSHPESH PATHAK,IIT Guwahati,"Condensed matter Physics, Spintronics, Magnetism, thin film, magnetic alloys and oxides",25.0,https://scholar.google.com/citations?hl=en&user=g3MrDiUAAAAJ
Masuruddin shaik,Indian Institute of Technology Guwahati,"Flapping Flight, Aerodynamics",24.0,https://scholar.google.com/citations?hl=en&user=7RWIAOIAAAAJ
Ankan Hazra,"Doctoral Candidate, Indian Institute of Technology Guwahati","Orthopaedic Biomechanics, Finite Element Analysis",24.0,https://scholar.google.com/citations?hl=en&user=wLw7Sw4AAAAJ
Mebratu Adamu Assegie,"Indian Institute of Technology Guwahati, Assam India","Renewable energy (Solar, wind, water, biomass) generation, storage and distribution and transmission",24.0,https://scholar.google.com/citations?hl=en&user=mefPT0oAAAAJ
Sahana AR,"Indian Institute of Technology Guwahati, Guwahati","VLSI, VLSI Physical Design, Cryptography, Hardware Security, Machine Learning",24.0,https://scholar.google.com/citations?hl=en&user=gWJbIQQAAAAJ
Nirupam Das,"Indian Institute of Technology, Guwahati","Quantum Dots, Nanoparticles, Hydrogel, Anti-cancer activity, Drug Delivery.",24.0,https://scholar.google.com/citations?hl=en&user=EPqdZNUAAAAJ
Khyodeno Mozhui,Indian Institute of Technology Guwahati,"Graph Theory, Theoretical Computer Science",24.0,https://scholar.google.com/citations?hl=en&user=0LanBGoAAAAJ
Jyotsna Rani,"Indian Institute of Technology, Guwahati, India","Signal Processing, Green Communications, ISAC, OTFS, IRS",23.0,https://scholar.google.com/citations?hl=en&user=ZLyM8-MAAAAJ
Rigved Samant,"Specialist, Tata Elxsi | Prime Minster's Research Fellow, IIT Guwahati","Signal Processing, Machine Learning, Electrochemical Impedance Spectroscopy, Lithium-ion Batteries",23.0,https://scholar.google.com/citations?hl=en&user=MP8u2tUAAAAJ
Shubha Singh,Indian Institute of Technology Guwahati,"Biochemistry, Protein Engineering, Computational Biology, Structure Biology",23.0,https://scholar.google.com/citations?hl=en&user=4r4FROAAAAAJ
Pravesh Tripathi,IIT guwahati,Spectroscopy fluorescence  Biomaterials,23.0,https://scholar.google.com/citations?hl=en&user=XgHJBpYAAAAJ
Dinesh Ahongshangbam,IIT Guwahati,"Cold Region Geotechnics, Expansive soil, Ground Improvement, Soil Stabilization",23.0,https://scholar.google.com/citations?hl=en&user=fGidEM0AAAAJ
Suraj Kumar Pandey,Indian Institute of Technology Guwahati,"Artificial Intelligence, Robotics, TinyML, Bio-inspired Algorithms, IoT",23.0,https://scholar.google.com/citations?hl=en&user=4zauDPwAAAAJ
Dr. Yumnam Robinson Singh,"Indian Institute of Technology Guwahati, India","Biotechnology, Biochemistry, Structural Biology",23.0,https://scholar.google.com/citations?hl=en&user=Pe-K20AAAAAJ
Deep Arya,IIT Guwahati,"Digital Holography, Sensors.",23.0,https://scholar.google.com/citations?hl=en&user=5rNiZFUAAAAJ
Ningthoujam Justwant Singh,"Indian Institute of Technology, Guwahati","Natural Language Processing, Machine translation, Deep learning",23.0,https://scholar.google.com/citations?hl=en&user=SelVhzYAAAAJ
Partha Pratim Borah,Indian Institute of Technology Guwahati,"Porous polymers, Composite FRPs, Characterization",23.0,https://scholar.google.com/citations?hl=en&user=84-1bmMAAAAJ
Mrinal Roy,"Indian Institute of Technology, Guwahati",Water Resources Engineering and …,23.0,https://scholar.google.com/citations?hl=en&user=_usKWBcAAAAJ
Nayanjyoti Sarma,IIT Guwahati,Geotechnical Engineering,23.0,https://scholar.google.com/citations?hl=en&user=IhwpVC0AAAAJ
Rohit Kamra,IIT Guwahati,,22.0,https://scholar.google.com/citations?hl=en&user=pruVk6UAAAAJ
Brijesh Kumar Singh,"Department of Mechanical engineering, Indian Institute of Technology Guwahati","Laser Micro-machining, Computational modelling, FEM, COMSOL Multiphysics, Characterization",22.0,https://scholar.google.com/citations?hl=en&user=x9iI_XEAAAAJ
Rajani Kant Baro,IIT Guwahati,"Food Processing, CFD, Process Optimization, Black Box Optimization",22.0,https://scholar.google.com/citations?hl=en&user=5Fr9g5oAAAAJ
EV Pothan,IIT Guwahati,5G and Beyond 5G Technologies,22.0,https://scholar.google.com/citations?hl=en&user=RxKUdJ0AAAAJ
Bedabara Nag,"Department of Chemistry, IIT Guwahati, Assam, India","Organic Chemistry, Coupling Reaction, CC Coupling, C-Heteroatom Coupling",22.0,https://scholar.google.com/citations?hl=en&user=0Gub6A4AAAAJ
Moti  kumar Jha,IIT GUWAHATI,"2D Material based TFT, HEMT",22.0,https://scholar.google.com/citations?hl=en&user=6a9KDiMAAAAJ
Akshay Daydar,Microsoft and Indian Institute of Technology Guwahati,"Biomedical image processing, Deep learning, Human gait analysis",22.0,https://scholar.google.com/citations?hl=en&user=RBGgSo0AAAAJ
Sunit Ghosh,Indian Institute of Technology Guwahati,Harmonic analysis,22.0,https://scholar.google.com/citations?hl=en&user=_TAUsIEAAAAJ
Sajia Yeasmin,"Post Doctoral Research Associate, IIT Guwahati, India","Quantum Optics, Cavity Optomechanics, Atomic Physics",21.0,https://scholar.google.com/citations?hl=en&user=ss_Koy8AAAAJ
Debottam Bhowmik,IIT Guwahati,"Metal Cutting Operations, Machining Dynamics, Material Characterization",21.0,https://scholar.google.com/citations?hl=en&user=_jXcBeoAAAAJ
Poojan Chaniyara,"Indian Institute of Technology, Guwahati","Biotechnology, Space Biotechnology, Bioprocess Engineering",21.0,https://scholar.google.com/citations?hl=en&user=6mWvDNUAAAAJ
Shrikant Kashyap,"Indian Institute of Technology, Guwahati","Environmental monitoring, Healthcare, Heavy Metals, Sensor, DFT",21.0,https://scholar.google.com/citations?hl=en&user=R0hRuAgAAAAJ
Gopa Das,Indian Institute of Technology Guwahati,"Earthquake Engineering, Structural Dynamics, Finite Element Analysis, Structural Control",21.0,https://scholar.google.com/citations?hl=en&user=KFKPzIYAAAAJ
Sameer Pawanekar,IIT Guwahati,VLSI,20.0,https://scholar.google.com/citations?hl=en&user=vw7P7rEAAAAJ
Sandhya Sekhar,"Indian Institute of Technology, Guwahati",Metabolic engineering and Bioprocess …,20.0,https://scholar.google.com/citations?hl=en&user=p3uT8yQAAAAJ
Monu Singh,IIT Guwahati,Accretion flows around black holes,20.0,https://scholar.google.com/citations?hl=en&user=8AiPfV4AAAAJ
Sudipta Sarkar (সুদীপ্ত সরকার),"Post Doc Fellow at Department of Mathematics, IIT Guwahati",Harmonic analysis,20.0,https://scholar.google.com/citations?hl=en&user=c5RSeDsAAAAJ
Arpita Das,Indian Institute of Technology Guwahati,"Water Economics, Agriculture Economics, Environmental Economics, Socio Hydrology",20.0,https://scholar.google.com/citations?hl=en&user=FxKuTxUAAAAJ
Lokesh kumar,IIT Guwahati,"Photocatalysis, Water treatment",20.0,https://scholar.google.com/citations?hl=en&user=-YNm7isAAAAJ
Fardin Rafique,"Junior Research Fellow, Indian Institute of Technology, Guwahati","Hydrogen Energy, Graphene Oxide, Nanocatalysis, Photocatalysis, Electrocatalysis",20.0,https://scholar.google.com/citations?hl=en&user=Lkpf1dAAAAAJ
Md Sabbir Haider Khan,"Institute Post Doctoral Fellow, Indian Institute of Technology Guwahati","Renewable Energy Integration, Microgrid Control and Stability, Power Electronics Control",20.0,https://scholar.google.com/citations?hl=en&user=PpL1sY8AAAAJ
Jeherul Islam,Indian Institute of Technology Guwahati,"Network Coding, Wireless Sensor Network",19.0,https://scholar.google.com/citations?hl=en&user=Sa9CJMEAAAAJ
Dr. Papori Buragohain,Indian Institute of Technology Guwahati,"Proteomics, Molecular Biology, Plant Genetics, plant microbe interactions (Camellia sinensis), biological control",19.0,https://scholar.google.com/citations?hl=en&user=8cBNtqIAAAAJ
Sayantika Das,"Postdoctoral Fellow, Department of Design, Indian Institute of Technology, Guwahati","Occupational Health and Safety Analytics, Ergonomics, Human Factors, Physiology, Psychology",19.0,https://scholar.google.com/citations?hl=en&user=M-cVsfIAAAAJ
Akash Dev Roshan,"Indian Institute of Technology, Guwahati","Digital VLSI, AI Accelerator, Chip Design (RTL-GDSII)",19.0,https://scholar.google.com/citations?hl=en&user=lMqwJgYAAAAJ
Sayan Lahiri,"Senior Research Fellow, IIT Guwahati",Condensed Matter Physics,19.0,https://scholar.google.com/citations?hl=en&user=Yk_6qrIAAAAJ
Akanshu Chauhan,IIT Guwahati,"Wavefront sensing, Free space optical communication, Atmospheric turbulence, Holography",19.0,https://scholar.google.com/citations?hl=en&user=xrMKYzIAAAAJ
Sibasis Sahoo,IIT Guwahati,,19.0,https://scholar.google.com/citations?hl=en&user=4cEnzN0AAAAJ
Didwmsha Goyari,Indian Institute of Technology Guwahati,"Magnetic materials, Multilayer Thin Films, Amorphous, Spintronics",19.0,https://scholar.google.com/citations?hl=en&user=U-Y2954AAAAJ
Jinmay Kalita,IIT Guwahati,"Phytofluidics, Biomechanics, Clean energy",19.0,https://scholar.google.com/citations?hl=en&user=U87898kAAAAJ
GNANA SANGEETHA RAMACHANDRAN,Indian Institute of Technology Guwahati,"Electrochemistry, Energy storage Systems",19.0,https://scholar.google.com/citations?hl=en&user=KDlG6HIAAAAJ
Nimish Kumar Mahapatra,"Post Doctoral Fellow, Indian Institute of Technology Guwahati",Number Theory,19.0,https://scholar.google.com/citations?hl=en&user=dPvc45wAAAAJ
Swathy Gopal Nurani,"Indian Institute of Technology, Guwahati",Biomechanics,19.0,https://scholar.google.com/citations?hl=en&user=lxWB_a4AAAAJ
prince kanhya,IIT guwahati,"Numerical linear algebra, Matrix theory, Linear Algebra",19.0,https://scholar.google.com/citations?hl=en&user=KkcJ8gYAAAAJ
Supratim Kaushik,Indian Institute of Technology Guwahati,"Transportation Geotechnics, Non Destructive Testing of pavements, Soil stabilization, Pavement materials",18.0,https://scholar.google.com/citations?hl=en&user=eI8F0iUAAAAJ
Susmita Bhattacharjee,Indian Institute of Technology Guwahati,"Speech Technology, Pathological Speech Processing, Natural Language Processing",18.0,https://scholar.google.com/citations?hl=en&user=iuy_2xcAAAAJ
Anubhab Mukherjee,Indian Institute of Technology Guwahati,"Earthquake Engineering, Structural Engineering, Retrofitting of Structures, Ferrocement Composite",18.0,https://scholar.google.com/citations?hl=en&user=7kmbkHoAAAAJ
ANTASH KISHORE SINHA,Indian Institute of Technology Guwahati,"Laser-material proc., Geothermal Energy, ML, Microstructure & Mat. Char., Image Proc.",18.0,https://scholar.google.com/citations?hl=en&user=i7GoXA4AAAAJ
Ahaan Sameer Malhotra,IIT Guwahati,Computer Science,18.0,https://scholar.google.com/citations?hl=en&user=4Z5WmuMAAAAJ
Suraj Goala,Indian Institute of Technology Guwahati,"Additive Manufacturing, Submerged Arc Additive Manufacturing, Artificial Intelligence, Optimization",18.0,https://scholar.google.com/citations?hl=en&user=chjZZsAAAAAJ
Gobinda Chhetry,"Indian Institute of Technology, Guwahati","Hydrogels, Microbial, Metal Sequestration",18.0,https://scholar.google.com/citations?hl=en&user=1hGbr7IAAAAJ
Hanumanth Reddy Pemmana,Indian Institute of Technology Guwahati,"Heterogenous Catalysis, Biomass Valorization, Flow Chemistry, Oscillatory Baffled Reactors, Computational Fluid Dynamics",17.0,https://scholar.google.com/citations?hl=en&user=sTtWlCcAAAAJ
Mrinal Gupta,"Bachelor of Technology, Mechanical Engineering, Indian Institute of Technology Guwahati","Artificial Intelligence, ML and Deep Learning, Computer Vision, Natural Language Processing, Medical robotics and rehabilitation devices",17.0,https://scholar.google.com/citations?hl=en&user=L8zOdMYAAAAJ
Dr. Pankaj Kumar,IIT Guwahati,IPR,17.0,https://scholar.google.com/citations?hl=en&user=SsFMbt4AAAAJ
Ghanshyam Shivhare,Indian Institute of Technology Guwahati,"Robotics, Computer aided design, Medical Devices, Deep Learning",17.0,https://scholar.google.com/citations?hl=en&user=JzkIMPwAAAAJ
Premsagar Pillajetti,IIT Guwahati,"CFD, Fluid Mechanics and Fluid Dynamics.",17.0,https://scholar.google.com/citations?hl=en&user=qPf6lL4AAAAJ
Aariya Sen,Indian Institute of Technology Guwahati,"Monetary Policy, International Economics, Financial Macroeconomics",17.0,https://scholar.google.com/citations?hl=en&user=kkLQDGcAAAAJ
SNEHASREE TIRUKOVALLURI,Indian Institute of Technology Guwahati,Sustainabilty,17.0,https://scholar.google.com/citations?hl=en&user=tfbGMMMAAAAJ
Tuhina Dargan,"Indian Institute of Technology, Guwahati","Human Computer Interaction, Design for education, User Experience",16.0,https://scholar.google.com/citations?hl=en&user=Dckoy4MAAAAJ
Kumar Priyadarshi,Indian Institute of Technology Guwahati,"Deep Learning, Speech Recognition",16.0,https://scholar.google.com/citations?hl=en&user=d-ecbBwAAAAJ
Saikat Giri,"Indian Institute of Technology, Guwahati",Operator Theory,16.0,https://scholar.google.com/citations?hl=en&user=jyze2swAAAAJ
Pranjali Singh,IIT Guwahati,"Artificial Intelligence, Machine Learning, Image Processing, Computer Vision",16.0,https://scholar.google.com/citations?hl=en&user=PFTM6mYAAAAJ
Monalisha Sarma,IIT Guwahati,Computational Chemistry,16.0,https://scholar.google.com/citations?hl=en&user=uUT0ul0AAAAJ
Indraneel debnath,IIT Guwahati,Chemistry,16.0,https://scholar.google.com/citations?hl=en&user=tRorNMUAAAAJ
Rajesh Kumar Jha,IIT Guwahati,"sweat sensor, sweat pH sensor, FET, TFT, nano sensor device fabrication and IOT",16.0,https://scholar.google.com/citations?hl=en&user=2jqUSl8AAAAJ
Dr. Dipankar Mondal,"Assistant Professor, IIT Guwahati","Quant Risk, Portfolio Selection, Performance Measurement, Downside Risk, Data Analytics",15.0,https://scholar.google.com/citations?hl=en&user=HjcHY78AAAAJ
Arman Mohaddin Nadaf,IIT Guwahati,"Flow boiling, Two phase flow instabilities, Loop heat pipes",15.0,https://scholar.google.com/citations?hl=en&user=oc6w5fcAAAAJ
Dhanasingh Murugan,Indian Institute of Technology Guwahati,,15.0,https://scholar.google.com/citations?hl=en&user=zFz_CoYAAAAJ
Paraj Ganchaudhuri,Prime Minister Research Fellow at Indian Institute of Technology Guwahati,"Drones, Control Systems, Optimization, Energy",15.0,https://scholar.google.com/citations?hl=en&user=HPxCOf4AAAAJ
Dinesh Ray,IIT Guwahati,Solid Mechanics and Design of Machine …,15.0,https://scholar.google.com/citations?hl=en&user=7VBpjCUAAAAJ
MRINAL KANTI DOLAI,IIT Guwahati,"Defect Engineering, Oxygen deficiency, Photocatalysis, Adsorption, Wastewater Treatment",15.0,https://scholar.google.com/citations?hl=en&user=cc4-iqEAAAAJ
Dr. Roushni Kumari,Indian Institute of Technology Guwahati (IITG),"Multiphase Flows, Mixing, Computational Fluid Dynamics, Advanced Measurement Techniques, Image",15.0,https://scholar.google.com/citations?hl=en&user=E4JxF_gAAAAJ
Lokesh sharma,Indian Institute of Technology Guwahati,"Quantum Photonics, Optics & Semiconductor devices",15.0,https://scholar.google.com/citations?hl=en&user=1BdBlf4AAAAJ
Mrigankadeep Bharadwaj,"Research Associate I, IIT Guwahati",… / Downconversion luminescence/ Laser …,15.0,https://scholar.google.com/citations?hl=en&user=i43PuVsAAAAJ
Pikesh Kumar,Indian Institute of Technology Guwahati,"Pyrolysis, Kinetics, Catalysis, Biochar, Hydrothermal liquefaction",15.0,https://scholar.google.com/citations?hl=en&user=5-k6PmQAAAAJ
Jumana Ishrat,"Indian Institute of Technology, Guwahati","Computational Chemistry, Materials Chemistry",15.0,https://scholar.google.com/citations?hl=en&user=pbAjsM8AAAAJ
Anmol Ramraika,IIT Guwahati,Computer Vision,14.0,https://scholar.google.com/citations?hl=en&user=c3f_o-IAAAAJ
Arti Omar Chakraborty,Indian Institute of Technology Guwahati,Finance,14.0,https://scholar.google.com/citations?hl=en&user=my-kJU0AAAAJ
IBANRISHISHA MAWA,"Department of Chemistry, IITG","Excited-States Processes, Computational Studies",14.0,https://scholar.google.com/citations?hl=en&user=uK6Uv_cAAAAJ
Siddharth Kumar,Indian Institute of Technology Guwahati,"Development Studies, Anthropology",14.0,https://scholar.google.com/citations?hl=en&user=pTitTCQAAAAJ
Ashok Kumar Gond,IIT Guwahati,"CFD, Supercritical fluids, Heat transfer",14.0,https://scholar.google.com/citations?hl=en&user=RqhhsuyA2z4C
Feba Francis,"Indian Institute of Technology, Guwahati","Antimicrobial peptides, Peptide-membrane interactions",14.0,https://scholar.google.com/citations?hl=en&user=FqeoPxEAAAAJ
Shwet Prasoon,IIT Guwahati,"Power electronics, Power quality",14.0,https://scholar.google.com/citations?hl=en&user=3YgwZswAAAAJ
Prattusha Khan,"Doctoral Researcher, IIT Guwahati","Molecular microbiology, Clinical microbiology",14.0,https://scholar.google.com/citations?hl=en&user=tPIi4uQAAAAJ
Pranjal Choudhury,Indian Institute of Technology Guwahati,"optical Imaging, super resolution microscopy, wavefront sensing, computer generated holography",14.0,https://scholar.google.com/citations?hl=en&user=xZM7s6gAAAAJ
Chanreingam L,IITG,Coordination chemistry,14.0,https://scholar.google.com/citations?hl=en&user=yXE88tsAAAAJ
Nibedita Nayak,"Indian Institute of Technology Guwahati, Assam","Condensed matter physics, Magnetism, Dielectric studies",14.0,https://scholar.google.com/citations?hl=en&user=b4RVx-kAAAAJ
Madan Mohan Mahana,Indian Institute of Technology Guwahati,"Quantum optics, Circuit QED, Hybrid quantum systems",14.0,https://scholar.google.com/citations?hl=en&user=BtxGwG0AAAAJ
Satyajit Singh,"Senior Research Fellow, IIT Guwahati",Organic Synthesis,14.0,https://scholar.google.com/citations?hl=en&user=pmFlV7YAAAAJ
Dr.Arulpandian Palanisamy,"Indian Institute of Technology, Guwahati","Metal Matrix Composites, Semi solid casting",14.0,https://scholar.google.com/citations?hl=en&user=HA8gFlEAAAAJ
Benny George Kenkireth,"Dept. of CSE, IIT Guwahati","Discrete Mathematics, Theoretical Computer Science",14.0,https://scholar.google.com/citations?hl=en&user=gU1DJisAAAAJ
Sanjana Das,"Indian Institute of Technology, Guwahati",Supramolecular Chemistry,14.0,https://scholar.google.com/citations?hl=en&user=8SpwndAAAAAJ
Tanveera Sarhadi,"Indian Institute of Technology, Guwahati","Organelles, mitochondria, protein aggregation, Parkinsons, yeast",14.0,https://scholar.google.com/citations?hl=en&user=ikl_KDMAAAAJ
Nayantara Kotoky,Indian Institute of Technology Guwahati,"Machine Learning, Information Retrieval",13.0,https://scholar.google.com/citations?hl=en&user=w0oowjgAAAAJ
Nabakumar Bhoi,"Assistant Library Information Officer (ALIO), IIT Guwahati","Library Automation, Best Practices in LIS, Information Literacy",13.0,https://scholar.google.com/citations?hl=en&user=DfupjUUAAAAJ
Kiran Mayawad,"Prime Minister Research Fellow (PMRF), IIT Guwahati","Nanofluidics, Microfluidics, Ion transport, Ion delivery",13.0,https://scholar.google.com/citations?hl=en&user=vkHiZKUAAAAJ
Vedant Phad,"Undergraduate, Indian Institute of Technology Guwahati",Computational Material Science,13.0,https://scholar.google.com/citations?hl=en&user=igWkJBc5e3IC
Pradipta Sarmah,IIT Guwahati,,13.0,https://scholar.google.com/citations?hl=en&user=HbVX7J8AAAAJ
Anjali Singh,Indian Institute of Technology Guwahati,"Applied Mathematics, Phase-Field Models, Numerical Analysis, Neural Networks, Deep Learning",13.0,https://scholar.google.com/citations?hl=en&user=5sq7smIAAAAJ
Amlan Ranjan Rayasingh,Indian Institute of Technology Guwahati,"Coordination chemistry Catalysis, Crystallography, Biophysical Chemistry, Sensing, DFT and Docking",13.0,https://scholar.google.com/citations?hl=en&user=7qKnjGwAAAAJ
Kevin Kago,IIT Guwahati,"Ethics, Logic",13.0,https://scholar.google.com/citations?hl=en&user=NFbNd0kAAAAJ
MSN Karthik,"Bachelor of Design, IIT Guwahati","Human Computer Interaction, Assistive Technologies",12.0,https://scholar.google.com/citations?hl=en&user=Ha5lZooAAAAJ
Ujwal Deep Kadiyam,"Indian Institute of Technology , Guwahati","Coding theory, Coding for distributed data storage, cryptography",12.0,https://scholar.google.com/citations?hl=en&user=IxDyNn8AAAAJ
Ranjit Chakma,IIT Guwahati,solid waste management,12.0,https://scholar.google.com/citations?hl=en&user=7QsyausAAAAJ
Shankhajyoti De,"Indian Institute of Technology, Guwahati","Deep Learning, Computer Vision, Time Series Analysis",12.0,https://scholar.google.com/citations?hl=en&user=Zb7YZOMAAAAJ
Partha Protim Bakal,Indian Institute of Technology Guwahati,"Adsorption, Biochar, hydrochar, Waste water treatment, Nanoparticles for water treatment",12.0,https://scholar.google.com/citations?hl=en&user=58EnzkgAAAAJ
Yashdeep Singh,IIT Guwahati,"Theoretical Computer Science, Graph Theory, Preference based Matchings",12.0,https://scholar.google.com/citations?hl=en&user=uT0pRkwAAAAJ
Suvam Sen,"Indian Institute of Technology, Guwahati",Biotechnology,12.0,https://scholar.google.com/citations?hl=en&user=IGX_57AAAAAJ
Ram Krishna,Indian Institute Of Technology Guwahati,,11.0,https://scholar.google.com/citations?hl=en&user=TkntJl8AAAAJ
Sai Krishna Kothapalli,IIT Guwahati,Cyber security,11.0,https://scholar.google.com/citations?hl=en&user=7b-9Ka8AAAAJ
SANGEETA DEKA,IIT Guwahati,Molecular Biology Neurospora crassa,11.0,https://scholar.google.com/citations?hl=en&user=xkW7c4UAAAAJ
NAVEEN KUMAR,IIT Guwahati,"Network Biology, Computational Biology, Bioinformatics, Systems Biology",11.0,https://scholar.google.com/citations?hl=en&user=t5GGsKsAAAAJ
Tithi Dwary,"Indian Institute of Technology Guwahati, India","Combinatorics, Discrete Mathematics",11.0,https://scholar.google.com/citations?hl=en&user=vn62yQcAAAAJ
RAHUL GOSWAMI,"Senior Research Fellow, Indian Institute of Technology, Guwahati","Imblanaced Data, Survival Analysis, Probabilistic Forecasting, Directional Forecasting",11.0,https://scholar.google.com/citations?hl=en&user=B6dE1nIAAAAJ
Arijit Mohanta,"Undergraduate Research Fellow, IIT Guwahati","Nanomaterials, Point-of-Care",11.0,https://scholar.google.com/citations?hl=en&user=4_930kcAAAAJ
Juana Hatwik,Indian Institute of Technology Guwahati,"Nutrition, Cancer, Health Sciences",11.0,https://scholar.google.com/citations?hl=en&user=2PIofmcAAAAJ
Sachin Dhyani,Research Scholat at IIT Guwahati,Power Electronics,11.0,https://scholar.google.com/citations?hl=en&user=h8Ki9hUAAAAJ
Sheetal Das,"Indian Institute of Technology, Guwahati",,11.0,https://scholar.google.com/citations?hl=en&user=0J-e3V0AAAAJ
KELIFA SEID,"Indian institute of technology,guwahati",product design and development,10.0,https://scholar.google.com/citations?hl=en&user=ZKugTZMAAAAJ
Vatsal Goel,"B.Tech, Indian Institute of Technology, Guwahati","Deep Learning, Computer Vision",10.0,https://scholar.google.com/citations?hl=en&user=uMMoQEIAAAAJ
Prerana Mordina,Indian Institute of Technology Guwahati,"Protein Crystallography, structural and computational biology",10.0,https://scholar.google.com/citations?hl=en&user=vk-VawUAAAAJ
Prathamesh Muley,Indian Institute of Technology Guwahati,"Deep Learning, Algorithm design, Number Theory",10.0,https://scholar.google.com/citations?hl=en&user=9Xae7lQAAAAJ
RAJESH RANJAN,IIT Guwahati,"Robotics, Vibration, Control",10.0,https://scholar.google.com/citations?hl=en&user=s35T4t8AAAAJ
Nitisha Bordoloi,"Indian Institute of Technology, Guwahati","Robust Control, Nonlinear Control, Optimal Control, Intelligent Control for Robotics, Autonomous Vehicle",10.0,https://scholar.google.com/citations?hl=en&user=Adnp0aEAAAAJ
Sibabrata Pradhan,IIT Guwahati,"High-Voltage Engineering, FEM Analysis",10.0,https://scholar.google.com/citations?hl=en&user=EKioZSUAAAAJ
Akshay Kumar Soni,IIT Guwahati,"Solidification of metals, Heat transfer, Fluid flow, Phase field modelling, Materials processing",10.0,https://scholar.google.com/citations?hl=en&user=dhekU4IAAAAJ
CAMELIA JANA,Indian Institute of Technology Guwahati,Astrophysics,10.0,https://scholar.google.com/citations?hl=en&user=249sNPgAAAAJ
Kamal,"IIT Guwahati, MFSDS&AI","Computer vision, Image Processing, Deep Learning",10.0,https://scholar.google.com/citations?hl=en&user=_u5tOQEAAAAJ
Abhishek Kashyap,"Assistant Professor of Philosophy, IIT Guwahati","confirmation theory, disagreement",10.0,https://scholar.google.com/citations?hl=en&user=q9_rtsUAAAAJ
Jebin Sultana Ahmed,IIT Guwahati,Climate Smart Agriculture,10.0,https://scholar.google.com/citations?hl=en&user=3bKrQB0AAAAJ
DHAYA SHANKARAN P,"Indian Institute of Technology, Guwahati","Stem cells, Epigenetics",10.0,https://scholar.google.com/citations?hl=en&user=xIu79lEAAAAJ
Shahrukh,Indian Institute of Technology Guwahati,"Electromagnetics, FEM, Multiphysics, Rotordynamics, Self-Bearing Machines",10.0,https://scholar.google.com/citations?hl=en&user=Cm-oWA8AAAAJ
Bishal Bidyut Buragohain,Indian Institute of Technology Guwahati,"Lattice structures, Additive Manufacturing, Energy Absorption",10.0,https://scholar.google.com/citations?hl=en&user=OzSKS-wAAAAJ
Rajesh Lenka,IIT Guwahati,Carbohydrate chemistry,10.0,https://scholar.google.com/citations?hl=en&user=8iWtzyIAAAAJ
Shivani Raj,"Indian Institute of Technology, Guwahati","Magnetic bearings, Reaction wheel, Control",10.0,https://scholar.google.com/citations?hl=en&user=Yf4ZGVoAAAAJ
Debraj Biswas,Indian Institute of Technology Guwahati,Subsurface Hydrology,9.0,https://scholar.google.com/citations?hl=en&user=OpzU2E4AAAAJ
Ajay,"ACES Lab, School of Energy Science and Engineering , Indian Institute Of Technology …","CCUS & E-Fuels, CO2RR, Thermochemical Cycles, Electrochmical Modelling, Techno-Economic & LCA",9.0,https://scholar.google.com/citations?hl=en&user=GUb-GdcAAAAJ
Debabrata De,IIT Guwahati,"Functional Analysis, Operator Algebras, Operator Theory",9.0,https://scholar.google.com/citations?hl=en&user=Mlm9s2IAAAAJ
Mihir Yadav,"Indian Institute of Technology, Guwahati",,9.0,https://scholar.google.com/citations?hl=en&user=cEGXwtoAAAAJ
Barsha Amarendra,"Prime Minister's Research Fellow, Indian Institute of Technology Guwahati","Architecture, Landscape Architecture",9.0,https://scholar.google.com/citations?hl=en&user=6Rvb5psAAAAJ
Dibaskar Biswas,"Prime Minister Research Fellow, IIT Guwahati","Topological Photonics for 6G applications, Metamaterials",9.0,https://scholar.google.com/citations?hl=en&user=bpgjbCQAAAAJ
Ayush Thakur,"Dept. of Civil Engineering, Indian Institute of Technology, Guwahati, India.",Structural Health Monitoring    Non destructive …,9.0,https://scholar.google.com/citations?hl=en&user=zHZy2JkAAAAJ
Abirbhav Chakrawarty,"Indian Institute of Technology, Guwahati","High Energy Physics, Nuclear Astrophysics, High Energy Astrophysics",9.0,https://scholar.google.com/citations?hl=en&user=wp7WXY0AAAAJ
Deepali Deepali,Indian Institute of Technology Guwahati,Food Engineering and Technology,9.0,https://scholar.google.com/citations?hl=en&user=hz7NfNIAAAAJ
Pradeep Kumar Kumawat,Indian Institute of Technology Guwahati,"General Relativity, Quantum Field Theory, Quantum Entanglement",9.0,https://scholar.google.com/citations?hl=en&user=9yDmgCQAAAAJ
Sai Hari Hara Sudheshna Chunduru,"Indian Institute of Technology, Guwahati","Nanotechnology, Point-of-care-diagnostics, Nanocomposites",9.0,https://scholar.google.com/citations?hl=en&user=HO7wnSwAAAAJ
Rachakonda Naga Sai Prakash,Indian Institute of Technology Guwahati,"Computational Fluid Dynamics, Scientific Machine learning, DSMC, Aerodynamics",9.0,https://scholar.google.com/citations?hl=en&user=UslTvvQAAAAJ
Ishita Ishita,"Indian Institute of Technology, Guwahati",,8.0,https://scholar.google.com/citations?hl=en&user=waYzT7YAAAAJ
Shawan Kumar Jha,Indian Institute of Technology Guwahati,,8.0,https://scholar.google.com/citations?hl=en&user=ClvipWcAAAAJ
Bikash Ranjan Sahoo,"Reasearch Associate, IIT Guwahati","Solid state physics, Opto-electronics, Energy materials",8.0,https://scholar.google.com/citations?hl=en&user=K6SpPDcAAAAJ
Evenmore Mylliem,Indian Institute of Technology Guwahati,"Laser based Manufacturing, Advanced manufacturing, Laser-fabric or laser-textile interaction",8.0,https://scholar.google.com/citations?hl=en&user=3bVogpMAAAAJ
Sidhartha kumar Sahu,IIT GUWAHATI,"High Gain Antenna, DRA, SIW, B5G Communication, 3-D Printed Antenna",8.0,https://scholar.google.com/citations?hl=en&user=q0OuMPAAAAAJ
mawonthing ng,Indian Institute of Technology Guwahati,"Proverbs, oral culture, language",8.0,https://scholar.google.com/citations?hl=en&user=4Y_2jFsAAAAJ
Sanket Kathrotiya,Indian Institute of Technology Guwahati,,8.0,https://scholar.google.com/citations?hl=en&user=TeZ5CN4AAAAJ
Sachin Kumar Sharma,IIT Guwahati,"Green Energy, Electrochemistry, Microfluidics, Material Sciences",8.0,https://scholar.google.com/citations?hl=en&user=rrSujY8AAAAJ
Bijoyendra Sharma,Indian Institute of Technology Guwahati,"Sensor, Electronics",8.0,https://scholar.google.com/citations?hl=en&user=6t1KMmIAAAAJ
Ariful Hoque,"Indian Institute of Technology, Guwahati","Network Security, Big Data Analysis",7.0,https://scholar.google.com/citations?hl=en&user=UvgvGKsAAAAJ
Kiran S,Indian Institute of Technology - Guwahati,"Application DL/ML in EO data, Hydrodynamic Modelling",7.0,https://scholar.google.com/citations?hl=en&user=gTNKkPQAAAAJ
Manas Kumar Panda,IIT Guwahati,"Combinatorics, Algorithms, Parallel Algorithms",7.0,https://scholar.google.com/citations?hl=en&user=WT-OMjgAAAAJ
Mrinmoy Boruah,"Junior Research Fellow at TIH Division, Technology Innovation Development Foundation …","ML, IoT, Drone Technology",7.0,https://scholar.google.com/citations?hl=en&user=xCCCToIAAAAJ
Chinmayee Choudhury,IIT Guwahati,,7.0,https://scholar.google.com/citations?hl=en&user=jqdMYRwAAAAJ
Akshit Sharma,"BTech - Computer Science Engineering, Indian Institute of Technology Guwahati","computer vision, super resolution, generative adversarial networks",7.0,https://scholar.google.com/citations?hl=en&user=wsBYB-gAAAAJ
Ashim Kumar,IIT Guwahati,,7.0,https://scholar.google.com/citations?hl=en&user=9rXTsk0AAAAJ
SATYENDRA VERMA,IIT Guwahati,"Supramolecular Chemistry, coordination polymer",7.0,https://scholar.google.com/citations?hl=en&user=QKpwwcMAAAAJ
Bhanu Pratap Singh,"Indian Institute of Technology, Guwahati (IITG)","Product Development, Nutraceuticals Formulations, Microencapsulation",7.0,https://scholar.google.com/citations?hl=en&user=cPteEM8AAAAJ
Mr. Rahul Kumar,"Department of Chemistry at IIT Guwahati, India","Ion transport, Organic Synthesis, Biophysical Chemistry, Medicinal chemistry",7.0,https://scholar.google.com/citations?hl=en&user=EQTfHSwAAAAJ
Moirangthem Sanahal,Indian Institute of Technology Guwahati,Theoretical Condensed Matter Physics,7.0,https://scholar.google.com/citations?hl=en&user=M-SDZzIAAAAJ
Sajal Roy,IIT Guwahati,"Organic Chemistry, CH activation",7.0,https://scholar.google.com/citations?hl=en&user=FeoqpcEAAAAJ
Abhinandan Kumar Thakur,Indian Institute of Technology Guwahati,"High entropy alloy, Micro-Machining, Additive manufacturing",7.0,https://scholar.google.com/citations?hl=en&user=JTwt19oAAAAJ
Tanmay Deepak Jadhav,Indian Institute of Technology Guwahati,"Organ-on-chips, 3D Bioprinting, Tissue Engineering, Microfluidics",7.0,https://scholar.google.com/citations?hl=en&user=ArQARREAAAAJ
Darshankumar Vaghela,Indian Institute of Technology Guwahati,"Nanopharmaceuticals, Neuro-therapeutics, Pathophysiology, Pharmacology",6.0,https://scholar.google.com/citations?hl=en&user=Bj7Gq2sAAAAJ
Manoj Kumar Verma,IIT Guwahati,"Systems Design, Systems Theory",6.0,https://scholar.google.com/citations?hl=en&user=w7rZplEAAAAJ
Amey Varhade,Indian Institute of Technology Guwahati,"AI4Science, Retrieval, LLMs, Efficient ML",6.0,https://scholar.google.com/citations?hl=en&user=A__VZcMAAAAJ
Dr Dhiraj Singha,Post Doctoral Fellow at IIT Guwahati,"Critical Caste/Race Studies, Stigma, Digital Cultures, Rural Development, Policy Evaluation",6.0,https://scholar.google.com/citations?hl=en&user=CG4AuKEAAAAJ
Aayush Chaudhary,"Dream11, IIT Guwahati",Machine Learning,6.0,https://scholar.google.com/citations?hl=en&user=2Qej2IgAAAAJ
Amrita Pathak,"Department of Mechanical Engineering, Indian Institute of Technology Guwahati",Hypersonic Aerodynamics,6.0,https://scholar.google.com/citations?hl=en&user=2ErbTxYAAAAJ
Madhusmita Nanda,"PMRF, Earth System Science and Engineering Division, Department of Civil Engineering, IIT …","Isotope Hydrology, Stable Isotopes, Environmental Tracers, Glacier/Snow Melt",6.0,https://scholar.google.com/citations?hl=en&user=GEwv22YAAAAJ
Bhera Ram,"Indian Institute of Technology, Guwahati","General Relativity, Fluid Dynamics",6.0,https://scholar.google.com/citations?hl=en&user=SDuoKwMAAAAJ
Simangka Bor Saikia,Indian Institute of Technology Guwahati,"Charge Transfer, Post Tanslational Modifications, Flourescence Spectroscopy",6.0,https://scholar.google.com/citations?hl=en&user=FmTszbEAAAAJ
Manta Wangsu,Indian Institute of Technology Guwahati,"Development, Coal, Resource Politics, Ethnicity, Northeastern Studies",6.0,https://scholar.google.com/citations?hl=en&user=ZUE4ot0AAAAJ
Sachin Kumar,Indian Institute of Technology Guwahati,"Semiconductor, Capacitive deionization, Water filtration and quality analysis, Air quality analysis",6.0,https://scholar.google.com/citations?hl=en&user=_sCb3XcAAAAJ
Rahimul I. Mazumdar,Indian Institute of Technology Guwahati,"Computer Vision, Embedded Systems, Smart Transportation, Autonomous Driving",6.0,https://scholar.google.com/citations?hl=en&user=nxw_Tm4AAAAJ
Bhaswatee Baishya,Indian Institute of Technology Guwahati,Hydrology,6.0,https://scholar.google.com/citations?hl=en&user=2FOwO8YAAAAJ
HIMANI MATTOO,IIT GUWAHATI,,6.0,https://scholar.google.com/citations?hl=en&user=RCe4egYAAAAJ
Tithi Saha,Indian Institute of Technology Guwahati,"Wide Bandgap Semiconductors, Semiconductor optoelectronics",6.0,https://scholar.google.com/citations?hl=en&user=6yEKMgkAAAAJ
Chandan Kumar,"Department of Physics, IIT Guwahati","Plasmonics & Metamaterials, Tunable Metadevices",6.0,https://scholar.google.com/citations?hl=en&user=2HazjQsAAAAJ
Arunabha Dutta,IIT Guwahati,"MOF, porous material, Luminescent material, Chemosensor",6.0,https://scholar.google.com/citations?hl=en&user=24B1WOYAAAAJ
Deepak Kumar Yadav,Indian institute of technology Guwahati,"Condensed Matter Physics, Magnetism",6.0,https://scholar.google.com/citations?hl=en&user=jJmGyUEAAAAJ
Soumyabrata Tewary,Indian Institute of Technology Guwahati,"Nanomaterials, Wastewater treatment, Fuel Cells",6.0,https://scholar.google.com/citations?hl=en&user=I6uo5D8AAAAJ
Madhab Morang,Indian Institute of Technology Guwahati,Probing Nonadiabatic Phenomena in Small π …,6.0,https://scholar.google.com/citations?hl=en&user=SNxK1YoAAAAJ
Sreekrishna Palaparthi,IIT Guwahati,"Geometric Topology, 3-manifolds, Hyperbolic Manifolds, Goeritz Groups, Mapping Class Groups",5.0,https://scholar.google.com/citations?hl=en&user=fHu2GKgAAAAJ
DEBASIS PANDA,Indian Institute of Technology Guwahati,"Structural Engineering, Wind Engineering, Nonlinear Dynamics, Vibration Control",5.0,https://scholar.google.com/citations?hl=en&user=m6Sd4lkAAAAJ
Chaitanya Kirti,Indian Institute of Technology Guwahati,"Natural Language Processing, Computational Linguistics, Machine Learning",5.0,https://scholar.google.com/citations?hl=en&user=6rKS9gsAAAAJ
Gaurav Jaiswal,Indian Institute of Technology Guwahati,Synthetic Organic Chemistry,5.0,https://scholar.google.com/citations?hl=en&user=jFzLeBsAAAAJ
Sanjib Ray,"Department of Physics, Indian Institute of Technology Guwahati",Computational Material Science,5.0,https://scholar.google.com/citations?hl=en&user=FGBTH34AAAAJ
SAURAV KUMAR,Indian Institute of Technology Guwahati,"Security Aspects of IoT, Network Traffic Analysis, AI, Machine Learning, Federated Learning",5.0,https://scholar.google.com/citations?hl=en&user=E8ABnA4AAAAJ
Ligang Pampi,IIT Guwahati,Chemistry,5.0,https://scholar.google.com/citations?hl=en&user=dkUYPQwAAAAJ
Mushraf Parvez,"Indian Institute of Technology, Guwahati","Micromachining, Sustainability, CFRP, Laser machining",5.0,https://scholar.google.com/citations?hl=en&user=QhwJPMgAAAAJ
Siddhant Biswas,"Doctoral Researcher, Indian Institute of Technology Guwahati","Cancer Biology, Microfluidic devices, Organ-on-a-chip, Biomaterials, Tissue Engineering",5.0,https://scholar.google.com/citations?hl=en&user=CSFF9JgAAAAJ
Kaushik Mazumdar,Indian Institute of Technology Guwahati,"Behavioral Biometrics, Continuous Authentication, Cyber Security, Mouse Dynamics, Deep Learning",5.0,https://scholar.google.com/citations?hl=en&user=NcL0FbcAAAAJ
HARSH RAJ,IIT Guwahati,"Joint sensing and communication, Next-Gen wireless communication, Machine Learning, IRS",5.0,https://scholar.google.com/citations?hl=en&user=C_LWniQAAAAJ
Vishisht Priyadarshi,Indian Institute of Technology Guwahati,,5.0,https://scholar.google.com/citations?hl=en&user=U_ygZKkAAAAJ
Jaydip Jadav,Indian Institute of Technology Guwahati,Constructed Wetlands,5.0,https://scholar.google.com/citations?hl=en&user=nQmNMh8AAAAJ
Rajib Lochan Ghadei,Indian Institute of Technology Guwahati,"Radiative Cooling, Metamaterials, Plasmonics, Near-field Radiative Heat Transfer, 2D Materials",5.0,https://scholar.google.com/citations?hl=en&user=tsFi8q0AAAAJ
Yuvaraj Gogoi,Indian Institute of Technology Guwahati,"Theories of International Relations, Violence Studies",4.0,https://scholar.google.com/citations?hl=en&user=UDwBJukAAAAJ
Chaitanya Tejaswi,Indian Institute of Technology Guwahati,ic design,4.0,https://scholar.google.com/citations?hl=en&user=c-yCZwgAAAAJ
Ravindra,Indian Institute of Technology Guwahati,"Machine Learning, Computer Vision, Image Processing, Smart Transportation, Adverse Weather Condition",4.0,https://scholar.google.com/citations?hl=en&user=FlpcmB4AAAAJ
Madhab Mondal,Indian Institute of Technology Guwahati,Graph and Matrices,4.0,https://scholar.google.com/citations?hl=en&user=H7A2yFAAAAAJ
Rohitash Saran,IIT GUWAHATI,"SOIL STABILIZATION, WASTE VALORIZATION, ADVANCED CONSTRUCTION MATERIALS, GEO-ENVIRONMENTAL ENGG.",4.0,https://scholar.google.com/citations?hl=en&user=KcrvdqQAAAAJ
ADITI SHARMA,"Indian Institute of Technology, Guwahati","Social psychology, Positive Psychology",4.0,https://scholar.google.com/citations?hl=en&user=NuPGFVkAAAAJ
Dipantita Biswas,Indian Institute of Technology Guwahati,"Computer Vision, Biometrics, Palmprint Recognition",4.0,https://scholar.google.com/citations?hl=en&user=fJwqdm4AAAAJ
Sumit Singha,"Indian Institute of Technology, Guwahati","Biomedical signal processing, Edge AI, Machine learning, Deep learning, Lightweight neural networks",4.0,https://scholar.google.com/citations?hl=en&user=TCLzIqgAAAAJ
Pulakeswar Basumatary,"Centre for the Environment, IIT Guwahati","Wildlife Conservation and Metagenomics, Remote Sensing and GIS, Climate Meta Data Analysis",4.0,https://scholar.google.com/citations?hl=en&user=fN2i7TIAAAAJ
Ritu Tripathi,Indian Institute of Technology Guwahati (IIT Guwahati),"Structural and Computational Biology, Molecular Biology, Crystallization",4.0,https://scholar.google.com/citations?hl=en&user=q3c6rhcAAAAJ
Nidhi Chhabra Talreja,Indian Institute of technology guwahati,"Anaerobic digestion, Waste to energy, Waste management",4.0,https://scholar.google.com/citations?hl=en&user=gaQQyicAAAAJ
Inmozhi Mangai,IIT Guwahati,"artificial intelligence, machine learning, psychology, neuroscience",4.0,https://scholar.google.com/citations?hl=en&user=MLIcsGAAAAAJ
Mahua Singh,"CSE Undergrad, IIT Guwahati","Systems for AI, Natural Language Processing, Large Language Models",4.0,https://scholar.google.com/citations?hl=en&user=YQQ04aEAAAAJ
Sanchit Pathak,Indian Institute of Technology Guwahati,,4.0,https://scholar.google.com/citations?hl=en&user=ost5RMEAAAAJ
Aradhna Moktan,Indian Institute of Technology Guwahati,"Climate Change Adaptation, Sustainable Settlement Design, Disaster Risk Management, Policy Making",4.0,https://scholar.google.com/citations?hl=en&user=iqM3maIAAAAJ
surya shekhar,"Indian Institute of Technology, Guwahati","RSMA, Stochastic Geometry, Interference Management, Physical Layer IoT Networks, 6G",4.0,https://scholar.google.com/citations?hl=en&user=iCii8KcAAAAJ
Amit kumar Mohapatra,"School of energy science and engineering, IIT Guwahati","composite sandwich structure, impact mechanics, finite element analysis",4.0,https://scholar.google.com/citations?hl=en&user=NbwkSnMAAAAJ
Pantha Pradip Das,"P.hD Candidate, Indian Institute of Technology Guwahati","System Identification, Dynamic Modelling, PINN, Machine Learning, Signal Processing",4.0,https://scholar.google.com/citations?hl=en&user=zobgZBkAAAAJ
Siddhant Maheshka,IIT Guwahati,,3.0,https://scholar.google.com/citations?hl=en&user=e5ZaFgEAAAAJ
Syed Mohammad Akrama Ali Rizvi,IIT Guwahati,"Organizational Behaviour, IO Psychology, Leadership, HRM, Employee Well-Being",3.0,https://scholar.google.com/citations?hl=en&user=X0dDGdEAAAAJ
Jayatu Bhuyan,Indian Institute of Technology Guwahati,"Water resource management, water quality assessment, aquatic ecosystem, hydrological modelling",3.0,https://scholar.google.com/citations?hl=en&user=ghtZdwQAAAAJ
Opangienla Kechu,Indian Institute of Technology Guwahati,"Cognitive linguistics, Bilingualism, Psycholinguistics",3.0,https://scholar.google.com/citations?hl=en&user=7D7fcAwAAAAJ
Moumita Pakrashi,"Indian Institute of Technology, Guwahati","Computational Linguistics, Prosody modelling, Speech Technologies, Acoustic Phonetics, Phonology",3.0,https://scholar.google.com/citations?hl=en&user=6-l_zRkAAAAJ
Antaripa Saha,Indian Institute of Technology Guwahati,"Droplet Microfluidics, Janus, CFD, multi-emulsions, Membranes",3.0,https://scholar.google.com/citations?hl=en&user=9A58HekAAAAJ
Rohit Raj Rai,Indian Institute of Technology Guwahati,"Deep Learning, Natural Language Processing, Model Compression",3.0,https://scholar.google.com/citations?hl=en&user=7cOJ810AAAAJ
Saurav Gupta,Indian Institute of Technology Guwahati,"Blockchain, Cryptography, Access Control, Distributed Systems.",3.0,https://scholar.google.com/citations?hl=en&user=495g9H4AAAAJ
Arka Mukherjee,"Department of Mathematics, IIT Guwahati","Analysis of PDEs, Nonlinear Functional Analysis, Geometric Analysis, Analysis on Lie Groups",3.0,https://scholar.google.com/citations?hl=en&user=gXKlrhUAAAAJ
Innocent Dengkhw Mochahari,"Indian Institute of Technology, Guwahati","Machine Learning for Intelligent Systems, Machine Learning for Electronic Design …",3.0,https://scholar.google.com/citations?hl=en&user=RFlNgXgAAAAJ
Amit Sahu,IIT guwahati,lightweight concrete,3.0,https://scholar.google.com/citations?hl=en&user=ZkZCPjUAAAAJ
Abinath Radhakrishnan,"Department of Physics, Indian Institute of Technology Guwahati, Guwahati, Assam","Condensed Matter Physics, Energy Storage",3.0,https://scholar.google.com/citations?hl=en&user=VXs48jcAAAAJ
Shilpa Krishnan,Indian Institute of Technology Guwahati,"Sociology of Development, Coastal Governance, Politics of Infrastructure. Ethnography",3.0,https://scholar.google.com/citations?hl=en&user=usBQxQcAAAAJ
sourav mandal,Indian Institute of Technology Guwahati,"Magnetism, Permanent Magnet, Spintronics, Non-colinear antiferromagnets",3.0,https://scholar.google.com/citations?hl=en&user=EAdKe9wAAAAJ
Arnav Bayan,Indian Institute of Technology Guwahati,"Food Engineering, Sustainable Polymers, Biosensors, Smart Materials, Active Packaging",3.0,https://scholar.google.com/citations?hl=en&user=9iCJRSwAAAAJ
Sankeerthan Lakshmanan,"Masters, Indian Institute of Technology Guwahati","Food Packaging, Biomass Valorization, Sustainable Biorefineries",3.0,https://scholar.google.com/citations?hl=en&user=vIhENRAAAAAJ
Mukesh Tiwari,Indian Institute of Technology Guwahati,Air Pollution,3.0,https://scholar.google.com/citations?hl=en&user=thXMKYsAAAAJ
ABHISHEK PUNIA,Indian Institute of Technology Guwahati,"Chatter, Dynamics of Machining Processes, Machine Learning, Deep Learning, Physics Informed Learning",3.0,https://scholar.google.com/citations?hl=en&user=DNY44zkAAAAJ
Dhiman Boro,"Indian Institute of Technology, Guwahati","Foam Concrete, Thermal Insulation Plasters, Nuclear Resistant Concrete",3.0,https://scholar.google.com/citations?hl=en&user=sYyN3U8AAAAJ
Himashri Deka,IIT Guwahati,"Machine Learning, Mental health, Federated Learning",3.0,https://scholar.google.com/citations?hl=en&user=FqC8bZwAAAAJ
suresh chand,IIT Guwahati,"High Energy Physics, Quantum Field Theory",3.0,https://scholar.google.com/citations?hl=en&user=KrXUgXYAAAAJ
KUMAR PIJUSH KATAKY,Indian Institute of Technology Guwahati,"Fluid Mechanics, Mechanical Engineering, Fluids and Thermal Engineering, Microswimmers",3.0,https://scholar.google.com/citations?hl=en&user=GKXgS6AAAAAJ
Arindam Maity,IIT Guwahati,"Portfolio Optimization, Financial Mathematics",3.0,https://scholar.google.com/citations?hl=en&user=f17ukecAAAAJ
Mahesh Reginthala,"Undergraduate of Electronics and Communication Engineering, Indian Institute of …","Semantic Segmentation, Object Detection, Deep Learning, AI",2.0,https://scholar.google.com/citations?hl=en&user=5FuYBTwAAAAJ
Chandra Prakash,IITG,"General Relativity, Quantum Field Theory, Black Hole Thermodynamics",2.0,https://scholar.google.com/citations?hl=en&user=uaCF9ZEAAAAJ
Sumantra Chaudhuri,"Researcher, Environmental Engineering, Indian Institute of Technology Guwahati","Microplastic, Water, Wastewater, Emerging contaminants",2.0,https://scholar.google.com/citations?hl=en&user=NOUrtpgAAAAJ
Aditi Bhatt,Indian Institute of Technology,"Eye-tracking, Interaction Design, Wayfinding, Visual Perception, Architectural Conservation",2.0,https://scholar.google.com/citations?hl=en&user=N8ngz1UAAAAJ
Shivangi Gupta,Indian Institute of Technology Guwahati,Positive psychology,2.0,https://scholar.google.com/citations?hl=en&user=1zcwDEgAAAAJ
Saroj Kumar Sahu,Indian Institute of Technology Guwahati,"Nonlinear analysis of RC structures, Shear interaction effects",2.0,https://scholar.google.com/citations?hl=en&user=YwQDobMAAAAJ
Laxita Agrawal,"IIT Guwahati, Department of Computer Science and Engineering (CSE)",,2.0,https://scholar.google.com/citations?hl=en&user=uCzeuPgAAAAJ
Jeet Kumar Brahma,Indian Institute of Technology Guwahati,"Computational Materials Science, Condensed Matter Physics, Energy Materials",2.0,https://scholar.google.com/citations?hl=en&user=724Ci1YAAAAJ
Meghna Majumder,"Indian Institute of Technology Guwahati,","Language and Cognition, Neurolinguistics, Experimental Psycholinguistics, Semantics",2.0,https://scholar.google.com/citations?hl=en&user=MTpHdZUAAAAJ
Arjita Roy,"Indian Institute of Technology Guwahati, Guwahati, Assam 781039, India.","Biotechnology, Energy",2.0,https://scholar.google.com/citations?hl=en&user=Ph6MaRoAAAAJ
Sachin Thomas,"Indian Institute of Technology, Guwahati","Public Economics and Policy, Labour Economics, Economics of Education",2.0,https://scholar.google.com/citations?hl=en&user=-hpNnSsAAAAJ
Monish Goswami,Indian Institute of Technology Guwahati,"Fixed film reactors, Natural treatment systems, Ozonation",2.0,https://scholar.google.com/citations?hl=en&user=ZcolT9wAAAAJ
Payel Sarmah,"Indian Institute of Technology, Guwahati","AI/ML, Drone Technology",2.0,https://scholar.google.com/citations?hl=en&user=stT--egAAAAJ
Ramanuj Shankar Pandey,"School of Energy Science and Engineering, Indian Institute of Technology Guwahati","Pyrolysis, Catalysis, Biomass, Waste to Energy, Mineral Beneficiation",2.0,https://scholar.google.com/citations?hl=en&user=DUcssoEAAAAJ
Bhargabi Saha,Indian Institute of Technology Guwahati,"Inflationary Cosmology, Reheating, Warm Inflation",2.0,https://scholar.google.com/citations?hl=en&user=uOtWe1gAAAAJ
Rupendra Kumar Verma,"Indian Institute of Technology Guwahati - Gifu University, Japan","Composite Materials, Energy Absorption, Metamaterials",2.0,https://scholar.google.com/citations?hl=en&user=a70KouYAAAAJ
firoz shah,Indian Institute of Technology Guwahati,"Semiconductor, VLSI",2.0,https://scholar.google.com/citations?hl=en&user=RBvvJ-4AAAAJ
KIRAN GSK,IIT GUWAHATI,"Maritime security, ocean governance",2.0,https://scholar.google.com/citations?hl=en&user=GfMsV3YAAAAJ
Nirban Das,Indian Institute of Technology Guwahati,Artificial Intelligence,2.0,https://scholar.google.com/citations?hl=en&user=UNAgmmMAAAAJ
Sooraj Vasu,Indian Institute of Technology Guwahati,"Robotics, Engineering Design, Mechanical Engineering, Meta materials, Additive manufacturing",2.0,https://scholar.google.com/citations?hl=en&user=Z2kFcpcAAAAJ
Himanshu Singhal,Indian Institute of Technology Guwahati,"Natural Language Processing, Computer Vision",2.0,https://scholar.google.com/citations?hl=en&user=dQvsIzcAAAAJ
Naphisabiang Sun,Indian Institute of Technology Guwahati,Condensed Matter Physics,2.0,https://scholar.google.com/citations?hl=en&user=vF5XGDIAAAAJ
MONIRUL ISLAM,Indian Institute of Technology Guwahati,Numerical Analysis,2.0,https://scholar.google.com/citations?hl=en&user=UPgD7wYAAAAJ
Surendra Kumar Gour,Indian Institute of Technology Guwahati,Cosmology,2.0,https://scholar.google.com/citations?hl=en&user=AUx0fu4AAAAJ
Om Jee Singh,Indian Institute of Technology Guwahati,Electric motors,2.0,https://scholar.google.com/citations?hl=en&user=kDw4YYAAAAAJ
Shivangi Gupta,Indian Institute of Technology Guwahati,Positive Psychology,1.0,https://scholar.google.com/citations?hl=en&user=dFEBl-8AAAAJ
Surendra Mund,"Department of Physics, Indian Institute of Technology Guwahati",… of Quantum Mechanics and General Relativity …,1.0,https://scholar.google.com/citations?hl=en&user=T3x0L3wAAAAJ
Harsh Ajay Rana,"Indian Institute of Technology Guwahati, IITG","Robotics, Mechatronics",1.0,https://scholar.google.com/citations?hl=en&user=w93SduEAAAAJ
Monuranjan Dowarah,"Technical Superintendent, IIT Guwahati",Robotics II Rehabilitation Robotics II Vibration …,1.0,https://scholar.google.com/citations?hl=en&user=iJ4C-e4AAAAJ
Anchit Prasad,Indian Institute of Technology,"Nanoscience, Computational Chemistry, Organic Synthesis",1.0,https://scholar.google.com/citations?hl=en&user=Ene6kjoAAAAJ
Saurabh Kumar Sarma,"Department of Civil Engineering, Indian Institute of Technology Guwahati","Structural Engineering, Earthquake Engineering, Finite Element Modelling",1.0,https://scholar.google.com/citations?hl=en&user=lqjCGOcAAAAJ
Rahul Kumar,IIT Guwahati,"Composite material, Non-linear Vibration",1.0,https://scholar.google.com/citations?hl=en&user=dhuq4pUAAAAJ
Ashmita Mishra,IIT GUWAHATI,"Physical Materials Chemistry, Moiré Superlattices, Nanomaterials",1.0,https://scholar.google.com/citations?hl=en&user=FsMzC-wAAAAJ
Raghunath Bandha,"Department of Mathematics, IIT Guwahati.",Numerical Analysis (FEM).,1.0,https://scholar.google.com/citations?hl=en&user=UZ7GWaUAAAAJ
Sunanda Chhetry,Indian Institute of Technology Guwahati,"Biochemistry, RNA biology, Structural biology",1.0,https://scholar.google.com/citations?hl=en&user=uDDTM0IAAAAJ
Rohan Dobarkar,"Indian Institute of Technology, Guwahati","Machine Learning, Full Stack Development, Data Science",1.0,https://scholar.google.com/citations?hl=en&user=k5JSeXgAAAAJ
AMIT MAURYA,IIT Guwahati,Experimental CMP,1.0,https://scholar.google.com/citations?hl=en&user=MrN0aO0AAAAJ
Neetesh Kumar Ojha,"Indian Institute of Technology, Guwahati, India","Phonetics, Phonology, Prosody, Morphophonology, Morphosyntax",1.0,https://scholar.google.com/citations?hl=en&user=m2X_z_8AAAAJ
Hitesh Arjunbhai Ramrakhiyani,Indian Institute of Technology Guwahati,"Speech Signal Processing, Machine Learning, Mental Health",1.0,https://scholar.google.com/citations?hl=en&user=hkxZt6sAAAAJ
PRAVEEN SARASWAT,"Indian Institute of Technology, Guwahati",mm-Wave Transmit-Receive Front-End,1.0,https://scholar.google.com/citations?hl=en&user=94XyyOwAAAAJ
LAKSHMI KANT RAO,Indian Institute of Technology,"Application of power electronics, Microgrid fault protection",1.0,https://scholar.google.com/citations?hl=en&user=G9w8utsAAAAJ
Ashish Kumar Mahato,IIT Guwahati TIDF,"IoT, Drone technology, Computer & Network security, LoRaWAN, AR/VR",1.0,https://scholar.google.com/citations?hl=en&user=gYWz0F0AAAAJ
ASHUTOSH PAL,MS Research at IIT Guwahati,"Computer Vision, Machine Learning, GLOF",1.0,https://scholar.google.com/citations?hl=en&user=CK1_AQ4AAAAJ
V Siva Srikara,Indian Institute of Technology Guwahati,Microfluidics,1.0,https://scholar.google.com/citations?hl=en&user=F4NBcDgAAAAJ
Shreya Sharma,Indian Institute of Technology Guwahati,"Geology, Geochemistry, Remote Sensing",1.0,https://scholar.google.com/citations?hl=en&user=0h1fvOkAAAAJ
Vaishnavi Nagabhushana,Indian Institute Of Technology Guwahati,"Continual Learning, Neuromorphic computing",1.0,https://scholar.google.com/citations?hl=en&user=uMTNWiMAAAAJ
Imran Hussain,IIT Guwahati,"Conducting polymers, 2D Materials, Spercapacitor application, EMI Shielding application",1.0,https://scholar.google.com/citations?hl=en&user=JPNJdtAAAAAJ
Sharmistha Masih,"Indian Institute of Technology, Guwahati, India","Operations Research, Sustainability, Decision Analysis, Automation in Construction",1.0,https://scholar.google.com/citations?hl=en&user=voNPcuUAAAAJ
Tapas Das,IIT Guwahati,"Ayurveda Food Biotechnology, Drug delivery, Micro Encapsulation, Food fortification, Bio-extraction",1.0,https://scholar.google.com/citations?hl=en&user=z4Q-MtwAAAAJ
PRAVEEN SARASWAT,Indian Institute of Technology Guwahati,,1.0,https://scholar.google.com/citations?hl=en&user=vBLtf7QAAAAJ
Koushik Nayak,Indian Institute of Technology Guwahati,"Novel Biologics, Biosimilars, Small Peptides, Cell Line Development, Protein Engineering",1.0,https://scholar.google.com/citations?hl=en&user=prGHe2cAAAAJ
Debarati Bhattacharjee,Indian Institute of Technology Guwahati,"NLP, Argument Mining, Machine Learning",,https://scholar.google.com/citations?hl=en&user=XIpW8eQAAAAJ
Pallav Kr. Dutta,"Senior Technical Officer, IIT Guwahati","NLP, Networking",,https://scholar.google.com/citations?hl=en&user=ziT8RCoAAAAJ
Priyabrata Nath,"IIT, Guwahati",Metal Forming and Joining,,https://scholar.google.com/citations?hl=en&user=ZtDiZcwAAAAJ
Shwetank Panwar,"Indian Institute of Technology, IIT Guwahati","Neuroscience, Medical Imaging, Machine Learning",,https://scholar.google.com/citations?hl=en&user=paalwBcAAAAJ
Muhimin Wanchoo,"Doctoral Researcher, Indian Institute of Technology Guwahati","Travel Writing, Hajj Narratives, Gender and Religion",,https://scholar.google.com/citations?hl=en&user=ah954NcAAAAJ
Aditi Sharma,Indian Institute of Technology Guwahati,Psychology,,https://scholar.google.com/citations?hl=en&user=XlKGPTQAAAAJ
Shivani Gupta,Indian Institute of Technology Guwahati,"Geoscience, Hydrology, Remote Sensing",,https://scholar.google.com/citations?hl=en&user=9EglzF0AAAAJ
Ajay Salunkhe,Indian Institute of Technology Guwahati,"Museums, History, Photography, Visual Culture",,https://scholar.google.com/citations?hl=en&user=5mc3YZkAAAAJ
Rosie Nempalching Hangshing,Indian Institute of Technology Guwahati,"phonetics, phonology, language, linguistics",,https://scholar.google.com/citations?hl=en&user=d4ujiW0AAAAJ
Nitesh Kumar,Indian Institute of Technology Guwahati,Remote Sensing for Geoscience and forestry,,https://scholar.google.com/citations?hl=en&user=wGF7pgUAAAAJ
Rohit,Indian Institute of Technology Guwahati,"Archaeology, Soil Micromorphology",,https://scholar.google.com/citations?hl=en&user=-vEqV9oAAAAJ
JAHARLAL PATI,Indian Institute of Technology Guwahati,"Nanofabrication, Nanowires, Nanostructured Surfaces",,https://scholar.google.com/citations?hl=en&user=ncO8eEoAAAAJ
Himangshu Kalita,Indian Institute of Technology Guwahati,"Welding, fatigue, submarine, residual stress",,https://scholar.google.com/citations?hl=en&user=10ONCkUAAAAJ
Paban Bujor Barua,Indian Institute of Technology Guwahati,Power Electronics,,https://scholar.google.com/citations?hl=en&user=Grkdm5YAAAAJ
Jaquiline Nongpoh,IIT GUWAHATI,Healthscience,,https://scholar.google.com/citations?hl=en&user=57Cw108AAAAJ
SHUBHAM SINGH,"School of Energy Science and Engineering, Indian Institute of Technology Guwahati, Assam …","Alcohol Fuel cell, Battery, Electrochemistry, Functional Materials",,https://scholar.google.com/citations?hl=en&user=qYq08f4AAAAJ
Kislay Chaturvedi,Indian Institute of Technology Guwahati,Bioinformatics,,https://scholar.google.com/citations?hl=en&user=Lyk2ZfIAAAAJ
Kousik Sutradhar,"Department of Physics, IIT Guwahati",Experimental Condensed Matter Physics,,https://scholar.google.com/citations?hl=en&user=ZNJdaMwAAAAJ
Palash Makumuria,Indian Institute of Technology Guwahati,"Pulsed laser ablation in liquid, Laser material processing, SERS",,https://scholar.google.com/citations?hl=en&user=AMs0-XcAAAAJ
Suchanda Roy,"Department of Mathematics, IIT Guwahati","Graph Theory, Combinatorics",,https://scholar.google.com/citations?hl=en&user=NlUcM4kAAAAJ
Rupanjali Devi,Indian Institute of Technology Guwahati,"FinTech, Banking, Technology Adoption, Corporate Governance",,https://scholar.google.com/citations?hl=en&user=98Mx5pYAAAAJ
SAGAR BISWAS,IIT Guwahati,"Geotechnical Engineering, Shock and Impact Mechanics, Granular Material",,https://scholar.google.com/citations?hl=en&user=hJbnKhYAAAAJ
Hemant Dogra,Indian Institute of Technology Guwahati,"Federalism, Jammu and Kashmir Politics, Identity Politics, Constitutional Design",,https://scholar.google.com/citations?hl=en&user=xvq7mr0AAAAJ
Mohd. Ayaz Siddique,Indian Institute of Technology Guwahati,Computational Biology,,https://scholar.google.com/citations?hl=en&user=RKMf-vkAAAAJ
kankan deka,iit guwahati,,,https://scholar.google.com/citations?hl=en&user=ErLAQt4AAAAJ
Atoholi Chisho,Indian Institute of Technology Guwahati,AI/ML,,https://scholar.google.com/citations?hl=en&user=czYsmKgAAAAJ
Tushar Chaturvedi,Indian Institute of Technology Guwahati,"Social Epistemology, Disagreement, Social Epistemology of Science",,https://scholar.google.com/citations?hl=en&user=2u8don0AAAAJ
KRISHNA,IIT Guwahati,,,https://scholar.google.com/citations?hl=en&user=EyjoMmQAAAAJ
Shiva Verma,"Indian Institute of Technology, Guwahati","Stem Cells, Regenerative Medicine, System Biology, Biologics, Drug Discovery",,https://scholar.google.com/citations?hl=en&user=ftFAUPYAAAAJ
Vishal Shashidhar,"Indian Institute of Technology, Guwahati","Computer Architecture, Hardware Accelerators, DFT, ATPG",,https://scholar.google.com/citations?hl=en&user=shaf11IAAAAJ
subhendu chakraborty,IIT Guwahati,"bio aerosol, phytoremediation, electro chemistry, Biochar, Nano materials",,https://scholar.google.com/citations?hl=en&user=2qjBXwIAAAAJ
kumar shivam,Indian Institute of Technology,Food Engineering and Technology,,https://scholar.google.com/citations?hl=en&user=SLoPS9EAAAAJ
PARAG SHRIVASTAVA,Indian Institute of Technology Guwahati,"Nanomaterials, Catalyst Synthesis, Chemical Kinetics",,https://scholar.google.com/citations?hl=en&user=JUHhNxQAAAAJ
Sohini Pal,Indian Institute of Technology Guwahati,Water wave mechanics,,https://scholar.google.com/citations?hl=en&user=G2MTHwIAAAAJ
Guljar Ansari,IIT Guwahati,"Analog and Mixed-Signal IC Design, Data Converters, Smart Sensor Interfaces",,https://scholar.google.com/citations?hl=en&user=YlAqYrkAAAAJ
Sapna Sachan,"Indian Institute of technology, Guwahati",Medical Image Analysis,,https://scholar.google.com/citations?hl=en&user=oGFEfuAAAAAJ
Gowri Shankar Penugonda,"B.Tech in Biotechnology, Indian Institute of Technology Guwahati",,,https://scholar.google.com/citations?hl=en&user=mKkFleoAAAAJ
Nena Thokchom,Indian Institute of Technology Guwahati,Geo-environmental Engineering,,https://scholar.google.com/citations?hl=en&user=ZtPyBHcAAAAJ
Amrutha Krishnamoorthy,"JRF, Indian Institute of Technology Guwahati","Tissue Engineering, 3D In Vitro Models",,https://scholar.google.com/citations?hl=en&user=V-jV6ukAAAAJ
Kiran V Kottur,"Indian Institute of Technology Guwahati, Assam, India",,,https://scholar.google.com/citations?hl=en&user=McHJY1gAAAAJ
Arkodip Biswas,Indian Institute of Technology Guwahati,Experimental High Energy Physics,,https://scholar.google.com/citations?hl=en&user=Y1252G8AAAAJ
Chingtham Meiraba Meitei,Indian Institute of Technology Guwahati,"Circular Economy, Gamification",,https://scholar.google.com/citations?hl=en&user=KYPbSP8AAAAJ
Anugu Sairaj,IIT Guwahati Alumnus / Rynoxy Technologies LLC,"Artificial Intelligence, Machine Learning, Deep Learning, LLMs",,https://scholar.google.com/citations?hl=en&user=2h8J-Q8AAAAJ
Chayashri Basumatary,Indian Institute of Technology Guwahati,"Climate Change, Migration",,https://scholar.google.com/citations?hl=en&user=WjDdiwwAAAAJ
Nishchay Nilabh,IIT Guwahati,"Deep Learning, 3D Computer Vision, Speech Processing",,https://scholar.google.com/citations?hl=en&user=Nt3evCsAAAAJ
Sumit Singha Modak,IIT Guwahati,"Drug delivery, Light triggered Polymerization, Nanoparticles",,https://scholar.google.com/citations?hl=en&user=aFtAiu0AAAAJ
Priyanka Elangbam,Indian Institute of Technology Guwahati,"Liver, mechanobiology, cholestasis",,https://scholar.google.com/citations?hl=en&user=CefIAnkAAAAJ
Vatsalya singh,Indian Institute of Technology Guwahati,"Mechanistic Interpretability, Trustworthy AI, AI in Mental Health, NLP",,https://scholar.google.com/citations?hl=en&user=wxnfZvEAAAAJ
Vanneikima,IIT Guwahati,"Molecular Dynamics Simulation, Computational Chemistry",,https://scholar.google.com/citations?hl=en&user=02HY7vAAAAAJ
Rajneesh Kumar,"Indian Institute of Technology, Guwahati","Physics, Electronics",,https://scholar.google.com/citations?hl=en&user=2AyGLLUAAAAJ
Afzal .,IIT GUWAHATI,Organic chemistry,,https://scholar.google.com/citations?hl=en&user=HllvIYIAAAAJ
Biswajit Dutta,IIT Guwahati,Artificial Intelligence & Data Science,,https://scholar.google.com/citations?hl=en&user=ESBALzsAAAAJ
Digvijay Kumar Gupta,IIT Guwahati,"Hydrogen energy, Hydrogen compression, Hydrogen storage, Salt cavern, Large scale energy storage",,https://scholar.google.com/citations?hl=en&user=iBFojdwAAAAJ
Swateya Gupta,"Data Scientist@Turing ,IIT Guwahati'24","Reinforcement Learning, AI Alignment, LLM",,https://scholar.google.com/citations?hl=en&user=X4Os3LIAAAAJ
Aditya Roy Bardhan,IIT guwahati,ai and data science,,https://scholar.google.com/citations?hl=en&user=BB5FS8MAAAAJ
