Name,Affiliation,Interests,Cited By,Profile URL
Saranya Samik Ghosh,"Assistant Professor, Department of Physics, Indian Institute of Technology Hyderabad",High Energy Physics,161521.0,https://scholar.google.com/citations?hl=en&user=KwAx0voAAAAJ
Shantanu Desai,IIT Hyderabad,"cosmology, neutrino physics, GRBs, pulsars, astronomical image processing",85019.0,https://scholar.google.com/citations?hl=en&user=NSgMXewAAAAJ
Mathukumalli Vidyasagar,"SERB National Science Chair, Indian Institute of Technology Hyderabad","Machine learning, control theory, compressed sensing",47063.0,https://scholar.google.com/citations?hl=en&user=2IBz_wgAAAAJ
Giridhar Madras,"Senior Professor, Indian institute of technology, Hyderabad","Polymers, Supercritical fluids, Reaction kinetics, catalysis, nanomaterials",34874.0,https://scholar.google.com/citations?hl=en&user=PUZ8qcgAAAAJ
Anjan Giri,"Professor, IIT Hyderabad",High Energy Physics,24672.0,https://scholar.google.com/citations?hl=en&user=GcHzCWoAAAAJ
Saurabh Sandilya,"Assistant Professor at Indian Institute of Technology, Hyderabad",Experimental High Energy Physics,23611.0,https://scholar.google.com/citations?hl=en&user=_RDMgk8AAAAJ
"Prof. Ch Subrahmanyam, FRSC",IIT Hyderabad,"Energy, Environment, Sensors, Catalysis, Nanomaterials",10776.0,https://scholar.google.com/citations?hl=en&user=5bUWaokAAAAJ
Amit Kumar Singh,Indian Institute of Technology Hyderabad,"Aerial Robotics, Reinforcement Learning",10492.0,https://scholar.google.com/citations?hl=en&user=FH3GGhEAAAAJ
Narendra Kurra,"Assistant Professor, Department of Chemistry, IITH","Materials Chemistry, Energy Storage",10379.0,https://scholar.google.com/citations?hl=en&user=7-whKvAAAAAJ
GD Janaki Ram,Indian Institute of Technology Hyderabad,"Welding, Additive Manufacturing",9003.0,https://scholar.google.com/citations?hl=en&user=pcm7qy8AAAAJ
Pinaki Prasad Bhattacharjee,"Professor of Materials Science and Metallurgical Engineering, IIT Hyderabad","Thermo-mechanical Processing, Crystallographic Texture, Mechanical Behavior, High Entropy Alloys, Light Alloys",8975.0,https://scholar.google.com/citations?hl=en&user=efNQQqoAAAAJ
C Krishna Mohan,"Professor, Department of Computer Science and Engineering, IIT Hyderabad","Image/Video Content Analysis, Representation Learning, AI/ML",8891.0,https://scholar.google.com/citations?hl=en&user=GvSsuVEAAAAJ
Vinayak Eswaran,IIT Hyderabad,"Computational Fluid Dynamics, Anthropology, etc",8861.0,https://scholar.google.com/citations?hl=en&user=XREaymgAAAAJ
Narendra Sahu,"Dept of Physics, IIT Hyderabad, Yeddumailaram 502205, Medak, Telengana, India",Astroparticle physics,8553.0,https://scholar.google.com/citations?hl=en&user=L2rHfyoAAAAJ
Dr Devarai Santhosh Kumar,"Department of Chemical Engineering, IIT Hyderabad, Sangareddy, Telangana","Microbial Enzyme Production, Biosensor and Cell and Tissue Engineering",8473.0,https://scholar.google.com/citations?hl=en&user=Om2kg3YAAAAJ
Melepurath Deepa,Indian Institute of Technology Hyderabad,"Batteries, Perovskite solar cells, Supercapacitors, Electrochromic Devices",8307.0,https://scholar.google.com/citations?hl=en&user=pFFkTOkAAAAJ
Falguni Pati,"Professor of Biomedical Engineering, IIT Hyderabad","Bioprinting, Tissue Engineering, Regenerative Medicine, Tissue/Organ Models",8065.0,https://scholar.google.com/citations?hl=en&user=3IEkStoAAAAJ
Jaladhar Neelavalli,Indian Institute of Technology Hyderabad (IIT Hyderabad),,7932.0,https://scholar.google.com/citations?hl=en&user=hgfj-9cAAAAJ
Uday B Desai,IIT Hyderabad,"Communication, Signal Processing, CPS, IoT, Embedded Systesm for Health Care",7831.0,https://scholar.google.com/citations?hl=en&user=KvjZYXwAAAAJ
Rahul Kumar,Indian Institute of Technology Hyderabad,"Computational Biology, Oncology, Multi-Omics, Radiogenomics",7392.0,https://scholar.google.com/citations?hl=en&user=rDnstZkAAAAJ
Kolluru VL Subramaniam,"Professor, Department of Civil Engineering, IIT Hyderabad",Reinforced Concrete and Cementitious …,7123.0,https://scholar.google.com/citations?hl=en&user=-e7Yi90AAAAJ
Naresh Kumar Emani,Indian Institute of Technology Hyderabad,"Nanophotonics, Plasmonics, Metamaterials",7120.0,https://scholar.google.com/citations?hl=en&user=i3_SuPIAAAAJ
Ashish Kulkarni,"Assistant Professor, Department of Chemistry, IIT Hyderabad","Halide Perovskite, Solar Cells, Tandem Solar Cells, Optoelectronic Devices, Material Chemistry",6899.0,https://scholar.google.com/citations?hl=en&user=C2eD1FMAAAAJ
Surendra Kumar Martha,Indian Institute of Technology Hyderabad,"Nanomaterials, Electrochemistry, Batteries, Supercapacitors, Battery Recycling",6656.0,https://scholar.google.com/citations?hl=en&user=8g9SNxwAAAAJ
Chandra S Sharma,"Professor, Indian Institute of Technology Hyderabad","Polymer and Carbon Nanomaterials, Electrospun Nanofibers, Energy Storage Devices",6297.0,https://scholar.google.com/citations?hl=en&user=gkzBK0AAAAAJ
Prof. Shiv Govind Singh,"Professor, Electrical Engineering, IITHyderabad","3D ICs, Bio & Gas Sensors, Lab on chip, MEMS /NEMS",6011.0,https://scholar.google.com/citations?hl=en&user=1thGAeoAAAAJ
Kirti Chandra Sahu,"Professor, Department of Chemical Engineering, Indian Institute of Technology Hyderabad …","Raindrops, Bubbles, Multiphase flows, Flow instability, Microfluidics",5728.0,https://scholar.google.com/citations?hl=en&user=vC4-39kAAAAJ
N Venkata Reddy,IIT Hyderabad (IIT Kanpur upto July 2012),"Design and Manufacturing, Digital Fabrication",5408.0,https://scholar.google.com/citations?hl=en&user=GyTmiXIAAAAJ
V. Kanchana,Indian Institute of Technology Hyderabad,Theoretical Condensed matter Physics,5213.0,https://scholar.google.com/citations?hl=en&user=uySJQxEAAAAJ
Yogesh Kumar Srivastava,"Assistant Professor, Department of Physics, Indian Institute of Technology Hyderabad","Metamaterials, Terahertz spectroscopy, Quantum materials and superconductors, Quantum devices",5002.0,https://scholar.google.com/citations?hl=en&user=xe8IutUAAAAJ
Tarun K. Panda,"Professor, Department of Chemistry, IIT Hyderabad","Organometallic Chemistry, Main group Chemistry, Catalysis",4889.0,https://scholar.google.com/citations?hl=en&user=m_2a6y4AAAAJ
Renu John,"Professor, Biomedical Engineering, Indian Institute of Technology Hyderabad","Biomedical Optics, NIR imaging, low coherence microscopy, Biomedical sensors, nanobiosensing",4834.0,https://scholar.google.com/citations?hl=en&user=Sa_FHqMAAAAJ
AK Rengan,"Professor, Dept of BME, IIT Hyderabad",Nanomedicine & Theranostics,4820.0,https://scholar.google.com/citations?hl=en&user=39W5cHoAAAAJ
Dr.Sireesh S,"Professor, IIT Hyderabad",Geotechnical Engineering,4810.0,https://scholar.google.com/citations?hl=en&user=a7yUZyAAAAAJ
Shashidhar thatikonda,"Professor, IIT Hyderabad","Environmental and Water Resources …, AMR, Bioremediation, Hydroclimate",4612.0,https://scholar.google.com/citations?hl=en&user=Twxd3Q4AAAAJ
Vaidyanathan Sivakumar,"Professor of chemistry, Indian Institute of Technology Hyderabad","Phosphors, white LEDs, organic fluorophores, OLEDs, afterglow phosphor",4612.0,https://scholar.google.com/citations?hl=en&user=L_SrFzcAAAAJ
Konda Reddy Mopuri,Indian Institute of Technology Hyderabad,"Deep Learning, Data Science and Engineering, Computer Vision",4555.0,https://scholar.google.com/citations?hl=en&user=OCZ2vIYAAAAJ
Saptarshi Majumdar,"Indian Institute of Technology, Hyderabad, India","Polymers, Multiscale, Biomaterials",4482.0,https://scholar.google.com/citations?hl=en&user=vc4EYCQAAAAJ
Amit Acharyya,"Professor, Department of Electrical Engineering, Indian Institute of Technology, Hyderabad …","VLSI Signal processing, Healthcare Technology, Low Power VLSI",4216.0,https://scholar.google.com/citations?hl=en&user=nanwF7kAAAAJ
"Sai Santosh Kumar Raavi [FRSC, FTAS, M-NASI]","Professor, Dept. of Physics, Indian Institute of Technology, Hyderabad","Ultrafast spectroscopy, Halide Perovskites, Photonics, Photodetectors, Nonlinear Optics",4158.0,https://scholar.google.com/citations?hl=en&user=wq53pfAAAAAJ
Arup Mahata,Indian Institute of Technology Hyderabad,"Computational Chemistry, Halide Perovskites, Porous Organic Frameworks",4156.0,https://scholar.google.com/citations?hl=en&user=gzJmvjYAAAAJ
Manish K Niranjan,Indian Institute of Technology Hyderabad,Theoretical Condensed matter Physics,3974.0,https://scholar.google.com/citations?hl=en&user=L_FqZ6wAAAAJ
Kishalay Mitra,"Professor, Indian Institute of Technology Hyderabad","Machine learning in process systems …, uncertainty modeling, operations research, surrogate multi-objective optimizati",3932.0,https://scholar.google.com/citations?hl=en&user=cpR7HPQAAAAJ
Vinod Janardhanan,"Professor of Chemical Engineering, IIT Hyderabad","Electrochemical devices, Chemical kinetics, Reactor modeling",3927.0,https://scholar.google.com/citations?hl=en&user=9E6YT44AAAAJ
Mahesh Peddigari,IIT Hyderabad,"Energy storage capacitors, Ferroelectrics, Piezoelectrics, Magnetoelectrics.",3879.0,https://scholar.google.com/citations?hl=en&user=ST7W7cAAAAAJ
Sourav Das,"Assistant Professor, Indian Institute of Technology Hyderabad, India","Structural Engineering, Reliability Engineering, Machine Learning, Uncertainty Quantification",3833.0,https://scholar.google.com/citations?hl=en&user=cMf4E2AAAAAJ
Dr. Suresh Perumal,"Assistant Professor, Indian Institute of Technology Hyderabad (IITH), Kandi, Telangana …","Thermoelectrics, Electrical and Thermal Transport, Magnetic Refrigeration",3778.0,https://scholar.google.com/citations?hl=en&user=opw_tesAAAAJ
Sumohana S. Channappayya,IIT Hyderabad,"Image and Video Quality Assessment, Medical Imaging, Machine Learning",3685.0,https://scholar.google.com/citations?hl=en&user=_VCOXFwAAAAJ
S. Suriya Prakash,"Professor, IIT Hyderabad","Reinforced concrete, Prestresed concrete, Use of FRPs in Infrastructure, Condition assessment",3645.0,https://scholar.google.com/citations?hl=en&user=epk8FZMAAAAJ
Kotagiri Venkata Rao,"Associate Professor, Department of Chemistry, IIT Hyderabad","Functional Organic Materials, Supramolecular Polymers, Carbon Capture",3549.0,https://scholar.google.com/citations?hl=en&user=aX7i9NsAAAAJ
Balasubramaniam Jayaram,"Professor in Mathematics, Indian Institute of Technology Hyderabad","Connectives in Multivalued Logic, Approximate Reasoning, Issues in High Dimensional Data Analysis",3543.0,https://scholar.google.com/citations?hl=en&user=_bpGiksAAAAJ
Rajalakshmi P,"Professor, IIT Hyderabad, Project Director TiHAN-IITH","Autonomous Navigations, Autonomous Vehicles/Drones, Sensor Fusion, IoT/CPS Communications",3454.0,https://scholar.google.com/citations?hl=en&user=2EWGrU8AAAAJ
Dr. SOMNATH MAJI,Department of Chemistry   Indian institute of Technology Hyderabad,Synthetic Coordination/Bio-Inorganic …,3379.0,https://scholar.google.com/citations?hl=en&user=LR8aZUsAAAAJ
Subha Narayan Rath,Indian Institute of Technology Hyderabad,"3D printed microfluidics for anti-cancer drugs, Angio-osteo-genesis, 3D printing for osteo-skeletal",3367.0,https://scholar.google.com/citations?hl=en&user=2uAyw8AAAAAJ
Shishir Kumar,"Assistant Professor, Department of Electrical Engineering, Indian Institute of Technology …","Nanoscale objects and phenomena, Nanocarbons (Graphene, CNTs), 2D materials, Bio-chemical sensing",3347.0,https://scholar.google.com/citations?hl=en&user=-d8JyecAAAAJ
Faiz Ahmed Khan,"Professor of Chemistry, IIT Hyderabad",Organic Chemistry,3297.0,https://scholar.google.com/citations?hl=en&user=apz0hDcAAAAJ
Saurabh Kumar Singh,"Department of Chemistry, Indian Institute of Technology Hyderabad","Coordination Chemistry, Computational Chemistry, Metal-Organic Frameworks, Molecular Magnetism",3292.0,https://scholar.google.com/citations?hl=en&user=aStT8HsAAAAJ
Atul Suresh Deshpande,"Professor, Indian Institute of Technology Hyderabad","Materials Chemistry, High entropy oxides, Biomaterials, energy storage, supercapacitors",3222.0,https://scholar.google.com/citations?hl=en&user=Z0L48DwAAAAJ
Dr. Maheswaran Rathinasamy,IIT Hyderabad,"hydrological Modelling, Operational Inflow Forecasting, Stochastic Hydrology, Climate Networks",3211.0,https://scholar.google.com/citations?hl=en&user=pRvXDNoAAAAJ
Badri Narayan Rath,"Professor of Economics, Dept. of Liberal Arts, Indian Institute of Technology Hyderabad …","Applied Econometrics, Industrial Economics, International Economics, Applied Economics",3125.0,https://scholar.google.com/citations?hl=en&user=e1ieqtAAAAAJ
Mayur Vaidya,IIT Hyderabad,,3047.0,https://scholar.google.com/citations?hl=en&user=ze9AaA0AAAAJ
Prakash Mondal,Indian Institute of Technology Hyderabad,"Theoretical Linguistics, Philosophy of Language, Computational Linguistics, Cognitive Science",2950.0,https://scholar.google.com/citations?hl=en&user=ANTA8t0AAAAJ
Prof. Sunil K. Maity,"Chem. Engg., IIT Hyderabad","Heterogeneous catalysis, Biofuel, biorefinery, renewable chemical, Pinch & Techno-economic analysis",2947.0,https://scholar.google.com/citations?hl=en&user=Ri_QRosAAAAJ
abhinav kumar,"Professor, Indian Institute of Technology Hyderabad, India","Wireless Communications, Wireless Networks, Internet-of-Things, Resource Allocation, Visible Light-based Communications",2932.0,https://scholar.google.com/citations?hl=en&user=kVHpPOcAAAAJ
Gangadharan Raju,"Department of Mechanical and Aerospace Engineering, Indian Institute of Technology …","Variable angle tow composites, Buckling and Postbuckling analysis, Optimization of composite structures, Structural health monit",2925.0,https://scholar.google.com/citations?hl=en&user=JbMFXzwAAAAJ
Dr. Prem Pal,"Professor (HAG), Dept. of Physics, IIT Hyderabad, India","Condensed Matter Physics, MEMS, Silicon & Glass Micromachining, MEMS-based sensors",2922.0,https://scholar.google.com/citations?hl=en&user=aO3YnC0AAAAJ
Somnath Maji,Department of Chemistry Indian institute of Technology Hyderabad,Synthetic Coordination/Bio-Inorganic …,2875.0,https://scholar.google.com/citations?hl=en&user=KuWHM5UAAAAJ
Prabheesh kp,"Professor of Economics, Dept. of Liberal Arts, Indian Institute of Technology Hyderabad","Macroeconomics, International Finance and trade, applied econometrics",2850.0,https://scholar.google.com/citations?hl=en&user=k4mNxVUAAAAJ
Bheemarjuna Reddy Tamma,"Professor, Dept. of Computer Science and Engg, IIT Hyderabad, India","Wireless Networks, SDN/NFV in 5G and Beyond, XR, V2X, Network Security using AI/ML",2828.0,https://scholar.google.com/citations?hl=en&user=FYHCD2kAAAAJ
Anup Bhunia,Indian Institute of Technology Hyderabad,Organic Chemistry,2815.0,https://scholar.google.com/citations?hl=en&user=m_D0j0cAAAAJ
Dr. Syed Thouheed Ahmed,"Post.Doc'24. IIT Hyderabad | World's Top 2% Scientist | Associate Professor, REVA …","Recommendation Systems, Telemedicine, Prompt Engineering, Protocol Engineering, 5G/6G",2801.0,https://scholar.google.com/citations?hl=en&user=3OU71eoAAAAJ
Dr. Jyoti Ranjan Mohanty,"Professor, Dept. of Physics, IIT Hyderabad, India","Nanomagnetism, Nanoscale Magnetic Imaging, Ultrafast Magnetism, Multiferroics and Micromagnetics",2765.0,https://scholar.google.com/citations?hl=en&user=YfObc2cAAAAJ
Suryakumar S,"Professor, Dept of Mechanical Engg, IIT Hyderabad",Additive Manufacturing,2756.0,https://scholar.google.com/citations?hl=en&user=w96dWzQAAAAJ
Sri Rama Murty K,"Professor, IIT Hyderabad",Speech Signal Processing,2748.0,https://scholar.google.com/citations?hl=en&user=PMHlwxQAAAAJ
Saravanan Balusamy,"Professor, Department of Mechanical and Aerospace Engineering, IIT Hyderabad",Combustion,2654.0,https://scholar.google.com/citations?hl=en&user=iAA7mmsAAAAJ
Ramji Manoharan,IIT Hyderabad,Experimental Mechanics,2648.0,https://scholar.google.com/citations?hl=en&user=wfGKklgAAAAJ
Dr Anamika Bhargava,"IIT Hyderabad, Indian Institute of Technology Hyderabad, IITH","Calcium signalling, Ion channel Biology, cell biology, toxicology, zebrafish models",2627.0,https://scholar.google.com/citations?hl=en&user=PfDpdzgAAAAJ
Siva Vanjari,"Professor, Department of Electrical Engineering, Indian Institute of Technology Hyderabad","Sensors, nanotechnology, RF, 3D IC, nanobiosensors",2557.0,https://scholar.google.com/citations?hl=en&user=oVyJtc8AAAAJ
Kiran Kuchi,"Professor, Indian Institute of Technology Hyderabad","Communications, Signal processing",2554.0,https://scholar.google.com/citations?hl=en&user=W5mANsEAAAAJ
Dr. Priyadarshi Chakraborty,"Assistant Professor, Department of Chemistry, IIT Hyderabad","Supramolecular Chemistry, Conductive polymers, Biomaterials, Tissue Engineering, Drug Delivery",2399.0,https://scholar.google.com/citations?hl=en&user=dUyayJMAAAAJ
Mudrika Khandelwal,Indian Institute of Technology Hyderabad,,2380.0,https://scholar.google.com/citations?hl=en&user=BI-atz8AAAAJ
B Munwar Basha,"Professor and  Dean Planning, Department of Civil Engineering,  IIT Hyderabad","Geotechnical Eng, Geoenvironmental Eng, Retaining Structures, Reliability Based Design",2308.0,https://scholar.google.com/citations?hl=en&user=sjWt_dYAAAAJ
Soumya Jana,"Professor, Electrical Engineering, IIT Hyderabad","Biomedical signal and image processing, multimedia signal processing, network information theory, statistical modeling",2282.0,https://scholar.google.com/citations?hl=en&user=IesfuI4AAAAJ
Debaprasad Shee,"Professor of Chemical Engineering, Indian Institute of Technology Hyderabad","Heterogeneous Catalysis, Catalysis over Metal and metal oxide, Fuels and Chemicals from Renewable",2260.0,https://scholar.google.com/citations?hl=en&user=hu3cTE8AAAAJ
Prof Dr G Prabusankar,IIT Hyderabad,Organometallic Chemistry,2214.0,https://scholar.google.com/citations?hl=en&user=S6syj8EAAAAJ
Bhabani S. Mallik,"Professor, Department of Chemistry, Indian Institute of Technology Hyderabad","Comp. Chem., AI & ML, Energy - Electrode Electrolyte, Catalysis - HER OER NRR CO2RR LOHC",2203.0,https://scholar.google.com/citations?hl=en&user=KKmq-CAAAAAJ
Basant K Patel,"Professor of Biotechnology, IIT Hyderabad","Protein misfolding, TDP-43, Amyloids, Yeast Prions, Chaperones",2160.0,https://scholar.google.com/citations?hl=en&user=Boh2iMkAAAAJ
MSS Bharathi,"NPDF, Indian Institute of Technology Hyderabad","flexible photodetector, SERS, laser ablation",2151.0,https://scholar.google.com/citations?hl=en&user=BKv1zKQAAAAJ
Satyavrata Samavedi,"Associate Professor, Chemical Engineering, IIT Hyderabad","Polymeric biomaterials, Electrospinning, Controlled release, Drug formulations, Inflammation",2128.0,https://scholar.google.com/citations?hl=en&user=NR06GUwAAAAJ
Saptarshi Majumdar,"Professor, Indian Institute of Technology, Hyderabad, India","Polymers, Multi-scale, Bio-materials",2107.0,https://scholar.google.com/citations?hl=en&user=mrHiONUAAAAJ
Nithyanandan Kanagaraj,"Indian Institute of Technology, Hyderabad","Nonlinear Optics, Ultrafast  Lasers and Photonics, Complex Systems and Dynamics",2100.0,https://scholar.google.com/citations?hl=en&user=7gVF2rEAAAAJ
Arabinda Haldar,"Department of Physics, IIT Hyderabad, India","Magnon spintronics, Brillouin Light Scattering, Nanofabrication, Nanomagnetic devices",2080.0,https://scholar.google.com/citations?hl=en&user=rGcjZqkAAAAJ
"Mahendrakumar Madhavan PE, CEng., F.SEI., FICE., F.ASCE., FIStructE","Professor of Civil Engineering, IIT Hyderabad","Steel Structures, Thin-walled Structures, Plate Girders, Retrofitting of Steel Structures, CFRP",2077.0,https://scholar.google.com/citations?hl=en&user=ry1fX50AAAAJ
Dr Mayukh Pahari,"Indian Institute of Technology, Hyderabad","AGN, X-ray binaries, black holes, multi-wavelength astronomy, accretion physics",2035.0,https://scholar.google.com/citations?hl=en&user=5VqsqBkAAAAJ
Bharat B. Panigrahi,"Materials Science and Metallurgical Engg, Indian Institute of Technology Hyderabad","Powder Metallurgy & Sintering, Nanocrystalline Materials, High Entropy Alloys & Intermetallics, MAX Phases & Composites",1992.0,https://scholar.google.com/citations?hl=en&user=MBPGDpQAAAAJ
Muvvala Gopinath,"Assistant Professor, Department of Mechanical and Aerospace Engineering, IIT Hyderabad",Laser Material Processing & Laser Additive …,1982.0,https://scholar.google.com/citations?hl=en&user=ZrUNJAYAAAAJ
Vishnu Rajasekharan Unni,"Dept. Mechanical and Aerospace Engineering, Indian Institute of Technology Hyderabad","Thermoacoustics, Turbulence, Dynamical System Theory, Data Driven Models",1958.0,https://scholar.google.com/citations?hl=en&user=xCwczkYAAAAJ
Antony Franklin,"Professor, Department of Computer Science and Engineering, IIT Hyderabad","Mobile Networks (5G), Internet of Things, Cloud Computing, Wireless Mesh Networks, Cognitive Radio",1912.0,https://scholar.google.com/citations?hl=en&user=6Jxd9Z8AAAAJ
Anurag Tripathi,IIT Hyderabad,"Theoretical High Energy Physics, Perturbative Quantum Chromodynamics",1894.0,https://scholar.google.com/citations?hl=en&user=tBGIdP8AAAAJ
Saswata Bhattacharya,Indian Institute of Technology Hyderabad,"Phase transformations, phase-field models, phenomenological modeling of ferroelectrics, multiferroics, micromechanics",1880.0,https://scholar.google.com/citations?hl=en&user=i9VAh7sAAAAJ
B Umashankar,"Professor, IIT Hyderabad",Geotechnical Engineering,1863.0,https://scholar.google.com/citations?hl=en&user=8Gl1G1EAAAAJ
Debraj Bhattacharyya,"Professor, IIT Hyderabad","Water & Wastewater Treatment, Waste, Sludge, and Biomass Valorization, CO2 Capture and Utilization",1862.0,https://scholar.google.com/citations?hl=en&user=g-8YuysAAAAJ
Suhanya Duraiswamy,"Chemical Engineering, IIT Hyderabad, India","Microfluidics, Nanotechnology, Biodiagnostics, Infectious Diseases",1857.0,https://scholar.google.com/citations?hl=en&user=WHCyNkIAAAAJ
Satish Regonda,"Associate Professor, IIT Hyderabad","Urban Climate, Urban Floods, Riverine Floods, Hydrologic modeling, Statistics",1854.0,https://scholar.google.com/citations?hl=en&user=cTXdUlUAAAAJ
Anuj Goyal,Assistant Professor IIT Hyderabad,Computational Materials Science,1853.0,https://scholar.google.com/citations?hl=en&user=gA3HkFIAAAAJ
Digvijay Sampatrao Pawar,"Associate Professor, IIT Hyderabad","Traffic Operation and Simulation, ITS, Traffic Safety",1843.0,https://scholar.google.com/citations?hl=en&user=KOwRhZQAAAAJ
Sai Rama Krishna Malladi,"Indian Institute of Technology, Hyderabad",Electron Microscopy,1832.0,https://scholar.google.com/citations?hl=en&user=FtowR08AAAAJ
Bushra Praveen,"Department of Economics, Indian Institute of Technology Hyderabad","Climate Change, Agriculture Economics, Remote Sensing and GIS, Green Finance & Green Energy",1830.0,https://scholar.google.com/citations?hl=en&user=hJcHAogAAAAJ
Shravani Rajan Rawool,Indian Institute of Technology Hyderabad,"Chemosensory system, signal transduction, Vibrio, evolution of multipartite chromosome",1802.0,https://scholar.google.com/citations?hl=en&user=xK5EHsYAAAAJ
Ashok Kumar Pandey,"Professor of mechanical and aerospace engineering, IIT Hyderabad","Non linear vibration, vehicle dynamics, MEMS",1795.0,https://scholar.google.com/citations?hl=en&user=IUXuuogAAAAJ
Mohammed Zafar Ali Khan,IIT Hyderabad,Wireless Communications,1787.0,https://scholar.google.com/citations?hl=en&user=CslVPp8AAAAJ
Syed Nizamuddin Khaderi,"Indian Institute of Technology, Hyderabad","computational solid mechanics, fluid-structure interaction",1764.0,https://scholar.google.com/citations?hl=en&user=WRWvLu0AAAAJ
Priyotosh Bandyopadhyay,Indian Institute of Technology Hyderabad,High Energy Particle Physics,1760.0,https://scholar.google.com/citations?hl=en&user=HCGzdpAAAAAJ
Pritha Chatterjee,IIT Hyderabad,,1710.0,https://scholar.google.com/citations?hl=en&user=aCIAFWsAAAAJ
Anindya Roy,"Professor, Indian Institute of Technology, Hyderabad","DNA repair, DNA Alkylation, AlkB, ALKBH3, ALKBH2",1681.0,https://scholar.google.com/citations?hl=en&user=VPIpc1AAAAAJ
Dibyananda Majhi,"National Postdoctoral Fellow, IIT Hyderabad","Heterogeneous catalysis, Photo/electro-catalysis, Energy Storage",1677.0,https://scholar.google.com/citations?hl=en&user=an1wsXYAAAAJ
Deepu J. Babu,"Assistant Professor, Materials Science and Metallurgical Engineering, IIT Hyderabad","nanoporous materials, chemical vapor deposition, gas separation, carbon capture",1671.0,https://scholar.google.com/citations?hl=en&user=gkTKAQcAAAAJ
Ranjith R,Indian Institute of Technology Hyderabad,multifunctional oxides and devices,1670.0,https://scholar.google.com/citations?hl=en&user=NtP7jtYAAAAJ
Himanshu Joshi,Indian Institute of Technology Hyderabad,"DNA Nanotechnology, Biophysics, Nanopores.",1656.0,https://scholar.google.com/citations?hl=en&user=dxM5IMUAAAAJ
Mohan Anand,"Professor, Chemical Engineering, Indian Institute of Technology Hyderabad","Cardiovascular Mechanics, Complex Fluids Rheology",1654.0,https://scholar.google.com/citations?hl=en&user=tPxg-DoAAAAJ
Krishan Kanhaiya,Indian Institute of Technology Hyderabad,Computational Chemistry,1652.0,https://scholar.google.com/citations?hl=en&user=rX0jLfMAAAAJ
Asif Qureshi,Indian Institute of Technology Hyderabad,"environmental chemistry, modeling, health, trace contaminants, mercury",1649.0,https://scholar.google.com/citations?hl=en&user=WjOAsO8AAAAJ
Rajakumara Eerappa,Indian Institute of Technology Hyderabad,"Structural Biology, Epigenetics, DNA repair and Protein Engineering",1642.0,https://scholar.google.com/citations?hl=en&user=HuGJeJQAAAAJ
Jaideep Adhikari,"Research Associate, Department of Biomedical Engineering, IIT Hyderabad","Functional biomaterials, 3D bioprinting, Electrospinning, Biocomposites",1626.0,https://scholar.google.com/citations?hl=en&user=vIZ3uQ8AAAAJ
Maunendra Sankar Desarkar,IIT Hyderabad,"Natural Language Progrssing, Information Retrieval, Recommender Systems, Machine Learning",1620.0,https://scholar.google.com/citations?hl=en&user=W8LJ-tEAAAAJ
Sk Zeeshan Ali,Indian Institute of Technology Hyderabad,"Hydrodynamics, turbulent flows, sediment transport",1577.0,https://scholar.google.com/citations?hl=en&user=vGN3OOQAAAAJ
Anupam Gupta,IIT Hyderabad,"Fluid Turbulence, Rheology, Developmental Biology, Morphogenesis",1575.0,https://scholar.google.com/citations?hl=en&user=k4uLOBwAAAAJ
Sayak Banerjee,Indian Institute of Technology Hyderabad,"Combustion, Chemical Kinetics, Energy",1565.0,https://scholar.google.com/citations?hl=en&user=cz5jkscAAAAJ
Suresh Kumar  Garlapati,"Assistant Professor, Indian Institute of Technology Hyderabad","Printed electronics, oxide semiconductors, organic semiconductors, sensors for healthcare and environmental …, memristo",1562.0,https://scholar.google.com/citations?hl=en&user=Or_ygS0AAAAJ
Dr. Saikumar Kayam,"PostDoc Fellow, Indian Institute of Technology(IITH) Hyderabad","Perception Stack, computer vision, Deep learning",1511.0,https://scholar.google.com/citations?hl=en&user=qZSrZckAAAAJ
Surajit Maity,Indian Institute of Technology Hyderabad,"Physical Chemistry, Spectroscopy",1429.0,https://scholar.google.com/citations?hl=en&user=M0yqQVQAAAAJ
Jai Prakash,"Department of Chemistry, Indian Institute of Technology Hyderabad, India","Solid State Chemistry, Inorganic Chemistry, and Materials chemistry",1418.0,https://scholar.google.com/citations?hl=en&user=FCpPtLkAAAAJ
Madhuri Panwar,Indian institute of technology Hyderabad,,1411.0,https://scholar.google.com/citations?hl=en&user=QGzAX8AAAAAJ
Archak Purkayastha,"Indian Institute of Technology, Hyderabad, India",Non-equilibrium quantum statistical physics,1407.0,https://scholar.google.com/citations?hl=en&user=FSe_W_EAAAAJ
Chandrasekhar Murapaka,Indian Institute of Technology Hyderabad,"Spintronic devices, Nanomagnetic Materials, Nanofabrication",1401.0,https://scholar.google.com/citations?hl=en&user=1uyt67oAAAAJ
CP Vyasarayani,Indian Institute of Technology Hyderabad,"MEMS, Delay differential equations, Vibrations, Optimization",1393.0,https://scholar.google.com/citations?hl=en&user=snZAkl0AAAAJ
Koyel Banerjee Ghosh,IIT Hyderabad,Molecular Electronics,1393.0,https://scholar.google.com/citations?hl=en&user=QhLTmsQAAAAJ
Satish Laxman Shinde,"Indian Institute of Technology, Hyderabad","Plasmonics, Nano-materials, Surface Science, Optoelectronics, Energy conversion",1348.0,https://scholar.google.com/citations?hl=en&user=s3TZ-asAAAAJ
Alok Kumar Pan,IIT Hyderabad,"Quantum foundations, Quantum Information theory",1335.0,https://scholar.google.com/citations?hl=en&user=Ji14H54AAAAJ
Pradeep Yemula,Associate Professor at Indian Institute of Technology Hyderabad (IITH),"smart grids, power control centers, distribution automation, demand respose, smart cities",1323.0,https://scholar.google.com/citations?hl=en&user=6IvryVQAAAAJ
Vandana Sharma,"Indian Institute of Technology, Hyderabad",Atomic and Molecular Physics,1312.0,https://scholar.google.com/citations?hl=en&user=6zD0I9wAAAAJ
K Venkata Subbaiah,"Professor, Department of Mechanical & Aerospace Engineering, IIT Hyderabad","CFD, Heat Transfer, Turbulent flows, Nanofluids, Supersonic and Hypersonic flows",1310.0,https://scholar.google.com/citations?hl=en&user=ocdaZL0AAAAJ
Dr. Raja Banerjee,"Professor, IIT Hyderabad","CFD, Multiphase Flow, Turbulence",1299.0,https://scholar.google.com/citations?hl=en&user=gPbPQ5sAAAAJ
Ranabir Dey,"Assistant Professor, Dept. of Mech. and Aerosp. Engg., IIT Hyderabad","active soft matter, capillarity and wetting, evaporation/condensation of drops, microfluidics",1288.0,https://scholar.google.com/citations?hl=en&user=IdkglKYAAAAJ
Bhuvanesh Ramakrishna,IIT Hyderabad,Laser plasma,1287.0,https://scholar.google.com/citations?hl=en&user=FBPIz8EAAAAJ
Ravikumar Bhimasingu,"Department of Electrical Engineering, Indian Institute of Technology Hyderabad","Power System Analysis, AI Techniques applications for for Power …, Power System Protection, Distribution system Improvemen",1283.0,https://scholar.google.com/citations?hl=en&user=YVWqEwkAAAAJ
"Prof. Suryanarayana Jammalamadaka, FInstP, FRSC, SM - IEEE","Professor of Physics, Indian Institute of Technology Hyderabad","Magnetic materials and devices, Non volatile memories, Neuromorphic computing",1266.0,https://scholar.google.com/citations?hl=en&user=MByDpGAAAAAJ
Debasish Koner,Assistant Professor at IIT Hyderabad,"Computational Chemistry, Potential Energy Surface, Reaction Dynamics, Molecular Spectroscopy, Machine Learning",1261.0,https://scholar.google.com/citations?hl=en&user=rztuGTYAAAAJ
Vishwanath Sivalingam,Indian Institute of Technology Hyderabad,"protein misfolding, protein aggregation, amyloid, liquid liquid phase separation",1234.0,https://scholar.google.com/citations?hl=en&user=TrHdGYUAAAAJ
Thenmalarchelvi Rathinavelan,"Professor, Department of Biotechnology, Indian Institute of Technology Hyderabad, India",,1199.0,https://scholar.google.com/citations?hl=en&user=JQpmrocAAAAJ
INDRANIL MALIK,Indian Institute of Technology Hyderabad,"Molecular biology, biochemistry, RNA biology",1189.0,https://scholar.google.com/citations?hl=en&user=_XCPOL4AAAAJ
Nishanth Dongari,Associate Professor at Indian Institute of Technology Hyderabad,"Aerothermodynamics, Rarefied Gas Dynamics, Renewable Energy Systems, Thermal Management Systems, OpenSource Software",1187.0,https://scholar.google.com/citations?hl=en&user=9Wxe8wwAAAAJ
Rana P Maradana,"Assistant Professor, Indian Institute of Technology Hyderabad","Finance, Business Management",1187.0,https://scholar.google.com/citations?hl=en&user=G6nVIhMAAAAJ
Subhradeep Chatterjee,Indian Institute of Technology Hyderabad,"Physical metallurgy, phase transformations, weld processing, high entropy alloys, microstructural modeling",1149.0,https://scholar.google.com/citations?hl=en&user=xX36EuYAAAAJ
Ashutosh Kumar Mishra,Indian Institute of Technology-Hyderabad,Bioorganic Chemistry,1146.0,https://scholar.google.com/citations?hl=en&user=_XkPUx4AAAAJ
Lopamudra Giri,IIT Hyderabad,"Systems biology, Imaging, Optogenetics",1123.0,https://scholar.google.com/citations?hl=en&user=Np06tFUAAAAJ
Srijith PK,"Associate Professor, Computer Science and Engineering, Indian Institute of Technology …","Machine learning, Deep Learning, Artificial Intelligence, Data Science",1108.0,https://scholar.google.com/citations?hl=en&user=C1YpEWsAAAAJ
Viswanath Chinthapenta,"Professor, MAE, IIT Hyderabad",Computational Solid Mechanics,1102.0,https://scholar.google.com/citations?hl=en&user=qVCJiNIAAAAJ
Shourya Dutta-Gupta,Indian Institute of Technology Hyderabad,"Plasmonics, Metasurfaces, Biosensing, lab-on-a-chip devices, 2D Materials",1092.0,https://scholar.google.com/citations?hl=en&user=sUInvlAAAAAJ
Dr Rupesh Wandhare,Indian Institute of Technology Hyderabad,"Power Electronics, Embedded Systems, … for Renewable Energy Sources and Storage, Microgrid",1088.0,https://scholar.google.com/citations?hl=en&user=NOdvbaYAAAAJ
Abhijit Sau,"Indian Institute of Technology Hyderabad, India","Organic Synthesis, Catalysis, Glycoscience",1062.0,https://scholar.google.com/citations?hl=en&user=2aqROHIAAAAJ
Harish N Dixit,"Professor, IIT Hyderabad",Fluid Mechanics,1049.0,https://scholar.google.com/citations?hl=en&user=NRTM2jcAAAAJ
Raghavendra NK,Indian Institute of Technology Hyderabad,HIV-1,1000.0,https://scholar.google.com/citations?hl=en&user=4q0QnuIAAAAJ
Sai Sidhardh,"Department of Mechanical & Aerospace Engineering, IIT Hyderabad","Smart Structures, Composite Structures, Fractional Calculus, Nonlocal Elasticity",976.0,https://scholar.google.com/citations?hl=en&user=AJLGjNAAAAAJ
Alan R. Jacob,"Assistant Professor, IIT Hyderabad","Rheology, Soft matter",970.0,https://scholar.google.com/citations?hl=en&user=u0SJVp4AAAAJ
Aveen Dayal,IIT Hyderabad,"Domain Adaptation, Domain Generalization, Autonomous Vehicles, Deep Learning",964.0,https://scholar.google.com/citations?hl=en&user=KqkN9IgAAAAJ
Dr. Lohithaksha M Maiyar,"Department of Entrepreneurship and Management, Indian Institute of Technology …","Artificial Intelligence, Supply Chain Logistics, Operations Research",954.0,https://scholar.google.com/citations?hl=en&user=o0FxAlkAAAAJ
Meenakshi S,"Assistant Professor, IIT Hyderabad","Analytical modelling, multi-scale modelling, continuum micromechanics, supplementary cementitious",952.0,https://scholar.google.com/citations?hl=en&user=palLuFEAAAAJ
Pankaj Kolhe,"Professor, Mechanical & Aerospace Engineering, IIT Hyderabad","Experimental Fluid Mechanics, Combustion & Flow Diagnostics, Alternative Fuels, IC Engines",951.0,https://scholar.google.com/citations?hl=en&user=VGDoAMsAAAAJ
Srinivasulu Kanaparthi,Indian Institute of Technology Hyderabad,"Sensors, Embedded Systems, Signal Processing",933.0,https://scholar.google.com/citations?hl=en&user=TzHZ98AAAAAJ
MP Ganesh,Associate Professor at Indian Institute of Technology Hyderabad,"Virtual teams, Task interdependence, Group dynamics, Organizational Behaviour",921.0,https://scholar.google.com/citations?hl=en&user=x1FJQJ0AAAAJ
Myna Vajha,Assistant Professor at IIT Hyderabad,"Coding Theory, Information Theory.",920.0,https://scholar.google.com/citations?hl=en&user=AQpC1tEAAAAJ
Puranam Anantha Lakshmi Narayana,"Department of Mathematics, IIT Hyderabad","Convection in Porous Media, Linear and Nonlinear Stability Analsysis, Electrophoresis",911.0,https://scholar.google.com/citations?hl=en&user=qjnoTWQAAAAJ
Dr. Dinabandhu Sethi,"Assistant Professor, Indian Institute of Technology Hyderabad","Empirical Macroeconomics, Policy Evaluation, Time-Series Analysis",907.0,https://scholar.google.com/citations?hl=en&user=a2UT9rAAAAAJ
Kotaro Kataoka,"Professor, Indian Institute of Technology Hyderabad",Internet and Blockchain,885.0,https://scholar.google.com/citations?hl=en&user=uAuKJY4AAAAJ
Praveen Tammana,"Assistant Professor, IIT Hyderabad","Computer Systems and Networking, Software-Defined Networking, P4",880.0,https://scholar.google.com/citations?hl=en&user=ZCukcP4AAAAJ
Challa S Sastry,Indian Institute of Technology Hyderabad,"Wavelets, Inverse Problems, Sparse Representation Theory",866.0,https://scholar.google.com/citations?hl=en&user=pN4YZg8AAAAJ
Shelaka Gupta,"Associate Professor, IIT Hyderabad","Catalysis, Density functional theory, Biomass, Multicomponent Alloys",858.0,https://scholar.google.com/citations?hl=en&user=Jdk32aoAAAAJ
Anil Agarwal,Indian Institute of Technology Hyderabad,"Structural Safety, Fire Structural Engineering, Steel design",845.0,https://scholar.google.com/citations?hl=en&user=aTgaDkQAAAAJ
Althuri Avanthi,INDIAN INSTITUTE OF TECHNOLOGY HYDERABAD,,841.0,https://scholar.google.com/citations?hl=en&user=qLsRYEn4J30C
Mahesh Ganesan,"Assistant Professor, IIT Hyderabad","Rheology, Polymers, Colloids, Light Scattering, Soft Matter",829.0,https://scholar.google.com/citations?hl=en&user=NgZLOgYAAAAJ
Chokkakula LP Pavithra,Indian Institute of Technology Hyderabad,"Electrodeposition, High entropy thinfilms, Nanostructured Materials, Recycling/recovery",829.0,https://scholar.google.com/citations?hl=en&user=b2S7vN8AAAAJ
Ravi Kumar,IIT Hyderabad,Reliability,821.0,https://scholar.google.com/citations?hl=en&user=J_uDoWYAAAAJ
Sai Praneeth,"Assistant Professor in the Department of Civil Engineering, IIT Hyderabad",,819.0,https://scholar.google.com/citations?hl=en&user=cqsuRTMAAAAJ
Sobhan Babu,"Associate Professor, IIT Hyderabad","Big data analytics, Graph Analytics, Applied algorithms",808.0,https://scholar.google.com/citations?hl=en&user=UFMtsfkAAAAJ
Mohit Kumar,"Indian Institute of Technology Hyderabad, Swinburne University of Technology","Photoelectrocatalysis, Electrocatalysis, Solar Energy conversion, Plasmonics, Biomass valorisation",802.0,https://scholar.google.com/citations?hl=en&user=UzfQqGoAAAAJ
Dr. Savita Devi,"Assistant Professor, Department of Biotechnology, Indian Institute of Technology Hyderabad","Host pathogen Interaction, Infection associated Cancer, Innate Immune response, Inflammasome",794.0,https://scholar.google.com/citations?hl=en&user=MJMceCAAAAAJ
Avinash Eranki,"Indian Institute of Technology, Hyderabad","Therapeutic Ultrasound, Diagnostic Ultrasound, Cancer Therapy, Maternal/Fetal Health, MSK Disorders",790.0,https://scholar.google.com/citations?hl=en&user=KSYsxREAAAAJ
SakethaNath Jagarlapudi,"Professor of Computer Science and Engineering, IIT Hyderabad",Machine Learning,770.0,https://scholar.google.com/citations?hl=en&user=k70LrvsAAAAJ
Prabhat Kumar,"Assistant Professor in Mechanical &  Aerospace, IIT Hyderabad","Topology Optimization, Soft Robotics, Data-driven Design, Compliant Mechanisms, Computational",766.0,https://scholar.google.com/citations?hl=en&user=sMc1rB0AAAAJ
Kaushik Nayak,"Dept. of Electrical Engineering, IIT Hyderabad",Device Physics,763.0,https://scholar.google.com/citations?hl=en&user=CkYhodMAAAAJ
Dr.Prashanth Panta,"Researcher at IIT, Hyderabad","oral medicine, oral cancer, biomedical engineering",754.0,https://scholar.google.com/citations?hl=en&user=3h8zZkwAAAAJ
Badarinath Karri,"Indian Institute of Technology, Hyderabad","Cavitation and bubble dynamics, high-speed imaging",749.0,https://scholar.google.com/citations?hl=en&user=hAo2f2IAAAAJ
JR Gatti,Indian institute of technology hyderabad,"Crystallographic Texture, Mechanical Properties, Bulk Nanostructured Materials",743.0,https://scholar.google.com/citations?hl=en&user=cNc8ucQAAAAJ
Abhishek Subramanian,Indian Institute of Technology Hyderabad (IITH),"Systems Biology, Constraint - based modeling, Kinetic Modeling, Comparative Genomics, Machine",742.0,https://scholar.google.com/citations?hl=en&user=fFe0pfYAAAAJ
Niranjan Ghaisas,"Associate Professor, Indian Institute of Technology Hyderabad","Computational fluid dynamics, Large-eddy simulation, Wind energy, Multi-material simulations",740.0,https://scholar.google.com/citations?hl=en&user=YlGVztAAAAAJ
Anurup Datta,Indian Institute of Technology Hyderabad,"optics, laser processing, sensing, process monitoring, nanotechnology",732.0,https://scholar.google.com/citations?hl=en&user=s_mPJxkAAAAJ
Vaskar Sarkar,"Professor, IIT Hyderabad","PV Power Generation, Grid Integration of Renewables, Power System Stability and Optimization",715.0,https://scholar.google.com/citations?hl=en&user=XYSzjVoAAAAJ
Rama Srinivas Varanasi,"Assistant Professor, IIT Hyderabad","Hydrogen embrittlement, Atom probe tomography, Steel, Phase transformations",701.0,https://scholar.google.com/citations?hl=en&user=q8D59WwAAAAJ
Sathya Peri,"Associate Professor, IIT Hyderabad",Parallel and Distributed Systems,701.0,https://scholar.google.com/citations?hl=en&user=FejPk-8AAAAJ
Shubho R. Roy,"Associate Professor, IIT Hyderabad","String Theory, AdS/CFT, Holography, Black holes",700.0,https://scholar.google.com/citations?hl=en&user=gp389eIAAAAJ
Mahati Chittem,"Liberal Arts, IIT Hyderabad","Health psychology, Psycho-oncology",678.0,https://scholar.google.com/citations?hl=en&user=w7a85Z8AAAAJ
Lakshmana Dora Chandrala,Indian Institute of Technology Hyderabad,"Experimental Aerodynamics, Compressible flows, Oil spills, Breaking waves, Marine aerosols.",669.0,https://scholar.google.com/citations?hl=en&user=jOMZVHEAAAAJ
Ramakrishna Upadrasta,"Associate Professor, Dept. of Computer Science and Engg, IIT Hyderabad, India","Programming languages, Compilers, Static analysis, HPC, Polyhedral Compilation",663.0,https://scholar.google.com/citations?hl=en&user=3qZCtWYAAAAJ
Atanu Rajak,IIT Hyderabad,"Condensed matter physics, Statistical physics, Quantum phase transition, Quantum annealing",660.0,https://scholar.google.com/citations?hl=en&user=RJhUov4AAAAJ
Siju  CR,"Post Doctoral Fellow,IIT Hyderabad",Polymers,660.0,https://scholar.google.com/citations?hl=en&user=6lRiujEAAAAJ
Arunabha Majumdar,"Assistant Professor, Department of Mathematics, IIT Hyderabad","Statistical Genetics, Biostatistics",659.0,https://scholar.google.com/citations?hl=en&user=LsburecAAAAJ
Raj Kumar Oruganti,"Department of Civil Engineering, IIT Hyderabad","Wastewater treatment, Resource recovery, Emerging Contaminants",657.0,https://scholar.google.com/citations?hl=en&user=776onacAAAAJ
Korla Rajesh,Indian Institute of Technology Hyderabad,"Mechanical Behavior of Materials, creep",657.0,https://scholar.google.com/citations?hl=en&user=Rxaxl-0AAAAJ
Madhavi Bangaru,IITH,"cancer biology, molecular neurobiology",650.0,https://scholar.google.com/citations?hl=en&user=tGminkMAAAAJ
Ketan Detroja,Indian Institute of Technology Hyderabad,,643.0,https://scholar.google.com/citations?hl=en&user=vgVN03kAAAAJ
Nagini Macha,"Senior Scientist at SATHI-CISCoM, IIT Hyderabad","ODS alloys, High temperature materials, Atom Probe Tomography",634.0,https://scholar.google.com/citations?hl=en&user=9ZsgZzAAAAAJ
R Prasanth Kumar,"Professor, Dept. of Artificial Intelligence, Indian Institute of Technology Hyderabad","Mobile Robotics, Multi-Robot Systems, Physical AI",627.0,https://scholar.google.com/citations?hl=en&user=vAdOUscAAAAJ
Ankush Jaiswal,"Assistant Professor, Indian Institute of Technology, Hyderabad","Human Heat Stress, Thermal Comfort, HVAC, Adsorption cooling, Desalination",615.0,https://scholar.google.com/citations?hl=en&user=xeb1HjEAAAAJ
SK Karthick,"Assistant Professor, Mechanical and Aerospace Engineering, IIT Hyderabad, Telangana …","Gas Dynamics, Aeroacoustics, Hypersonics, Fluid Turbulence, Optical Diagnostics",598.0,https://scholar.google.com/citations?hl=en&user=X83smZsAAAAJ
Gajendranath Ch,"Associate Professor, Indian Institute of Technology, Hyderabad",Analog and Mixed Signal Circuit Design,592.0,https://scholar.google.com/citations?hl=en&user=6x0ZOCUAAAAJ
M. Rajesh Kannan,Indian Institute of Technology Hyderabad,"Combinatorics, Spectral graph theory, Matrix theory, Functional analysis.",578.0,https://scholar.google.com/citations?hl=en&user=b7inTwYAAAAJ
Dani Lakshman Yarlagadda,"Postdoctoral fellow, Chemical Engineering, IIT Hyderabad","Amorphous materials, Solid-state characterization, Polymeric biomaterials, DMPK, Bioanalysis",578.0,https://scholar.google.com/citations?hl=en&user=iSs068kAAAAJ
Rengasamy Dhanabal,"Indian Institute of Technology, Hyderabad","Interface Physics, Perovskite solar cells, Supercapacitor and Photocatalysis",573.0,https://scholar.google.com/citations?hl=en&user=BPknSIgAAAAJ
Om Priya Nanda,"Indian Institute of Technology, Hyderabad",Energy Storage,572.0,https://scholar.google.com/citations?hl=en&user=jx_DNKkAAAAJ
Biswarup Bhattacharyya,"Assistant Professor, IIT Hyderabad","Uncertainty Quantification, Stochastic dynamic system, Physics-informed machine learning, Structural health monitoring, Reliabil",567.0,https://scholar.google.com/citations?hl=en&user=j5y9fgEAAAAJ
Dr. Ramya Sri Mullapudi,"Assistant Professor, IIT Hyderabad","Sustainable pavement materials, Asphalt rheology, LCCA of pavements, Asphalt chemistry",566.0,https://scholar.google.com/citations?hl=en&user=OQ7RNeQAAAAJ
Rogers Mathew,Indian Institute of Technology Hyderabad,"graph theory, combinatorics, graph algorithms",556.0,https://scholar.google.com/citations?hl=en&user=-euQnQYAAAAJ
Dr. Upender Sunkari,"Senior Technical Officer, Dept. of Materials Science & Metallurgical Engineering, IITH","Electron Microscopy, High Entropy Alloys, Metal and Ceramic Matrix Composites, Powder Metallurgy",555.0,https://scholar.google.com/citations?hl=en&user=bobRP1IAAAAJ
Venkatesham B,"Professor, Indian Institute of Technology Hyderabad",Acoustics,548.0,https://scholar.google.com/citations?hl=en&user=Y7cQiSsAAAAJ
Rajesh Ittamalla,"Professor, Entrepreneurship & Management; IIT Hyderabad","Start-ups, Market Research, Customer Experience, Branding",536.0,https://scholar.google.com/citations?hl=en&user=c8_gdvcAAAAJ
Sreekanth Madisetty,IIT Hyderabad,"Natural Language Processing, Machine Learning, Deep Learning",533.0,https://scholar.google.com/citations?hl=en&user=ob5YhUkAAAAJ
Dr. Jeripothula Prudviraj,iit hyderabad,"machine learning, video content analysis",532.0,https://scholar.google.com/citations?hl=en&user=3YWfQSUAAAAJ
Kirit Makwana,Indian Institute of Technology Hyderabad,"Plasma Physics, Plasma Astrophysics, Solar Physics",522.0,https://scholar.google.com/citations?hl=en&user=Ja2ROkcAAAAJ
Jyotirmoy Rana,"Assistant Professor, Indian Institute of Technology Hyderabad","Bio-Fluid Mechanics, Applied Mathematics, Mathematical modeling, Quantum Mechanics",520.0,https://scholar.google.com/citations?hl=en&user=r7-q1AcAAAAJ
Shanmuga Sharan Rathnam,"Project Scientist, Department of Biotechnology, Indian Institute of Technology Hyderabad","Tissue engineering, Drug delivery, Nanomaterials",518.0,https://scholar.google.com/citations?hl=en&user=cWNk_kIAAAAJ
Jiji Swaminathan,"Indian Institute of Technology, Hyderabad","Biopolymers, Nanocellulose, Biomedicine, Environmental Science, Microbiology",517.0,https://scholar.google.com/citations?hl=en&user=Twj5GbEAAAAJ
Jayanta S. Boruah,Indian Institute of Technology Hyderabad,"Nanocomposite, biosensor, drug delivery, biomedical device",508.0,https://scholar.google.com/citations?hl=en&user=hAfoPu0AAAAJ
Balaji VS Iyer,"Associate Professor, IIT Hyderabad","soft matter, multiscale simulations, biomimetics",502.0,https://scholar.google.com/citations?hl=en&user=EZ-hBTMAAAAJ
Manish Singh,"Associate Professor of Computer Science, IIT Hyderabad","Databases, Data Mining, Text Mining, Social Network Analysis, Information Retrieval",501.0,https://scholar.google.com/citations?hl=en&user=I1jX5vgAAAAJ
Hari Chandana Kuchibhotla,IIT Hyderabad,"Limited Supervision, Deep Learning, Visual Tracking",496.0,https://scholar.google.com/citations?hl=en&user=wpm6F1YAAAAJ
Dr. Balraju Kammari,"Team Lead, Indian Institute of Technology Hyderabad","Organic synthesis, Crystal Engineering, Mechanical Properties, Polymorph Screening and Solid-state",478.0,https://scholar.google.com/citations?hl=en&user=kjOzEA4AAAAJ
Mahesh Sucheendran,"Associate Professor, IIT Hyderabad","Aerodynamics, CFD, Aeroelasticity, Acoustics, Ballistics",463.0,https://scholar.google.com/citations?hl=en&user=HgOhDY4AAAAJ
V. Seshadri Sravan Kumar,"Associate Professor, IIT Hyderabad","Power Systems, Applied Mathematics, Grid-Connected Renewable Energy Systems",462.0,https://scholar.google.com/citations?hl=en&user=VsTJaQkAAAAJ
Anindita Majumdar,Indian Institute of Technology Hyderabad,"Assisted Reproductive Technologies, Surrogacy, Kinship, Infertility, Medical Anthropology",458.0,https://scholar.google.com/citations?hl=en&user=l2yvxHwAAAAJ
Nidhi Sinha,"IIT Hyderabad, IIIT Hyderabad","Cognition, Emotion, Attention",456.0,https://scholar.google.com/citations?hl=en&user=k-ICROAAAAAJ
Anamitra Saha,"Assistant Professor, Department of Climate Change, IIT Hyderabad","Indian Monsoon, Climate Extremes, Disaster Risk and Resilience",444.0,https://scholar.google.com/citations?hl=en&user=QI2MsYkAAAAJ
Satish bonam,"Senior Scientist @Q.INC/IME-A* STAR Semiconductors,Tyndall National Institute-Ireland,IIT …","Advance Packaging, Hybrid bonding, 3D IC, Cu-Cu Thermo compression bonding, Sensors and MEMS",444.0,https://scholar.google.com/citations?hl=en&user=kFjfsroAAAAJ
Bhojaraju Gunjal,"Library, Indian Institute of Technology Hyderabad, ORCID: 0000-0002-9658-1473","Library and Information Science, Knowledge Management, Knowledge Organization, Research Data",442.0,https://scholar.google.com/citations?hl=en&user=DoDQnlUAAAAJ
Dhriti Sundar Patra,"Indian Institute of Technology Hyderabad, India",Differential Geometry,442.0,https://scholar.google.com/citations?hl=en&user=10uwYBUAAAAJ
Parag D Pawar,"Associate Professor of Chemical Engineering, Indian Institute of Technology Hyderabad",,430.0,https://scholar.google.com/citations?hl=en&user=N9P7E1UAAAAJ
Manaswini ravipati,Indian Institute of Technology Hyderabad,"Fuel cells, Electrochemical sensor, Metal Organic Frameworks",430.0,https://scholar.google.com/citations?hl=en&user=U2lyMc0AAAAJ
Rameshwar Pratap,IIT Hyderabad,"Algorithms for big data, sketching/sampling algorithms, machine learning, data mining, theoretical",407.0,https://scholar.google.com/citations?hl=en&user=I6ld6XoAAAAJ
Rahul Vigneswaran,"Indian Institute of Technology, Hyderabad, India",Deep Learning,407.0,https://scholar.google.com/citations?hl=en&user=s7P6kbsAAAAJ
Mohd Suhail Rizvi,"Department of Biomedical Engineering, Indian Institute of Technology Hyderabad","Biomechanics, Biophysics, Computational Systems Biology",406.0,https://scholar.google.com/citations?hl=en&user=ZpmAiWwAAAAJ
Chandra Prakash,Indian Institute of Technology Hyderabad,"Solid Mechanics, Materials, Multiscale Modeling, Shock Waves, Fracture",403.0,https://scholar.google.com/citations?hl=en&user=4joTegcAAAAJ
Subrahmanyam Kalyanasundaram,IIT Hyderabad,,403.0,https://scholar.google.com/citations?hl=en&user=v8JH7IUAAAAJ
Oves Badami,Indian Institute of Technology Hyderabad,"Semiconductor Device Modeling, Computational Nanoelectronics",392.0,https://scholar.google.com/citations?hl=en&user=spwK_e4AAAAJ
Swati Pramanik,IIT Hyderabad,"extractive metallurgy, ewaste, hydrometallurgy, recycling",389.0,https://scholar.google.com/citations?hl=en&user=gqM_b1wAAAAJ
Sadik Ali Mohammad,IIT Hyderabad,"Nanoformulatons, Diabetic wound healing, Cancer theranostics, Oral Fast Dissolving Films",381.0,https://scholar.google.com/citations?hl=en&user=fI3adQEAAAAJ
Roopak Tamboli,"Qualcomm, IIT Hyderabad","Image Processing, Image Quality, Camera, XR",372.0,https://scholar.google.com/citations?hl=en&user=UZPsXtgAAAAJ
GVV sharma,Iit Hyderabad iitbombay,,362.0,https://scholar.google.com/citations?hl=en&user=7nhbo0AAAAAJ
Phanindra Jampana,Associate Professor IIT Hyderabad,"ERT, System Identification, Compressive Sensing",361.0,https://scholar.google.com/citations?hl=en&user=QXovyHwAAAAJ
Gnanaprakash Kanagaraj,"Assistant Professor, Indian Institute of Technology Hyderabad","Rocket Propulsion, Solid fuel and metal combustion, Energy Sustainability, Combustion diagnostics",361.0,https://scholar.google.com/citations?hl=en&user=xUUG5eAAAAAJ
Anbumani D,IIT HYDERABAD,Biotechnology and biosafety,358.0,https://scholar.google.com/citations?hl=en&user=yU65eMMAAAAJ
Mohit Joshi,"Current: NSK Ltd. | Former: Kyoto University, IIT-Hyderabad",,352.0,https://scholar.google.com/citations?hl=en&user=xg2ifM0AAAAJ
Kushagra Agarwal,IIT Hyderabad,Photonics,349.0,https://scholar.google.com/citations?hl=en&user=R0dOPZUAAAAJ
Lakshmi Prasad Natarajan,"Associate Professor, Indian Institute of Technology Hyderabad","Coding Techniques, Communication Theory, Information Theory",342.0,https://scholar.google.com/citations?hl=en&user=jAw70wJm_aQC
Dr. Nandini Dhiman,Indian Institute of Technology Hyderabad (Alma mater),"Biomedical Engineering, Microfluidic Models, Cancer, Stem Cells",338.0,https://scholar.google.com/citations?hl=en&user=Sw4BeIsAAAAJ
GAURAV DHAMIJA,"Department of Liberal Arts, Indian Institute of Technology Hyderabad","Health Economics, Applied Econometrics, Development Economics",332.0,https://scholar.google.com/citations?hl=en&user=dpnxKcUAAAAJ
Srikanth Hundi,Indian Institute of Technology Hyderabad,Particle Physics,329.0,https://scholar.google.com/citations?hl=en&user=p6hWz1QAAAAJ
Shubha Ranganathan,IIT Hyderabad,"Cultural Psychology, Healing temples, Indigenous Psychology, Ethnography",328.0,https://scholar.google.com/citations?hl=en&user=PJkwdRYAAAAJ
Kumaar Swamy Reddy B,IIT-Hyderabad & International Advanced Research Centre for Powder Metallurgy and New …,"Photodetectors, Nanotechnology, Material Science, Thin Films, Flexible Electronics",322.0,https://scholar.google.com/citations?hl=en&user=t6DM44oAAAAJ
Seetha N,"Associate Professor, Indian Institute of Technology Hyderabad","Flow and transport in porous media, colloid transport, microplastics, pore-scale modeling, upscaling",321.0,https://scholar.google.com/citations?hl=en&user=So8YlrMAAAAJ
Dr. Aisha Siddiqa,"Post-Doctoral Fellow, Indian Institute of Technology-Hyderabad.","Supercapacitors, Metal-CO2 batteries, Carbon materials and Nanomaterials",320.0,https://scholar.google.com/citations?hl=en&user=71N2gb8AAAAJ
Sukanya VS,"Indian Institute of Technology, Hyderabad","Tissue Engineering, In vitro Models, Stem cells, Biomaterials, Cell Migration",315.0,https://scholar.google.com/citations?hl=en&user=aIEiQh8AAAAJ
Dr. Dokkari Nagalaxmi Yadav,IIT Hyderabad,"Nanocarriers, AMR, Cancer, Drug Delivery, Phage Therapy",313.0,https://scholar.google.com/citations?hl=en&user=BlNK29QAAAAJ
Harikrishnan Narayanan Unni,Indian Institute of Technology Hyderabad,"Lab on Chip Microfluidics, Micro Nano Scale Transport, Biophysics",311.0,https://scholar.google.com/citations?hl=en&user=RV44_tsAAAAJ
Jayshree Patnaik,"Department of Entrepreneurship and Management, Indian Institute of Technology …","Entrepreneurship, Design Thinking, Start-up Management, Lean Startup, Product Management",300.0,https://scholar.google.com/citations?hl=en&user=GGrs_o0AAAAJ
Himank Gupta,IIT Hyderabad,,300.0,https://scholar.google.com/citations?hl=en&user=cY4pZccAAAAJ
Kalyani Eswar,Indian Institute of Technology Hyderabad,"Cancer Nanotheranostics, Molecular Medicine, Stemcell Biology",299.0,https://scholar.google.com/citations?hl=en&user=9IcChi4AAAAJ
NR Aravind,Indian Institute of Technology Hyderabad,"Algorithms, graph theory, combinatorics",293.0,https://scholar.google.com/citations?hl=en&user=toGvJD0AAAAJ
Aneesh Sobhanan,Indian Institute of Technology Hyderabad,"Photonic computing and processing, Optical Communication, Photonic beam steering and beam forming",291.0,https://scholar.google.com/citations?hl=en&user=OE_UIlcAAAAJ
Vidhya V Nair,"Assistant Professor, Department of Biomedical Engineering, Indian Institute of Technology …","Functional Neuroimaging, Neurofluid Dynamics, Sleep",288.0,https://scholar.google.com/citations?hl=en&user=MnhPJb0AAAAJ
Gaurav Dhamija,"Assistant Professor, Department of Liberal Arts, Indian Institute of Technology Hyderabad","Applied Microeconometrics, Development Economics",283.0,https://scholar.google.com/citations?hl=en&user=X1X9eJsAAAAJ
Dr. Vidya Alman,"Postdoctoral Researcher, IITH","Nanoscience and Nanotechnology, Material science, Magnetism, Metallic Alloys",282.0,https://scholar.google.com/citations?hl=en&user=NgQxQmkAAAAJ
Shalakha Saha,Indian Institute of Technology Hyderabad,"nanomaterial, energy storage, supercapacitor, electrochemistry, biomass",282.0,https://scholar.google.com/citations?hl=en&user=KyB-EVoAAAAJ
ANSHI AGARWAL,IIT Hyderabad,electrospinning,276.0,https://scholar.google.com/citations?hl=en&user=wLFoidUAAAAJ
Tarali Devi,"Assistant Professor, IIT Hyderabad",Bioinspired Bioinorganic Chemistry,272.0,https://scholar.google.com/citations?hl=en&user=aHvEcasAAAAJ
Abhijit Das,"Assistant Professor, IIT Hyderabad",Computer Architecture,271.0,https://scholar.google.com/citations?hl=en&user=UDIIkgYAAAAJ
Venkatraman Renganathan,IIT Hyderabad,"Probabilistic Robust Control, Risk Bounded Planning",269.0,https://scholar.google.com/citations?hl=en&user=D2ANMyEAAAAJ
Siddharth Jain,IIT Hyderabad,"Compilers, Machine Learning",269.0,https://scholar.google.com/citations?hl=en&user=NSBoofQAAAAJ
Neeraj Kumar,"Assistant Professor of Cognitive Science, IIT Hyderabad","Sensorimotor learning, Motor Memory, Non-invasive Brain Stimulation, Stroke Rehabilitation",268.0,https://scholar.google.com/citations?hl=en&user=OGQijQIAAAAJ
Praveen Puram,"Indian Institute of Technology Hyderabad, India","Digital Economy, Food sector, Applied Machine Learning, Lean, Cricket",267.0,https://scholar.google.com/citations?hl=en&user=I4-ZprUAAAAJ
Ansari Palliyarayil,"Post Doctoral Fellow, Indian Institute of Technology-Hyderabad (IITH)","Sustainable Porous Materials, Waste Valorization, Activated carbon, Air & Water purification, CO & CO2",262.0,https://scholar.google.com/citations?hl=en&user=tsSgYxsAAAAJ
Sadananda Kumbhakar,IIT Hyderabad,Inorganic Chemistry,259.0,https://scholar.google.com/citations?hl=en&user=QyT9DqQAAAAJ
Thulsiram Gantala,"Assistant Professor, Mechanical and Aerospace Engineering, IIT Hyderabad","Nondestructive Evaluation, Phased Array Ultrasonic Testing, Applied Machine Learning",259.0,https://scholar.google.com/citations?hl=en&user=nEEQVmUAAAAJ
Aniket Balasaheb Bhosale,"Research Assistant, IIT Hyderabad, India","Concrete, Structural Engineering, Structural Analysis, Fracture Behavior, Fiber Reinforced Concrete",258.0,https://scholar.google.com/citations?hl=en&user=uNkn1dgAAAAJ
Dr Vijaya Kumar Poondla,IIT Hyderabad,Fermentation,256.0,https://scholar.google.com/citations?hl=en&user=8Jd2OY8AAAAJ
Mrinmoy Datta,IIT Hyderabad,Mathematics,253.0,https://scholar.google.com/citations?hl=en&user=-0SnyvwAAAAJ
Urvi Mahendra Bora,"Indian Institute of Technology, Hyderabad","Machine Learning, Biophysics, Computational and Mathematical Modelling, Industrial Engineering",252.0,https://scholar.google.com/citations?hl=en&user=_rSMGf8AAAAJ
Rahul John,"Post Doctoral Fellow, IIT Hyderabad","Additive Manufacturing, Mechanical Metallurgy, Alloy design, Thermomechanical Processing, Solid state synthesis",250.0,https://scholar.google.com/citations?hl=en&user=zNcxy3cAAAAJ
Ramkarn Patne,Indian Institute of Technology Hyderabad,"Hydrodynamic stability, Complex fluids",249.0,https://scholar.google.com/citations?hl=en&user=gyr6G04AAAAJ
Nitin Saurabh,IIT Hyderabad,"Theoretical Computer Science, Computational Complexity, Algorithms",244.0,https://scholar.google.com/citations?hl=en&user=JfhbH68AAAAJ
Firdaus Ali,"Junior Research Fellow, Indian Institute of Technology Hyderabad","II-VI and III-V semiconductor, 2D Materials, HER, OER, CO2 Reduction",241.0,https://scholar.google.com/citations?hl=en&user=2oPbB9gAAAAJ
Amit Barnwal,"Assistant Professor, MSME, IIT Hyderabad","Non-Ferrous Extractive Metallurgy, Sustainable e-waste & battery recycling, Critical & REE recovery",240.0,https://scholar.google.com/citations?hl=en&user=NwEVfhcAAAAJ
Shashank Vatedka,"Assistant Professor, Indian Institute of Technology Hyderabad","Coding theory, Information theory",237.0,https://scholar.google.com/citations?hl=en&user=f4dNpLQAAAAJ
Shwetabh Yadav,"Assistant Professor, IIT Hyderabad","Experimental Solid Mechanics, Manufacturing, Machining, Large strain deformations, Imaging",227.0,https://scholar.google.com/citations?hl=en&user=7AZ3x1EAAAAJ
INDRANI BANERJEE,IIT Hyderabad,"Main group metal complexes, Catalysis, organic and inorganic chemistry",226.0,https://scholar.google.com/citations?hl=en&user=5j7occgAAAAJ
Ranajit Mondal,"Assistant Professor, Department of Chemical Engineering, IIT Hyderabad","Colloidal Science, Wetting, Drying, Cracks, Self-assembly",225.0,https://scholar.google.com/citations?hl=en&user=zdlgD4QAAAAJ
Dr. Anil Balajirao Dapkekar,PMRF Fellow IIT Hyderabad,"Organic Chemistry, Electro-Organic Synthesis, Transition Metal Catalysis",225.0,https://scholar.google.com/citations?hl=en&user=yCBbNTgAAAAJ
Sangkha Borah,Assistant Professor of Physics at IIT Hyderabad,"Quantum Computing, Quantum Control, Machine Learning, ML for Quantum",220.0,https://scholar.google.com/citations?hl=en&user=qfByhykAAAAJ
Swati Gupta,"Indian Institute of Technology Hyderabad, India","Organic Electronics, Flexible Electronics",216.0,https://scholar.google.com/citations?hl=en&user=kgvFyLIAAAAJ
Aditya Siripuram,Indian Institute of Technology Hyderabad,"Fourier analysis, convex optimization, combinatorial optimization",212.0,https://scholar.google.com/citations?hl=en&user=lhZGd-wAAAAJ
Phyu Phyu Mon,"Researcher, Indian Institute of Technology Hyderabad","Adsorption, carbon-based materials, water treatment, supercapacitors",209.0,https://scholar.google.com/citations?hl=en&user=viBRDQsAAAAJ
B Koti Reddy,"Technical Advisor (Energy & Emission Management), Indian Institute of Technology …","Agrivoltaics, AI/ML, Net Zero Emissions, Advisor(E&S)-Actoryx Tech, Smartgrids",208.0,https://scholar.google.com/citations?hl=en&user=dFq4X_kAAAAJ
Kiran Kumar Garlapati,Indian Institute of technology Hyderabad,Energy storage,208.0,https://scholar.google.com/citations?hl=en&user=RJd5QpAAAAAJ
Vamsi Vikram Gande,"Assistant Professor, Indian Institute of Technology Hyderabad","Hydrometallurgy, Nanoparticles synthesis, Reaction kinetics, Flow chemistry, Decarbonization",207.0,https://scholar.google.com/citations?hl=en&user=rGb292AAAAAJ
Aalok Khandekar,"Associate Professor for Anthropology/ Sociology, Indian Institute of Technology Hyderabad","Science and Technology Studies (STS), Cultural Anthropology, India/ South Asia, Interdisciplinarity",206.0,https://scholar.google.com/citations?hl=en&user=vQCFTysAAAAJ
Dr. Shital Jyotsna Sahoo,"Postdoctoral Research Associate, IIT Hyderabad","Electrochemical Sensors, Gas Sensors, Catalysis",205.0,https://scholar.google.com/citations?hl=en&user=YVPLMdoAAAAJ
Rajesh Kedia,Assistant Professor at IIT Hyderabad,"Embedded systems, Computer architecture, VLSI",201.0,https://scholar.google.com/citations?hl=en&user=DI8RrMcAAAAJ
Suresh Kumar Amalapuram,Indian Institute of Technology Hyderabad,"Anomaly Detection, Data Driven Security",201.0,https://scholar.google.com/citations?hl=en&user=DSHKk8YAAAAJ
Prasad Onkar,Indian Institute of Technology Hyderabad,"Product design, 3D sketching, Virtual Reality, Haptics, Interaction Design",198.0,https://scholar.google.com/citations?hl=en&user=4pjqkUMAAAAJ
Subhojit Kadia,"Assistant Professor, CE, IIT Hyderabad","Hydraulics, CFD and Turbulence Modeling, Sediment Transport, Spillways, Reservoir Sedimentation",198.0,https://scholar.google.com/citations?hl=en&user=R2gQG38AAAAJ
Vikas S. Krishnamurthy,"Assistant Professor, Department of Mathematics, IIT Hyderabad","applied mathematics, fluid dynamics, vortex dynamics",192.0,https://scholar.google.com/citations?hl=en&user=zzS-Tz8AAAAJ
Mohan Raju Manne,"Indian Institute of Technology Hyderabad, India.",Hydrology Irrigation,189.0,https://scholar.google.com/citations?hl=en&user=gX4JLYQAAAAJ
Shazia Nabi,"Department of Chemistry, Indian Institute of Technology, Hyderabad","Photoelectrochemistry, Electrochemistry, MOFs, MOCs, Material Chemistry",186.0,https://scholar.google.com/citations?hl=en&user=rTb65JcAAAAJ
Saurabh Kumar,Indian Institute of Technology Hyderabad,"Cyber Security, Cyber Forensics, Malware Analysis",185.0,https://scholar.google.com/citations?hl=en&user=FXA94pIAAAAJ
Dr. Murali Duddi,Indian Institute of Technology Hyderabad,"Concrete, Nondestructive Techniques, PZT sensors, Sustainable concrete, 3D Concrete Printing",185.0,https://scholar.google.com/citations?hl=en&user=hkNWZyYAAAAJ
Tithi Basu,IIT Hyderabad,"Ionic polymer, polymeric interactions, biomaterials, protein, drug delivery",184.0,https://scholar.google.com/citations?hl=en&user=8UNU0T4AAAAJ
Prasanna Rousseau,"Assistant Professor, Indian Institute of Technology Hyderabad","Geotechnical Engineering, Experimental soil mechanics, Underground structures, Finite element",182.0,https://scholar.google.com/citations?hl=en&user=PBKKZTsAAAAJ
Surita Sarkar,"Research Associate, IIT Hyderabad","Biomedical signal processing, Automated disease detection, AI & ML in Healthcare",180.0,https://scholar.google.com/citations?hl=en&user=TQeZ2fgAAAAJ
Aszad Alam,Indian Institute of Technology Hyderabad,Nanoscience and Nanotechnology,180.0,https://scholar.google.com/citations?hl=en&user=b0JCNjkAAAAJ
Prakhar Gupta,"Assistant Professor, IIT Hyderabad, UPC Barcelona, IIT Delhi, Dayalbagh Educational …","Solid Mechanics, Soft Robotics, Computational Mechanics, Flexoelectricity",178.0,https://scholar.google.com/citations?hl=en&user=gLenhnsAAAAJ
Paramita Maiti,"Technical Superintendent, MSME, Department, IIT Hyderabad, India.","Surface and Interface, Oxide Materials, Thin films and their characterizations",177.0,https://scholar.google.com/citations?hl=en&user=bkc4y_cAAAAJ
Shreya Pande,"Indian Institute of Technology, Hyderabad","Tissue regeneration, Supramolecular hydrogels, 3D Printing, Biomaterials, Drug delivery",177.0,https://scholar.google.com/citations?hl=en&user=K_GxcAYAAAAJ
S. Sandeep Kumar,HEC Paris | IIT Hyderabad,"Wireless Networks, 5G",175.0,https://scholar.google.com/citations?hl=en&user=t5anEYsAAAAJ
Sukumar,"Professor, IITH","Functional Analysis, Banach algebra",174.0,https://scholar.google.com/citations?hl=en&user=_on32cMAAAAJ
Kousik Sarathy Sridharan,"Associate Professor, Dept. of Biomedical Engineering, Indian Institute of Technology …","Neuroimaging, POC Neuromonitoring, Therapeutic interventions, Neurological Disorders",173.0,https://scholar.google.com/citations?hl=en&user=vkW3vI4AAAAJ
Roshan Khan,Indian Institute of Technology Hyderabad,"High-Speed Railways, Railway Geotechnics, Ground vibrations, Computational Geotechnics",172.0,https://scholar.google.com/citations?hl=en&user=i8dK-PoAAAAJ
Kamal Bora,"Swinburne University of Technology, Australia and Indian Institute of Technology …","Astronomy and Astrophysics, Gravitational Lensing, Machine Learning and Neural Networks, Cosmology",171.0,https://scholar.google.com/citations?hl=en&user=6Dd6PX8AAAAJ
Harsha S Rangappa,Indian Institute of Technology Hyderabad & Deakin University,"Environmental Remediation, Adsorption, Wastewater treatment, Catalysis",170.0,https://scholar.google.com/citations?hl=en&user=IUDThgUAAAAJ
Sharan Narasimhan,IIT Hyderabad,"Artificial Intelligence, NLP, Machine Learning",167.0,https://scholar.google.com/citations?hl=en&user=RFZGrMUAAAAJ
Chetankumar Jalihal,"Assistant Professor, Indian Institute of Technology Hyderabad","Energetics of monsoon and ITCZ, Paleomonsoons, DO events",166.0,https://scholar.google.com/citations?hl=en&user=tlxUWucAAAAJ
sai harsha yelleni,Indian Institute of Technology Hyderabad,"Bayesian Deep Learning, Computer Vision, Machine Learning",166.0,https://scholar.google.com/citations?hl=en&user=sM4m8TkAAAAJ
Jose Titus,Indian Institute of Technology Hyderabad,"Power Electronics, Motor Drives",166.0,https://scholar.google.com/citations?hl=en&user=4WecJUoAAAAJ
Anandita Pan,"Assistant Professor, Department of Liberal Arts, Indian Institute of Technology Hyderabad","Gender studies, Dalit Feminism, Indian Feminisms, South Asian studies, Cultural studies",163.0,https://scholar.google.com/citations?hl=en&user=7xlxZswAAAAJ
Jyothi Vedurada,"Assistant Professor, IIT Hyderabad","Compilers, Program Analysis, High-Performance Computing",162.0,https://scholar.google.com/citations?hl=en&user=UNU_9tYAAAAJ
Safvan Palathingal,"Indian Institute of Technology, Hyderabad","Compliant mechanisms, Structural instability, Bioengineering, MEMS, Optimisation",157.0,https://scholar.google.com/citations?hl=en&user=sTd-nX8AAAAJ
Sayantee Jana,"Assistant Professor, IIT Hyderabad","Bayesian, Data mining, Multivariate Skewed and volatile distributions, Survival Analysis, Spatio-tem",156.0,https://scholar.google.com/citations?hl=en&user=NLp2GgMAAAAJ
Rajkumar Joseph,Indian Institute of Technology Hyderabad,"Deep learning, Computer vision, Data science, IOT",154.0,https://scholar.google.com/citations?hl=en&user=v2UrSFwAAAAJ
Arghya Ghosh,IIT Hyderabad,"Theoretical Condensed Matter Physics, Density Functional Theory, Manybody Theory",153.0,https://scholar.google.com/citations?hl=en&user=NPMyqmoAAAAJ
Md Haseen Akhtar,"Department of Design, IIT Hyderabad","Human-Centered Design, HCI, Design for Well Being, Behavioural Design, Design with Emerging Tech",152.0,https://scholar.google.com/citations?hl=en&user=PtSUxU0AAAAJ
Dr. S. Aiyappan,IIT Hyderabad,PDE Homogenization,150.0,https://scholar.google.com/citations?hl=en&user=yyFsJfwAAAAJ
Shiva Ji,"Indian Institute of Technology Hyderabad, India","Design for Sustainability, Build Environment, Industrial Design, Digital Heritage",148.0,https://scholar.google.com/citations?hl=en&user=VPYWYzsAAAAJ
Abhishek Thakur,Indian Institute of Technology Hyderabad,"Autonomous navigation, Deep Learning, Mapping & Localization",148.0,https://scholar.google.com/citations?hl=en&user=s101a6EAAAAJ
Mrinal Senapati,"Indian Institute of Technology,Hyderabad","Lidar Point Cloud, Autonomous Vehicle, Machine Learning, Deep Learning",145.0,https://scholar.google.com/citations?hl=en&user=hEwCG-0AAAAJ
Dhaladhuli Pranavi,Indian Institute of Technology Hyderabad,"Computational mechanics, Phase field Approach, Cohesive Zone Modeling, Mechanics of Composites, Hyperelastic models",145.0,https://scholar.google.com/citations?hl=en&user=vXKdJgYAAAAJ
shahira,"Researcher, IIT Hyderabad","Computer Vision, Multimodal LLMs, AI/ML/NLP, Explainable AI, DocAI",145.0,https://scholar.google.com/citations?hl=en&user=vEjyY2AAAAAJ
D. Venku Naidu,IIT Hyderabad,"Harmonic Analysis, Functional Analysis",143.0,https://scholar.google.com/citations?hl=en&user=ymW5H_UAAAAJ
Anupam Sanghi,"Assistant Professor, IIT Hyderabad","Database Systems, AI for Databases",143.0,https://scholar.google.com/citations?hl=en&user=2-YaCZYAAAAJ
Dr. Prakash Bongurala,"Department of Physics, Indian Institute of Technology Hyderabad, Sangareddy, Telangana …","Magnetoelectrics, Magnetism",143.0,https://scholar.google.com/citations?hl=en&user=c5m4QFEAAAAJ
Gopika Mukundan,"Indian Institute of Technology, Hyderabad","Sensors, Nanomaterials",143.0,https://scholar.google.com/citations?hl=en&user=adjNrvwAAAAJ
Bhuvana Priya Dhandapani,"Prime Minister Research Fellow, IIT Hyderabad",Pavement Engineering,142.0,https://scholar.google.com/citations?hl=en&user=rgtN0jwAAAAJ
Nitila Gokulkrishnan,IITH,,142.0,https://scholar.google.com/citations?hl=en&user=9GjOK3UAAAAJ
Dr. Sateesh Mulkapuri,Indian Institute of Technology Hyderabad,High-Energy Storage Cathodes and High …,136.0,https://scholar.google.com/citations?hl=en&user=cf4uMmcAAAAJ
Balraju Vadlakonda,IIT Hyderabad,"Experimental fluid dynamics, CFD, Multiphase flow, Mineral Processing, Flotation",134.0,https://scholar.google.com/citations?hl=en&user=hg9bHyMAAAAJ
Sai Srinivas Kancheti,IITH,"Explainability, Multimodal reasoning",134.0,https://scholar.google.com/citations?hl=en&user=JJP7dOsAAAAJ
Sandeep Kumawat,Indian Institute of Technology Hyderabad,Organofluorine Chemistry,134.0,https://scholar.google.com/citations?hl=en&user=mFhupCEAAAAJ
Aswathi Thomas,Indian Institute of Technology Hyderabad,,132.0,https://scholar.google.com/citations?hl=en&user=nunPbCcAAAAJ
Nitin Kulhar,Indian Institute of Technology Hyderabad,"Structural Biology, Molecular Simulations, Quantum Chemistry (DFT)",131.0,https://scholar.google.com/citations?hl=en&user=5-Ixo3kAAAAJ
Akshay Shilhora,"Research Assistant, Indian Institute of Technology, Hyderabad, India","Computer Vision, Deep Learning, Pattern Recognition",130.0,https://scholar.google.com/citations?hl=en&user=V4jewlwAAAAJ
Swetha Ganesh,"Assistant Professor, IIT Hyderabad","Reinforcement Learning, Stochastic Optimization, Spectral Graph Theory",130.0,https://scholar.google.com/citations?hl=en&user=-Crvn3cAAAAJ
Dr. Ravi Kumar,IIT Hyderabad,Organometallic Chemistry and Catalysis,130.0,https://scholar.google.com/citations?hl=en&user=gvlBN0EAAAAJ
Paloma Patra,"Department of Biomedical Engineering, Indian Institute of Technology Hyderabad","Biomaterials, Nanomedicine, Smart trigger based theranostics, Drug delivery systems",129.0,https://scholar.google.com/citations?hl=en&user=l1KEzTMAAAAJ
Dr. Raju Murugan,IIT Hyderabad,"Atomization and spray, Combustion, Hydrogen combustion, Alternative fuels, Zero carbon combustion",128.0,https://scholar.google.com/citations?hl=en&user=i5-OeKsAAAAJ
Vijayasankar Kn,Indian Institute of Technology Hyderabad,"3D printing, Composites, Bioprinting, Product design & development",124.0,https://scholar.google.com/citations?hl=en&user=WEjPoXUAAAAJ
Dipayan Mondal,IIT Hyderabad,"Bioorganic Chemistry, Supramolecular Chemistry, Chemical Biology",124.0,https://scholar.google.com/citations?hl=en&user=LN8cUz8AAAAJ
Mallikarjuna Ch,"Indian Institute of Technology Hyderabad, Library","Library Technology, scientometrics, information retrieval, information science, digital humanities",123.0,https://scholar.google.com/citations?hl=en&user=-aq-bX0AAAAJ
Rakesh Venkat,"Assistant Professor, Indian Institute of Technology, Hyderabad","Approximation Algorithms, Complexity Theory",121.0,https://scholar.google.com/citations?hl=en&user=Igl7BusAAAAJ
Sameen Naqvi,Indian Institute of Technology Hyderabad,"Reliability Theory, Applied Statistics",119.0,https://scholar.google.com/citations?hl=en&user=mBlmsSYAAAAJ
Abdul Khalad,"IIT Hyderabad, Deakin University",Machine learning,119.0,https://scholar.google.com/citations?hl=en&user=T6F8R5MAAAAJ
Parth Gupta,"Department of Biotechnology, Indian Institute of Technology Hyderabad","Molecular Biology, Disease Genomics",118.0,https://scholar.google.com/citations?hl=en&user=GBDBnlEAAAAJ
Prasun Roychowdhury,"Assistant Professor, Indian Institute of Technology Hyderabad","Functional Inequalities, Geometric Analysis, Analysis and PDEs",118.0,https://scholar.google.com/citations?hl=en&user=YdL-tioAAAAJ
Archana Singh,IITH,"Biomedical Engineering, Healthcare and Diagnostics, Pharmaceutics, Drug Delivery, Medicines",115.0,https://scholar.google.com/citations?hl=en&user=K0u_KuIAAAAJ
Mohan Raghavan,"Associate Professor of Biomedical Engineering, IIT Hyderabad",Computational Neuroscience,115.0,https://scholar.google.com/citations?hl=en&user=i1nqwAwAAAAJ
PN Karthik,"Assistant Professor, Department of Artificial Intelligence, IIT Hyderabad","Information theory, Statistical learning, Multi-armed bandits",114.0,https://scholar.google.com/citations?hl=en&user=D39u7bkAAAAJ
Abhishek Kumar,IIT Hyderabad,"RFIC design, Full-duplex wireless communication",113.0,https://scholar.google.com/citations?hl=en&user=LekWCE4AAAAJ
Ruthwik Nakka,Indian Institute of Technology Hyderabad,,112.0,https://scholar.google.com/citations?hl=en&user=dhpPjH8AAAAJ
Prabhat Ranjan,"Indian Institute of Technology, Hyderabad","Bolted joint, Friction, Machine learning, Contact mechanics, Dynamics and Vibration",111.0,https://scholar.google.com/citations?hl=en&user=0CVbO2cAAAAJ
Ajitrao Devadkar,Indian Institute of Technology Hyderabad,Organic Synthesis and Catalysis,111.0,https://scholar.google.com/citations?hl=en&user=Xwz6iicAAAAJ
Sai Aditya Raman Kuchibhatla,Indian Institute of Technology Hyderabad,"Wave Propagation, Dynamics, Vibrations, Metamaterials",108.0,https://scholar.google.com/citations?hl=en&user=qWB6C2oAAAAJ
Dhivya Venugopal,IIT Hyderabad,"Polymeric Biomaterials, Electrospinning, Drug Delivery, Inflammation, Immunomodulation",107.0,https://scholar.google.com/citations?hl=en&user=guyCms0AAAAJ
Ashwini Pushparaj,"Indian Institute of Technology, Hyderabad","Genetics, Cancer Research, Immunotherapy, Nanotechnology, Biomaterials",106.0,https://scholar.google.com/citations?hl=en&user=MaxopfoAAAAJ
Vikas Thapa,"Indian Institute of Technology, Hyderabad","Robotics, Machine vision",105.0,https://scholar.google.com/citations?hl=en&user=PQAvZdYAAAAJ
Shivaprasad Cherukupally,IIT Hyderabad,"Reconfigurable/Flexible tools, Incremental forming, Finite element analysis, Electro-plasticity",105.0,https://scholar.google.com/citations?hl=en&user=zjtcAGsAAAAJ
SWETHA G,IIT Hyderabad,"Computer Vision, Deep learning",105.0,https://scholar.google.com/citations?hl=en&user=atrshTYAAAAJ
Srirupa Chatterjee,Associate Professor Indian Institute of Technology Hyderabad,"Body Image, Critical Body Studies, Gender Studies, Literature, Multi-ethnic American Fiction",99.0,https://scholar.google.com/citations?hl=en&user=lglKCx8AAAAJ
Yash Khasbage,"Indian Institute of Technology, Hyderabad","Deep Learning, Computer Vision",99.0,https://scholar.google.com/citations?hl=en&user=ENpyRRUAAAAJ
Pravat Kumar Sahu,"Research Fellow, Indian Institute of Technology Hyderabad","Electrochemistry, Biosensors, Bacterial detection, Point of Care device",98.0,https://scholar.google.com/citations?hl=en&user=SoIfhTUAAAAJ
ANNU,Indian Institute of Technology Hyderabad,"V2X Communications, AI/ML for resource allocation, RL for Resource allocation in V2X …",98.0,https://scholar.google.com/citations?hl=en&user=9rw547cAAAAJ
Shubham Khandelwal,Honeywell | IIT Hyderabad,"Multivariable control, PID Tuning, Optimization, Machine Learning, Generative AI",97.0,https://scholar.google.com/citations?hl=en&user=zJlqm6sAAAAJ
Kapil Jainwal,"IIT Hyderabad, Assistant Professor","Analog/Digital/Mixed signal VLSI circuits, CMOS Image Sensors",96.0,https://scholar.google.com/citations?hl=en&user=U902zy0AAAAJ
Mehul Sharma,Indian Institute of Technology Hyderabad,"5G, C-RAN, Cellular Networks, AI/ML in networking",94.0,https://scholar.google.com/citations?hl=en&user=QnsSf44AAAAJ
Bhat Dittakavi,IIT Hyderabad,"Computer Vision, Pose Correction",94.0,https://scholar.google.com/citations?hl=en&user=VtwfGQcAAAAJ
Tanmoy Paul,"Associate Professor, Dept of Mathematics, IIT Hyderabad","Functional Analysis, Banach space theory, Convex geometry, Geometric Measure Theory",93.0,https://scholar.google.com/citations?hl=en&user=EEhM5vMAAAAJ
Vijay Chaudhary,"IIT Hyderabad, India",High Entropy Alloys,93.0,https://scholar.google.com/citations?hl=en&user=LXrOZDEAAAAJ
Ullas Pandey,IIT Hyderabad,"Biosensors, Microfluidics, nanomaterials, electrochemical sensors, chemiresistive sensors",93.0,https://scholar.google.com/citations?hl=en&user=dOlKQGQAAAAJ
Aishwarya M,Indian Institute of Technology Hyderabad,"Interpretability, Controllable text generation, Dialog Systems",92.0,https://scholar.google.com/citations?hl=en&user=YbyzuEEAAAAJ
Ibtesham Tarannum,Indian Institute of Technology Hyderabad,"Molecular Magnetism, Actinides, Lanthanides, Coordination Chemistry, Computational Chemistry",92.0,https://scholar.google.com/citations?hl=en&user=ouxuoBIAAAAJ
Dr. Nalin Prashant Poddar,"Research Associate, Indian Institute of Technology Hyderabad, India","Physics, Material Science, Thin Films, Nanotechnology",91.0,https://scholar.google.com/citations?hl=en&user=Z3-RlZYAAAAJ
Anjana A Mahesh,"Indian Institute of Technology, Hyderabad",Coding Theory,91.0,https://scholar.google.com/citations?hl=en&user=DMbulGAAAAAJ
Nirupam Paul,IIT Hyderabad,"Analog & Mixed Signal IC Design, Uncooled Microbolometer, ROIC Design",90.0,https://scholar.google.com/citations?hl=en&user=6Yf4nNoAAAAJ
Tamanna Harihar Panigrahi,"IIT Hyderabad, Deakin University","Diffusion in metallic system, High Entropy Alloys, Advanced Characterisation",90.0,https://scholar.google.com/citations?hl=en&user=xzDwQJQAAAAJ
Sukesh Kumar,Indian Institute of Technology Hyderabad,Electrochemistry Actuator Polymer Density …,89.0,https://scholar.google.com/citations?hl=en&user=T7qVX5gAAAAJ
K Surya Shekar Reddy,Indian Institute of Technology Hyderabad,"Computational Mechanics, Phase Field Modeling, Dynamic Fracture",88.0,https://scholar.google.com/citations?hl=en&user=alChyv4AAAAJ
Md Abul Hasanath,"Doctoral Candidate, IIT Hyderabad Assistant Professor, Civil Engg., Dhaka International …","Environmental Engineering, Civil Engineering, Wastewater Treatment, Biofuel, Bioremediation",87.0,https://scholar.google.com/citations?hl=en&user=r8wV8MQAAAAJ
Prakash V. Ponugoti,IIT Hyderabad,"Heterogenous Reaction Engineering, Chemical Kinetics, Chemical Reactor Modeling",86.0,https://scholar.google.com/citations?hl=en&user=eomcPx4AAAAJ
Omair Shahid,IIT Hyderabad,"Inorganic Solid State and Materials Chemistry, X-ray Crystallography, Thermoelectric",86.0,https://scholar.google.com/citations?hl=en&user=LVd8WlgAAAAJ
KVSNL Manasa Priya,IIT Hyderabad,"Image Processing, Machine Learning",85.0,https://scholar.google.com/citations?hl=en&user=Q-2uXPAAAAAJ
Reeshma Rameshan,Post Doctoral Fellow @ IIT Hyderabad,,85.0,https://scholar.google.com/citations?hl=en&user=ZKndiQYAAAAJ
NITIN KUMAR SHARMA,"Post Doctoral Fellow, Center for Cryptography and Cybersecurity, IIT Hyderabad","Cryptology, Cryptography",83.0,https://scholar.google.com/citations?hl=en&user=NqQjaCwAAAAJ
Narasimha Kumar Cheraku,"Professor, Indian Institute of Technology Hyderabad",Algebraic Number theory,82.0,https://scholar.google.com/citations?hl=en&user=mjD84w0AAAAJ
Utkarsha Mahanta,"DST-INSPIRE Fellow, Indian Institute of Technology Hyderabad",Computational Biology,82.0,https://scholar.google.com/citations?hl=en&user=qSktj9UAAAAJ
Shubha Jain,IIT hyderabad,"Microfluidics, Lab-on-a-chip, Passive micromixer, Bio-chip, Neurodegenerative diseases",79.0,https://scholar.google.com/citations?hl=en&user=iKQYHUQAAAAJ
Vijay Ram,Indian Institute of Technology Hyderabad,"Artificial Intelligence, Machine learning, Deep learning, Gen AI, Statistics",79.0,https://scholar.google.com/citations?hl=en&user=HTjaWa4AAAAJ
Rupali Srivastava,IIT Hyderabad,"Drug delivery, Therapeutic application",79.0,https://scholar.google.com/citations?hl=en&user=SQ0AK7sAAAAJ
Dr. Neetu Tiwari,Indian Institute of Technology Hyderabad,"Experimental fluid mechanics, Computational fluid dynamics, Vortex induced vibrations, Non-Newtonian",77.0,https://scholar.google.com/citations?hl=en&user=Qp7JdbwAAAAJ
Syam Narayanan S,"Indian Institute of Technology,Hyderabad","Fluid Structure Interaction, Flapping MAV, Wind Turbine, Aerodynamics",77.0,https://scholar.google.com/citations?hl=en&user=-NfLiQMAAAAJ
Dr. GDV Santhosh Kumar,Indian Institute of Technology Hyderabad,"GaN HEMT, Flexible/Wearable Electronics, Sensors and Heterogeneous Integration, MEMS/NEMS, and Neuroprosthetic Interfaces",77.0,https://scholar.google.com/citations?hl=en&user=EKDO9VYAAAAJ
Mangalapalli Kamali,Indian Institute of Technology Hyderabad,"Heterogeneous catalysis, Biomass valorization, Lignin conversion",77.0,https://scholar.google.com/citations?hl=en&user=kDPeiQEAAAAJ
Harsha Gopal Agrawal,Indian Institute of Technology Hyderabad,Bioorganic Chemistry,77.0,https://scholar.google.com/citations?hl=en&user=S72z5XEAAAAJ
PB Natarajan,IIT Hyderabad,"VLSI Chip Designs, Hardware Security for IC/IP, Reverse Engineering of IC/IPs, Graph Neural Network",75.0,https://scholar.google.com/citations?hl=en&user=V4JYTtMAAAAJ
Kirti Kashyap,"Indian Institute of Technology, Hyderabad","Statistical Physics, Soft and Active matter Physics, Fluid Dynamics, Biological system modeling",75.0,https://scholar.google.com/citations?hl=en&user=3C0U7AcAAAAJ
Dr. Narnepati Krishna Chaitanya,"Post-doctoral researcher, IIT Hyderabad","Microbial electrosynthesis, Water and Wastewater Treatment",74.0,https://scholar.google.com/citations?hl=en&user=6HndMUUAAAAJ
Jayakumar Rajendran,"Indian Institute of Technology, Hyderabad","Microneedle, Nano drug delivery, Biomolecule stabilization, Vaccine delivery",74.0,https://scholar.google.com/citations?hl=en&user=qrppuE0AAAAJ
Ashish Mishra,"Asst. Professor, Computer Science, IIT Hyderabad","Programming Languages, Program Analysis, Verifictaion and Synthesis.",73.0,https://scholar.google.com/citations?hl=en&user=HiK5JeYAAAAJ
Mahima Sharma,Indian Institute of Technology Hyderabad,"Biophotonics, Polarization, Biomedical engineering, Biomedical Optics, Rehabilitation engineering",73.0,https://scholar.google.com/citations?hl=en&user=4SB5XOIAAAAJ
Deepak Kumar Pradhan,Indian Institute of Technology Hyderabad,"Operator theory, functional analysis",72.0,https://scholar.google.com/citations?hl=en&user=OQP2MmcAAAAJ
Arpita Singha,"Postdoctoral Fellow, Department of Physics, IIT Hyderabad","Material Science, Lead-free Piezoelectrics, Condense Matter Physics",72.0,https://scholar.google.com/citations?hl=en&user=iMcjsdAAAAAJ
Sanjana Sarkar,"Research Associate, Indian Institute of Technology Hyderabad",,72.0,https://scholar.google.com/citations?hl=en&user=ePZ6z1YAAAAJ
Adeeba Hakkim,Indian Institute of Technology Hyderabad,"Community/Social Psychology, Disaster mental health, Positive Psychology, Resilience",72.0,https://scholar.google.com/citations?hl=en&user=LP2bFCgAAAAJ
Monish Keswani,"Indian Institute of Technology, Hyderabad; Indian Institute of Science","Deep Learning, Computer Vision",71.0,https://scholar.google.com/citations?hl=en&user=b8b_eGUAAAAJ
Komal Goel,"Post Doctoral Research Associate , IIT Hyderabad",Organic synthesis.,71.0,https://scholar.google.com/citations?hl=en&user=yANkZvsAAAAJ
Khaleel Ahmed J. Dilshad,Indian Institute of Technology Hyderabad,"Batteries, electrode surface/interfaces",70.0,https://scholar.google.com/citations?hl=en&user=Ao53790AAAAJ
Gokula Nathan Kasinathan,Indian Institute of Technology Hyderabad,"Immunoisolation Strategies, Biomaterials, 3D Culture Systems, Cell and Molecular Biology and Cancer …",70.0,https://scholar.google.com/citations?hl=en&user=-m2DgFQAAAAJ
Deepali Pathak,Indian Institute of Technology Hyderabad,"RF Energy Harvesting, RFIC Design, Antennas",70.0,https://scholar.google.com/citations?hl=en&user=B3YZ4I0AAAAJ
Dr. S. Monisha,"Research Associate, Department of Physics, Indian Institute of Technology Hyderabad.","Nonlinear Dynamics, Integrable Systems, Positons",70.0,https://scholar.google.com/citations?hl=en&user=tmgQYn8AAAAJ
Deepak Joshi,IIT Hyderabad,"Signal Processing, Machine learning, Deep learning",68.0,https://scholar.google.com/citations?hl=en&user=dQtzij8AAAAJ
Palanivel Subha,Indian Institute of Technology Hyderabad,"Heterogeneous Catalysis, Nanomaterials, Biomass valorization, Organic synthesis",67.0,https://scholar.google.com/citations?hl=en&user=gGBbQjQAAAAJ
Sunil Kumar Singh,Indian Institute of Technology Hyderabad,"Microfluidics, CFD, Photocatalysis, Energy, Numerical simulation",66.0,https://scholar.google.com/citations?hl=en&user=HYXnWPoAAAAJ
Akash Tadwai,"Indian Institute of Technology, Hyderabad","ContinualLearning, Computer Networks",65.0,https://scholar.google.com/citations?hl=en&user=TdwmP_cAAAAJ
Dr. Debasmita Saha,"Indian Institute of Technology, Hyderabad","Bioimaging, Neuroscience, Cell and molecular biology",65.0,https://scholar.google.com/citations?hl=en&user=ewJn3aMAAAAJ
Subhra Shankha Bhattacherjee,Indian Institute of Technology Hyderabad,"Machine Learning, Deep Learning, AI",64.0,https://scholar.google.com/citations?hl=en&user=tHvGYyIAAAAJ
Asudeb Dutta,"Associate Professor, IIT Hyderabad",RFIC design,64.0,https://scholar.google.com/citations?hl=en&user=xHX4SkgAAAAJ
Vineet Gairola,"Indian Institute of Technology, Hyderabad","Psychology, Analytical Psychology, Positive Psychology, Qualitative Research, Cultural Psychology",64.0,https://scholar.google.com/citations?hl=en&user=j2uIy1oAAAAJ
Sabarigresan M,Indian Institute of Technology Hyderabad,,64.0,https://scholar.google.com/citations?hl=en&user=45vervgAAAAJ
Bhanjan Debnath,"DST-INSPIRE Faculty at IIT Hyderabad, SDSU, UCSD, IISc Bangalore","Complex fluids, Granular Flows, Biophysics",64.0,https://scholar.google.com/citations?hl=en&user=Ogj1nkYAAAAJ
Mohammed Abdulla,IIT Hyderabad,"composite, 3D printing, Additive manufacturing, Optimization",64.0,https://scholar.google.com/citations?hl=en&user=kzD8joUAAAAJ
Avinash Kumar Singh,"Indian Institute of Technology Hyderabad , India",Computational Neuroscience,63.0,https://scholar.google.com/citations?hl=en&user=F6jZZ3gAAAAJ
Chandan Bose,Indian Institute of Technology Hyderabad,Anthropology,63.0,https://scholar.google.com/citations?hl=en&user=pV78E4UAAAAJ
Pramod Kaddi,IIT Hyderabad,"Low Power Analog Integrated Circuit Design, Mixed Signal Design, Power Management Integrated Circuits, Device Modelling",63.0,https://scholar.google.com/citations?hl=en&user=O3HkvLEAAAAJ
Aswitha Tadepalli,IIT Hyderabad,"Machine Learning, Optimization",63.0,https://scholar.google.com/citations?hl=en&user=0Ix24XoAAAAJ
Sonali Srivastav,"Assistant Professor, Department of Design, IIT Hyderabad","Narratology, Film Studies, Communication, Pop Culture",62.0,https://scholar.google.com/citations?hl=en&user=1QFfPGkAAAAJ
Mahesh Podishetty,IIT Hyderabad,"Composites, Experimental Mechanics, Computational Mechanics",59.0,https://scholar.google.com/citations?hl=en&user=_C5tDlAAAAAJ
Dr. Mude Hanumananaik,IIT Hyderabad,Durability of Alkali activated binders,59.0,https://scholar.google.com/citations?hl=en&user=3AAo54MAAAAJ
Janaki Ramaiah V,Indian Institute of Technology Hyderabad,Power Electronics and Drives for EV …,59.0,https://scholar.google.com/citations?hl=en&user=FLvtRRMAAAAJ
Maria Francis,Indian Institute of Technology Hyderabad,"Computer Algebra, Groebner basis theory, Commutative Algebra, Cryptography",58.0,https://scholar.google.com/citations?hl=en&user=r5EduDsAAAAJ
Sai Eswar Garapati,IIT Hyderabad,"Deep Learning, Machine Learning, Data Science, Reinforcement learning, Artificial Intelligence",58.0,https://scholar.google.com/citations?hl=en&user=i4moY54AAAAJ
Dr. Sony K Cherian,Post-Doctoral Fellow @ IIT Hyderabad,"Electrochemical energy storage devices, Metal-sulfur batteries, Nanomaterials, Cathode",58.0,https://scholar.google.com/citations?hl=en&user=s06pnmsAAAAJ
Sujit Kumar Sahoo,"Department of Physics, IIT Hyderabad","BSM Physics, Cosmology, Dark Matter, Astroparticle Physics",58.0,https://scholar.google.com/citations?hl=en&user=UpsoOl0AAAAJ
Gogulapati Sreedurga,"Assistant Professor, Department of Artificial Intelligence, IIT Hyderabad","Computational Social Choice, Game Theory, Artificial Intelligence, Algorithm Design",57.0,https://scholar.google.com/citations?hl=en&user=6lKHUT0AAAAJ
Harish SA,Indian Institute of Technology Hyderabad,Security of Networked Systems,57.0,https://scholar.google.com/citations?hl=en&user=QjpPLvkAAAAJ
Kavit Nanavati,IIT Hyderabad,"Fuzzy Set Theory, Machine Learning, Recreational Mathematics",57.0,https://scholar.google.com/citations?hl=en&user=B16kz2wAAAAJ
Siva Shankar Kimidi,Indian Institute of Technology Hyderabad,"Open access publishing, Institutional repositories, Research Information Management System",56.0,https://scholar.google.com/citations?hl=en&user=MPD1VrUAAAAJ
LKSV PRASAD SALLANGI,IIT HYDERABAD,Modelling Hydrological Extremes,56.0,https://scholar.google.com/citations?hl=en&user=Jzs6AC0AAAAJ
pradipto banerjee,IIT Hyderabad,Number Theory,55.0,https://scholar.google.com/citations?hl=en&user=1P0EqDAAAAAJ
SM Garimella,Indian Institute of Technology Hyderabad,"Complex fluids Rheology, Applied Mathematics, Computational Fluid Dynamics, Machine Learning",55.0,https://scholar.google.com/citations?hl=en&user=5CzJOSoAAAAJ
K Ashok Kumar,Post Doctoral Fellow at Indian Institute of Technology Hyderabad (India),"Analysis of PDEs, Calculus of Variations, Isoperimetric Inequalities",55.0,https://scholar.google.com/citations?hl=en&user=7ov5G3sAAAAJ
Sreelakshmi P,Indian Institute of Technology Hyderabad,"Energy Storage, MXenes",55.0,https://scholar.google.com/citations?hl=en&user=NhJX4dcAAAAJ
Kaveti Pavan,Indian institute of Technology Hyderabad,,55.0,https://scholar.google.com/citations?hl=en&user=d09jeHvqTOgC
Gopika K,IIT Hyderabad,"Cosmology, Dark Matter, Galaxy Clusters, Galaxy Groups",55.0,https://scholar.google.com/citations?hl=en&user=uN_TWBUAAAAJ
Shilpi Chakraborty,Indian Institute of Technology Hyderabad,,54.0,https://scholar.google.com/citations?hl=en&user=4x8iolcAAAAJ
Gopendra Muduli,Indian Institute of Technology Hyderabad,"Organometallic chemistry, Luminescent material, Catalysis",54.0,https://scholar.google.com/citations?hl=en&user=pYI-IC8AAAAJ
Amlan Jyoti,Indian Institute of Technology Hyderabad,"Deep Learning, Model Generalization, Model Robustness, Explainability",53.0,https://scholar.google.com/citations?hl=en&user=yVb3kdgAAAAJ
Apoorva Bhatnagar,Indian Institute of Technology Hyderabad,"Circadian Biology, Circadian Therapeutics, Mood disorders",53.0,https://scholar.google.com/citations?hl=en&user=XdHH0TIAAAAJ
Aman Sharma,Indian Institute of Technology Hyderabad,"Architecture, Sustainable Development Goals (SDGs), Systems Thinking",52.0,https://scholar.google.com/citations?hl=en&user=HsEXwaYAAAAJ
Subal Danta,"Department of Liberal Arts, Indian Institute of Technology, Hyderabad","Industrial economics, Productivity and Efficiency Analysis",52.0,https://scholar.google.com/citations?hl=en&user=71M3_uwAAAAJ
Amit Tripathi,IIT Hyderabad,Algebraic geometry and commutative algebra,51.0,https://scholar.google.com/citations?hl=en&user=sgYwRJQAAAAJ
Kanchan Bisht,IIT Hyderabad,"Privacy preserving authentication, Cryptography, Lattice based Cryptography, Anonymous credentials",51.0,https://scholar.google.com/citations?hl=en&user=Z0OY_jEAAAAJ
Athmuri Durga Nandini,Indian Institute of Technology Hyderabad,"Microfluidics, Bioprinting",51.0,https://scholar.google.com/citations?hl=en&user=9HLlbhIAAAAJ
Ritesh K Pradhan,IIT Hyderabad,Neutrino Physics,51.0,https://scholar.google.com/citations?hl=en&user=XEMo7pIAAAAJ
Murali Manohar,"Post Doctoral Researcher, IIT Hyderabad",Cancer Biology,50.0,https://scholar.google.com/citations?hl=en&user=i6WjrTgAAAAJ
Shaik Mohammad Rafi B,IIT Hyderabad,"Speech Signal Processing, Deep Learning, Robotics",50.0,https://scholar.google.com/citations?hl=en&user=KPiiFEMAAAAJ
MONIRA PARVIN,"Indian Institute of Technology, Hyderabad","Cathode for Li-ion, Na-ion battery",50.0,https://scholar.google.com/citations?hl=en&user=4yhYwm8AAAAJ
Neeraj Kumar,Indian Institute of Technology Hyderabad,Commutative Algebra,49.0,https://scholar.google.com/citations?hl=en&user=JhiOtCkAAAAJ
Srija Vennam,"JRF, IIT Hyderabad","3D bioprinting, Regeneration medicine, Tissue Engineering, 3D printing",49.0,https://scholar.google.com/citations?hl=en&user=h-Y0UikAAAAJ
Jagadeesh Mahadevan,"Indian institute of Technology Hyderabad, Swinburne University of Technology","Biochemical Engineering, Polymer microcarriers, insect cell protein expression",47.0,https://scholar.google.com/citations?hl=en&user=R4_Q3iAAAAAJ
Santhoshkumar Shanmugam,"Technical Superintendent, EE Dept,  IIT Hyderabad","Power Electronics, Inverters & converters in Drives, Welding & Cutting systems, EV & Renewables.",47.0,https://scholar.google.com/citations?hl=en&user=jItarnIAAAAJ
Narendra Nath Ghosh,Indian Institute of Technology Hyderabad,"Wide-band LNA, CMOS Receiver, SAW-less Receiver, passive Mixer, Active mixer",46.0,https://scholar.google.com/citations?hl=en&user=3ZTVJ3EAAAAJ
Sivanandan Kavuri,IIT Hyderabad,"Freezing, Evaporation, Thin film theory, Drop hydrodynamics, Multiphase flows",46.0,https://scholar.google.com/citations?hl=en&user=KsuKwFIAAAAJ
Vinith Kumar K,"Indian Institute of Technology, Hyderabad","Biopolymers, Material science, Phyto-drugs, Nutraceuticals",46.0,https://scholar.google.com/citations?hl=en&user=rAbhh50AAAAJ
Divyasri Ramasamy,Indian Institute of Technology Hyderabad,"Biomaterials, Thin film deposition Surface modification of …",45.0,https://scholar.google.com/citations?hl=en&user=FzDRrvIAAAAJ
NITESH KUMAR PODH,"Prime minister's Research Fellow(PMRF), IIT HYDERABAD","cancer biology, Chromosome dynamics and gene regulations, Single molecule imaging",44.0,https://scholar.google.com/citations?hl=en&user=hzYeqDRCxfQC
Aardra Surendran,"Assistant Professor, Department of Liberal Arts, IIT Hyderabad","Labour, Gender, Inequality, Development, Public Policy",43.0,https://scholar.google.com/citations?hl=en&user=KVR8A2QAAAAJ
Ramkumar Balaji,"Department of Biotechology, Indian Institute of technology - Hyderabad","Biochemistry, Protein Misfolding, Bioinformatics",43.0,https://scholar.google.com/citations?hl=en&user=pLUh25MAAAAJ
Arun Kashyap,"Senior Research Fellow, Environmental Engineering Division, IIT Hyderabad, India","AMR Dynamics, Environmental Microbiology, ARGs, Wastewater Treatment",42.0,https://scholar.google.com/citations?hl=en&user=OEymYK4AAAAJ
Kokila GN,Indian Institute of Technology Hyderabad,"Electrochemical Biosensor, Bacteria Detection, Microfluidic Device",42.0,https://scholar.google.com/citations?hl=en&user=ZlckU14AAAAJ
Sasi Vinay Pechetti,Indian Institute of Technology Hyderabad,"Physical Layer Security, MIMO, Wireless Communication",41.0,https://scholar.google.com/citations?hl=en&user=0B1reI8AAAAJ
Bhakti Bhusan Manna,IIT Hyderabad,"PDE, Variational methods, Geometric analysis",40.0,https://scholar.google.com/citations?hl=en&user=TD_NnTUAAAAJ
Saad Mustafa Rizvi,"Masters in Energy Science and Technology, IIT Hyderabad","Renewable Energy Systems, Battery Technology, Smart Grid Simulation",40.0,https://scholar.google.com/citations?hl=en&user=eL2JW6cAAAAJ
Mridula Choudhary,"Indian Institute of Technology, Hyderabad","DFT, computational catalysis",40.0,https://scholar.google.com/citations?hl=en&user=snd2EvoAAAAJ
Ravi Kumar Medabalimi,Indian Institute of Technology Hyderabad,"Data Science, Fintech.",40.0,https://scholar.google.com/citations?hl=en&user=WOfrm6QAAAAJ
charul gupta,Indian Institute of Technology Hyderabad,"Interfacial Flows, Cavitation, Geophysical Fluid Dynamics",40.0,https://scholar.google.com/citations?hl=en&user=yhMn-ZQAAAAJ
Nitin Agarwal,"Indian Institute of Technology, Hyderabad","Software Defined Networks, Computer Networks, Algorithms and Big Data",39.0,https://scholar.google.com/citations?hl=en&user=cARdvncAAAAJ
Mohammad Shahid,IIT Hyderabad,"Typography, Visual culture, Visual Branding, design research",39.0,https://scholar.google.com/citations?hl=en&user=qHhT1kkAAAAJ
Rajeev ranjan,IIT Hyderabad,Environmental Engineering,39.0,https://scholar.google.com/citations?hl=en&user=pW6-_dEAAAAJ
Dibyendu Barik,Indian Institute of Technology Hyderabad,"Electrochemistry, Energy storage",39.0,https://scholar.google.com/citations?hl=en&user=ioJPN4QAAAAJ
Siddharth Shrivastava,Indian Institute of Technology Hyderabad,"Responsible AI, Strategic Learning, Generative Modeling",37.0,https://scholar.google.com/citations?hl=en&user=NdIEs-YAAAAJ
Siddharth Shrivastava,IIT Hyderabad,"Mathematics, Machine Learning, Robustness, Causal Inference, Generative Modelling",37.0,https://scholar.google.com/citations?hl=en&user=GzKTH70AAAAJ
Manaswini Piduguralla,Indian Institute of Technology Hyderabad,"parallel computing, distributed systems, Blockchain, Machine leaning, Federated Learning",36.0,https://scholar.google.com/citations?hl=en&user=LS6piaQAAAAJ
Shubham Bhoi,IIT Hyderabad,"Energy storage, Multivalent, MXene",36.0,https://scholar.google.com/citations?hl=en&user=0DE7W6gAAAAJ
Pramit Sahoo,Indian Institute of Technology Hyderabad,"Machine Translation, Natural Language Processing, Large Language Models",36.0,https://scholar.google.com/citations?hl=en&user=kYwHywgAAAAJ
Naveen George,Indian Institute of Technology Hyderabad,"Machine Unlearning, Generative AI",35.0,https://scholar.google.com/citations?hl=en&user=-Uy_GTMAAAAJ
Gyanesh Shukla,Indian Institute of Technology Hyderabad,"Natural product discovery, Genome mining, Microbial secondary metabolites",35.0,https://scholar.google.com/citations?hl=en&user=gguqh6oAAAAJ
Supriya Dilip Tambe,IIT Hyderabad,"Cloud Computing, Edge Computing, 5G",34.0,https://scholar.google.com/citations?hl=en&user=K4OFYEEAAAAJ
Raviteja Golakoti,Indian Institute of Technology Hyderabad,,34.0,https://scholar.google.com/citations?hl=en&user=OWfjKeMAAAAJ
Vishal Sawant,"Assistant Professor, IIT Hyderabad","Control Systems, Multi-agent Systems, Autonomous Motion Planning, Cyber-Physical Security",34.0,https://scholar.google.com/citations?hl=en&user=_xPGClkAAAAJ
Dr. Sivasubramani PA,IIT Hyderabad,"Concrete Technology, Cenospheres, Phase Change Materials, Energy Efficient Buildings",34.0,https://scholar.google.com/citations?hl=en&user=JIdLbXMAAAAJ
Deepu Raj R,IIT Hyderabad,"Cloud Computing, SDN, Distributed Computing, Machine Learning",33.0,https://scholar.google.com/citations?hl=en&user=oaE2wIsAAAAJ
Vineeth Ravulapalli,"Indian Institute of Technology, Hyderabad","Solid Mechanics, Instability, FEM, Experimental Mechanics",33.0,https://scholar.google.com/citations?hl=en&user=FXdVQHoAAAAJ
Ananya,"Deaprtment of biotechnology, IIT Hyderabad",,33.0,https://scholar.google.com/citations?hl=en&user=5xFdGLkAAAAJ
Shikshit Nawani,Indian Institute of Technology Hyderabad,"Aerospace Engineering, Thermoacoustics, Data-driven methods",32.0,https://scholar.google.com/citations?hl=en&user=8cebtmIAAAAJ
DEEPAK KUMAR SONI,"Indian Institute of Technology, Hyderabad","Power system, Dynamic modeling and control, VSG for renewable driven power system",32.0,https://scholar.google.com/citations?hl=en&user=C0yeKOcAAAAJ
Md Khalid Hossain,"Department of Physics, IIT Hyderabad","General Relativity, Cosmology, Astrophysics",32.0,https://scholar.google.com/citations?hl=en&user=3Nuv_IEAAAAJ
bikram khandai,IIT Hyderabad,"Real-time Monitoring, Laser Material Processing",32.0,https://scholar.google.com/citations?hl=en&user=nRby0iUAAAAJ
Mive Yasmin,Indian Institute of Technology Hyderabad,"Spin-polarized electrocatalysis, CISS effect",32.0,https://scholar.google.com/citations?hl=en&user=NJxK1LIAAAAJ
Soumita Chel,Research Fellow IIT Hyderabad,"Machine Learning, Cluster Analysis, Statistical Analysis, Cell Biology, Cancer Genomics",31.0,https://scholar.google.com/citations?hl=en&user=-Mt9YhQAAAAJ
Delwyn Remedios,Indian Institute of Technology Hyderabad,"Design, Cinematic Virtual Reality, Animation, Illustration, Comics",31.0,https://scholar.google.com/citations?hl=en&user=945mDoUAAAAJ
Swetha Maredi,IIT Hyderabad,Lanthanide luminescence,31.0,https://scholar.google.com/citations?hl=en&user=u7r8hFMAAAAJ
Ranjithkumar Madheswaran,Indian Institute of Technology Hyderabad,"Structural Fire Engineering, Cold-formed steel, Design of Connections, Experimental methods",31.0,https://scholar.google.com/citations?hl=en&user=cujolbYAAAAJ
Lakshmi Elangovan,IIT Hyderabad,"Urban water management, Remote sensing and GIS",30.0,https://scholar.google.com/citations?hl=en&user=x7QTIwUAAAAJ
Sushant Dave,IIT Hyderabad,Machine Learning,30.0,https://scholar.google.com/citations?hl=en&user=yE-clIMAAAAJ
Sandip Jana,"Indian Institute of Technology, Hyderabad","Wireless Communication, Sensing and Localization, Radar Signal Processing, B5G technologies, AI/ML",30.0,https://scholar.google.com/citations?hl=en&user=-9DI_5UAAAAJ
Shobhit Das,"Indian Institute of Technology, Hyderabad","Microfluidics, Droplet, Fiber Laden Droplet, Lab-on-a-Chip",30.0,https://scholar.google.com/citations?hl=en&user=AmpuErEAAAAJ
Ishita Paul,IIT Hyderabad,"Organometallic, synthesis and catalysis",30.0,https://scholar.google.com/citations?hl=en&user=tO6uh00AAAAJ
Pappu Kumar Mourya,IIT Hyderabad,"Linear and  nonlinear stability analysis, Convection",30.0,https://scholar.google.com/citations?hl=en&user=bVeLUDcAAAAJ
Sumitra Malagi,"Indian Institute of Technology, Hyderabad","Computer Vision, Natural Language Processing",29.0,https://scholar.google.com/citations?hl=en&user=SCaqcNYAAAAJ
Arthiya SE,INDIAN INSTITUTE OF TECHNOLOGY HYDERABAD,Thermoelectrics,29.0,https://scholar.google.com/citations?hl=en&user=QXW2QPMAAAAJ
Sahil Islam,"Indian Institute of Technology, Hyderabad","Developmental Biophysics, Cell Mechanics, Ecology",28.0,https://scholar.google.com/citations?hl=en&user=CV8K1IsAAAAJ
Ishu Priya,Indian Institute of Technology Hyderabad,"Deep Learning, Computer Vision, Medical Image Processing, Federated Learning",28.0,https://scholar.google.com/citations?hl=en&user=F87rL9UAAAAJ
vikram cherala,Indian Institute of technology Hyderabad,smart grids,27.0,https://scholar.google.com/citations?hl=en&user=a3U2HzEAAAAJ
Swati Madaan,Indian Institute of Technology Hyderabad (IITH),"Solid state material synthesis, Crystallography, SCXRD, Thermoelectric",27.0,https://scholar.google.com/citations?hl=en&user=_Yv2TmYAAAAJ
Hari Govindha A,IIT Hyderabad,,27.0,https://scholar.google.com/citations?hl=en&user=XpxhMigAAAAJ
Bharathy Jacob,Indian Institute of Technology Hyderabad,"Photonics, Metasurface, Beam Engineering, Diffractive Neural Networks",27.0,https://scholar.google.com/citations?hl=en&user=15P2xPcAAAAJ
Debabrata Giri,Indian institute  of technology Hyderabad,Total synthesis of carbohydrate based natural …,26.0,https://scholar.google.com/citations?hl=en&user=R6jchxEAAAAJ
Deewan S. Teja,IIT Hyderabad,"Computational Electrochemical Interface, Molecular Dynamics simulation, Grand canonical DFT",26.0,https://scholar.google.com/citations?hl=en&user=7RR65fQAAAAJ
Anupoju Venkata Naga Sai Swathi Kiran,IIT Hyderabad,"Impact Mechaincs, Dynamic testing of plates",26.0,https://scholar.google.com/citations?hl=en&user=Tn9TxRAAAAAJ
Satheesh K Telagamsetti,Technical Officer - IIT Hyderabad,"Solar PV products, Solar off-grid systems, Electric Vehicles, Solar Cooking, Solar PV Cooking",25.0,https://scholar.google.com/citations?hl=en&user=PnPrswkAAAAJ
Manoj Kumar VK,"Indian Institute of Technology, Hyderabad","Data Privacy, Post Quantum Cryptography, Cybersecurity, Machine Learning",25.0,https://scholar.google.com/citations?hl=en&user=tpVhzlkAAAAJ
Aditya Koppula,Indian Institute of Technology Hyderabad,Neuroscience,25.0,https://scholar.google.com/citations?hl=en&user=3WyOBOIAAAAJ
Neha Mishra,Indian Institute of Technology Hyderabad,"High entropy materials, Electrocatalysts, HER, OER, water-splitting",25.0,https://scholar.google.com/citations?hl=en&user=nmOxLOwAAAAJ
Sairam Manchineela,"Senior Technical Superintendent, Dept of Biomedical Engineering, IIT Hyderabad",,24.0,https://scholar.google.com/citations?hl=en&user=ug-qCfMAAAAJ
Prithvi Sangani,"Indian Institute of Technology, Hyderabad","Impact loading, Condition assessment, hollow steel tubular columns",24.0,https://scholar.google.com/citations?hl=en&user=JWtR9osAAAAJ
Priyanka Sharad Ninawe,IIT Hyderabad,"Additive manufacturing, Powder Metallurgy, ODS Alloys",24.0,https://scholar.google.com/citations?hl=en&user=DZuyB1MAAAAJ
Rajesh Kumar Sethi,"Indian Institute of Technology, Hyderabad","Plasma chemistry, C1 conversion, Plasma catalysis",24.0,https://scholar.google.com/citations?hl=en&user=HSwGMEcAAAAJ
Anagha Gopinath,Indian Institute of Technology Hyderabad,"2D TMDs, Exciton Physics, Scanning Probe Microscopy, Chemical Vapor Deposition, DFT",24.0,https://scholar.google.com/citations?hl=en&user=hvbWkAIAAAAJ
Ritesh Kumar,Indian Institute of Technology Hyderabad,"Communication System, Information Theory, Coding Theory",23.0,https://scholar.google.com/citations?hl=en&user=r7ssBPQAAAAJ
Sourjya Banerjee,"Assistant professor at Indian Institute of Technology, Hyderabad","Commutative Algebra, Algebraic Geometry, K-Theory",23.0,https://scholar.google.com/citations?hl=en&user=LN5WtUMAAAAJ
Prema  Naittee George,"MPhil Psycho-oncology, Doctoral Research candidate IIT Hyderabad","Psycho-oncology, cancer survivorship, Palliative care, Quality of life",23.0,https://scholar.google.com/citations?hl=en&user=hlz-AZoAAAAJ
Arun Rao Karimindla,Indian Institute of Technology Hyderabad,"Agriculture water management, irrigation",23.0,https://scholar.google.com/citations?hl=en&user=nraEtfwAAAAJ
Mrunmayee Shiradhonkar,"Indian Institute of Technology, Hyderabad","Computational Mechanics, Phase-field Approach, Cohesive Zone Modeling",23.0,https://scholar.google.com/citations?hl=en&user=KJFBljIAAAAJ
Ronit Ganguly,IIT Hyderabad,"Polymers, Energy Harvesting, Sensors",21.0,https://scholar.google.com/citations?hl=en&user=Y__oxP0AAAAJ
Manya Pal,IIT HYDERABAD,"Electrochromic device, viologens, conducting polymers",21.0,https://scholar.google.com/citations?hl=en&user=dcXUjQ8AAAAJ
Simran Sharma,"IIT Hyderabad (Indian Institute of Technology, Hyderabad)","Artificial Intelligence in Heathcare, Bioinformatics",21.0,https://scholar.google.com/citations?hl=en&user=D4hM34YAAAAJ
Kirti Garg,"Indian Institute of Technology, Hyderabad","Biopolymers, Chromatin dynamics and gene regulation, Single molecule imaging",21.0,https://scholar.google.com/citations?hl=en&user=kaRx5lsAAAAJ
Rashmi Kumari,IIT Hyderabad,"ECG/PPG, Sleep Apnea and Stages, AI/ML, FPGA, Hardware",21.0,https://scholar.google.com/citations?hl=en&user=l69UcZ4AAAAJ
Mangesh D. Ratolikar,Indian Institute of Technology Hyderabad,"Multibody Dynamics, Robotics, Reinforcement Learning",20.0,https://scholar.google.com/citations?hl=en&user=Gt35MGEAAAAJ
Krishn V. Kher,"Indian Institute of Technology, Hyderabad",,20.0,https://scholar.google.com/citations?hl=en&user=590VrrkAAAAJ
Komal Srivastava,IIT Hyderabad,Solid state chemistry,20.0,https://scholar.google.com/citations?hl=en&user=OJ_mVHMAAAAJ
saptarshi pathak,IIT Hyderabad,"III-V Semiconductor, RF modeling, Physical modeling, TCAD and EM simulatio growth of epitaxial …",19.0,https://scholar.google.com/citations?hl=en&user=6QIl2xkAAAAJ
Arvind Roshaan,IIT Hyderabad,"Machine Learning, Deep Learning, Natural Language Processing",18.0,https://scholar.google.com/citations?hl=en&user=kysdGSQAAAAJ
Arjun V Anand,"BCG, Adobe Inc., IIT Hyderabad",Computing methodologies,18.0,https://scholar.google.com/citations?hl=en&user=2wxDE-kAAAAJ
Arka Jyoti Roy,IIT Hyderabad,"Nanoparticles, Plasmonics, Biomaterials",18.0,https://scholar.google.com/citations?hl=en&user=z-za0KkAAAAJ
Sowrya Gali,Indian Institute of Technology Hyderabad,"Machine Learning, Deep Learning, Robustness, Security of AI, Trustworthy ML",18.0,https://scholar.google.com/citations?hl=en&user=VqIsirsAAAAJ
Tarun Gupta,"Indian Institute of Technology ,Hyderabad","electrical, vlsi, soc, verification, deep learning",18.0,https://scholar.google.com/citations?hl=en&user=sTq81swAAAAJ
Mahima John Horta,Indian Institute of Technology Hyderabad,"Contaminant transport, porous media, microfluidics",18.0,https://scholar.google.com/citations?hl=en&user=88GaPb0AAAAJ
Praveen Sai,IIT Hyderabad,"Wireless Communication, Coding Theory",18.0,https://scholar.google.com/citations?hl=en&user=V9CE-T4AAAAJ
SOURISH CHATTERJEE,"Indian Institute of Technology, Hyderabad","Artificial Intelligence, Wireless Networks, DBMS",18.0,https://scholar.google.com/citations?hl=en&user=oyFNLrEAAAAJ
Ananda Krishnan,IIT Hyderabad,"Resilience, mental health",18.0,https://scholar.google.com/citations?hl=en&user=8qgKwBkAAAAJ
Dhruba Jyoti Mech,Indian Institute of Technology Hyderabad,"Computational modeling, Biomechanics, FEA",17.0,https://scholar.google.com/citations?hl=en&user=XUdfwscAAAAJ
Jitender Jangra,Indian Institute of Technology- Hyderabad,,17.0,https://scholar.google.com/citations?hl=en&user=wYIniMEAAAAJ
Chaitanya Raj,"Indian Institute of Technology, Hyderabad","Climate Extremes, Hydrology, Hydro-Climatology",17.0,https://scholar.google.com/citations?hl=en&user=drV_28oAAAAJ
Ankita Roy,"Assistant Professor, Department of Design, Indian Institute of Technology, Hyderabad","Ancient Scripts, UX-UI, Graphic Design, Publication Design",16.0,https://scholar.google.com/citations?hl=en&user=bINKeyIAAAAJ
Pradeep Kumar Yadav,IIT Hyderabad,AI in healthcare,16.0,https://scholar.google.com/citations?hl=en&user=EutPQ2QAAAAJ
Shantanu Das,"Indian Institute of Technology, Hyderabad","Probability, Deep Learning, Causality, Fairness in ML",16.0,https://scholar.google.com/citations?hl=en&user=STl0vuUAAAAJ
RAJ Gupta,IIT Hyderabad,,16.0,https://scholar.google.com/citations?hl=en&user=oQ6aJRQAAAAJ
Swapnil Ashok Patil,Doctoral Researcher IIT Hyderabad,"Fracture Mechanics, Fatigue Fracture, Computational Mechanics, Bio-mechanics",15.0,https://scholar.google.com/citations?hl=en&user=sBlBa-8AAAAJ
Mukesh Kumar,"Postdoctoral Fellow, IIT Hyderabad","Optics & Photonics, Beam combination systems, Atmospheric modelling, Beam generation and propagation",15.0,https://scholar.google.com/citations?hl=en&user=nxObMUQAAAAJ
Vanlal Rinfela ( ORCID 0009-0002-7984-2624),Indian Institute of Technology Hyderabad,"Terahertz Photonics, Metamaterials, Terahertz Spectroscopy, Ultrafast Photonics, Metaphotonics",15.0,https://scholar.google.com/citations?hl=en&user=-FpSgawAAAAJ
Vanlalrinfela,Indian Institute of Technology Hyderabad,"M/Nems, Reconfigurable MEMS Terahertz, Metamaterials, Terahertz Spectroscopy, Tera-Nano Photonics",15.0,https://scholar.google.com/citations?hl=en&user=x_tRotYAAAAJ
Abhishar Sinha,Indian Institute of Technology Hyderabad,"Machine Learning, Deep Learning, Artificial Intelligence",14.0,https://scholar.google.com/citations?hl=en&user=Bt2mWwEAAAAJ
PRITI PRASANNA MONDAL,"Post Doctoral Fellow, IIT Hyderabad, India","Spectral graph Theory, Linear Algebra, Matrix Analysis",14.0,https://scholar.google.com/citations?hl=en&user=pfFNG5YAAAAJ
NIKITHA LOHIA,"Indian Institute of Technology, Hyderabad",,14.0,https://scholar.google.com/citations?hl=en&user=EH1hn9kAAAAJ
UDAYA KUMAR AMBATI,IIT Hyderabad,"Domain Adaptation, Medical imaging",14.0,https://scholar.google.com/citations?hl=en&user=R5Blu5AAAAAJ
Vaibhav Garg,M. Tech. from Indian Institute of Technology Hyderabad,,13.0,https://scholar.google.com/citations?hl=en&user=NHuEKLcAAAAJ
Vigneshwaran Gurunadan,Indian Institute of Technology Hyderabad,Biomedical Genetics,13.0,https://scholar.google.com/citations?hl=en&user=r837IR4AAAAJ
NARISE VENKATESH,IIT Hyderabad,"Additve manufacturing, Process modeling of LPBF",13.0,https://scholar.google.com/citations?hl=en&user=AQ1Y-QYAAAAJ
Yuvraj Makkena,"Research Fellow, IIT Hyderabad","Networks, Cloud, Security and ML.",13.0,https://scholar.google.com/citations?hl=en&user=lUfavW4AAAAJ
Mohammed Arif Khan,"Indian Institute of Technology, Hyderabad","Drug delivery, Wound care, Nanoscience, Microbiology",13.0,https://scholar.google.com/citations?hl=en&user=TWoRfX8AAAAJ
Vidya Gopal TV,Indian Institute of Technology Hyderabad,"Acoustic signal Processing, Biomedical signal processing, Machine Learning, Deep Learning",13.0,https://scholar.google.com/citations?hl=en&user=ZidjCZcAAAAJ
Manusmriti Agarwal,IIT Hyderabad,"Neuroscience, Immunology, Genomics",13.0,https://scholar.google.com/citations?hl=en&user=yk3ncswAAAAJ
T Naaraayanan,"Senior Technical Officer, Dept. of Physics, IIT Hyderabad","Heusler alloy, Magnetic Materials, Thin films",12.0,https://scholar.google.com/citations?hl=en&user=CsVXC2MAAAAJ
FATHIMA SHAJAHAN,"Department of Biomedical engineering, Indian Institute of Technology, Hyderabad","Dentistry, Biomedical engineering",12.0,https://scholar.google.com/citations?hl=en&user=lFh2TXMAAAAJ
Bhanu Teja Korra,"Indian Institute of Technology, Hyderabad",Epigenomics,12.0,https://scholar.google.com/citations?hl=en&user=DdlZki8AAAAJ
Praveen Pratap Singh,Indian Institute of Technology Hyderabad,Combustion Modelling,12.0,https://scholar.google.com/citations?hl=en&user=WafbWV8AAAAJ
Tatyaso Garande,Indian Institute of Technology Hyderabad,"CPFEM, Artificial Intelligence",12.0,https://scholar.google.com/citations?hl=en&user=RD4b_m4AAAAJ
Suhail Zargar,"Indian Institute of Technology Hyderabad, GE HealthCare","Medical Imaging, Molecular Imaging",11.0,https://scholar.google.com/citations?hl=en&user=q-9qUA4AAAAJ
Vaibhav Phad,IIT Hyderabad,"Medical Imaging, Medical Devices",11.0,https://scholar.google.com/citations?hl=en&user=ESVQ7McAAAAJ
Nilesh Rajendra Shah,Indian Institute of Technology Hyderabad,"Compilers, Optimizations, Computer Architecture",11.0,https://scholar.google.com/citations?hl=en&user=GEozgx0AAAAJ
Pothukuchi Sarika,IITH,Road Safety  Interchange Safety,11.0,https://scholar.google.com/citations?hl=en&user=L2-77EMAAAAJ
Prateek Agrawal,Research Engineer (DL/ML) at SenseHealth || Research Fellow IIT Hyderabad,"AI/ML in Healthcare, Deep Learning, Computer Vision",11.0,https://scholar.google.com/citations?hl=en&user=DF7oqGcAAAAJ
Yuvateja Thotamalla,"Alumni of Indian Institute of Technology, Hyderabad",,11.0,https://scholar.google.com/citations?hl=en&user=bq6ecBIAAAAJ
Nilanjana Ghosal,Indian Institute of Technology Hyderabad,"Religion in Contemporary American Fiction, Contemporary Gothic Studies, Women's Literature and Feminist Theory",10.0,https://scholar.google.com/citations?hl=en&user=wjfxWhYAAAAJ
Saipriya SR,Indian Institute of Technology Hyderabad,"Hydroclimatology, Urban floods, Climate Change, Statistics, Large-scale climate patterns",10.0,https://scholar.google.com/citations?hl=en&user=IcRUV8YAAAAJ
Anuradha Uggi,Indian Institute of Technology Hyderabad,Computer Vision,10.0,https://scholar.google.com/citations?hl=en&user=BAoLBSEAAAAJ
Dr. Jaya Sharma,dr.jayasharma@alumni.iith.ac.in,"Computer vision, AI/ML, Deep Learning, Video Surveillance Analytics  Remote sensing …",10.0,https://scholar.google.com/citations?hl=en&user=T5ndD5gAAAAJ
Johan Sharma,IIT Hyderabad,"Plasma simulation, Solar wind turbulence, Space plasma, High Performance Computing (HPC)",10.0,https://scholar.google.com/citations?hl=en&user=bHkdY6MAAAAJ
Madhumitha Venkatesh,Indian Institute of Technology Hyderabad,"Computer Vision, Deep Learning, Explainability, Medical Image Analysis",10.0,https://scholar.google.com/citations?hl=en&user=gFYiQNkAAAAJ
Aashish Singh,"Department of AI, IIT Hyderabad","Artificial Intelligence, Machine Learning",9.0,https://scholar.google.com/citations?hl=en&user=e5ofzLYAAAAJ
Ajeya Mandikal,"Indian Institute of Technology, Hyderabad",Computer Vision,9.0,https://scholar.google.com/citations?hl=en&user=-vTP7yEAAAAJ
Seshikanth Varma,IIT Hyderabad,"Graph theory, Algorithms, Machine Learning",9.0,https://scholar.google.com/citations?hl=en&user=fWn-JzgAAAAJ
Gowri Padmaja Majji,IIT Hyderabad,"Compressible flows, Fluid Mechanics, Turbulent flows, Holography",9.0,https://scholar.google.com/citations?hl=en&user=C2JbLXAAAAAJ
Samikshya Sahoo,Indian Institute of Technology Hyderabad,,9.0,https://scholar.google.com/citations?hl=en&user=HIAceq0AAAAJ
Ajay Immanuel Gonji,Indian Institute of Technology Hyderabad (IITH),"Urban Ecology, Political Ecology, Human-animal Studies, Animal Behaviour",9.0,https://scholar.google.com/citations?hl=en&user=PodIL7UAAAAJ
Arpit Jain,"IIT Hyderabad, Synopsys Hyderabad","Place and Route, EDA, VLSI + AI, automation, standard cell layout",8.0,https://scholar.google.com/citations?hl=en&user=Zolj6osAAAAJ
Meenu TS,IIT Hyderabad,"tissue engineering, Biomaterials, 3D bioprinting, Embedded bioprinting",8.0,https://scholar.google.com/citations?hl=en&user=hNv-SrgAAAAJ
S Suprabath Reddy,"Indian Institute of Technology, Hyderabad","Deep Learning, Machine Learning, NLP, Prediction Systems",8.0,https://scholar.google.com/citations?hl=en&user=lSAXZAkAAAAJ
Patel Heetkumar,"Indian Institute of Technology, Hyderabad","Network, Cyber Security, AI for Cyber Security",8.0,https://scholar.google.com/citations?hl=en&user=X9T97vQAAAAJ
Zarka Bashir,"Indian Institute of Technology, Hyderabad","Federated Learning, Continual Learning, Computer Vision",8.0,https://scholar.google.com/citations?hl=en&user=Y75XhhcAAAAJ
Pabbithi Bharathnaveen,"Indian Institute of Technology, Hyderabad","Systems biology, Molecular biology, Cancer biology",8.0,https://scholar.google.com/citations?hl=en&user=hGu1ctYAAAAJ
Deeshant Sharma,Indian Institute of Technology Hyderabad,"Wireless, 5G, 6G, RF",8.0,https://scholar.google.com/citations?hl=en&user=JR4CRHwAAAAJ
Jaysheel Golani,IIT Hyderabad,"Deep Learning, Machine Learning",8.0,https://scholar.google.com/citations?hl=en&user=8quyD08AAAAJ
Aditya Pola,"Indian Institute of Technology, Hyderabad","Interpretability, Multimodal LLMs, VLAs",8.0,https://scholar.google.com/citations?hl=en&user=gzhFqqwAAAAJ
Haet Desai,IIT Hyderabad,"Resource Recovery, Critical Minerals Recovery, Environmental Contamination and Toxicology",8.0,https://scholar.google.com/citations?hl=en&user=cPg-EC0AAAAJ
VINOD KUMAR BURRAGONI,Indian Institute of Technology Hyderabad,,7.0,https://scholar.google.com/citations?hl=en&user=nEjnIdsAAAAJ
Rucmenya Bessariya,IIT Hyderabad,"Gamification, Interaction Design, Information Architecture, UX writing",7.0,https://scholar.google.com/citations?hl=en&user=LyG5ZlQAAAAJ
Jaimin Chodvadiya,"Indian Institute of Technology, Hyderabad","Evolution, Microbial genomics, Computational Biology",7.0,https://scholar.google.com/citations?hl=en&user=RhaD204AAAAJ
Vishnuprasadh Kumaravelu,Indian Institute of Technology Hyderabad,Deep Learning,7.0,https://scholar.google.com/citations?hl=en&user=LGJaD-UAAAAJ
Khushnuma Wasi,Indian Institute of Technology Hyderabad,"Competitiveness, Strategic Management, Startup",7.0,https://scholar.google.com/citations?hl=en&user=cG_B5LAAAAAJ
Naman Chhibbar,"Bachelor of Technology, Indian Institute of Technology Hyderabad","Natural Language Processing, Computer Vision",7.0,https://scholar.google.com/citations?hl=en&user=o_EDkDcAAAAJ
Yashavant Jeph,IIT HYDERABAD,biotechnology,7.0,https://scholar.google.com/citations?hl=en&user=hWwy7HsAAAAJ
Akriti Kumari,Indian institute of technology Hyderabad,,7.0,https://scholar.google.com/citations?hl=en&user=JwRncvAAAAAJ
Adith Deva Kumar,Doctor of Philosophy in Cognitive Science at IIT Hyderabad,"Motor Learning, Attention, Neurophysiology, Neuromodulation, Sleep",7.0,https://scholar.google.com/citations?hl=en&user=4t2bPMYAAAAJ
Mahroosa Qurashi,"Prof. Ch. Subrahmanyam, IIT hyderabad","hydrogen production, catalysis, photovoltaics, energy storage",7.0,https://scholar.google.com/citations?hl=en&user=cktAfiEAAAAJ
Syamjith KS,"Researcher, IIT Hyderabad","Softmatter, Light scattering, Polymer physics",7.0,https://scholar.google.com/citations?hl=en&user=MqeAOr0AAAAJ
ASGHAR HUSAIN,Indian Institute of Technology Hyderabad,"Spintronics, Magnetism, Condensed Matter Physics, Thin Magnetic Films",7.0,https://scholar.google.com/citations?hl=en&user=b7ttJr0AAAAJ
Prabhath Chellingi,Indian Institute of Technology hyderabad,"Quantization, transfer learning, LLM architectures",7.0,https://scholar.google.com/citations?hl=en&user=uSvmwYMAAAAJ
Datta Nimmaturi,IIT Hyderabad,,7.0,https://scholar.google.com/citations?hl=en&user=pdsJ11MAAAAJ
Pramod Priya Ranjan,Indian Institute of Technology Hyderabad,Indian Art and Design,7.0,https://scholar.google.com/citations?hl=en&user=4uHxsK4AAAAJ
Raj Swarnim,Research Associate@IITH,Research & Data Science,7.0,https://scholar.google.com/citations?hl=en&user=yb08x98AAAAJ
Divya Shree V,"Indian Institute of Technology, Hyderabad",Organic Chemistry,7.0,https://scholar.google.com/citations?hl=en&user=TctL674AAAAJ
Swasthika Arunachalam,IIT Hyderabad,"Electrospinning, Polymer physics, Process-Structure-Property Relationships",7.0,https://scholar.google.com/citations?hl=en&user=CyhyEhcAAAAJ
Mosim Pathan,IIT Hyderabad,Organic Transformation,6.0,https://scholar.google.com/citations?hl=en&user=lQdTDOYAAAAJ
Prashant singh,IIT Hyderabad,"Machine Learning, Large Language Models, NLP",6.0,https://scholar.google.com/citations?hl=en&user=SyfotXgAAAAJ
Aryendra Singh,IIT Hyderabad,"Laser Shock Peening, Residual Stress, Wave Mechanics in Material, XRD, Dynamic Behavior of Material",6.0,https://scholar.google.com/citations?hl=en&user=EbRQ0kIAAAAJ
Kalyan Ramana Gattoz,Indian Institute of Technology Hyderabad,"Linkage mechanisms, Robotics, Design cognition, Motion exploration",6.0,https://scholar.google.com/citations?hl=en&user=DrKzSVQAAAAJ
NAFEESA SHAHNAZ,IIT Hyderabad,Biotechnology,6.0,https://scholar.google.com/citations?hl=en&user=RgEddNYAAAAJ
Abhishek Pratap Singh,IIT Hyderabad,Semiconductor Device,6.0,https://scholar.google.com/citations?hl=en&user=3RvyE3IAAAAJ
Syed Abdul Muqtadir,IIT Hyderabad,"Machine Learning, Artificial Intelligence",6.0,https://scholar.google.com/citations?hl=en&user=n8W-nFgAAAAJ
Sagnik Kumar Gupta,"Department of Liberal Arts,  Indian Institute of Technology Hyderabad","Applied Econometrics, Development Economics, Health Economics",6.0,https://scholar.google.com/citations?hl=en&user=TkVX_pcAAAAJ
Dulari Bhushan,IIT Hyderabad,"Explainable AI, Computer Vision",6.0,https://scholar.google.com/citations?hl=en&user=9_uAohEAAAAJ
Vishal Hirani,IIT Hyderabad,,5.0,https://scholar.google.com/citations?hl=en&user=lGfO9SMAAAAJ
Debangana Dutta,IIT Hyderabad,,5.0,https://scholar.google.com/citations?hl=en&user=hGsTR6MAAAAJ
GHULAM ALI GAUHAR,Indian Institute of Technology Hyderabad,"Modeling and Simulation of Semiconductor …, RRAM",5.0,https://scholar.google.com/citations?hl=en&user=2VFQYJkAAAAJ
Ayush Jain,Indian Institute of Technology Hyderabad,"High Performance Computing, Intelligent Systems, Reinforcement Learning, Artificial General Intelligence, Distributed Systems",5.0,https://scholar.google.com/citations?hl=en&user=StoKB4sAAAAJ
Suresh N,IIT Hyderabad,"Video Quality Assessment, Computer Vision, Deep Learning",5.0,https://scholar.google.com/citations?hl=en&user=4NJOZuwAAAAJ
Mohammed Raqib,Indian Institute of Technology Hyderabad,,5.0,https://scholar.google.com/citations?hl=en&user=9SkUqgQAAAAJ
Jarish Ahamad,IIT HYDERABAD,Total synthesis of natural products,5.0,https://scholar.google.com/citations?hl=en&user=RAKaqwsAAAAJ
Harsh Udai,Indian Institute of Technology Hyderabad,"VLM, Compositionality, Explainable AI",5.0,https://scholar.google.com/citations?hl=en&user=jbdpsmIAAAAJ
Aurgha Kamal Bhandari,Indian Institute of Technology Hyderabad,"LLPS, Protein aggregation, Protein misfolding",5.0,https://scholar.google.com/citations?hl=en&user=Czr6rpUAAAAJ
Bhargav Jyoti Bora,Indian Institute of Technology Hyderabad,"Luminescent Functional Materials, Flexible Crystals, Photonics",5.0,https://scholar.google.com/citations?hl=en&user=c33PhdoAAAAJ
Saumyaranjan Mohanty,IIT Hyderabad,,5.0,https://scholar.google.com/citations?hl=en&user=5wShbsMAAAAJ
Ashwin Mekkad,"Researcher, Indian Institute of Technology Hyderabad","fuel cell, electrolyzer, HTPEM, microkinetic model",5.0,https://scholar.google.com/citations?hl=en&user=dGyzeIgAAAAJ
Partha Pratim Pal,"Research Associate, Department of Biomedical Engineering, IIT Hyderabad, India","Optics, Medical Imaging & Device Instrumentation, Electronics, Signal processing, Deep learning & AI",5.0,https://scholar.google.com/citations?hl=en&user=Ly0IzUoAAAAJ
Arpit Tripathi,IIT Hyderabad,"5G, NFV, Security",4.0,https://scholar.google.com/citations?hl=en&user=PLQFRlwAAAAJ
Pindi Haritha,IIT Hyderabad,"soft matter, simulations",4.0,https://scholar.google.com/citations?hl=en&user=PU_qNn4AAAAJ
MOHAMMED RAFI SHAIK,IIT Hyderabad,"Deep Learning, FPGA, Microcontrollers",4.0,https://scholar.google.com/citations?hl=en&user=3bfPkfoAAAAJ
FAHIN FARAS V,"INDIAN INSTITUTE OF TECHNOLOGY, HYDERABAD","Labour Market, Work, Employment, Livelihood, Gig",4.0,https://scholar.google.com/citations?hl=en&user=_xv_4rAAAAAJ
Riya Ann Easow,"Indian Institute of Technology, Hyderabad",,4.0,https://scholar.google.com/citations?hl=en&user=_TWp5C0AAAAJ
Ahmik Virani,"Indian Institute of Technology, Hyderabad","Quantum Computing, Quantitative Finance, Artificial Intelligence, Financial Mathematical Models",4.0,https://scholar.google.com/citations?hl=en&user=zQUk47gAAAAJ
Akshay Pratap Singh,IIT hyderabad,"Spin Crossover, Magnetism, Surface Deposition",4.0,https://scholar.google.com/citations?hl=en&user=cbnXIDAAAAAJ
Ritesh G. Nayak,Indian Institute of Technology Hyderabad,"molecular dynamics, electrolytes",4.0,https://scholar.google.com/citations?hl=en&user=pGqYAR4AAAAJ
Malapeta Hemasundara Rao,Indian Institute of Technology Hyderabad,Fractional calculus Nonlocal elasticity …,4.0,https://scholar.google.com/citations?hl=en&user=JsTNY4QAAAAJ
Sadhana,Indian Institute of Technology Hyderabad,Organofluorine Chemistry,4.0,https://scholar.google.com/citations?hl=en&user=DSkKH-EAAAAJ
Sai Kasyap Kamaraju,"IITH, HCLTech","AI, NLP, ML, LLMs",4.0,https://scholar.google.com/citations?hl=en&user=fq9f28cAAAAJ
Saransh Khandelwal,"Indian Institute of Technology, Hyderabad",Biomedical Instrumentation,4.0,https://scholar.google.com/citations?hl=en&user=uzH65-sAAAAJ
Lakshit Singla,Indian Institute of Technology Hyderabad,,3.0,https://scholar.google.com/citations?hl=en&user=YRKd-FcAAAAJ
Rima Manik,Indian Institute of Technology Hyderabad,"flow through porous media, contaminant transport, modeling, biofilm, transport through plants",3.0,https://scholar.google.com/citations?hl=en&user=qrmKMGwAAAAJ
Nischay Ranjan,"IIT Hyderabad, DSTTE Bihar, GEC Sheohar","Software Transactional Memory, Blockchains, Distributed Computing, Parallel Computing",3.0,https://scholar.google.com/citations?hl=en&user=S0ROQToAAAAJ
Dolly Marothya,Indian Institute of Technology Hyderabad,"Biomedical Engineering, Tissue engineering, biomaterials, nanomedicine, Computational biology",3.0,https://scholar.google.com/citations?hl=en&user=kIxqUMMAAAAJ
Anandu RS,IIT Hyderabad,"Laser Wakefield Acceleration, Laser plasma interaction",3.0,https://scholar.google.com/citations?hl=en&user=eUeSwIoAAAAJ
Lokeswari Malepati,Indian Institute of Technology Hyderabad,"Bridge condition assessment, Damage segmentation, Subsurface defect detection",3.0,https://scholar.google.com/citations?hl=en&user=k8kDh1YAAAAJ
Rahul Verma,Research Engineer at Netradyne Technologies | Researcher IIT Hyderabad,"Deep learning, Computer Vision, Biomedical signal processing",3.0,https://scholar.google.com/citations?hl=en&user=A44AzLgAAAAJ
Puspendu Nag,IIT Hyderabad,"Functional Analysis, Operator Theory",3.0,https://scholar.google.com/citations?hl=en&user=bQJIKoIAAAAJ
Himanshu Sharma,IIT Hyderabad,"Game Theory, Mechanism Design, Multi-arm bandits",2.0,https://scholar.google.com/citations?hl=en&user=qp8_xdIAAAAJ
Pratik Shetty,IIT Hyderabad,"Parallel Computing, HPC, GPU, Computer Vision, Deep Learning",2.0,https://scholar.google.com/citations?hl=en&user=jxZY3B0AAAAJ
Athul Vidya Rajeev,"Researcher, Indian Institute of Technology Hyderabad","Molecular dynamics simulation studies, Molecular modeling",2.0,https://scholar.google.com/citations?hl=en&user=e0JPr1oAAAAJ
Himanshu Singh,Indian Institute of Technology Hyderabad; Peter L. Reichertz Institute for Medical Informatics …,"Artificial Intelligence, Deep Learning, Generative AI, Wearables, Multimodal Signal Fusion",2.0,https://scholar.google.com/citations?hl=en&user=5F5ATn8AAAAJ
Vikas Kumar Meena,Indian Institute of Technology Hyderabad,"POPs, PBTs, Biogeochemical Modeling",2.0,https://scholar.google.com/citations?hl=en&user=abpegDQAAAAJ
Kruthi SB,IIT Hyderabad,Artificial Intelligence,2.0,https://scholar.google.com/citations?hl=en&user=nIx8d4wAAAAJ
Meka Nani,Indian Institute of Technology Hyderabad,Self-supervised learning for speech …,2.0,https://scholar.google.com/citations?hl=en&user=Qi-WO14AAAAJ
Sourav Nayak,IIT Hyderabad,Differential Geomerty,2.0,https://scholar.google.com/citations?hl=en&user=k6J8xD8AAAAJ
Avishkar Behera,Indian Institute of Technology Hyderabad,"speech enhancement, speech processing",2.0,https://scholar.google.com/citations?hl=en&user=mNNeNpsAAAAJ
Kaustubh Gupta,"Alumni, Indian Institute of Technology, Hyderabad","Natural Language Processing, Computer Vision, Speech Processing, Reinforcement Learning",2.0,https://scholar.google.com/citations?hl=en&user=Uc4jp6YAAAAJ
Biswajit Panigrahi,"Indian Institute of Technology Hyderabad, India",Open economy Macroeconomics Monetary …,2.0,https://scholar.google.com/citations?hl=en&user=2PGcyOIAAAAJ
Tiasa Dutta,IIT Hyderabad,,2.0,https://scholar.google.com/citations?hl=en&user=ewiyu1kAAAAJ
Rutvik Kokate,"Indian Institute of Technology, Hyderabad","human-AI collaboration, computational creativity",2.0,https://scholar.google.com/citations?hl=en&user=rX8IQjwAAAAJ
Hemanth Reddy Bonthu,Indian Institute of Technology Hyderabad,,2.0,https://scholar.google.com/citations?hl=en&user=bG7umv8AAAAJ
Rama Pandillapally,IIT Hyderabad,"Microfluidics, Nanosynthesis, Nanoassembly",2.0,https://scholar.google.com/citations?hl=en&user=Bmn7n3sAAAAJ
Sai Mathura Krishnan K,"Research Assistant, Indian Institute of Technology Hyderabad","Deep Generative Models, Conformal Prediction",2.0,https://scholar.google.com/citations?hl=en&user=tX5HOc0AAAAJ
UshakiranMangalalgiri,Indian institute of Technology Hyderabad,"Technology Design Education, VR and XR",2.0,https://scholar.google.com/citations?hl=en&user=SA19E3gAAAAJ
Rajana Sravanakumar,"Electrical Engineer (Electrical), IIT Hyderabad","Power Electronic Converters, Energy Management, Renewable Energy",2.0,https://scholar.google.com/citations?hl=en&user=GUr326kAAAAJ
AMIT KUNDU,IIT Hyderabad,number theory,2.0,https://scholar.google.com/citations?hl=en&user=WihoLJMAAAAJ
Ragini Ranjana,IIT Hyderabad,"Cultural Heritage, Visual communication, Animation, Film Design, Craft",2.0,https://scholar.google.com/citations?hl=en&user=T47sBPYAAAAJ
Bhagyashree Pandurang Khandare,Indian Institute of Technology Hyderabad,"Additive manufacturing, Sustainability, AI/ML, Computer vision",2.0,https://scholar.google.com/citations?hl=en&user=SAfeTFAAAAAJ
Dinesh Kumar Murugan,IIT Hyderabad,,2.0,https://scholar.google.com/citations?hl=en&user=A3lLmW0AAAAJ
Smrutiranjan Sahu,"IIT Hyderabad, Talentica Software","Machine Learning, Deep Learning, Computer Vision, AI, Robotics",1.0,https://scholar.google.com/citations?hl=en&user=bMPmBs0AAAAJ
Abhik Mukhopadhyay,"Indian Institute of Technology, Hyderabad",Advanced Solid Propellant Combustion,1.0,https://scholar.google.com/citations?hl=en&user=TcW6yEYAAAAJ
Harshit Lakshakar,Indian Institute of Technology Hyderabad,"Machine Learning, Artificial Intelligence, Quantum Computing",1.0,https://scholar.google.com/citations?hl=en&user=iM7JSGUAAAAJ
Hrushikesh Samnekar,"Indian Institute of Technology, Hyderabad","Cloud Computing, Wireless communication, edge cloud",1.0,https://scholar.google.com/citations?hl=en&user=R_7GvfYAAAAJ
Abir Banerjee,Indian Institute of Technology Hyderabad,"Neuromorphic Computing, In-Memory Computing, Embedded Systems, Hardware Accelerators",1.0,https://scholar.google.com/citations?hl=en&user=GlD1Hc0AAAAJ
Kella Srinuprasad,Indian Institute of Technology Hyderabad,"Multiphase Drives, Power Electronics",1.0,https://scholar.google.com/citations?hl=en&user=8FqXKKAAAAAJ
Barnita Sharma,"Indian institute of technology, Hyderabad",3D Computer vision,1.0,https://scholar.google.com/citations?hl=en&user=1s7UPWoAAAAJ
Anvesh Sangadi,Indian Institute of Technology Hyderabad,"Fluid mechanics, Interfacial flows",1.0,https://scholar.google.com/citations?hl=en&user=bOQgQIQAAAAJ
Gaurav kumar Singh,"Indian Institute of technology, Hyderabad","Molecular Dynamic Simulation, Biomedical Engineering, Bioinformatics",1.0,https://scholar.google.com/citations?hl=en&user=G_FdZAkAAAAJ
Sharanya Gupta Shathavelli,Indian Institute of Technology Hyderabad,"Machine Learning, NLP, Computer Vision",1.0,https://scholar.google.com/citations?hl=en&user=A7hCcXEAAAAJ
Animesh Baral,IIT Hyderabad,Condensed matter physics,1.0,https://scholar.google.com/citations?hl=en&user=oFNHbmwAAAAJ
Lokendra Mohan Sharma,Indian Institute of Technology Hyderabad,"Fluid mechanics, Multiphase flow",1.0,https://scholar.google.com/citations?hl=en&user=3JolNW0AAAAJ
Nagendra Babu Reddy Muli,Indian Institute of Technology Hyderabad,Pavement Geotechnics,1.0,https://scholar.google.com/citations?hl=en&user=tUiME9gAAAAJ
Shubhangi Kumar,"Department of Biomedical Engineering, Indian Institute of Technology, Hyderabad",,1.0,https://scholar.google.com/citations?hl=en&user=bSoOm5IAAAAJ
Dipti Chourasia,"Design Graduate, IIT Hyderabad","interaction design, accessibility",1.0,https://scholar.google.com/citations?hl=en&user=3_HuezYAAAAJ
Sirjan Acharya,"Indian Institute of Technology, Hyderabad",Embedded systems | AI,1.0,https://scholar.google.com/citations?hl=en&user=st9SEiEAAAAJ
Meet Dadhania,Indian Institute of Technology Hyderabad,"AI and HPC Data Center, Networks, Systems, Programmable Data Plane",1.0,https://scholar.google.com/citations?hl=en&user=zZSl0TUAAAAJ
Mohana Rahul N,IIT Hyderabad,"Reproducing kernel Hilbert spaces, Operator theory, Function spaces",1.0,https://scholar.google.com/citations?hl=en&user=iUdNgugAAAAJ
Asutosh Parida,IIT Hyderabad,"Continuum mechanics, Chemo-mechanics, Computational mechanics, Solid mechanics, Multi-physics",1.0,https://scholar.google.com/citations?hl=en&user=uaauBdQAAAAJ
sudharshan,Junior Research Fellow at IIT Hyderabad,,1.0,https://scholar.google.com/citations?hl=en&user=vYQzcTEAAAAJ
Aayush Dua,IIT Hyderabad,"SHM, Structural Mechanics, Circuits",1.0,https://scholar.google.com/citations?hl=en&user=IdoBLd4AAAAJ
Gayathri Shreeya Patnala,"Indian Institute of Technology, Hyderabad",,1.0,https://scholar.google.com/citations?hl=en&user=awwlsZsAAAAJ
Sanyam Sharma,"Research Intern, IIT Hyderabad | B.Tech CSE (AI&ML), JNGEC Mandi","Machine Learning, Deep Learning, Natural  Language Processing, Large Language Model",1.0,https://scholar.google.com/citations?hl=en&user=lwIJ298AAAAJ
Neelakantan PK,"Assistant Professor of Design, Indian Institute of Technology Hyderabad","Architecture, Design, Urbanism",,https://scholar.google.com/citations?hl=en&user=Fb3WoPIAAAAJ
Rajesh Kumar Pandey,Indian Institute of Technology Hyderabad,"Algorithms, Data Analytics, Intelligent Systems, and HPC.",,https://scholar.google.com/citations?hl=en&user=WwiOECMAAAAJ
suraj panigrahi,"Indian Institute of Technology, Hyderabad",Library Management,,https://scholar.google.com/citations?hl=en&user=Ia7kNa4AAAAJ
Sai Kasyap Kamaraju,NPCI  &  IIT Hyderabad,"AI, Machine learning, Deep learning, Speech, NLP",,https://scholar.google.com/citations?hl=en&user=psv32aYAAAAJ
Archana Ramachandran,IIT Hyderabad,"Image processing, Machine learning, Deep Learning",,https://scholar.google.com/citations?hl=en&user=FY4OTVMAAAAJ
Rahul Biswas,"Indian Institute of Technology, Hyderabad (IITH)","Continual Learning, Machine Learning, Deep Learning, Artificial Intelligence",,https://scholar.google.com/citations?hl=en&user=XAU_6SEAAAAJ
Sourav Pal,Indian Institute of Technology Hyderabad,High energy physics,,https://scholar.google.com/citations?hl=en&user=MJEodMoAAAAJ
Mekala Mani Kanta,Indian Institute of Technology Hyderabad,"internal combustion engines, coal gasifications",,https://scholar.google.com/citations?hl=en&user=rcTRnUwAAAAJ
Seema Krishnakumar,IIT Hyderabad,"Interaction Design, Data & Info viz, Participatory Design, Docu photography",,https://scholar.google.com/citations?hl=en&user=rsR6hekAAAAJ
Shreya Yadav,IIT Hyderabad,"Fracture Mechanics, Finite Element Analysis, Machine learning",,https://scholar.google.com/citations?hl=en&user=iNi-Tu8AAAAJ
Akriti Kumari,Indian institute of technology Hyderabad,,,https://scholar.google.com/citations?hl=en&user=fifxYlMAAAAJ
Sakshi Srivastava,Indian Institute of Technology Hyderabad,"Systems and Networks, System for AI/ML",,https://scholar.google.com/citations?hl=en&user=21ZIB_YAAAAJ
Aryam Sharma,Indian Institute of Technology Hyderabad,"Fluid Mechanics, Turbulence, Wind Energy, Thermoacoustics, Dynamical Systems",,https://scholar.google.com/citations?hl=en&user=4keiqEoAAAAJ
Uppucharla Venkata Rohith,Indian Institute of Technology Hyderabad,"Remote Sensing and GIS, Urban Heat Island, Aerosols, Precipitation",,https://scholar.google.com/citations?hl=en&user=xW7FWPQAAAAJ
Ghanshyam Tilakwar,Indian institute of technology Hyderabad,"biotechnology, Nanomedicine, Cell and Molecular biology",,https://scholar.google.com/citations?hl=en&user=7KjrGfUAAAAJ
Sreeprada Gogulapati,"IITH, CEPT, SPA -JNAFAU",,,https://scholar.google.com/citations?hl=en&user=hXAOFm4AAAAJ
Sudhanva Meduri,"Indian Institute of Technology, Hyderabad","Tissue Engineering, Nanomedicine, Biomaterials",,https://scholar.google.com/citations?hl=en&user=0th4EMUAAAAJ
Rajat Goswami,Indian Institute of Technology Hyderabad,"Compliant Mechanisms, Bistability, Structural Optimization, Elastic Rod Theories",,https://scholar.google.com/citations?hl=en&user=MYuF1-EAAAAJ
Santosh Kumar Sahoo,Indian Institute of Technology Hyderabad,Laser micro-machining of transparent …,,https://scholar.google.com/citations?hl=en&user=ZETLjCgAAAAJ
Uthra TK,IIT Hyderabad,"Sensors, Signal Processing, Mathematical Modeling",,https://scholar.google.com/citations?hl=en&user=9PSeYkwAAAAJ
TM Shreyas,"Indian Institute of Technology, Hyderabad","Additive Manufacturing, High Temperature Metals, Superalloys",,https://scholar.google.com/citations?hl=en&user=czqGhEsAAAAJ
Namrata Swargari,Indian Institute of Technology Hyderabad,"Heritage Architectural Ornamentation, Visual Semiotics, Indigenous Art & Crafts, Interior Space Design",,https://scholar.google.com/citations?hl=en&user=MhxN68EAAAAJ
Rohith R Kumar,"Indian Institute of Technology, Hyderabad (IITH)","biophysics, structural biology, protein dynamics",,https://scholar.google.com/citations?hl=en&user=KxzJ0jkAAAAJ
Betha Hemanth,IIT Hyderabad,Flapping wings      composite structures,,https://scholar.google.com/citations?hl=en&user=eUHQapoAAAAJ
Ananth KS,"Microsoft Research, IIT Hyderabad","Deep/Machine Learning, Computer Vision",,https://scholar.google.com/citations?hl=en&user=L2cG9OoAAAAJ
Vishal Khan,IIT Hyderabad,"Non-equilibrium Quantum Dynamics, Quantum Chaos, Quantum Information & Computation",,https://scholar.google.com/citations?hl=en&user=YbLv1p0AAAAJ
Sunny Shankar Ladkat,"Senior Research Fellow, Indian Institute of Technology Hyderabad",,,https://scholar.google.com/citations?hl=en&user=36FsK30AAAAJ
Manjunatha BK,"Indian Institute of Technology, Hyderabad","Systems Biology, Constraint based modeling, Machine learning, Omics data analysis",,https://scholar.google.com/citations?hl=en&user=JxP4J9IAAAAJ
Pasupula Sridhar Harish,"Indian Institute of Technology, Hyderabad","Systems Biology, Computational Biology, Metabolic Modelling, Comparative Genomics",,https://scholar.google.com/citations?hl=en&user=1ldnTx4AAAAJ
Barmavath Shiva Prasad,IIT hyderabad,Recycled C&D waste usage in pavement …,,https://scholar.google.com/citations?hl=en&user=Ji8b19cAAAAJ
Anupam Shaw,Indian Institute of Technology Hyderabad,"Plasma Physics, Laser-driven Particle Acceleration, Laser-Plasma Interactions",,https://scholar.google.com/citations?hl=en&user=nRQ7rIgAAAAJ
Chaitanya Reddy,IIT Hyderabad,Communication Complexity,,https://scholar.google.com/citations?hl=en&user=S1cxM9IAAAAJ
Nicholas Thongbam,IIT Hyderabad,"Computational Chemistry, Machine-Learning, Molecular Dynamics Simulations, Vibrational Properties",,https://scholar.google.com/citations?hl=en&user=WJAPudcAAAAJ
Kusum seervi,"Department of Physics, Indian Institute of Technology, Hyderabad","Non-equilibrium Physics, Statistical mechanics, Biophysics, Active matter",,https://scholar.google.com/citations?hl=en&user=br7ZlQoAAAAJ
Shriram Pragash M,Indian Institute of Technology Hyderabad,"Quantum Information, Quantum Computing",,https://scholar.google.com/citations?hl=en&user=sq7ZN4oAAAAJ
Gunethra Bommineni,"Indian Institute of Technology, Hyderabad",,,https://scholar.google.com/citations?hl=en&user=k_mufMwAAAAJ
ARUN KUMAR RM,"Department of Physics, IITH","Laser plasma interaction, Laser driven fusion",,https://scholar.google.com/citations?hl=en&user=cHVJuOIAAAAJ
Saurabh Mishra,"Indian Institute of Technology Hyderabad, India",Statistical Genetics,,https://scholar.google.com/citations?hl=en&user=QgB8MKAAAAAJ
Devanshi Soni,"Medical Optics and Sensors Lab, IIT Hyderabad","Optical coherence tomography (OCT), Biomedical Imaging, biomedical Optics, Ophthalmic Imaging",,https://scholar.google.com/citations?hl=en&user=dXSiwYgAAAAJ
Sugirtha Gayathri,Indian Institute of Technology Hyderabad,"Functional analysis, Banach algebra, spectral theory",,https://scholar.google.com/citations?hl=en&user=5D5rrm8AAAAJ
Harsha Vardhani,JRF at IIT Hyderabad,Bioinformatics,,https://scholar.google.com/citations?hl=en&user=F4JMVrAAAAAJ
Dino Ashmi RV,Indian Institute of Technology Hyderabad,Thermoelectrics,,https://scholar.google.com/citations?hl=en&user=vvsNnCsAAAAJ
Sudhish Gupta,Indian Institute of Technology Hyderabad,"Computational Biology, Deep Learning, MD Simulations, Biophysics",,https://scholar.google.com/citations?hl=en&user=I4fzHBIAAAAJ
Chinmaya Pradhan,IIT Hyderabad,"Soft-Active matter, Developmental Biology, Stochastic Processes, Morphogenesis",,https://scholar.google.com/citations?hl=en&user=9fUNUJkAAAAJ
Vivek Shinde,IIT Hyderabad,"AGN, black hole",,https://scholar.google.com/citations?hl=en&user=_Va0PxcAAAAJ
Keerthi Aiswarya Varshini,"Predoc, IIT Hyderabad",,,https://scholar.google.com/citations?hl=en&user=o2N2ppUAAAAJ
Ankit Saha,"Department of Artificial Intelligence, IIT Hyderabad","computer vision, interpretability, reasoning",,https://scholar.google.com/citations?hl=en&user=WEl3RzUAAAAJ
Mohammad Azhar Khan,"Department of CSE, IIT Hyderabad","Machine Learning, Scalable Data Science, Deep Learning, Algorithms in Computer Science",,https://scholar.google.com/citations?hl=en&user=LdcIrLoAAAAJ
B LOHITHA,Indian Institute of Technology Hyderabad,"Geotechnical Engineering, Soil Stabilization, MICP, Railway Geotechnics",,https://scholar.google.com/citations?hl=en&user=AP0dRZQAAAAJ
Gajendra Patel,Indian Institute of Technology Hyderabad,"Mechanical behaviour, Alloy development, Electron microscopy, Oxidation behaviour",,https://scholar.google.com/citations?hl=en&user=rAO305wAAAAJ
Shivani Arvind Parate,"Indian Institute of Technology,Hyderabad","Biochemistry, Biophysics, Molecular biology",,https://scholar.google.com/citations?hl=en&user=fC6kcMIAAAAJ
Hema Bhatt,IIT Hyderabad,"Atmospheric Chemistry, Atmospheric modelling, GCM, CTM",,https://scholar.google.com/citations?hl=en&user=fnXs1vQAAAAJ
Megha Tomer,"Indian Institute of Technology, Hyderabad","Ultra short period exoplanets, Orbital dynamics of Planetary Systems, and Planetary Astrophysics",,https://scholar.google.com/citations?hl=en&user=hTDZlFUAAAAJ
