Name,Affiliation,Interests,Cited By,Profile URL
Sanmay Ganguly,"Assistant Professor. Indian Institute of Technology, Kanpur","Machine learning, High Energy Physics, Quantum Computation",291993.0,https://scholar.google.com/citations?hl=en&user=FacGNwsAAAAJ
Vijay Kumar Jain,Indian Institute of Technology Kanpur India,"Micro-manufacturing, Manufacturing",39775.0,https://scholar.google.com/citations?hl=en&user=bmQ917cAAAAJ
Avinash Kumar Agarwal,Indian Institute of Technology Kanpur,"Internal Combustion Engines, Emissions, Biodiesel, Laser Ignition, HCCI",32323.0,https://scholar.google.com/citations?hl=en&user=cGOyLQsAAAAJ
Debasis Kundu,"Profess of Department of Mathematics and Statistics, IIT Kanpur","Applied Statistics, Distribution Theory, Statistical Computing, Reliability Analysis, Statistical Signal Processing",23840.0,https://scholar.google.com/citations?hl=en&user=yq8z1rIAAAAJ
Ashutosh Sharma,"Chemical Engineering, IITK, IIT Kanpur, Indian Institute of Technology Kanpur","nanotechnology, thin film, nanopatterning, adhesion, wetting",23833.0,https://scholar.google.com/citations?hl=en&user=MmjJMlIAAAAJ
Ajay Kumar,Distinguished Visiting Professor IIT Kanpur,"Economics of Information Systems, Agglomeration, Economic Geography, Business Administration",22326.0,https://scholar.google.com/citations?hl=en&user=pEYlXIEAAAAJ
Tarun Gupta,"Professor, Indian Institute of Technology Kanpur","Exposure Assessment, Source Apportionment, brown carbon, organic aerosols, aerosol chemistry",21410.0,https://scholar.google.com/citations?hl=en&user=Ze8k3S0AAAAJ
Sudip Ghosh,"DST Young Scientist, IIT-Kanpur","Semiconductor Devices, Compact Modeling, Characterization",18248.0,https://scholar.google.com/citations?hl=en&user=1zX3dR8AAAAJ
Vadapalli Chandrasekhar,"Department of Chemistry, Indian Institute of Technology, Kanpur",Chemistry,17176.0,https://scholar.google.com/citations?hl=en&user=VgfCil4AAAAJ
Anantharaj Sengeni,"Assistant Professor (CHM), IIT Kanpur","Electrochemistry, Catalysis at Electrified Interfaces, Materials",16090.0,https://scholar.google.com/citations?hl=en&user=b2mYUxwAAAAJ
Ashok Kumar,"Professor, Dept. Biological Sciences and Bioengineering, Indian Institute of Technology …","Regenerative medicine, Tissue engineering and Biomaterials, Environmental biotechnology, Bioprocess engineering, Bioseparation",15685.0,https://scholar.google.com/citations?hl=en&user=eFMI9XQAAAAJ
Sandeep Verma,"Professor of Chemistry, Indian Institute of Technology Kanpur","Chemistry, Chemical Biology",15683.0,https://scholar.google.com/citations?hl=en&user=2SodcuwAAAAJ
AMALENDU CHANDRA,Indian Institute of Technology Kanpur,,14786.0,https://scholar.google.com/citations?hl=en&user=rTKmquIAAAAJ
Rajiv Sinha,IIT Kanpur,"River science, geomorphology, sedimentology",14094.0,https://scholar.google.com/citations?hl=en&user=VkRcwwEAAAAJ
Raju Kumar Gupta,"Professor, Department of Chemical Engineering, IIT Kanpur","Photocatalysis, Water remediation, Perovskite solar cells, Batteries, CO2 capture and conversion",13698.0,https://scholar.google.com/citations?hl=en&user=nG-H4P8AAAAJ
Sanjay Mittal,"Professor of Aerospace Engineering, IIT Kanpur","CFD, Experimental Aerodynamics",13627.0,https://scholar.google.com/citations?hl=en&user=BmWnCKsAAAAJ
Kantesh Balani,"Professor & Head, Materials Science and Engineering, IIT Kanpur","Thermal Spraying, Functional Biomaterials, Ultra High Temperature Ceramics, Coatings, Nanomechanics",13229.0,https://scholar.google.com/citations?hl=en&user=i8cuAm4AAAAJ
Santosh Kumar Gupta,"Professor of Chemical Engineering, Indian Institute of Technology Kanpur","Modelling and Optimization, Polymer Reaction Engineering, multiobjective optimization, Chemical Engineering",13055.0,https://scholar.google.com/citations?hl=en&user=QP1IzB4AAAAJ
Parimal K. Bharadwaj,"Retired Prof of Chemistry IIT Kanpur & Distinguished Visiting Prof of Chemistry, IIT Bombay …",Supramolecular Chemistry,12895.0,https://scholar.google.com/citations?hl=en&user=VePyXdMAAAAJ
Satyabrata Das,Former Director CSIR AMPRI /Visiting Professor at Department of  Materials Science IITK …,"Solidification, Metal casting, Metal Matrix Composites, Metal Foams, Tribology",12550.0,https://scholar.google.com/citations?hl=en&user=1KZUtdAAAAAJ
Gautam Biswas FNA or G Biswas,"IIT Guwahati, IIT Kanpur and BITS-Pilani Goa Campus","Fluid Mechanics, Heat Transfer, Boiling, Drops, Bubbles",12468.0,https://scholar.google.com/citations?hl=en&user=dfvFBBMAAAAJ
SC Srivastava,"Department of Elect. Eng., IIT Kanpur",,12029.0,https://scholar.google.com/citations?hl=en&user=Uesn2wIAAAAJ
Vinod K Singh,"Professor of Chemistry, IIT Kanpur",Organic Synthesis,11144.0,https://scholar.google.com/citations?hl=en&user=4vUdrvEAAAAJ
Bushra Ateeq,"Professor & Senior Fellow, DBT/Wellcome Trust, IIT Kanpur","Cancer Biomarkers, Cancer Genomics, Non-coding RNAs, Drug Targets, Prostate Cancer",11069.0,https://scholar.google.com/citations?hl=en&user=72n6-0wAAAAJ
Prof. Dr.-Ing. M. Jaleel Akhtar,"Chair Professor, Dept. of Electrical Engineering, IIT Kanpur","Electromagnetic Theory, Microwave Imaging and Remote Sensing, RF Metamaterial Inspired Sensors",10704.0,https://scholar.google.com/citations?hl=en&user=A7Bri_4AAAAJ
Debashish Chowdhury,"Professor, Department of Physics, IIT Kanpur","Statistical Physics, Biological Physics, Molecular machines, Molecular motors",10581.0,https://scholar.google.com/citations?hl=en&user=punFCLMAAAAJ
Ajoy Kanti Ghosh,"professor, IIT Kanpur India","artificial intelligence, flight mechanics, aerodynamics",10548.0,https://scholar.google.com/citations?hl=en&user=XBXJ_dUAAAAJ
Sameer Khandekar,"Sir M. Visvesvaraya Chair Professor and Head (ME), Indian Institute of Technology Kanpur …","heat transfer, heat pipes, boiling, condensation, thermal management",10364.0,https://scholar.google.com/citations?hl=en&user=9uMKMBUAAAAJ
Jayant  K. Singh,"Abdul Kalam Technology National Fellow, Chemical Engineering, Indian Institute of …","Molecular Simulation, AI4Science, Energy Storage, Soil Sensing",9915.0,https://scholar.google.com/citations?hl=en&user=UDr7tjEAAAAJ
Yogesh S. Chauhan,"Fellow of IEEE, IASc & INAE; Professor & Head/EE - IIT Kanpur","ASM GaN HEMT, Compact Model, BSIM SPICE Model, Cryogenic Transistor Modeling, Ferroelectric FET",9843.0,https://scholar.google.com/citations?hl=en&user=USq58a0AAAAJ
Goutam Deo,"Professor of Chemical Engineering, Indian Institute of Technology Kanpur","Chemical Engineering, Reaction Engineering, Heterogeneous Catalysis",9798.0,https://scholar.google.com/citations?hl=en&user=fK9RH9EAAAAJ
Nishith Verma,"Professor of Chemical Engineering, Indian Institute of Technology Kanpur","Synthesis of nanomaterials including …, Environmental remediation, Energy materials, Sensors, Microbial f",9703.0,https://scholar.google.com/citations?hl=en&user=pwNT4HkAAAAJ
Mohit Bhardwaj,Indian Institute of Technology Kanpur,"Radio Astronomy, Fast Radio Bursts, Astrophysical Transients, Multi-Messenger Astronomy, Applied",9668.0,https://scholar.google.com/citations?hl=en&user=T7u0EccAAAAJ
Avinash Singh,indian institute of technology kanpur,"Correlated Electrons, Quantum Magnetism, Spin-Orbital Excitations",9645.0,https://scholar.google.com/citations?hl=en&user=1BwzHHEAAAAJ
Kumar Vaibhav Srivastava,"Professor of Department of Electrical Engineering, Indian Institute of Technology, Kanpur …","Metamaterials, Microwave Absorbers, Microwave Antenna, Cloaking",9280.0,https://scholar.google.com/citations?hl=en&user=nBSF9qUAAAAJ
Arvind K Sinha,"Professor of Psychology (OB Area), Dept of HSS, Indian Institute of Technology Kanpur …","Organizational Behavior, I/O Psychology, Social Psychology",9124.0,https://scholar.google.com/citations?hl=en&user=SMSi2fwAAAAJ
Krishanu Biswas,Indian Institute of Technology Kanpur,Materials Science and Engineering,8891.0,https://scholar.google.com/citations?hl=en&user=KTKaS6AAAAAJ
Anantha Ramakrishna,"Professor of Physics, IIT Kanpur","Optics, Photonics, Metamaterials, Nano and Micro structuring",8694.0,https://scholar.google.com/citations?hl=en&user=tebIaWQAAAAJ
Prof. Janakarajan Ramkumar,"Professor (HAG), Department of Mechanical Engineering, and Design, IIT Kanpur","Micro and nano manufacturing, Additive Manufacturing, New product and process development",8690.0,https://scholar.google.com/citations?hl=en&user=8X9rXe0AAAAJ
Ashish Garg,Indian Institute of Technology Kanpur,"Ferroics, Multiferroics, Memories, Energy harvesting, Perovskite and Organic Solar Photovoltaics",8419.0,https://scholar.google.com/citations?hl=en&user=S7si0-cAAAAJ
Amit Agarwal,"Department of Physics, Indian Institute of Technology, Kanpur (India)","Theoretical condensed matter physics, Quantum transport",8323.0,https://scholar.google.com/citations?hl=en&user=WcVpbRwAAAAJ
Anindya Chatterjee,"Professor, Department of Mechanical Engineering, Indian Institute of Technology, Kanpur",Applied Mechanics,8302.0,https://scholar.google.com/citations?hl=en&user=MJ5tZLsAAAAJ
Laxmidhar Behera,IIT Kanpur,"Intelligent Systems and Control, Robotics, Soft Computing",8222.0,https://scholar.google.com/citations?hl=en&user=QWTcyP8AAAAJ
Saikat Chakrabarti,Indian Institute of Technology Kanpur,"Power System State Estimation, Synchrophasors, Smart Grid, Microgrid, EV Integration",8092.0,https://scholar.google.com/citations?hl=en&user=XrUg8HwAAAAJ
Piyush Rai,IIT Kanpur,"machine learning, probabilistic machine learning, artificial intelligence",8053.0,https://scholar.google.com/citations?hl=en&user=D50grEgAAAAJ
Dhirendra Katti,"Professor of Biological Sciences and Bioengineering, Indian Institute of Technology Kanpur","Tissue Engineering, Drug Delivery, Nanomedicine, Biomaterials, Bioengineering",7848.0,https://scholar.google.com/citations?hl=en&user=X0mSDMMAAAAJ
Jarugu  Narasimha Moorthy,"Department of Chemistry, Indian Institute of Technology Kanpur (IITK)","Physical Organic Chemistry, Organic Photochemistry and Supramolecular …",7805.0,https://scholar.google.com/citations?hl=en&user=XN3cVvIAAAAJ
Narayanan Srinivasan,Indian Institute of Technology Kanpur,"Cognitive Science, Consciousness, Attention, Emotions, Decision making",7277.0,https://scholar.google.com/citations?hl=en&user=oL4UaqcAAAAJ
Navaneeth Poonthottathil,"Indian Institute of Technology, Kanpur","Experimental High Energy Physics, Particle Physics, Neutrino Physics",7038.0,https://scholar.google.com/citations?hl=en&user=MnIEpv0AAAAJ
Malay Banerjee,"Professor, IIT Kanpur","Mathematical Ecology, Mathematical Epidemiology, Nonlinear Dynamics, Pattern Formation",6839.0,https://scholar.google.com/citations?hl=en&user=OJDQHlcAAAAJ
Sudhir K Jain,Indian Institute of Technology,"Earthquake engineering, structural engineering, civil engineering, seismic",6681.0,https://scholar.google.com/citations?hl=en&user=HOPvsyIAAAAJ
K. Muralidhar,"Professor of Mechanical Engineering, Indian Institute of Technology Kanpur India","interfacial phenomena, gas hydrates, biomedical fluid flow, optical measurements",6551.0,https://scholar.google.com/citations?hl=en&user=4eNH3jgAAAAJ
mukesh sharma,Indian institute of technology Kanpur,,6454.0,https://scholar.google.com/citations?hl=en&user=trvFYtYAAAAJ
Zakir Hossain,"Professor of Physics, Indian Institute of Technology Kanpur","Strongly correlated electron system (Kondo …, Heavy fermions, Valence fluctuation), Superconductivity and Magnetsim, Spintr",6435.0,https://scholar.google.com/citations?hl=en&user=QurdkMcAAAAJ
YD Vankar,Indian Institute of Technology Kanpur,chemistry,6434.0,https://scholar.google.com/citations?hl=en&user=TTSULBsAAAAJ
Rabindranath Mukherjee,"Former Professor of Chemistry, Indian Institute of Technology Kanpur","Coordination Chemistry, Bioinorganic Chemistry",6404.0,https://scholar.google.com/citations?hl=en&user=atapw6wAAAAJ
Ravi Pratap Singh,Department of Physics IIT Kanpur,"Plasma physics, optics",6293.0,https://scholar.google.com/citations?hl=en&user=MqM-OEMAAAAJ
Soumyabrata Roy,"Assistant Professor, Indian Institute of Technology Kanpur","Materials, CO2 Capture & Utilization, Catalysis, Energy Conversion & Storage, Solar Fuels & Devices",6276.0,https://scholar.google.com/citations?hl=en&user=9H30M4kAAAAJ
Nishchal K Verma,Indian Institute of Technology Kanpur,"Artificial Intelligence, LLMs, PHM, Computer Vision, Soft-computing and Industrial Automation",6108.0,https://scholar.google.com/citations?hl=en&user=Iir1EBsAAAAJ
Anjali Pandey,"Indian Institute of Technology, Kanpur","Microbiology, Toxins, Enzymes",6088.0,https://scholar.google.com/citations?hl=en&user=TtF2KckAAAAJ
Durgesh Rai,Indian Institute of Technology Kanpur,Structural/ Earthquake Engineering,6063.0,https://scholar.google.com/citations?hl=en&user=ZBglEkoAAAAJ
Arjun Bagchi,"Professor at Indian Institute of Technology, Kanpur.","Holography, String Theory.",5997.0,https://scholar.google.com/citations?hl=en&user=SdvKG-kAAAAJ
Mainak Das,"Professor, Deaprtment of Design, Indian Institute of Technology Kanpur","Bio-Electricity, Bio-Electrodes, Protein Bio-Battery, Sustainable Agriculture",5965.0,https://scholar.google.com/citations?hl=en&user=ZeV2Vk8AAAAJ
Amit Dutta,"Professor of Physics, IIT Kanpur",condensed matter physics,5945.0,https://scholar.google.com/citations?hl=en&user=mCMDe6MAAAAJ
Basker SUNDARARAJU FRSC,"Professor, Department of chemistry, IIT, kanpur","Organometallic chemistry, catalysis",5922.0,https://scholar.google.com/citations?hl=en&user=sVsWTFcAAAAJ
NAMDEO S. GAJBHIYE,Indian Institute of Technology Kanpur,"Material Science, Nano-materials, Magnetic Nanoparticles",5666.0,https://scholar.google.com/citations?hl=en&user=sMtYYwcAAAAJ
NP GURAO,"Materials Science and Engineering, Indian Institute of Technology Kanpur, India","crystallographic texture, mechanical bahaviour of materials, diffraction, crystal plasticity, in",5612.0,https://scholar.google.com/citations?hl=en&user=UDlLqHoAAAAJ
NP Gurao,"Materials Science and Engineering, Indian Institute of Technology  Kanpur","crystallographic texture, mechanical behaviour of materials, materials processing, synchrotron and",5601.0,https://scholar.google.com/citations?hl=en&user=yo6MHBcAAAAJ
Sounak Choudhury,"Professor of Mechanical Engineering, Indian Institute of Technology Kanpur","Conventional and Unconventional Machining, Machine Tools Vibration and Control, Hydraulic Control, Manufacturing Automation",5591.0,https://scholar.google.com/citations?hl=en&user=-FhQMRMAAAAJ
Prabha Sharma,"Professor of Mathematics and Statistics, IIT Kanpur","Algorithm Designing, Machine Learning, Deep Learniing, Optimization",5582.0,https://scholar.google.com/citations?hl=en&user=p0zmShAAAAAJ
Anand Singh,"Department of Chemistry, IIT Kanpur",,5579.0,https://scholar.google.com/citations?hl=en&user=XzwsMREAAAAJ
Dr. Sudheer Kumar,NCFlexE IIT Kanpur,"Flexible Electronics, Flexible Solar, Displays, Printable Batteries, Dimond like carbon films",5417.0,https://scholar.google.com/citations?hl=en&user=cIOGVQcAAAAJ
Somnath Bhowmick,"Inian Institute of Technology, Kanpur","Materials Science, Condensed matter physics",5401.0,https://scholar.google.com/citations?hl=en&user=FHwqOJUAAAAJ
Padma S Vankar,"Indian Institute of Technology, Kanpur","Natural dyes, Environmental pollution, Structure elucidation of Natural products",5354.0,https://scholar.google.com/citations?hl=en&user=uOT1uJwAAAAJ
Sri Sivakumar,Indian Institute of Technology Kanpur,"Nanomaterials, drug delivery, bioimaging, photoelectrochemical water splitting, catalysis",5353.0,https://scholar.google.com/citations?hl=en&user=W0-t6HUAAAAJ
Vinod Tare,"Professor of Civil Engineering, IIT Kanpur","Physicochemical, Biological and Ecological processes, Water and wastewater treatment",5335.0,https://scholar.google.com/citations?hl=en&user=lch6W_4AAAAJ
Ashu Jain,"Former-Professor, Department of Civil Engineering, IIT Kanpur","Hydrology, Modeling & Management of Water Systems …",5324.0,https://scholar.google.com/citations?hl=en&user=ylLVp8QAAAAJ
Ruchi Singh,"Indian Institute of Technology, Kanpur","Supramolecular chemistry, Coordination Polymers, X-ray crystallography",5079.0,https://scholar.google.com/citations?hl=en&user=tkEawzQAAAAJ
BV .Rathish Kumar,Indian Institute of Technology Kanpur,"Numerical Methods for PDEs, CFD, Biomechnics, heat and mass transfer",5036.0,https://scholar.google.com/citations?hl=en&user=KtZfBNcAAAAJ
Roop Aparajita Subhra Purushottam,IIT Kanpur,Machine Learning,5021.0,https://scholar.google.com/citations?hl=en&user=MNXz0AoAAAAJ
Shobit Omar,Indian Institute of Technology Kanpur,"Ceramics, Ionic Conductors, SOFCs",4999.0,https://scholar.google.com/citations?hl=en&user=ZTb7HLYAAAAJ
Raghvendra Kumar Chaudhary,"Associate Professor, IIT Kanpur","Metamaterials, Antennas, Absorbers, FSS, Dielectric Resonator Antenna",4934.0,https://scholar.google.com/citations?hl=en&user=MhZTqLsAAAAJ
Mahendra Verma,Indian Institute of Technology Kanpur,"Turbulence, Turbulent Convection, Fluid Dynamics, MHD Turbulence, Nonlinear Dynamics",4907.0,https://scholar.google.com/citations?hl=en&user=JlH3fYMAAAAJ
Manindra Agrawal,"Professor of Computer Science, IIT Kanpur","Theory of Computation, Complexity Theory",4892.0,https://scholar.google.com/citations?hl=en&user=UBXqggoAAAAJ
mohan kadalbajoo,"department of mathematics ,IIT Kanpur",Numerical Analysis,4888.0,https://scholar.google.com/citations?hl=en&user=8xF0V5AAAAAJ
Debabrata Goswami,"Professor, IIT Kanpur","Nonlinear Spectroscopy, Femtosecond Pulse Shaping, Microscopy, Coherent Control, Quantum Computing",4880.0,https://scholar.google.com/citations?hl=en&user=OZ651FIAAAAJ
Subramaniam Ganesh,"Biological Sciences & Bioengineering, Indian Institute of Technology - Kanpur [India]","Human Molecular Genetics, Neuroscience",4870.0,https://scholar.google.com/citations?hl=en&user=N62RSf8AAAAJ
Tajdarul Hassan Syed,"Professor, Department of Earth Sciences, IIT Kanpur",Water Resources and Remote Sensing,4846.0,https://scholar.google.com/citations?hl=en&user=Ar-vvNMAAAAJ
Jayandharan GR,"Professor, IIT Kanpur","Gene therapy: Neuro-ophthalmic & Blood …, Cancer gene therapy, Human molecular genetics",4765.0,https://scholar.google.com/citations?hl=en&user=zWb0RrYAAAAJ
Rajeev Gupta,"Physics, IIT Kanpur","condensed matter, materials science, optical spectroscopy",4736.0,https://scholar.google.com/citations?hl=en&user=UPo_8dUAAAAJ
Nitin Saxena,"N.Rama.Rao.Professor (HAG) & JCBose.Fellow, CSE & WSAIS, IIT Kanpur; FNA FASc …","Complexity theory, Algebra, Number theory, Algebraic geometry, Algebraic combinatorics",4731.0,https://scholar.google.com/citations?hl=en&user=1Yl1h_YAAAAJ
"Yogesh M. Joshi,","JC Bose Fellow and Professor of Chemical Engineering, Indian Institute of Technology …","Soft Matter, Rheology",4702.0,https://scholar.google.com/citations?hl=en&user=2j_DCnkAAAAJ
Sankar Prasad Rath,"Professor, Department of Chemistry, Indian Institute of Technology Kanpur, India","Bioinorganic chemistry, Multiheme Proteins and Enzymes, Supramolecular Chirogenesis, Chemical",4692.0,https://scholar.google.com/citations?hl=en&user=58SbCG8AAAAJ
Jitendra Bera,"Professor of Chemistry, IIT Kanpur","Sustainable Catalysis, Energy, Organometallic Chemistry",4682.0,https://scholar.google.com/citations?hl=en&user=oruUJikAAAAJ
Sabuj Kundu,"Professor at Department of Chemistry, IIT Kanpur",Organometallic Chemistry and Catalysis,4669.0,https://scholar.google.com/citations?hl=en&user=F32CmMcAAAAJ
Arvind Kumar,"Professor, Dept. of Mechanical Engineering, Indian Institute of Technology Kanpur","Additive manufacturing, Heat transfer in manufacturing, Casting and Welding, Surface coating",4593.0,https://scholar.google.com/citations?hl=en&user=N_lSNZ8AAAAJ
Ethirajan Rathakrishnan,IIT Kanpur,"Gas Dynamics, High-speed Jets, High Enthalpy Flows",4590.0,https://scholar.google.com/citations?hl=en&user=uQf2I_sAAAAJ
Pratik Sen,Indian Institute of Technology Kanpur,"Ultrafast Spectroscopy, Single Molecule Spectroscopy",4500.0,https://scholar.google.com/citations?hl=en&user=74IKbUEAAAAJ
Pradipta Kumar Panigrahi,"Mechanical Engineering Department, IIT Kanpur",Fluid Mechanics and Heat Transfer,4499.0,https://scholar.google.com/citations?hl=en&user=ajXBk0UAAAAJ
asima pradhan,"Professor of Physics , IIT Kanpur","Optics, Spectroscopy, Biophotonics",4441.0,https://scholar.google.com/citations?hl=en&user=UsbY8DcAAAAJ
K Subramanya,"Retired Professor, IIT Kanpur, India","Engineering Hydrology, Open Channel Flow, Fluid Mechanics, Hydraulic Machines",4372.0,https://scholar.google.com/citations?hl=en&user=wTTE2QwAAAAJ
Shalabh,"Indian Institute of Technology Kanpur, India","statistics, econometrics, regression, measurement-error, sampling",4367.0,https://scholar.google.com/citations?hl=en&user=EubboyAAAAAJ
sandeep shukla,IIT Kanpur,molecular dynamics,4358.0,https://scholar.google.com/citations?hl=en&user=AESK-u4AAAAJ
Dipak Mazumdar,"Emeritus Professor,  Materials Sc. &Engg., IIT KANPUR",STEELMAKING and PROCESS MODELLING,4355.0,https://scholar.google.com/citations?hl=en&user=ldtmm4YAAAAJ
Abhas Singh,Indian Institute of Technology Kanpur,Environmental Engineering,4297.0,https://scholar.google.com/citations?hl=en&user=yJj7UlcAAAAJ
Bhaskar Dasgupta,Indian Institute of Technology Kanpur,"Robotics, CAD, Optimization, Molecular Docking, Applied Mathematics",4263.0,https://scholar.google.com/citations?hl=en&user=V6ddZSkAAAAJ
Koushik Pal,"Assistant Professor of Physics, IIT Kanpur","Theory & Simulations, Quantum & Energy Materials, Phonons, High-throughput DFT, Machine Learning",4187.0,https://scholar.google.com/citations?hl=en&user=8_BONbIAAAAJ
Sanjay Kumar Bose,"Professor (Retired), IIT Kanpur","Computer Networks, Performance Modelling",4161.0,https://scholar.google.com/citations?hl=en&user=BR6HchkAAAAJ
PRABODH BAJPAI,Indian Institute of Technology Kanpur,Power and energy system,4143.0,https://scholar.google.com/citations?hl=en&user=3YmwzZAAAAAJ
Anshu Gaur,Indian Institute of Technology Kanpur,"AOS, CNT, Graphene, Device Physics",4119.0,https://scholar.google.com/citations?hl=en&user=4_5_fDAAAAAJ
Debajyoti Paul,"Professor, Earth Sciences, Indian Institute of Technology Kanpur, India","geochemistry, petrology, silicate earth evolution",4101.0,https://scholar.google.com/citations?hl=en&user=ZXxSO7kAAAAJ
nalini sankararamakrishnan,"centre for environmental science and engineering, IIT kanpur","environmental chemistry, water treament, bioremediation",4100.0,https://scholar.google.com/citations?hl=en&user=ghkIXzAAAAAJ
Javed N Malik,"Professor, Department of Earth Sciences, IIT Kanpur","Earth Sciences, Paleoseismology, Paleo-tsunami",4054.0,https://scholar.google.com/citations?hl=en&user=aI17no0AAAAJ
Amitabha Bandyopadhyay,Indian Institute of Technology Kanpur,Developental Biology,4031.0,https://scholar.google.com/citations?hl=en&user=lgVuQfcAAAAJ
Venkitanarayanan Parameswaran,"Professor, Department of Mechanical Engineering, Indian Institute of Technology Kanpur …","Experimental Mechanics, Dynamic Fracture, High Strain Rate Response",4011.0,https://scholar.google.com/citations?hl=en&user=j2x0fREAAAAJ
Ashwani Kumar Thakur,"Biological Sciences and Bioengineering Department, Indian Institute of Technology, Kanpur …","Self-assembly of amino acids, peptides and proteins in diseases, biopharmaceuticals and material design",3802.0,https://scholar.google.com/citations?hl=en&user=wNB41PgAAAAJ
Sarvesh Chandra,"Former Professor of Civil Engineering, IIT Kanpur",Geotechnical Engineering,3802.0,https://scholar.google.com/citations?hl=en&user=szfwkgIAAAAJ
Prashant K. Bhattacharya,Former Professor: IIT-Kanpur & Former Director: RG Inst. of Petroleum Technology,"Membrane Separations, Environmental Pollution, Process Design & Development",3797.0,https://scholar.google.com/citations?hl=en&user=K6BecZcAAAAJ
VISHAL GOVIND RAO,"Associate Professor, Department of Chemistry, IIT Kanpur","Photocatalysis, Plasmonics, Single molecule Spectroscopy, Interfacial Electron Transfer, Dye",3731.0,https://scholar.google.com/citations?hl=en&user=v6tyWUIAAAAJ
Anamika Kushwaha,"PostDoc, Indian Institute of Technology Kanpur","Environment microbiology, PET degradation, Resource recovery, Biopolymer, Bioremediation",3676.0,https://scholar.google.com/citations?hl=en&user=0l9EkF0AAAAJ
Satyendra Kumar,Indian Institute of Technology Kanpur,"Solar Energy, silicon, ellipsometry, diamond",3674.0,https://scholar.google.com/citations?hl=en&user=hDP5bWIAAAAJ
Santosh K. Misra,"Associate Professor, Dept of Biological Sciences & Bioengineering, Indian Institute of …",Biomedical materials and devices,3669.0,https://scholar.google.com/citations?hl=en&user=qP9e2NYAAAAJ
Aditya Kiran Jagannatham,Professor IIT Kanpur,"Wireless Communication, AI, ML",3665.0,https://scholar.google.com/citations?hl=en&user=o1FPSU0AAAAJ
Archana Gupta,Department of mechanical engineering IIT kanpur,Electrohydrodynamics,3624.0,https://scholar.google.com/citations?hl=en&user=-nA-oS8AAAAJ
Partha Chakroborty,"Professor of Civil Engineering, IIT Kanpur, INDIA",,3530.0,https://scholar.google.com/citations?hl=en&user=e9mu8QUAAAAJ
Suresh Kumar,"Department of Biological Sciences and Bioengineering, Indian Institute of Technology …",Autophagy,3528.0,https://scholar.google.com/citations?hl=en&user=oW16WtYAAAAJ
Saikat Ghosh,"Associate Professor of Physics, IIT-Kanpur","Quantum Optics, Atomic Physics, Graphene Microscopy",3516.0,https://scholar.google.com/citations?hl=en&user=S7d6XNYAAAAJ
Amit Verma,"Department of Electrical Engineering, Indian Institute of Technology Kanpur","Semiconductors, Devices, Epitaxy, Thin Films, Transport",3495.0,https://scholar.google.com/citations?hl=en&user=OykKaoYAAAAJ
Sudhanshu Shekhar Singh,IIT Kanpur,"Laser Processing of alloys, Mechnical behavior of materials, Corrosion, nanoindentation",3484.0,https://scholar.google.com/citations?hl=en&user=N-snNaUAAAAJ
Vivek Verma,"Professor of Materials Science and Engineering, Indian Institute of Technology Kanpur","Biodegradable polymers, Biomaterials, Drug delivery, Protein and cell patterning",3479.0,https://scholar.google.com/citations?hl=en&user=tvzz0Q8AAAAJ
Purnendu Bose,IIT Kanpur,Environmental Engineering,3437.0,https://scholar.google.com/citations?hl=en&user=OGPhvW4AAAAJ
Arun K Saha,"Professor of Mechanical Engineering, Indian Institute of Technology Kanpur, Kanpur, India",… and Computational Fluid Dynamics and Heat …,3352.0,https://scholar.google.com/citations?hl=en&user=Ysp4S9sAAAAJ
Joydeep Chakrabortty,"Professor, IIT Kanpur",Theoretical Particle Physics,3351.0,https://scholar.google.com/citations?hl=en&user=eg1qeFoAAAAJ
Nitin Gupta,"Professor, Biological Sciences and Bioengineering, Indian Institute of Technology Kanpur","Systems neuroscience, olfaction, mental health",3344.0,https://scholar.google.com/citations?hl=en&user=CgfmObUAAAAJ
Ashis K. Patra,"Department of Chemistry, Indian Institute of Technology Kanpur, Kanpur 208016, Uttar …","lanthanides, luminescent probes, medicinal inorganic chemistry",3334.0,https://scholar.google.com/citations?hl=en&user=z13hFQkAAAAJ
Prabir Kumar Basudhar,IIT Kanpur,,3301.0,https://scholar.google.com/citations?hl=en&user=KomrXwQAAAAJ
Mangal Kothari,"Senior Principal Engineer, ADASI | Aerospace GNC | Former Professor, IIT Kanpur","Flight Control, Guidance & Navigation, Flight Dynamics, Autonomous Aerospace Systems",3280.0,https://scholar.google.com/citations?hl=en&user=cbtKb54AAAAJ
Tanmoy Maiti,"Professor, IIT Kanpur","Thermoelectrics, Perovskite Solar Cell, Nanophotonics, Electronic Materials & Devices",3209.0,https://scholar.google.com/citations?hl=en&user=KP1phTkAAAAJ
Nisanth N. Nair,Indian Institute of Technology Kanpur,chemistry,3199.0,https://scholar.google.com/citations?hl=en&user=yR99mt8AAAAJ
Pramod Subramanyan,Indian Institute of Technology Kanpur,"formal methods, security",3162.0,https://scholar.google.com/citations?hl=en&user=D1Harq4AAAAJ
Arnab Bhattacharya,"Computer Science and Engineering, Indian Institute of Technology, Kanpur","Databases, Data Mining, Natural Language Processing, Information Retrieval, Artificial Intelligence",3152.0,https://scholar.google.com/citations?hl=en&user=Sk-JV9QAAAAJ
Ashutosh Modi,Indian Institute of Technology Kanpur,"NLP, MechInterp, Affective Computing, Legal AI, Sign Language",3129.0,https://scholar.google.com/citations?hl=en&user=AWu6f60AAAAJ
Siddhartha Panda,"Department of Chemical Engineering, IIT Kanpur, India",Chemical sensors,3113.0,https://scholar.google.com/citations?hl=en&user=gZsYdE8AAAAJ
Prabhat K Dwivedi,"Centre for Nnaosciences, Indian Institute of Technology Kanpur, India-208016","Material science, micro-nanofabrication, Chemical/bio sensing",3074.0,https://scholar.google.com/citations?hl=en&user=WmWgP8IAAAAJ
Ramasubbu Sankararamakrishnan,"Department of Biological Sciences and Bioengineering, Indian Institute of Technology …",,3035.0,https://scholar.google.com/citations?hl=en&user=L-wotv8AAAAJ
Rajesh M Hegde,Professor at Indian Institute of Technology Kanpur,"Federated Learning, Sensor Array Signal Processing, Wireless Networks, Spatial Audio",3001.0,https://scholar.google.com/citations?hl=en&user=tmcYDIMAAAAJ
Anupam Saxena,"Mechanical Engineering, Indian Institute of Technology Kanpur",Compliant Mechanisms And Robotic Systems,2996.0,https://scholar.google.com/citations?hl=en&user=WAU8tVUAAAAJ
Pankaj Wahi,"Mechanical Engineering, IIT Kanpur","Nonlinear Dynamics, Reduced order modeling, Vibration Control, Time-delay systems",2995.0,https://scholar.google.com/citations?hl=en&user=-Ww271QAAAAJ
Sukumar Vellakkal,"Associate Professor of Economics, IIT Kanpur","Macroeconomics and policies, Social protection, Public health economics, NCDs, Impact evaluation",2945.0,https://scholar.google.com/citations?hl=en&user=7bu1CpAAAAAJ
Alpna singh,IIT Kanpur,"Image Processing, Fuzzy Logic, Face Recognition",2934.0,https://scholar.google.com/citations?hl=en&user=YvXozZAAAAAJ
Uday Shanker Racherla,"Professor of Innovation & Intellectual Property Management, Indian Institute of Technology …","Strategy, Innovation, Intellectual Property Management, Technology Management & Sustainability",2932.0,https://scholar.google.com/citations?hl=en&user=iW2JXucAAAAJ
Jishnu Bhattacharya,"Mechanical Engineering, IIT Kanpur, India","Li-ion battery, Computational material science, solar energy harvesting and storage, thermal management",2902.0,https://scholar.google.com/citations?hl=en&user=DX1mC9oAAAAJ
Animangsu Ghatak,"Professor, Department of Chemical Engineering, IIT Kanpur","Adhesion, friction, wetting, instability at soft interfaces, elastocapillary effect",2894.0,https://scholar.google.com/citations?hl=en&user=F3Zn-Y4AAAAJ
Bishakh Bhattacharya,"Professor, Department of Mechanical Engineering IIT Kanpur","Vibration Control, Structural Health Monitoring, Energy Harvesting System, CSI in Flexible Body Motion, Intelligent System Design",2889.0,https://scholar.google.com/citations?hl=en&user=No3sAKkAAAAJ
Peeyush Chandra,"Professor ( Retired), Department of Mathematics & Statistics, IIT Kanpur","Mathematical Biology, Biofluid Mechanics, Fluid Mechanics",2880.0,https://scholar.google.com/citations?hl=en&user=slwXhB4AAAAJ
Ashoke De,Indian Institute of Technology Kanpur,"CFD, IBM, Multi-phase, FSI, High-speed flows",2833.0,https://scholar.google.com/citations?hl=en&user=9EKv4ZAAAAAJ
Monica Katiyar,"Professor of Materials Science and Engineering, IIT Kanpur","Electronic materials, semiconductors, organic electronics, printable and flexible electronics",2824.0,https://scholar.google.com/citations?hl=en&user=UIQXo8oAAAAJ
Prof Debi  Prasad Mishra,"Professor, IIT Kanpur","Combustion, Propulsion, Heat transfer, Materials, Image Processing",2816.0,https://scholar.google.com/citations?hl=en&user=BFqFI9sAAAAJ
Manoj K. Harbola,"Professor, Department of Physics, Indian Institute of Technology, Kanpur","Electronic structure, density-functional theory",2788.0,https://scholar.google.com/citations?hl=en&user=ZK5Ro8MAAAAJ
Ashutosh Kumar Tripathi,"R&D Team Leader, Indian Institute of Technology Kanpur","Semiconductors, ferroelectric, flexible electronics, thin film transistors, wearable",2786.0,https://scholar.google.com/citations?hl=en&user=R3EFU6QAAAAJ
Prakash Chandra Mondal,"Associate Professor of Chemistry, IIT Kanpur","Molecular electronics, organic electronics, electrochromics, nanofabrication, coordination chemistry",2758.0,https://scholar.google.com/citations?hl=en&user=9oAP73YAAAAJ
Dr. Madhusree Kole,IIT Kanpur,"Nanotechnology, Thermophysical Properties, Soft Condensed Matter Physics, Experimental Physics",2719.0,https://scholar.google.com/citations?hl=en&user=tkoJdKsAAAAJ
Wasim Ahmad,"Associate Professor, Indian Institute of Technology Kanpur","Macroeconomics, International Finance and Econometric …",2696.0,https://scholar.google.com/citations?hl=en&user=qXu4zDMAAAAJ
Anupam Sharma,Post Doctoral Fellow IIT Kanpur,fixed point theory,2660.0,https://scholar.google.com/citations?hl=en&user=LSi7JywAAAAJ
V. Shankar,"Professor of Chemical Engineering, Indian Institute of Technology, Kanpur, India","Hydrodynamic stabiilty, flow past deformable solid surfaces, viscoelastic flows",2645.0,https://scholar.google.com/citations?hl=en&user=7b6Q1LoAAAAJ
Sumit Basu,Indian Institute of Technology Kanpur,Mechanics of deformation and failure in solids,2644.0,https://scholar.google.com/citations?hl=en&user=bWWPNVQAAAAJ
Samit Ray Chaudhuri,"Professor, Dept of Civil Engineering, Indian Institute of Technology Kanpur","Earthquake engineering, Structural damage detection",2631.0,https://scholar.google.com/citations?hl=en&user=LHvaAggAAAAJ
Dr. SATYABRATA SUBUDHI,"Postdoctoral Researcher, IIT KANPUR","Material chemistry, MOF, COF, Photocatalysis",2627.0,https://scholar.google.com/citations?hl=en&user=mDL7EXcAAAAJ
Animesh Biswas,Indian Institute of Technology Kanpur,"RF, Microwave and MM waves Technique",2619.0,https://scholar.google.com/citations?hl=en&user=WkcdYfUAAAAJ
Dr. Shailesh Kumar Shivakumar,IIT Kanpur,"Software Engineering, Performance Engineering, Web Analytics",2567.0,https://scholar.google.com/citations?hl=en&user=8VmTqC4AAAAJ
Sumit Ganguly,"Indian Institute of Technology, Kanpur",Computer Science,2528.0,https://scholar.google.com/citations?hl=en&user=XwNzJl0AAAAJ
Indranil Saha,Professor at Indian Institute of Technology Kanpur,"Cyber-Physical Systems, Formal Methods, Artificial Intelligence, Robotics",2522.0,https://scholar.google.com/citations?hl=en&user=F6QSFGkAAAAJ
Vaibhav Arghode,Indian Institute of Technology - Kanpur,"Combustion, Heat Transfer, Fluid Mechanics, Experimental Methods, Computational Fluid Dynamics",2499.0,https://scholar.google.com/citations?hl=en&user=Rsgsi4EAAAAJ
Shubham Sahay,"Associate Professor, Department of Electrical Engineering, IIT Kanpur","Nanoscale Device Design and Modeling, Neuromorphic Computing, Hardware Security",2488.0,https://scholar.google.com/citations?hl=en&user=Ggj-hOQAAAAJ
Prof. Maddali LN Rao,"Department of Chemistry, IIT Kanpur, Kanpur-208016, INDIA","Organometallics, Cross-coupling reactions, Triarylbismuth reagents, Organic Synthesis, Green Chemistry",2482.0,https://scholar.google.com/citations?hl=en&user=-cju2JoAAAAJ
Priyanka Ghosh,"Professor, Indian Institute of Technology Kanpur","Geotechnical Engineering, Method of characteristics, Soil dynamics, Geotechnical earthquake engineering",2481.0,https://scholar.google.com/citations?hl=en&user=Vb-NjlwAAAAJ
Joydeep Dutta,"Professor, Department of Economic Sciences, Indian Institute of Technology, Kanpur, India",optimization theory,2447.0,https://scholar.google.com/citations?hl=en&user=9nnSY5EAAAAJ
Veejendra K Yadav,Indian Institute of Technology Kanpur,Organic Chemistry,2440.0,https://scholar.google.com/citations?hl=en&user=vnTu9gwAAAAJ
Apparao Draksharapu,"Associate Professor at IIT Kanpur, Inida","Bio-Inorganic chemistry, Spectroscopy, Electrocatalysis",2439.0,https://scholar.google.com/citations?hl=en&user=uYvTcDkAAAAJ
S. Sarkar,"Professor, Mechanical Engineering, Indian Institute of Technology Kanpur","Turbomachinery, CFD, Transition, Turbulence, LES and DNS.",2416.0,https://scholar.google.com/citations?hl=en&user=BIg1NqAAAAAJ
Amitangshu Pal,"Assistant Professor, IIT Kanpur","Wireless & Sensor Networks, CPS-IoT & Smart Environments",2410.0,https://scholar.google.com/citations?hl=en&user=ggI0kmMAAAAJ
Chandra Upadhyay,IIT Kanpur,"finite element analysis, composites, damage",2397.0,https://scholar.google.com/citations?hl=en&user=5ND4bdQAAAAJ
Abheejeet Mohapatra,Indian Institute of Technology Kanpur,"Power System Optimization, Power System Protection, Power System Control",2380.0,https://scholar.google.com/citations?hl=en&user=0FWEIHoAAAAJ
Neeraj Misra,"Professor, Indian Institute of Technology Kanpur",Statistics,2379.0,https://scholar.google.com/citations?hl=en&user=sPpt278AAAAJ
Manish Kulkarni,"IIT, Kanpur","Materials Science, polymers, sol-gel, aerogels, nanotechnology",2357.0,https://scholar.google.com/citations?hl=en&user=b8Hi8sMAAAAJ
Ashish Dutta,"Professor of Mechanical Engineering, IIT Kanpur","motion planning in 3D, grasping, biped locomotion, hand and leg exoskeletons, BCI for robot control",2337.0,https://scholar.google.com/citations?hl=en&user=L_yBwIIAAAAJ
Anand Kumar Jha,"Indian Institute of Technology Kanpur, India","Quantum Optics, Optical Coherence, Quantum Entanglement",2330.0,https://scholar.google.com/citations?hl=en&user=1tLGPxcAAAAJ
Kanwar Nalwa,"Associate Professor, Department of Sustainable Energy Engineering, IIT Kanpur","Organic solar cells, Perovskite Solar cells, Energy storage materials",2283.0,https://scholar.google.com/citations?hl=en&user=tTBFbS8AAAAJ
Mohua Banerjee,IIT Kanpur,"Rough set theory and applications, Mathematical Logic",2271.0,https://scholar.google.com/citations?hl=en&user=naPuR7cAAAAJ
Dr. Nihar Ranjan Patra,IIT Kanpur,"Soil Mechanics, Geotechnical Engineering, Geotechnical earthquake engineering, Foundation",2268.0,https://scholar.google.com/citations?hl=en&user=rqPb0_kAAAAJ
Prabhat Munshi,Indian Institute of Technology Kanpur,"Tomography, Nuclear Safety, Tomography Error, Nuclear Engineering, NDT",2255.0,https://scholar.google.com/citations?hl=en&user=fX8XRcwAAAAJ
Yatindra Nath Singh,"Professor (HAG), EE, IIT Kanpur; Mentor- YRRNA Systems Lab (www.yrrna.com)","P2P Networks, Overlaid Multicasting, wireless sensor networks, Optical Networks, Switching Systems",2223.0,https://scholar.google.com/citations?hl=en&user=iX849jIAAAAJ
Gopalakrishna M. Kamath,"Indian Institute of Technology, Kanpur","IVHM, Structural Health Monitoring, Composites",2215.0,https://scholar.google.com/citations?hl=en&user=UvtzmuQAAAAJ
Krishnacharya Khare,"Department of Physics, Indian Institute of Technology Kanpur",Soft Matter Physics,2212.0,https://scholar.google.com/citations?hl=en&user=Vtdlw6oAAAAJ
Surender Baswana,"Professor, Department of Computer Science and Engineering, IIT Kanpur, INDIA.",Design and analysis of algorithms,2209.0,https://scholar.google.com/citations?hl=en&user=U42j5MkAAAAJ
P Sensarma,Indian Institute of Technology Kanpur,"Power Electronics, Renewable Energy",2181.0,https://scholar.google.com/citations?hl=en&user=KCx9B3MAAAAJ
Sudeep Bhattacharjee,"Professor of Physics, Indian Institute of Technology, Kanpur","Plasma physics, Ion beam physics, Focused ion beams, Nanoscale physics",2159.0,https://scholar.google.com/citations?hl=en&user=gGHa4IgAAAAJ
"Srinivas Dharavath, Associate Professor, Chemistry",Indian Institute of Technology Kanpur (IITK),"High Energy Materials, Bio active molecule, MOFs, COFs, Energetic Oxidizers Propalents",2150.0,https://scholar.google.com/citations?hl=en&user=vnKnLcMAAAAJ
Ketan Rajawat,IIT Kanpur,"Optimization, Signal Processing",2121.0,https://scholar.google.com/citations?hl=en&user=56rGYOYAAAAJ
Rajesh Srivastava,"Former Professor of Civil Engineering, Indian Institute of Technology Kanpur",Flow through porous media,2068.0,https://scholar.google.com/citations?hl=en&user=8a0etmcAAAAJ
Nilay Kundu,"Dept. of Physics, IIT Kanpur, India","Gravity, QFT, AdS/CFT correspondence",2026.0,https://scholar.google.com/citations?hl=en&user=ChIzZiAAAAAJ
Pradip Sircar,"Professor of Electrical Engineering, Indian Institute of Technology Kanpur","Signal Processing, Systems Theory, Communications, Computations",2016.0,https://scholar.google.com/citations?hl=en&user=P6AOW3sAAAAJ
Gopakumar Thiruvancheril,Indian Institute of Technology Kanpur,"surface science, molecular electronics, STM",1998.0,https://scholar.google.com/citations?hl=en&user=Wm4GC8YAAAAJ
Gautam Sengupta,"Department. of Physics, IIT Kanpur","String Theory, Quantum Gravity, AdS-CFT Correspondence",1974.0,https://scholar.google.com/citations?hl=en&user=4zs5pkwAAAAJ
Gurunath Ramanathan,IIT Kanpur,"Protein and peptide chemistry, Environmental Biochemistry",1971.0,https://scholar.google.com/citations?hl=en&user=LpkJXAEAAAAJ
KP Rajeev,"Professor of Physics, IIT Kanpur","Condensed Matter Physics, Low Energy Nuclear Reactions",1952.0,https://scholar.google.com/citations?hl=en&user=kKDuAkgAAAAJ
Ramesh Ramapanicker,"Professor of Chemistry, Indian Institute of Technology Kanpur","Organic Chemistry, Bioorganic Chemistry, Peptide Science",1943.0,https://scholar.google.com/citations?hl=en&user=24EDuDUAAAAJ
Angshuman Karmakar,"Assistant Professor, Department of Computer Science and Engineering, IIT Kanpur","Cryptography, Computer Security",1940.0,https://scholar.google.com/citations?hl=en&user=Ddlv5TwAAAAJ
SS Banerjee,"Department of Physics, IIT Kanpur","Superconductivity, magnetism, Topological Insulators, Transport in biological systems",1917.0,https://scholar.google.com/citations?hl=en&user=PZH2sWkAAAAJ
Srinivas K. Yadavalli,IIT Kanpur,"Materials Science, Solar Cells, Materials Processing, Mechanics, Batteries",1901.0,https://scholar.google.com/citations?hl=en&user=Gif-le8AAAAJ
Deshdeep Sahdev,"Professor of Physics, IIT, Kanpur","High energy physics, cosmology, microscopy",1874.0,https://scholar.google.com/citations?hl=en&user=0_C5beIAAAAJ
Vivek Verma,Assistant Professor at Indian Institute of Technology (IIT) Kanpur,"e-waste, recycling, Hydrometallurgy, bulk X-ray characterization, Aqueous Batteries",1849.0,https://scholar.google.com/citations?hl=en&user=o9AfQKcAAAAJ
Partha Ghoshdastidar,"Professor of Dept. of Mechanical Engineering, Indian Institute of Technology Kanpur",Computational Heat Transfer,1828.0,https://scholar.google.com/citations?hl=en&user=5r6Qh9QAAAAJ
Santanu Misra,Indian Institute of Technology Kanpur,"Structural Geology, Rock Mechanics, Rheology, Rock Physics",1827.0,https://scholar.google.com/citations?hl=en&user=QU9R-I8AAAAJ
amitabha mukerjee,IIT Kanpur,"machine learning, computer vision, Artificial intelligence, cognitive science, robotics",1793.0,https://scholar.google.com/citations?hl=en&user=6lD1AscAAAAJ
Braj Bhushan,IIT Kanpur,"Cognitive Neuropsychology, Emotion Science, Trauma Psychology, Cognitive Design",1790.0,https://scholar.google.com/citations?hl=en&user=C2iVFoQAAAAJ
Dr. Dinesh De,IIT Kanpur,"Metal Organic Framework, Heterogeneous Catalysis, Cryptand",1771.0,https://scholar.google.com/citations?hl=en&user=dZd3BIQAAAAJ
Rajesh Sathiyamoorthy,"Professor of Civil Engineering, Indian Institute of Technology Kanpur",Geotechnical Engineering,1761.0,https://scholar.google.com/citations?hl=en&user=ytKPYOcAAAAJ
Dr. Baghendra Singh,Indian Institute of Technology Kanpur,"MOF-derived catalysts, PBA-based materials, Energy Conversion, Hybrid water electrolysis",1752.0,https://scholar.google.com/citations?hl=en&user=hZsFmycAAAAJ
Sudib K Mishra,"Professor, Department of Civil Engineering, Indian Institute of Technology Kanpur","Structural Dynamics and Vibration, Structural Monitoring, Probabilistic Safety Assessment, Structural Instability, Computational",1748.0,https://scholar.google.com/citations?hl=en&user=mKQFR2MAAAAJ
Bharat Lohani,"Civil Engineering, IIT Kanpur,","LiDAR, Laser Scanning, Remote Sensing, GIS, Surveying",1746.0,https://scholar.google.com/citations?hl=en&user=Eyt5YqoAAAAJ
Prishati Raychowdhury,"Department of Civil Engineering, Indian Institute of Technology Kanpur",Geotechnical Earthquake Engineering,1743.0,https://scholar.google.com/citations?hl=en&user=Vewed7cAAAAJ
Tarun Kanti Ghosh,"Professor, Department of Physics, IIT-Kanpur, India","Topology in Condensed Matter Physics, spin-orbit coupled systems, 2D materials, quantum gases",1733.0,https://scholar.google.com/citations?hl=en&user=dCMScdEAAAAJ
ARNAB GHOSH,Indian Institute of Technology Kanpur,"Quantum Thermodynamics, Quantum Transport, Nonequilibrium Statistical Mechanics",1721.0,https://scholar.google.com/citations?hl=en&user=eGh5KAQAAAAJ
Appu Kumar Singh,IIT Kanpur,Structural Biology of membrane proteins,1706.0,https://scholar.google.com/citations?hl=en&user=mP9j66UAAAAJ
Debtosh Chowdhury,"Department of Physics, IIT Kanpur","Theoretical Particle Physics, Cosmology",1685.0,https://scholar.google.com/citations?hl=en&user=L51KRaQAAAAJ
Sayak Ray Chowdhury,"Assistant Professor of Computer Science and Engineering, Indian Institute of Technology …","Bandits, RL, Alignment, Privacy, Fairness",1678.0,https://scholar.google.com/citations?hl=en&user=Q0_CaxYAAAAJ
Rohit Medwal,"Assistant Professor, Indian Institute of Technology Kanpur","Nanomagnetism, Spin Pumping, Spintronics, THz spintronics, Operando TEM",1675.0,https://scholar.google.com/citations?hl=en&user=c7_mR2gAAAAJ
Amarendra Singh,IIT Kanpur,"Solidification, ICME, Steel Refining and Casting",1673.0,https://scholar.google.com/citations?hl=en&user=smI8kc8AAAAJ
Ganapathi Anantharaman,"Deparment of Chemistry, IIT Kanpur","Main group, Coordination and Organometallic Chemistry",1673.0,https://scholar.google.com/citations?hl=en&user=TnmlVXwAAAAJ
Narendra K Sharma,"Former Professor of psychology/Management, iit kanpur","cognitive psychology, Marketing, Multivariate Analysis",1667.0,https://scholar.google.com/citations?hl=en&user=depp7eQAAAAJ
Namrata Singh,Indian Institute of Technology Kanpur,"Material Chemistry, Nanocatalysis, Bioinorganic Chemistry, Chemical Biology",1662.0,https://scholar.google.com/citations?hl=en&user=Qysbm08AAAAJ
Dharmaraja Allimuthu,"Assistant Professor, IIT Kanpur",Chemical Biology and Drug Discovery,1655.0,https://scholar.google.com/citations?hl=en&user=yqeC5O8AAAAJ
Vishal Agarwal,Indian Institute of Technology Kanpur,"Heterogeneous catalysis, Renewable Energy, DFT Calculations, Rare-event simulations",1646.0,https://scholar.google.com/citations?hl=en&user=gzF99IMAAAAJ
Shakti S Gupta,"Indian Institute of Technology Kanpur, Kanpur, India",Engineering science and mechanics,1637.0,https://scholar.google.com/citations?hl=en&user=5dZryMIAAAAJ
Lalit M. Pant,"Assistant Professor, Indian Institute of Technology Kanpur","Hydrogen Energy, electrochemical systems, electrolysis, fuel cells, numerical modeling",1636.0,https://scholar.google.com/citations?hl=en&user=-HCCrGsAAAAJ
Nalinaksh S. Vyas,"Professor of Mechanical Engineering, Indian Institute of Technology Kanpur","Rotor Dynamics, Parameter Estimation, Neural Networks, Railway Dynamics, Deep Learning",1634.0,https://scholar.google.com/citations?hl=en&user=SFCcy7kAAAAJ
Dr. Trailokya Saud,"National Aerosol Facility, IIT Kanpur",Atmospheric & Physical Sciences,1628.0,https://scholar.google.com/citations?hl=en&user=oR8XMfkAAAAJ
Satish C Agarwal,"Emeritus Scientist, Physics Department, IIT Kanpur","Condensed Matter Physics, Semiconductors, Amorphous, nano crystallinr and crystalline",1626.0,https://scholar.google.com/citations?hl=en&user=d848H5IAAAAJ
Ajay V. Singh,"Associate Professor, Indian Institute of Technology Kanpur","Combustion and Reacting Flows, Fire Dynamics, Flame Synthesis, Soot, Detonations",1625.0,https://scholar.google.com/citations?hl=en&user=WR7-qWwAAAAJ
Pranamesh Chakraborty,"Assistant Professor, IIT Kanpur","Transportation, Machine Learning, Computer Vision, Big Data",1619.0,https://scholar.google.com/citations?hl=en&user=NimM6-gAAAAJ
Yashowanta N Mohapatra,Indian Institute of Technology Kanpur,"Semiconductors, Electronic Materials, Condesed Matter Experimental Physics",1610.0,https://scholar.google.com/citations?hl=en&user=Yoqn56gAAAAJ
Sai Prasad Pydi,"Assistant Professor, BSBE, IIT-Kanpur, India","GPCR Biology, Diabetes, Obesity, and  Drug Discovery",1598.0,https://scholar.google.com/citations?hl=en&user=VLWGR5gAAAAJ
Amey Karkare,"Faculty, Department of Computer Science, IIT Kanpur","Compilers, Programming Languages, Program Synthesis",1592.0,https://scholar.google.com/citations?hl=en&user=WPLq_rQAAAAJ
Jagdish Prasad Sahoo,"Professor, Department of Civil Engineering, Indian Institute of Technology Kanpur, India","Foundation Engineering, Stability of slopes and underground openings, Earth retaining structures",1592.0,https://scholar.google.com/citations?hl=en&user=7zZPgJQAAAAJ
Shashank Shekhar,"Professor, IIT Kanpur","physical metallurgy, grain boundary, triple junction, machining, severe plastic deformation",1590.0,https://scholar.google.com/citations?hl=en&user=nuk_RT0AAAAJ
Nitin Kaistha,Indian Institute of Technology Kanpur,Process design and plantwide control,1580.0,https://scholar.google.com/citations?hl=en&user=sqWBgpMAAAAJ
Saktipada Ghorai,"Department of Mathematics and Statistics, Indian Institute of Technology, Kanpur 208016 …",Mathematical Biology,1564.0,https://scholar.google.com/citations?hl=en&user=swqeW_gAAAAJ
ankush sharma,Indian Institute of Technology Kanpur,"Power Systems, Smart Grid, State Estimation, Multi Agent Systems, Internet of Things",1553.0,https://scholar.google.com/citations?hl=en&user=36T5WAYAAAAJ
Shikha Awasthi,World's Top 2% Scientist | IIT Kanpur | IISc Bangalore,"Materials Chemistry, Biomaterials, Coatings, Hydrogels",1547.0,https://scholar.google.com/citations?hl=en&user=4JGY8qwAAAAJ
Apratim Kaviraj,"Physics department, IIT Kanpur, Kanpur - 208016, India","Quantum Field Theory, Conformal Field Theory, Critical Phenomena",1534.0,https://scholar.google.com/citations?hl=en&user=vHxaPP0AAAAJ
Dibyendu Kumar Das,"Associate Professor, Indian Institute of Technology Kanpur","Single Molecule Biophysics, Virology, Immunology",1528.0,https://scholar.google.com/citations?hl=en&user=MJcXrOkAAAAJ
Arijit Kundu,Indian Institute of Technology Kanpur,Theoretical Condensed Matter Physics,1511.0,https://scholar.google.com/citations?hl=en&user=bVeA1CIAAAAJ
Amarendra Edpuganti,"Assistant Professor, IIT Kanpur",Electric vehicles Power Electronics …,1511.0,https://scholar.google.com/citations?hl=en&user=Ln7HVHgAAAAJ
Rohit Budhiraja,Professor IIT Kanpur,"Machine Learning, 6G, Gigantic MIMO, ISAC",1507.0,https://scholar.google.com/citations?hl=en&user=YvTz-hkAAAAJ
Savitha Govardhan,Indian Institute of Technology Kanpur,"Crystallography, Structural Biology, Biophysics, Bioinformatics",1494.0,https://scholar.google.com/citations?hl=en&user=y4jfG88AAAAJ
Abhijit Kushari,IIT Kanpur,"Aerospace Propulsion, Combustion, Atomization, Turbomachinery",1481.0,https://scholar.google.com/citations?hl=en&user=Un8vz_AAAAAJ
Saroj Chooramani Gopal,"Distinguished Professor of pediatric surgery, IMS BHU & Distinguished visiting Professor IIT …","Stem cell research, Injured spinal cord regeneration",1474.0,https://scholar.google.com/citations?hl=en&user=10rWC0MAAAAJ
Avinash Kumar,"Post-Doc Fellow, Indian Institute of Technology Kanpur","Science, Technology and Society",1453.0,https://scholar.google.com/citations?hl=en&user=uoJferoAAAAJ
Anoop Singh,"Founder, Centre for Energy Regulation (CER) and Energy Analytics Lab (EAL), Dept. of IME …","energy economics, electricity regulation, infrastructure, renewable energy",1449.0,https://scholar.google.com/citations?hl=en&user=7HNkHREAAAAJ
Prerna Gautam,"Indian Institute of Technology, Kanpur","Inventory and Production Management, Supply Chain Management, Waste Management, Sustainability",1447.0,https://scholar.google.com/citations?hl=en&user=tGN2X7oAAAAJ
Dr. Shiromani Balmukund  Rahi,"Assistant Professor(Gautam Buddha University)&Associated-Researcher|(IIT Kanpur),|Editor …","Semiconductor Device Modeling …, Tunnel FET, NCFET, Nanosheet FETs",1413.0,https://scholar.google.com/citations?hl=en&user=RK-06-EAAAAJ
Himanshu Sharma,Indian Institute of Technology Kanpur,"Colloids & interfaces, porous media, CO2 capture & sequestration, enhanced oil recovery",1404.0,https://scholar.google.com/citations?hl=en&user=DHVXPg0AAAAJ
Adrish Banerjee,"Professor, Indian Institute of Technology Kanpur","Coding Theory, Molecular Communications, Machine Learning for Communications",1403.0,https://scholar.google.com/citations?hl=en&user=GzL_rT0AAAAJ
Shikhar Misra,IIT Kanpur,"Functional Thin Films, Ceramic nanocomposites, Epitaxy, Scientific machine Learning",1385.0,https://scholar.google.com/citations?hl=en&user=vfrXn3cAAAAJ
Venkata Mothika Suresh,IIT Kanpur India,Organic Materials,1367.0,https://scholar.google.com/citations?hl=en&user=DJyDHK8AAAAJ
Aditya H Kelkar,"Associate professor, Indian Institute of Technology Kanpur, Kanpur, India",Atomic and molecular physics,1351.0,https://scholar.google.com/citations?hl=en&user=oWWxV4IAAAAJ
Mohit Law,"Professor, IIT Kanpur","Machine tool dynamics, Visual vibrometry, Vibration control, Machining stability",1349.0,https://scholar.google.com/citations?hl=en&user=_aAqFd0AAAAJ
Jitender Kumar,IIT Kanpur,"Branding, Consumer Psychology, Brand Communities, Psychological Ownership, Sustainable Consumption",1345.0,https://scholar.google.com/citations?hl=en&user=NBf9AXsAAAAJ
Veena Bansal,"Professor, Department Management Sciences, IIT Kanpur","Information Systems, ERP, Applied Machine Learning",1344.0,https://scholar.google.com/citations?hl=en&user=4no4Z7wAAAAJ
Dootika Vats,"Associate Professor, Indian Institute of Technology Kanpur","Markov Chain Monte Carlo, Monte Carlo Methods, Stochastic Processes, Bayesian Statistics",1343.0,https://scholar.google.com/citations?hl=en&user=sZT_wEAAAAAJ
Aakash C. Rai,"Department of Sustainable Energy Engineering, IIT Kanpur","Energy Efficient Buildings, Air Pollution",1341.0,https://scholar.google.com/citations?hl=en&user=k_RKxgYAAAAJ
Arunabh Meshram,"Assistant Professor, Indian Institute of Technology Kanpur",Extractive Metallurgy,1331.0,https://scholar.google.com/citations?hl=en&user=wOfssCUAAAAJ
Sudipta Dubey,IIT Kanpur,Condensed Matter Physics,1329.0,https://scholar.google.com/citations?hl=en&user=CQAVNBoAAAAJ
Arghya Das,"Professor, Indian Institute of Technology Kanpur","Mechanics of granular materials, Constitutive modelling of geomaterials, material instability",1326.0,https://scholar.google.com/citations?hl=en&user=PkCuEc4AAAAJ
Sayan Kumar Das,"Postdoc, IIT Kanpur","string theory, ads/cft, gravity",1314.0,https://scholar.google.com/citations?hl=en&user=25nzsr0AAAAJ
Rakesh Kumar,"Professor of Aerospace Engineering, IIT Kanpur","Compressible Flows, Rarefied Gas Dynamics, Dusty-gas Flows, Heat transfer and thermal design",1304.0,https://scholar.google.com/citations?hl=en&user=4CAPgroAAAAJ
Jayita Nayak,Indian Institute of Technology Kanpur,"Electronic structure, Topological insulator, High Tc super conductor",1303.0,https://scholar.google.com/citations?hl=en&user=SiLWHjYAAAAJ
Ajit Chaturvedi,IIT Kanpur,Communications,1294.0,https://scholar.google.com/citations?hl=en&user=8cRe95wAAAAJ
Srihari Keshavamurthy,"Professor of Chemistry, Indian Institute of Technology Kanpur","Theoretical Chemistry, Chemical Physics",1289.0,https://scholar.google.com/citations?hl=en&user=tY01k34AAAAJ
Kaustubh Kulkarni,Indian Institute of technology Kanpur,"Multicomponent Diffusion, Physical Metallurgy, heat Treatments, Alloy Design",1284.0,https://scholar.google.com/citations?hl=en&user=WN_QrysAAAAJ
Prabhakar TV,"Professor, Dept of CSE, IIT Kanpur","software architecture, cloud computing, design patterns",1282.0,https://scholar.google.com/citations?hl=en&user=vWvglUgAAAAJ
Prabin Kumar Ashish,"Assistant Professor, Indian Institute of Technology Kanpur","Rheology of asphaltic materials and their …, design of asphaltic and concrete pavement",1278.0,https://scholar.google.com/citations?hl=en&user=lVwu-pAAAAAJ
SOUMYA RANJAN SAHOO,INDIAN INSTITUTE OF TECHNOLOGY KANPUR,"Multi-agent system, consensus, microgrid, Nonlinear control",1271.0,https://scholar.google.com/citations?hl=en&user=upTXUmkAAAAJ
Nilesh Tiwari,IIT Kanpur,"Microwaves, Sensors, Substrate Integrated Waveguide",1268.0,https://scholar.google.com/citations?hl=en&user=zFLMfkIAAAAJ
Grace Kaul,"DST INSPIRE Faculty Fellow, Indian Institute of Technology, Kanpur","Antimicrobial Drug Discovery, Antimicrobial resistance, ESKAPE pathogens",1266.0,https://scholar.google.com/citations?hl=en&user=qg3KA1MAAAAJ
Diptarka Das,IIT-Kanpur,"String Theory, Condensed matter physics",1260.0,https://scholar.google.com/citations?hl=en&user=BNpPSxMAAAAJ
Nandini Gupta,IIT Kanpur,dielectrics,1250.0,https://scholar.google.com/citations?hl=en&user=aNRIsykAAAAJ
Rakesh Kumar Majhi,"Assistant Professor, Indian Institute of Technology Kanpur, India","Ion channels, Immune cells, Host-pathogen interaction, Biomaterials, Reproduction",1234.0,https://scholar.google.com/citations?hl=en&user=YwYmlCwAAAAJ
Soumen Payra,IIT Kanpur,"Organic Synthesis, Nano Catalysis, Mesoporous Materials.",1232.0,https://scholar.google.com/citations?hl=en&user=N8LhzPkAAAAJ
Arpita Hazra Chowdhury,"Postdoctoral Fellow, IIT Kanpur","Materials Science, Nanotechnology, Catalysis, Water treatment, Synthesis of fine chemicals",1218.0,https://scholar.google.com/citations?hl=en&user=CK28zMQAAAAJ
Debapriya Basu Roy,"Assistant Professor, IIT Kanpur","Cryptography, Hardware Security & Design, Side Channel Analysis",1203.0,https://scholar.google.com/citations?hl=en&user=bVX8VCoAAAAJ
Hamim Zafar,"Associate Professor, Indian Institute of Technology, Kanpur","Computational Biology, Bioinformatics, Machine Learning, Optimization, Single-cell Sequencing",1201.0,https://scholar.google.com/citations?hl=en&user=4LeNas8AAAAJ
Lichchhavi,"Indian Institute of Technology (IIT) Kanpur, India.","Corrosion Science, Energy Storage, Electrochemical Sensors, Electrochemistry",1197.0,https://scholar.google.com/citations?hl=en&user=hIKAxtAAAAAJ
Gannavarpu Rajshekhar,"Professor, Indian Institute of Technology Kanpur","Quantitative phase imaging, Biomedical optics, Non-invasive precision metrology, Digital holography",1193.0,https://scholar.google.com/citations?hl=en&user=v7PVtCwAAAAJ
Dr. Shambhavi Rai,Indian Institute of Technology Kanpur,PEROVSKITE SOLAR CELL,1172.0,https://scholar.google.com/citations?hl=en&user=5lLQnGYAAAAJ
Harshawardhan Wanare,"Indian Institute of Technology Kanpur, India","Light-Matter interaction, Nonlinear Optics, Quantum Optics, Metamaterials",1169.0,https://scholar.google.com/citations?hl=en&user=O5buGl0AAAAJ
Rajiv Shekhar,"Indian institute of technology, kanpur",engineering,1169.0,https://scholar.google.com/citations?hl=en&user=pVwlJrUAAAAJ
Marykutty Michael,Indian Institute of Technology Kanpur,"Escape of atmospheres, Atmospheric emissions, Dust charging in planetary atmospheres, Warming and cooling of atmospheres by …",1145.0,https://scholar.google.com/citations?hl=en&user=0b-FPkQAAAAJ
Kapil Tomar,"IIT Kanpur, Kanpur, India",chemistry,1144.0,https://scholar.google.com/citations?hl=en&user=s0SJVggAAAAJ
Pritam Chakraborty,Indian Institute of Technology Kanpur,"Plasticity, creep, fatigue, fracture, multiscale method",1142.0,https://scholar.google.com/citations?hl=en&user=9SfPwSQAAAAJ
Rik Dey,"Assistant Professor, Indian Institute of Technology Kanpur","Spintronics, Semiconductor Devices, 2D Materials, Topological Insulators",1140.0,https://scholar.google.com/citations?hl=en&user=t5s7mW0AAAAJ
Shyam Nandan,"Assistant Professor, IIT Kanpur","Seismic Hazard, Complex Networks, Pattern Recognition, Prediction",1137.0,https://scholar.google.com/citations?hl=en&user=rV6vXRMAAAAJ
Sagar Chakraborty,"Professor, Department of Physics, IIT Kanpur, India","Game Theory, Nonlinear Dynamics, Evolution",1124.0,https://scholar.google.com/citations?hl=en&user=DuVob_wAAAAJ
Urbi Chatterjee,"Assistant Professor, CSE, IIT Kanpur and Alumni, SEAL, IIT Kharagpur","Hardware Security, AI/ML Reliability, PUFs, Side Channel Analysis, Approximate Computing",1124.0,https://scholar.google.com/citations?hl=en&user=tb-hEXAAAAAJ
Suvendu Samanta,"Indian Institute of Technology (IIT) Kanpur, India","Power Electronics, Wireless Power, Electric Vehicle",1113.0,https://scholar.google.com/citations?hl=en&user=XG7GFDsAAAAJ
Amit Mitra,"Professor, Department of Mathematics & Statistics, IIT Kanpur","Signal Processing, Artificial Intelligence",1112.0,https://scholar.google.com/citations?hl=en&user=QT2tHOgAAAAJ
Devendra Mani,"Assistant Professor, IIT Kanpur","Infrared Spectroscopy, Microwave Spectroscopy, Laser spectroscopy, Helium Droplets, Non-covalent Interactions",1105.0,https://scholar.google.com/citations?hl=en&user=jLxchPcAAAAJ
shafi qureshi,indian institute of technology kanpur,"Semiconductor Device Physics and Modeling, Circuit Design",1099.0,https://scholar.google.com/citations?hl=en&user=Y6WFC0cAAAAJ
K. Vasudevan,Professor Dept of EE IIT Kanpur,Communications and signal processing,1098.0,https://scholar.google.com/citations?hl=en&user=_ZspaA8AAAAJ
Dr. Ashiq Hussain Pandit,"Postdoctoral Fellow at Department of Biological sciences and Bioengineering, IIT Kanpur","Biopolymers, Hydrogels, drug delivery, tissue engineering, Wound Healing",1095.0,https://scholar.google.com/citations?hl=en&user=9kYipvkAAAAJ
Venkata Jayasurya Yallapragada,Indian Institute of Technology Kanpur,"nanophotonics, optical microscopy, optical spectroscopy",1094.0,https://scholar.google.com/citations?hl=en&user=mb84nLQAAAAJ
Adhip Agarwala,Assistant Professor at Indian Institute of Technology Kanpur,Condensed Matter Physics,1091.0,https://scholar.google.com/citations?hl=en&user=E8RQ_p8AAAAJ
Kumar Ravi Priya,"Professor of Psychology, Indian Institute of Technology Kanpur","Disaster Mental Health, Qualitative Research",1085.0,https://scholar.google.com/citations?hl=en&user=ZmdCy64AAAAJ
Mohd Aamir Khan,IIT Kanpur,"Image Retrieval, Image Salience, Video Processing, Web Crawling",1071.0,https://scholar.google.com/citations?hl=en&user=DSkEGYYAAAAJ
Anubha Goel,"indian institute of technology kanpur, kanpur, india","IEQ management, thermal comfort and productivity, ventilation and energy demand, exposure and health, transportation emission fa",1065.0,https://scholar.google.com/citations?hl=en&user=iI6-xT0AAAAJ
Preetam Mohite,"Department of Aerospace Engineering, Indian Institute of Technology Kanpur","Composites, Damage Mechanics, Stealth Technology, Inflatable Structures",1063.0,https://scholar.google.com/citations?hl=en&user=wRZt0nYAAAAJ
Sivasurender Chandran,"Department of Physics, Indian Institute of Technology, Kanpur","Polymer physics, Soft condensed matter physics, Instabilities at fluid interfaces",1060.0,https://scholar.google.com/citations?hl=en&user=VRqIda4AAAAJ
Manabendra Chandra,"Professor, IIT Kanpur","Physical Chemistry, spectroscopy, nanoscience, plasmonics, biophysics",1041.0,https://scholar.google.com/citations?hl=en&user=GMmneWUAAAAJ
Bhuvana T,Indian Institute of Technology Kanpur,,1036.0,https://scholar.google.com/citations?hl=en&user=eMCWKw0AAAAJ
Devkinandan  Chaurasiya,Indian Institute of Technology Kanpur,"Metamaterial Absorber, Microwave Absorber",1023.0,https://scholar.google.com/citations?hl=en&user=7QPDNZQAAAAJ
Supratik Banerjee,"Associate Professor, Indian Institute of Technology, Kanpur","Plasma astrophysics, solar wind, turbulence in ferrofluids, turbulence & relaxation in binary fluids",1012.0,https://scholar.google.com/citations?hl=en&user=L48LhZkAAAAJ
Sudarshan Narayanan,Indian Institute of Technology Kanpur,"Solid state batteries, transparent conductors, photovoltaics, energy harvesting, solid state devices",1009.0,https://scholar.google.com/citations?hl=en&user=eN7WOWoAAAAJ
Surabhi Bajpai,"Banasthali University,IIT Kanpur, BHU","Diabetes, wound healing, neurodegeneration",997.0,https://scholar.google.com/citations?hl=en&user=mvYBR08AAAAJ
Rakesh Ranjan Swain,"Indian Institute of Technology (IIT) Kanpur, India","Wireless Sensor Networks, Fault Diagnosis, Neural Networks, Machine Learning Applications",995.0,https://scholar.google.com/citations?hl=en&user=Ad-TXngAAAAJ
Saurav Kumar Jha,"Indian Institute of Technology, Kanpur",Pharmaceutics,993.0,https://scholar.google.com/citations?hl=en&user=Zv2ejEUAAAAJ
Jonaki Sen,"Associate Professor, BSBE Department, IIT Kanpur",Developmental neurobiology,988.0,https://scholar.google.com/citations?hl=en&user=cRwaLMwAAAAJ
Devendra Maurya,"National Centre for Flexible Electronics, IIT Kanpur, India","Printed Electronics, Smart Sensors, MEMS, Lab-on-Chip & Semiconductor Technologies",980.0,https://scholar.google.com/citations?hl=en&user=4FKirXEAAAAJ
Soumya Dutta,Assistant Professor of Computer Science at IIT Kanpur,"AI/ML, Visual Computing, Data Viaualization, XAI, Data Science",974.0,https://scholar.google.com/citations?hl=en&user=7CGMUB8AAAAJ
Niraj Chawake,Indian Institute of Technology Kanpur,"Intermetallics, Creep, Spark plasma sintering, Transission electron microscopy, Mechanical behaviour of materials",962.0,https://scholar.google.com/citations?hl=en&user=KLnTwLsAAAAJ
Parthasarathi Subramanian,"Assistant Professor, IIT Kanpur","Organic synthesis, Synthetic and Catalytic methodology",958.0,https://scholar.google.com/citations?hl=en&user=QLLtfPQAAAAJ
Shikha Dixit,"Professor, Department of HSS, IIT Kanpur","cognitive psychology, social representations, health and illness",956.0,https://scholar.google.com/citations?hl=en&user=FQdJl3gAAAAJ
Suman Yadav,"Indian Institute of technology Kanpur, India",Organometallic Chemistry,953.0,https://scholar.google.com/citations?hl=en&user=zhpJRNsAAAAJ
Tushar Apurv,"Assistant Professor, Indian Institute of Technology Kanpur","Drought risk management, non-stationarity of extremes, hydrologic modelling",950.0,https://scholar.google.com/citations?hl=en&user=ruXIg5MAAAAJ
SUJAN SHEE,"Doctorate in Chemistry, IIT Kanpur",Organometallic Catalysis,950.0,https://scholar.google.com/citations?hl=en&user=7Chy0YgAAAAJ
Arjun Ramakrishnan,"Indian Institute of Technology, Kanpur",Neuroscience,939.0,https://scholar.google.com/citations?hl=en&user=9nD2_hMAAAAJ
Animesh Mandal,"Associate Professor; Department of Earth Sciences, Indian Institute of Technology Kanpur","Exploration geophysics, Tectonics, Modeling and inversion",937.0,https://scholar.google.com/citations?hl=en&user=ec66FP0AAAAJ
Ramanuj Banerjee,"Senior Project Executive Officer, Indian Institute of Technology, Kanpur, India",Structural Biology (X-ray crystallography/Cryo …,919.0,https://scholar.google.com/citations?hl=en&user=bmHBztAAAAAJ
Supratik Mukhopadhyay,"Department of Mechanical Engineering, Indian Institute of Technology Kanpur","Fibre-reinforced composites, damage and failure, computational mechanics, finite element method",912.0,https://scholar.google.com/citations?hl=en&user=rlFhhvsAAAAJ
Prashant Pathak,"Assistant Professor, IIT Kanpur","Exoplanets, Adaptive Optics, Astronomical instrumentation",910.0,https://scholar.google.com/citations?hl=en&user=v52Mjf0AAAAJ
Snehangshu Mishra,IIT Kanpur,"Solar Energy, Perovskite Solar Cell, Device Fabrication, Materials Discovery, Water Splitting",907.0,https://scholar.google.com/citations?hl=en&user=w__t-MgAAAAJ
Sruti Srinivasa Ragavan,"Indian Institute of Technology, Kanpur, India","Human Computer Interaction, Software engineering, End-user development",888.0,https://scholar.google.com/citations?hl=en&user=yy68VwUAAAAJ
Vishal Kumar Chakradhary,IIT Kanpur,"Microwave Absorber, EMI shielding, Ferrite, carbon, FSS structure",886.0,https://scholar.google.com/citations?hl=en&user=LabdHJkAAAAJ
Gopal Hazra,"Dept. of Physics, IIT Kanpur","Solar dynamo theory, MHD, Magnetoconvection, Exoplanetary atmospheres",884.0,https://scholar.google.com/citations?hl=en&user=98eDYOkAAAAJ
Dr. Chanchal Sow,IIT-Kanpur,"Magnetism in Complex Oxides, Interplay between Ferromagnetism and …, Single Crystal and Thin Film Growth of Nove",879.0,https://scholar.google.com/citations?hl=en&user=tv25OaIAAAAJ
Anand Handa,"Post Doctoral Fellow, C3i Hub, IIT Kanpur","Malware Analysis, Image processing, Threat Intelligence, and Machine Learning",873.0,https://scholar.google.com/citations?hl=en&user=TZW9es4AAAAJ
Sabyasachi Chakraborty,"Indian Institute of Technology, Kanpur",Particle physics,869.0,https://scholar.google.com/citations?hl=en&user=ulb177AAAAAJ
SK Saraswat,Indian Institute of Technology Kanpur,"Multi-Criteria Decision Making, GIS, Renewable energy, Sustainability, Electric vehicles",869.0,https://scholar.google.com/citations?hl=en&user=5C_StoYAAAAJ
Sumit Verma,"Post-Doctoral fellow, IIT Kanpur","Energy regulation, power systems, congestion management, power system planning",867.0,https://scholar.google.com/citations?hl=en&user=AV8iWowAAAAJ
Rajdip Mukherjee,"Materials Science & Engineering, Indian Institute of Technology, Kanpur","Phase-field Modelling of Microstructure …, Solid State Phase Transformation, Microstructure Evolution in Thin Film, Mult",862.0,https://scholar.google.com/citations?hl=en&user=o6QK-q0AAAAJ
Swarnendu Biswas,"Assistant Professor, IIT Kanpur","Programming languages, Runtime systems, Compilers, Computer Architecture",860.0,https://scholar.google.com/citations?hl=en&user=1DTBPfcAAAAJ
Love bansal,National Postdoctoral Fellow at Indian Institute of Technology Kanpur,"Electrochromism, Supercapacitors, Nanomaterials, Electrocatalysis, In-Situ Spectro-electrochemistry",860.0,https://scholar.google.com/citations?hl=en&user=-Dgiq7kAAAAJ
Phani BV,Indian Institute of Technology Kanpur,"Finance, ICT Innovation & Entrepreneurship",850.0,https://scholar.google.com/citations?hl=en&user=FnoR3iUAAAAJ
Dr. Shraddha Mishra,"Indian Institute of Technology, Kanpur","Adsorption, Ion imprinted Polymer, Nanomaterial, Waste water treatment",848.0,https://scholar.google.com/citations?hl=en&user=gSEmGbkAAAAJ
Pragathi Priyadharsini Balasubramani,Indian Institute of Technology Kanpur,Translational Neuroscience,842.0,https://scholar.google.com/citations?hl=en&user=M6IjHhoAAAAJ
Rashmi Parihar,IIT Kanpur,"Disease biology, neurodegenrative disorder, human genetics, cell and molecular biology, Muscular dystrophy",840.0,https://scholar.google.com/citations?hl=en&user=57ZP3nIAAAAJ
Taraknath Mandal,"Indian Institute of Technology, Kanpur","Soft Matter, Bio-Physics, Materials Science, Molecular Simulations, Multi-Scale Modeling",838.0,https://scholar.google.com/citations?hl=en&user=rEZQzlAAAAAJ
Rishabh Anand Omar,Post Doctoral Researcher at IIT Kanpur,"Microbiology, Biosensor, Fuel Cells, Desulfurization, nanomaterials",834.0,https://scholar.google.com/citations?hl=en&user=wUYFyIUAAAAJ
Santanu De,"Professor, Mechanical Engineering, IIT Kanpur","Combustion, Turbulent combustion, Sprays, Gasification",824.0,https://scholar.google.com/citations?hl=en&user=6oaVEkgAAAAJ
Karanpal Singh,"Post Doctoral,Department of Sustainable Energy Engg., Indian Institute of Technology …","Nanomaterials, Energy Storage, Photocatalysis, Batteries",804.0,https://scholar.google.com/citations?hl=en&user=-6BVjRIAAAAJ
Chinmoy Kolay,"Assistant Professor, IIT Kanpur, Kanpur, India","Multi-hazard engineering, Structural dynamics, Hybrid and real-time hybrid simulation",797.0,https://scholar.google.com/citations?hl=en&user=E79Wc0IAAAAJ
Mousami Prasad,Indian Institute of Technology Kanpur,"Environmental Economics, Energy Economics, Corporate Environment Sustainability",793.0,https://scholar.google.com/citations?hl=en&user=QNQxE48AAAAJ
Nisheeth Srivastava,"Indian Institute of Technology, Kanpur","Cognitive science, human-machine interaction",792.0,https://scholar.google.com/citations?hl=en&user=2dgYRikAAAAJ
Poonam Benjwal,IIT Kanpur,"Heterogenous Photocatalysis, TiO2, Graphene, Adsorption, Nanostructure Synthesis",789.0,https://scholar.google.com/citations?hl=en&user=hwkOvX0AAAAJ
Chandrima Banerjee,"Assistant Professor, IIT Kanpur","opto-spintronics, ultrafast magneto-optics, magnonics, femtomagnetism",788.0,https://scholar.google.com/citations?hl=en&user=E_bnkGQAAAAJ
Deepti chugh,"Indian Institute of Technology, Kanpur",Neuroscience,772.0,https://scholar.google.com/citations?hl=en&user=MzbWvcQAAAAJ
Anikesh Pal,Indian Institute of Technology Kanpur,"Computational Fluid Dynamics, Turbulence, Geophysical flows, Climate Modeling, Machine Learning",768.0,https://scholar.google.com/citations?hl=en&user=60pkN-MAAAAJ
Anurag Gupta,"Professor, Mechanical Engineering Department, Indian Institute of Technology, Kanpur","Continuum Mechanics, Plasticity, Interfaces in Solids, Micromechanics of Defects in Thin Structures, Mechanics of Indian Musical",765.0,https://scholar.google.com/citations?hl=en&user=4V7asfgAAAAJ
Gundeep Arora,"Indian Institute of Technology, Kanpur","Machine Learning, Deep Learning",765.0,https://scholar.google.com/citations?hl=en&user=AUqUjuoAAAAJ
Manjesh K. Singh,"Associate Professor, IIT Kanpur","Soft Matter, Tribology, Mechanical and Materials Engineering",764.0,https://scholar.google.com/citations?hl=en&user=qo_oTwUAAAAJ
Amar Agarwal,"Department of Earth Sciences, Indian Institute of Technology-Kanpur, Kanpur, India","Fast deformation, applied structural geology, rock magnetism",760.0,https://scholar.google.com/citations?hl=en&user=aIxP2AcAAAAJ
Kapil Dev Verma,IIT Kanpur,"Polymer, Electrical energy storage, Composite materials, Thermoelectric materials",760.0,https://scholar.google.com/citations?hl=en&user=bi1topgAAAAJ
Umarani Jayaraman,Indian Institute of Technology Kanpur,"Biometrics, Image Processing and Pattern Recognition",754.0,https://scholar.google.com/citations?hl=en&user=NXNfmggAAAAJ
Gaurav Tiwari,"Associate Professor, Civil Engineering, IIT Kanpur","Experimental Rock Mechanics, Reliability Analysis, Non-Probabilistic Methods, Micro-Mechanics",750.0,https://scholar.google.com/citations?hl=en&user=WQjkNPIAAAAJ
Rajesh Ranjan,"Associate Professor, Department of Aerospace Engineering, Indian Institute of Technology …","Turbomachinery, Aerodynamics, Stability & Transition, HPC, SciML",748.0,https://scholar.google.com/citations?hl=en&user=98htjP4AAAAJ
Aditya Saurabh,Indian Institute of Technology Kanpur,"gas turbine combustors, thermoacoustic instability, flame acoustic interaction, atomization and sprays",747.0,https://scholar.google.com/citations?hl=en&user=LIiZkrEAAAAJ
Tripathi Anurag,Indian Institute of Technology Kanpur,"Granular Flow and Rheology, Bulk Solids Handling, Granular Mixing and Segregation",739.0,https://scholar.google.com/citations?hl=en&user=G1QOQ3YAAAAJ
Vivek Kant,"Associate Professor, Department of Design, Indian Institute of Technology Kanpur","Human Machine Interaction, Human Factors, Human Systems Integration, Systems Design (sociotechnical)",729.0,https://scholar.google.com/citations?hl=en&user=H4gcN90AAAAJ
Neha Rani,IITK,"neurodevelopment, microRNAs, lncRNAs, ubiquitin, proteasome",728.0,https://scholar.google.com/citations?hl=en&user=2SaYjpMAAAAJ
Guruprasad KR,Indian Institute of Technology Kanpur,"Robotics, Multi-robotic systems, cooperative control, Voronoi partition, locational optimization",724.0,https://scholar.google.com/citations?hl=en&user=RGrjQLcAAAAJ
Kuldeep Nigam,Indian Council of Medical Research | Indian Institute of Technology-Kanpur | JIIT-Noida,"Drones, Industrial Biotechnology, Novel drug delivery systems, Infections Biology",721.0,https://scholar.google.com/citations?hl=en&user=-PyTzoUAAAAJ
Abhishek,"Professor, IIT  Kanpur","Helicopter dynamics, Aeroelasticity, UAVs and MAVs",719.0,https://scholar.google.com/citations?hl=en&user=j59WCPUAAAAJ
Dr.Sarish Yadav,"IIT, Kanpur",,714.0,https://scholar.google.com/citations?hl=en&user=NOiwVrsAAAAJ
Suchi  Mercy George,Indian Institute of Technology Kanpur,"Biomaterials, tissue engineering, scaffolds, hydrogels",712.0,https://scholar.google.com/citations?hl=en&user=hO4OqDcAAAAJ
Rabiul Haque Biswas,Indian Institute of Technology Kanpur,"Low-temperature TL/OSL thermochronology, Luminescence and ESR Dating, Dosimetry",707.0,https://scholar.google.com/citations?hl=en&user=UrE9ys8AAAAJ
Sathesh Mariappan,"Department of Aerospace Engineering, Indian Institute of Technology Kanpur",Thermofluid interactions in gas turbine …,705.0,https://scholar.google.com/citations?hl=en&user=0cncaY8AAAAJ
Mangesh Patankar,IIT Kanpur,medical devices,705.0,https://scholar.google.com/citations?hl=en&user=WpIIjGsAAAAJ
Ankush Kumar,Indian Institute of Technology Kanpur and  National Yang Ming Chiao Tung University,"Cu-Cu bonding, 3D interconnects, Nanocrystalline Copper, Electrodeposition of Copper",695.0,https://scholar.google.com/citations?hl=en&user=7C8CAc4AAAAJ
Pradip Swarnakar,Indian Institute of Technology Kanpur,"Just Transition, Environmental Sociology, Social Networks, Climate and Energy Policy",689.0,https://scholar.google.com/citations?hl=en&user=DezS250AAAAJ
Rohini Ghosh Dutta,"Project Executive Officer, SIIC, IIT Kanpur","maternal and child health, public health, sex disparity, stress, nutrition",688.0,https://scholar.google.com/citations?hl=en&user=EAG-iT4AAAAJ
ManjuLata Rao,IIT Kanpur,"nanomaterials, sonochemistry, magnetci materials, inks and formulations, Printed electronics",686.0,https://scholar.google.com/citations?hl=en&user=cQkROP8AAAAJ
Basant Lal Sharma,IIT Kanpur,"Theoretical Mechanics, Applied Mathematics, Nonlinear elasticity, Calculus of Variations, Scattering theory",682.0,https://scholar.google.com/citations?hl=en&user=Afsei6EAAAAJ
Sarvesh Mishra,"Assistant Professor, IIT-Kanpur","Metal cutting, Laser surface texturing, Metal Additive Manufacturing, Machining of AM alloys, PVD",679.0,https://scholar.google.com/citations?hl=en&user=SuEI1oIAAAAJ
Somesh K Mathur,IIT Kanpur,"Trade, Applied Econometrics, Spatial Analysis, New trade and Growth theories",678.0,https://scholar.google.com/citations?hl=en&user=wyRPRsEAAAAJ
Koteswar Rao Jerripothula,"Associate Professor, IIT Kanpur || INAE Young Engineer Awardee","Computer Vision, Multimedia, AI/ML",676.0,https://scholar.google.com/citations?hl=en&user=QgTEe-gAAAAJ
Dr Nazrul Islam,"Institute Postdoctoral Fellow (IPDF) at Indian Institute of Technology, Kanpur, UP, India","Environmental Chemistry, Atmospheric Aerosol Chemistry, Carbon nanomaterial, Coal mining and its",669.0,https://scholar.google.com/citations?hl=en&user=eESK72AAAAAJ
Dr. Shrish Nath Upadhyay,"Institute Postdoctoral Fellow (IPDF), IIT Kanpur","Theoretical and Computational Materials …, Condensed Matter Physics, 2D Materials, ORR, HER.",664.0,https://scholar.google.com/citations?hl=en&user=i6cynagAAAAJ
Aditya Medury,"Assistant Professor, Department of Civil Engineering, IIT Kanpur","road safety, infrastructure management",652.0,https://scholar.google.com/citations?hl=en&user=lOawT4EAAAAJ
Manasij Kumar Yadava,IIT Kanpur,Material Science and Engineering,651.0,https://scholar.google.com/citations?hl=en&user=Wr8luecAAAAJ
Tanvi Pal,"Advanced Nanoengineering Materials Laboratory, Materials Science Programme , IIT …","Polymer and it's composites, Supercapacitor",649.0,https://scholar.google.com/citations?hl=en&user=ARcxf0wAAAAJ
Nilesh Badwe,IIT Kanpur,"Mechanical behavior of materials, Semiconductor Packaging, Solders",646.0,https://scholar.google.com/citations?hl=en&user=pa_Ume4AAAAJ
Dipak Kumar Giri,"Aerospace Engineering, Indian Institute of Technology Kanpur","Satellite Attitude Control, Space Systems, Linear and Nonlinear Control, Adaptive and Robust Control",643.0,https://scholar.google.com/citations?hl=en&user=CqldMOQAAAAJ
Abhinav Joshi,IIT Kanpur,,641.0,https://scholar.google.com/citations?hl=en&user=grPv9TcAAAAJ
Dr. Dileep Kumar Mishra,"National Post Doctoral Fellow, Indian Institute of Technology, Kanpur - India","Nano Materials, Topological Insulators, Raman Spectroscopy, Correlated electron systems, Thin films",640.0,https://scholar.google.com/citations?hl=en&user=nqpwJGQAAAAJ
Ishan Bajaj,"Assistant Professor, IIT Kanpur","Process Systems Engineering, Data-driven Optimization, Surrogate Modeling, Techno-economic analysis, Renewable Energy",630.0,https://scholar.google.com/citations?hl=en&user=JPcvqzsAAAAJ
Soumyabrata Chakrabarty,"Indian Institute of Technology Kanpur and Space Applications Centre, ISRO, Ahmedabad","Antennas, Microwaves and computational …, Space Science and Engineering",628.0,https://scholar.google.com/citations?hl=en&user=zv7jfA0AAAAJ
Arnab Mondal,"Post-Doctoral Researcher, Indian Institute of Technology Kanpur","Atmospheric chemistry, VOC emissions, Emission inventory, Energy microeconomics, Household fuels",624.0,https://scholar.google.com/citations?hl=en&user=4fGqZZAAAAAJ
Sayanjit Singha Roy,"National Post Doctoral Fellow (ANRF-NPDF), Department of Electrical Engineering, IIT …","Nanodielectrics, Space Charge, Partial Discharge, Condition Monitoring, AI and ML",624.0,https://scholar.google.com/citations?hl=en&user=jl6H6zAAAAAJ
Sudeshna Ghosh,IIT Kanpur,"Chemistry, Biochemistry, Molecular Biology, Protein Purification, Crystallography",622.0,https://scholar.google.com/citations?hl=en&user=kzHi8cQAAAAJ
Ishan Sharma,"Professor of Mechanical Engg. and Space, Planetary & Astronomical Sci. and Engg., IIT …","Mechanics, Applied Mathematics, Planetary Science",620.0,https://scholar.google.com/citations?hl=en&user=JrpJ_bYAAAAJ
Arbind Kumar Lal,"Professor, Dept of Mathematics & Statistics, Indian Institute of Technology Kanpur",Algebraic Graph Theory,619.0,https://scholar.google.com/citations?hl=en&user=3ouaUYYAAAAJ
Devlina Chatterjee,"Professor, Department of Management Science, IIT Kanpur","Consumer Finance, Behavioral Finance, Empirical Finance, Sustainable Tourism",617.0,https://scholar.google.com/citations?hl=en&user=3ITP5QEAAAAJ
Preeti Malakar,Indian Institute of Technology Kanpur,,612.0,https://scholar.google.com/citations?hl=en&user=7HlDLQMAAAAJ
Kamal Poddar,IIT Kanpur,"Fluid mechanics, Aerodynamics, and Turbulence",609.0,https://scholar.google.com/citations?hl=en&user=1vQxlncAAAAJ
Vinay Ramani,"Faculty, IIT Kanpur",,607.0,https://scholar.google.com/citations?hl=en&user=7h93qaYAAAAJ
Abhijith GR,"Assistant Professor, Indian Institute of Technology Kanpur","water quality, water distribution systems, water treatment, intermittent water supply",607.0,https://scholar.google.com/citations?hl=en&user=RjxTUZ8AAAAJ
Bipin K. Gupta,"Assistant Professor, IIT Kanpur","Foundation Engineering, Soil-Structure Interaction, Offshore foundations, Computational Geomechanics",606.0,https://scholar.google.com/citations?hl=en&user=j_x0z50AAAAJ
Shweta Khanna,"Department of Chemistry, IIT Kanpur","Cell Biology, Immunology, Molecular biology, Disease biology and Molecular diagnostics, Biochemistry",601.0,https://scholar.google.com/citations?hl=en&user=b0FsDXAAAAAJ
Sharmishtha Mitra,"Professor, Department of Mathematics & Statistics, IIT Kanpur","Order Statistics, Survival Analysis, Econometric and Time Series Modeling",600.0,https://scholar.google.com/citations?hl=en&user=TEemxFkAAAAJ
Chinmaya Das,IIT Kanpur,"Genetics, Neurobiology, Aging, G-proteins",598.0,https://scholar.google.com/citations?hl=en&user=nBboz-AAAAAJ
Abhishek Sarkar,Indian Institute of Technology Kanpur,"Lithium-ion battery, mechanics, electromagnetism, numerical methods, mutiphysics",589.0,https://scholar.google.com/citations?hl=en&user=k0DHa_sAAAAJ
Bharat Mahaur,"Post Doctoral Fellow, IIT Kanpur","Autonomous Vehicles, Machine Learning, Wireless Network, Optimization",588.0,https://scholar.google.com/citations?hl=en&user=4J-a2RUAAAAJ
Vasudevan Iyer,Indian Institute of Technology Kanpur,"2D Materials, Laser and optical methods, Nanoscale thermal transport",585.0,https://scholar.google.com/citations?hl=en&user=eJsVEZUAAAAJ
Dr. Pavan K. Nagar,Associate Fellow at The Energy and resources Institute (TERI) & former Postdoc Fellow at IIT …,"Air Quality Modeling, WRF-Chem, Source Apportionment, Emission Inventroy, Pollution Control measures",583.0,https://scholar.google.com/citations?hl=en&user=00JlqhMAAAAJ
Nitesh Kumar,"Senior Project Engineer, C3i Center, IIT Kanpur","Malware Analysis, Machine Learning",577.0,https://scholar.google.com/citations?hl=en&user=au8V2YIAAAAJ
Priyanka Bagade,"Indian Institute of Technology, Kanpur","IoT, computer vision, medical image analysis",566.0,https://scholar.google.com/citations?hl=en&user=z3Fek-8AAAAJ
Saurabh Kumar Singh,"Indian Institute of Technology, Kanpur","Analytic Number Theory, L-functions",561.0,https://scholar.google.com/citations?hl=en&user=h-NV0Mtx7uIC
Akhilesh Mimani,"Associate Professor, Department of Mechanical Engineering, Indian Institute of Technology …","Muffler and Duct Acoustics, Aeroacoustics, Time-Reversal and Beamforming, Environmental Noise",557.0,https://scholar.google.com/citations?hl=en&user=T8Fxz8gAAAAJ
Dr. Richa Singh,Project Engineer/scientist NCFlexe IIT kanpur,"thin film device fabrication, Flexible electronics, OLED fabrication, Printed electronics",556.0,https://scholar.google.com/citations?hl=en&user=Hr9MIpwAAAAJ
Tushar Sandhan,"Associate Professor, Electrical Engineering, IIT Kanpur","Computer Vision, Pattern Recognition",551.0,https://scholar.google.com/citations?hl=en&user=E3bOgUYAAAAJ
D. Chaitanya Kumar Rao,"Assistant Professor, Indian Institute of Technology Kanpur","Fluid Mechanics, Atomization, Optofluidics, Drops & Bubbles",547.0,https://scholar.google.com/citations?hl=en&user=Z8pgAP4AAAAJ
Indranil Saha Dalal,"Department of Chemical Engineering, IIT Kanpur","Polymer physics, non-Newtonian fluid mechanics, Soft matter, Pedestrian dynamics",543.0,https://scholar.google.com/citations?hl=en&user=bS6FvuIAAAAJ
Praveen Kulshreshtha,"Professor of Economics, Indian Institute of Technology Kanpur","Microeconomics, Industrial Economics, Financial Economics, Business Ethics, Governance",542.0,https://scholar.google.com/citations?hl=en&user=sOMTeUMAAAAJ
Dr. Satabdi Roy,"Post-doctoral fellow, Indian Institute of Technology, Kanpur","Coordination Chemistry, Organometallic and Bioinorganic Chemistry",539.0,https://scholar.google.com/citations?hl=en&user=063Kg2oAAAAJ
Debarshi Basu,Indian Institute of Technology Kanpur,"high energy theory, general relativity, string theory, black hole info loss problem",539.0,https://scholar.google.com/citations?hl=en&user=H_Hj7G4AAAAJ
MV Jyothirmai,IIT Kanpur,"Density functional theory, Solar cells, Hydrogen generation, Materials design, Machine Learning",539.0,https://scholar.google.com/citations?hl=en&user=8qVGnokAAAAJ
Raghu Nandan SENGUPTA,"Professor IME Department, IIT Kanpur, INDIA","Statistics, Optimization, Reliability, Sequential Analysis",536.0,https://scholar.google.com/citations?hl=en&user=Djhbv6QAAAAJ
Sameer Chavan,IIT Kanpur,Operator Theory,533.0,https://scholar.google.com/citations?hl=en&user=Aji9SbAAAAAJ
Dhananjay Mishra,"Ramanujan Faculty Fellow, Indian Institute of Technology Kanpur","Next-generation memory (RRAM), Device Physics, Supercapacitors, Semiconductor Materials and Devices",524.0,https://scholar.google.com/citations?hl=en&user=GuLO37sAAAAJ
Debdeep Dutta,Indian Institute of Technology Kanpur,"Genetics, Cell signaling, Mitochondria, Neurological diseases",521.0,https://scholar.google.com/citations?hl=en&user=xyi8vkUAAAAJ
Suvankar Majee,"Postdoctoral Fellow, Indian Institute of Technology, Kanpur","Applied Mathematics, Mathematical Biology, Emerging Infectious Diseases, Optimal Control",519.0,https://scholar.google.com/citations?hl=en&user=3tO4zNkAAAAJ
Sohini Sahu,Indian Institute of Technology Kanpur,Macroeconomics,517.0,https://scholar.google.com/citations?hl=en&user=ysns1IIAAAAJ
Dr. Anindya Bharatee,"Project-Post Doctoral Fellow, IIT Kanpur","Microgird, Renewable source & grid integration, Power management, EV charging, Grid-forming",517.0,https://scholar.google.com/citations?hl=en&user=XYXHhskAAAAJ
Aloke Dutta,"Professor of Electrical Engineering, IIT Kanpur",Semiconductor Device Modeling,513.0,https://scholar.google.com/citations?hl=en&user=BkYFl48AAAAJ
Dr. Kalpana Rathore,IIT Kanpur,"Biomaterials, Biopolymer, Biochemistry",513.0,https://scholar.google.com/citations?hl=en&user=V7p3mB4AAAAJ
Dr. Arun Kumar Perumal,"Associate Professor, Department of Aerospace Engineering, Indian Institute of Technology …","Experimental Fluid Mechanics, Flow Control, Jet acoustics",511.0,https://scholar.google.com/citations?hl=en&user=XjU5ULsAAAAJ
Rajat Mittal,IIT Kanpur,"computational complexity, quantum computing",507.0,https://scholar.google.com/citations?hl=en&user=MMtSl4cAAAAJ
Sushant Kumar,Indian Institute of Technology Kanpur,"Artificial Intelligence, Biomedical Signal Processing, Brain-Computer Interfaces, Robotics",502.0,https://scholar.google.com/citations?hl=en&user=vwSHlfIAAAAJ
P Shunmugaraj,IIT Kanpur,,500.0,https://scholar.google.com/citations?hl=en&user=CBkdVhoAAAAJ
Shashank K Mehta,"Professor of Computer Scinece, Indian Institute of Technology-Kanpur",Algorithms,498.0,https://scholar.google.com/citations?hl=en&user=77K1J3cAAAAJ
Raghunayakula Thirupathi,IIT Kanpur,"Energy storage, batteries",497.0,https://scholar.google.com/citations?hl=en&user=-ltOg_AAAAAJ
Dr. Ashish Kumar,"Post doctoral Fellow, IIT Kanpur","Organic synthesis, Polymer synthesis (POPs and COFs), Fluorescence Chemosensors, Photo-catalysis",495.0,https://scholar.google.com/citations?hl=en&user=Ir6qVeIAAAAJ
Dr. Jyoti Kuntail,Indian Institute of Technology kanpur,"Molecular Dynamics Simulation, Density Functional Theory, Heterogeneous Catalysis",492.0,https://scholar.google.com/citations?hl=en&user=t6_31WMAAAAJ
Washim Uddin Mondal,"Assistant Professor, IIT Kanpur","Reinforcement Learning, Wireless Communications",491.0,https://scholar.google.com/citations?hl=en&user=CQwhdyIAAAAJ
Dr. Pawan Kumar,Indian Institute of Technology Kanpur,"Polymer Chemistry, Drug Delivery, Gels, Covalent Adaptable Network, Sensing",489.0,https://scholar.google.com/citations?hl=en&user=Ih3f2-cAAAAJ
Swathi Battula,"Assistant Professor, IIT Kanpur","Power System Economics, Transactive Energy Systems, Multi Agent Systems, Smart Grid",488.0,https://scholar.google.com/citations?hl=en&user=ZCbdIqwAAAAJ
Ritika Gautam Singh,Indian Institute of Technology Kanpur,"Medicinal Inorganic Chemistry, Bioinorganic Chemistry, Metals in Medicine",479.0,https://scholar.google.com/citations?hl=en&user=PFKbeNEAAAAJ
Sarani Saha,"Professor of Economics, IIT Kanpur","Applied Microeconomics, Development Economics",479.0,https://scholar.google.com/citations?hl=en&user=Kk7-yfAAAAAJ
Mohit Yadav,Indian Institute of Technology Kanpur,"Machine Learning, Computer Vision, Robotics, Autonomous Vehicles, Electric Vehicles",472.0,https://scholar.google.com/citations?hl=en&user=oEo5hecAAAAJ
Dipin Pillai,"Associate Professor, Indian Institute of Technology Kanpur","Hydrodynamic instability, thin films, electrohydrodynamics",470.0,https://scholar.google.com/citations?hl=en&user=X9ot8jsAAAAJ
Prosenjit Roy,"Indian Institute of Technology, Kanpur.",Mathematics,459.0,https://scholar.google.com/citations?hl=en&user=mZKIdS0AAAAJ
Dipayan Mukherjee,"Assistant Professor of Mechanical Engineering, IIT Kanpur","Multiphysics modeling, Finite elements, Fracture mechanics, Soft robot simulations",459.0,https://scholar.google.com/citations?hl=en&user=cePJw2cAAAAJ
harsh sheokand,IIT Kanpur,"Electromagnetics, Analog Electronics",455.0,https://scholar.google.com/citations?hl=en&user=KOAOlSUAAAAJ
Shivendra Kumar Jaiswal,IIT Kanpur,,454.0,https://scholar.google.com/citations?hl=en&user=3Z-aBSkAAAAJ
Rashmi Avinash Agarwal,"Department of Chemistry, Indian Institute of Technology Kanpur","Coordination Chemistry, Structure Determination, Coordination Polymers, Transition Metals, Supramolecular",453.0,https://scholar.google.com/citations?hl=en&user=Rfze_wwAAAAJ
Dr. vikas dwivedi,"Post-Doctoral Fellow, IIT Kanpur",CH Activation,453.0,https://scholar.google.com/citations?hl=en&user=6VUXT-MAAAAJ
Pradeep Kumar Krishnamurthy,"Professor, Department of Electrical Engineering, Indian Institute of Technology Kanpur","Quantum Key Distribution, Nonlinear fiber optics, Fiber-optic communications, Fiber frequency combs",451.0,https://scholar.google.com/citations?hl=en&user=4qKx3OkAAAAJ
Utsab Kundu,Indian Institute of Technology (IIT) Kanpur,"Power electronics, Resonant mode power conversion, Power management ICs, Soft-switching mechanisms",451.0,https://scholar.google.com/citations?hl=en&user=COGW1DgAAAAJ
Sapam Ranjita Chanu,"IIT KANPUR, India",Quantum optics and precision measurement,450.0,https://scholar.google.com/citations?hl=en&user=o0mpSHsAAAAJ
C. Chandraprakash,Indian Institute of Technology Kanpur,"Multifunctional materials, Acoustics, Thermomechanics, Instrumentation",443.0,https://scholar.google.com/citations?hl=en&user=3DE7MTcAAAAJ
Devpriya kumar,"Associate Professor, Department of Cognitive Science, IIT Kanpur","Sense of Agency, prediction, control, attention, perception action",442.0,https://scholar.google.com/citations?hl=en&user=N3oMaZoAAAAJ
Alakesh Chandra Mandal,Indian Institute of Technology Kanpur,"Instability in fluid flows, boundary layer transition, fluid turbulence, experimental aerodynamics",441.0,https://scholar.google.com/citations?hl=en&user=FaFWqlUAAAAJ
Mahamitra Das,Assistant Professor at IIT Kanpur,Applied Time Series Econometrics,437.0,https://scholar.google.com/citations?hl=en&user=s-xKdAgAAAAJ
Saim Wani,IIT Kanpur,"Reinforcement Learning, Computer Vision, Robotics",437.0,https://scholar.google.com/citations?hl=en&user=eiqwCYUAAAAJ
Bhagyaraj J,IIT Kanpur,"shape memory alloys, TEM, NiTi, Microscopy",436.0,https://scholar.google.com/citations?hl=en&user=Xdwql4wAAAAJ
Anup Kumar Patel,"Indian Institute of Technology Kanpur India & Beckman Research Institute of Coh, CA …","Biomaterials, Tissue Engineering, Polymer Composites, Drug Delivery, Nanotechnology",433.0,https://scholar.google.com/citations?hl=en&user=4UtgzxwAAAAJ
Kashfull Orra,"Indian Institute of Technology Kanpur, India","Manufacturing Science, Adaptive Control System, Dynamics and Vibration Analysis",433.0,https://scholar.google.com/citations?hl=en&user=A7X7PXQAAAAJ
Himanshu Yadav,"Assistant Professor, Indian Institute of Technology Kanpur","Language processing in humans, Language evolution, Cognitive modeling, Individual differences",431.0,https://scholar.google.com/citations?hl=en&user=oQ1uAAsAAAAJ
Amodini Mishra,Indian Institute of Technology Kanpur (IITK) India,"Two dimensional Materials, Optical properties, Swift heavy ion",431.0,https://scholar.google.com/citations?hl=en&user=yzyAKrAAAAAJ
Dr. Raghupathy Yuvaraj,"Assistant Professor, Department of Materials Science and Engineering, IIT Kanpur","Thermodynamics, Corrosion, Extractive Metallurgy, Applied Nanomaterials & Coatings, Material-Microbe Interactions",428.0,https://scholar.google.com/citations?hl=en&user=M8aL3sUAAAAJ
Avinash Lahgere,Assistant Professor IIT Kanpur,"Semiconductor Devices, Compact Modeling, Emerging Volatile-Nonvolatile Memory, Variation, PPA Benchmarking",426.0,https://scholar.google.com/citations?hl=en&user=PYGGIK4AAAAJ
Dr Asit Prakash Bajpai,IIT Kanpur UP India,"Li Ion Battery, Flexible Battery, Organic Devices, OLED, Perovskite Solar Cell",424.0,https://scholar.google.com/citations?hl=en&user=ZCl4aEMAAAAJ
Sai Chaitanya Chiliveri,Indian Institute of Technology Kanpur,Structural Biology,421.0,https://scholar.google.com/citations?hl=en&user=gNTaxsAAAAAJ
Dr. Tushar  Balasaheb Deshmukh,IIT Kanpur,"Na-ion Battery, Solid state Battery, Supercapacitor, Hydrogen Fuel Cell",420.0,https://scholar.google.com/citations?hl=en&user=7mP1OA4AAAAJ
Esha Chatterjee,Assistant Professor Indian Institute of Technology Kanpur,"Demography, India, Development",418.0,https://scholar.google.com/citations?hl=en&user=o64WLKAAAAAJ
soumendu ghosh,"Post Doctoral Fellow, IIT Kanpur","Metasurfaces, RCS Reduction, Antenna Engineering",417.0,https://scholar.google.com/citations?hl=en&user=bx-8EfMAAAAJ
Aditi Pandey,IIT Kanpur,Biomaterials,417.0,https://scholar.google.com/citations?hl=en&user=bfZQyyMAAAAJ
Mohan Anand P,IIT Kanpur,"Malware Analysis, Ransomware Detection, Cyber Security, System Security, Ransomware",412.0,https://scholar.google.com/citations?hl=en&user=3YZVhkkAAAAJ
Jitendra Kumar Dash,"Dept. of Earth Sciences, IIT-Kanpur","Geochemistry, Geochronology",411.0,https://scholar.google.com/citations?hl=en&user=ssYiHa8AAAAJ
Salil Goel,"Associate Professor, Indian Institute of Technology Kanpur","LiDAR, Mobile Mapping Systems, Kalman filter, Cooperative Localization, Unmmaned Aerial Vehicles",408.0,https://scholar.google.com/citations?hl=en&user=a3gmiy0AAAAJ
Rohit Sharma,"Space Planetary and Astronomy Science & Engineering, Indian Institute of Technology …","Solar Physics, Radio Astrophysics, Heliophysics",408.0,https://scholar.google.com/citations?hl=en&user=oSC7dS0AAAAJ
Ashwin Kumar RS,"Assistant Professor, IIT Kanpur","Analog and mixed-signal circuit design, Signal processing",407.0,https://scholar.google.com/citations?hl=en&user=WqxoI4MAAAAJ
Raghunath Tewari,"Associate Professor, Indian Institute of Technology, Kanpur",Computational Complexity Theory,406.0,https://scholar.google.com/citations?hl=en&user=Ks3QdEUAAAAJ
Aditi Sharma,"Dual degree (MS-BS) graduate, Department of Mathematics and Scientific Computing, IIT …","Machine Learning, Statistics",406.0,https://scholar.google.com/citations?hl=en&user=m1quN-wAAAAJ
Santoshi Nayak,IIT Kanpur,Molecular Parasitology,405.0,https://scholar.google.com/citations?hl=en&user=DzHh4t0AAAAJ
Subhra Sankar Dhar,"Professor, Indian Institute of Technology, Kanpur",Non-parametric Statistical Methods,402.0,https://scholar.google.com/citations?hl=en&user=GohGxswAAAAJ
Manish Kumar Yadav,Postdoctoral fellow @IIT kanpur,GPCR,401.0,https://scholar.google.com/citations?hl=en&user=Gps-OtsAAAAJ
Anando Gopal Chatterjee,"REO, Computer Centre, IIT Kanpur","High performance computing, Fluid Turbulence, Reyleight Benard Convection, Magnetohydrodynamics",399.0,https://scholar.google.com/citations?hl=en&user=ksjcH1kAAAAJ
Dr. Piyush Kant,Asst. Prof. at Indian Institute of Technology Kanpur,"High Power Converters, Electrical Machines and Drives",397.0,https://scholar.google.com/citations?hl=en&user=iqnRqbQAAAAJ
Raghavendra Ragipani,"Assistant Professor, Indian Institute of Technology Kanpur","CO2 mineralization, Carbon Capture and Utilization, reaction kinetics, mathematical modelling, process simulation",391.0,https://scholar.google.com/citations?hl=en&user=sBNBIwkAAAAJ
Dr. MITALI SISODIA,"Technology Manager, National Quantum Mission at IIT Kanpur","Quantum Communication, Quantum Information, Quantum Optics, free-space QKD, Atmospheric Turbulance",391.0,https://scholar.google.com/citations?hl=en&user=Lcpnv0cAAAAJ
Mainak Sadhukhan,"Department of Chemistry, IIT-Kanpur",Theoretical Chemistry,390.0,https://scholar.google.com/citations?hl=en&user=je99Y5oAAAAJ
Siddhartha Mukherjee,"Dept. Mechanical Engineering, Indian Institute of Technology, Kanpur","Active Matter, Non-linear dynamics, Turbulence, Multiphase Flows",390.0,https://scholar.google.com/citations?hl=en&user=LhJRdqoAAAAJ
Ishwar-Kumar C.,"Department of Earth sciences, Indian Institute of Technology Kanpur","Tectonics, Crustal evolution, Petrology, Paleogeography, Remote Sensing and GIS",385.0,https://scholar.google.com/citations?hl=en&user=qJkbua8AAAAJ
ANKUR MALIK,Indian Institute of Technology Kanpur,"Nanomaterials, MOFs, Photocatalysis, Molecular electronics",384.0,https://scholar.google.com/citations?hl=en&user=2O44o3MAAAAJ
Sandeep Kumar Kataria,"SPASE, IIT Kanpur","Planetary & Galaxy Dynamics, Bars & Spirals, N-body/Magneto-hydrodynamical, Cosmological Simulations",382.0,https://scholar.google.com/citations?hl=en&user=xTK6FrwAAAAJ
Arnab Hazra,"Assistant Professor, Indian Institute of Technology Kanpur","Spatial statistics, Extreme value theory, Environmental statistics, Bayesian statistics",379.0,https://scholar.google.com/citations?hl=en&user=hRtu8lkAAAAJ
Ashish Kumar Singh,Indian Institute of Technology Kanpur,"Ergonomics, Risk Assessment, Safety",369.0,https://scholar.google.com/citations?hl=en&user=n7Es_ukAAAAJ
Rahul Sarkar,"Department of MSE, IIT Kanpur","Ironmaking and Steelmaking, Continuous Casting of Steel, Refractories, Chemical Kinetics and Mass Transfer, Diffusion in Solids",368.0,https://scholar.google.com/citations?hl=en&user=iGxDKo4AAAAJ
tejas kusurkar,Indian Institute of Technology Kanpur,"Clean Energy, Biomass, Materials",366.0,https://scholar.google.com/citations?hl=en&user=jyMKWboAAAAJ
Anshu Yadav,IIT Kanpur,Theoretical Cryptography,365.0,https://scholar.google.com/citations?hl=en&user=4THUzTQAAAAJ
Sanjeev Saxena,Indian Institute of Technology,"Algorithms, Graph Theory, Computational Geometry, Linear Programming, Combinatorics",364.0,https://scholar.google.com/citations?hl=en&user=Ay4Yr28AAAAJ
aditi sharma,Indian Institute of Technology Kanpur,,364.0,https://scholar.google.com/citations?hl=en&user=aGxvSDkAAAAJ
Alok Ranjan Verma,Indian Institute of Technology Kanpur,"High Voltage Engineering, Power Engineering",360.0,https://scholar.google.com/citations?hl=en&user=mtnScSUAAAAJ
Debjani Banerjee,"Department of Chemical Engineering, Indian Institute of Technology Kanpur","Physics, Chemical Engineering",359.0,https://scholar.google.com/citations?hl=en&user=XlI7wIUAAAAJ
Rahul Kumar Jaiswal,Indian Institute of Technology Kanpur,"Endfire CP Antenna, MIMO Antenna, Reconfigurable Antenna, Base Station Antenna",359.0,https://scholar.google.com/citations?hl=en&user=tDWvgM8AAAAJ
Akash Anand,"Indian Institute of Technology at Kanpur, India",,357.0,https://scholar.google.com/citations?hl=en&user=0S-kkFQAAAAJ
Mohammad Arshad Rahman,"Associate Professor, Economic Sciences, IIT Kanpur","Bayesian Econometrics, Quantile Regression, Discrete Choice Models, Panel Data Models",355.0,https://scholar.google.com/citations?hl=en&user=z3gXB_gAAAAJ
Kuppan M,Indian Institute of Technology Kanpur,Material science and Magnetic Materials,353.0,https://scholar.google.com/citations?hl=en&user=9PlmXX8AAAAJ
Vishal Kapoor,"Sr. Project Executive Officer, CGRB, IIT Kanpur","Ethnobotany, Downstream Processing, Enzymology, Aquatic Biodiversity",352.0,https://scholar.google.com/citations?hl=en&user=aiH2F6gAAAAJ
Prof Rakesh Kumar Bansal,"Emeritus Fellow, IIT Kanpur","Universal compression, change detection",351.0,https://scholar.google.com/citations?hl=en&user=hBtqqDoAAAAJ
Dr. Dibakar Ghosal,"Associate Professor, IIT Kanpur","Exploration Seismology, Tectonics, FWI, Tomography, Modelling and Inversion",350.0,https://scholar.google.com/citations?hl=en&user=PD6ywyIAAAAJ
Akash Mondal,IIT Kanpur,Organometallics and Catalysis,350.0,https://scholar.google.com/citations?hl=en&user=7cgyB8UAAAAJ
Dr Gururaj Mirle Vishwanath,Assistant Professor at IIT Kanpur,"DFIG wind system, AC-DC Hybrid Microgrid, Voltage control of the distribution system",348.0,https://scholar.google.com/citations?hl=en&user=IervT8oAAAAJ
Binod Dhakal,IIT Kanpur; VIT Vellore; University of Madras,"Titanium Alloys, Surface Engineering, Gradient Microstructure, Mechanical Behavior, EBSD-TEM",344.0,https://scholar.google.com/citations?hl=en&user=AVcRsOAAAAAJ
Anupama Rajoriya,"Indian Institute of Technology, Kanpur",,343.0,https://scholar.google.com/citations?hl=en&user=d8pUcXAAAAAJ
Bansi Lal,"CSO, IIT Kanpur (Retired)",Materials for white light sources,338.0,https://scholar.google.com/citations?hl=en&user=tG-7fWcAAAAJ
suresh gurjar,Indian Institute of Technology Kanpur,"Eco-hydrology, River Hydrology, Water Quality Assessment, Municipal Solid Waste Management",337.0,https://scholar.google.com/citations?hl=en&user=gpi_H5oAAAAJ
Ajithkumar Manayan Parambil,"Project Scientist, Indian Institute of Technology Kanpur","Polymer Chemistry, Nanoparticles, Gas Sensors, Biomolecule Sensors",335.0,https://scholar.google.com/citations?hl=en&user=31w_NvsAAAAJ
Priyamvadah Kinth,"Project Scientist, IIT Kanpur","Scientometric studies, policy and innovation studies and …",333.0,https://scholar.google.com/citations?hl=en&user=MoQZlSUAAAAJ
Dr. Avinash Kumar Sonkar,IIT Kanpur,,330.0,https://scholar.google.com/citations?hl=en&user=qUyPuYgAAAAJ
Archana Rajput,"Department of Electrical Engineering, Indian Institute of Technology, Kanpur","Transformation Electromagnetics, Invisibility/Cloaking, Metamaterials",326.0,https://scholar.google.com/citations?hl=en&user=mRhfClEAAAAJ
ashish gupta,"Research Engineer, Indian Institute of Technology, Kanpur",Organic Semiconductor,317.0,https://scholar.google.com/citations?hl=en&user=pXnH__cAAAAJ
Twinkle Tripathy,"Assistant Professor, IIT Kanpur","Cooperative control, Guidance and Control, Autonomous Systems, Multi-agent systems, Control Systems",317.0,https://scholar.google.com/citations?hl=en&user=lLuWK2UAAAAJ
Deep Mukherjee,"Professor, RV University; Associate Professor, IIT Kanpur","Agricultural Economics, Environmental Economics, Efficiency & Productivity Analysis, Public Policy",317.0,https://scholar.google.com/citations?hl=en&user=gyiyQzIAAAAJ
Umesh Madanan,"Assistant Professor and PK Kelkar Fellow, Department of Mechanical Engineering, IIT …","Experimental Convective Heat and Mass …, Supercritical Fluids, Pool Boiling, Porous Media",316.0,https://scholar.google.com/citations?hl=en&user=pC4zbf8AAAAJ
Ushasi Roy,"Assistant Professor, Mechanical Engineering, IIT Kanpur","Fracture mechanics, Finite Element Method, Cohesive Finite Element Method, Micromechanics, Dynamic deformation of materials",315.0,https://scholar.google.com/citations?hl=en&user=y3ST0dMAAAAJ
Deepika Swami,Indian Institute of Technology Kanpur,"Energy policy, Climate policy, Vulnerability, Adaptation",315.0,https://scholar.google.com/citations?hl=en&user=0lpQ_iAAAAAJ
Soumik Das,IIT Kanpur,,314.0,https://scholar.google.com/citations?hl=en&user=Ykdsh2cAAAAJ
Prem Kumar Patchaikani,IIT Kanpur,"Vision based robotics, adaptive critic, approximate dynamic programming, intelligent system and control, neuro-fuzzy control",313.0,https://scholar.google.com/citations?hl=en&user=34QtizYAAAAJ
Gourabananda Pahar,"Associate Professor of Civil Engineering, Indian Institute of Technology Kanpur","ISPH, SWE",311.0,https://scholar.google.com/citations?hl=en&user=I2GWkU8AAAAJ
Bandopant Pawar,Indian Institute of Technology Kanpur,Power Systems,310.0,https://scholar.google.com/citations?hl=en&user=Q_fegqkAAAAJ
Pradhyumna Lavania,"Indian Institute of Technology, Kanpur",Natural Language Processing,310.0,https://scholar.google.com/citations?hl=en&user=TzolvEkAAAAJ
Adnan Qadri,IIT Kanpur,"atmospheric aerosols, air pollution, source apportionment, atmospheric chemistry",307.0,https://scholar.google.com/citations?hl=en&user=q7vU9yYAAAAJ
Dr. Deepak Singh,"Project Scientist at Indian Institiute of Technology, Kanpur","Biochemistry, Biotechnology, Microbial Communication, Protein Chemistry, Biosensing",305.0,https://scholar.google.com/citations?hl=en&user=o53SfcUAAAAJ
Tisa Biswas,"Indian Institute of Technology, Kanpur","BSM, High Energy Physics Phenomenology, Particle Physics, Field Theories",305.0,https://scholar.google.com/citations?hl=en&user=NcRzTygAAAAJ
Raghavendra P Kukillaya,"Aerospace Engineering, Indian Institute of Technology Kanpur","flapping wing flight, neuro-mechanics, aircraft flight dynamics, optimal control, space robotics",304.0,https://scholar.google.com/citations?hl=en&user=_QhtHzYAAAAJ
Dhan Jeet Singh,Indian Institute of Technology Kanpur,"Fuzzy Systems and Control, Artificial Intelligence",303.0,https://scholar.google.com/citations?hl=en&user=JtFAOLIAAAAJ
Rahul Kumar Singh,IIT Kanpur,"OTFS, mmWave, Multi-user MIMO",303.0,https://scholar.google.com/citations?hl=en&user=qf4OCNUAAAAJ
Ashis Mandal,"Associate Professor, Department of Mathematics and Statistics, IIT Kanpur","Algebra, Topology and Geometry",302.0,https://scholar.google.com/citations?hl=en&user=kQFUlsUAAAAJ
Lilavati Krishnan,Indian Institute of Technology Kanpur,Psychology,301.0,https://scholar.google.com/citations?hl=en&user=5pkBn-EAAAAJ
Bholanath Garai,"Department of Chemistry, IIT Kanpur","CH bond Activation, Organometallic & Organic Chemistry",300.0,https://scholar.google.com/citations?hl=en&user=C8rkVtcAAAAJ
Dr. Biswanath Samantaray,"Department of Physics , IIT Kanpur","Ferromagnetic Resonance, Spin Dynamics, Spin Wave, Magnetoelectric Multiferroic Heterostructures, Low Temperature Magnetism",299.0,https://scholar.google.com/citations?hl=en&user=Amplr68AAAAJ
Anurag Jha,IIT Kanpur,"Computational Materials Engineering, QSPR, Quantum Mechanics, Defect Assessment, Metals",298.0,https://scholar.google.com/citations?hl=en&user=mDj50QQAAAAJ
TANMOY KHAN,Indian Institute of Technology Kanpur,"Deep Eutectic Solvent, Fluorescence Correlation Spectroscopy, Protein dynamics, Protein stability, Solvation dynamics",298.0,https://scholar.google.com/citations?hl=en&user=BdzWyIgAAAAJ
Minerva Mukhopadhyay,Indian Institute of Technology Kanpur,,295.0,https://scholar.google.com/citations?hl=en&user=XKMTO5UAAAAJ
Kaushik Bal,IIT Kanpur,PARTIAL DIFFERENTIAL EQUATIONS,294.0,https://scholar.google.com/citations?hl=en&user=SfkaVtoAAAAJ
Shyam Sunder Gopalakrishnan,IIT Kanpur,"Fluid Mechanics, Biological fluid flows, Porous Media, Hydrodynamic Stability, Nonlinear Optics",294.0,https://scholar.google.com/citations?hl=en&user=q5PXXGoAAAAJ
Dr. Sushant Shekhar,IIT Kanpur,"Geodesy, Remote Sensing, GNSS, Soil Moisture, AI and ML",293.0,https://scholar.google.com/citations?hl=en&user=CSpUmgYAAAAJ
Anindita Sengupta Ghatak,Senior Project Scientist at IIT Kanpur,Biophysics and Biomaterials,292.0,https://scholar.google.com/citations?hl=en&user=eHIxmgIAAAAJ
Jayavarshni Ganesan,"Senior Project Scientist, Indian Institute of Technology Kanpur",Molecular Biology,292.0,https://scholar.google.com/citations?hl=en&user=vsiBjhQAAAAJ
Saikat Mondal,"Department of Physics, Indian Institute of Technology, Kanpur",Theoretical High Energy Physics,289.0,https://scholar.google.com/citations?hl=en&user=8xHhwekAAAAJ
Kapil Jha,lndian Institute of Technology Kanpur,Power Electronics,288.0,https://scholar.google.com/citations?hl=en&user=vqYmB2EAAAAJ
Avanendra Singh,"Indian Institute of Technology, Kanpur","Photonics, Optoelectronics",286.0,https://scholar.google.com/citations?hl=en&user=BtWm3ykAAAAJ
VANDANA JAIN,"Indian Institute of Technology, Kanpur","Embedded System, MEMS, Electrowetting-on-dielectric, Microfluidics, Lab on Chip",285.0,https://scholar.google.com/citations?hl=en&user=1oy168cAAAAJ
Heena Khanchandani,"Assistant Professor, IIT Kanpur","Hydrogen embrittlement, Advanced high strength steels, Atom probe tomography, Electron microscopy",285.0,https://scholar.google.com/citations?hl=en&user=Ci5e_W4AAAAJ
Abhishek Shrivastava,"Associate Professor, Department of Design, Indian Institute of Technology Kanpur","Human Computer Interaction, Voice User Interfaces, Multimodal Interfaces, Emergent Users, HCI4D",284.0,https://scholar.google.com/citations?hl=en&user=xEoZ0dUAAAAJ
Abhinava Tripathi,IIT Kanpur,"Financial Economics, Market Microstructure, Liquidity",284.0,https://scholar.google.com/citations?hl=en&user=vabNh3kAAAAJ
S Dutta,Indian Institute of Technology Kanpur,Functional Analysis,283.0,https://scholar.google.com/citations?hl=en&user=ipG1XvcAAAAJ
Anuj Kumar Ojha,"Research Associate, Department of Electrical Engineering, IIT kanpur","Dielectric Resonator Antenna, Metamaterial Absorber, MEMS Pressure sensor",283.0,https://scholar.google.com/citations?hl=en&user=k7wAfNQAAAAJ
Keshav Kant,"Indian Institute of Technology Kanpur, India","Cooling Towers, Heat Regenerators, Heat Transfer Augmentation, Boiling Nucleation, Expert Systems",281.0,https://scholar.google.com/citations?hl=en&user=1zLRsAYAAAAJ
Abhishek sharma,IIT Kanpur,"Nonlinear Dynamics, Vibrations",281.0,https://scholar.google.com/citations?hl=en&user=Zg_QiJQAAAAJ
Dr. Sachin Shrivastava,"IIT Kanpur, Hindustan Aeronautics Limited Nasik","Structural Stress Analysis, Structural Design using Carbon Fibre …",279.0,https://scholar.google.com/citations?hl=en&user=6r4kBpIAAAAJ
Ark Verma,"Associate Professor, Department of Cognitive Science,  Indian Institute of Technology …","Visual Word Recognition, Corpus Linguistics, Hemispheric Specialization, Bilingualism",277.0,https://scholar.google.com/citations?hl=en&user=DjtljCgAAAAJ
Atul Kumar,"M. Tech, Dep't of Chemical Engineering, IIT Kanpur","Heterogeneous Catalysts, Chemical Reactor Design, Response Surface Methodology",277.0,https://scholar.google.com/citations?hl=en&user=9DT1yBsAAAAJ
Pawan Kumar,IIT Kanpur,"Natural Language Processing, Deep Learning, Machine Translation",274.0,https://scholar.google.com/citations?hl=en&user=3K1tm0sAAAAJ
Vishal Saxena,"Electrical Engineer (Retd. Principal Research Engineer, IIT Kanpur)","Microelectronics, Analog/Digital Circuits, Signal Processing, Solid State Devices",272.0,https://scholar.google.com/citations?hl=en&user=NNcOF6wAAAAJ
Abhilash Patel,Indian Institute of Technology Kanpur,"Robust Control, Systems Biology, Power System Control",270.0,https://scholar.google.com/citations?hl=en&user=p8tL5GsAAAAJ
KM Sharika,Indian Institute of Technology Kanpur,,269.0,https://scholar.google.com/citations?hl=en&user=eQXohHIAAAAJ
Dr Atul Kapoor,"Indian Institute of Technology, Kanpur","Organic Synthesis, Chemosensing, Fluorescence, Porous organic materials, Electrochemistry",269.0,https://scholar.google.com/citations?hl=en&user=FKs71NQAAAAJ
Dr. Navaneet Kumar,"CSIR-Central Drug Research Institute (CDRI)-Lucknow, Indian Institute of Technology …","Medicinal and Synthetic Organic Chemistry, Green Chemistry, Green Insensitive High Energy Density …",268.0,https://scholar.google.com/citations?hl=en&user=1uTKD0IAAAAJ
Dr.Sukanya Ghosh,"Senior Project Scientist, IIT Kanpur","Geo-informatics, Remote sensing, Climate Models, Geomatics, Environment & Earth Observation",266.0,https://scholar.google.com/citations?hl=en&user=Lu6-CwEAAAAJ
DN Patel,IIT Kanpur,,265.0,https://scholar.google.com/citations?hl=en&user=djvyracAAAAJ
Madhav Ranganathan,"Professor of Chemistry, Indian Institute of Technology Kanpur, India","Statistical Mechanics of Crystal Growth of …, 2D materials",265.0,https://scholar.google.com/citations?hl=en&user=NZN_yHEAAAAJ
Rameshwari Naorem,"Department of Physics, Indian Institute of Technology Kanpur","Optics, Metamaterials, Disordered systems, Alloys, Oxides",265.0,https://scholar.google.com/citations?hl=en&user=TgLMcHoAAAAJ
Adithya Vadapalli,IIT Kanpur,"Cryptography, Private Information Retrieval, Algorithms, Distributed Algorithms",264.0,https://scholar.google.com/citations?hl=en&user=jeOME6wAAAAJ
Manas Khan,"Assistant Professor at Indian Institute of Technology Kanpur, India","Soft & Active Matter, Statistical Physics, Optical Tweezers, Colloids, Complex Fluids",262.0,https://scholar.google.com/citations?hl=en&user=v4aT64AAAAAJ
Deepashree Sheshadri,"Research Establishment Officer, IIT Kanpur","Genetics, Neurodegeneration, gerontology",262.0,https://scholar.google.com/citations?hl=en&user=MkIpcoQAAAAJ
Sarosh Alam Ghausi,Assistant Professor at IIT Kanpur,"Hydrology, Thermodynamics, Extreme events",262.0,https://scholar.google.com/citations?hl=en&user=cTEMyQ8AAAAJ
Subrahmanyam Saderla,"Associate Professor, Indian Institute of Technology Kanpur","Flight Dynamics, System Identification, Parameter Estimation, UAV",260.0,https://scholar.google.com/citations?hl=en&user=D7Jy5-8AAAAJ
Gulshan Kumar Sinha,"Post Doctoral Fellow, Indian Institute of Technology Kanpur","Flow boiling, Heat transfer enhancement, Optical measurements, Nanofluids",260.0,https://scholar.google.com/citations?hl=en&user=SpIAAOoAAAAJ
Shoma Suresh K,"Research fellow, IIT Kanpur","Tissue engineering, Biofabrication",260.0,https://scholar.google.com/citations?hl=en&user=By8RYJQAAAAJ
Ayush Jain,"Indian Institute of Technology, Kanpur",Natural Language Processing,260.0,https://scholar.google.com/citations?hl=en&user=PisrFq0AAAAJ
Dr. Shabnam Shabir,"Research Scientist, Biological Sciences and Bioengineering, Indian Institute of Technology …","Drug Delivery, Biomaterials, Nanomedicine, Neurobiology, Circadian Biology",259.0,https://scholar.google.com/citations?hl=en&user=7jUB6roAAAAJ
Abhinay K.,IIT Kanpur,"Isotope Geology, Geochmistry, Geochronolgy",258.0,https://scholar.google.com/citations?hl=en&user=VeCPU0Rwvr8C
Promit Ganguly,Indian Institute of Technology Kanpur,"Cancer, Prostate cancer, Cancer epigenetics, Cancer genomics, Cancer signalling",258.0,https://scholar.google.com/citations?hl=en&user=OhsqveUAAAAJ
Virkeshwar Kumar,Indian Institute of Technology Kanpur,"Evaporation, Casting, Welding, Solidification and Melting, Transport Phenomena",257.0,https://scholar.google.com/citations?hl=en&user=vHtWpf8AAAAJ
Amit Kumar Yadav,"Department of Civil Engineering, Indian Institute of Technology, Kanpur","Aerosol, Atmospheric chemistry",257.0,https://scholar.google.com/citations?hl=en&user=OenWEUYAAAAJ
Saurabh Srivastava,Indian Institute of Technology Kanpur,"Perovskite solar cells, Energy materials, Ceramic materials",256.0,https://scholar.google.com/citations?hl=en&user=eUl-i_oAAAAJ
Avirag Bajpai,IIT Kanpur & L&T Institute of Project Management,"Construction Digitalization, Construction Management, Project Management",256.0,https://scholar.google.com/citations?hl=en&user=AQZ9xFUAAAAJ
Dr. Noimur Rahman,IIT Kanpur,Organic Synthesis,255.0,https://scholar.google.com/citations?hl=en&user=P-0QXJMAAAAJ
Nidhi Sharma,"IIT D, UBCO Canada, IIT Kanpur","CFD, Turbulent Flows",254.0,https://scholar.google.com/citations?hl=en&user=WmvxiY8AAAAJ
MINHAJUL ISLAM,Indian Institute of Technology Kanpur,Quantum Gravity,253.0,https://scholar.google.com/citations?hl=en&user=7jne47wAAAAJ
Sutanu Gayen,"Assistant Professor, IIT Kanpur","Algorithms, Statistics, Foundations of machine learning, Streaming algorithms",252.0,https://scholar.google.com/citations?hl=en&user=aqd7jKoAAAAJ
Pradeep Moise,"Assistant Professor, Aerospace Engineering, Indian Institute of Technology Kanpur","transonic buffet, vortex breakdown, LES, SPOD, linear stability analysis",249.0,https://scholar.google.com/citations?hl=en&user=dFwfl0oAAAAJ
Madhu Seetharaman,"Senior Project Engineer/Scientist, Indian Institute of Technology, Kanpur","Organic Light Emitting Diodes, Organic- Inorganic Pervoskite photovoltaics, Large area flexible electronics, Nanomaterials, Thin",243.0,https://scholar.google.com/citations?hl=en&user=5meeblEAAAAJ
Shubham Khunteta,"IIT Kanpur, Samsung R&D Institute Bangalore","AI, Signal Processing, Communication systems, Machine learning, AI in Wireless",242.0,https://scholar.google.com/citations?hl=en&user=1AK6NPEAAAAJ
Raghvendra Singh Yadav,"Senior Research Associate , IITK","Energy Storage, Nanofabrication (Maskless UV lithography), 2D metal naostructures",242.0,https://scholar.google.com/citations?hl=en&user=wCiSCRsAAAAJ
Prosun Halder,Indian Institute of Technology Kanpur,"Molecular simulation, monte carlo simulation, molecular dynamics",242.0,https://scholar.google.com/citations?hl=en&user=snD9-qcAAAAJ
Sarvesh sonkar,"Indian institute of Technology, Kanpur","Control systems, Image processing, design, Machine learning",241.0,https://scholar.google.com/citations?hl=en&user=FFYlPRMAAAAJ
ATUL RANJAN,"Institute Post-doctoral fellow, IIT Kanpur","Electrohydrodynamics, Pool boiling, Wettability, Wickability, Micro/Nano scale surface modification",241.0,https://scholar.google.com/citations?hl=en&user=Evpz6QYAAAAJ
Seetaram Maurya,"Indian Institute of Technology, Kanpur, India",Machine learning Deep learning Signal …,240.0,https://scholar.google.com/citations?hl=en&user=4CPAYiwAAAAJ
Mir Afrasiar,Indian Institute of Technology Kanpur,"AdS/CFT correspondence, Quantum Entanglement",240.0,https://scholar.google.com/citations?hl=en&user=lIsE_VMAAAAJ
Akash Choudhary,"Department of Chemical Engineering, Indian Institute of Technology Kanpur","Microhydrodynamics, Complex Fluids, Fluid Dynamics",239.0,https://scholar.google.com/citations?hl=en&user=uSHt33IAAAAJ
Dr. Ragini Gupta,IIT Kanpur,"Bacteriophage, Bacteria, Bioenergy",238.0,https://scholar.google.com/citations?hl=en&user=U61VB3IAAAAJ
Chaturi Singh,"Senior Research Engineer, IIT Kanpur","Instrumentation, Wireless communications",237.0,https://scholar.google.com/citations?hl=en&user=YsJ8nMMAAAAJ
Shivam Tripathi,"Assistant Professor, Indian Institute of Technology (IIT) Kanpur","Thermal Transport, Shape Memory Alloys, Molecular Dynamics, Density Functional Theory, Machine",237.0,https://scholar.google.com/citations?hl=en&user=jRMyUcgAAAAJ
Amrita Dutt,"Indian Institute of Technology, Kanpur","Petrology, Geochemistry",236.0,https://scholar.google.com/citations?hl=en&user=UTkIR8QAAAAJ
Anirban Sau,"SRF, Dept. of  Chemistry, IIT Kanpur",Catalysis and organic synthesis,236.0,https://scholar.google.com/citations?hl=en&user=ifvvod4AAAAJ
Srinu Gangolu,Indian Institute of Technology Kanpur,mechanical Behaviour of Materials,235.0,https://scholar.google.com/citations?hl=en&user=9um_H10AAAAJ
Debanjan Dasgupta,"Indian Institute of Technology, Kanpur","Neuroscience, electrophysiology, olfaction, neurodegeneration",235.0,https://scholar.google.com/citations?hl=en&user=1VdKIY0AAAAJ
Dr. Vinay Kumar,"Project Scientist-C, IIT Kanpur","Applied Mathematics, Numerical Methods, Scientific Computing",235.0,https://scholar.google.com/citations?hl=en&user=HaBvaxsAAAAJ
Prabha Verma,"Project Scientist, National Centre For Flexible Electronics, Indian Institute of Technology …","Chemical Sensors, Machine Learning, Artificial Intelligence",234.0,https://scholar.google.com/citations?hl=en&user=o_WEaO8AAAAJ
Hiranya Sahoo,Indian Institute of Technology Kanpur,"Stratigraphy, Sedimentology, Paleoclimate, Energy Geoscience, Extreme-climate Impact",233.0,https://scholar.google.com/citations?hl=en&user=FWJ83tMAAAAJ
DEVESH PRATAP VERMA,"CSIR-CDRI Lucknow, Indian Institute of Technology Kanpur",Peptide science and therapeutics,233.0,https://scholar.google.com/citations?hl=en&user=GJ0Xz8QAAAAJ
Subhra Halder,Post Doctoral Fellow at IIT Kanpur,"Geospatial techniques, water resources, environment management",230.0,https://scholar.google.com/citations?hl=en&user=S59eF2YAAAAJ
PUSPENDU SAHA,"Experimental Rock Deformation Laboratory, Department of Earth Sciences, IIT Kanpur, India","Structural Geology, Analogue modelling, Rock deformation, Fold and thrust belts",229.0,https://scholar.google.com/citations?hl=en&user=iFBU3lkAAAAJ
BS Ajay Vardhaman,IIT Kanpur,Lubricant tribology,228.0,https://scholar.google.com/citations?hl=en&user=wwhV-fsAAAAJ
Samit Paul,IIT Kanpur,"Plasma, Focused Ion Beam",226.0,https://scholar.google.com/citations?hl=en&user=reyEcpcAAAAJ
Muni Anandakrishnan,"Chairman, Board of Governors, Indian Institute of Technology, Kanpur, India",Higher Education Policies,225.0,https://scholar.google.com/citations?hl=en&user=BlSBNS8AAAAJ
Jillet Sarah Sam,"Humanities and Social Sciences, IIT Kanpur","sociology of money, economic sociology, social geography, new media, globalization",224.0,https://scholar.google.com/citations?hl=en&user=3GvD7EsAAAAJ
Praveen Kumar Singh,Indian Institute of Technology Kanpur,"Soliton in Liquid crystals, Liquid crystals gel, nanoparticles, Soft Matter, Impedance spectroscopy",222.0,https://scholar.google.com/citations?hl=en&user=BvORYk8AAAAJ
Mohit Ganeriwala,"Assistant Professor, Department of Electrical Engineering, IIT Kanpur, India","Semiconductor Device Modeling, Solid State Physics, Device Simulations",221.0,https://scholar.google.com/citations?hl=en&user=nCjPWM8AAAAJ
Imon Mondal,"Associate Professor, IIT Kanpur",Analog / RFIC  design,220.0,https://scholar.google.com/citations?hl=en&user=x8yBIWwAAAAJ
Hrushikesh Chunduri,Indian Institute of Technology Kanpur,"Cyber Security, Malware Analysis, Fileless Malware Detection, Ransomware, Advanced Persistent Threat",220.0,https://scholar.google.com/citations?hl=en&user=HXbfeg4AAAAJ
arijit bhattacharya,"Post Doc, IIT Kanpur","Combustion, nonlinear dynamics, time series analysis",219.0,https://scholar.google.com/citations?hl=en&user=lZqXU6cAAAAJ
Dr. Dibya Yadav,"Postdoctoral Fellow, IIT Kanpur, India",,217.0,https://scholar.google.com/citations?hl=en&user=2p9I00IAAAAJ
Raghvendra Singh,"Associate Professor, Indian Institute of Technology Kanpur",Systems Biology,217.0,https://scholar.google.com/citations?hl=en&user=anez1-AAAAAJ
Shilpi Gupta,Indian Institute of Technology Kanpur,"Nanophotonics, Quantum optics, Quantum dot based devices",216.0,https://scholar.google.com/citations?hl=en&user=h6inNWwAAAAJ
VIKAS MAURYA,IIT Kanpur,"Cyber-physical systems security, Cyber Security, Machine Learning for Cyber Security",216.0,https://scholar.google.com/citations?hl=en&user=0lIm6zUAAAAJ
Rachana Agrawal,"Assistant Professor, Aerospace Engineering, Indian Institute of Technology Kanpur",Space Mission Engineering,216.0,https://scholar.google.com/citations?hl=en&user=40-bZJQAAAAJ
Krishna Gopal Benerjee,"Project Post Doctoral Fellow, Department of Electrical Engineering, IIT Kanpur","Coding Theory, DNA Based Data Storage, Distributed Storage System, Codes for Molecular Communication",215.0,https://scholar.google.com/citations?hl=en&user=CRNW4v0AAAAJ
priyanka gangwar,Indian Institute of Technology kanpur,"Multi-phase distribution system operation and …, optimization, DG integration, Network reconfiguration, Smart grid",213.0,https://scholar.google.com/citations?hl=en&user=KCWlGHoAAAAJ
Manoj Joshi,"REO, MSE Dept., IIT Kanpur","Tribology, Severe Surface Deformation, Nanoindentation, Coatings, Corrosion",213.0,https://scholar.google.com/citations?hl=en&user=xS7qaykAAAAJ
Suman Karan,"Senior Project Scientist, IIT Kanpur","Quantum Optics, Orbital Angular Momentum, Optical Coherence, Quantum metrology",212.0,https://scholar.google.com/citations?hl=en&user=mwptdSIAAAAJ
Md Abu Taher,Institute Postdoctoral Fellow at Indian Institute of Technology Kanpur,"Ultrafast Laser Writing, Nonlinear Optics",211.0,https://scholar.google.com/citations?hl=en&user=2FYok6MAAAAJ
Amer Tabbakh,IIT Kanpur,"Image Processing, Machine Learning, Deep Learning, Data Analysis",211.0,https://scholar.google.com/citations?hl=en&user=Xw6aj6wAAAAJ
Munmun Jha,"Professor of Sociology, IIT Kanpur","Human rights, social movements, India, elderly, women",210.0,https://scholar.google.com/citations?hl=en&user=ps6AKU0AAAAJ
Sadiq Mahmood,"Indian Institute of Technology Kanpur, India. National Yang Ming Chiao Tung University …","Thin film encapsulation, OLEDs, Self-healable polymers, polymer nanocomposites, Packaging",210.0,https://scholar.google.com/citations?hl=en&user=hKI7sUwAAAAJ
Rakesh Roshan,"Research Establishment Officer, IIT Kanpur","EMI/EMC Testing, EMC Simulation, Antenna design, CST, RF and Microwave",209.0,https://scholar.google.com/citations?hl=en&user=0FqZu6cAAAAJ
Rohit Singh,CSIR-NAL I IIT Kanpur,"Aeroacoustics, Acoustics source localization, Beamforming, Composites",209.0,https://scholar.google.com/citations?hl=en&user=KImPKGgAAAAJ
Saumya R Jha,"Prime Minister Research Fellow, IIT Kanpur","Materials characterization, High entropy alloy, Complex Concentrated Alloy, DFT, Cellular automata",209.0,https://scholar.google.com/citations?hl=en&user=TtJCMJIAAAAJ
Rohit Negi,Indian Institute of Technology Kanpur,"Industrial Automation, Critical Infrastructure, Cyber Security",208.0,https://scholar.google.com/citations?hl=en&user=CiEmB0IAAAAJ
Dr. Harish Kumar Trivedi,"Prime Minister's Research Fellow (PMRF) , IIT Kanpur","Recycling e-waste/industrial waste, Extractive metallurgy, Characterizations and chemical analysis",206.0,https://scholar.google.com/citations?hl=en&user=kqJenxsAAAAJ
Kshitij Gupta,"Indian Institute of Technology, Kanpur",Chemical Engineering,204.0,https://scholar.google.com/citations?hl=en&user=UmRBaz0AAAAJ
Ubaid Tariq,"Indian Institute of Technology, Kanpur","Tissue Engineering, Regenerative Medicine, Molecular Biology",204.0,https://scholar.google.com/citations?hl=en&user=x35Z-PwAAAAJ
Seema Awasthi,"Indian institute of Technology Kanpur, India",RF and Microwave,203.0,https://scholar.google.com/citations?hl=en&user=a95kZp0AAAAJ
SOURADIP DE,"Indian Institute of Technology Kanpur, India","Cooperative Control, Time Delay, Power System, Microgrid",203.0,https://scholar.google.com/citations?hl=en&user=JlVsP0QAAAAJ
Ramling S. Mathpati,"Institute Postdoctoral Fellow, Indian Institute of Technology Kanpur, India","Organic Chemistry💧, High Energy Materials 🔥, Synthesis of Propellants 🚀",199.0,https://scholar.google.com/citations?hl=en&user=iwjwciEAAAAJ
Salahudden Salahudden,"Visiting Assistant Professor, IIT Kanpur","Flight Mechanics, Flight Control Law/Autopilot Design, Aircraft/UAV Design, Space Dynamics, AI",199.0,https://scholar.google.com/citations?hl=en&user=Ln2kbtEAAAAJ
Sanjay Singh Tomar,Indian Institute of Technology Kanpur,"Multiscale Modelling, Finite Element Analysis, Composite Structures, Uncertainty Quantification",198.0,https://scholar.google.com/citations?hl=en&user=gpP8uQYAAAAJ
soumya nanda,"Ramanujan Faculty Fellow, Indian Institute of Technology Kanpur","Stress wave force balance system, Artificial Intelligence",196.0,https://scholar.google.com/citations?hl=en&user=ho-H3fYAAAAJ
Pulkit Mittal,"Professional - ITC Limited, Indian Institute of Technology","Machine Learning, Evolutionary Computation",195.0,https://scholar.google.com/citations?hl=en&user=dXh9gmAAAAAJ
Chunendra K Sahu,IIT Kanpur IN,"Porous Media, Fluid Mechanics, Plumes, Gravity Currents, CCS",195.0,https://scholar.google.com/citations?hl=en&user=tRybZTcAAAAJ
Rahul Bhattacharyya,Materials Scientist- R&D| IIT Kanpur| IIT Bhubaneswar,"Solid State Ionics, Electroceramics, Energy storage",194.0,https://scholar.google.com/citations?hl=en&user=KTs2rg0AAAAJ
Pranav Joshi,Indian Institute of Technology Kanpur,"Experimental fluid mechanics, turbulent flows, heat transfer",192.0,https://scholar.google.com/citations?hl=en&user=1hNHjoQAAAAJ
Bheemsehan Gurjar,"Postdoc researcher, Indian Institute of Technology Kanpur","Higher energy physics theory, hep phenomenology, Hadron Physics, AdS/QCD",191.0,https://scholar.google.com/citations?hl=en&user=fqZuuT0AAAAJ
Mohit Kumar,"Indian Institute of Technology, Kanpur",Translational Research,190.0,https://scholar.google.com/citations?hl=en&user=KMuuWBYAAAAJ
Chirag Kothari,Assistant professor at Indian Institute of Technology (IIT) Kanpur,"Construction management, Infrastructure asset management, Sustainability, Social equity, Smart City",187.0,https://scholar.google.com/citations?hl=en&user=0M11THUAAAAJ
Rahul Sahu,IIT Kanpur,"Supramolecular polymerization, Porous material, interface, MD, ML",187.0,https://scholar.google.com/citations?hl=en&user=aUNE4xgAAAAJ
Deepika Jhajhria,IIT Kanpur,"Electrochemical Energy Storage, Supercapacitors, Thin Films",186.0,https://scholar.google.com/citations?hl=en&user=mLiJjnkAAAAJ
Jothsna Rajan,"Assistant Professor, Indian Institute of Technology Kanpur","Policy Evaluation, Local Governance, Politics",186.0,https://scholar.google.com/citations?hl=en&user=WJ9QTGMAAAAJ
Chhavi Jain,"Assistant Professor, Indian Institute of Technology Kanpur","Geophysics, Geodynamics, Mantle rheology, Onset of convection, Planetary Interiors",186.0,https://scholar.google.com/citations?hl=en&user=XR5Sgg0AAAAJ
Gaurav Joshi,"Indian Institute of Technology-Kanpur, Kanpur, India","Rock deformation, Structural Geology, Impact Cratering and Rock magnetism",185.0,https://scholar.google.com/citations?hl=en&user=ESRviwgAAAAJ
Suman Saurabh,"Assistant Professor, Department of Management Sciences, IIT Kanpur","Financial Distress, Investments, Payout Policy, Corporate Finance, Behavioral Finance",185.0,https://scholar.google.com/citations?hl=en&user=qwqXalwAAAAJ
Pratibha Bhadauriya,"Project Scientist , IIT Kanpur","Molecular biology, Neurobiology, Stress biology, Diabetes managment, Nanotechnology",184.0,https://scholar.google.com/citations?hl=en&user=Z2rXxQoAAAAJ
esha johari,"Research Associate, IIT-Kanpur","Microwave communications, Microwave imaging, Antenna design and Analysis",183.0,https://scholar.google.com/citations?hl=en&user=qlhY1L0AAAAJ
Omkar Yadav,"Indian Institute of Technology kanpur, India",Operation and Control of VSC MTDC Systems,183.0,https://scholar.google.com/citations?hl=en&user=28UE7DYAAAAJ
Salman Ahmad Khan,Indian Institute of Technology Kanpur,"Disordered Catalysts, Scientific Machine Learning, Rare Events",183.0,https://scholar.google.com/citations?hl=en&user=6oRrO78AAAAJ
Debdatta Ray,"Assistant Professor, IIT Kanpur","Nanophotonics, Nanofabrication",183.0,https://scholar.google.com/citations?hl=en&user=0vwS2csAAAAJ
Ashish Kumar,"BSBE, IIT Kanpur","Drug Delivery, Nanomedicine",182.0,https://scholar.google.com/citations?hl=en&user=Lv6hEh8AAAAJ
SHANTI MEHRA,IIT Kanpur,"IC Engine, Dimethyl Ether, Spray, Sustainable Energy",181.0,https://scholar.google.com/citations?hl=en&user=iYtLWPYAAAAJ
Amar Nath Roy Chowdhury,"Assistant Professor, Indian Institute of Technology Kanpur","Mechanics of thin walled structures, Nonlinear finite element analysis, Stability of structures",179.0,https://scholar.google.com/citations?hl=en&user=i17_BxQAAAAJ
Arun Kumar Bambam,"Postdoc, IIT Kanpur","Sustainable Machining, Cutting Fluids, Ionic liquids, Tribology, Additive Manufacturing",179.0,https://scholar.google.com/citations?hl=en&user=DQTrSqoAAAAJ
S Charis Caroline,"Post Doctoral Fellow, Indian Institute of Technology, Kanpur","Energy Storage, Supercapacitors, Electrocatalysis, Electrochemical Sensing, Photodetectors",178.0,https://scholar.google.com/citations?hl=en&user=cqbdpxkAAAAJ
Shubham Rathi,Indian Institute of Technology Kanpur,"Air Quality, Aerosol, Health Risk, Black carbon",177.0,https://scholar.google.com/citations?hl=en&user=ogEvir8AAAAJ
Purnabha Dasgupta,Indian Institute of Technology Kanpur,"Renewable Energy, Agriculture Transition, Sustainable Agriculture, Ground Water Management",177.0,https://scholar.google.com/citations?hl=en&user=g3jiuEoAAAAJ
Rizwan Khan,ANRF-NPDF @ IIT Kanpur,"Micro-CT, 3D image analysis, Shear band analysis, Experimental geotechnics, Sand-geosynthetic",175.0,https://scholar.google.com/citations?hl=en&user=b0_ELRcAAAAJ
Mohammed Ibrahim Sugarno,"Associate Professor, Department of Aerospace Engineering, Indian Institute of Technology …",Hypersonic Aerodynamics,174.0,https://scholar.google.com/citations?hl=en&user=Stq51T0AAAAJ
Jayant Raj Saurav,IIT Kanpur,Nano Technology & Microfabrication,173.0,https://scholar.google.com/citations?hl=en&user=pI77yiEAAAAJ
Nivedita Bhaktha,Indian Institute of Technology Kanpur,statistics and quantitative methods,173.0,https://scholar.google.com/citations?hl=en&user=5--OxBUAAAAJ
Jyoti Chandra,Indian Institute of Technology Kanpur and IIT Kharagpur,"Geochemistry, Isotope Geochemistry, Igneous Petrology, Mineralogy",173.0,https://scholar.google.com/citations?hl=en&user=AVYSBKcAAAAJ
Chhavi Khajuria,IIT Kanpur,Synthetic Organic Chemistry,171.0,https://scholar.google.com/citations?hl=en&user=V1CEgowAAAAJ
Dr. Harshini Deivendran,"Project Scientist, Department of SCDT, IIT Kanpur","Organic Synthesis, Organic Electronics, Memory Devices, OLED, OFET",170.0,https://scholar.google.com/citations?hl=en&user=b72eh5YAAAAJ
Tufan Kumar Guha,"Aerospace Engineering Department, Indian Institute of Technology Kanpur",Experimental Aerodynamics,169.0,https://scholar.google.com/citations?hl=en&user=w-ucKa0AAAAJ
Raghwendra kumar,Indian Institute of Technology Kanpur,Metamaterials and Plasmonics,169.0,https://scholar.google.com/citations?hl=en&user=QJPrkxYAAAAJ
Nikhil PP,"Postdoc at Department of physics, IIT Kanpur","Nanophotonics, Photonic Crystals, Plasmonics, Nonlinear optics",169.0,https://scholar.google.com/citations?hl=en&user=3XYpvUQAAAAJ
Saloni Agarwal,"Scientist, IIT kanpur",Molecular biology,168.0,https://scholar.google.com/citations?hl=en&user=K0nch2oAAAAJ
Puspangana Singh,Indian Institute of Technology Kanpur,Biophysics & Virology,168.0,https://scholar.google.com/citations?hl=en&user=6WgwILQAAAAJ
Pareena G Wagle,"IIT, Kanpur",,168.0,https://scholar.google.com/citations?hl=en&user=Yb7t6g8AAAAJ
Soumyadeep Chatterjee,IIT Kanpur,"Solar Physics, MHD Turbulence, Turbulence, Fluid Dynamics, Nonlinear Dynamics",165.0,https://scholar.google.com/citations?hl=en&user=bA6VO5IAAAAJ
Subhankar Mukherjee .,Indian Institute of Technology Kanpur,,165.0,https://scholar.google.com/citations?hl=en&user=IDaCcn8AAAAJ
Vineet Sahu,"Professor of Philosophy, IIT Kanpur","Ethics, Philosophy of religion, Political philosophy, Philosophical Anthropology",164.0,https://scholar.google.com/citations?hl=en&user=kVdQ_xEAAAAJ
Dr. Arun Singh Dev,"Indian Institute of Technology (IIT), Kanpur","Magnetic thin films/multilayers, Spintronics, stress, oblique angle deposition, magnetism",164.0,https://scholar.google.com/citations?hl=en&user=6ldHKFcAAAAJ
Justin K George,Indian Institute of Technology Kanpur,"Membrane filtration, Hydrogen production, Hydrogen storage, Adsorption",164.0,https://scholar.google.com/citations?hl=en&user=qiHvKU8AAAAJ
PC Anandh,"Post Doctoral Fellow, Indian Institute of Technology Kanpur","Aerosols, Weather & Climate Extremes, Madden Julian Oscillation",163.0,https://scholar.google.com/citations?hl=en&user=hWHMAgUAAAAJ
Desai Manish,"INDIAN INSTITUTE OF TECHNOLOGY,KANPUR","MACHINE LEARNING, AERODYNAMICS, ENERGY SYSTEMS",163.0,https://scholar.google.com/citations?hl=en&user=ps9_LkgAAAAJ
Mohit Awasthi,Indian Institute of Technology Kanpur,"Multifunctional Metamaterials, Honeycomb Structures.",163.0,https://scholar.google.com/citations?hl=en&user=dlJK2IMAAAAJ
Rishav Kumar,IIT Kanpur,"BTMS, Thermal energy storage, Electrohydrodynamic fluid flow & heat trans, heat exchanger, PCM",163.0,https://scholar.google.com/citations?hl=en&user=b501yHMAAAAJ
Dr. Pradeep Sachan,IIT Kanpur,"Molecular electronic devices, Memory Devices, Supercapacitor",162.0,https://scholar.google.com/citations?hl=en&user=JoRt2n8AAAAJ
Mubasher Rashid,Indian Institute of Technology Kanpur,"Mathematical Oncology, Network Dynamics, Systems Biology, Data Science",160.0,https://scholar.google.com/citations?hl=en&user=NEU6s6sAAAAJ
Sourav Majumdar,Indian Institute of Technology Kanpur,,160.0,https://scholar.google.com/citations?hl=en&user=hHAFWwMAAAAJ
Khyati Shukla,Indian Institute of Technology,"Stereoselective methodologies, Organic Synthesis",159.0,https://scholar.google.com/citations?hl=en&user=sN48WsIAAAAJ
Dr. Sanjay K Kakodia,Institute Post doctoral fellow  (IIT Kanpur),"Electric Vehicle, Hybrid EV, Electric Drive, Power Electronics",158.0,https://scholar.google.com/citations?hl=en&user=oGGfbw4AAAAJ
Arun Kumar,IIT Kanpur,"Tribology, Surface Engineering, Thermal Spray Coatings, Characterization of Materials, Mg Alloy",156.0,https://scholar.google.com/citations?hl=en&user=IrSG6TwAAAAJ
Bidhan Chandra,"Indian Institute of Technology, Kanpur","transition, polymers, softwall transition",156.0,https://scholar.google.com/citations?hl=en&user=kVliwHMAAAAJ
Akshay Raina,"MSR, IIT Kanpur","SIGNAL PROCESSING, MACHINE LEARNING, DEEP LEARNING",156.0,https://scholar.google.com/citations?hl=en&user=urGzmJIAAAAJ
Sagnik Sarma Choudhury,"FARE Fellow, Indian Institute of Technology, Kanpur","Zinc-ion Batteries, Sustainable Energy Storage Systems",156.0,https://scholar.google.com/citations?hl=en&user=FQya_KAAAAAJ
ravindra yadav,"Indian Institute of Technology Kanpur, India","Machine learning, Computer Vision",154.0,https://scholar.google.com/citations?hl=en&user=Er32YxAAAAAJ
debasis sen,"IIT Kanpur, India",,153.0,https://scholar.google.com/citations?hl=en&user=Zjhg8R0AAAAJ
Dr. Arun Prakash Upadhyay,"CHEMICAL ENGINEERING, IIT KANPUR","WATER SPLITTING, CHEMICAL ENGINEERING, NANOTECHNOLOGY, CLICK CHEMISTRY",151.0,https://scholar.google.com/citations?hl=en&user=dfgJUfgAAAAJ
Vishesh Mishra,Indian Institute of Technology Kanpur,"Microarchitecture Security, Hardware Security, Approximate Computing, Side Channel Attacks, Emerging Computing",151.0,https://scholar.google.com/citations?hl=en&user=3EuqGKoAAAAJ
Sapna Bisht,IIT KANPUR,"sustainability, climate-change, disaster management, energy transition, energy policies",150.0,https://scholar.google.com/citations?hl=en&user=uq91pKYAAAAJ
Subhasis Mukhopadhyay,"MS(Research), CSE, IIT Kanpur","Defensive Cyber Security, Deception Technology, Deception, Active Defense, Intrusion Detection.",148.0,https://scholar.google.com/citations?hl=en&user=BvSEj8gAAAAJ
anjali jaiswal,Indian Institute of Technology Kanpur,Fractional Differential Equations,148.0,https://scholar.google.com/citations?hl=en&user=3t0mCOkAAAAJ
Gurumurthy Neelakantan,Indian Institute of Technology Kanpur,"Contemporary American Literature, World Classics, Literary Theory",147.0,https://scholar.google.com/citations?hl=en&user=yjvjMHsAAAAJ
Upkar K. Verma,Department of Physics Indian Institute of Technology Kanpur,Physics of Organic Solar Cells,147.0,https://scholar.google.com/citations?hl=en&user=gholkp8AAAAJ
PRANJAL CHAUHAN,"Department of Materials Science and Engineering, Indian Institute of Technology Kanpur","Integrated Computational Materials …, Digital Twin, Alloy Design, Strengthening Mechanism",146.0,https://scholar.google.com/citations?hl=en&user=Om9a8Y8AAAAJ
Sanjiv Kumar,"Assistant Professor at Dept. of Economic Sciences, Indian Institute of Technology Kanpur …","Open economy, macroprudential policy, Monetary policy",146.0,https://scholar.google.com/citations?hl=en&user=WZEElvcAAAAJ
Bal Krishan Mishra,IIT Kanpur,Experimental fluid dynamics,146.0,https://scholar.google.com/citations?hl=en&user=McnjfAkAAAAJ
Piyush Dey,IIT Kanpur,Nanotechnology,146.0,https://scholar.google.com/citations?hl=en&user=AbpBGDwAAAAJ
TAPADYUTI BARAL,"Indian Institute of Technology, Kanpur","Embedded System, IoT, IoT Security, Wireless Communication, Hardware & Radio Exploitation",145.0,https://scholar.google.com/citations?hl=en&user=j0GJv30AAAAJ
Sudhanshu Mishra,"Indian Institute of Technology, Kanpur","Machine Learning, NLP, Reinforcement Learning, Engineering Mechanics",144.0,https://scholar.google.com/citations?hl=en&user=-HjVWRYAAAAJ
Amiya kumar Medda,"Research Establishment Officer, Dept. of Chemistry, Indian Institute of Technology Kanpur …","peptide mimicking chemistry, natural product chemistry, analityical instrumentation, catalysis",144.0,https://scholar.google.com/citations?hl=en&user=u6r4BUgAAAAJ
Shankar Prawesh,"Industrial & Management Engineering, IIT Kanpur","News Recommendation, Big Data, Information Systems",143.0,https://scholar.google.com/citations?hl=en&user=D0JXpTIAAAAJ
Pradeep Kumar Yadav,Post Doctoral Fellow @ IIT Kanpur,"Catalysis and reaction engineering, Supported metal and metal oxide catalysis …",142.0,https://scholar.google.com/citations?hl=en&user=Kall4dQAAAAJ
Ashish Kumar,"Indian Institute of Technology, Kanpur, India","Autonomous Vehicles, UAVs, Neural Networks Design, Foundation Models, Humanoid Autonomy",142.0,https://scholar.google.com/citations?hl=en&user=n-oRDEYAAAAJ
Sachin Yashavant Shinde,"IIT Kanpur, IISc, JNCASR",Fluid dynamics,141.0,https://scholar.google.com/citations?hl=en&user=7s_qmbgAAAAJ
Rahul Gupta,Indian Institute of Technology Kanpur,"Knowledge Representations, Model Counting, Blockchains, Cyber Security, Natural Language Processing",141.0,https://scholar.google.com/citations?hl=en&user=JAPNSKcAAAAJ
Prashant Kumar Bhargav,Indian Institute of Technology Kanpur,"Nanomaterials, Li-ion Battery, Zn-ion Battery, Photo-battery, Cathode materials",141.0,https://scholar.google.com/citations?hl=en&user=x6gF4eYAAAAJ
Sri Vanamalla Venkataraman,Indian Institute of Technology Kanpur,,141.0,https://scholar.google.com/citations?hl=en&user=XOAZCqQAAAAJ
Parasar Mohanty,Indian Institute of Technology Kanpur,Harmonic Analysis,140.0,https://scholar.google.com/citations?hl=en&user=X4JFi2YAAAAJ
Srinivas Arigapudi,IIT Kanpur,Game Theory,140.0,https://scholar.google.com/citations?hl=en&user=juXMutMAAAAJ
Nagaditya Poluri,"Indian Institute of Technology, Kanpur",Power Amplifier design,140.0,https://scholar.google.com/citations?hl=en&user=70IavYIAAAAJ
Salil Joshi,"Indian Institute of Technology, Kanpur","nanomaterials / nanoparticles / thin films, microfabrication, electrospinning / nanofibers, ceramics and glasses, dielectric and",139.0,https://scholar.google.com/citations?hl=en&user=17vSi5kAAAAJ
Mohd Aman,"FARE Fellow at Material Science and Engineering, Indian Institute of Technology Kanpur","Supercapacitor, Batteries, Electrocatalysis, Electrochemistry",139.0,https://scholar.google.com/citations?hl=en&user=D4z6yiwAAAAJ
Dr. Kavita Shukla,"IESD, BHU, IIT Kanpur","Arsenic, rice, nanohydroxyapeptite, bone tissue engineering",139.0,https://scholar.google.com/citations?hl=en&user=PWTsyzkAAAAJ
Dr BB Agrawal,"Visiting Professor at IIT Kanpur, India; Former GM at R&D Centre, Steel Authority of India Ltd.","sponge iron, composite pellets, … reduced iron steel technologies research in …",138.0,https://scholar.google.com/citations?hl=en&user=MlTtDGMAAAAJ
tanima Hajra,IIT Kanpur,chemistry,137.0,https://scholar.google.com/citations?hl=en&user=epHVCVsAAAAJ
Deeksha Jaiswal,IIT Kanpur,"Porous Materials, CO2 Capture and ConversionPolymer …",136.0,https://scholar.google.com/citations?hl=en&user=Wm1KwugAAAAJ
Dr. Zaid Bin Siddique,Indian Institute of Technology (IIT) Kanpur,"High Voltage, Transformer Oils, Nano-dielectrics, Ester Oils, Transformer Insulations",136.0,https://scholar.google.com/citations?hl=en&user=zKCziKAAAAAJ
Bijaya Bikram Samal,"Institute Postdoctoral Fellow, Mechanical Engineering, Indian Institute of Technology …","3D/4D Printing, Smart Materials, Mechanical Metamaterials, Biomaterials",135.0,https://scholar.google.com/citations?hl=en&user=H_s5WZUAAAAJ
Surya Prakasarao Chodisetti,"Institute Postdoctoral Fellow, IIT Kanpur","Ceramics, Magnetic materials, Tribology, Composites, joining",135.0,https://scholar.google.com/citations?hl=en&user=eABFrxkAAAAJ
Amrendra Singh,Indian Institute of Technology Kanpur,Electrochemical water splitting,135.0,https://scholar.google.com/citations?hl=en&user=vbApFnQAAAAJ
KP Krishnaraj,"Assistant Professor, Department of Chemical Engineering, IIT Kanpur","Structure and mechanics of athermal …, Spatial networks",132.0,https://scholar.google.com/citations?hl=en&user=mmZG1uMAAAAJ
Moitrayee Chatterjee,"Project Executive Officer, IIT Kanpur","Physical Chemistry, Electrochemistry",132.0,https://scholar.google.com/citations?hl=en&user=WG_3xn0AAAAJ
Parag Tamuly,Indian Institute of Technology Kanpur,"Metal-Organic Framework, Porous Organic Polymer, Photo-catalysis, Sensing, Organo-catalysis",131.0,https://scholar.google.com/citations?hl=en&user=KihVfHUAAAAJ
Mini Chandran,"Professor of English, IIT Kanpur","Censorship, Narrative, Translation studies, Indian literature, Indian theories of criticism",130.0,https://scholar.google.com/citations?hl=en&user=Vuo-gVYAAAAJ
Satyadev Nandakumar,"Professor, Computer Science and Engineering, Indian Institute of Technology, Kanpur","Algorithmic Information Theory, Computable Analysis, Dynamical Systems, Normal Numbers, Information",130.0,https://scholar.google.com/citations?hl=en&user=lMAxggwAAAAJ
Neeraj Matiyali,Indian Institute of Technology Kanpur,"Computer Vision, Machine Learning",130.0,https://scholar.google.com/citations?hl=en&user=3skMlf8AAAAJ
Dr. Ravi Nigam (Materials Science),IIT Kanpur,"Electric double layer, Microsupercapacitor, On-chip energy storage, India",130.0,https://scholar.google.com/citations?hl=en&user=AWDykX8AAAAJ
Sudipta Roy,"RA, IIT Kanpur","Heterogeneous Catalysis, Electrocatalysis, DFT, Surface Dynamics, Machine Learning",130.0,https://scholar.google.com/citations?hl=en&user=kWX3M4kAAAAJ
Dr. Saikat Mandal,"Department of Materials Science and Engineering, IIT Kanpur","Corrosion engineering, Failure analysis, Waste valorization, Mineral Modification",130.0,https://scholar.google.com/citations?hl=en&user=sUpurE8AAAAJ
Rituraj,"Assistant Professor, Indian Institute of Technology Kanpur, India","Nanophotonics, Optoelectronics, Quantum optics, Plasmonics, Metamaterials",129.0,https://scholar.google.com/citations?hl=en&user=NGUVnogAAAAJ
Sonal Vilas Shah,"Post-Doctoral Fellow at Indian Institute of Technology, Kanpur","Waste-to-energy, Bioenergy and biofuels, Environmental science, Energy balance, Circular economy",129.0,https://scholar.google.com/citations?hl=en&user=vQi7UY4AAAAJ
Manmeet Singh,IIT Kanpur,"Concentrated solar technology, Thermal energy storage, Fluid & thermal sciences and Ocean …",128.0,https://scholar.google.com/citations?hl=en&user=KKjkUaEAAAAJ
Pritpal Kaur Sandhu,"IIT Kanpur, India",Astrophysics,128.0,https://scholar.google.com/citations?hl=en&user=TOXTQ_MAAAAJ
Arpit Agarwal,Indian Institute of Technology Kanpur,"Image processing, OCT, FAZ",128.0,https://scholar.google.com/citations?hl=en&user=X17U4AYAAAAJ
Rahul Jagtap,"Indian Institute of Technology Kanpur, INDIA","Plantwide Control, Process Design, Optimization, Economic operation",126.0,https://scholar.google.com/citations?hl=en&user=TWi85i8AAAAJ
Dr. Ankita Gupta,Indian Institute of Technology Kanpur,"Computational Biology, Structural Biology",126.0,https://scholar.google.com/citations?hl=en&user=z6g_T20AAAAJ
Kaanapuli Ramkumar,"Indian Institute of Technology, Kanpur",Theoretical High Energy Physics,126.0,https://scholar.google.com/citations?hl=en&user=LxtCuPQAAAAJ
Shyam Sunder Nishad,Indian Institute of Technology Kanpur,,125.0,https://scholar.google.com/citations?hl=en&user=tGCNyIUAAAAJ
Jhasaketan Sahu,IIT Kanpur,"Supramolecular chemistry, Coordination polymers, X-ray crystallography",124.0,https://scholar.google.com/citations?hl=en&user=wsXF20IAAAAJ
Shivam Puri,Indian Institute of Technology Kanpur,"2D materials, DFT",124.0,https://scholar.google.com/citations?hl=en&user=dOYBKPQAAAAJ
Dr. Piyush Kumar,"National Post Doctoral Fellow (NPDF), IIT Kanpur | IIT BHU | IIT Indore","High Entropy Alloy, Crystallographic texture, High temperature deformation",124.0,https://scholar.google.com/citations?hl=en&user=eH_UugcAAAAJ
Saheb Dutta,"Postdoctoral Fellow, IIT Kanpur","Computational Biology, Ab-initio QM/MM molecular dynamics …, Enzymatic catalysis, Enhanced sampling",123.0,https://scholar.google.com/citations?hl=en&user=sfFRRooAAAAJ
NAMITA KUMARI,"Indian Institute of Technology, kanpur","power system, power electronics, microgrid, digital twin",123.0,https://scholar.google.com/citations?hl=en&user=IFsaw2QAAAAJ
Dr. Vivek Gupta,"Department of Chemistry, IIT Kanpur",Organometallic Chemistry,122.0,https://scholar.google.com/citations?hl=en&user=D_tB6ikAAAAJ
Abhijit Dutta,FARE Fellow IIT KANPUR,Ultrafast Spectroscopy Fluorescence …,122.0,https://scholar.google.com/citations?hl=en&user=GopfJSQAAAAJ
Ankur Srivastava,Indian Institute of Technology Kanpur,"Non Ferrous Extractive Metallurgy, Recycling of Aluminium dross",122.0,https://scholar.google.com/citations?hl=en&user=V_Turo0AAAAJ
Dr. Asha Joshi,Post Doctoral Fellow at IIT Kanpur,Organic Synthesis,122.0,https://scholar.google.com/citations?hl=en&user=F4l6B3QAAAAJ
ARPAN HAIT,"Postdoctoral Fellow, Indian Institute of Technology Kanpur","Astro-particle physics, Cosmology, Particle Physics",122.0,https://scholar.google.com/citations?hl=en&user=X4I-X6IAAAAJ
Anindita Chakrabarti,"Professor Department of HSS, IIT Kanpur","economic sociology, religion, sociology of law",121.0,https://scholar.google.com/citations?hl=en&user=IStAumAAAAAJ
Tushar Sikroria,"Assistant Professor, Department of Mechanical Engineering, IIT Kanpur","Multiphase flows, Turbulent compressible flows, Turbomachinery, Gas turbines & sustainable energy",121.0,https://scholar.google.com/citations?hl=en&user=QJv8PJkAAAAJ
Soumyarup Sadhukhan,"Assistant Professor in the Department of Mathematics and Statistics, IIT Kanpur","Social Choice Theory, Game Theory, Mechanism Design",121.0,https://scholar.google.com/citations?hl=en&user=cpRi8rMAAAAJ
vikram kumar,IIT Kanpur,"Tribology, Coating, IC Engine",120.0,https://scholar.google.com/citations?hl=en&user=LCg1tpoAAAAJ
Nitish Katiyar,Indian Institute of Technology Kanpur,"Acoustic Metamaterials, Welding, Advanced Machining Processes, Micro-fluidics",120.0,https://scholar.google.com/citations?hl=en&user=Tdjjt9AAAAAJ
Deepak Kumar Panda,Post-Doctoral Fellow at IIT Kanpur,"molecular Dynamics Simulation, Deep Eutectic Solvents, Density Functional Theory, Catalysis",119.0,https://scholar.google.com/citations?hl=en&user=D_wy2-oAAAAJ
Amit Karmakar,"Post Doctoral Fellow, Indian Institute of Technology Kanpur","Petrography, Mineralogy, Rare Earth Elements, Coal, Beneficiation",119.0,https://scholar.google.com/citations?hl=en&user=6qwDHysAAAAJ
Dr. Devanand Kumar,IIT Kanpur,"Power Electronics, Renewable Energy",116.0,https://scholar.google.com/citations?hl=en&user=TX8kbl0AAAAJ
Neelakshi,"Ph. D., Indian Institute of Technology Kanpur",Peptide Chemistry,116.0,https://scholar.google.com/citations?hl=en&user=6wO-NaQAAAAJ
Rajat Arora,Indian Institute of Technology Kanpur,"Turbomachines, Acoustics, Gas-turbines",116.0,https://scholar.google.com/citations?hl=en&user=0e2lcJsAAAAJ
Dr. Avinash Kumar,Project Scientist at Indian Institute of Technology(IIT) kanpur,"Enzyme Purification, Enzyme Kinetics, Enzyme Immobilization, Enzyme Technology",116.0,https://scholar.google.com/citations?hl=en&user=a_QGD-sAAAAJ
Dr. Bishal Chhetri,Institute Postdoctoral Fellow @ Indian Institute of Technology Kanpur,"Nonlinear Dynamics, Optimal Control, Cancer Biology, Deep Learning, PINNs",115.0,https://scholar.google.com/citations?hl=en&user=fC_1mscAAAAJ
Ashok Vishwakarma,IIT Kanpur,"Ceramic 3D printing, Bone cancer, Bone tissue engineering, Medical Device, Medical Braiding",115.0,https://scholar.google.com/citations?hl=en&user=G1VP_u4AAAAJ
Deepa Bhatt,IIT kanpur,Ion Sensitive Field Effect Transistors,113.0,https://scholar.google.com/citations?hl=en&user=6SxkkdUAAAAJ
Govind Kumar,Indian Institue of Technology Kanpur,"Nanophotonics, Plasmonics, Lasers, Thin-film optics",112.0,https://scholar.google.com/citations?hl=en&user=ZcOl-FEAAAAJ
Achintya Priydarshi,"Indian Institute of Technology, Kanpur, India.",2D Materials and Device Modelling,111.0,https://scholar.google.com/citations?hl=en&user=hA-ePzcAAAAJ
Dr. Afzal Khan,"NEOM, ASTU, IITK","Environment, Natural Hazards, Sedimentology, Tectono-Geomorphology, Geochemistry",110.0,https://scholar.google.com/citations?hl=en&user=ce-47GkAAAAJ
Indranil Chowdhury,"Assistant Professor, IIT Kanpur, India","Analysis of PDE, Numerical Analysis, Viscosity solution, Rate of convergence, Wellposedness",110.0,https://scholar.google.com/citations?hl=en&user=HRpo74MAAAAJ
Dr. Adarsh Kumar,IIT Kanpur,"Titanium welding, CMT-WAAM, Cladding, Friction stir welding, Welding metallurgy",110.0,https://scholar.google.com/citations?hl=en&user=ZlasQwgAAAAJ
Gurmeet Singh,Indian Institute of Technology Kanpur,Theoretical and Computational Chemistry,109.0,https://scholar.google.com/citations?hl=en&user=savs5wwAAAAJ
Dr. Sandeep Goli,"Post Doctoral Fellow, IIT Kanpur","Microfluidics, Heat transfer, CFD",109.0,https://scholar.google.com/citations?hl=en&user=jKSb8MMAAAAJ
Aqib J. Ansari,Indian Institute of Technology Kanpur,"Riverine Geochemistry, Water Quality, Geochemical Modelling, Chemical Weathering",108.0,https://scholar.google.com/citations?hl=en&user=8Y93FogAAAAJ
Sandeep Kumar,"Senior Maths Undergrad, Indian Institute of Technology Kanpur",Computer Vision and Natural Language …,107.0,https://scholar.google.com/citations?hl=en&user=TxNyAEUAAAAJ
Priyankar Roy,Postdoctoral fellow at IIT Kanpur,"Power electronics and drives, multilevel Inverters, Induction Heating, Renewables, EV chargers",107.0,https://scholar.google.com/citations?hl=en&user=Vl1LqxoAAAAJ
Abhisha Garg,"Senior Research Fellow, Indian Institute of Technology, Kanpur","THz signal processing, Beamforming",107.0,https://scholar.google.com/citations?hl=en&user=PyHoWUcAAAAJ
Frango C Johnson,IIT Kanpur,"Geology, Civil Engineering",106.0,https://scholar.google.com/citations?hl=en&user=HlM04n0AAAAJ
Rohit Mishra,"Senior project  Associate, IIT Kanpur","Neuroscience, cell & molecular Biology",105.0,https://scholar.google.com/citations?hl=en&user=hZREmYMAAAAJ
anupam halder,"Indian Institute of Technology, Kanpur",,105.0,https://scholar.google.com/citations?hl=en&user=YyoCttQAAAAJ
Pratiksha Sarangi,"Indian Institute of Technology, Kanpur","Molecular Biology, Gene Therapy, Blood disorders",104.0,https://scholar.google.com/citations?hl=en&user=ZsSHtbwAAAAJ
Kajal Chaudhary,Indian Institute of Technology Kanpur,"Biochemistry, Metals in Medicine",104.0,https://scholar.google.com/citations?hl=en&user=hG2dzXAAAAAJ
Kushagra Gupta,Indian Institute of Technology Kanpur,"Bayesian Statistics, Markov Chain Monte Carlo, Probabilistic Machine Learning",103.0,https://scholar.google.com/citations?hl=en&user=dnAf80YAAAAJ
Vimal Kumar,"Associate Professor of economics, IIT kanpur","Political Economics, Power System Economics",102.0,https://scholar.google.com/citations?hl=en&user=hO-hCgcAAAAJ
Kuldeep Singh Negi,"Department of Chemistry, IIT KANPUR","Protein-Osmolyte Interaction, Biophysics",102.0,https://scholar.google.com/citations?hl=en&user=L8UAllcAAAAJ
PURVA GUPTA,Indian Institute of Technology Kanpur,Bioengineering,102.0,https://scholar.google.com/citations?hl=en&user=B6xQsmsAAAAJ
Abhijit Biswas,IIT Kanpur,Numerical Analysis,102.0,https://scholar.google.com/citations?hl=en&user=seW9mpUAAAAJ
Somnath Jha,Indian Institute of Technology Kanpur,"Number Theory, Iwasawa Theory",101.0,https://scholar.google.com/citations?hl=en&user=qcs3zaMAAAAJ
Mohammad Ubaid,"Postdoctoral Fellow, IIT Kanpur, Kanpur, India","Li-ion Batteries, Electrocatalysis, 2D materials, Thermoelectrics, DFT",101.0,https://scholar.google.com/citations?hl=en&user=E4sXc48AAAAJ
Gurvinder Singh.,"Indian Institute of Technology Kanpur, India","Active Faults, Paleoseismology, Tectonic Gemorphology",101.0,https://scholar.google.com/citations?hl=en&user=lJYKkYUAAAAJ
Apoorv Gupta,Indian Institute of Technology Kanpur,"Environmental Chemistry, Materials Science, Toxic element mitigation",101.0,https://scholar.google.com/citations?hl=en&user=R8WT878AAAAJ
Samanwita Mohapatra,Indian Institute of Technology Kanpur,GPCRs Biochemistry Cryo-EM,101.0,https://scholar.google.com/citations?hl=en&user=FzmqjqUAAAAJ
Firdous War,Indian Institute of Technology Kanpur,"Clinical Psychology, Neuropsychology, Cognitive Psychology",100.0,https://scholar.google.com/citations?hl=en&user=wJy8LrUAAAAJ
MRITTIKA SINGHA,IIT Kanpur,"Materials Physics, Experimental Condesed Matter Physics, Magnetism, Raman Spectroscopy, XPS study",100.0,https://scholar.google.com/citations?hl=en&user=i7rsmHYAAAAJ
ANKIT,IIT Kanpur,Medicinal chemistry,100.0,https://scholar.google.com/citations?hl=en&user=vWP6shMAAAAJ
Vishesh Kaushik,"Indian Institute of Technology, Kanpur",Machine Learning,99.0,https://scholar.google.com/citations?hl=en&user=xS2GvhMAAAAJ
Dr. Ajithkumar Arumugam,"Research Associate, IIT Kanpur","Synthetic Organic Chemistry, Photo Catalysis",99.0,https://scholar.google.com/citations?hl=en&user=dxDJ9SUAAAAJ
Nagaraju Mallepogu,Indian Institute of Technology Kanpur,"cold-formed steel, B2C connection, 3D-DIC method, Composite members",99.0,https://scholar.google.com/citations?hl=en&user=0L3ATvgAAAAJ
Sonal Gupta,IIT Kanpur,"HR Analytics, Enterprise Social Media, Strategic management, Organization behaviour, Human Resource",98.0,https://scholar.google.com/citations?hl=en&user=85mGUlEAAAAJ
Swapnendu Narayan Ghosh,"Project Postdoctoral Fellow, Indian Institute of Technology Kanpur","Lithography, Devices and Sensors, Micro and Nanofabrication",98.0,https://scholar.google.com/citations?hl=en&user=0975TiYAAAAJ
Santosh Pattanayak,"Professor in Mathematics, IIT Kanpur","Invariant theory, Algebraic geometry, Representation theory",98.0,https://scholar.google.com/citations?hl=en&user=s1NzK_8AAAAJ
Dr. Sahir Azmi,Indian Institute of Technology Kanpur,"Air Pollution, Air Quality Modelling, Particulate Matter, Secondary Organic Aerosols, VOC",97.0,https://scholar.google.com/citations?hl=en&user=1shrY5kAAAAJ
Anveshna Srivastava,"Cognitive Science, IIT Kanpur","Process Analysis, Thinking & Reasoning, Learning, Educational Technology, STEM education",96.0,https://scholar.google.com/citations?hl=en&user=RukzyZMAAAAJ
Awadhesh Gupta,IIT KANPUR,"ISAC, mmWave, THz, Ambient backscattering, RIS",96.0,https://scholar.google.com/citations?hl=en&user=vXDwpbgAAAAJ
Saikat Mondal,"Research Fellow, Department of Physics, Indian Institute of Technology, Kanpur","Theoretical Condensed Matter Physics, Statistical Mechanics",96.0,https://scholar.google.com/citations?hl=en&user=5G5SZJMAAAAJ
Dr. Saif Akram,"High Speed Aerodynamics Lab., Indian Institute of Technology Kanpur","Aerodynamics, Fluid Dynamics, Jets, Mixing Mechanism & Control, CFD",95.0,https://scholar.google.com/citations?hl=en&user=XtUUMXkAAAAJ
Pankaj Kumar Kalita,IIT Kanpur,"Programming Language, Formal Methods, Program Synthesis, Program Testing",95.0,https://scholar.google.com/citations?hl=en&user=HLMnWHQAAAAJ
Sudhir Nayak,IIT Kanpur,"Heterogeneous Catalysis, Environmental Catalysis, CO2 Utilization",94.0,https://scholar.google.com/citations?hl=en&user=R4knADEAAAAJ
Satyajit Guin,IIT Kanpur,Operator Algebra,94.0,https://scholar.google.com/citations?hl=en&user=wqH2gwUAAAAJ
Niranjan Chatterjee,IIT Kanpur,"Biomaterials, Nanotechnology, Tissue Engineering, Regenerative Medicine",94.0,https://scholar.google.com/citations?hl=en&user=90q2f8sAAAAJ
SUPRIYO HALDER,"Post Doctoral Fellow, IIT Kanpur","Inorganic Coordination Chemistry, Homogeneous Catalysis",94.0,https://scholar.google.com/citations?hl=en&user=81Kro0oAAAAJ
Mukesh Kumar,Indian Institute of Technology Kanpur,Graphene   Activated carbon   Supercapacitor …,94.0,https://scholar.google.com/citations?hl=en&user=6rx26noAAAAJ
Lakshmana Rao Pinninti,Indian Institute of Technology Kanpur,"Reading Strategies, Metacognition and SCT, Reading strategy instruction and evaluation",93.0,https://scholar.google.com/citations?hl=en&user=mfy3Jy0AAAAJ
Sunil Kumar,IITK,"Numerical Analysis, Finite Element Method, Complete Flux Scheme",93.0,https://scholar.google.com/citations?hl=en&user=dE7zBA4AAAAJ
Anand Mehrotra,Indian Institute of Technology Kanpur,Wireless Communication,93.0,https://scholar.google.com/citations?hl=en&user=vp6_OXYAAAAJ
Richa Chaturvedi,IIT Kanpur,Environmental chemist,93.0,https://scholar.google.com/citations?hl=en&user=KgPlHD0AAAAJ
Martin Raju,"Post-Doctoral Fellow, IIT Kanpur","Unsteady aerodynamics, Compressible flows, Aeroacoustics.",93.0,https://scholar.google.com/citations?hl=en&user=Hml7LT8AAAAJ
Ajay Singh Thakur,"Department of Mathematics, IIT Kanpur, India","Algebraic Topology, Complex Manifold, K-Theory",92.0,https://scholar.google.com/citations?hl=en&user=9OaeD1QAAAAJ
Vandana Shukla,IIT Kanpur,"Electrochemistry, SOFC, Scandia stabilized zirconia",92.0,https://scholar.google.com/citations?hl=en&user=JSnHvKQAAAAJ
Satya Prakash Singh,Indian Institute of Technology Kanpur,Design of Experiments,92.0,https://scholar.google.com/citations?hl=en&user=xoLOzGMAAAAJ
soumendra Nath Bandyopadhyay,IITK,,91.0,https://scholar.google.com/citations?hl=en&user=nGvtojwAAAAJ
Jalaj Kumar,"FARE Fellow, IIT Kanpur","Wireless power transfer (WPT), Modeling of power converter, Closed-loop control operation",91.0,https://scholar.google.com/citations?hl=en&user=GdWRIc8AAAAJ
Chandan Prakash,TCS Research Pune; IIT Kanpur,"Open Information Extraction, LLM, RAG, Natural Language Processing",90.0,https://scholar.google.com/citations?hl=en&user=cqgKB8gAAAAJ
Kamakshi Prashadini Swain,Indian Institute of Technology Kanpur,"Power System, Smart Distribution System, Distributed Energy Resources, Microgrid, Optimization",90.0,https://scholar.google.com/citations?hl=en&user=duSCqJMAAAAJ
Johnson Frank Guria,"DST INSPIRE Faculty, Indian Institute of Technology Kanpur","Ultra High Temperature Ceramics, Medium and High Entropy Ceramics",90.0,https://scholar.google.com/citations?hl=en&user=9I0KTgwAAAAJ
Faiz Hamid,"Associate Professor, Indian Institute of Technology Kanpur","Combinatorial Optimization, Integer Programming, Network Optimization, Data Science",90.0,https://scholar.google.com/citations?hl=en&user=xvDY4DMAAAAJ
Ather Hassan Dar,Indian Institute of Technology Kanpur,"Applied Microeconomics, Development Economics",89.0,https://scholar.google.com/citations?hl=en&user=y4zR1C0AAAAJ
Gaganjot,Indian Institute of technology Kanpur,"Flexible batteries, Thin Film Batteries, Solid State Electrolytes",88.0,https://scholar.google.com/citations?hl=en&user=NlGYzR8AAAAJ
Naga Yasasvi Puvvada,Indian Institute of Technology Kanpur,,88.0,https://scholar.google.com/citations?hl=en&user=huQlwT8AAAAJ
Parul Gahoi,Indian Institute of Technology Kanpur,,87.0,https://scholar.google.com/citations?hl=en&user=utfAw2AAAAAJ
Shania Zehra Naqvi,Indian Institute of Technology Kanpur,"Polymer composites, Hybrid polymer composites, Mechanical and material properties, Tribology",87.0,https://scholar.google.com/citations?hl=en&user=_oxcU4cAAAAJ
Prateek Saini,"Indian Institute of Technology (IIT) Kanpur, India","Environmental Engineering, Air pollution",85.0,https://scholar.google.com/citations?hl=en&user=AaYmvXsAAAAJ
Rohit Biswas,Indian Institute of Technology Kanpur,"Solar Energy, Thermodynamic Analysis, Computational Modelling, Porous Media",84.0,https://scholar.google.com/citations?hl=en&user=gJVAUsQAAAAJ
Dr. Vaithiyalingam Mariyappan,"ANRF Postdoctoral Fellow at Indian Institute of Technology, Kanpur, Uttar Pradesh.","Natural Product Chemistry, Synthetic Organic Chemistry, Medicinal Chemistry, Total Synthesis.",84.0,https://scholar.google.com/citations?hl=en&user=BHxdSmkAAAAJ
Pravir Dutt,professor of mathematics Indian institute of Technology Kanpur,Numerical analysis scientific computing,83.0,https://scholar.google.com/citations?hl=en&user=qc3HdEwAAAAJ
MAHENDRA KUMAR GOHIL,Indian Institute of Technology Kanpur,"Agriculture Robotics, Field Robotics, Inspection Robotics",83.0,https://scholar.google.com/citations?hl=en&user=1f7dI_UAAAAJ
Abhijit Pal,"Assistant Professor of Mathematics, IIT-Kanpur",Geometric group theory,83.0,https://scholar.google.com/citations?hl=en&user=O-iHWsQAAAAJ
Pratibha Mahto,Indian Institute of Technology Kanpur,"Organic synthesis, Asymmetric synthesis, Organocatalysis",83.0,https://scholar.google.com/citations?hl=en&user=Vc7px48AAAAJ
Doppalapudi Vineet Kumar,Indian Institute of Technology Kanpur,CH activation,82.0,https://scholar.google.com/citations?hl=en&user=j8uGxQwAAAAJ
Vinayak Pathak,"Indian Institute of Technology, Kanpur",Optics,82.0,https://scholar.google.com/citations?hl=en&user=AVlZ7KkAAAAJ
Rajat Channappanavar,Indian Institute of Technology Kanpur,"FPGA, DC DC converters",81.0,https://scholar.google.com/citations?hl=en&user=t8rWG2cAAAAJ
Hemant Sadana,Indian Institute of Technology Kanpur,"Machine Learning, Image Processing, Computer Vision",81.0,https://scholar.google.com/citations?hl=en&user=Awc9IyUAAAAJ
Pallav Prince,Researcher at Indian Institute of Technology Kanpur,"Artificial Intelligence, Machine Learning, Data Science, IoT, Satellite Control System",80.0,https://scholar.google.com/citations?hl=en&user=cUmmsTcAAAAJ
Aswani Kumar Munnangi,Indian Institute of Technology Kanpur,"Land administration, land-informatics, land policy, technology adoption, land consolidation",80.0,https://scholar.google.com/citations?hl=en&user=z2Uj0tIAAAAJ
Chavhan Sujeet Yashavant,Indian Institute of Technology Kanpur,"Blockchain, Security",80.0,https://scholar.google.com/citations?hl=en&user=Fj_i0MQAAAAJ
Irshad Ahmad Bhat,IIT Kanpur,"Organometallics, Catalysis.",80.0,https://scholar.google.com/citations?hl=en&user=MiInptkAAAAJ
Kunwar Pratap Singh Yadav,IIT KANPUR,"Ultra High Temperature Ceramics (UHTCs), Piezocatalysis, Photocatalysis",79.0,https://scholar.google.com/citations?hl=en&user=xMpVLSAAAAAJ
Sumit Kumar,Post Doctoral Fellow at IIT Kanpur,"Supply Chain Optimization, Machine Learning, Decision Science, Digitalization, Sustainability",79.0,https://scholar.google.com/citations?hl=en&user=fLtHW4gAAAAJ
Harsh Agarwal,Indian Institute of Technology Kanpur,"Machine Learning, NLP, Computer Vision",78.0,https://scholar.google.com/citations?hl=en&user=AZFfp0kAAAAJ
Thirumulanathan D,"Assistant professor, IIT Kanpur","Game theory, optimization, mathematical economics, data analytics, wireless communication.",78.0,https://scholar.google.com/citations?hl=en&user=WcAcSh8AAAAJ
Dr. Davender Sethi,IIT Kanpur,Atmospheric Sciences and Remote sensing,78.0,https://scholar.google.com/citations?hl=en&user=4HcdxycAAAAJ
Mehwish Nafiz,Research Scientist at Indian Institute of Technology Kanpur,"Cancer Immunotherapy, Stem cell research",78.0,https://scholar.google.com/citations?hl=en&user=6JTUPE4AAAAJ
Ravindra Singh Chahar,"Indian Institute of Technology, Kanpur, India","Uncertainty Quantification, Multi-physics FE Modeling, Stochastic Analysis, Mechanics of Composites",78.0,https://scholar.google.com/citations?hl=en&user=1eyOQJUAAAAJ
Amit Kuber,"Indian Institute of Technology, Kanpur",Mathematics,77.0,https://scholar.google.com/citations?hl=en&user=Nq7wvIoAAAAJ
Rashmi khan,Indian Institute of Technology Kanpur,"Catalysis, Density Functional Theory, Computational Physics, Computational materials science",77.0,https://scholar.google.com/citations?hl=en&user=0_5I6IsAAAAJ
Pavan kumar Sharma,"FARE Fellow, Indian Institute of Technology Kanpur","Driver Behavior, Gaze Estimation, Intelligent Transportation System, Traffic Engg., Machine Learning",77.0,https://scholar.google.com/citations?hl=en&user=Fyc-zf8AAAAJ
Bidyadhar Das,Indian Institute of Technology Kanpur,Material Science,76.0,https://scholar.google.com/citations?hl=en&user=-np2eg4AAAAJ
POULOMI BHATTACHARYA,IIT Kanpur,,76.0,https://scholar.google.com/citations?hl=en&user=_UybzMcAAAAJ
Jasim Nisar,"Postdoctoral Fellow, IIT Kanpur","Pavement Material Characterization, Pavement Maintenance, Waste Plastic Modified Binder",76.0,https://scholar.google.com/citations?hl=en&user=xsdBQLQAAAAJ
Gopinath GR,Indian Institute of Technology Kanpur,"Sensorless electric drives, Kalman filtering applications, Power electronics",75.0,https://scholar.google.com/citations?hl=en&user=MKZ8lzQAAAAJ
Ashish K. Shukla,POSTDOC DEPARTMENT OF MECHANICAL ENGINEERING IIT KANPUR,Laser processing of flexible polymers and …,75.0,https://scholar.google.com/citations?hl=en&user=i0nLX3QAAAAJ
Kalyani Barman,Indian Institute of Technology Kanpur,Atmospheric pressure plasma jet,75.0,https://scholar.google.com/citations?hl=en&user=rowkZnEAAAAJ
Malabika Koley,Assistant Professor of Economics at Indian Institute of Technology Kanpur,"Econometrics, Spatial Econometrics",75.0,https://scholar.google.com/citations?hl=en&user=9-KoKcwAAAAJ
bidyut sanki,"Assistant Professor, IIT Kanpur",Topology and geometry,74.0,https://scholar.google.com/citations?hl=en&user=M4lLIRYAAAAJ
Spandan Bandyopadhyaya,"Indian Institute of Technology, Kanpur","Aerospace structures, composite material, experimental techniques",74.0,https://scholar.google.com/citations?hl=en&user=Hf07tMoAAAAJ
Kuldeep Kumar Dhiman,"Post Doctoral Fellow, IIT Kanpur",Flight Dynamics and Control,74.0,https://scholar.google.com/citations?hl=en&user=bumRaSEAAAAJ
Saakshi Chauhan,"Indian Institute of Technology, Kanpur","Energy Economics, Just Energy Transition, Renewable Energy, Decentralized Energy",73.0,https://scholar.google.com/citations?hl=en&user=v9xKz-oAAAAJ
Sunil Gora,Indian Institute of Technology Kanpur,"Bipedal Locomotion, Motion Planning, Contact Dynamics, Robotics",72.0,https://scholar.google.com/citations?hl=en&user=h0NNjwEAAAAJ
Dr. Dolly Chandel,"WPI-SKCM2 Post Doctoral Researcher at Hiroshima University, Japan | | PDF-FARE at IIT …","Mechanical Knots, Chain Topology, Supramolecular Chemistry.",72.0,https://scholar.google.com/citations?hl=en&user=xmgLHY0AAAAJ
Sidyant Kumar,"Department of Aerospace Engineering, IIT Kanpur","Multiphase flow, Non-Newtonian, Shock wave, Missile Aerodynamics, Granular Flow",72.0,https://scholar.google.com/citations?hl=en&user=aSoiGqwAAAAJ
PANKAJ GUPTA,Indian Institute of Technology Kanpur,"Developmental Biology, Molecular Biology, Cell Biology, Biomaterials, BMP",72.0,https://scholar.google.com/citations?hl=en&user=65CC73cAAAAJ
Venugopala Swami Punati,Indian Institute of Technology,"Contact Mechanics, Drying of Polymer Coatings",71.0,https://scholar.google.com/citations?hl=en&user=zMOXEtYAAAAJ
Sagar Zephania CF,IIT Kanpur,"Nonlinear Dynamics, Nonlinear Oscillators, Evolutionary game theory",71.0,https://scholar.google.com/citations?hl=en&user=AQ1yfIAAAAAJ
Rajwinder Kaur,"Department of chemistry, Indian Institute of Technology, Kanpur","Electrochemistry, molecular electronics",71.0,https://scholar.google.com/citations?hl=en&user=5KZRVa8AAAAJ
YUGESH KUMAR,IIT KANPUR,"Perovskite and organic solar cells, and To study the mechanical properties of …, CNT and their Nano-composites by molecul",70.0,https://scholar.google.com/citations?hl=en&user=5LRZbJcAAAAJ
Naman Biyani,IIT Kanpur,"Computer Vision, Machine Learning",70.0,https://scholar.google.com/citations?hl=en&user=1a5e0sUAAAAJ
Syed Mustafa Kazim,IIT Kanpur,"CPFEM, Crystal Plasticiy, FEM. Homogenization",70.0,https://scholar.google.com/citations?hl=en&user=zza90coAAAAJ
Ayesha Nanda,"Fellowship for Academic Research and Excellence (FARE) felllow,Indian Institute of …","Experimental Plasma Physics, Temperature Anisotropy, Low pressure ECR Microwave plasma, Dipole",70.0,https://scholar.google.com/citations?hl=en&user=ix4R0V4AAAAJ
Kaushik Bhattacharjee,Indian Institute of Technology Kanpur,"Construction Safety, Work Zone Safety, System Thinking, Resilience Engineering, BIM",70.0,https://scholar.google.com/citations?hl=en&user=cbIxt5MAAAAJ
Jolly Jose,"Centre for Lasers and Photonics, Indian Institute of Technology Kanpur","Photonic crystals, Metamaterials, Plasmonics, Nonlinear Optics",69.0,https://scholar.google.com/citations?hl=en&user=-A4V16YAAAAJ
Piyush Warhadpande,IIT Kanpur,"Power systems, Power System Dynamics, PMU applications to Power system analytics",69.0,https://scholar.google.com/citations?hl=en&user=5QajMwkAAAAJ
Labham Singh,Indian Institute of Technology Kanpur,"Electrocatalytic water splitting, MOF derived catalysts, Electrocatalysis",69.0,https://scholar.google.com/citations?hl=en&user=NlkMAD4AAAAJ
Jay Mundra,Indian Institute of Technology Kanpur,"Natural Language Processing, Language Models, Machine Learning",68.0,https://scholar.google.com/citations?hl=en&user=FrBNMGMAAAAJ
Gavax Joshi,IIT Kanpur,"Semiconductor micro/nano-fabrication, WBG/Quantum material synthesis, characterization, & Modelling",68.0,https://scholar.google.com/citations?hl=en&user=mu1EZp8AAAAJ
Navodita Jain,Indian Institute of Technology Kanpur,,67.0,https://scholar.google.com/citations?hl=en&user=_AJOoIsAAAAJ
Arindam Bhattacharjee,Indian Institute of Technology Kanpur,Nonlinear dynamics,67.0,https://scholar.google.com/citations?hl=en&user=8T1gMoAAAAAJ
Souvik Manik,Indian Institute of Technology Kanpur,"Radio Astronomy, AGNs, Black holes, Radio Galaxy, Cosmological Simulations",67.0,https://scholar.google.com/citations?hl=en&user=p55mIXEAAAAJ
Ritik Soni,"Post Doctoral Fellow, Indian Institute of Technology Kanpur, Kanpur, India","Applied Probability, Special Functions, Stochastic Processes",67.0,https://scholar.google.com/citations?hl=en&user=-k58UbQAAAAJ
Sreya Sengupta,"Just Transition Research Centre, IIT Kanpur","Paleoclimatology, lakes, multi-proxy analysis, ISM, Just Transition",66.0,https://scholar.google.com/citations?hl=en&user=q6YwZpsAAAAJ
Shubham Katiyar,Indian Institute of Technology Kanpur,"Laminar Separation Bubble, Flow in turbomachinery, Flow Transition over Smooth and Textured …",65.0,https://scholar.google.com/citations?hl=en&user=CtWWjHkAAAAJ
Sanjay Sarkar,Indian Institute of Technology Kanpur,Condensed matter physics,65.0,https://scholar.google.com/citations?hl=en&user=dt9QvjwAAAAJ
Aman Shukla,Indian Institute of Technology Kanpur,"Materials Chemistry, Photophysical Investigation, Photovoltaics, OLEDs, Environmental Remediation",65.0,https://scholar.google.com/citations?hl=en&user=9Cxcx9MAAAAJ
Neha Clare Minj,"Indian Institute of Technology, Kanpur",Electrochemistry,65.0,https://scholar.google.com/citations?hl=en&user=N8zF18oAAAAJ
Debarati Bandyopadhyay,"Postdoctoral Researcher, IIT Kanpur","Structural Biology, Fe-S cluster biogenesis, Protein structure-function-sequence evolution, Protein Mass Spectrometry",64.0,https://scholar.google.com/citations?hl=en&user=bMntRHEAAAAJ
Suprio Bhar,"Associate Professor, Department of Mathematics and Statistics, Indian Institute of …","Stochastic PDEs, Measure valued Stochastic Processes",64.0,https://scholar.google.com/citations?hl=en&user=nEPqeRkAAAAJ
Rahul Sinha,FARE Fellow @ IIT Kanpur,"Earthquake Geotechnics, Constitutive Modelling in Geomechanics",64.0,https://scholar.google.com/citations?hl=en&user=QckrHUUAAAAJ
Mohammad Zaid,Indian institute of technology Kanpur,"5G circuit design, Engineer, RF Circuit Designer, GaN, CMOS",64.0,https://scholar.google.com/citations?hl=en&user=lfE-4D0AAAAJ
Mohammad Faisal Ahmed,Indian Institute of Technology Kanpur,"Wireless Communication, Signal Processing",64.0,https://scholar.google.com/citations?hl=en&user=rw1KUDMAAAAJ
Sameer Singh,"National Aerosol Facility, IIT Kanpur","Air quality modeling, Aerosol, Source apportionment",63.0,https://scholar.google.com/citations?hl=en&user=uBv9xO8AAAAJ
Mohd. Suhail Naim,"Aerospace Engineering. Indian Institute of Technology, Kanpur","Fluid mechanics, Turbulence, Vortex dynamics, Flow Control, Computational Fluid Dynamics",63.0,https://scholar.google.com/citations?hl=en&user=UyPF2A4AAAAJ
Swikriti Saran Singh,IIT Kanpur,,63.0,https://scholar.google.com/citations?hl=en&user=DQqfIroAAAAJ
Lavish Arora,Indian Institute of Technology Kanpur,"Stochastic Optimization, Robotics, SLAM, Trajectory Optimization, Robustness",63.0,https://scholar.google.com/citations?hl=en&user=4nkfHIoAAAAJ
SAURABH KESHERWANI,Indian Institute of Technology Kanpur,"Power Flow studies, Power System Stability analysis, Power Markets",63.0,https://scholar.google.com/citations?hl=en&user=MIbtVWgAAAAJ
Rajshri Shukla,"Doctoral Candidate, Indian Institute of Technology Kanpur India","energy justice, just transition, energy policy, discourse network analysis, advocacy coalitions",63.0,https://scholar.google.com/citations?hl=en&user=cp2cf9gAAAAJ
Surbhi Shaw,"Postdoctoral Researcher, Indian Institute of Technology Kanpur","Cryptography, Isogeny-based cryptography, Signatures",63.0,https://scholar.google.com/citations?hl=en&user=D-VGzTwAAAAJ
Suaiba Mufti,Indian Institute of Technology Kanpur,"Pore Network Modeling, Unsaturated Soil Mechanics",63.0,https://scholar.google.com/citations?hl=en&user=JtBUT4YAAAAJ
Saroj Kumar Dash,Indian Institute of Technology Kanpur,"Remote sensing, Hydrology, Earth observation science, Vegetation water stress, Earth's critical zone",63.0,https://scholar.google.com/citations?hl=en&user=quScpccAAAAJ
Jyoti Yadav,"Post Doctoral Fellow, Indian Institute of Technology Kanpur","Metamaterials, Absorbers, Electromagnetics",63.0,https://scholar.google.com/citations?hl=en&user=L2nXFc4AAAAJ
Dr. Ravi MALIK,"Project Post Doc, Department of Chemistry, IIT Kanpur",Theoretical and Computational Chemistry,63.0,https://scholar.google.com/citations?hl=en&user=ccqDxPwAAAAJ
Balakumaran Kamaraj,"Department of Chemistry, Indian Institute of Technology, Kanpur 208016, Uttar Pradesh …","Electrochemistry, Surface and Interface, Material",63.0,https://scholar.google.com/citations?hl=en&user=GHcODhkAAAAJ
Vishal Keswani,Indian Institute of Technology Kanpur,"Natural Language Processing, Computational Social Science",62.0,https://scholar.google.com/citations?hl=en&user=DResnBUAAAAJ
Vedang R. Vatsa FRSA,"Indian Institute of Technology, Kanpur","Computer Science, Business, Public Policy, Artificial Intelligence, Economics",61.0,https://scholar.google.com/citations?hl=en&user=aW2dd0IAAAAJ
Vinamra Chaturvedi,Indian Institute of Technology Kanpur,"ECE, Physics, Lasers & LED's, Avionics, Photonics",61.0,https://scholar.google.com/citations?hl=en&user=gckIIvoAAAAJ
Neha Singh,"Chemistry, IIT Kanpur","Magnetic Nanoparticles, Energy storage",61.0,https://scholar.google.com/citations?hl=en&user=xUvalCkAAAAJ
Boddepalli Govindarao,"Department of Earth Sciences, Indian Institute of Technology Kanpur","Experimental Sulfide Petrology, Ore Geology, Mineralogy",60.0,https://scholar.google.com/citations?hl=en&user=pFILZIEAAAAJ
Tanmay Thapliyal,IIT Kanpur,"Blockchain Security, Transaction Analysis, Smart Contract Vulnerability Assessment",60.0,https://scholar.google.com/citations?hl=en&user=XTOhEP8AAAAJ
Romana Zafar,IIT Kanpur,High Voltage Engineering,60.0,https://scholar.google.com/citations?hl=en&user=ENDFKwYAAAAJ
Shilpa Gupta,IIT Kanpur,"Applied analysis, PDE, Calculus of variation, Nonlinear analysis",60.0,https://scholar.google.com/citations?hl=en&user=yqvzQHoAAAAJ
Dr. Raina Sharma,"Postdoctoral Fellow, Department of Sustainable Energy Engineering, IIT Kanpur, India","Material synthesis, Nanocatalysis, Catalysis, Biomass conversion",60.0,https://scholar.google.com/citations?hl=en&user=1CXGMrEAAAAJ
Pankaj Kumar,"DBT-RA, Indian Institute of Technology, Kanpur","Chemical Biology, Organic Chemistry, Medicinal Chemistry, Target Protein Degradation, PROTACs",60.0,https://scholar.google.com/citations?hl=en&user=u5SOHzMAAAAJ
PR Krishna Mohan,"Indian Institute of Technology, Kanpur","Composite Structure, Micromechanics, Manufacturing of composites",59.0,https://scholar.google.com/citations?hl=en&user=BX9h7JsAAAAJ
Shobhit Singh,"FARE Post Doctoral Fellow, Department of Earth Sciences, Indian Institute of Technology …","Fluvial Geomorphology, Hydrology, SAR Remote Sensing, Flood Inundation Mapping, Sediment Dynamics",59.0,https://scholar.google.com/citations?hl=en&user=7xxf36oAAAAJ
Ganesh Kailas,Indian Institute of Technology Kanpur,"User Experience Research, Audio UX, Spatial Audio, Acoustics, XR/VR",59.0,https://scholar.google.com/citations?hl=en&user=wNaeGIUAAAAJ
ANKIT SINGH,"National Postdoctoral Fellow, Indian Institute of Technology Kanpur","Numerical Analysis of PDEs, Pattern Formation, Computational Finance, AI/ML, Compact Schemes",59.0,https://scholar.google.com/citations?hl=en&user=2WB36CMAAAAJ
Varad Daoo,"Doctoral candidate, Department of Chemical Engineering,  IIT Kanpur","Machine Learning, Active Learning, Metal Organic Framework, Mixed Matrix Membrane, Bayesian Stat",59.0,https://scholar.google.com/citations?hl=en&user=DzlEIEMAAAAJ
TAFZEELUL KAMAL,IIT Kanpur,"Powder metallurgy, Machine learning, Materials characterization, Mechanical behavior of materials",59.0,https://scholar.google.com/citations?hl=en&user=RikR7bgAAAAJ
KASHMIRA GANJI,"Post Doctoral Fellow, IIT Kanpur","Phygital Healthcare, Technology management, Business Analytics",59.0,https://scholar.google.com/citations?hl=en&user=zeY24MsAAAAJ
Thounaojam Somokanta,Indian Institute of Technology Kanpur,"Science, Technology and Society (STS) Studies, Environmental Sociology and Sustainability",58.0,https://scholar.google.com/citations?hl=en&user=pvQmhhwAAAAJ
Sujitha Soundararajan,IIT Kanpur,"Soil-Foundation-Structure Interaction, Geotechnical Earthquake Engineering, Monte-Carlo Simulation",58.0,https://scholar.google.com/citations?hl=en&user=dCwJ8q8AAAAJ
Kapil DEV,"Indian Institute of Technology Kanpur, India","Hydrodyanmic stability, Energy method, Thermal convection, Porous media, Gravity Currents",57.0,https://scholar.google.com/citations?hl=en&user=GgFwPq0AAAAJ
Ranjay K. Singh,"FARE Fellow, Indian Institute of Technology, Kanpur, India","Detonation, High speed propulsion, High enthalpy flow, Hydrogen Combustion, Aerodynamics",57.0,https://scholar.google.com/citations?hl=en&user=U-iM2QEAAAAJ
Pratibha Vishwakarma,Environmental Engineering (Civil Department) IIT Kanpur,"Air Pollution, Source Apportionment, Risk Assessment",57.0,https://scholar.google.com/citations?hl=en&user=ESdn1BAAAAAJ
Manjeer Majumder,IIT Kanpur,Wireless Communications,56.0,https://scholar.google.com/citations?hl=en&user=Hr9lJU0AAAAJ
Deepali Kushwaha,IIT Kanpur,"Federated Learning, Internet of Things, Wireless Sensor Network",56.0,https://scholar.google.com/citations?hl=en&user=DrftxzEAAAAJ
ZAFAR ALAM,Indian Institute of Technology Kanpur,"Heat Transfer, CFD, Combustion, Multiphase Flows, Multiphase-Reacting flows",56.0,https://scholar.google.com/citations?hl=en&user=IfPayA4AAAAJ
Nayan Sharma,Indian Institute of Technology Kanpur,"Paleoseismology, Active Tectonics, Landscape evolution",56.0,https://scholar.google.com/citations?hl=en&user=wmYd3x8AAAAJ
Kuldeep yadav,IIT Kanpur,"Molten Metal Jetting, Additive manufacturing, Metal drop impact and solidification",56.0,https://scholar.google.com/citations?hl=en&user=1uCjl0gAAAAJ
Narayan Chandra Maity,"Postdoctoral Fellow, IIT Kanpur","Physical Chemistry, Spectroscopy, FCS, MD Simulation, Biomolecules and Battery Electrolyte",56.0,https://scholar.google.com/citations?hl=en&user=KTgIGqkAAAAJ
Ras Dwivedi,"Indian Institute of Technology, Kanpur","Blockchain, Smart Contract, Cryptography, Zero-Knowledge Proofs",56.0,https://scholar.google.com/citations?hl=en&user=U_xcMLkAAAAJ
Abhishek Mishra,Indian Institute of Technology Kanpur,"Compact Modeling, Semiconductor Physics",56.0,https://scholar.google.com/citations?hl=en&user=9Op8fn8AAAAJ
Preeti Sati,IIT Kanpur,"Tissue Engineering, Invitro liver models, Organ-on-a-chip, Microphysiological Systems",56.0,https://scholar.google.com/citations?hl=en&user=bsW6ZxIAAAAJ
Dr. Nidhi Awasthi,"Indian Institute of Technology, Kanpur","Computational and Theoretical Chemistry, Density Functional Theory",56.0,https://scholar.google.com/citations?hl=en&user=RckMAYQAAAAJ
Sayan Chattopadhyay,IIT Kanpur,"Postcolonialism, Indian Writings in English, Travel Literature, Life Writings",55.0,https://scholar.google.com/citations?hl=en&user=gIKp0JIAAAAJ
Dr Vivek Kumar Verma,"IIT Kanpur 208016, India","SAW MEMS Sensors, Electronics, Nonlinear Dynamics, Physics",55.0,https://scholar.google.com/citations?hl=en&user=almIp1kAAAAJ
Dr Hariharan Elangovan,"Sr. Project Scientist at IIT Kanpur, India.","Composite Materials, Sandwich, Computational Mechanics, Vibration, Impact & Blast load Analysis",55.0,https://scholar.google.com/citations?hl=en&user=Lfe_jxcAAAAJ
Tanmay D Mathur,"Indian Institute of Technology, Kanpur","Design of rotating machinery, contact mechanics, finite element methods, lubrication, fracture mechanics",55.0,https://scholar.google.com/citations?hl=en&user=ZeoQx5QAAAAJ
Priyanka Sharma,Indian Institute of Technology Kanpur,"Metabolism, GPCR, Cellular Trafficking, Autophagy, Adipose Tissue",55.0,https://scholar.google.com/citations?hl=en&user=f-51E8UAAAAJ
Sushree Subhadarshinee Sahoo,"Senior Project Scientist at IIT Kanpur, India","Atomic, Molecular and Optical Physics, Nonlinear Optics, Atomic Magnetometry",55.0,https://scholar.google.com/citations?hl=en&user=q7EtzvcAAAAJ
sandeep gupta,Indian Institute of Technology Kanpur India,control theory,55.0,https://scholar.google.com/citations?hl=en&user=yhBfgssAAAAJ
Imran Rasheed,Indian Institute of Technology Kanpur,Supersonic Flows,54.0,https://scholar.google.com/citations?hl=en&user=s9ScCzMAAAAJ
Baisakhi Bandyopadhyay,Indian Institute of Technology Kanpur,"Antenna, Antenna Array, Frequency Selective Surfaces, Radar Cross Section, Time Modulated FSS",54.0,https://scholar.google.com/citations?hl=en&user=_4ej05MAAAAJ
Aparna Chaudhary,IIT Kanpur,"Nanomedicine, nanobiotechnology, Chemical Biology, Biophysics",53.0,https://scholar.google.com/citations?hl=en&user=9SG5Q14AAAAJ
Keshav Bansal,"Indian Institute of Technology, Kanpur",Machine Learning,53.0,https://scholar.google.com/citations?hl=en&user=q8FgakEAAAAJ
RAHUL VERMA,Indian Institute of Technology Kanpur,"Business Analytics, Applied Econometrics, Applied Economics, Household Economics, Consumer Finance",53.0,https://scholar.google.com/citations?hl=en&user=UsXoeOEAAAAJ
Yash Vardhan Bhargava,Indian Institute of Technology Kanpur,"Power electronics, DC-DC converters, Inverters, EMI/EMC in power electronic converters",53.0,https://scholar.google.com/citations?hl=en&user=Su9UFu0AAAAJ
ASHIQ HUSSAIN LONE,Indian Institute of Technology Kanpur,Utilization of Battery Energy Storage System …,52.0,https://scholar.google.com/citations?hl=en&user=jETwSfoAAAAJ
Akhil B Krishna,"Research Associate, IGCL, Indian Institute of Technology Kanpur","Geometric control theory, Control on Lie groups, Sliding mode control, Consensus on Lie groups",52.0,https://scholar.google.com/citations?hl=en&user=lyosDHcAAAAJ
Vedansh Arya,Indian Institute of Technology Kanpur,Partial Differential equations,52.0,https://scholar.google.com/citations?hl=en&user=r5gfoVMAAAAJ
Praveen Mathil,"Post-Doctoral Fellow, Indian Institute of Technology Kanpur, India","Commutative Algebra, Algebraic Graph Theory",52.0,https://scholar.google.com/citations?hl=en&user=I_P1NYMAAAAJ
Hifzurrahman,National Postdoctoral Fellow (N-PDF) @ IIT Kanpur,"Metamorphic Petrology, Geochemistry, Isotope Geochronology",52.0,https://scholar.google.com/citations?hl=en&user=diG4icsAAAAJ
Prabhakar Singh,IIT KANPUR,Organic Synthesis Total Synthesis of natural …,52.0,https://scholar.google.com/citations?hl=en&user=0PR1SbkAAAAJ
Mamidela Seetha Ramaiah,"Computer Science & Engineering, Indian Institute of Technology Kanpur","Motion Planning, Machine Learning, Coginitive Science, Artificial Intelligence, Ontology Engineering",51.0,https://scholar.google.com/citations?hl=en&user=ew9FZBIAAAAJ
Rahul Mishra,IIT Kanpur,"Protein aggregation, Structural Biology",51.0,https://scholar.google.com/citations?hl=en&user=J8lYN7MAAAAJ
Pragya Mishra,"Department of Chemical Engineering, Indian Institute of Technology, Kanpur","Theoretical and computational fluid …, rheology of complex fluids, Non-Newtonian fluid dynamics.",51.0,https://scholar.google.com/citations?hl=en&user=gHSP7PsAAAAJ
Ahsan Barkati,"Indian Institute of Technology, Kanpur | Google",Machine Learning | Computer Systems,51.0,https://scholar.google.com/citations?hl=en&user=Py92rZQAAAAJ
Ajul E,Postdoctoral Research Fellow at Indian Institute of Technology (IIT) Kanpur,"Methane Gas Hydrate, Viscoelastic Flow Through Micro-Channels, Interface Heat Transfer",51.0,https://scholar.google.com/citations?hl=en&user=NsWgatMAAAAJ
Ravi Kumar,Indian Institute of Technology Kanpur,"Experimental Turbomachinery and Fluid …, LES of Complex Flows, Linear Stability Analysis",51.0,https://scholar.google.com/citations?hl=en&user=QiT1KK4AAAAJ
Nitin Shukla,"IIT Kanpur, India",Lanthanide|| Bio-inorganic & Material …,51.0,https://scholar.google.com/citations?hl=en&user=GjsGgf8AAAAJ
Mitthu Dhali,Indian Institute of Technology Kanpur,"Active Tectonics, Paleoseismology and Tectonic …",50.0,https://scholar.google.com/citations?hl=en&user=7qxL7RUAAAAJ
Aya Aljaradat,"Indian Institute of Technology Kanpur (IITK), Department of Computer Science and …","Cybersecurity, Cybercrime, Modelling, Game Theory, Data analysis",49.0,https://scholar.google.com/citations?hl=en&user=hJdhn2gAAAAJ
Dr. Kajal Tarenia,"Ph. D., Indian Institute of Technology Kanpur",Geotechnical Engineering,48.0,https://scholar.google.com/citations?hl=en&user=BaKckekAAAAJ
Joel Parayil Jacob,Indian Institute of Technology Kanpur,"Membranes, Desalination, Membrane Distillation, Inorganic Scaling",47.0,https://scholar.google.com/citations?hl=en&user=6sP3W4wAAAAJ
Suvam Basak,Prime Minister's Research Fellow (PMRF) at Department of Computer Science & …,"Networked Systems, Low Earth Orbit (LEO)",47.0,https://scholar.google.com/citations?hl=en&user=j_JcKdEAAAAJ
Vishal Singh,"Doctoral Candidate, Indian Institute of Technology Kanpur","Droughts, Machine learning",47.0,https://scholar.google.com/citations?hl=en&user=Bl_RWeYAAAAJ
Parbat Subba,Indian Institute of Technology Kanpur,Synthetic Organic Chemistry,47.0,https://scholar.google.com/citations?hl=en&user=DfLRvxEAAAAJ
Jabir VM,"Project Assistant, Indian Institute of Technology Kanpur","Barred Galaxies, Cosmological Simulations, Supernovae Cosmology, Hubble tension",47.0,https://scholar.google.com/citations?hl=en&user=6UKCv1cAAAAJ
vivek kanti,"Project Engineer at National Wind Tunnel Facility, IIT Kanpur",bluff body,46.0,https://scholar.google.com/citations?hl=en&user=hfeZlrIAAAAJ
Manish Raj,"FARE Fellow, IIT Kanpur","Concentrated Solar Power, Heliostat designing, Photovoltaic, Ray Tracing",45.0,https://scholar.google.com/citations?hl=en&user=mTb4LPgAAAAJ
Siddharth Srivastava,"Indian Institute of Technology, Kanpur","Computer Science and Engineering, Education, Pedagogy, Software Architecture, Software Engineering",45.0,https://scholar.google.com/citations?hl=en&user=93zclHsAAAAJ
HIMANSHU SONKER,IIT Kanpur,"Inorganic Chemistry, Antibiotics, Anticancer",45.0,https://scholar.google.com/citations?hl=en&user=L6t4xY8AAAAJ
Maneesh kumar,Indian Institute of Technology Kanpur,Molecular modelling of nano-scale devices,44.0,https://scholar.google.com/citations?hl=en&user=ZgAXr78AAAAJ
Dr. Lekha Sharma,"Institute Postdoctoral Fellow, Indian Institute of Technology Kanpur","Fluid Dynamics, Hydrodynamic Instabilities, Turbulent fluid flows, Magnetohydrodynamics",44.0,https://scholar.google.com/citations?hl=en&user=_raFbJMAAAAJ
Debapratim Dhara,Indian Institute of Technology Kanpur,"Antennas, Microwave circuits, RFID",44.0,https://scholar.google.com/citations?hl=en&user=3nVblwUAAAAJ
Juhi Srivastava,"Research Associate, Indian Institute of Technology Kanpur","Amorphous Semiconductors, Carbon Nanostructures, Molten Metal Catalysis, Green Hydrogen",44.0,https://scholar.google.com/citations?hl=en&user=QP8Zwl0AAAAJ
Shikhar Choudhary,"Mechanical Engineering, Indian Institute of Technology Kanpur","Combustion, Gasification, CFD, AI/ML",44.0,https://scholar.google.com/citations?hl=en&user=IzHiiKcAAAAJ
RAHUL KUMAR YADAV,IIT Kanpur,"Material Science, Condensed Matter Physics, Density Functional Thoery, Magnetism",44.0,https://scholar.google.com/citations?hl=en&user=A0-ZQVsAAAAJ
shrutiranjan satpathy,Indian Institute of Technology Kanpur,"Natural Language Processing, Machine Learning",43.0,https://scholar.google.com/citations?hl=en&user=k-pLRxMAAAAJ
Aditya Raikar,IIT Kanpur,Signal Processing and Machine Learning,43.0,https://scholar.google.com/citations?hl=en&user=Mqa0aE4AAAAJ
piyush agnihotri,Indian Institute of Technology,power system security,43.0,https://scholar.google.com/citations?hl=en&user=uBa-IcMAAAAJ
Varun Khare,"graduate CSE, IIT kanpur","machine learning, computer vision, artificial intelligence, augmented reality, computational cognitive science",43.0,https://scholar.google.com/citations?hl=en&user=0NUkPQcAAAAJ
Kunjal Shah,Indian Institue of Technology Kanpur,,43.0,https://scholar.google.com/citations?hl=en&user=QGYCEbgAAAAJ
Dipayan Ghosh,"An Author in C3i Hub, IIT Kanpur",Cybersecurity,43.0,https://scholar.google.com/citations?hl=en&user=IsS5u28AAAAJ
Umar Khalid Khan,"Research fellow, Biological Sciences and Bioengineering, IIT Kanpur, India","Colorectal cancer, Prostate cancer, Therapeutics, Immuno-oncology, Tumor microenvironment",43.0,https://scholar.google.com/citations?hl=en&user=vJ2zHg0AAAAJ
Md Faiz Akhtar,Indian Institute of Technology Kanpur,"Atomistic Simulation, DFT, Mechanical Behaviour, ICME",43.0,https://scholar.google.com/citations?hl=en&user=zgFul8oAAAAJ
Promit Moitra,"Decision Lab, BSBE, IIT Kanpur","Complex dynamical systems, Cognitive Neuroscience",42.0,https://scholar.google.com/citations?hl=en&user=c07eJpQAAAAJ
Rajdeep Bhattacharjee,"INDIAN INSTITUTE OF TECHNOLOGY, KANPUR",Thermal Sciences,42.0,https://scholar.google.com/citations?hl=en&user=DXdCP_cAAAAJ
Aarush Mohit Mittal,"Indian Institute of Technology, Kanpur",Neuroscience,42.0,https://scholar.google.com/citations?hl=en&user=qQLEqgEAAAAJ
Praphul Kumar,Indian Institute of Technology Kanpur,"Polymer Dynamics, Brownian Dynamics, Dissipative Particle Dynamics, Rheology of Complex Fluid",42.0,https://scholar.google.com/citations?hl=en&user=2ZsH4TEAAAAJ
Nidhi Saini,Indian Institute of Technology Kanpur,"Organic Synthesis, Asymmetric Synthesis",42.0,https://scholar.google.com/citations?hl=en&user=rJwIlZQAAAAJ
Abhishek Kumar,Indian Institute of Technology Kanpur,Earth Sciences,42.0,https://scholar.google.com/citations?hl=en&user=tFQHyCoAAAAJ
Areeb Ahmad,IIT Kanpur,"ML, RL, NLP, Probabilistic Models",41.0,https://scholar.google.com/citations?hl=en&user=ZCJriT0AAAAJ
Viren S Ram,IIT Kanpur,"Computer vision, Biomedical imaging, Digital Holography",41.0,https://scholar.google.com/citations?hl=en&user=siiPC6MAAAAJ
Lakshmi Latha,"Postdoctoral researcher, IIT Kanpur","Seismic evaluation &retrofitting of existing …, SHM, Soil structure interaction",41.0,https://scholar.google.com/citations?hl=en&user=uyMyjBoAAAAJ
Rajvikram Singh,"Indian Institute of Technology, Kanpur, India","Heterogeneous catalysis, Reaction engineering, CO2 utilization, RWGS, PDH",41.0,https://scholar.google.com/citations?hl=en&user=amC-YvAAAAAJ
Madhusree Sarkar,Indian Institute of Technology Kanpur,"Nuclaer Thermal Hydraulics, heat transfer, electronics cooling",40.0,https://scholar.google.com/citations?hl=en&user=-QQUY-8AAAAJ
Vikramjeet Singh Chandel,IIT Kanpur,Several Complex Variables and Complex …,40.0,https://scholar.google.com/citations?hl=en&user=YPnMRAcAAAAJ
Bhupendra Singh,"PMRF Fellow, IIT Kanpur","Protein Stability, Solvation Dynamics, Macromolecular Crowding, Protein Aggregation",40.0,https://scholar.google.com/citations?hl=en&user=N0w-nogAAAAJ
Srinivasu Sapireddy,IIT Kanpur,"Quantum Information Science, Topological Photonics, Structured Light",40.0,https://scholar.google.com/citations?hl=en&user=wMVRUAoAAAAJ
Sumit Bhagwani,"Computer Science & Engineering, IIT Kanpur","Natural Language Processing, Data Mining, Machine Learning",39.0,https://scholar.google.com/citations?hl=en&user=JXa9LcUAAAAJ
Sunil Kumar Maurya,IIT Kanpur,"DC/AC microgrid protection and Islanding …, Distribution system protection, artificial intelligence and machine learning",39.0,https://scholar.google.com/citations?hl=en&user=1i2xv8QAAAAJ
Divyansh Singhvi,"B.Tech, IIT Kanpur","Deep Learning, Machine Learning, Distributed Computing",39.0,https://scholar.google.com/citations?hl=en&user=7AaPJF8AAAAJ
Ayush Nagal,IIT Kanpur,,39.0,https://scholar.google.com/citations?hl=en&user=MEYHqRQAAAAJ
Krishnendu Patra,Post doctoral Researcher at IIT KANPUR,"condensed matter physics, Material Science",39.0,https://scholar.google.com/citations?hl=en&user=lGkasp0AAAAJ
Aakanksha Jain,"Department of Chemical Engineering, Indian Institute of Technology, Kanpur","Sensors, Nanocomposites, 2D materials, Food quality monitoring, MEMS",39.0,https://scholar.google.com/citations?hl=en&user=KBx1zzoAAAAJ
Rahul Vishwakarma,FARE (Fellowship for Academic and Research Excellence) Fellow Indian Institute of …,"Non-Foster, VO2, Reconfigurable Metasurfaces, RIS, Antenna Design & Measurement",39.0,https://scholar.google.com/citations?hl=en&user=oq1Ish4AAAAJ
Santosh Nadimpalli,"Associate Prof, Math and Stat, IIT-Kanpur","Representation theory of p-adic groups, Langlands program.",38.0,https://scholar.google.com/citations?hl=en&user=PI5rksoAAAAJ
Megha Agarwal,Btech Computer Science and Engineering IIT Kanpur,,38.0,https://scholar.google.com/citations?hl=en&user=kxVnP64AAAAJ
Jitendra Singh,Senior Project Executive Officer at IIT Kanpur,"robotics, nonlinear control, optimal control",38.0,https://scholar.google.com/citations?hl=en&user=fxkwTfkAAAAJ
Wajid Manzoor,IIT Kanpur,"Device Modelling, MOSFET, Cryogenics",38.0,https://scholar.google.com/citations?hl=en&user=hiWyLlkAAAAJ
Maya Chandrakar,IIT Kanpur,"Coupled TSV modelling, peak noise, … delay and power consumption analysis of …",38.0,https://scholar.google.com/citations?hl=en&user=_i2jwcQAAAAJ
Rohit Singh,IITK,"Filesystems, Storage",38.0,https://scholar.google.com/citations?hl=en&user=dCVNmCUAAAAJ
Puneet Singh,Indian Institute of Technology Kanpur,Machine Learning,37.0,https://scholar.google.com/citations?hl=en&user=Rg6VNvYAAAAJ
Prajwal P,IIT Kanpur,"Additive manufacturing, meta materials, smart materials, space structures, AI- ML",37.0,https://scholar.google.com/citations?hl=en&user=PtVQRqoAAAAJ
Arijit Halder,FARE fellow at Indian Institute of Technology Kanpur,"MHD, Plasma Turbulence, Dynamo",37.0,https://scholar.google.com/citations?hl=en&user=PFF0IloAAAAJ
Jayashree Majumdar,"Department of Physics, IIT Kanpur","Experimental Plasma Physics, Surface structuring, Field emission",37.0,https://scholar.google.com/citations?hl=en&user=8h18lN4AAAAJ
S Adarsh,Postdoctoral Researcher Indian Institute of Technology Kanpur,"Structural health monitoring, Probabilistic system identification, Optimal sensor location",37.0,https://scholar.google.com/citations?hl=en&user=P76gx9MAAAAJ
Sayari Dewan,IIT KANPUR,"Bioinorganic chemistry, Cancer Therapeutics, AMR",37.0,https://scholar.google.com/citations?hl=en&user=w3hIbE4AAAAJ
Rishabh Singh,Indian Institute of Technology Kanpur,"Environment Remediation, Aerosol, Climate, Health",36.0,https://scholar.google.com/citations?hl=en&user=Hz8YIG0AAAAJ
Omkar Kinkar,"Postdoctoral Research Fellow at IIT, Kanpur","Protein Biochemistry, Structural Biology, Molecular Biology, Microbiology",36.0,https://scholar.google.com/citations?hl=en&user=HfdGlKcAAAAJ
Shreyansh Yadav,"Department of Materials Science and Engineering, Indian Institute of Technology Kanpur",Perovskite Solar Cells,36.0,https://scholar.google.com/citations?hl=en&user=U_faXzUAAAAJ
Avanish Pandey,IIT Kanpur,"Wireless Power Transfer, Power Electronics, Magnetic Coupler Design",36.0,https://scholar.google.com/citations?hl=en&user=JmjYzvQAAAAJ
Rahul Rai,"Postdoc. Researcher,  NYCU Taiwan, IIT Kanpur,","GaN Power Devices, FinHEMTs, Semiconductor devices Processing.",36.0,https://scholar.google.com/citations?hl=en&user=kyWzSyAAAAAJ
Chithra,"Assistant Professor, Dept. of Electrical Engineering, IIT Kanpur","mixed signal circuits, delay-locked loop, time-to-digital converter, digital-to-time converter",35.0,https://scholar.google.com/citations?hl=en&user=6OgqCLcAAAAJ
Sunil Nishad,IIT Kanpur,Graph Neural Networks,35.0,https://scholar.google.com/citations?hl=en&user=YeCVYEoAAAAJ
Daniel Tuikhang Koren,Indian Institute of Technology Kanpur,"Ion Channel, Electrophysiology, Membrane Biophysics, Neurophysiology, Molecular Biology",35.0,https://scholar.google.com/citations?hl=en&user=VKiM0M4AAAAJ
Sumanta Maji,"Department of Materials Science & Engineering, Indian Institute of Technology",Steelmaking and Refining in Electric Arc …,35.0,https://scholar.google.com/citations?hl=en&user=slsj0QUAAAAJ
Vivek Kumar,"Department of Chemical Engineering, Indian Institute of Technology Kanpur","Soft Matter, Rheology, Gels, Surfactants",35.0,https://scholar.google.com/citations?hl=en&user=DaahKB8AAAAJ
Suneet Maharana,"Senior, Indian Institute of Technology Kanpur","Machine Learning, Data analytics",35.0,https://scholar.google.com/citations?hl=en&user=5Bi-GHEAAAAJ
Arnab Laha,"FARE Fellow, Indian Institute of Technology Kanpur","Space Geodesy, Earth Orientation Parameters, VLBI, Remote Sensing, ML and DL",34.0,https://scholar.google.com/citations?hl=en&user=r5zURcYAAAAJ
Lalatendu Mishra,Indian Institute of Technology Kanpur (IIT Kanpur),"Financial Economics, Computational Finance",34.0,https://scholar.google.com/citations?hl=en&user=F72iDgEAAAAJ
Karam Bharat Singh,Indian Institute of Technology Kanpur,"Management Information System, Technology Management, Semiconductor, Operation management",34.0,https://scholar.google.com/citations?hl=en&user=-aDTjnEAAAAJ
Siddhartha Karmakar,Indian Institute of Technology Kanpur,Particle physics,34.0,https://scholar.google.com/citations?hl=en&user=09WYaPQAAAAJ
Shubham Saxena,Indian Institute of Technology Kanpur,Signal Processing and Communication,34.0,https://scholar.google.com/citations?hl=en&user=iZKudp8AAAAJ
Nishanth Chandra,Indian Institute of Technology Kanpur,"Quantum key distribution, photonics, lasers, VLSI",34.0,https://scholar.google.com/citations?hl=en&user=bmIMI_gAAAAJ
Shikha Srivastava,Indian Institute of Technology Kanpur,"2D materials, Device physics, MoS2",33.0,https://scholar.google.com/citations?hl=en&user=KKjcfFoAAAAJ
Soumyadeep Sur,"Materials Science and Engineering, IIT Kanpur","Luminescence, Flash Sintering, High Entropy Materials, 2D materials",33.0,https://scholar.google.com/citations?hl=en&user=-NnpyrUAAAAJ
Vivek Kumar,Indian institute of Technology kanpur,"Wind Tunnel Testing, Vortex Dynamics over Aircraft, Flow Control, Experimental Techniques",33.0,https://scholar.google.com/citations?hl=en&user=B6XmayEAAAAJ
Manaska Mukhopadhyay,"Project Post-Doctoral Fellow, Experimental Rock Deformation Laboratory, IIT Kanpur","structural geology, rock deformation, strain localisation, creep, shear band",33.0,https://scholar.google.com/citations?hl=en&user=xQI8NVUAAAAJ
Abhishek Jaiswal,Indian Institute of Technology Kanpur,"AI in Healthcare, Human Computer Interaction, Reinforcement Learning, Cognitive Science, AGI",33.0,https://scholar.google.com/citations?hl=en&user=BuVuU6EAAAAJ
AMIT GHOSH,IIT Kanpur,,33.0,https://scholar.google.com/citations?hl=en&user=Bh5f_JEAAAAJ
Divyaksh Shukla,"Indian Institute of Technology, Kanpur","artificial intelligence, natural language processing, multi-agent systems, reinforcement learning",33.0,https://scholar.google.com/citations?hl=en&user=ceOuKPgAAAAJ
Ruchi Srivastava,Indian Institute of Technology Kanpur Department of Electrical Engineering,Optical Network Multi-Band Optical Network …,33.0,https://scholar.google.com/citations?hl=en&user=JKG4ZJYAAAAJ
Subhankar Pradhan,Indian Institute of Technology Kanpur,"Catalysis, Photoredox Chemistry",33.0,https://scholar.google.com/citations?hl=en&user=_nt1M2wAAAAJ
Rupsa Majumdar,"Department of Economics Sciences, Indian Institute of Technology, Kanpur","Applied Economics, Gender economics",33.0,https://scholar.google.com/citations?hl=en&user=d-HNLjEAAAAJ
Vijendra Venkatesh,Indian Institute of Technology Kanpur,"VLSI System Design, Nanoelectronics, Biomedical Signal Processing, DSP, Image Processing",32.0,https://scholar.google.com/citations?hl=en&user=hp10o9cAAAAJ
Saleem Shaik,Indian Institute of Technology Kanpur,"Plasmonics, Metamaterials, Lasers, Nano- Opto Electronics, Graphene Physics and devices",32.0,https://scholar.google.com/citations?hl=en&user=uYmUaWQAAAAJ
Ambuj Srivastava,Indian Institute of Technology Kanpur,,32.0,https://scholar.google.com/citations?hl=en&user=J8WMX7UAAAAJ
Dr KC Mujeebu Rahman,"Senior Project Exec Officer, Kotak School of Sustainability, IIT Kanpur","Economy and Religion, Economic Sociology of Law, Entrepreneurial Islam, Gold, Law and Development",32.0,https://scholar.google.com/citations?hl=en&user=aGfXohwAAAAJ
Kalpit Yadav,IIT Kanpur,Machine Learning,32.0,https://scholar.google.com/citations?hl=en&user=MHmWu94AAAAJ
Dhyananand Yadaw,IIT Kanpur,"Nanocatalyst, Biomass conversion",32.0,https://scholar.google.com/citations?hl=en&user=y39yMckAAAAJ
Aman Sharma,"IIT KANPUR, IIT JODHPUR","Photo Thermal Spectroscopy, TL Spectroscopy, Computational Science",32.0,https://scholar.google.com/citations?hl=en&user=aq0CcYAAAAAJ
Harshit Mishra,"Indian Institute of Technology, Kanpur",Energy conversion and storage,32.0,https://scholar.google.com/citations?hl=en&user=A5wCReIAAAAJ
Kuntal Bera,"Institute Postdoctoral Fellow, Department of Statistics and Data Science, IIT Kanpur","Process Capability Analysis, Statistical Quality Control, Statistical Inference",32.0,https://scholar.google.com/citations?hl=en&user=y7SnRh0AAAAJ
Sofi Aamir Majid,Indian Institute of Technology Kanpur,"Fluid Mechanics, Hydraulics and Sediment Transport",32.0,https://scholar.google.com/citations?hl=en&user=ttNReH0AAAAJ
Nidhi Tiwari,Indian Institute of Technology Kanpur,"Reaction Dynamics, Quantum Chemistry, Gas-Surface Interaction, Sustainable Catalysis",32.0,https://scholar.google.com/citations?hl=en&user=JLrJwbgAAAAJ
Waqar Malik,"Jamia Millia Islamia, Indian Institute of Technology Kanpur",Materials Science,31.0,https://scholar.google.com/citations?hl=en&user=xhTqhF4AAAAJ
Ajeet Kumar,IIT Kanpur,"Photocatalysis, Hydrogen production, Hydrogen storage, Nanocomposites",31.0,https://scholar.google.com/citations?hl=en&user=DUGUNbMAAAAJ
Vishnu  Kumar Tiwari,"FARE Fellow (Fellowship for Academic and Research Excellence) , IIT Kanpur","Experimental condensed matter, Topological materials, ARPES Study of novel systems",31.0,https://scholar.google.com/citations?hl=en&user=jqXkVSQAAAAJ
Dr. Priyanka Meena,"FARE (Fellowship for Academic and Research Excellence) Fellow, IIT Kanpur, India","Condensed matter physics, Quantum materials, ARPES, Magneto transport",31.0,https://scholar.google.com/citations?hl=en&user=kj7a6XUAAAAJ
ASHUTOSH VERMA,Indian Institute of Technology Kanpur,"Coupled FEM-DEM analysis, 1g model testing, Geotechnics, Reinforced soil structure",31.0,https://scholar.google.com/citations?hl=en&user=UqQ8oD8AAAAJ
Aditya Bangar,Indian Institute of Technology Kanpur,AI,31.0,https://scholar.google.com/citations?hl=en&user=Eno0JcAAAAAJ
Anup Singh,"MS, IIT Kanpur","Computational Fluid Dynamics (CFD), Solidification",30.0,https://scholar.google.com/citations?hl=en&user=jYUf3-MAAAAJ
Apurv Joshi,"MS, Indian Institute of Technology, Kanpur","Photonics, Signal and Image Processing",30.0,https://scholar.google.com/citations?hl=en&user=xchmpCcAAAAJ
Deepesh Chaudhari,"Indian Institute of Technology, Kanpur","Blockchain, AI, Software Development",30.0,https://scholar.google.com/citations?hl=en&user=J0pkXp8AAAAJ
ASTHA KAKKAR,"Research Associate I, Indian Institute of Technology Kanpur, Kalyanpur, Kanpur - 208 016 …",Theoretical High Energy Physics,30.0,https://scholar.google.com/citations?hl=en&user=hPAHUK0AAAAJ
Dr. Somalin Nath,IIT Kanpur,"Geodynamics, Active Tectonics, DInSAR, GNSS, Gravity Analysis",30.0,https://scholar.google.com/citations?hl=en&user=AcwpeRAAAAAJ
SATYA SEKHAR CHAKKA,IIT Kanpur,"Instability of Thin Films, Linear Stability Analysis, Nonlinear Simulaitons",30.0,https://scholar.google.com/citations?hl=en&user=SKG01sMAAAAJ
Pavan Kumar Shakya,"FARE Fellow, Indian Institute of Technology, Kanpur","Desalination, Solar Energy, Heat and Mass Transfer, CFD",30.0,https://scholar.google.com/citations?hl=en&user=4adiQpIAAAAJ
Srija Mukherjee,"Dept of Biological Sciences and Bioengineering, Indian Institute of Technology, Kanpur","Biophysics, Virology",30.0,https://scholar.google.com/citations?hl=en&user=ZtaPOfAAAAAJ
Dr. Ritwij Bhowmik,"Associate Professor, Department of HSS & Design Programme, IIT Kanpur","Visual Arts, Visual Culture, Art History, Cinema Study, and art education.",29.0,https://scholar.google.com/citations?hl=en&user=5dGM9RgAAAAJ
Sachin Seth,Indian Institute of Technology Kanpur,"Semiconductors, Artificial Intelligence, Radio Frequency and Microwave Digital …, Renewable Energy, Medical Image",29.0,https://scholar.google.com/citations?hl=en&user=MBUxwKQAAAAJ
Rajen Kumar,"Post Doctoral fellow, IIT Kanpur","Sequence Design, Information Theory, Wireless Communication",29.0,https://scholar.google.com/citations?hl=en&user=vm9DuWkAAAAJ
Subhash N,"Project Engineer, Indian Institute of Technology Kanpur","Machine tool dynamics, Modal analysis, Finite element modeling of machining process",29.0,https://scholar.google.com/citations?hl=en&user=Xdp4jh8AAAAJ
Dipayan Dasgupta,Postdoc at IIT Kanpur,Planetary Geology,29.0,https://scholar.google.com/citations?hl=en&user=C9ZY4voAAAAJ
Yawar Hayat Zarkob,IIT Kanpur,"Electronic Devices, Compact Modeling, Ferroelectric FETs",29.0,https://scholar.google.com/citations?hl=en&user=kAfUAwwAAAAJ
Antrakrate Gupta,Indian Institute of Technology Kanpur,"Additive Manufacturing, 3D printing, 3D Bioprinting, Design and Materials, Biomaterials",29.0,https://scholar.google.com/citations?hl=en&user=-UtATq4AAAAJ
Subhajit Chandra,"Assistant Professor, Department of Design, Indian Institute of Technology Kanpur","Visual Communication Design, Typography & Type Design, Design Resaerch",28.0,https://scholar.google.com/citations?hl=en&user=6Oh-dJIAAAAJ
VIVEK SINGH SIKARWAR,IIT KANPUR,"Psycholinguistics, Cognitive Science and Corpus Linguistics",28.0,https://scholar.google.com/citations?hl=en&user=Lcm8QR4AAAAJ
Mohammed Rashiku,Indian Institute of Technology Kanpur,"Lateral flow immunoassays, paper microfluidics",28.0,https://scholar.google.com/citations?hl=en&user=h7g_NWMAAAAJ
SUMIT KUMAR,"Indian Institute of Technology, Kanpur, India","Music Information Retrieval, Audio Event Detection, Indian Art Music, Self-supervised Learning",28.0,https://scholar.google.com/citations?hl=en&user=ofMLE3YAAAAJ
Sayantan Chatterjee,Indian Institute of Technology Kanpur,"Power Systems, State Estimation, Smart Grids, Nonlinear Estimation",28.0,https://scholar.google.com/citations?hl=en&user=ji9gqiYAAAAJ
Prabhakar K. Pandey,IIT Kanpur,"Coordination chemistry, Organometallic chemistry, Catalysis",28.0,https://scholar.google.com/citations?hl=en&user=obwRfXMAAAAJ
Anshi Srivastav,"Department of Management Sciences, IIT KANPUR",Information Systems,28.0,https://scholar.google.com/citations?hl=en&user=2vbomccAAAAJ
Dr. Susheel Kumar,FARE Fellow at IIT Kanpur,"Soft Matter, Contact Mechanics, Tribology",28.0,https://scholar.google.com/citations?hl=en&user=lYVGkVIAAAAJ
Dr.Ram Kumar,"Institute Post Doctoral Fellow, IIT Kanpur","Ion Matter Interaction, Magnetism, Ion Irradiation, 2D material",27.0,https://scholar.google.com/citations?hl=en&user=iaHtEaYAAAAJ
Dr. Sudipto Mukherjee,"Post Doctoral Fellow, Department of Civil Engineering, IIT Kanpur, IISc",Computational Geomechanics,27.0,https://scholar.google.com/citations?hl=en&user=NqrTsmMAAAAJ
Rajiv Mukherjee,"Prime Minister's Research Fellow, Indian Institute of Technology Kanpur","Nano-mechanics, Structural Geology, Instrumented Indentation, High PT Rock Deformation",27.0,https://scholar.google.com/citations?hl=en&user=J6H5JB4AAAAJ
Naisarg Sagathiya,"Indian Institute of Technology, Kanpur","Electrochemical machining, Electrical Discharge Machining, Micro-machining, Surface engineering",27.0,https://scholar.google.com/citations?hl=en&user=QjkY4eAAAAAJ
Dr. Vikas Singh,"Department of Materials Science and Engineering, Indian Institute of Technology Kanpur","Cemented Carbide, Tribology, Corrosion Behaviour, Oxidation Behaviour, Coatings",27.0,https://scholar.google.com/citations?hl=en&user=6ki7JpwAAAAJ
Aditya Ramdas Iyer,IIT Kanpur,CAR-T Cell Therapy,27.0,https://scholar.google.com/citations?hl=en&user=uiESnngAAAAJ
Vasudha Jain,"Assistant Professor, Department of Economic Sciences, IIT Kanpur","Microeconomic Theory, Game Theory, Economics of Information",26.0,https://scholar.google.com/citations?hl=en&user=HwT4qvYAAAAJ
Dev Barbhaya,Indian Institute of Technology Kanpur,"Systems Biology, Computational Biology, BioInformatics, Cancer Biology",26.0,https://scholar.google.com/citations?hl=en&user=ad_EUpsAAAAJ
ANKIT KUMAR,IIT KANPUR,"LOW ENERGY NUCLEAR REACTION, THERMAL NEUTRON DETECTION, BORON FISSION, HIGH VOLTAGE ELECTROCHEMISTRY",26.0,https://scholar.google.com/citations?hl=en&user=vqhvOjwAAAAJ
Md Hasnain Ansari,"Indian Institute of Technology,Kanpur","Semiconductor Device Modeling, ASM GaN HEMT, GaN LNA, Characterization, Machine Learning",26.0,https://scholar.google.com/citations?hl=en&user=QAPjNoIAAAAJ
Bharat Bhushan,"FARE Fellow, Indian Institute of Technology Kanpur","Incremental forming, Smart Manufacturing, Modelling and Simulation, Metal characterization",26.0,https://scholar.google.com/citations?hl=en&user=2bYycLsAAAAJ
Mandvi Singh,"Indian Institute of Technology Kanpur (IITK), India","Power Electronics, Electric Vehicles, Battery Charging",26.0,https://scholar.google.com/citations?hl=en&user=LWS2CbMAAAAJ
RAJ AKSHAT,"Senior Project Scientist, IIT Kanpur","Computational chemistry, Molecular Dynamics, Monte carlo simulations, DFT, DES",26.0,https://scholar.google.com/citations?hl=en&user=Ky7s2pIAAAAJ
Akhilesh Patel,IIT Kanpur,"Passive optical networks (PONs), Resource allocation schemes, Extended reality (XR), Access network",26.0,https://scholar.google.com/citations?hl=en&user=yG7thd0AAAAJ
Vaibhavi Gupta,"Indian Institute of Technology, Kanpur",,26.0,https://scholar.google.com/citations?hl=en&user=dsRMky4AAAAJ
Anshuman Choudhary,Indian Institute of Technology Kanpur,"FSS, Flexible Materials, Transparent materials, EMI Shielding, Microwave Absorber",25.0,https://scholar.google.com/citations?hl=en&user=DhiRCJMAAAAJ
Akhil S,Indian Institute of Technology Kanpur,,25.0,https://scholar.google.com/citations?hl=en&user=pARkyRQAAAAJ
Chaitanya Vishwakarma,IIT Kanpur,Design FEA and CAE,25.0,https://scholar.google.com/citations?hl=en&user=ur8hJisAAAAJ
Ankita Bhattacharyya,IIT Kanpur,,25.0,https://scholar.google.com/citations?hl=en&user=nYDXsnsAAAAJ
Anjali Tiwari,"Project associate , Indian Institute of Technology  , Kanpur","Acoustics, Instrumentation, Biodegradable Materials",25.0,https://scholar.google.com/citations?hl=en&user=B8TMDVkAAAAJ
Dr. Abdul Majid,"Indian Institute of Technology Kanpur, Kanpur","Mathematical Modeling, Computational Biology, Cancer, AI-ML Modeling, Alzheimer's disease",25.0,https://scholar.google.com/citations?hl=en&user=N-Gkd6YAAAAJ
Biswajit Tikadar,Indian Institute of Technology Kanpur,"Energy modelling, Energy Economics and Policy, Sustainable Development and Management",25.0,https://scholar.google.com/citations?hl=en&user=7nC7cRIAAAAJ
Jishnu Chakraborty,Indian Institute of Technology(IIT Kanpur),"Thermoelectric Materials, Nanomaterials",25.0,https://scholar.google.com/citations?hl=en&user=UobtiksAAAAJ
SALMAN AHMAD SIDDIQUI,Indian Institute of Technology Kanpur,"Total Synthesis, Biomimetic Synthesis, Asymmetric Synthesis, Chemical Biology",25.0,https://scholar.google.com/citations?hl=en&user=Ibu3wYwAAAAJ
DEEPTI SACHAN,FARE Fellow at IIT Kanpur,"CFD, Thermal Energy Storage, NePCM",24.0,https://scholar.google.com/citations?hl=en&user=fhIap_0AAAAJ
Manoj K. Singh,"Research Fellow, IIT Kanpur","Polymer Composite and Soft Materials, Experimental Solid Mechanics, Fracture, Impact, FEA",24.0,https://scholar.google.com/citations?hl=en&user=QnSsup0AAAAJ
Shiven Tripathi,"Undergraduate, Department of Electrical Engineering, Indian Institute of Technology, Kanpur","deep learning, computer vision, robotics",24.0,https://scholar.google.com/citations?hl=en&user=sOWLi-0AAAAJ
Amit kumar,IIT Kanpur,"Semiconductor Devices, NAND Flash Memory",24.0,https://scholar.google.com/citations?hl=en&user=dUAgqAkAAAAJ
Vivek Anand,"Fellow, Academic and Research Excellence, IIT Kanpur","Autonomous Vehicles, LiDAR, 3D Point Cloud, Deep Learning, Machine Learning",24.0,https://scholar.google.com/citations?hl=en&user=WLL4gLoAAAAJ
Vivek Ramteke,"Postdoctoral Researcher, Indian Institute of Technology Kanpur","Guidance and Control Systems, Flight Dynamics and Stability, Autonomous Systems",24.0,https://scholar.google.com/citations?hl=en&user=pg0wEIkAAAAJ
Nikhil Gupta,"Indian Institute of Technology, Kanpur",,23.0,https://scholar.google.com/citations?hl=en&user=n2EjNgoAAAAJ
Anji Babu Kapakayala,Indian Institute of Technology Kanpur,"Computational Biophysics, Enhanced sampling techniques",23.0,https://scholar.google.com/citations?hl=en&user=jd_jV80AAAAJ
Pratyush Varshney,Indian Institute of Technology Kanpur,"Robotics, Control, Machine Learning, Reinforcement Learning",23.0,https://scholar.google.com/citations?hl=en&user=zRwdYY8AAAAJ
Satyabrata Patro,IIT Kanpur,Granular Flows,23.0,https://scholar.google.com/citations?hl=en&user=QNKnzPAAAAAJ
Soumya Ranjan Dash,Indian Institute of Technology Kanpur,"Machine Learning, Deep Learning",23.0,https://scholar.google.com/citations?hl=en&user=v4x6uFIAAAAJ
Vineet Arora,"La Trobe University, Australia and Indian Institute of Technology, Kanpur, India","Positive Organizational Behavior, Human Resource Management, Higher Education",23.0,https://scholar.google.com/citations?hl=en&user=GRDN4PsAAAAJ
Dr. Rohit Rastogi,Indian Institute of Technology Kanpur,"DC/DC converter, DC microgrid, VIrtual Impedance Control",23.0,https://scholar.google.com/citations?hl=en&user=tFgQPNgAAAAJ
Gudelli Shivakumar,Indian Institute of Technology Kanpur,"Isolated dc-dc converters, fuel cells converters, EV chargers",23.0,https://scholar.google.com/citations?hl=en&user=W7uviSwAAAAJ
Shalvi Singh,"Indian Institute of Technology, Kanpur","Polygonal FEM, Crystal Plasticity, Fracture analysis, Crack propagation, Multiscale modeling",23.0,https://scholar.google.com/citations?hl=en&user=kHLHJRQAAAAJ
Rajesh Kumar,"Indian Institute of Technology, Kanpur","Plasmonic, metamaterial, nanophotonics",22.0,https://scholar.google.com/citations?hl=en&user=GUM5jpsAAAAJ
Kumar Saumya,"Indian Institute of Technology, Kanpur, India","Nanotechnology, Architectural Nano-metamaterials, Molecular Dynamics, Computational mechanics",22.0,https://scholar.google.com/citations?hl=en&user=YBrjmJEAAAAJ
Deepankar Das,"IIT Kanpur, Kanpur","Elasticity, Bifurcation Analysis, Group Theory, Finite Element Analysis, Structural Analysis",22.0,https://scholar.google.com/citations?hl=en&user=orpNoekAAAAJ
Biplab Dutta,Indian Institute of Technology Kanpur,"Fluid Turbulence, Rotational Fluids, Rayleigh-Benard Convection",22.0,https://scholar.google.com/citations?hl=en&user=zosDeNYAAAAJ
Dr. Shainath Kalamkar,IIT Kanpur,"CFD, HPC & Numerical Weather Modelling",22.0,https://scholar.google.com/citations?hl=en&user=-1MH5HkAAAAJ
Jyoti Srivastava,Indian Institute of Technology Kanpur,Neurobiology,22.0,https://scholar.google.com/citations?hl=en&user=Rz-DtRcAAAAJ
Suraina Gupta,"Senior Research Fellow, IIT Kanpur","Experimental Condensed Matter Physics, 2D Superconductivity, Vortices, 2D materials",22.0,https://scholar.google.com/citations?hl=en&user=WZS54M0AAAAJ
Dr Udit Raj,"Postdoc Fellow, Indian Institute of Technology Kanpur","Complex Networks, Graph Theory, Network Science",22.0,https://scholar.google.com/citations?hl=en&user=31a6ZmYAAAAJ
Prashant K. Pandey,Indian Institute of Technology Kanpur,"Computational Chemistry, Molecular dynamics, Interfacial study, Evaporation",22.0,https://scholar.google.com/citations?hl=en&user=_TxeXl0AAAAJ
Stuti Das,Indian Institute of Technology Kanpur,"Partial Differential Equations, Regularity Theory, Singular Problems",22.0,https://scholar.google.com/citations?hl=en&user=3okz42EAAAAJ
Sabhay Jain,Indian Institute of Technology Kanpur (IIT Kanpur),"ML, AI, NLP",21.0,https://scholar.google.com/citations?hl=en&user=55KdergAAAAJ
Gaurav Rawal,Indian Institute of Technology Kanpur India,"polymer physics, nanotechnology, sensors",21.0,https://scholar.google.com/citations?hl=en&user=Bih3-kMAAAAJ
Naorem Nishikanta Mangang,Indian Institute of Technology Kanpur,"Just Transition, Energy Transition, Labour Unions, Labour Environmentalism, Environmental Sociology",21.0,https://scholar.google.com/citations?hl=en&user=oaPJR5oAAAAJ
Harendra Pal Singh,Indian Institute of Technology Kanpur,"Power System, Power Electronics, Control System, Heuristic Optimization, Microgrids etc.",21.0,https://scholar.google.com/citations?hl=en&user=NaTcYOEAAAAJ
Balaji Jayaraman,"Research Fellow, Department of Aerospace Engineering, Indian Institute of Technology …","Atmospheric Flight Mechanics, Robust Flight Control, Incremental Nonlinear Dynamic Inversion …, Time-Delay Control, Slidin",20.0,https://scholar.google.com/citations?hl=en&user=dM_b728AAAAJ
Razia.,Indian Institute of Technology Kanpur,"Density Functional Theory, Kinetic Monte Carlo, Solid state Physics",20.0,https://scholar.google.com/citations?hl=en&user=uGHM7QIAAAAJ
PAWAN KUMAR KARN,"POSTDOCTORAL FELLOW, INDIAN INSTITUTE OF TECHNOLOGY, KANPUR",Aerodynamics,20.0,https://scholar.google.com/citations?hl=en&user=HZcjOH0AAAAJ
Manan Agarwal,"Research Fellow, Indian Institute of Technology Kanpur","Acoustics, LTA Systems, Metamaterials",20.0,https://scholar.google.com/citations?hl=en&user=8c85HS4AAAAJ
Ashish Kumar,"Postdoctoral Research Associate, IIT Kanpur","Manufacturing, Ultra Precision Polishing, Cutting tool design, In-situ deformation anlysis",20.0,https://scholar.google.com/citations?hl=en&user=RwQHrGgAAAAJ
Vivek Kumar,Indian Institute of Technology Kanpur,"High entropy oxides, electroceramic, thermoelectrics",20.0,https://scholar.google.com/citations?hl=en&user=IKmVjNQAAAAJ
ARANYA GUPTA,Indian Institute of Technology Kanpur,"Physical Unclonable Functions, Hardware Security, Internet of Things",20.0,https://scholar.google.com/citations?hl=en&user=5ZbIB2IAAAAJ
Amitava Ghosh,IIT Kanpur,Experimental condensed matter physics,20.0,https://scholar.google.com/citations?hl=en&user=b5o2C6EAAAAJ
Dr. Deepak paliwal,INDIAN INSTITUTE OF TECHNOLOGY KANPUR,"Gradient microstructures, Additive manufacturing, SPD, Crystal plasticity simulations",20.0,https://scholar.google.com/citations?hl=en&user=1wAVGCEAAAAJ
Aditi Aggarwal,"Indian  institute of technology, Kanpur",,20.0,https://scholar.google.com/citations?hl=en&user=03GGZiIAAAAJ
Hera Fatma,Indian Institute of Technology Kanpur,"Neuroscience, Machine Learning, Artificial Intelligence",20.0,https://scholar.google.com/citations?hl=en&user=JR0_kfgAAAAJ
mosab shaheen,"Indian Institute of Technology, Kanpur","Natural Language Processing, Information Retrieval, Distributed Systems",19.0,https://scholar.google.com/citations?hl=en&user=ig_HnGMAAAAJ
Praphul Singh,Indian Institute of Technology Kanpur,"Generative AI, Natural Language Processing, Reinforcement Learning, Graph Neural Networks",19.0,https://scholar.google.com/citations?hl=en&user=vKy_UioAAAAJ
Amrendra kumar,Indian institute of Technology Kanpur,"Space charge polymeric insulation, condition monitoring, aging, partial discharge",19.0,https://scholar.google.com/citations?hl=en&user=8FQXrasAAAAJ
Rajarshi Sengupta,"Assistant Professor, IIT Kanpur, India","Art History, Artisanal Histories, Textiles, Printmaking, Theory-practice Interface",19.0,https://scholar.google.com/citations?hl=en&user=v8sK5XUAAAAJ
SHANTANU SARDAR,Indian Institute of Technology Kanpur,Representation theory of algebras,19.0,https://scholar.google.com/citations?hl=en&user=aKUiUsUAAAAJ
Shofiul Alom Pathan,Indian Institute of Technology Kanpur,"Citizenship, Minority Studies, Urban Society, Environment and Sustainability",19.0,https://scholar.google.com/citations?hl=en&user=t6tOOY4AAAAJ
Satish Kumar,IIT Kanpur,"Nuclear Materials, Steels, Characterization of Materials, Nuclear Steels, Effect of Grain Size on Irradiation Effect on …",19.0,https://scholar.google.com/citations?hl=en&user=X_ChGf8AAAAJ
Subrata Pachhal,"Physics, Indian Institute of Technology Kanpur",Condensed Matter Physics,19.0,https://scholar.google.com/citations?hl=en&user=lElK65kAAAAJ
Nidhi,Indian Institute of Technology Kanpur,"Queueing Theory, Optimization Techniques",19.0,https://scholar.google.com/citations?hl=en&user=3E9iQH0AAAAJ
Rahul Prakash Singh,Indian Institute of Technology Kanpur,"Wireless Communication, ISAC, BD-STAR-RIS, Near Field, VLSI Design",19.0,https://scholar.google.com/citations?hl=en&user=gO2UMZkAAAAJ
Aashi Shrinate,"Indian Institute of Technology, Kanpur","Control theory, Opinion Dynamics, Multiagent Systems",19.0,https://scholar.google.com/citations?hl=en&user=wcYGxEsAAAAJ
Ashwani Saharan,Indian Institute of Technology Kanpur,"Nonlinear Partial differential equations, Lie symmetry Analysis",19.0,https://scholar.google.com/citations?hl=en&user=IeDpXFkAAAAJ
Chintu Gurbani,"Control and Automation, Dept. of Electrical Engineering, Indian Institute of Technology …","Sliding Mode Control, Robust Control theory, Non-linear Control Systems",18.0,https://scholar.google.com/citations?hl=en&user=XMNSyr8AAAAJ
Moumita Mistri,Indian Institute of Technology Kanpur,"Plasma-sprayed coatings, tribology",18.0,https://scholar.google.com/citations?hl=en&user=OU0ekFcAAAAJ
Mahammad Tahir,"Indian Institute of Technology Kanpur, Kanpur","Spintronics, Spin pumping, Spin-to-charge current conversion, 2D Materials, FMR Spectroscopy",18.0,https://scholar.google.com/citations?hl=en&user=NMlTR90AAAAJ
Aamna Sarfaraz,"Indian Institute of Technology, Kanpur","Fatigue and Fracture, Corrosion",18.0,https://scholar.google.com/citations?hl=en&user=Q6-ZIdEAAAAJ
Pranay Baldev,IIT Kanpur,"Video encoding, Audio processing, Data compression, Video codecs, Image processing",17.0,https://scholar.google.com/citations?hl=en&user=_yMnoRMAAAAJ
SOURABH TYAGI,"Teaching Assistant, IIT KANPUR",Risk Management in construction,17.0,https://scholar.google.com/citations?hl=en&user=8oXWtfoAAAAJ
Samir Das,IIT Kanpur,Ultracold  Quantum Gas,17.0,https://scholar.google.com/citations?hl=en&user=wlBqaZAAAAAJ
Nadeem Firoz,"Department of Electrical Engineering, IIT Kanpur","Semiconductor device physics, organic electronics, thin film transistors",17.0,https://scholar.google.com/citations?hl=en&user=HMMlzJoAAAAJ
Dr. Vivek Kumar,"IIT Kanpur, IIM Trichy","Supply Chain Management, Mechanical Engineering, Business Management",17.0,https://scholar.google.com/citations?hl=en&user=0rot6Y8AAAAJ
Tanuj Gupta,Indian Institute of Technology Kanpur,"Mechanical Metamaterial, Smart Material, Vibration Control and Dynamics, Energy Harvesting",17.0,https://scholar.google.com/citations?hl=en&user=H1DnYx8AAAAJ
Sandip Guin,IIT Kanpur,,17.0,https://scholar.google.com/citations?hl=en&user=sqQ1nKIAAAAJ
Chiranjit Majhi,"Prime Minister's Research Fellow, Department of Physics, IIT Kanpur","soft matter physics, polymer nanocomposites, wrinkles, adhesion, nanomechanics",17.0,https://scholar.google.com/citations?hl=en&user=4w3afMEAAAAJ
Siddesh Bharat Hazare,IIT Kanpur,Machine Learning,17.0,https://scholar.google.com/citations?hl=en&user=9ywpaoIAAAAJ
Chitranjan Pandey,"IIT KANPUR, INDIA","Numerics for PDEs, Scientific Computing, FVM FEM, ML-based methods, Applications in CFD and NWP.",17.0,https://scholar.google.com/citations?hl=en&user=D6chuYoAAAAJ
Shreyasi Mandal,"Indian Institute of Technology, Kanpur","Natural Language Processing, Large Language Models, Medical Imaging, Artificial Intelligence",17.0,https://scholar.google.com/citations?hl=en&user=yA3gRzwAAAAJ
Bhaskar Arya,IIT Kanpur,"Cosmology, astrophysics",17.0,https://scholar.google.com/citations?hl=en&user=Dck12OAAAAAJ
Ayan Kumar Dutta,"Postdoctoral Fellow, IIT Kanpur","Filter Banks, Cyclostationary Signal Processing, Optimization, Electric Vehicles, ECG",17.0,https://scholar.google.com/citations?hl=en&user=4_p-6LMAAAAJ
Prathvi Singh,"Senior Research Fellow, Indian Institute of Technology Kanpur","Computational biology, Bioinformatics, Quantum Chemistry",17.0,https://scholar.google.com/citations?hl=en&user=Wh3t3SEAAAAJ
Indranil Thakur,IIT Kanpur,Cryptology,17.0,https://scholar.google.com/citations?hl=en&user=Z0u4iBAAAAAJ
rohit tyagi,IIT Kanpur,Electron  Spectroscopy,16.0,https://scholar.google.com/citations?hl=en&user=nz52GxYAAAAJ
Parth Srivastava,IIT Kanpur,"NLP, Deep Learning, RL, CV",16.0,https://scholar.google.com/citations?hl=en&user=7Mb0WlEAAAAJ
Pallavi Athe,Indian Institute of Technology Kanpur,"Optical Networks, Organic Solar Cells, Photonic Crystal",16.0,https://scholar.google.com/citations?hl=en&user=n5m5H6IAAAAJ
Mohd. Sufiyan Khan,Indian Institute of Technology Kanpur,,16.0,https://scholar.google.com/citations?hl=en&user=X3bV3RAAAAAJ
Dr. Rajat Kumar Keshari,"Postdoctoral Researcher, Department of Electrical Engineering, Indian Institute of …","Power Converters, Solar PV applications, Energy Management System, Multilevel Inverters",16.0,https://scholar.google.com/citations?hl=en&user=pt3J6CIAAAAJ
Chandrani Pal,"Department of Chemistry, Indian Institute of Technology Kanpur","Bioinorganic Chemistry, Photochemistry, Coordination Chemistry, Supramolecular chemistry",16.0,https://scholar.google.com/citations?hl=en&user=aflOVi8AAAAJ
Sumit Kumar Gupta,"Indian Institute of Technology, Kanpur","Nonlinear optics, Thermal lens spectroscopy",16.0,https://scholar.google.com/citations?hl=en&user=DUWYPNwAAAAJ
Shantanu Semwal,Indian Institute of Technology Kanpur,"Condensed Matter Physics, anharmonic lattice dynamics, first principles, DFT",16.0,https://scholar.google.com/citations?hl=en&user=iPKI0gEAAAAJ
Bhogi Satya Swaroop,IIT Kanpur,"3D NAND flash memory, Logic in memory, compute in memory, Stochastic dot product engines, Optimizati",16.0,https://scholar.google.com/citations?hl=en&user=vwpa1SkAAAAJ
Vaishnavi Varshney,Indian Institute of Technology Kanpur,"Electrochemistry, Bioinorganic Chemistry, Bioinspired catalysis, Energy conversion, MOFs",16.0,https://scholar.google.com/citations?hl=en&user=ZuCtcKsAAAAJ
Aayush Mudgal,Indian Institute of Technology Kanpur | Columbia University,"Artificial Intelligence, Intelligent Tutoring Systems",15.0,https://scholar.google.com/citations?hl=en&user=BuF_JPkAAAAJ
Mohua Dutta,"Indian Institute of Technology Kanpur, India",Postcolonial Literature,15.0,https://scholar.google.com/citations?hl=en&user=nucfJcgAAAAJ
Bhavna M Vyas,IIT Kanpur,"Soft Matter, Microrheology",15.0,https://scholar.google.com/citations?hl=en&user=4hr70SEAAAAJ
Vindheshwari P  Singh,IIT Kanpur,"Wireless Communication, Signal Processing, Optimization methods, Information theory",15.0,https://scholar.google.com/citations?hl=en&user=wlkZm8cAAAAJ
Pallav Agarwal,"Indian Institute of Technology, Kanpur",,15.0,https://scholar.google.com/citations?hl=en&user=55tu7MwAAAAJ
Ashna Srivastava,IIT Kanpur,"Stability of thin liquid film, transport phenomena, fluid mechanics",15.0,https://scholar.google.com/citations?hl=en&user=1eKuloQAAAAJ
Dixit Kumar,IIT Kanpur,,15.0,https://scholar.google.com/citations?hl=en&user=d9sHLEYAAAAJ
Akansha garg,"Prime Minister Research Fellow, IIT Kanpur","Protein biochemistry, Amyloids",15.0,https://scholar.google.com/citations?hl=en&user=FPLqXqoAAAAJ
Debattam Das,IIT Kanpur,Geometry and Topology,15.0,https://scholar.google.com/citations?hl=en&user=fhp4CC4AAAAJ
Aditya Goyal,"FARE Fellow, Indian Institute of Technology Kanpur","Methane pyrolysis, molten catalysts, zeolites, AIMD, DFT",15.0,https://scholar.google.com/citations?hl=en&user=EqvWWqMAAAAJ
Jyoti Duhan,Indian Institute of Technology Kanpur,Computational Condensed Matter Physics,15.0,https://scholar.google.com/citations?hl=en&user=jJos1SIAAAAJ
Somdipta Chatterjee,Indian Institute of Technology Kanpur,"Geochemistry, Igneous Petrology, Metamorphic petrology, Enhanced rock weathering, Ore mineralization",15.0,https://scholar.google.com/citations?hl=en&user=bPEB1rIAAAAJ
Amrut SR,"MBA, DoMS IIT Kanpur","Artificical Neural Network, Heat Transfer, Finite Element Method",15.0,https://scholar.google.com/citations?hl=en&user=m9ds4KoAAAAJ
Ashok Meena,IIT Kanpur,"Algorithms, System Design, Distributed systems",14.0,https://scholar.google.com/citations?hl=en&user=J6v4iQUAAAAJ
Nimit Godhani,Indian Institute of Technology Kanpur,Atmospheric Science,14.0,https://scholar.google.com/citations?hl=en&user=PXmGvyQAAAAJ
Rakesh Munagala,Indian Institute of Technology Kanpur,"massive MIMO, full-duplex systems, convex optimization, and intelligent reflecting surfaces",14.0,https://scholar.google.com/citations?hl=en&user=3P_b4K0AAAAJ
Nitik Jain,Indian Institute of Technology - Kanpur,"Robotics, Perception, Planning",14.0,https://scholar.google.com/citations?hl=en&user=tgvhuC4AAAAJ
Garima Sodha,Indian Institute of Technology Kanpur,"Lunar ISRU, Planetary Geology, Martian Dunes, Spectroscopy, Remote Sensing",14.0,https://scholar.google.com/citations?hl=en&user=ljf-KicAAAAJ
Dr. Habiba Khatun,"Postdoctoral Fellow, Indian Institute of Technology Kanpur, India",Statistics,14.0,https://scholar.google.com/citations?hl=en&user=IgSu9fQAAAAJ
Aindrila Indra,Indian Institute of Technology Kanpur,"Molecular Simulation, Ice Nucleation, Polymers, Self-assembly",14.0,https://scholar.google.com/citations?hl=en&user=B5KYtzQAAAAJ
Shaifullah,"Indian Institute of Technology, Kanpur","Hydrograph separation, water quality, isotope geochemistry, river geochemistry",14.0,https://scholar.google.com/citations?hl=en&user=_R2huv4AAAAJ
JITENDRA KUMAR MAHAWAR,IIT Kanpur,"modeling and control of wind turbines, Power system modeling and control",14.0,https://scholar.google.com/citations?hl=en&user=wlpFwXgAAAAJ
Deepanshu Bisht,Indian Institute of Technology Kanpur,"High Energy Physics, Particle Physics",14.0,https://scholar.google.com/citations?hl=en&user=G8tDKKcAAAAJ
Midhat Shabir Soherverdy,IIT Kanpur,Power electronics,14.0,https://scholar.google.com/citations?hl=en&user=__u8xLUAAAAJ
Shahebaj Shaikh,Indian Institute of Technology Kanpur,"Galaxy Astrophysics, Neutron Stars",14.0,https://scholar.google.com/citations?hl=en&user=bizZ2LkAAAAJ
Harshu Bhimgade,"Indian Institute of Technology, Kanpur",FLUID FLOW CFD GAS TURBINE …,13.0,https://scholar.google.com/citations?hl=en&user=wwP2a9cAAAAJ
ABHIJIT DUTTA,IIT Kanpur,"Fluorescence spectroscopy, ultrafast spectroscopy",13.0,https://scholar.google.com/citations?hl=en&user=s9E-3SwAAAAJ
Gaurav Gupta,FARE Fellow IIT Kanpur,"Contract and Market Design, Finance, Risk Management, Energy Markets, India",13.0,https://scholar.google.com/citations?hl=en&user=oBSk2bAAAAAJ
Akash Kumar,Indian Institute of Technology Kanpur,"Computer Vision, Condition Monitoring",13.0,https://scholar.google.com/citations?hl=en&user=YFxVS_UAAAAJ
Arya Das,IIT Kanpur,"Spacecrafts, Satellites, Control Systems, Robotics, Machine Learning",13.0,https://scholar.google.com/citations?hl=en&user=k-t9EigAAAAJ
Pitta Poorvi Narayana,Indian Institute of Technology Kanpur,,13.0,https://scholar.google.com/citations?hl=en&user=KgzPIVEAAAAJ
Ramjan Mallick,Indian Institute of Technology Kanpur,"Luminescence Nanomaterials, Anticounterfeiting, Electrodeposition, Electronic cooling",13.0,https://scholar.google.com/citations?hl=en&user=rCAFXVQAAAAJ
NIKIL SURYA RAJA PRABU,"FARE Fellow, Indian Institute of Technology Kanpur","Photocatalysis, Green Hydrogen, Molten Systems, DFT, AIMD",13.0,https://scholar.google.com/citations?hl=en&user=d4gDbVQAAAAJ
Arpita Santra,IIT Kanpur,"Big Data Visualization, Machine Learning, Uncertainty",13.0,https://scholar.google.com/citations?hl=en&user=DlDNctgAAAAJ
Anup Kumar Pathak,Indian Institute of Technology Kanpur,"Continuum Mechanics, Variational Asymptotic Method, Numerical Methods, Multifunctional Composites",13.0,https://scholar.google.com/citations?hl=en&user=orZib5MAAAAJ
Shishir Singh,"Indian institute of Technology, Kanpur",Chemistry,13.0,https://scholar.google.com/citations?hl=en&user=xRWvHLIAAAAJ
Subham Kumar,"Indian Institute of Technology, Kanpur",Artificial Intelligence,12.0,https://scholar.google.com/citations?hl=en&user=ss6ls1o5iWsC
Manthan verma,FARE FELLOW AT IIT KANPUR,"MHD turbulence, CFD, HPC, GPU_computing",12.0,https://scholar.google.com/citations?hl=en&user=h2M09WYAAAAJ
Jyotiprakash Das Karmakar,"Indian Institute of Technology, Kanpur","Deep Learning, Computer Vision, Natural Language Processing",12.0,https://scholar.google.com/citations?hl=en&user=PigQ7cgAAAAJ
Ishan Kumar Sarraf,"Indian Institute of Technology, Kanpur","Governance, Econometrics, FDI, Public Policy",12.0,https://scholar.google.com/citations?hl=en&user=h8JvzDgAAAAJ
Suraj Lakhchaura,"Institute Postdoctoral Fellow (IPDF), IIT Kanpur","2D materials, Nanoelectronics, Nanofabrication, RF Electronics, Instrumentation",12.0,https://scholar.google.com/citations?hl=en&user=72b4AlkAAAAJ
MOHD HARUN,"Indian Institute of Technology, Kanpur",Analytic Number Theory,12.0,https://scholar.google.com/citations?hl=en&user=1gPrnAMAAAAJ
DIPAK KUMAR SAHOO,IIT Kanpur,"Finite Element Method, Computational Fluid Dynamics, Group Theory, Ring and Field Theory.",12.0,https://scholar.google.com/citations?hl=en&user=oU3jAfMAAAAJ
Siddheswar Kundu,Indian Institute of Technology Kanpur,"Algebraic Combinatorics, Representation theory of Lie algebras",12.0,https://scholar.google.com/citations?hl=en&user=wenCHKcAAAAJ
Vinayak Krishnatri,Indian Institute of Technology Kanpur,"Development Economics, Health Economics, Applied Econometrics, Impact Evaluation",12.0,https://scholar.google.com/citations?hl=en&user=W-l1VnIAAAAJ
ARUN KUMAR BHARDWAJ,"Post-doctoral Fellow, IIT Kanpur",Complex and Harmonic Analysis,12.0,https://scholar.google.com/citations?hl=en&user=AZZt4aoAAAAJ
Himanshu Singh,IIT Kanpur,"Surface science, EOR, Colloids and Interfacial phenomenon",12.0,https://scholar.google.com/citations?hl=en&user=RYLUUEoAAAAJ
Sudipta Nayak,"Project Assistant, Indian Institute of Technology, Kanpur","Electrocatalysis, Photocatalysis, Sustainability",12.0,https://scholar.google.com/citations?hl=en&user=N4EfgIYAAAAJ
Madiha Farooq,"FARE Fellow, Indian Institute of Technology Kanpur","EOR, Flow through porous media, Rheology of complex fluids, colloids and Interfaces",12.0,https://scholar.google.com/citations?hl=en&user=vQKS-lEAAAAJ
BINAYAK DAS,"Indian Institute of Technology, Kanpur","Self- assembly of molecules, Scanning tunneling Microscopy, Atomic Force Microscopy",12.0,https://scholar.google.com/citations?hl=en&user=EObSj-gAAAAJ
ABHINAV SHARMA,PMRF Fellow IIT Kanpur,"Human Computer Interface, Biomedical Instrumentation, Assistive Technology, Sensors",11.0,https://scholar.google.com/citations?hl=en&user=p0VA8_gAAAAJ
Mayur Rathore,"Project Engineer, Indian Institute of Technology Kanpur","Finite Element Analysis, Structural Mechanics, Coupled filed simulation, Superconducting Radio Frequency cavity, Python Programm",11.0,https://scholar.google.com/citations?hl=en&user=NAimtGIAAAAJ
Sunidhi Dhandhania,"Final Year Undergraduate at Indian Institute of Technology, Kanpur","Software Development, Machine Learning",11.0,https://scholar.google.com/citations?hl=en&user=3kyqrpgAAAAJ
Thakura Prasad Meher,"Indian Institute of Technology, Kanpur","Power System, Power Electronics",11.0,https://scholar.google.com/citations?hl=en&user=bJ8jGlIAAAAJ
Vinay Edula,CS @IIT Kanpur,Machine Learning,11.0,https://scholar.google.com/citations?hl=en&user=cNiQgSYAAAAJ
Viral Rawat,"Dept. of Chemistry, IIT Kanpur",Chemical Biology,11.0,https://scholar.google.com/citations?hl=en&user=aMVmBNMAAAAJ
Abhishek Shukla,"Postdoctoral FARE Fellow, Indian Institute of Technology Kanpur","Deep Learning, Operations Research",11.0,https://scholar.google.com/citations?hl=en&user=X5Kt5fkAAAAJ
Aditi Saxena,"Indian Institute of Technology, Kanpur","Networked Control Systems, Multi-agent systems, Robotics, Electric Vehicles",11.0,https://scholar.google.com/citations?hl=en&user=bznUJSYAAAAJ
Naman Gupta,Indian Institute of Technology Kanpur,Computer Vision,11.0,https://scholar.google.com/citations?hl=en&user=eOVWLBQAAAAJ
Abhiram AH,Indian Institute of Technology Kanpur,"Economic Sociology, Money, Finance, Digital Sociology, Entreprenuership",11.0,https://scholar.google.com/citations?hl=en&user=3OAWNC0AAAAJ
Sachin Kumar*,IIT Kanpur,"Computational Finance, Differential Equations, Numerical Analysis",11.0,https://scholar.google.com/citations?hl=en&user=6Lp6L24AAAAJ
Prakash R. Jena,"Dept. of Earth Sciences, Indian Institute of Technology, Kanpur","Fluvial geomorphology, Quaternary Megafloods, Rock Surface Burial Dating, OSL Dating",11.0,https://scholar.google.com/citations?hl=en&user=0e-33aIAAAAJ
Saumya Tiwari,Indian Institute of Technology Kanpur,"Sustainable Energy, Solar Thermal Systems, Heterogeneous Catalysis, Structured Reactors",11.0,https://scholar.google.com/citations?hl=en&user=-MT0l2QAAAAJ
Shanu Saklani,"Doctoral Researcher, IIT KANPUR","Machine/Deep Learning, Uncertainty Quantification, Visual Analytics, Data Science",11.0,https://scholar.google.com/citations?hl=en&user=bsuSrUsAAAAJ
SUBHANKAR SAU,"Postdoctoral fellow in Mathematics, IIT Kanpur","Algebraic Topology, Toric Topology, Topological Complexity, Topological Data Analysis",11.0,https://scholar.google.com/citations?hl=en&user=1c2ULaIAAAAJ
PRABHAT K,IIT KANPUR,SUBALTERNISM SOCIAL JUSTICE …,11.0,https://scholar.google.com/citations?hl=en&user=2b-DtaIAAAAJ
Muthukumar Manickam,Assistant Professor Department of Humanities and Social Sciences Indian Institute of …,"Subnationalism, North-East Indian Literature, Political Theory",10.0,https://scholar.google.com/citations?hl=en&user=JmibVgQAAAAJ
Tushar Shandhilya,"Microsoft, IIT Kanpur","Machine Learning, Deep Learning",10.0,https://scholar.google.com/citations?hl=en&user=ErlVWtcAAAAJ
Muzafar Ahmad Wani,IIT Kanpur,"High Perfromance Computing, In situ Analysis and Visualization",10.0,https://scholar.google.com/citations?hl=en&user=6vvAwAsAAAAJ
Sourav Kesharee Sahoo,"Indian Institute of Technology, Kanpur","Quantum Mechanics, Quantum Information, Quantum Foundations, Quantum Optics",10.0,https://scholar.google.com/citations?hl=en&user=6_MNuDQAAAAJ
Shilpa Sarkar,"Post Doctoral fellow, IIT kanpur","GPCR biology, Molecular Biology, Parasitology, Cell biology, Microscopy",10.0,https://scholar.google.com/citations?hl=en&user=qvKZVc4AAAAJ
Arnesh Maji,"Prime Minister's Research Fellow, IIT Kanpur","Computational Fluid Dynamics, Aerodynamics",10.0,https://scholar.google.com/citations?hl=en&user=NVuCqLIAAAAJ
AJAY SHARMA,"Post doctoral fellow, IIT Kanpur",Hydrodynamic stability theory,10.0,https://scholar.google.com/citations?hl=en&user=gBv6GcMAAAAJ
Arka Chakraborty,Indian Institute of Technology Kanpur,"Neuromorphic Computing, Stochastic computing, Hyperdimensional computing",10.0,https://scholar.google.com/citations?hl=en&user=cf7ZJ6YAAAAJ
Manoranjan,IIT KANPUR,"Physics, Flexible Electronics, Philosophy & Psychology of Self, Ethics & Values, Holistic Education",10.0,https://scholar.google.com/citations?hl=en&user=kj2ZT2MAAAAJ
Angana Baruah,Indian Institute of Technology Kanpur,"virtual tourism, consumer behaviour, marketing, tourism",10.0,https://scholar.google.com/citations?hl=en&user=w9EDr2kAAAAJ
Subhadeep Sahana,Indian Institute of Technology Kanpur,"Mechanical metamaterials, Vibration control, Smart materials",10.0,https://scholar.google.com/citations?hl=en&user=SFdX7lwAAAAJ
Manas Mandal,IPDF at IIT Kanpur,Algebraic Topology,10.0,https://scholar.google.com/citations?hl=en&user=L79JjL4AAAAJ
Sankar Sarkar,"Junior Research Fellow, Dept. of Physics, IIT Kanpur, India","Condensed Matter Theory, Spintronics",10.0,https://scholar.google.com/citations?hl=en&user=cwpxXy4AAAAJ
SHUBHAM KUMAR,Indian Institute of Technology Kanpur,"Aeroacoustics, CFD",10.0,https://scholar.google.com/citations?hl=en&user=31JvEcMAAAAJ
Dr. Pritee Agarwal,"IITK, kanpur","Quantitative Methods, Modeling and Optimization, Location Allocation",9.0,https://scholar.google.com/citations?hl=en&user=V-M5bO4AAAAJ
Baban kumar,IIT Kanpur,"Cold-Formed Steel, Computational Mechanics, Structure Dynamics, Concrete Technology",9.0,https://scholar.google.com/citations?hl=en&user=UmCBaQcAAAAJ
Subhadip Pal,"Institute Postdoctoral Fellow, Indian Institute of Technology Kanpur","Complex Analysis, Functional Analysis",9.0,https://scholar.google.com/citations?hl=en&user=O-ccjvIAAAAJ
Shoubhik Dutta Roy,"Assistant Professor, Indian Institute of Technology, Kanpur","industrial design, design language, product semantics, emotive design, HMI",9.0,https://scholar.google.com/citations?hl=en&user=r4_dULkAAAAJ
Supriya Upadhyay,Indian Institute of Technology Kanpur,"Electrohydrodynamics, Droplet shape and dynamics, Interfacial phenomena, Three-phase contact line, Contact line motion",9.0,https://scholar.google.com/citations?hl=en&user=Zej0614AAAAJ
Vivek Kumar,"Postdoctoral Fellow, IIT Kanpur","EV chargers, PFC, Onboard Charger",9.0,https://scholar.google.com/citations?hl=en&user=FkbNUZIAAAAJ
Sushant Subedi,"Indian Institute of Technology, Kanpur","Human-Computer Interaction, User Experience, Trust in Digital Product, Cognitive Frameworks, HCI- AI",9.0,https://scholar.google.com/citations?hl=en&user=SZLmSYQAAAAJ
Divya Lakshmi Hareendran,Indian Institute of Technology Kanpur,Bioinorganic and Spectroscopy,9.0,https://scholar.google.com/citations?hl=en&user=BmKXXbwAAAAJ
Prashant Kumar,"Department of Aerospace Engineering, Indian Institute of Technology Kanpur","Scientific Machine Learning, Compressible Flow, Turbulent Flows",9.0,https://scholar.google.com/citations?hl=en&user=uRdO3V8AAAAJ
Satyendra Kumar,Indian Institute of Technology Kanpur,"Moon, Lunar Geology, Remote Sensing, Geology",9.0,https://scholar.google.com/citations?hl=en&user=OPSsJxwAAAAJ
Mridusmita Bhagawati,IIT Kanpur,"Gender, Qualitative Research, Critical Mental Health, Cross-cultural Psychology",9.0,https://scholar.google.com/citations?hl=en&user=12Ri_j8AAAAJ
Atika Srivastava,Indian Institute of Technology Kanpur,"organizational behaviour, HRM, gender, mixed methods, discourse analysis",9.0,https://scholar.google.com/citations?hl=en&user=bagrfbQAAAAJ
Om Jee,Indian Institute of Technology Kanpur,Groundwater Hydrology,9.0,https://scholar.google.com/citations?hl=en&user=nk8grEgAAAAJ
Pulakhandam Sri Dana Surya Phani Tej,"Indian Institute of Technology, Kanpur","Fluid Dynamics, Linear Stability Analysis, Complex Fluids",9.0,https://scholar.google.com/citations?hl=en&user=IyaKPo0AAAAJ
Prajval Koul,Indian Institute of Technology Kanpur,Computability Theory,9.0,https://scholar.google.com/citations?hl=en&user=PX16cn4AAAAJ
Subhajit Dan,Indian Institute of Technology Kanpur,"Theoretical Chemistry, Statistical Mechanics, Molecular Simulations, Spectroscopy",9.0,https://scholar.google.com/citations?hl=en&user=Al4LJOEAAAAJ
Sai Rasmi Ranjan Mohanty,"Postdoctoral Fellow, IIT Kanpur","Geometry and Topology, Constant Mean Curvature Surfaces, Minimal Surfaces",9.0,https://scholar.google.com/citations?hl=en&user=1W4A_t4AAAAJ
Nirnoy Basak,"IPDF, Indian Institute of Technology, Kanpur",Theoretical Condensed Matter Physics,9.0,https://scholar.google.com/citations?hl=en&user=-cgq6GMAAAAJ
Kavikumar Angamuthu Karuppusamy,Indian Institute of Technology Kanpur,Neurodegenerative disorders,9.0,https://scholar.google.com/citations?hl=en&user=DTYD0iQAAAAJ
Mohmad Aasif Bhat,"Indian Institute of Technology Kanpur, India","RF Delay-lines, Beamformers, Filters, Time-varying Circuits, Tunable Receivers",9.0,https://scholar.google.com/citations?hl=en&user=bgUUwBcAAAAJ
Sandip Paul,"Department of Chemistry, Indian Institute of Technology, Kanpur","Ultrafast Spectroscopy, Thermal Lensing Spectroscopy, Direct Laser Writing, Optical Tweezers",9.0,https://scholar.google.com/citations?hl=en&user=My2H844AAAAJ
Dr Pankaj Singh,Indian Institute of Technology Kanpur,"Philosophy of Mind, Problem Solving, Cognitive Science, Popular Culture and Philosophy, Moral and Social Philosophy",8.0,https://scholar.google.com/citations?hl=en&user=zrC0qx8AAAAJ
Sushruth Ravish,IIT Kanpur,"Metaethics, Moral epistemology, Social epistemology, Political Philosophy",8.0,https://scholar.google.com/citations?hl=en&user=nxHQfEoAAAAJ
KASTURI SADHU,"Former Institute Post-Doc, IIT Kanpur","Development Economics, Informal Sector, Macro Economics",8.0,https://scholar.google.com/citations?hl=en&user=3IsAs-EAAAAJ
Amit Tiwari,"Senior developer in C3ihub,IIT Kanpur","Blockchain, Cybersecurity, AI and Machine learning",8.0,https://scholar.google.com/citations?hl=en&user=KYqq9MQAAAAJ
Suraj Jaiswal,Indian Institute of Technology Kanpur,"Signal Processing, Music Information Retrieval, Artificial Intelligence",8.0,https://scholar.google.com/citations?hl=en&user=CKIA2YQAAAAJ
Vinay Tripathi,Indian Institute of Technology Kanpur,"Experiments and DNS, Fluid Dynamics, Fluent, HPC, Biomedical Engineering",8.0,https://scholar.google.com/citations?hl=en&user=S8iaf_8AAAAJ
Anwesh Saha,"Indian Institute of Technology, Kanpur","Radiative Transfer Modelling, Hydrocodes, NLP",8.0,https://scholar.google.com/citations?hl=en&user=jZjl2LcAAAAJ
Arsala Nissar Malik,"Indian Institute of Technology, Kanpur",,8.0,https://scholar.google.com/citations?hl=en&user=T6kpQ0UAAAAJ
Shivam Pal,IIT Kanpur,Machine Learning,8.0,https://scholar.google.com/citations?hl=en&user=UMbEmVAAAAAJ
Shreeyash Nitin Malode,"Chapter Scientist - IPCC | Doctoral Candidate, Indian Institute of Technology Kanpur (IITK) …","Energy System, Climate Policy, Emissions Trading, IAM, Mathematical Modeling",8.0,https://scholar.google.com/citations?hl=en&user=WQcqZIoAAAAJ
Chirantan Singha,Indian Institute of Technology Kanpur,"Natural Product Synthesis, Total Synthesis, Semi Synthesis, Methodolgy",8.0,https://scholar.google.com/citations?hl=en&user=efXfKekAAAAJ
Modassir Anwer,Indian Institute of Technology Kanpur,"WBG Semiconductor, Ga2O3, Device, Epitaxy, Thin Film",8.0,https://scholar.google.com/citations?hl=en&user=OrCoNv8AAAAJ
Kauship Saha,Indian Institute of Technology Kanpur,"QCD Phenomenology, Hadron physics",8.0,https://scholar.google.com/citations?hl=en&user=zLfi6eIAAAAJ
Feroz Hassan,"Indian Institute of Technology, Kanpur",,7.0,https://scholar.google.com/citations?hl=en&user=hVpAqoQAAAAJ
Varun Goyal,Indian Institute of Technology Kanpur,Machine Learning,7.0,https://scholar.google.com/citations?hl=en&user=5PFZ7KQAAAAJ
Amritanshu Manu,IIT Kanpur,"Legged Robotics, Robotics, Control",7.0,https://scholar.google.com/citations?hl=en&user=dzGLFyYAAAAJ
Riya Gupta,"FARE Post-doctorate fellow, Department of Chemistry, IIT Kanpur",High-resolution Infrared Spectroscopy,7.0,https://scholar.google.com/citations?hl=en&user=G8sR-XYAAAAJ
Rakesh Maurya,Indian Institute of Technology Kanpur,"Phase-field modeling of magnetic materials, Multiscale modeling & its integration with Al …",7.0,https://scholar.google.com/citations?hl=en&user=eNGOEGAAAAAJ
Sundharrajan Jegadeesan,Indian Institute of Technology Kanpur,"Organometallic, Main Group Catalysis, CO2 Valorization",7.0,https://scholar.google.com/citations?hl=en&user=A3Sst74AAAAJ
Rohit Singh,Researcher at IIT Kanpur,Robotics,7.0,https://scholar.google.com/citations?hl=en&user=UHJFOAQAAAAJ
Sujan Dhali,Indian Institute of Technology Kanpur,"Robotics, Slam, Computer vision",7.0,https://scholar.google.com/citations?hl=en&user=5HaOCuUAAAAJ
Arnajit Ghosh,"Indian Institute of Technology,Kanpur",Aerodynamics,7.0,https://scholar.google.com/citations?hl=en&user=U2CAZWEAAAAJ
Shyam Sundar Thakur,IIT Kanpur,Supersonic Combustion,7.0,https://scholar.google.com/citations?hl=en&user=GSWUwSIAAAAJ
Nilakshi Senapati,"Prime Minister Research Fellow, Indian Institute of Technology Kanpur","Quantum optics, Quantum Entanglement, Coherence, Orbital Angular Momentum, Quantum Metrology",7.0,https://scholar.google.com/citations?hl=en&user=wLLh6jQAAAAJ
Rimpi Dey,Indian Institute of Technology Kanpur,"THz Spectroscopy, Computational modeling, Molecular Simulations",7.0,https://scholar.google.com/citations?hl=en&user=pwe5ADEAAAAJ
Smrutiranjan Nayak,"Department of Aerospace Engineering, Indian Institute of Technology Kanpur",Turbomachinery,7.0,https://scholar.google.com/citations?hl=en&user=bfth930AAAAJ
Radhika sarawagi,IIT KANPUR,MECHANICAL …,7.0,https://scholar.google.com/citations?hl=en&user=oGcc364AAAAJ
Arya Adyasha,"RA at IITK, BS-MS from IISER Bhopal","Cognitive Psychology, Affective neuroscience, Emotions",7.0,https://scholar.google.com/citations?hl=en&user=RzAWd6MAAAAJ
Abhishek K. Jha,Indian Institute of Technology Kanpur,"MHD, CFD, Solar Physics, Complex Systems",7.0,https://scholar.google.com/citations?hl=en&user=hB6SNYwAAAAJ
sadbodh sharma,IIT Kanpur,"Computer Vision, Remote Sensing, Robotics, Machine Learning",6.0,https://scholar.google.com/citations?hl=en&user=7m4MDuYAAAAJ
yogesh darmwal,IIT Kanpur,"manifold optimization, Large scale machine learning, Information theory",6.0,https://scholar.google.com/citations?hl=en&user=ANNquHoAAAAJ
Moiz Ali Syed,IIT kanpur,"Operations Research, Optimization, Machine & Deep Learning, Data Science, MLOPs",6.0,https://scholar.google.com/citations?hl=en&user=KzYlW7UAAAAJ
Preeti Menghwani,"Indian Institute of Technology, Kanpur","Machine learning, Natural language processing",6.0,https://scholar.google.com/citations?hl=en&user=7orrtP8AAAAJ
Deepak Mahajan,"Undergraduate, IIT Kanpur",,6.0,https://scholar.google.com/citations?hl=en&user=1N4EHuEAAAAJ
Abhishek Dang,IIT Kanpur,"Type Theory, Programming Languages, Verification",6.0,https://scholar.google.com/citations?hl=en&user=3urz4FUAAAAJ
B. Anshuman,"Junior of Electrical Engineering, IIT Kanpur","Signal Processing, Cryptography, Computer Vision, ASR, Random Algorithms",6.0,https://scholar.google.com/citations?hl=en&user=9NTZAqoAAAAJ
Archana Kumari,"Visveswaraya Doctoral Fellow, Indian Institute of Technology Kanpur","Frequency Selective Surfaces, Metasurface Polarization Converters, Absorbers, Rasorbers",6.0,https://scholar.google.com/citations?hl=en&user=iy0LT1AAAAAJ
Saikat Majumder,"Indian Institute of Technology, Kanpur","Robot Manipulator, Robotics, Reinforcement Learning",6.0,https://scholar.google.com/citations?hl=en&user=Kf0VMisAAAAJ
Aakash,Indian Institute of Technology Kanpur,"Robotics, Cyber-Physical Systems",6.0,https://scholar.google.com/citations?hl=en&user=hlc_zV4AAAAJ
Dhuniraj Chettri,IIT Kanpur,Neurodevelopmental disorder,6.0,https://scholar.google.com/citations?hl=en&user=t47JHNUAAAAJ
Sephora Jose,"Indian Institute of Technology, Kanpur, India","Dalit Studies, Culture Studies, Caste-slavery, Anti-caste movements",6.0,https://scholar.google.com/citations?hl=en&user=OeJxNKMAAAAJ
Kewal Anand,"FARE Fellow, Physics, Indian Institute of Technology Kanpur, India","X-ray Binaries, General Relativity, AGN, Gravitational Waves, etc.",6.0,https://scholar.google.com/citations?hl=en&user=Y8k5XxMAAAAJ
Adrija Bose,"Master of Technology, Indian Institute of Technology- Kanpur","Cancer Biology, EMT, Metastasis, Chemoresistance, Cancer Therapy",6.0,https://scholar.google.com/citations?hl=en&user=bAvUQjcAAAAJ
Ashish Kumar Gupta,Department of Electrical Engineering Indian Institute of Technology Kanpur,"battery management systems, mean square error methods, neural nets, power engineering computing",6.0,https://scholar.google.com/citations?hl=en&user=XujUhU8AAAAJ
Annoy Sengupta,"FARE fellow, IIT Kanpur","Representation theory, category theory, model theory",6.0,https://scholar.google.com/citations?hl=en&user=-F2EoZUAAAAJ
Ratnesh Kushwaha,Indian Institute of Technology,"Geodesy, GNSS, Space Geodetic Techniques, Reference Frames, Horizontal Datums",6.0,https://scholar.google.com/citations?hl=en&user=iZSHEWoAAAAJ
Vijay Kumar Pandey,"Research scholor, IIT Kanpur, UP, INDIA","Computer vision, Artificial Intelligence, Robotics, Control theory",6.0,https://scholar.google.com/citations?hl=en&user=B1zScnAAAAAJ
Abin Thomas,"Lab of Neural Systems, Biological Sciences & Bioengineering, Indian Institute of Technology …","Neuroscience, Olfaction, Insect Olfaction, Mosquito, Aedes aegypti",6.0,https://scholar.google.com/citations?hl=en&user=GBy6uukAAAAJ
Chinmay Dharurkar,IIT Kanpur,"Linguistics, Sanskrit Pāṇinian Grammar, Mahābhārata, Sanskrit Epics",6.0,https://scholar.google.com/citations?hl=en&user=4N_KCdYAAAAJ
Vineet Kumar,IIT KANPUR,Electrochemical CO2 reduction,6.0,https://scholar.google.com/citations?hl=en&user=yUfGwNsAAAAJ
raghvi garg,"Assistant Professor, Indian Institute of Technology Kanpur",,6.0,https://scholar.google.com/citations?hl=en&user=d6fCh8UAAAAJ
Aakarsh Mishra,"Undergraduate, Indian Institute of Technology Kanpur",AI,6.0,https://scholar.google.com/citations?hl=en&user=iSyEXV4AAAAJ
Preeti Borkar,"Doctoral Candiate, IIT Kanpur",Climate Change Economics and Policy,6.0,https://scholar.google.com/citations?hl=en&user=c2eQbXAAAAAJ
Pankaj Mahawar,Indian Institute of Technology Kanpur,"Thin polymer films, X-ray scattering, AFM, Phase separation, Self-assembly",6.0,https://scholar.google.com/citations?hl=en&user=K8fK8Y4AAAAJ
Spandan Sahu,IIT KANPUR,"ROCK MECHANICS, PROBABILISTIC ROCK ENGINEERING, NUMERICAL MODELLING IN ROCK …",6.0,https://scholar.google.com/citations?hl=en&user=uYSxpqAAAAAJ
Satish Srivastava,IIT Kanpur,"Antennas, Microwave",6.0,https://scholar.google.com/citations?hl=en&user=Ubei4XUAAAAJ
Shruti Pandey,Indian Institute of Technology Kanpur,,6.0,https://scholar.google.com/citations?hl=en&user=YXufJRkAAAAJ
Shreya Pourush,Indian Institute of Technology Kanpur,"Phase Gradient Metasurfaces, Absorber, Metamaterial Antennas, MIMO Antennas",6.0,https://scholar.google.com/citations?hl=en&user=3-xQcuMAAAAJ
Ishwar Gupta,Indian Institute of Technology Kanpur,"Pervoskite, energy transfer, charge transfer, doping",6.0,https://scholar.google.com/citations?hl=en&user=v7rVpk8AAAAJ
Prakhar Agarwal,"Undergraduate, Indian Institute of Technology, Kanpur","System Security, Computer Architecture",5.0,https://scholar.google.com/citations?hl=en&user=UOGWQEwAAAAJ
Santhosh Kumar,Indian Institute of Technology Kanpur,linux kernel,5.0,https://scholar.google.com/citations?hl=en&user=BnVlexIAAAAJ
Rajneesh Kumar Yadav,"Indian Institute of Technology, Kanpur","DC Microgrid, Power Electronics, Digital Control, Optimal Control, Non-linear Control",5.0,https://scholar.google.com/citations?hl=en&user=zBI3K2oAAAAJ
Yashika Verma,IIT Kanpur,Computer Architecture,5.0,https://scholar.google.com/citations?hl=en&user=EnP0nOYAAAAJ
Sh. Francis Monsang,"Indian Institute of Technology Kanpur, India","Syntax, Language Structure, Language Variations, Tibeto-Burman Languages, South Asian Languages",5.0,https://scholar.google.com/citations?hl=en&user=YLMj_h4AAAAJ
Swastik Suman Behera,Indian Institute of Technology Kanpur,"Tectonics, Impact Geology",5.0,https://scholar.google.com/citations?hl=en&user=A32cSrsAAAAJ
Pranjal Pratap Dubey,"Senior Undergraduate, Indian Institute of Technology Kanpur",Deep Learning,5.0,https://scholar.google.com/citations?hl=en&user=2rIxw3UAAAAJ
Maniratnam Prakash,Indian Institute of Technology Kanpur,Environmental Engineering,5.0,https://scholar.google.com/citations?hl=en&user=F_B94PwAAAAJ
Munoon Jain,Indian Institute of Technology Kanpur,Cmos Image Sensor,5.0,https://scholar.google.com/citations?hl=en&user=Z7lVFhAAAAAJ
Ritesh Kumar Pandey,"FARE Fellow, IIT Kanpur",… theory of infinite dimensional Lie algebras,5.0,https://scholar.google.com/citations?hl=en&user=-FdZxgYAAAAJ
Rahul Jaiswal,Indian Institute of Technology Kanpur,"Aeroballistics, Flight Dynamics, High Speed Flow CFD",5.0,https://scholar.google.com/citations?hl=en&user=MiGlNUAAAAAJ
Shubham Verma,Indian Institute of Technology Kanpur,"Ancillary Services, Primary Frequency Response, Voltage Regulation, DERs",5.0,https://scholar.google.com/citations?hl=en&user=4QF13gEAAAAJ
Apratim Shukla,Indian Institute of Technology Kanpur,Statistics,5.0,https://scholar.google.com/citations?hl=en&user=BfBewOIAAAAJ
Ananya Parthapradip Mukherjee,"FARE Fellow|Ph. D.| Indian Institute of Technology, Kanpur","Gravity-Magnetic methods, Geothermal, Crustal studies",5.0,https://scholar.google.com/citations?hl=en&user=3ZT19QQAAAAJ
Avijit Maity,INDIAN INSTITUTE OF TECHNOLOGY KANPUR,"Metasurface, Nano-photonics, Opto-electronics",5.0,https://scholar.google.com/citations?hl=en&user=xYIcxCUAAAAJ
Saiful Islam,IIT Kanpur,Material Science,5.0,https://scholar.google.com/citations?hl=en&user=OsCNGHUAAAAJ
Tsewang Namgail,Indian Institute of Technology Kanpur,"Machine Learning, Deep Learning, Computer Vision",5.0,https://scholar.google.com/citations?hl=en&user=0Q0at7gAAAAJ
Murli Manohar,"Fellowship for Academic and Research Excellence, Department of MSE, IIT Kanpur","Functional Biomaterials, Tissue Engineering, Regenerative Medicine, Spark Plasma Sintering, Coatings",5.0,https://scholar.google.com/citations?hl=en&user=KTO9P4cAAAAJ
Dr. Raju Dey,Indian Institute of Technology Kanpur,"Statistical Inference, Order-restricted Hypotheses, Multivariate Statistics, Overlap Measures",5.0,https://scholar.google.com/citations?hl=en&user=aiy7YD0AAAAJ
Raviteja Chaganti,Indian Institute of technology Kanpur,"AI, uncertainity estimation",5.0,https://scholar.google.com/citations?hl=en&user=_2lmK1kAAAAJ
KSHITIZ CHANDRA ACHARYA,Indian Institute Of Technology (IIT) Kanpur,,5.0,https://scholar.google.com/citations?hl=en&user=xDwy8ssAAAAJ
Anurag Sharma,"Indian Institute of Technology, Kanpur",,4.0,https://scholar.google.com/citations?hl=en&user=AR4lta0AAAAJ
Amit Radha Krishna Nigam,"IITK, MIET, IGNOU","Quantum Computing, Cryptography, Philosophy",4.0,https://scholar.google.com/citations?hl=en&user=ICTgtAsAAAAJ
Akanchha Agarwal,IIT Kanpur,"Control System, Microgrids, Cooperative Control, AC Microgrids",4.0,https://scholar.google.com/citations?hl=en&user=ng9WbIQAAAAJ
Rupesh Kumar,IIT Kanpur,"Image processing, Video processing, Computer Vision, Machine Learning",4.0,https://scholar.google.com/citations?hl=en&user=JvqrOxwAAAAJ
Harish Balakrishnan,Indian Institute of Technology Kanpur,"Cognitive Science, Machine Learning, Artificial Intelligence, Bayesian Modelling",4.0,https://scholar.google.com/citations?hl=en&user=MX7_9YcAAAAJ
Digvijay Singh,IIT Kanpur,"Satellite Gravimetry, Geodesy, Remote Sensing, GIS",4.0,https://scholar.google.com/citations?hl=en&user=Egl_q1YAAAAJ
Shreenaga Chikoti,Indian Institute of Technology Kanpur,,4.0,https://scholar.google.com/citations?hl=en&user=_RviRKIAAAAJ
Abhishek kumar,"Ansys , IIT Kanpur","Microwave, Sensors, AMC",4.0,https://scholar.google.com/citations?hl=en&user=QUZsV8wAAAAJ
Indrajit Ghosh,"Institute Postdoc Fellow, Indian Institute of Technology Kanpur","Operator Algebras, von Neumann Algebras",4.0,https://scholar.google.com/citations?hl=en&user=6rwt6vAAAAAJ
Athul CN,"Project Associate 1, Indian Institute of Technology (IIT) Kanpur","Cosmology, General Relativity",4.0,https://scholar.google.com/citations?hl=en&user=rsOrl-wAAAAJ
Vartika Narayani Srinet,IIT Kanpur,"Assistive Robotics, Human-Robot Interaction, Affective Computing",4.0,https://scholar.google.com/citations?hl=en&user=yZjtd_cAAAAJ
Ritwik Shankar,Undergraduate @IIT KANPUR,"Controls, Autnomous vehicles/systems, Reinforcement Learning, Aeromechanics",4.0,https://scholar.google.com/citations?hl=en&user=xjM3oiEAAAAJ
Anirban Dey,"Indian Institute of Technology, Kanpur",Power Electronics,4.0,https://scholar.google.com/citations?hl=en&user=rv_phkIAAAAJ
Abhishek Kumar,Indian Institute of Technology Kanpur,"Economics, Development Economics, Public Economics, Environmental Economics",4.0,https://scholar.google.com/citations?hl=en&user=tXieA7IAAAAJ
Phani Kumar Kakaraparthi,Researcher from IIT Kanpur,Civil Engineering,4.0,https://scholar.google.com/citations?hl=en&user=8F2IUi0AAAAJ
Ajay Kumar,IIT Kanpur,"Soft Matter, Gel-Spinning, Electro-Spinning, MD Simulations, Polymer Tribology and  Composites.",4.0,https://scholar.google.com/citations?hl=en&user=RD3e7zsAAAAJ
dipil dileep,"Indian Institute of Technology, Kanpur","Dark Patterns, UX Ethics and Digital Regulation, Systems Thinking, Interaction Design",4.0,https://scholar.google.com/citations?hl=en&user=vSrrDnsAAAAJ
Anjali Negi,Indian Institute of Technology Kanpur,Theoretical and computational chemistry,4.0,https://scholar.google.com/citations?hl=en&user=qJcwy2EAAAAJ
Akhouri Prateek Sinha,IIT Kanpur,"Power Electronics, Wireless Power Transfer, EV chargers",4.0,https://scholar.google.com/citations?hl=en&user=b7BgbyEAAAAJ
satyendra soni,"Project Associate, IIT Kanpur",Molecular Dynamics and Simulations,3.0,https://scholar.google.com/citations?hl=en&user=XJwMQ2MAAAAJ
Shushant singh,"Research Associate, Indian Institute of Technology Kanpur, India","seismology, geomechanics",3.0,https://scholar.google.com/citations?hl=en&user=OKiorycAAAAJ
Surabhi Sharman,IIT Kanpur,History of Art,3.0,https://scholar.google.com/citations?hl=en&user=6Ra1MvUAAAAJ
Arpit Gupta,Indian Institute of Technology Kanpur,"Computer Architecture, Operating Systems",3.0,https://scholar.google.com/citations?hl=en&user=7caqBLUAAAAJ
Rahul Panth,"Indian Institute of Technology, Kanpur","Electrocatalyst, Heterogeneous catalyst",3.0,https://scholar.google.com/citations?hl=en&user=_UGkswwAAAAJ
Wrivu Sanyal,"Post graduate researcher, IIT Kanpur","Optical communication networks, DSP algorithms, Long-haul communication",3.0,https://scholar.google.com/citations?hl=en&user=FOhb1HUAAAAJ
Naman Jain,"Indian Institute of Technology, Kanpur","Computer Systems, Algorithms",3.0,https://scholar.google.com/citations?hl=en&user=HCKU20sAAAAJ
Shivam Malhotra,"Indian Institute of Technology, Kanpur",Artificial Intelligence,3.0,https://scholar.google.com/citations?hl=en&user=xGMfZpUAAAAJ
RANDEEP KUMAR SAHU,IIT Kanpur,Machine Learning and Cyber Security,3.0,https://scholar.google.com/citations?hl=en&user=inHOH-AAAAAJ
Tapas Rath,"Indian Institute of Technology, Kanpur","Cognitive Science, Decision-Making, Computational Modeling",3.0,https://scholar.google.com/citations?hl=en&user=1Nt9zTUAAAAJ
Shiladitya Bose,IIT Kanpur,"Applied Statistics, Extreme Value Theory, Bayesian Analysis, Machine Learning",3.0,https://scholar.google.com/citations?hl=en&user=fQIDKOMAAAAJ
malay garg,IIT Kanpur,general relativity,3.0,https://scholar.google.com/citations?hl=en&user=yx2XvZMAAAAJ
Arunabh Deka,Indian Institute of Technology Kanpur,,3.0,https://scholar.google.com/citations?hl=en&user=4JPY0pMAAAAJ
Anadi Agnihotri,IIT kanpur,"Non-Linear Optics, Photon Pair Generation, Four Wave mixing",3.0,https://scholar.google.com/citations?hl=en&user=HraQst8AAAAJ
Akarsh Raj,"BT-MT  Mechanical Engineering, Indian Institute of Technology Kanpur","Solid Mechanics, Selender Structures",3.0,https://scholar.google.com/citations?hl=en&user=Mx01WQMAAAAJ
Gulnaz Parween,"Indian Institute of Technology, Kanpur","Low temperature solder, Mechanical behavior, Nano-twinned Copper",3.0,https://scholar.google.com/citations?hl=en&user=Jzz31nUAAAAJ
Deeksha,Indian Institute of Technology Kanpur,Development Economics,3.0,https://scholar.google.com/citations?hl=en&user=l765T_0AAAAJ
Pariz Pikul Gogoi,Indian Institute of Technology Kanpur,"Sociology of disability, Critical disability studies",3.0,https://scholar.google.com/citations?hl=en&user=wob_ODcAAAAJ
Ashis Pradhan,IIT KANPUR,Electricity Markets,3.0,https://scholar.google.com/citations?hl=en&user=_VyekpEAAAAJ
Afjal Ansari,Research Associate at IIT Kanpur,"Bioremediation, Wastewater treatment, MFC, Nano materials",3.0,https://scholar.google.com/citations?hl=en&user=Lbqmgo4AAAAJ
Harshit Kumar Sharma,Indian Institute of Technology Kanpur,"Macroeconomics, Banking and Finance, Complex Network Analysis",3.0,https://scholar.google.com/citations?hl=en&user=x7m4elQAAAAJ
Deepa Ajnar,"Department of Biological Sciences and Bioengineering , IIT Kanpur","Autophagy, Cell Biology, Molecular Biology, Cancer Biology",3.0,https://scholar.google.com/citations?hl=en&user=r5OIzm0AAAAJ
Prathamesh Deepak Ladhe,"Materials Science and Engineering & Electrical Engineering, Indian Institute of Technology …",,3.0,https://scholar.google.com/citations?hl=en&user=pLFJNroAAAAJ
Ashish Kumar,"Indian Institute of Technology, Kanpur","Metabolism, Obesity, Diabetes, Islet Biology, GPCRs",3.0,https://scholar.google.com/citations?hl=en&user=ZkzHKlEAAAAJ
Tejas Gupta,"Post Doc Researcher, IIT Kanpur",,3.0,https://scholar.google.com/citations?hl=en&user=WXA0jDcAAAAJ
Prakash Nainwal,"Postdoctoral Fellow (FARE), IIT Kanpur","Numerical analysis and scientific computing, Approximation Theory, High-Order method",3.0,https://scholar.google.com/citations?hl=en&user=TmWPbMsAAAAJ
Trishala Giri,Indian Institute of Technology kanpur,"synthetic chemistry, Nitrogen-rich heterocyclic molecules",3.0,https://scholar.google.com/citations?hl=en&user=JnbR8FIAAAAJ
Anupamaraj Kizhakke Purayil,Indian Institute of Technology Kanpur,"Electrocatalysis, Photocatalysis, Photo-electro, Emerging Pollutants, Water Splitting",3.0,https://scholar.google.com/citations?hl=en&user=kjsU4ykAAAAJ
Puspendu Adhikari,Indian Institute of Technology Kanpur,"Human Factors, Safety, Ergonomics, Industrial Design",3.0,https://scholar.google.com/citations?hl=en&user=F6CaFJIAAAAJ
Pratik Sharma,Indian Institute of Technology Kanpur,"Smart Grid, PMU, Cyber Security, Cyber Physical System",3.0,https://scholar.google.com/citations?hl=en&user=Dn7yEdcAAAAJ
Laraib Akhtar,IIT Kanpur,"Porous Organic Polymer, Photocatalysis",3.0,https://scholar.google.com/citations?hl=en&user=MYdMp9IAAAAJ
Gunvir Singh Walia,Indian Institute of Technology Kanpur,"combustion, turbulence, compressible flows, CFD",3.0,https://scholar.google.com/citations?hl=en&user=ugvZnQ4AAAAJ
Anasmita Ghoshal,Indian Institute Of Technology Kanpur,"Human-Computer Interaction, Responsible AI, Participatory Design",3.0,https://scholar.google.com/citations?hl=en&user=4LqyFrMAAAAJ
Janvi,IIT Kanpur,Batteries,3.0,https://scholar.google.com/citations?hl=en&user=NjiLfVcAAAAJ
Nagendra Kumar Singh,"Project Engineer, Indian Institute of Technology Kanpur","Web based Application, network",2.0,https://scholar.google.com/citations?hl=en&user=PMnz9tgAAAAJ
Prachi Choubey,IIT Kanpur,"EMI/EMC, Microwave and RF, Magnonics, Metamaterials",2.0,https://scholar.google.com/citations?hl=en&user=2SDAOJ4AAAAJ
Swapnil Raykar,IIT Kanpur,"Computer Architecture, Operating Systems",2.0,https://scholar.google.com/citations?hl=en&user=4hDQkmkAAAAJ
Mr. PRASHANT SHIRKE,Sr. Project Associate @ IIT Kanpur,"Automation, Instrumentation, Embedded Electronics",2.0,https://scholar.google.com/citations?hl=en&user=9VjEcOIAAAAJ
Aalap Shah,Indian Institute of Technology Kanpur,"Robotics, Motion Planning, Computer Vision, Automotive, Power Electronics",2.0,https://scholar.google.com/citations?hl=en&user=jx7Uj5YAAAAJ
Bhanu Prakash Ankoju,IIT Kanpur,,2.0,https://scholar.google.com/citations?hl=en&user=F5wV9MEAAAAJ
Ayushi Dube,"Doctoral Graduate, Humanities and Social Sciences Dept., Indian Institute of Technology …","Law and Society, Sociology of Inheritance, Law and Gender, Law and Religion, Policing",2.0,https://scholar.google.com/citations?hl=en&user=E_e3t7gAAAAJ
Owees Rashid,Doctoral candidate Indian Institute of Technology kanpur,"Conceptual Hydrological Modelling, Hydrological recession flow, Bayesian statistics",2.0,https://scholar.google.com/citations?hl=en&user=RKjfBuoAAAAJ
Hargungeet Singh,"Assistant Professor, Indian Institute of Technology Kanpur","Economics, Finance",2.0,https://scholar.google.com/citations?hl=en&user=M94qXe8AAAAJ
Vikas Prajapati,Indian Institute of Technology Kanpur,"Constitutive Modelling, Numerical Modelling, Unsaturated Soil Mechanics",2.0,https://scholar.google.com/citations?hl=en&user=ldi4_TYAAAAJ
Piyush Beegala,Indian Institute of Technology Kanpur,Post Quantum Cryptography,2.0,https://scholar.google.com/citations?hl=en&user=0Y2iCn0AAAAJ
Priyajit Tudu,IIT Kanpur,"Bioinorganic Chemistry, Inorganic synthesis",2.0,https://scholar.google.com/citations?hl=en&user=M_LhuyAAAAAJ
Vaibhav Sharma,"Indian Institute of Technology, Kanpur","High Energy Astrophysics, X-ray Binaries",2.0,https://scholar.google.com/citations?hl=en&user=Zo07QS8AAAAJ
Deepak B Hegde,Indian Institute of Technology Kanpur,"High Performance Computing, Parallel computing, Distributed systems",2.0,https://scholar.google.com/citations?hl=en&user=pqOLGEYAAAAJ
Biswanath Maharana,"Indian Institute of Technology, Kanpur","Oxide 2DEG, Spintronics, SOT, Thin film Device, Ferromagnetism",2.0,https://scholar.google.com/citations?hl=en&user=zq3rmV8AAAAJ
Siddhant Jakhotiya,IIT Kanpur,,2.0,https://scholar.google.com/citations?hl=en&user=oasminEAAAAJ
Abhijeet Kishore,Indian Institute of Technology Kanpur,"Theoretical Physics, Lattice QCD",2.0,https://scholar.google.com/citations?hl=en&user=8tXcmIoAAAAJ
T. Ravichandran,"Professor of English, Department of Humanities and Social Sciences, IIT Kanpur","Literature and the environment, Posthumanism, Ecocriticism, Climate Fiction and Films, Anthropocene",2.0,https://scholar.google.com/citations?hl=en&user=uFG1TlwAAAAJ
MI Mazhari,"Indian Institute of Technology, Kanpur","Open Quantum Systems, Quantum Optics, Quantum Metrology, Condensed Matter Physics",2.0,https://scholar.google.com/citations?hl=en&user=DScAaXMAAAAJ
Suraj Kumar,"Indian Institute of Technology Kanpur, India","Attention, Consciousness, Cognition, Language, Perception",2.0,https://scholar.google.com/citations?hl=en&user=bl33-EAAAAAJ
Harsh Bihany,Indian Institute of Technology Kanpur,"NLP, LLMs, PEFT, Distributed Systems",2.0,https://scholar.google.com/citations?hl=en&user=SJT6Ng8AAAAJ
Harshvardhan Singh,IIT Kanpur,,2.0,https://scholar.google.com/citations?hl=en&user=nCBlMPAAAAAJ
Neetu Singh,IIT kanpur,"cognitive psychology, Self prioritization effect, cognition, emotion recognition, EEG",2.0,https://scholar.google.com/citations?hl=en&user=UdlnMx0AAAAJ
Adarsh Pandey,Indian Institute of Technology Kanpur,"general relativity, Astrophysics",2.0,https://scholar.google.com/citations?hl=en&user=_-_YD3UAAAAJ
Rupam Dey,"Department of Physics, Indian Institute of Technology, Kanpur","membrane biophysics, MD simulation, membrane remodeling, enhanced sampling",2.0,https://scholar.google.com/citations?hl=en&user=0rLcYcwAAAAJ
Dinesh Durai,Indian Institute of Technology Kanpur,"Combustion, Propulsion, High speed flows",2.0,https://scholar.google.com/citations?hl=en&user=jE4-DjEAAAAJ
PROSANTA MANDAL,IIT Kanpur,"Non-equilibrium Statistical Physics, Evolutionary Game Theory, Complex Systems, Stochastic Processes",2.0,https://scholar.google.com/citations?hl=en&user=IkESrGgAAAAJ
Shiv Kumar,"Indian Institute of Technology, Kanpur","Combustion, Reacting flow, Aerodynamics, CFD",2.0,https://scholar.google.com/citations?hl=en&user=uxNCcVAAAAAJ
Nisha Mishra,Indian Institute of Technology Kanpur,"Development Economics, Health Economics, Applied Econometrics, Impact Evaluation",2.0,https://scholar.google.com/citations?hl=en&user=Gpe092EAAAAJ
Shamshul Huda,Indian Institute of Technology Kanpur,"Gene therapy, hemophilia, ocular disorder, AAV",2.0,https://scholar.google.com/citations?hl=en&user=sLfg6h4AAAAJ
Aditya Vikram,"Assistant Professor, Dept of Economic Sciences, IIT Kanpur","mechanism design, auction theory",1.0,https://scholar.google.com/citations?hl=en&user=UeGMrP8AAAAJ
Deepak Kumar Singh,"Masters, Indian Institute of Technology",nanowires,1.0,https://scholar.google.com/citations?hl=en&user=MU5BDb8AAAAJ
Debarsho Sannyasi,"Undergraduate at Dept. of CSE, Indian Institute of Technology Kanpur","Data Structures and algorithms, combinatorics, graph theory",1.0,https://scholar.google.com/citations?hl=en&user=ozkFXZUAAAAJ
Soumya Sur,"Indian Institute of Technology, Kanpur","Strongly Correlated Electrons, Quantum Spin Liquids, Topological Order",1.0,https://scholar.google.com/citations?hl=en&user=_xMQdDMAAAAJ
Aman Kumar Singh,Indian Institute of Technology Kanpur,"Mobile Laser Scanning, LiDAR, Point Clouds, Motion-Induced Distortions",1.0,https://scholar.google.com/citations?hl=en&user=jQvWPfkAAAAJ
Harshit Rathore,Indian Institute of Technology Kanpur,Analog circuit design,1.0,https://scholar.google.com/citations?hl=en&user=lnQJVyIAAAAJ
Vatsalya Tandon,"Senior Undergraduate, IIT Kanpur","Machine Learning, Artificial Intelligence",1.0,https://scholar.google.com/citations?hl=en&user=8lMAb6gAAAAJ
Mriganka Chakravarty,"Indian Institute of Technology, Kanpur",System Security,1.0,https://scholar.google.com/citations?hl=en&user=QEFaoAoAAAAJ
Deepesh lall,Under-Graduate IIT Kanpur,"Machine Learning, Artificial Intelligence, Operating Systems, Networking, Algorithms",1.0,https://scholar.google.com/citations?hl=en&user=3-SVGtUAAAAJ
KV Nageswar,Indian Institute of Technology Kanpur,Ion Channel Sructure and Function,1.0,https://scholar.google.com/citations?hl=en&user=hXrhwjAAAAAJ
Shubham Keshri,Indian Institute of Technology Kanpur,"Production Scheduling, Multi-Objective",1.0,https://scholar.google.com/citations?hl=en&user=vACuxlsAAAAJ
Uttam Kumar,"PDF, IIT Kanpur","Nonlinear Analysis, Elliptic partial differential equations",1.0,https://scholar.google.com/citations?hl=en&user=y1runxUAAAAJ
Ankit Kumar,"Library Trainee at PK Kelkar Library, Indian Institute of Technology Kanpur",,1.0,https://scholar.google.com/citations?hl=en&user=K8UeFskAAAAJ
Mansi Sharma,"BSBE, IIT Kanpur",Membrane proteins structure and function,1.0,https://scholar.google.com/citations?hl=en&user=VRl7-IIAAAAJ
Praveen K. Nuvvula,Master's degree from IIT Kanpur,Scientific Computing,1.0,https://scholar.google.com/citations?hl=en&user=VTg8UsAAAAAJ
Himalay Bhakhar,"Post doctoral fellow, Indian Institute of Technology, Kanpur","Environmental science, Air pollution, Climate change, Health Impact",1.0,https://scholar.google.com/citations?hl=en&user=emc7-bcAAAAJ
Rijin Rajan,"Doctoral Candidate, IIT Kanpur","Experimental Aerodynamics, Physics of Fluids, Vortex Dynamics, Heat Transfer, Micro-channel flow",1.0,https://scholar.google.com/citations?hl=en&user=lUdZ6uAAAAAJ
Vinod Naik Bhukya,Indian Institute of Technology Kanpur,Spintronics,1.0,https://scholar.google.com/citations?hl=en&user=i7-X_aQAAAAJ
Ajit Kumar,IIT KANPUR,"Renewable energy storage, Multi effect Distillation, Heat Transfer, Computational Fluid Dynamics.",1.0,https://scholar.google.com/citations?hl=en&user=EmQ9wIEAAAAJ
Manish Kumar Gupta,Indian Institute of Technology Kanpur,"smart grid, smart city, cyber security, IoT, ML",1.0,https://scholar.google.com/citations?hl=en&user=P6QqdpQAAAAJ
Ankush Khandare,Indian Institute of Technology Kanpur,"Propulsion, Neural Network",1.0,https://scholar.google.com/citations?hl=en&user=ALiLzVQAAAAJ
Shashank Mani Gautam,"Project Engineer, IIT Kanpur","Mobile Robotics, Manipulator",1.0,https://scholar.google.com/citations?hl=en&user=RcWtiNwAAAAJ
Angana Das,"Indian Institute of Technology, Kanpur","postcolonial studies, literatures of Africa and the African diaspora, feminist theory, film studies",1.0,https://scholar.google.com/citations?hl=en&user=lp5Qr4UAAAAJ
Dr. Shambhavi Dube,Indian Institute of Technology Kanpur,"Structural Engineering, Bridge Engineering, Earthquake Engineering",1.0,https://scholar.google.com/citations?hl=en&user=MlgSx4MAAAAJ
Mihir Mittal,IIT Kanpur,combinatorics,1.0,https://scholar.google.com/citations?hl=en&user=XnP3GWIAAAAJ
Keziah Elizabeth George,IIT Kanpur,Control Systems,1.0,https://scholar.google.com/citations?hl=en&user=3bxgTq8AAAAJ
Bhaskar Lal Das,"Indian Institute of Technology, Kanpur","VLSI, AI, ML, LLM, Optimisation",1.0,https://scholar.google.com/citations?hl=en&user=uVGR0w8AAAAJ
Athar Nazir Sofi,"Indian Institute of Technology Kanpur, India","Massive MIMO, Energy Efficiency, NOMA, UAV communication",1.0,https://scholar.google.com/citations?hl=en&user=--cF8OgAAAAJ
Avinaba Singha Roy,Doctoral Candidate in Indian Institute of Technology Kanpur,"Political economy, Urban governance, Economic Sociology, Ethnography",1.0,https://scholar.google.com/citations?hl=en&user=dpohBpgAAAAJ
Chhavi Shukla,Indian Institute of Technology Kanpur,"Transport Phenomena, Fluid flow behavior, HTL, Biofuel",1.0,https://scholar.google.com/citations?hl=en&user=b0Dpu-MAAAAJ
Sonam Patel,IIT Kanpur,,1.0,https://scholar.google.com/citations?hl=en&user=Bm8964kAAAAJ
Raima Ghatak,"Indian Institute of Technology, Kanpur","Climate Change, Just Transition, Development",1.0,https://scholar.google.com/citations?hl=en&user=6C8LduIAAAAJ
Subhadip Pal,"Dept. of Physics, IIT Kanpur","Exoplanet Atmosphere, Solar Magnetic Flux Transport",1.0,https://scholar.google.com/citations?hl=en&user=nQNTTU4AAAAJ
Samarth Sharma Bhardwaj,IIT Kanpur,"VLSI, SoC Design",1.0,https://scholar.google.com/citations?hl=en&user=WJ6ce7MAAAAJ
Priya,Indian Institute of Technology Kanpur,Computational Biology,1.0,https://scholar.google.com/citations?hl=en&user=n2IYi9gAAAAJ
P. Sai Shruti Rao,Indian Institute of Technology Kanpur,"Biomedical optics, Optical lens design, Biophotonics, Fiber Optics, Fluorescence detection",1.0,https://scholar.google.com/citations?hl=en&user=fpey2ZgAAAAJ
Basit Gulzar Sheikh,"Research Associate, IIT Kanpur","Hypersonic Aerothermodynamics, Gas-Surface Interactions, Thermal Protection Systems, Rocket Nozzles",1.0,https://scholar.google.com/citations?hl=en&user=RGmdaQwAAAAJ
Arpan Manna,IIT Kanpur,Condensed Matter Physics,1.0,https://scholar.google.com/citations?hl=en&user=tLNzsCEAAAAJ
Pradeep Kumar K,IIT KANPUR,"quantum key distribution, quantum optics, fiber optics, nonlinear optical signal processing",,https://scholar.google.com/citations?hl=en&user=Fp7hfkYAAAAJ
Pankaj Prateek Kewalramani,"Indian Institute of Technology, Kanpur",,,https://scholar.google.com/citations?hl=en&user=YMiruuQAAAAJ
Prashant K. Bhattacharya,Indian Institute of Technology Kanpur,"Membrane separation, Environmental pollution, Design and simulation",,https://scholar.google.com/citations?hl=en&user=INZH-QoAAAAJ
ravi srivastava,"Senior Research Fellow, Indian Institute of Technology Kanpur","Photovoltaic Materials, Nanomaterials, Electronic Materials",,https://scholar.google.com/citations?hl=en&user=t2WdlSMAAAAJ
Raghav Gupta,"Department of Mechanical Engineering, IIT Kanpur",,,https://scholar.google.com/citations?hl=en&user=FFbXZwsAAAAJ
Naveen Meena,"B Tech Aerospace Engineering, Indian Institute of Technology Kanpur","Design of Aerospace Structures, Finite Element Method",,https://scholar.google.com/citations?hl=en&user=Ih8YUk4AAAAJ
Vidya Mohan,IIT Kanpur,Computer Vision and Image processing,,https://scholar.google.com/citations?hl=en&user=7RGnnawAAAAJ
Udit Singh,"Process Engineer, GreEngine Pvt Ltd., IIT Kanpur","Carbon Sequestration using Microalgae, Solid waste Management, Air Pollution, Source and receptor air pollution modelling …",,https://scholar.google.com/citations?hl=en&user=blb3MrsAAAAJ
sourav dutta,"IITKanpur, Design",exploring yoga and design,,https://scholar.google.com/citations?hl=en&user=iKlNHewAAAAJ
Nishant Agarwal,"Project Engineer, Biomedical Research Lab., Indian Institute of Technology Kanpur, INDIA","Assistive Technology, Affordable Prostheses, Biomedical Product Development, Manufacturing Sciences",,https://scholar.google.com/citations?hl=en&user=qqFj8O8AAAAJ
RONALD JOSEPH,IIT Kanpur,"Robotics and Automation, Computer Vision, Sensors",,https://scholar.google.com/citations?hl=en&user=dcIZXKoAAAAJ
Shyam Gole,IITK,"Data Science, Machine Learning",,https://scholar.google.com/citations?hl=en&user=k0Iyr88AAAAJ
Ragavendiran Muniyammal,"Department of Aerospace Engineering, Indian Institute of Technology Kanpur","Computational & Experimental fluid dynamics, Bubbles and Drops, Flow instability",,https://scholar.google.com/citations?hl=en&user=14eNhXIAAAAJ
Brishti Sen Banerjee,"Indian Institute of Technology, Kanpur",Economic Sociology,,https://scholar.google.com/citations?hl=en&user=GsnD6ZIAAAAJ
Sagar Ghosal,"Junior Research Fellow, IIT Kanpur","Aerial Robotics, Unmanned Aerial Vehicles, Machine Vision",,https://scholar.google.com/citations?hl=en&user=4IVfdAoAAAAJ
Arti Agarwal,IIT Kanpur,"Environmental Economics, Natural Resource Economics, Design for Sustainability",,https://scholar.google.com/citations?hl=en&user=nPaq4qkAAAAJ
Md Shahid Iqbal Ansari,"Researcher, IIT Kanpur","Remote Sensing, GNSS Reflectometry, Signal Processing, UAV, Geodesy",,https://scholar.google.com/citations?hl=en&user=dnc5gCcAAAAJ
Aman Patel,Indian Institute of Technology Kanpur,Control Theory,,https://scholar.google.com/citations?hl=en&user=UsusZuEAAAAJ
NITYA DUBEY,"Project associate, Indian Institute of technology, Kanpur","Chemistry, Biochemistry, Analytical Chemistry",,https://scholar.google.com/citations?hl=en&user=R0I1-CMAAAAJ
Supriya Bajpai,Indian Institute of Technology,"Philosophy of mind, Philosophy of science, Cognitive Science",,https://scholar.google.com/citations?hl=en&user=U2YnV5sAAAAJ
Sonalika Srivastava,Indian Institute of Technology Kanpur,"Flow Separation, Instability, Transition, Turbulence, CFD",,https://scholar.google.com/citations?hl=en&user=FMnZsQUAAAAJ
Tiasa Bal,Indian Institute of Technology Kanpur,"Holocaust studies, Genocide studies, Memory studies",,https://scholar.google.com/citations?hl=en&user=CDfwf5AAAAAJ
Ganesh Bharate,Indian Institute of Technology Kanpur,Philosophy,,https://scholar.google.com/citations?hl=en&user=eonX-I0AAAAJ
Dr. Gunjan Bharti,Indian Institute of Technology Kanpur,"ITS, VANET, Smart Mobility, Connected Vehicles",,https://scholar.google.com/citations?hl=en&user=4vDOmZYAAAAJ
Soumik Das,"Indian Institute of Technology, Kanpur","MCDM, IoT",,https://scholar.google.com/citations?hl=en&user=npsOjtcAAAAJ
Ritick Gupta,"Final Year Undergraduate, IIT Kanpur","Control Systems, Unicycle Trajectories",,https://scholar.google.com/citations?hl=en&user=byBxfZAAAAAJ
Ibaad Anwar,Indian Institute of Technology Kanpur,"Low-cost GNSS, Parameter Estimation",,https://scholar.google.com/citations?hl=en&user=nQzFHz4AAAAJ
dharambir poddar,Indian Institute of Technology Kanpur,"Aerodynamics, Reinforcement Learning, AI, ML",,https://scholar.google.com/citations?hl=en&user=hsdrPNAAAAAJ
Abhimanyu Sethia,Indian Institute of Technology Kanpur,"Statistics, Machine Learning",,https://scholar.google.com/citations?hl=en&user=tIzTgusAAAAJ
Kanchan M. Singh,"FARE Fellowship Post Doctarate ,IIT Kanpur","SHM, NDE, Fatigue and fracture mechanics, Optical fiber, Corrosion",,https://scholar.google.com/citations?hl=en&user=y5o4KJkAAAAJ
Ankita Sharma,Indian Institute of Technology Kanpur,,,https://scholar.google.com/citations?hl=en&user=4EHzRfEAAAAJ
Aditya Yadav,Indian institute of technology Kanpur,"Concentrated Solar power, Heat transfer, renewable energy, Cavity receiver, Ray tracing",,https://scholar.google.com/citations?hl=en&user=KPDYEXsAAAAJ
Ayush Gupta,"Master's, Indian Institute of Technology Kanpur","Geochemistry, Experimental Petrology, Planetary Chemistry",,https://scholar.google.com/citations?hl=en&user=_t2Oyv0AAAAJ
S. Uma maheswara rao,IIT Kanpur,Vadosezone Hydrology,,https://scholar.google.com/citations?hl=en&user=-zjLN50AAAAJ
Yash Raj Verma,Indian Institute of Technology Kanpur India,Applied Generative AI,,https://scholar.google.com/citations?hl=en&user=cYbXlz8AAAAJ
Provati Sutradhar,IIT Kanpur,"spacecraft, linear and nonlinear dynamics, control system",,https://scholar.google.com/citations?hl=en&user=rDrksqwBug8C
Abhishek Rai,IIT Kanpur,Signal processing,,https://scholar.google.com/citations?hl=en&user=gUQAZ6UAAAAJ
Pratham Sahu,IIT Kanpur,"Computer Systems, HPC",,https://scholar.google.com/citations?hl=en&user=3fYJZS8AAAAJ
Peerzada Abdul Maajid Parsa,Indian Institute of Technology Kanpur,"Molecular Biophysics, Structural Biology, Genomics",,https://scholar.google.com/citations?hl=en&user=sNAIuO4AAAAJ
Ritu Singh,FARE fellow at the Indian Institute of Technology Kanpur,"Political Economy of Energy, Geoeconomics, Applied Machine Learning, Power System Economics",,https://scholar.google.com/citations?hl=en&user=8OTj8RkAAAAJ
Anna David Thottappilly,"Assistant Professor of Economic Sciences, Indian Institute of Technology Kanpur","Agriculture Economics, Health Economics, Climate Change, Nutrition, Development",,https://scholar.google.com/citations?hl=en&user=fxU6fGAAAAAJ
Shaurya Singh,"Department of Mechanical Engineering, Indian Institute of Technology Kanpur","soft robotics, compliant mechanisms, healthcare robots, underactuated control, HMI",,https://scholar.google.com/citations?hl=en&user=JRD2nccAAAAJ
Ritesh Baviskar,Indian Institute of Technology Kanpur,"NLP, ML, LLMs",,https://scholar.google.com/citations?hl=en&user=l9RR5JAAAAAJ
Sreesanker,BS-MS IIT Kanpur,2-D Materials,,https://scholar.google.com/citations?hl=en&user=xpJSrA0AAAAJ
Raghav Karan,Indian Institute of Technology Kanpur,,,https://scholar.google.com/citations?hl=en&user=mDIQ36UAAAAJ
S. Raghvendra Rao,"Masters in communication systems, IIT Kanpur","Machine Learning, Reinforcement Learning signal processing …",,https://scholar.google.com/citations?hl=en&user=JGgEkzoAAAAJ
Anisha Ahuja,Indian Institute of Technology Kanpur,"Climate Change, Decarbonization, Sustainability",,https://scholar.google.com/citations?hl=en&user=yeEHYTgAAAAJ
Virendra Nishad,IIT Kanpur,Adversarial Machine Learning,,https://scholar.google.com/citations?hl=en&user=aAppCJIAAAAJ
Arveen Kaur,"Department of Biological Sciences and Bioengineering, Indian Institute of Technology …","Neurobiology, Disease Biology",,https://scholar.google.com/citations?hl=en&user=rzDvGlYAAAAJ
Pradeep M,Indian Institute of Technology,"Mathematical control theory, Nonlinear systems, Geometric control, Networked dynamical systems",,https://scholar.google.com/citations?hl=en&user=zXz4qfoAAAAJ
Jyoti,IIT Kanpur,Experimental Condensed matter physics,,https://scholar.google.com/citations?hl=en&user=2h6j6JwAAAAJ
Kokkonda Vikas,Indian Institute of Technology Kanpur,"Granular media, Impact mechanics, Dynamics, Waves and Vibration",,https://scholar.google.com/citations?hl=en&user=uIhBzxgAAAAJ
Priyanshu Priyanshu,Indian Institute of Technology Kanpur,"Decision Neuroscience, Affective and cognitive neuroscience, Computational psychiatry",,https://scholar.google.com/citations?hl=en&user=vg5wOuQAAAAJ
Swati Chandra,Indian Institute of Technology Kanpur,Archaeology,,https://scholar.google.com/citations?hl=en&user=WMkO5IQAAAAJ
Amruta Adbe,"Indian Institute of Technology, Kanpur",,,https://scholar.google.com/citations?hl=en&user=A8BdikcAAAAJ
Rakshita Deshmukh,Indian Institute of Technology Kanpur,Neuroscience,,https://scholar.google.com/citations?hl=en&user=OOCUfiEAAAAJ
Tushar Verma,Indian Institute of Technology Kanpur,"Experimental nuclear physics, Radiation detection",,https://scholar.google.com/citations?hl=en&user=5u-M92kAAAAJ
Rohan Singh,Indian Institute of Technology Kanpur,Solar Wind Turbulence,,https://scholar.google.com/citations?hl=en&user=WuJz4L8AAAAJ
Suraj Kumar,Indian Institute of Technology Kanpur,"Surface characteristics, Sensorial design, Surface integrity",,https://scholar.google.com/citations?hl=en&user=1nrNmrAAAAAJ
Parth Pandya,"Prime Minister's Research Fellow at Department of Physics, IIT Kanpur","Polymer physics, Soft condensed matter physics",,https://scholar.google.com/citations?hl=en&user=I96yeoIAAAAJ
Vishesh Kumar Singh,Mathematics and Scientific Computing Undergraduate at IIT Kanpur,"Machine Learning, Reinforcement Learning, Natural Language Processing, Computational Neuroscience",,https://scholar.google.com/citations?hl=en&user=2rK9odEAAAAJ
Shyam Sunder Lakesar,Indian Institute of Technology Kanpur,,,https://scholar.google.com/citations?hl=en&user=L5YkqRoAAAAJ
Ved Pravir,Indian Institute of Technology Kanpur,"Renewable Energy Resources, Solar MPPT, FPPT, Magnetics Design, Finite Element Method",,https://scholar.google.com/citations?hl=en&user=JD1UR6wAAAAJ
Ribhu Ghosh,IIT Kanpur,,,https://scholar.google.com/citations?hl=en&user=etGq3AMAAAAJ
Madan Mohan,"Indian Institute of Technology, Kanpur","Linguistics, Indo-Aryan Languages, Haryanvi, Morphosyntax, Tense Aspect Mood",,https://scholar.google.com/citations?hl=en&user=OS2BZ50AAAAJ
Tanishka Chavan,IIT Kanpur,"Systems Design, Human Machine Interaction",,https://scholar.google.com/citations?hl=en&user=M3BwLHgAAAAJ
Manas Kumar Pati,"Junior Research Fellow, Indian Institute of Technology Kanpur","Organic Functional Materials, Supramolecular Chemistry, Chemical Biology",,https://scholar.google.com/citations?hl=en&user=_blGe1gAAAAJ
Rahul Prati,"Researcher in 5G+, Indian Institute of Technology Kanpur","Wireless Communications, 5G, 6G, Cellular Communications, OFDM",,https://scholar.google.com/citations?hl=en&user=cX7dxEYAAAAJ
Aradhya Goel,"Indian Institute of Technology, Kanpur","Number Theory, Machine Learning, Artifical Intelligence",,https://scholar.google.com/citations?hl=en&user=RjpW0ZkAAAAJ
Arjun Kumar,Indian Institute of Technology Kanpur,"Applied operations research, Game theory",,https://scholar.google.com/citations?hl=en&user=8yRM2iwAAAAJ
Vidushi,Indian Institute of Technology Kanpur,"Hydrology, Hydroclimatic extremes, Land-atmosphere interaction, Groundwater",,https://scholar.google.com/citations?hl=en&user=aw2qeFwAAAAJ
Atishay Jain,IIT Kanpur,,,https://scholar.google.com/citations?hl=en&user=XVMD8O8AAAAJ
Shubham Kumar Maurya,"Research Assistant, Department of Materials Science and Engineering IIT Kanpur","Materials Science, Density Functional Theory, Atomic Interpotential, Fourier Transformation",,https://scholar.google.com/citations?hl=en&user=zDiZNnUAAAAJ
Aditya V,"Department of Mathematics and Statistics, Indian Institute of Technology Kanpur","Statistics, Machine Learning, Computational Biology",,https://scholar.google.com/citations?hl=en&user=QVTqdpcAAAAJ
Mr. Subas Rana,Indian Institute of Technology Kanpur,"Density Functional Theory, Thomas–Fermi Theory, Orbital Free Density Functional Theory",,https://scholar.google.com/citations?hl=en&user=k2pf7cgAAAAJ
Rohun Easwar,Indian Institute of Technology Kanpur,"Representation theory, Combinatorics",,https://scholar.google.com/citations?hl=en&user=VqKAWgkAAAAJ
Naveen Singhal,IIT Kanpur,High Voltage Engineering,,https://scholar.google.com/citations?hl=en&user=aqFgx84AAAAJ
Divya Sharma,"HSS, Indian Institute of Technology, Kanpur","Literature, Performance Studies, Ritual Studies, Cultural Studies",,https://scholar.google.com/citations?hl=en&user=7V-SLBYAAAAJ
Adersh Maruvattu,IIT Kanpur,Robotics and Automation,,https://scholar.google.com/citations?hl=en&user=dqug1CkAAAAJ
Suvarchalanjan Bellaganti,"Indian Institute of Technology, Kanpur","Active Matter, Fluid Dynamics",,https://scholar.google.com/citations?hl=en&user=A-mP72IAAAAJ
Haobijam Vivekanandagiri,"Final year Physics major, Indian Institute of Technology Kanpur.",,,https://scholar.google.com/citations?hl=en&user=juHlImIAAAAJ
Debapriya Chatterjee,IIT Kanpur,"Biosensors, Electrochemistry",,https://scholar.google.com/citations?hl=en&user=Wk-AtmAAAAAJ
Faraz Ahmed,"Undergraduate, Indian Institute of Technology, Kanpur",AI Safety,,https://scholar.google.com/citations?hl=en&user=ntfhmaIAAAAJ
Prateek Kumar Pandey,IIT Kanpur,,,https://scholar.google.com/citations?hl=en&user=zz4hY9oAAAAJ
Mohd Sameer Alam,Indian Institute of Technology Kanpur,"Pore network modelling, pore structure of clays and their evolution",,https://scholar.google.com/citations?hl=en&user=BoereOoAAAAJ
Ritvik Goyal,Indian Institute of Technology Kanpur,,,https://scholar.google.com/citations?hl=en&user=lqQwsZ4AAAAJ
Krishna Yadav,Indian Institute of Technology Kanpur,"Hydrogen Fuel, Combustion, Internal Combustion Engines, Spray, Sustainable Energy",,https://scholar.google.com/citations?hl=en&user=Ef6XjUwAAAAJ
Rukhshar Husain,"Department of Earth Sciences, Indian Institute of Technology Kanpur","Active tectonics, Paleoseismology, Geomorphology, OSL dating",,https://scholar.google.com/citations?hl=en&user=MD2nMRoAAAAJ
Niranjan Kumar Singh,Indian Institute of Technology Kanpur,"Shape Memory Alloys, Molecular Dynamics, Density Functional Theory, Machine Learning",,https://scholar.google.com/citations?hl=en&user=ky7PHxgAAAAJ
Sonam,IIT KANPUR,"Thin films, Stability analysis, fluid dynamics",,https://scholar.google.com/citations?hl=en&user=VzpItJMAAAAJ
sabyasachi bag,Research fellow at IIT Kanpur,"physical organic photochemistry, Organic synthesis",,https://scholar.google.com/citations?hl=en&user=ItvPEl8AAAAJ
Anurag Basu,"Indian Institute of Technology, Kanpur","Microwave Remote Sensing, InSAR, Landlside Studies, DEM Generation",,https://scholar.google.com/citations?hl=en&user=o0vdzkUAAAAJ
Praveen Kavuru,"Doctoral candidate, Department of Chemical Engineering, IIT Kanpur","Fog Collection, SLIPS, Bioinspired materials, Wettability",,https://scholar.google.com/citations?hl=en&user=bFZ_8RMAAAAJ
Yamini Kathuria,Indian Institute of Technology Kanpur,"Hemispheric Lateralization, Language, Cognitive Neuroscience, Neuropsychology, Mental imagery",,https://scholar.google.com/citations?hl=en&user=q7adpgQAAAAJ
Md Irfan Ali,"Indian Institute of Technology Kanpur, Kanpur-208016","Mechanical behavior of materials, Light weight alloys",,https://scholar.google.com/citations?hl=en&user=TX7DB7kAAAAJ
Lokesh Yadav,Indian Institute of Technology Kanpur,"Polymer physics, Soft matter, process simulation",,https://scholar.google.com/citations?hl=en&user=tIFoxmYAAAAJ
Sanjay Khatik,"Department of Physics, Indian Institute of Technology","Machine Learning application to Radio …, Astrophysics of Galaxies",,https://scholar.google.com/citations?hl=en&user=ps-XayQAAAAJ
Nikhil Sharma,IIT Kanpur,Energy System Modelling,,https://scholar.google.com/citations?hl=en&user=An7b3rAAAAAJ
Hironmoy Pratihar,Indian Institute of Technology Kanpur,"Condensed matter theory, Mesoscopic physics, quantum transport, Theoretical condensed matter physics",,https://scholar.google.com/citations?hl=en&user=LnKWmWMAAAAJ
