Name,Affiliation,Interests,Cited By,Profile URL
Dr. Ajay Singh,"Agricultural and Food Engineering Department, IIT Kharagpur, India","Natural Resources Management, Agricultural Water Management, Irrigation, Hydrology, Groundwater",36012.0,https://scholar.google.com/citations?hl=en&user=wg3NBd8AAAAJ
Nihar Jana,"Department of Bioscience and Biotechnology, Indian Institute of Technology, Kharagpur",Neuroscience,23899.0,https://scholar.google.com/citations?hl=en&user=Tr9AtEcAAAAJ
Mahitosh Mandal,"Professor, School of Medical Science and Technology,Indian Institute of Technology …",Cancer Biology,22509.0,https://scholar.google.com/citations?hl=en&user=kKOBFC0AAAAJ
Ramesh Garg,"Professor, E & ECE, IIT Kharagpur","Electromagnetics, antennas, microwave circuits",21854.0,https://scholar.google.com/citations?hl=en&user=AZ_2uckAAAAJ
Sudip Misra,"FACM, FIEEE, FAAIA, FNAE, FNASc, FIET, INAE Chair Professor, IIT Kharagpur","Intelligent Sensing, Wireless Sensor Networks, Internet of Things",21628.0,https://scholar.google.com/citations?hl=en&user=h33l-A8AAAAJ
Suman Chakraborty,"Professor of Mechanical Engineering, Indian Institute of Technology Kharagpur","Microfluidics and Nanofluidics, Interfacial Phenomena and Phase Change, Biomedical Engineering, Medical Diagnostics",21120.0,https://scholar.google.com/citations?hl=en&user=2RQrq70AAAAJ
ChandraSekhar Tiwary,"Metallurgical and materials engineering, Indian Institute of Technology, Kharagpur, India",Materials,21107.0,https://scholar.google.com/citations?hl=en&user=1Ji-DbkAAAAJ
Debabrata Das,"Former Professor of Biotechnology,Indian Institute of Technology Kharagpur","biohydrogen, biohythane, microbial fuel cell, microalgae, phenol",20626.0,https://scholar.google.com/citations?hl=en&user=gU6HKm4AAAAJ
solomon sudheer,Indian Institute of Technology Kharagpur,Artificial intelligence & Machine Learning,20445.0,https://scholar.google.com/citations?hl=en&user=rkzyhAcAAAAJ
Anjali Pal,"Department of Civil Engineering, Indian Institute of Technology Kharagpur - 721302, India","Adsorption, Adsolubilization, Catalysis, Advanced oxidation process, Wastewater treatment",19569.0,https://scholar.google.com/citations?hl=en&user=tRNoehAAAAAJ
Dhrubes Biswas,"Professor of Electronics, Indian Institute of Technology, Kharagpur","Semiconductor devices, health delivery",19478.0,https://scholar.google.com/citations?hl=en&user=M3iwPc4AAAAJ
Ashok Kumar Gupta,"Professor (HAG) , Dept. of Civil Engg., Ex. Head, School of Water Resources, IIT Kharagpur","Water and Wastewater treatment, Wastewater recycling and reuse, Urban Environmental Planning, Water",18913.0,https://scholar.google.com/citations?hl=en&user=TgOX6jsAAAAJ
Sirshendu De,"Professor, Department of Chemical Engineering, Indian Institute of Technology Kharagpur","Membrane Separation, Transport Phenomena",18259.0,https://scholar.google.com/citations?hl=en&user=f2XnhOMAAAAJ
DR. RAMKRISHNA SEN,"Professor & Former Head, Department of Biotechnology, IIT Kharagpur, WB 721302, India","Process Biotechnology, Biorefinery with carbon capture & waste …, Biosurfactants & Biopolymers, Algal Biofuels & Bior",16927.0,https://scholar.google.com/citations?hl=en&user=FhCZ9AsAAAAJ
Rintu Banerjee,IIT Kharagpur,"Biotechnology, Food Engineering, Downstream Processing, EVOP",16489.0,https://scholar.google.com/citations?hl=en&user=o6JC0f4AAAAJ
Kumar Biradha,"Professor of Chemistry, Indian Institute of Technology, Kharagpur","Crystal engineering, Polymorphism, Coordination polymers, Porous materials, Crystallography",15874.0,https://scholar.google.com/citations?hl=en&user=KyFhOEgAAAAJ
Dipak khastgir,"Rubber Technology Centre,Indian Institute Of Technology,Kharagpur",,15121.0,https://scholar.google.com/citations?hl=en&user=apprCiUAAAAJ
Soumya K. Ghosh,"Indian Institute of Technology Kharagpur, India","Spatial Data Science, Cloud Computing, Fog and Edge Computing, IoT",14942.0,https://scholar.google.com/citations?hl=en&user=wTtdGd4AAAAJ
Debdeep Mukhopadhyay,"Professor (FIEEE, FNA, FASc, FNAE), Dept of Computer Science and Engineering, IIT …","Side Channel Analysis, Hardware Security, Computer Architecture, Fault Tolerance, Hardware",14621.0,https://scholar.google.com/citations?hl=en&user=lfhvrhYAAAAJ
Debabrata Pradhan,"Professor, Materials Science Centre, Indian Institute of Technology Kharagpur","Materials Chemistry, Nanomaterials, Energy generation and storage",14558.0,https://scholar.google.com/citations?hl=en&user=MpTQVj0AAAAJ
Samit K Ray,"Department of Physics, IIT Kharagpur","Semiconductor, SiGe, Nanostructures, Si heterostructures",14317.0,https://scholar.google.com/citations?hl=en&user=O4WvnJ4AAAAJ
Abhijit Mukherjee,"Professor, IIT Kharagpur, India","Hydrogeology, Water policy, Gesocience, Contamination, Numerical modeling",14150.0,https://scholar.google.com/citations?hl=en&user=2W0C2EcAAAAJ
Narayan Chandra Das,"Professor, Indian Institute of Technology, Kharagpur","Polymer nanocomposites, nanomaterials, Self-healing materials, food packaging, green technology",14076.0,https://scholar.google.com/citations?hl=en&user=J7JvuU8AAAAJ
Professor HN Mishra,Indian Institute of Technology Kharagpur,Food Science & Technology,13700.0,https://scholar.google.com/citations?hl=en&user=I3Tfd5oAAAAJ
Prof. Debapriya Das,"Emeritus Professor of Electrical Engineering, Indian Institute of Technology, Kharagpur","Distribution Systems, Microgrid, Distributed Generation",13610.0,https://scholar.google.com/citations?hl=en&user=yZj2uFYAAAAJ
Pabitra Mitra,"Professor of Computer Science and Engineering, Indian Institute of Technology Kharagpur","Machine learning, pattern recognition, data mining, information retrieval",13463.0,https://scholar.google.com/citations?hl=en&user=5bXSZPYAAAAJ
Prasanta Kumar Das,Indian Institute of Technology Kharagpur,"iMultiphase flow, Heat transfer and Fluid dynamics, Thermo hydraulics of nuclear reactors, Instrumentation, CFD for multiphase f",13044.0,https://scholar.google.com/citations?hl=en&user=cHWNjfgAAAAJ
Dr. Madan Kumar Jha,"Professor(HAG) of Subsurface Hydrology, Indian Institute of Technology Kharagpur, West …","Groundwater Modeling, Integrated Water Management, Rainwater Harvesting, Artificial Recharge, Seawater Intrusion",12997.0,https://scholar.google.com/citations?hl=en&user=5cQpKxgAAAAJ
Prof. BC Meikap,"Professor , Department of Chemical Engineering, IIT Kharagpur",IIT Kharagpur,12925.0,https://scholar.google.com/citations?hl=en&user=GNM21DsAAAAJ
Suneel Kumar Srivastava,"Professor of Chemistry, Indian Institute of technology, Kharagpur, India","polymers, nanomaterials, W–Mo nanoalloy, blend",12573.0,https://scholar.google.com/citations?hl=en&user=cWzcKJoAAAAJ
Ashraf Alam,IIT Kharagpur,"Educational Technology, Mathematics Education, Teacher Education, Educational Psychology, Pedagogy",12517.0,https://scholar.google.com/citations?hl=en&user=otpzbu0AAAAJ
Rudra Prakash Pradhan,Professor at IIT-KGP,"Econometrics, Data Science and Analytics, Optimization Modelling, Quantitative Finance",12314.0,https://scholar.google.com/citations?hl=en&user=J1WUN4EAAAAJ
"SURJYA KANTA PAL (Recipient of JC Bose grant; Prof NK Roy Chair Professor) FNAE, FNASc",Dean R&D;  Professor (HAG) of Mech. Engg. IIT Kharagpur; Former Lord Kumar …,"AI/ML in Manufacturing, BCI in Manuf, Expt and Num Analyses in Manuf, Ultrafast Cooling Methods",12147.0,https://scholar.google.com/citations?hl=en&user=rj8w-HgAAAAJ
Niloy Ganguly,"Department of CSE, Indian Institute of Technology, Kharagpur","Artificial Intelligence, NLP, Network Science, Machine Learning, Social Computing",12114.0,https://scholar.google.com/citations?hl=en&user=hCbFmUUAAAAJ
Nikhil Kumar Singha,"Professor, Rubber Technology Centre, Indian Institute of Technology Kharagpur","Tailor-made specialty polymers via controlled …, Preparation of block, graft copolymers, electro-a",11810.0,https://scholar.google.com/citations?hl=en&user=-OTlvK8AAAAJ
Sanat Kumar Roy,"Professor of Metallurgical Engineering Department, IIT Kharagpur","Extractive metallurgy, corossion engineering, metallurgical thermodynamics",11726.0,https://scholar.google.com/citations?hl=en&user=-egLm34AAAAJ
Shamik Chowdhury,"Associate Professor, Indian Institute of Technology Kharagpur","Environmental Engineering, Environmental Nanotechnology, Heterogeneous Photocatalysis, Materials",11364.0,https://scholar.google.com/citations?hl=en&user=eZpUOUsAAAAJ
Nirupama Mallick,"Professor of Agricultural & Food Engineering, Indian Institute of Technology Kharagpur",algal biotechnology,10964.0,https://scholar.google.com/citations?hl=en&user=UOHVrvAAAAAJ
Dr. Mantu Kumar Mahalik,"Associate Professor of Economics, Department of Humanities & Social Sciences, IIT …","resources and energy economics, international finance and housing economics",10765.0,https://scholar.google.com/citations?hl=en&user=D2QoDN8AAAAJ
Aurobinda Routray,"Professor, Department of Electrical Engineering, IIT Kharagpur",signal processing and embedded systems,10724.0,https://scholar.google.com/citations?hl=en&user=VYAwEGUAAAAJ
Narendra Raghuwanshi,"Professor, Agricultural & Food Engineering, IIT Kharagpur","Watehsed Modelling, Irrigation, Water Management",10702.0,https://scholar.google.com/citations?hl=en&user=tlqvYXUAAAAJ
Dr. Santanu Dhara,"Professor, School of Medical Science and Technology, IIT Kharagpur",BioMaterials and Tissue Engineering,10606.0,https://scholar.google.com/citations?hl=en&user=RxBm3SsAAAAJ
Jayanta Bhattacharya,Indian Institute of Technology Kharagpur,"Mining, Green Materials, Environmental Nanotechnology, Industrial Ecology, Law",10563.0,https://scholar.google.com/citations?hl=en&user=7L8e1pQAAAAJ
Avinash Sinha,"Professor of Electrical Engineering, IIT Kharagpur",Electrical engineering and Energy,10445.0,https://scholar.google.com/citations?hl=en&user=vXdayQ4AAAAJ
Prof. Tapan Kumar Nath,"Professor, Dept. of Physics, IIT Kharagpur","Magnetism, Superconductivity, Spintronics, Multiferroics and Strongly Correlated Systems, Supercapacitors",10353.0,https://scholar.google.com/citations?hl=en&user=gE4PpEsAAAAJ
Anil K. Gupta,IIT Kharagpur,"Paleoceanography, Paleoclimatology, Indian monsoon",10126.0,https://scholar.google.com/citations?hl=en&user=7OTAsokAAAAJ
Ashok Kumar Pradhan,"Professor, Electrical Engineering, IIT Kharagpur","Power System Protection, Power System Monitoring",9879.0,https://scholar.google.com/citations?hl=en&user=WjhBoTYAAAAJ
Santi M Mandal,"Department of Bioscience and Biotechnology, Indian Institute of Technology Kharagpur","Drug design, synthesis and therapy",9877.0,https://scholar.google.com/citations?hl=en&user=IF9YqBYAAAAJ
Susanta Banerjee,"Professor (HAG) & Institute Chair Professor, Materials Science Centre, IIT Kharagpur","Polymeric Materials, Gas separation, Proton exchange membranes, Fluorinated polymers, Phosphorous containing polymers",9799.0,https://scholar.google.com/citations?hl=en&user=27V8W6sAAAAJ
CR RAJ,Indian Institute of Technology Kharagpur,"Functional materials, Energy conversion & storage, Metal-air & metal-ion batteries, Supercapacitor",9788.0,https://scholar.google.com/citations?hl=en&user=zpB9DusAAAAJ
NILMONI SARKAR,"Professor, Department of Chemistry, IIT Kharagpur",Physical Chemistry,9710.0,https://scholar.google.com/citations?hl=en&user=K8Bfe1QAAAAJ
Prem Prakash Srivastav,"Professor of Food Technology, Indian Institute of Technology, Kharagpur, India","Product Development, Bioactive and Nutraceuticals Extraction, Processing Machineries Development",9646.0,https://scholar.google.com/citations?hl=en&user=4ovKDlAAAAAJ
Subhasish Basu Majumder,"Professor, Materials Science Center, IIT Kharagpur","Ceramic gas sensors, Li ion batteries, multiferroics, ferroelectric thin films, fiber reinforced",9637.0,https://scholar.google.com/citations?hl=en&user=TT2ILuAAAAAJ
Jyotsna Dutta Majumdar,Indian Institute of Technology Kharagpur,"surface engineering, laser materials processing",9632.0,https://scholar.google.com/citations?hl=en&user=zJ1MwykAAAAJ
Jhareswar Maiti,"Professor (HAG), Industrial & Systems Engineering, IIT Kharagpur","Human-centric risk-aware analytics, safety, quality, maintenance, resilient systems",9194.0,https://scholar.google.com/citations?hl=en&user=fu7T208AAAAJ
Purnima Singh,IIT Kharagpur,Nuclear Physics,9030.0,https://scholar.google.com/citations?hl=en&user=FHE6WmoAAAAJ
Jayanta Das,"Professor at Metallurgical and Materials Engineering, IIT Kharagpur","Metastable and nanostructured alloys, Nonequlibrium processing, Mechanical behaviour, Structure property relationship",8880.0,https://scholar.google.com/citations?hl=en&user=zEYiL74AAAAJ
Rajat Subhra Chakraborty,"Susanta Kumar Gupta Chair Professor, Dept. of CSE, IIT Kharagpur, India - 721302","Hardware Security, Electronic Design Automation, VLSI, Digital Image Forensics",8793.0,https://scholar.google.com/citations?hl=en&user=ITIg9kkAAAAJ
Hifjur Raheman,"Indian Institute of Technology, Kharagpur","Farm machinery, biofuels, robotics and automation in agriculture, renewable energy in agriculture",8768.0,https://scholar.google.com/citations?hl=en&user=JuwYddYAAAAJ
Animesh Mukherjee,"Professor of Computer Science, IIT Kharagpur, FNAE, Distinguished Member, ACM","Language dynamics, Complex systems and networks, web social media",8708.0,https://scholar.google.com/citations?hl=en&user=lf7-deEAAAAJ
Ajoy Kumar Ray,"Professor of Electronics and Electrical Communications Engineering, IIT Kharagpur","Image Processing, Pattern Recognition, Machine Intelligence",8522.0,https://scholar.google.com/citations?hl=en&user=D3auwXwAAAAJ
Shiv Brat Singh,"Professor of Metallurgical and Materials Engineering, Indian Institute of Technology …","Physical Metallurgy of steels, Phase Transformations, Thermomechnical simulation",8384.0,https://scholar.google.com/citations?hl=en&user=K-fTZJYAAAAJ
Sumantra Mandal,"Professor, Department of Metallurgical and Materials Engineering, IIT Kharagpur","Alloy Development, Thermo-mechanical Processing, Microstructure Engineering, Corrosion",8325.0,https://scholar.google.com/citations?hl=en&user=pAfjU4sAAAAJ
DK Pratihar,"Professor of Mechanical Engineering, Indian Institute of Technology Kharagpur, Kharagpur …","Robotics, Soft Computing, Manufacturing Science",8311.0,https://scholar.google.com/citations?hl=en&user=gW4Q_7UAAAAJ
Saptarshi Ghosh,"Department of CSE, Indian Institute of Technology Kharagpur, India","Computational Social Science, Legal analytics, Algorithmic bias and fairness",8234.0,https://scholar.google.com/citations?hl=en&user=7TmKZv0AAAAJ
Bhanu Bhusan Khatua,"Professor, Indian Institute of Technology Kharagpur","Energy Harvesting and Storage, Supercapacitors, Polymer Blends, Nanocomposites",8219.0,https://scholar.google.com/citations?hl=en&user=KaYk8oIAAAAJ
Shamik Sural,"Professor, Dept. of Computer Science & Engineering, Indian Institute of Technology …","Computer Security, Machine Learning Applications",8177.0,https://scholar.google.com/citations?hl=en&user=zmtaYLIAAAAJ
Kalyan Kumar Ray,"Professor of Meatallurgical and Materials Engineering Department, Indian Institute Of …","Deformation, Fracture, Fatigue, steel",7997.0,https://scholar.google.com/citations?hl=en&user=elNThIkAAAAJ
Pawan Goyal,"Professor, Computer Science and Engineering, IIT Kharagpur","Sanskrit Computational Linguistics, Natural Language Processing, Information Retrieval",7870.0,https://scholar.google.com/citations?hl=en&user=F14FHsIAAAAJ
Sudipto Ghosh,"Professor of Metallurgical & Materials Engg,IIT Kharagpur",computational material science,7664.0,https://scholar.google.com/citations?hl=en&user=O3wRZzwAAAAJ
Bhrigu Nath Singh,"Professor of Aerospace Engineering, Indian Institute of Technology Kharagpur","Composite Structures, Aerospace Structures, Uncertainty Quantification",7656.0,https://scholar.google.com/citations?hl=en&user=wwjYPDMAAAAJ
Rahul Mitra,"Professor of Metallurgical and Materials Engineering, Indian Institute of Technology …","Metal and Ceramic Matrix Composites, High temperature materials, Nanomaterials, Mechanical behavior",7558.0,https://scholar.google.com/citations?hl=en&user=8uhvxucAAAAJ
Indranath Chakraborty,"Assistant Professor, School of Nano Science and Technology, IIT Kharagpur","Nanoclusters, Hybrid Nanomaterials, Healthcare Nanotechnology, Catalysis",7545.0,https://scholar.google.com/citations?hl=en&user=76nWh7YAAAAJ
ADRIJIT GOSWAMI,"Professor, Department of Mathematics, IIT Kharagpur, India","Inventory Control, Supply Chain Management, Database, Data Mining, Cryptography and network security",7514.0,https://scholar.google.com/citations?hl=en&user=_nYA6G8AAAAJ
Krothapalli Sreenivasa Rao,"Professor, Department of Computer Science and Engineering, IIT Kharagpur","Speech Processing, Signal Processing, Multimedia Signal Processing, Machine Learning and Pattern Recognition",7391.0,https://scholar.google.com/citations?hl=en&user=TATEL2EAAAAJ
Somnath  Bhattacharyya,"Mathematics, Indian Institute of Technology Kharagpur",,7370.0,https://scholar.google.com/citations?hl=en&user=yea4DqkAAAAJ
Tridib Kumar Goswami,"Professor of Agricultural and Food Engineering, IIT Kharagpur","Food Science and Technology, Food Engineering, Cold storage, CA/MA storage, grinding",7297.0,https://scholar.google.com/citations?hl=en&user=P0tvvqYAAAAJ
Dr. Sudip K. Ghosh,"Professor, Department of Bioscience and Biotechnology, IIT Kharagpur","Molecular and Cellular Parasitology, Plant Molecular biology, Biomaterials : Nano Technology, Drug",7264.0,https://scholar.google.com/citations?hl=en&user=9dmU414AAAAJ
Damodar Suar,Indian Institute of Technology Kharagpur; KIIT DU Bhubaneswar,"Social and Organizational Psychology, Neuropsychology",7255.0,https://scholar.google.com/citations?hl=en&user=Yf2de4EAAAAJ
Ashish K. Nath,"IIT Kharagpur, RRCAT Indore, BARC Mumbai",Laser Material Processing,7255.0,https://scholar.google.com/citations?hl=en&user=x4d3kg8AAAAJ
Koel Chaudhury,"Professor, Indian Institute of Technology Kharagpur","Non-invasive biomarkers and sensors, Respiratory disorders, Women's health, Metabolomics",7210.0,https://scholar.google.com/citations?hl=en&user=qafn3S0AAAAJ
Debashis Ray,"Professor of Chemistry, Indian Institute of Technology, Kharagpur, India","Inorganic Chemistry, Coordination Chemistry, Coordination Clusters, Multinuclear Complexes",7196.0,https://scholar.google.com/citations?hl=en&user=n_a3sVsAAAAJ
Mukunda Dev Behera,"Chairperson, Geospatial Academy; Chairperson, AI Enabled Geological & Mining Systems …","Geospatial Modeling, Ecological Climatology, Forest Informatics, C Accounting, Nature Based Solution",7186.0,https://scholar.google.com/citations?hl=en&user=JbCyhMcAAAAJ
Mangal Roy,"Professor, Department of Metallurgical and Materials Engineering, IIT Kharagpur","Orthopaedic Biomaterial, Calcium phosphate, Coating, Drug delivery, Bone remodelling",7103.0,https://scholar.google.com/citations?hl=en&user=NX61aLUAAAAJ
Madhab C. Das,"Professor, Department of Chemistry, IIT Kharagpur, INDIA","Porous MOFs, Porous HOFs, Coordination Polymer, Inorganic Chemistry",6936.0,https://scholar.google.com/citations?hl=en&user=DLxduRMAAAAJ
Sudhirkumar Barai,"Director- BITS Pilani, Pilani Campus and Professor, Deparment of Civil Engineering, IIT …","Concrete Technology, Structural Health Monitoring, Computation Intelligence Applications, Recycled",6883.0,https://scholar.google.com/citations?hl=en&user=T2t0d1wAAAAJ
Somsubhra Chakraborty,"Associate Professor, Agricultural & Food Engineering Department, IIT Kharagpur","Soil Science, Soil Sensors, Soil Image Analysis, Machine Learning",6866.0,https://scholar.google.com/citations?hl=en&user=AkE_7XAAAAAJ
Soumitra Paul,"Indian Institute of Technology Kharagpur, (TU Delft and IIT Kharagpur)","machining, grinding, non-conventional manufacturing, coating",6769.0,https://scholar.google.com/citations?hl=en&user=AFOq-YQAAAAJ
Amiya R Mohanty,"Indian Institute of Technology Kharagpur, BIS Standardization Chair Professor","Noise, Vibration, Condition Monitoring, Motor Current, Underwater Acoustics",6725.0,https://scholar.google.com/citations?hl=en&user=Lac3uYYAAAAJ
Shivendu Ranjan,"Assistant Professor, Indian Institute of Technology Kharagpur","Biomaterials, Regenerative Medicine, NanoMedicine",6724.0,https://scholar.google.com/citations?hl=en&user=YbifoBIAAAAJ
Karabi Das,"Professor  of Metallurgical and Materials Engineering, IIT Kharagpur",Synthesis and characterization of materials,6713.0,https://scholar.google.com/citations?hl=en&user=KP9gn4MAAAAJ
Dr  SC  PRADHAN,"Associate Professor Aerospace Engineering Department IIT Kharagpur, WB, India 721302","Aerospace Structures, Non local elasticity, FEM, Fracture Mechanics, Composite Material",6692.0,https://scholar.google.com/citations?hl=en&user=Ay5C4NsAAAAJ
Sudha Goel,"Professor, Environmental Engineering, IIT Kharagpur","Environmental Engineering, water quality and treatment, solid waste management, biodegradation of organics, e-waste",6664.0,https://scholar.google.com/citations?hl=en&user=YQr5dccAAAAJ
Dr. Dhrubes Biswas,"Department of Electronics and Electrical Communication Engineering, Indian Institute of …","Semiconductor devices, health delivery, compound semiconductor heterostructures",6526.0,https://scholar.google.com/citations?hl=en&user=OJ39-IwAAAAJ
Chandranath Chatterjee,"Professor (Hydrology and Water Resources), IIT Kharagpur","Flood risk analysis, Flood forecasting using AI/ML, Climate change impact, UAV applications",6377.0,https://scholar.google.com/citations?hl=en&user=3wMSIbIAAAAJ
Arun Kumar Samantaray,"Professor, Department of Mechanical Engineering, Indian Institute of Technology, Kharagpur","Systems and Control, Bond Graph, Industrial Automation, Rotor Dynamics, Vehicle Dynamics",6340.0,https://scholar.google.com/citations?hl=en&user=VN5v_JEAAAAJ
Swagata Dasgupta,"Professor, Department of Chemistry, IIT Kharagpur, INDIA",Protein Chemistry,6283.0,https://scholar.google.com/citations?hl=en&user=bzN30wcAAAAJ
Somnath Bharadwaj,"Professor of Physics, IIT Kharagpur","Astrophysics, Cosmology",6283.0,https://scholar.google.com/citations?hl=en&user=Q1xDkQYAAAAJ
Rabindra Kumar Pradhan,"Professor, Department of Humanities and Scoial Sciences, Indian Institute of Technology","positive psychology, health psychology, organisational psychology, social psychology, organisational behaviour",6210.0,https://scholar.google.com/citations?hl=en&user=hVApTq4AAAAJ
Goutam Saha,"Professor, Dept. of Electronics & ECE,IIT Kharagpur","Biomedical Signal Processing, Speech / Audio Signal Processing, Pattern Recognition",6202.0,https://scholar.google.com/citations?hl=en&user=rVz2ANcAAAAJ
MC Ray,"Professor Mechanical Engineering, Indian Institute of Technology, Kharagpur, India","Smart Materials and structures, Flexoelectricity, Micromechanics, Carbon Nanotube Reinforced Composites, Active Control",6034.0,https://scholar.google.com/citations?hl=en&user=5DdMpIUAAAAJ
Santanu Chattopadhyay,"Professor, Rubber Technology Centre,  IIT Kharagpur, Kharagpur","Rubber, Polymer Science and Engineering, SMART Materials, Molecular Simulation, Biomaterials",5996.0,https://scholar.google.com/citations?hl=en&user=fhr5cQ4AAAAJ
Rajendra Singh,"Professor, Agricultural & Food Engineering Department, Indian Institute of Technology …","Hydrology, Irrigation, Climate Change",5935.0,https://scholar.google.com/citations?hl=en&user=rsveKgEAAAAJ
Ananta Kumar Ghosh,"Professor of Biotechnology, Indian Institute of Technology","Molecular virology, Immunology, Recombinant DNA Technology, Antimicrobial peptides, parasitology",5916.0,https://scholar.google.com/citations?hl=en&user=bwicHaUAAAAJ
Sujit Kumar Dash,"Professor of Civil Engineering, Indian Institute of Technology Kharagpur",Geotechnical engineering,5904.0,https://scholar.google.com/citations?hl=en&user=On5P_4oAAAAJ
Tapas Laha,Indian Institute of Technology Kharagpur,"Structural Nanocomposites, Metallic glasses, Surface Engineering & Coating, Interfacial Phenomena",5884.0,https://scholar.google.com/citations?hl=en&user=ry6FGOUAAAAJ
Anupam Basu,"Professor, Indian Institute of Technology, Kharagpur","Natural Language Technology, Assistive Technology, Cognitive Systems",5805.0,https://scholar.google.com/citations?hl=en&user=AMidPUMAAAAJ
Kinsuk Naskar,"Professor and Head, Rubber Technology Centre and Institute Chair Professor, IIT Kharagpur …","Rubber and TPEs, Self healing, Shape memory, Sustainability, Vitrimer",5607.0,https://scholar.google.com/citations?hl=en&user=DPbNGlcAAAAJ
Golok Nando,Indian Institute of Technology Kharagpur,"Rubber Technology, Polymer blends and alloys, TPEs and TPVs, Polymer processing and Characterization, Rubber Nano composites",5576.0,https://scholar.google.com/citations?hl=en&user=Ww0hdScAAAAJ
Siddhartha Das,"Professor of Metallurgical and Materials Engineering, Indian Institute of Technology …","Nanomaterials, Characterization of Materials, Electrochemistry, Composite Materials, Physical Metallurgy",5567.0,https://scholar.google.com/citations?hl=en&user=LgACrjMAAAAJ
S Dutta Gupta,"Agricultural and Food Engineering Department, IIT Kharagpur","Plant tissue Culture Engineering, Plant Image Analysis, Imapct of LED on Plant Morphogenesis",5562.0,https://scholar.google.com/citations?hl=en&user=MGASPqIAAAAJ
RAJIB MALL,"Professor of Computer Science, IIT, Kharagpur",Program analysis and Testing,5484.0,https://scholar.google.com/citations?hl=en&user=dt2fhqYAAAAJ
Dr Manab Kumar Das,"Professor, Indian Institute of Technology Kharagpur","Fluid Mechanics, Heat Transfer, Numerical Simulation, Turbulence Modeling",5460.0,https://scholar.google.com/citations?hl=en&user=5c2ZG5EAAAAJ
Rabibrata Mukherjee,"Professor, Department of Chemical Engineering, IIT Kharagpur","Soft Lithography, Dewetting, Thin Film Instability, Colloidal Self Assembly, Liquid Crystal Thin Films",5326.0,https://scholar.google.com/citations?hl=en&user=ecalMYAAAAAJ
Debdoot Sheet,"Associate Professor, EE, Indian Institute of Technology Kharagpur, India","Deep Learning, Medical Imaging, Data Compression, Digital Health",5290.0,https://scholar.google.com/citations?hl=en&user=x-0vLSsAAAAJ
Bharath H Aithal,Indian Institute of Technology Kharagpur,"Built Environment, Remote sensing, GIS, Urban Modelling, Environmental Sciences",5215.0,https://scholar.google.com/citations?hl=en&user=j-trcFUAAAAJ
Sangeeta Sahney,"Professor, Vinod Gupta School of Management, IIT kharagpur, West Bengal, India","Quality Management, Marketing",5189.0,https://scholar.google.com/citations?hl=en&user=08W5xrgAAAAJ
Professor Trilochan Sahoo,"Dept. of Ocean Engineering and Naval Architecture, IIT Kharagpur","Marine Hydrodynamics, Hydroelasticity, Applied Mathematics, Coastal Engineering, Ocean Engineering",5171.0,https://scholar.google.com/citations?hl=en&user=OkwQ5M4AAAAJ
Pinaki Sar,"Professor, Indian Institute of Technology Kharagpur, Kharagpur, India","Environmental microbiology, bioremediation, metagenomics",5121.0,https://scholar.google.com/citations?hl=en&user=tV8YrpQAAAAJ
Damodar Maity,Indian Institute of Technology Kharagpur,"Computational Mechanics, Structural engineering, Dam engineering, Bamboo reinforced concrete",5105.0,https://scholar.google.com/citations?hl=en&user=BbUFPjYAAAAJ
Narayan C. Pradhan,"Professor of Chemical Engineering, Indian Institute of Technology, Kharagpur - 721302 …",,5099.0,https://scholar.google.com/citations?hl=en&user=JZkEuD0AAAAJ
Sukanta Kumar Dash,"Professor, Mechanical Engineering, Indian Institute of Technology Kharagpur","Computational Fluid Dynamics, Heat Transfer, Turbulence, Computational Methods, Thermodynamics",5076.0,https://scholar.google.com/citations?hl=en&user=EXJxOmUAAAAJ
Abir Das,Associate Professor at IIT Kharagpur,"Computer Vision, Machine Learning, Efficient Deep Learning, Video Understanding, Domain Adaptation",5054.0,https://scholar.google.com/citations?hl=en&user=L4yEk2UAAAAJ
Sudipto Chakraborty,"Professor of Chemical Engineering, IIT Kharagpur","Heat Transfer Enhancement, Ultrafast Cooling, Modelling and Simulation, Carbon base nano-materials",5053.0,https://scholar.google.com/citations?hl=en&user=oj_8dIgAAAAJ
Jayanarayanan Kuttippurath,Indian Institute of Technology Kharagpur,"Atmospheric Chemistry, Climate Change, Stratospheric Ozone, Antarctic Ozone Hole",5038.0,https://scholar.google.com/citations?hl=en&user=_EsgCugAAAAJ
Atasi Mohanty,"Rekhi Centre of Excellence for the Science of Happiness, IIT Kharagpur, INDIA","Pedagogy, Education for Sustainability, Psychology",5020.0,https://scholar.google.com/citations?hl=en&user=O4q3AaUAAAAJ
Subhransu Roy,"Professor of Mechanical Engineering, Indian Institute of Technology Kharagpur","Heat transfer, Laser processing",4981.0,https://scholar.google.com/citations?hl=en&user=jKV9dZkAAAAJ
Sudipta Mukhopadhyay,"Professor of Electronics and ECE, IIT Kharagpur",Medical Image Processing,4973.0,https://scholar.google.com/citations?hl=en&user=3WXaNHMAAAAJ
Dr. PVSN Murthy,"Professor, Department of Mathematics, Indian Institute of Technology Kharagpur, Past …","1. Convection  in Porous Media, 2.  Bio-Fluid Mechanics",4963.0,https://scholar.google.com/citations?hl=en&user=t3z-CIfU2JEC
Satyahari Dey,Indian Institute of technology Kharagpur,"plant biotechnology, nutraceuticals, phytomedicine, prebiotics, psychobiotics",4946.0,https://scholar.google.com/citations?hl=en&user=9ev-3n8AAAAJ
Amal Kumar Das,"Professor of Physics, Indian Institute of Technology Kharagpur",Magnetism and Spintronics,4923.0,https://scholar.google.com/citations?hl=en&user=Ln8wdC4AAAAJ
Gour Gopal Roy,"Professor, Dept. of Metallurgical & materials Engineering, Indian Institute of Technology …","Modeling & simulation, ferrous extraction",4914.0,https://scholar.google.com/citations?hl=en&user=BD44VWEAAAAJ
SP Sarmah,"Professor . Dept. of Industrial & Systems Engineering, IIT Kharagpur, India","Logistics Management, Supply chain coordination and contract …, Inventory management, Project",4856.0,https://scholar.google.com/citations?hl=en&user=wlbAwwYAAAAJ
Chinmay Kumar Maiti,Ex-Professor IIT Kharagpur India,Microelectronics Nanoelectronics …,4848.0,https://scholar.google.com/citations?hl=en&user=BhyZkl0AAAAJ
Sudarsan Neogi,"Professor, Department of Chemical Engineering, IIT Kharagpur","Surface mofification, Plasma Technology",4814.0,https://scholar.google.com/citations?hl=en&user=qY1htjQAAAAJ
Jayanta Basu,"Professor of Chemical Engineering,IIT Kharagpur","Reaction Engineering, Adsorption",4798.0,https://scholar.google.com/citations?hl=en&user=3GsgIqAAAAAJ
Chinnaraji Annamalai,Indian Institute of Technology Kharagpur,"Computing, Networking, AI, Combinatorics, Mechanics",4763.0,https://scholar.google.com/citations?hl=en&user=C2SHqlkAAAAJ
Prasanta Kumar Guha,Professor at E&ECE Department of IIT Kharagpur,"Sensors, Nano Material, Energy Devices, Machine Learning, Interface Electronics",4740.0,https://scholar.google.com/citations?hl=en&user=siDqJV0AAAAJ
Adinpunya Mitra,"Professor, Indian Institute of Technology Kharagpur",Plant secondary metabolism,4733.0,https://scholar.google.com/citations?hl=en&user=888xAJMAAAAJ
Manjunatha Mahadevappa,"Professor at School of Medical Science & Technology, IIT Kharagpur-721302, India","Bioinstrumentation, Neural / Retinal Prosthesis, Bio-signals & Image Processing, FES for Stroke & CP Children, NeuroRehabilitati",4688.0,https://scholar.google.com/citations?hl=en&user=k0MoQ9UAAAAJ
Pranab K Dutta,"Professor of Electrical Engineering, IIT Kharagpur","Image Processing, Optical imaging, Pattern Recognition, biomedical signal and image processing",4653.0,https://scholar.google.com/citations?hl=en&user=7elWBjEAAAAJ
Ashok Mishra,"Agricultural and Food Engineering Department; Indian Institute of Technology, Kharagpur","Watershed hydrology, Crop modelling, Climate change analysis and applications in …",4603.0,https://scholar.google.com/citations?hl=en&user=-bzKMXYAAAAJ
Partha Saha,"Professor of Mechanical Engineering, Indian Institute of Technology Kharagpur INDIA","Manufacturing Processes, Additive manufacturing, Non-traditional Manufacturing, Micro Manufacturing, Laser Material Processing",4586.0,https://scholar.google.com/citations?hl=en&user=-z0vhDwAAAAJ
Amiya Jana,"Chemical Engineering, Indian Institute of Technology Kharagpur","Energy and Fuels, Water, Control System, Process Intensification",4546.0,https://scholar.google.com/citations?hl=en&user=ADjo_xgAAAAJ
"Amreesh Chandra, FRSC","Professor, Department of Physics, Indian Institute of Technology, Kharagpur","Supercapacitors, Batteries, Condensed Matter Physics, Nanomaterials, Carbon Footprint",4522.0,https://scholar.google.com/citations?hl=en&user=PAA1dSEAAAAJ
Syamalendu Sekhar Bandyopadhyay,"Professor of Cryogenic Engineering Center, Indian Institute of Technology Kharagpur","Carbon dioxide capture and sequestration, vortex tube air separation",4497.0,https://scholar.google.com/citations?hl=en&user=m83WrgkAAAAJ
Prof.PBS Bhadoria,"Agricultural and Food Engineering Department, IIT Kharagpur",Soil Science and Plant Nutrition,4415.0,https://scholar.google.com/citations?hl=en&user=7ldqPLEAAAAJ
Peeyush soni,"Professor of Agricultural & Food Engineering, Indian Institute of Technology","Sustainable agricultural mechanization, Off-road vehicle traction mechanics, Energy analysis of",4401.0,https://scholar.google.com/citations?hl=en&user=VCQFMoUAAAAJ
Dipakranjan Mal,"Professor of chemistry, Indian institute of technology",organic chemistry synthesis,4360.0,https://scholar.google.com/citations?hl=en&user=3pJ-xWsAAAAJ
Debalay Chakrabarti,"Professor, Indian Institute of Technology Kharagpur","Microstructure, Mechanical Properties, Metals",4335.0,https://scholar.google.com/citations?hl=en&user=mz31gP8AAAAJ
Santanu Chattopadhyay,"Professor, Dept. of Electronics and Elec. Comm. Engg., Indian Institute of Technology …","VLSI, NoC, Testing, Hardware Security, Machine Learning for CAD",4317.0,https://scholar.google.com/citations?hl=en&user=YxNMDbIAAAAJ
Venimadhav Adyam,"Cryogenic Engineering Centre, IIT Kharagpur","Condensed Matter, Spintronics, Multiferroics, Epitaxial thin films, Na ion Batteries",4310.0,https://scholar.google.com/citations?hl=en&user=SynU4z0AAAAJ
Abhijit Bhattacharya,"Professor (Retired) of Geology and Geophysics, Indian Institute of Technology Kharagpur …","Petrology, Geochemistry, Tectonics, Structural Geology, Geochronology",4294.0,https://scholar.google.com/citations?hl=en&user=6GLL3p0AAAAJ
Sudeshna Sarkar,"IIT Kharagpur, Department of Computer Science & Engineering","Natural Language Processing, Machine Learning, Artificial Intelligence, Recommender Systems",4238.0,https://scholar.google.com/citations?hl=en&user=AwP_bbsAAAAJ
Prof. Soumen Das,"School of Medical Science and Technology, IIT Kharagpur, India","MEMS, BioMEMS, Microfluidics, Flexible Electronics, Bioimpedance",4223.0,https://scholar.google.com/citations?hl=en&user=lvtbTjoAAAAJ
Sushanta Kumar Panda,"Professor, Department of Mechanical Engineering, Indian Institute of Technology Kharagpur",Metal Forming,4194.0,https://scholar.google.com/citations?hl=en&user=UzqsYNcAAAAJ
Ranjit Bahadur,"Professor, Department of Biotechnology, IIT Kharagpur, India",Computational Biology,4181.0,https://scholar.google.com/citations?hl=en&user=jk6bcpAAAAAJ
JOYKRISHNA DEY,Indian Institute of Technology Kharagpur,"Molecular Self-assembly, Drug delivery",4171.0,https://scholar.google.com/citations?hl=en&user=BzFp_u4AAAAJ
Rajib Maity,"Professor, Department of Civil Engineering, Indian Institute of Technology Kharagpur","Hydroclimatology, Water Resources Engg., Climate Change, AI/ML, Probability and Statistics",4105.0,https://scholar.google.com/citations?hl=en&user=1dJv3gwAAAAJ
Prof. KN Tiwari,IIT Kharagpur,"Irrigation, Land and Water Resource Management, Micro-irrigation, Remote Sensing & GIS, Greenhouse",4062.0,https://scholar.google.com/citations?hl=en&user=5lMBxW0AAAAJ
Jayanta Ray,"Professor of Chemistry,IIT Kharagpur INDIA",Organic Chemistry,4026.0,https://scholar.google.com/citations?hl=en&user=ICriMvQAAAAJ
DIPANWITA ROYCHOWDHURY,"Professor of Computer Science, IIT Kharagpur","Cryptography, VLSI",4014.0,https://scholar.google.com/citations?hl=en&user=F_MRaWYAAAAJ
Sourav Mukhopadhyay,"Professor, Indian Institute of Technolgy Kharagpur","Cryptography, Network Security, Cyber Security, Post Quantum Cryptography, Blockchain",3955.0,https://scholar.google.com/citations?hl=en&user=ErhmrCwAAAAJ
Tarun Kanti Bhattacharyya,Professor of Electronics and Electrical Communication Engineering Indian Institute of …,"VLSI, MEMS, Nano Technology, Thin films, Analog and RF IC Design",3926.0,https://scholar.google.com/citations?hl=en&user=0iVsuAEAAAAJ
Debjani Chakraborty,"Professor, Department of Mathematics, Indian Institute of Technology Kharagpur","Optimization, Fuzzy logic & approximate reasoning, Fuzzy Geometry",3873.0,https://scholar.google.com/citations?hl=en&user=fyIXIa0AAAAJ
Partha Pratim Bandyopadhyay,IIT Kharagpur,"plasma spraying, LENS, thermal spraying, tribology",3808.0,https://scholar.google.com/citations?hl=en&user=bb8P0F4AAAAJ
Amit Ghosh,Indian Institute of Technology Kharagpur,,3785.0,https://scholar.google.com/citations?hl=en&user=scPSfFcAAAAJ
Anandaroop Bhattacharya,IIT Kharagpur,"Heat Transfer, Fluid Mechanics, Electronic Packaging",3779.0,https://scholar.google.com/citations?hl=en&user=YToPmtYAAAAJ
Goutam Chakraborty,"Associate Professor, Department of Mechanical Engineering, Indian Institute of Technology …","Dynamics, Vibration, Control",3692.0,https://scholar.google.com/citations?hl=en&user=gSZnQGoAAAAJ
Pradip Kumar Ray,"Professor of Industrial Engineering, IIT Kharagpur","Industrial Engineering, Quality Engineering and Management, Process Optimization, Productivity, Ergonomics",3683.0,https://scholar.google.com/citations?hl=en&user=ejDd6-AAAAAJ
Ashis K Datta,IIT Kharagpur,Food process Engineering,3678.0,https://scholar.google.com/citations?hl=en&user=q4kFndUAAAAJ
Nikita Dewangan,Assistant Professor at IIT Kharagpur,"Catalysis, Catalytic Membrane Reactors, Hydrogen Membrane",3671.0,https://scholar.google.com/citations?hl=en&user=hrhT8KUAAAAJ
Mira Mitra,Indian Institute of Technology Kharagpur,"structural health monitoring, wave propagation, wavelet",3630.0,https://scholar.google.com/citations?hl=en&user=JdQQa74AAAAJ
Prof Biplab Datta,"Associate Professor, Vinod Gupta School of Management, Indian Institute of Technology …",Marketing  Leadership,3582.0,https://scholar.google.com/citations?hl=en&user=nXeL8q8AAAAJ
Dewashish Upadhyay,"Department of Geology and Geophysics, Indian Institute of Technology, Kharagpur","Geochemistry, Geochronology, Petrology, Crustal Evolution, Cosmochemistry",3551.0,https://scholar.google.com/citations?hl=en&user=Kg7v_G4AAAAJ
Mrinal K. Maiti,"Professor of Biotechnology, Indian Institute of Technology Kharagpur","Plant biotechnology, Metabolic engineering, Lipid metabolism, Functional genomics of rice",3551.0,https://scholar.google.com/citations?hl=en&user=rQEWgXIAAAAJ
Karabi Biswas,"Professor, Indian Institute of Technology Kharagpur","Sensor, Instrumentation, Fractional order element",3550.0,https://scholar.google.com/citations?hl=en&user=opPdSwkAAAAJ
Prof. P. Guha,"Professor    Agricultural and Food Engineering Department, Indian Institute of Technology …","Agronomy, Post harvest Technology, Weed Management, Water Management, Forest Management & Food Laws",3462.0,https://scholar.google.com/citations?hl=en&user=PlyEwuwAAAAJ
Abhinav Kumar,"Junior Project Officer, IIT Kharagpur","Ergonomics, FMPE",3435.0,https://scholar.google.com/citations?hl=en&user=lxN_6XAAAAAJ
Prof. Amita Pathak,"Professor of Chemistry, Indian Institute of Technology Kharagpur","Nanomaterials, Catalysis, Sensors, Drug Delivery",3424.0,https://scholar.google.com/citations?hl=en&user=MaHH4pkAAAAJ
Sankha Mukherjee,IIT Kharagpur,"Computational Materials, Semiconductors, 2D Materials, Energy Storage, Battery",3423.0,https://scholar.google.com/citations?hl=en&user=nh5cO04AAAAJ
Partha Sarathi Ghosal,"Assistant Professor, School of Water Resources, IIT Kharagpur","Water and Wastewater Treatment, Faecal sludge management, Adsorption, Optimization, Modelling",3419.0,https://scholar.google.com/citations?hl=en&user=daLjp2cAAAAJ
Debasis Samanta,"Professor, Computer Science & Engineering, Indian Institute of Technology Kharagpur","Human Computer Interaction, Computational Intelliegnce, Bio-crypto System, Data Analytics",3393.0,https://scholar.google.com/citations?hl=en&user=RctLVqcAAAAJ
Prof. Arun Chakraborty FRMetS,"Professor and Former Head of CORAL, Indian Institute of Technology Kharagpur","Oceanography, Atmospheric Science",3365.0,https://scholar.google.com/citations?hl=en&user=J18CH9AAAAAJ
Ratna Dutta,"Professor, Indian Institute of Technology Kharagpur","Cryptography, Cyber Security, Post Quantum Cryptography, Financial Cryptography",3339.0,https://scholar.google.com/citations?hl=en&user=07TPPLsAAAAJ
Arindam Basu,"Professor, Department of Geology & Geophysics, Indian Institute of Technology Kharagpur",Engineering Geology and Rock Mechanics,3339.0,https://scholar.google.com/citations?hl=en&user=9ZUWc7oAAAAJ
Jitendra Mahakud,IIT Kharagpur,"Corporate Finance, Behavioural Finance, Financial Markets, Commercial Banking, Corporate Governance",3328.0,https://scholar.google.com/citations?hl=en&user=6UuLVsMAAAAJ
Dillip Kumar Swain,"Professor, Indian Institute of Technology Kharagpur, India","Agricultural Adaptations to Climate Change, Sustainable & Precision Agriculture, Crop Modeling and Simulation, Organic Farming",3320.0,https://scholar.google.com/citations?hl=en&user=Kom3ossAAAAJ
Dibakar Dhara,"Professor, Department of Chemistry, Indian Institute of Technology Kharagpur","Physical Chemistry of Macomolecules, Synthetic Polymer Chemistry, Colloids and Nanomaterials",3317.0,https://scholar.google.com/citations?hl=en&user=QZiI-c4AAAAJ
Debaprasad Kastha,"Professor of Electrical Engineering, IIT Kharagpur","Power Electronics, Drives, Wind Power",3292.0,https://scholar.google.com/citations?hl=en&user=pXTb_fwAAAAJ
Indranil Sengupta,"Professor of Computer Science and Engineering, Indian Institute of Technology Kharagpur","Reversible and quantum computing, VLSI design and testing",3291.0,https://scholar.google.com/citations?hl=en&user=Nf46wucAAAAJ
Bhabagrahi Sahoo,"School of Water Resources, Indian Institute of Technology Kharagpur","Flood Hydrology, River Basin Management, Solute Transport",3269.0,https://scholar.google.com/citations?hl=en&user=9eGcRx8AAAAJ
Chenna Rao Borra,IIT-Kharagpur,"Extractive metallurgy, Critical Metals, Metal recycling, Sustainable metallurgy",3264.0,https://scholar.google.com/citations?hl=en&user=FEOdwQMAAAAJ
Abhijnan Chakraborty,"Assistant Professor, Computer Science & Engg., IIT Kharagpur","Responsible AI, Social Computing, Information Retrieval, AI for Social Good",3256.0,https://scholar.google.com/citations?hl=en&user=21oQO9oAAAAJ
Kaushal Kumar Bhagat,"Indian Institute of Technology, Kharagpur","Online learning, Augmented Reality, Virtual Reality, Flipped classroom, Formative Assessment",3243.0,https://scholar.google.com/citations?hl=en&user=zE9msuwAAAAJ
Mamata Jenamani,"Professor, IIT Kharagpur","E-Business, Decision modeling and Analytics",3168.0,https://scholar.google.com/citations?hl=en&user=9m9sxGcAAAAJ
Ajay Sidpara,"Mechanical Engineering Department, Indian institute of technology Kharagpur (India)","Surface finishing, Micro machining, finishing, Micro manufacturing",3127.0,https://scholar.google.com/citations?hl=en&user=WcZDF6UAAAAJ
Mruganka Kumar Panigrahi,Department of Geology and Geophysics IIT Kharagpur WB 721302,"Geology, Environmental Science, Chemistry, Metallurgy",3118.0,https://scholar.google.com/citations?hl=en&user=NaRhrf8AAAAJ
Santanu Kumar Bhowmik,"Professor of Department of Geology & Geophysics, Indian Institute of Technology Kharagpur","Metamorphic Petrology, Subduction zone processes, Early Earth Tectonics, Diffusion Chronometry",3110.0,https://scholar.google.com/citations?hl=en&user=851aFzoAAAAJ
Rajarshi Samanta,"Department of Chemistry, IIT Kharagpur, India","Synthetic Organic Chemistry, Transition metal catalysis",3081.0,https://scholar.google.com/citations?hl=en&user=yStEsmMAAAAJ
Sandip Chakraborty,"Associate Professor, Indian Institute of Technology Kharagpur","Computer Systems, Human Computer Interaction, Ubiquitous and Pervasive Systems",3048.0,https://scholar.google.com/citations?hl=en&user=pQ6C8YAAAAAJ
Aditya Bandopadhyay,Indian Institute of Technology Kharagpur,"Electrokinetics, Microfluidics, Transport in Porous Media",3018.0,https://scholar.google.com/citations?hl=en&user=nRyh8bcAAAAJ
Suvra Sekhar Das,"Prof. GS Sanyal School of Telecommunication,  IIT Kharagpur","Wireless Communications, OFDM, Radio Resource Allocation, MIMO, Call Admission Control",3012.0,https://scholar.google.com/citations?hl=en&user=-WhrwEcAAAAJ
Debashish Chakravarty,"Professor Department of Mining Engineering IIT KGP, India","Mining Engg, 3DReconst-GeoImaging, DIP-DSP Georesources, Rockmech Slope Stability, Envt Remote",2998.0,https://scholar.google.com/citations?hl=en&user=SHZ3TJgAAAAJ
Praphulla Chandra Shukla,IIT Kharagpur,,2984.0,https://scholar.google.com/citations?hl=en&user=yDkO6B4AAAAJ
Suman Kalyan Samanta,"Associate Professor of Chemistry, IIT Kharagpur","Supramolecular Chemistry, Conjugated Polymers, Porous Polymer Networks, Device Applications",2980.0,https://scholar.google.com/citations?hl=en&user=_SM11YYAAAAJ
Siddhartha Mukhopadhyay,"Professor of Electrical Engineering, Indian Institute of Technology Kharagpur","Signal Processing, Estimation, Diagnostics, Systems and Control Engineering, Industrial Automation",2952.0,https://scholar.google.com/citations?hl=en&user=8bKV3J0AAAAJ
Kartick Tarafder,"Indian Institute of Technology Kharagpur, India","Condensed matter physics, molecular spintronics, organomatallics",2951.0,https://scholar.google.com/citations?hl=en&user=k0B3dF0AAAAJ
Vidya Kochat,"Materials Science Centre, Indian Institute of Technology, Kharagpur",2D materials,2950.0,https://scholar.google.com/citations?hl=en&user=2Z8tZiMAAAAJ
Kousik Deb,"Professor of Civil Engineering Department, IIT Kharagpur","Ground Improvement, Soil-Structure Interaction, Reinforced Earth, Geotechnical Earthquake",2893.0,https://scholar.google.com/citations?hl=en&user=RgiJlGIAAAAJ
Ajay Kumar Singh,"Dept. of Physics, IIT Kharagpur",nuclear physics,2891.0,https://scholar.google.com/citations?hl=en&user=kGb_O5IAAAAJ
Debarati Sen,"Assistant Professor, Indian Institute of Technology, Kharagpur","4G & Beyand, PHY & MAC Layer, Short Range Communication, Green Communication, Coherent Optical Communication",2883.0,https://scholar.google.com/citations?hl=en&user=CfWWEDwAAAAJ
jyotirmoy bhattacharya,"Assistant Professor, IIT Kharagpur, India.","QFT, gravity, String theory",2865.0,https://scholar.google.com/citations?hl=en&user=V0NjFqoAAAAJ
Arobinda Gupta,Indian Institute of Technology Kharagpur,,2832.0,https://scholar.google.com/citations?hl=en&user=vAiphMEAAAAJ
Manish Pandey,Indian Institute of Technology Kharagpur,"Hydraulics, Sediment Transport, Fluvial Hydraulics",2827.0,https://scholar.google.com/citations?hl=en&user=iQobIAMAAAAJ
Chacko Jacob,"Former Professor, Materials Science Centre, IIT-Kharagpur","Nanomaterials, Materials Science",2817.0,https://scholar.google.com/citations?hl=en&user=37es0UcAAAAJ
Dr. ashok kumar,"Central Agricultural University, Imphal; Dept. of Agricultural and Food Engineering, IIT …","microwave food processing, drying, concentration of fruit juices, modeling and simulation",2807.0,https://scholar.google.com/citations?hl=en&user=1Wj3koEAAAAJ
UC Gupta,Indian Institute of Technology Kharagpur,"Stochastic Modelling, Queueing, Portfolio Optimization",2798.0,https://scholar.google.com/citations?hl=en&user=QgjRjK0AAAAJ
Siddhartha Sen,"Former Professor of Electrical Engineering, Indian Institute of Technology, Kharagpur","Control systems, Fractional order systems, MEMS sensors, Control allocation",2750.0,https://scholar.google.com/citations?hl=en&user=RhEHgw0AAAAJ
Debasis Deb,"Professor of Mining Engineering, IIT Kharagpur","Rock Mechanics, Numerical Modelling",2723.0,https://scholar.google.com/citations?hl=en&user=CD2jSQEAAAAJ
Anirvan DasGupta,Indian Institute of Technology Kharagpur,"Mechanics, Dynamics, Vibration, Robotics",2703.0,https://scholar.google.com/citations?hl=en&user=AG2PJKAAAAAJ
Roy Choudhury,"Professor of Mechanical Engineering, Indian Institute of Technology, Kharagpur India","CNC, conventional and Non-traditional …, free form surface machining, curved layered manufacturing, mechanisms design",2702.0,https://scholar.google.com/citations?hl=en&user=i4uZgGEAAAAJ
Prasana Kumar Sahoo,"Associate Professor, Indian Institute of Technology Kharagpur","2D Quantum Materials, Heterostructures and Optoelectronic devices",2680.0,https://scholar.google.com/citations?hl=en&user=RZH3sSwAAAAJ
MP  Biswal,"Professor of Mathematics, IIT Kharagpur","Opearations Research, Fuzzy Programming, Stochastic Programming, Multi choice Programming",2666.0,https://scholar.google.com/citations?hl=en&user=z70VTx8AAAAJ
Anirban Dhar,"Professor of Civil Engineering, IIT Kharagpur","Computational Hydraulics, Groundwater Hydraulics, Water Resources Systems",2651.0,https://scholar.google.com/citations?hl=en&user=C1WJWGEAAAAJ
Koushik Biswas,"Professor of Metallurgical and Materials Engineering, Indian Institute of Technology …","Ceramics, energy materials",2651.0,https://scholar.google.com/citations?hl=en&user=OaMT0bEAAAAJ
Gargi Das,"Professor of Chemical Engineering, Indian Institute of Technology Kharagpur","Multiphase flow, Newtonian and non-Newtionan flows, Computaional fluid dynamics",2626.0,https://scholar.google.com/citations?hl=en&user=gF_25tAAAAAJ
Shashi Prakash Sharma,"Dept of Geology and Geophysics, IIT, Kharagpur","Electrical and EM Geophysics, Groundwater Geophysics, Geophysical Optimization",2576.0,https://scholar.google.com/citations?hl=en&user=WsSFrpgAAAAJ
Dr. Sukanta Mandal,Indian Institute of Technology Kharagpur,"Inorganic Chemistry, Coordination Chemistry, Bioinorganic Chemistry, Water Splitting Chemistry",2565.0,https://scholar.google.com/citations?hl=en&user=1tExFMMAAAAJ
Samir Kumar Pal,"Professor, Department of Mining Engineering, Indian Institute of Technology Kharagpur","Mine Void Filling, Geomechanics, Wear of Elastomers in Mining",2558.0,https://scholar.google.com/citations?hl=en&user=haAbQ6oAAAAJ
Pulak Mishra,"Professor, Department of Humanities and Social Sciences, Indian Institute of Technology","Industrial Economics, Public Economics and Policy, Economics of Rural Development",2533.0,https://scholar.google.com/citations?hl=en&user=lkkZ58UAAAAJ
Mainack Mondal,"Assistant Professor at Department of Computer Science and Engineering, IIT Kharagpur","Usable privacy & security, Online Safety, HCI, networked systems, Applied AI",2522.0,https://scholar.google.com/citations?hl=en&user=AUllGoAAAAAJ
Dr. Gourav Dhar Bhowmick,"Assistant Professor at Indian Institute of Technology Kharagpur, India","Bio-electrochemical Systems, Aquacultural Systems, Microbial Fuel Cell, Carbon Capture, Wastewater Treatment",2503.0,https://scholar.google.com/citations?hl=en&user=HlWA628AAAAJ
Sri Krishna kumar,IIT Kharagpur,,2486.0,https://scholar.google.com/citations?hl=en&user=pHaz2NcAAAAJ
Prasanta Kumar Datta,Indian Institute of Technology Kharagpur,"Laser Physics, Nonlinear Optics, Ultrafast Science",2467.0,https://scholar.google.com/citations?hl=en&user=HOK6ZUMAAAAJ
Vijai Nath Giri,IIT Kharagpur,Communication Studies,2455.0,https://scholar.google.com/citations?hl=en&user=FyTSGMwAAAAJ
Purbarun Dhar,"Associate Professor of Mechanical Engineering, Indian Institute of Technology Kharagpur","microfluidics, droplets, fluid dynamics, thermal sciences, electromagnetism",2450.0,https://scholar.google.com/citations?hl=en&user=4NDNHPQAAAAJ
khanindra Pathak,Indian Institute of Technology Kharagpur,"Surface Mining, Mining Environment, Remote Sensing GIS, Noise Pollution, Mining Machinery",2437.0,https://scholar.google.com/citations?hl=en&user=Snl-qzwAAAAJ
Raghunath Ghara,IIT Kharagpur,"Cosmology, Cosmic Reionization, Simulation, Radio Astronomy, HI signal",2423.0,https://scholar.google.com/citations?hl=en&user=WmNdlCkAAAAJ
Burada PS,"Associate Professor, Indian Institute of Technology Kharagpur, India","Soft matter Physics, Non-equilibrium Statmech, Low Re Hydrodynamics",2410.0,https://scholar.google.com/citations?hl=en&user=knof4IoAAAAJ
Dhananjay Kumar srivastava,IIT Kharagpur,Internal Combustion Engine,2393.0,https://scholar.google.com/citations?hl=en&user=j23mYyoAAAAJ
Sourav Mitra,"Asst. Professor, Department of Mechanical Engineering, IIT Kharagpur, India","Thermodynamics, Refrigeration, Adsorption, Thermal system design, Heat transfer",2340.0,https://scholar.google.com/citations?hl=en&user=ea7ot_cAAAAJ
Dr Renji Remesan,"Associate Professor, Indian Institute of Technology Kharagpur","Water management, Hydrology, Hydroinformatics, Climate change, numerical weather modelling",2319.0,https://scholar.google.com/citations?hl=en&user=ve8gekoAAAAJ
Saibal Gupta,"Professor of Geology, IIT Kharagpur","Structural Geology, Metamorphic Petrology, Tectonics",2307.0,https://scholar.google.com/citations?hl=en&user=tpmaaVAAAAAJ
CS Kumar,"Professor, Department of Mechanical Engineering, IIT Kharagpur","Robotics, Control Systems, Addtive Manufacturing, Biomedical Systems, Communication Networks",2297.0,https://scholar.google.com/citations?hl=en&user=i54NS70AAAAJ
"Sanjay K. Chaturvedi, SMIEEE","Subir Chowdhury School of Quality and Reliability, IIT Kharagpur","Reliability modeling, reliability analysis, reliability data, repairable system, maintenance",2296.0,https://scholar.google.com/citations?hl=en&user=ULGIT6UAAAAJ
Amey Pathak,"Assistant Professor, IIT Kharagpur","Moisture Recycling, Land Atmosphere Interactions, Monsoon, Hydroclimatology, Digital Agriculture",2288.0,https://scholar.google.com/citations?hl=en&user=do9u7u8AAAAJ
Tanmaya Pathak,"Professor, Department of Chemistry, Indian Institute of Technology Kharagpur, Kharagpur …","synthetic chemistry, carbohydrate and nucleoside chemistry, heterocycles, enzyme inhibitors",2285.0,https://scholar.google.com/citations?hl=en&user=Qsi_zm4AAAAJ
Vallayil Naikan,"Indian Institute of Technology, Kharagpur","Industrial Engineering, Quality & Reliability Engineering",2268.0,https://scholar.google.com/citations?hl=en&user=rz53WAgAAAAJ
Saikat Paul,"Professor, IIT Kharagpur","Sustainable buildings and communities, Remote Sensing, GIS",2262.0,https://scholar.google.com/citations?hl=en&user=jv9TJuEAAAAJ
Biswajit Mahanty,"Professor, Dept. of Industrial and Systems Engineering, IIT Kharagpur, India","System Dynamics, Operations Research, Information Systems, Project Management",2258.0,https://scholar.google.com/citations?hl=en&user=d9joiiMAAAAJ
Anupam Midya,"Dept. of Education, IIT Kharagpur","Material chemistry, Energy Conversion(Solar cells, Photodetectors), Supercapacitors, Sensors",2244.0,https://scholar.google.com/citations?hl=en&user=9BSBXxwAAAAJ
srabanti mukherjee,IIT Kharagpur,Marketing,2239.0,https://scholar.google.com/citations?hl=en&user=YrrnBNEAAAAJ
Subia Bano,"IIT Kharagpur, Elvesys Microfluidics Innovation Centre-Paris","3D Organoid model, Biomaterials andTissue Engineering, Drug disco, Drug/gene delivery, Microfluidics",2228.0,https://scholar.google.com/citations?hl=en&user=lP0CgmIAAAAJ
Raja Datta,"Professor, E & ECE, Former Head of CIC and GSSST, IIT Kharagpur","Software Defined Networks, Edge Computing, Inter-Planetary Networks, Elastic Optical Networks",2226.0,https://scholar.google.com/citations?hl=en&user=s3CxWeoAAAAJ
Ankit Shekhar,IIT Kharagpur,"Atmosphere-Biosphere Exchange, Environmental Remote Sensing, Agriculture, Extreme Events",2224.0,https://scholar.google.com/citations?hl=en&user=kilF6C8AAAAJ
Debarati Sen,"Professor, Indian Institute of Technology Kharagpur","5G/6G Communication, AI enabled Wireless, Millimeter Wave Systems, Terahertz Communications",2219.0,https://scholar.google.com/citations?hl=en&user=9ZkdGRsAAAAJ
Biswajit Mishra,"Professor, Department of Geology & Geophysics, IIT Kharagpur",Ore Mineralogy and Geochemistry,2217.0,https://scholar.google.com/citations?hl=en&user=HgBCZ-8AAAAJ
Aditya Kumar Patra,Indian Institute of Technology Kharagpur,Air Pollution,2209.0,https://scholar.google.com/citations?hl=en&user=Og8I9MEAAAAJ
Poulomi ganguli,"Assistant Professor, Indian Institute of Technology Kharagpur, India","statistical hydrology, climate extremes, water, groundwater hydrology",2202.0,https://scholar.google.com/citations?hl=en&user=-k_IVRkAAAAJ
Raja Sekhar GP,"Professor, Department of Mathematics, IIT Kharagpur, Kharagpur 721302, India","Boundary integral methods, flow through porous media, convection-diffusion-reaction in porous pellets",2190.0,https://scholar.google.com/citations?hl=en&user=naTDDcEAAAAJ
Rajakumar Ananthakrishnan,"Professor in Chemistry, Indian Institute of Technology, Kharagpur, India","Inorganic Materials: Mixed Metal Oxide, Nano Coordination Polymer, Photocatalysis, Applied Surfaces, Environmental Chemistry",2183.0,https://scholar.google.com/citations?hl=en&user=JpiC2vAAAAAJ
Chittaranjan Mandal,"Dept of Computer Sc & Engg, IIT Kharagpur","Synthesis, Verification, Networking",2176.0,https://scholar.google.com/citations?hl=en&user=jkoZD_MAAAAJ
Tanmoy Bhattacharya,"Associate Professor of Electrical Engineering, IIT Kharagpur",Power electronics and drives,2175.0,https://scholar.google.com/citations?hl=en&user=3gceTccAAAAJ
Basudev Lahiri,"Associate Professor, Dept. of Electronics and Electrical Communication Engineering, IIT …","Biophotonics, Optical Biosensing, Metasurface, Clinical Spectroscopy, Optogenetics",2171.0,https://scholar.google.com/citations?hl=en&user=fl41c84AAAAJ
Rajendra Machavaram,"Associate Professor, IIT Kharagpur","Artificial Intelligence, Evolutionary Algorithms, Machine Design, Structural Engineering",2167.0,https://scholar.google.com/citations?hl=en&user=oOwYL6sAAAAJ
Sanjay Gupta,"Professor of Mechanical Engineering, Indian Institute of Technology Kharagpur.","Biomechanics, Finite Element Analysis, Experimental Stress Analysis",2152.0,https://scholar.google.com/citations?hl=en&user=VVhgpt4AAAAJ
Shivakiran Bhaktha BN,Indian Institute of Technology Kharagpur,Photonics,2146.0,https://scholar.google.com/citations?hl=en&user=lWQ65tIAAAAJ
Dr. Damodhara R. Mailapalli,"Professor of Agricultural and Food Engineering Department, IIT Kharagpur, India","Agricultural water management, environmental quality analysis and …",2138.0,https://scholar.google.com/citations?hl=en&user=np9PCWEAAAAJ
Dr. Indrasis Das,"School of Water Resources, IIT Kharagpur","Environmental Engineering, Wastewater Treatment, Bioelectrochemistry",2137.0,https://scholar.google.com/citations?hl=en&user=TFIqLh0AAAAJ
Dr. Bhargab Maitra,"Professor, Civil Engineering Department, IIT Kharagpur","Transportation Planning, Traffic Engineering",2128.0,https://scholar.google.com/citations?hl=en&user=VlhiCpsAAAAJ
Nagaprasad Puvvada,"VITAP University, Indian Institute of Technology, Kharagpur, Dalhousie University, Indian …","Nanotechnology, Drug delivery, Cancer and Cardiovascular disease",2115.0,https://scholar.google.com/citations?hl=en&user=JEvxHugAAAAJ
Suman Maiti,"Associate Professor of Electrical Engineering Department, Indian Institute of Technology …",Power Electronics and Machine Drives,2112.0,https://scholar.google.com/citations?hl=en&user=QFBUSScAAAAJ
WILLIAM MOHANTY,IIT Kharagpur,Earth Sciences,2111.0,https://scholar.google.com/citations?hl=en&user=meyQexUAAAAJ
Debabrata Sen,"Indian Institute of Technology Kharagpur, India","Ship and offshore hydrodynamics, numerical free-surface flows",2111.0,https://scholar.google.com/citations?hl=en&user=4cxZfJQAAAAJ
Baidurya Bhattacharya,Indian Institute of Technology Kharagpur,"computational materials science, probabilistic mechanics, structural reliability",2091.0,https://scholar.google.com/citations?hl=en&user=-iiTsI0AAAAJ
Dr.-Ing. Siddhartha Roy,"Assistant Professor, Indian Institute of Technology Kharagpur","Composites, Porous Ceramics, Synchrotron X-ray diffraction, Mechanical behavior of materials",2090.0,https://scholar.google.com/citations?hl=en&user=mI_Dgm0AAAAJ
Sanjib K. Patra,"Professor, Department of Chemistry,  Indian Institute of Technology Kharagpur","Inorganic, Organometallic, Catalysis, Polymer Chemistry, Materials Chemistry",2087.0,https://scholar.google.com/citations?hl=en&user=96B2gOoAAAAJ
NR Mandal,"Professor, Ocean Engineering and Naval Architecture, IIT Kharagpur","shipbuilding, welding distortion, distortion analysis, distortion mitigation, weld induce buckling",2061.0,https://scholar.google.com/citations?hl=en&user=a-lcLLYAAAAJ
Ashis Bhattacherjee,"Former Professor, Department of Mining Engineering, IIT Kharagpur","Occupational Health and Safety, Mine Safety, Operations Research, Quality Control, Epidemiology",2054.0,https://scholar.google.com/citations?hl=en&user=vANCXeoAAAAJ
Shailendra Varshney,"IIT Kharagpur, Hokkaido University, Delhi College of engineering",photonics,2038.0,https://scholar.google.com/citations?hl=en&user=7KsrPeEAAAAJ
NK Kishore,Indian Institute of Technology Kharagpur,Electrical Engineering,2038.0,https://scholar.google.com/citations?hl=en&user=4Ta1VT0AAAAJ
Sanghamitra Ray,"Professor, Geology & Geophysics, Indian Institute of Technology, Kharagpur, India","Vertebrate Paleontology, bone histology, Gondwana geology",2031.0,https://scholar.google.com/citations?hl=en&user=AygHvagAAAAJ
Kailash BL Srivastava,Professor Department of Humanities and social sciences IIT Kharagpur,"Organizational behavior, Human resource management, KM and innovation, learning organizations, leadership studies",2025.0,https://scholar.google.com/citations?hl=en&user=4KySSZQAAAAJ
Dr. Somjeet Biswas,"Professor, Indian Institute of Technology Kharagpur, Metallurgical and Materials","Light metals & Alloys, Plastic Deformation, Microstructure & Texture, Fracture & Fatigue",2024.0,https://scholar.google.com/citations?hl=en&user=UzY9V3kAAAAJ
Krishna Kumar,Indian Institute of Technology Kharagpur,"Pattern-forming Instabilities, Nonlinear Dynamics",2008.0,https://scholar.google.com/citations?hl=en&user=IxB0YjcAAAAJ
Dr. M. Mandal,Indian Institute of Technology Kharagpur,"Mesoscale Modeling of Extreme Weather …, Regional Climate Modeling, Land Surface Observation and Modeling",1996.0,https://scholar.google.com/citations?hl=en&user=rJbalqoAAAAJ
SASWAT CHAKRABARTI,"Professor, GS Sanyal School of Telecommunications at IIT Kharagpur","Wireless communications, biomedical electronics",1995.0,https://scholar.google.com/citations?hl=en&user=7zHOackAAAAJ
Saikat Das,Indian Institute of Technology Kharagpur,"Physics, Materials & Microwave Devices, Scanning probe microscopy",1914.0,https://scholar.google.com/citations?hl=en&user=iQSEq3MAAAAJ
Srinibas Karmakar,"Professor, Indian Institute of Technology Kharagpur","Droplet and Spray Combustion, Combustion of solid fuels and propellant, Alternative fuels for",1910.0,https://scholar.google.com/citations?hl=en&user=o3BG2gkAAAAJ
Goshaidas Ray,IIT Kharagpur,Control Systems,1893.0,https://scholar.google.com/citations?hl=en&user=jzcKC60AAAAJ
Santanu Kapat,Professor at Indian Institute of Technology (IIT) Kharagpur,High Performance Digital Control in DC-DC …,1888.0,https://scholar.google.com/citations?hl=en&user=2lNmcsAAAAAJ
LS Ramachandra,"IIT Kharagpur, India,","Stability of structures, Impact Dynamics",1884.0,https://scholar.google.com/citations?hl=en&user=MDgJsTwAAAAJ
Koustav Rudra,"Assistant Professor, IIT Kharagpur","Responsible AI, Information Retrieval, AI in Healthcare, NLP, Social Computing",1853.0,https://scholar.google.com/citations?hl=en&user=t9LUAUQAAAAJ
Ayan Roy Chaudhuri,"Professor, Indian Institute of Technology Kharagpur","Epitaxial Thin films, Nano scale functional materials and …, Memristive materials",1839.0,https://scholar.google.com/citations?hl=en&user=hfxWoZ0AAAAJ
Partha Roy Chaudhuri,"Professor of Physics, IIT Kharagpur","fiber optics, optoelectronics, Integrated optics, devices",1836.0,https://scholar.google.com/citations?hl=en&user=QYmLn_oAAAAJ
Papri Chakraborty,"Assistant Professor, Department of Chemistry, IIT Kharagpur","Noble metal clusters, Mass spectrometry, supramolecular chemistry, physical chemistry",1836.0,https://scholar.google.com/citations?hl=en&user=6dgglaAAAAAJ
Vikranth Racherla,"Professor, Mechanical Engineering, IIT Kharagpur","Constitutive modeling, non-linear homogenization, plasticity",1821.0,https://scholar.google.com/citations?hl=en&user=2jWvEGkAAAAJ
Dibyendu Kamilya,"Associate Professor, Indian Institute of Technology Kharagpur, India","Fish Health, Aquacultural Environment, Aquaculture Systems",1816.0,https://scholar.google.com/citations?hl=en&user=-ed-DcgAAAAJ
Sourav Mondal,"Associate Professor, Indian Institute of Technology Kharagpur, India","Transport phenomena, membrane separation, adsorption, microfluidics, nematic liquid crystal",1808.0,https://scholar.google.com/citations?hl=en&user=klFemNcAAAAJ
Tapas Kumar Bandyopadhyay,"Professor-MME Dept,  Professor incharge IPR and IR,IIT-Kharagpur","Intellectual Property, Physical Metallurgy of Steel, Materials Processing, Biofuel",1803.0,https://scholar.google.com/citations?hl=en&user=9EV0Cl0AAAAJ
Shreya Ghosh,"Assistant Professor, IIT Kharagpur","Affective Computing, Responsible AI, Deep Learning, Computer Vision",1798.0,https://scholar.google.com/citations?hl=en&user=nlOQ2CkAAAAJ
JK Jha,"Professor and Head, Industrial & Systems Engineering, Indian Institute of Technology …","Supply chain optimization, Inventory Control, Advanced Operations Research",1789.0,https://scholar.google.com/citations?hl=en&user=u45wNNcAAAAJ
S. Aich,Indian Institute of Technology Kharagpur,"Smart materials (SMA/FMSMA), Thin Flim, Magnetic materials, Bio-materials, and Surface modifications.",1785.0,https://scholar.google.com/citations?hl=en&user=_AlDGUsAAAAJ
Dr. Shantonu Roy,"IIT Kharagpur, Researcher","Biohydrogen, thermophiles, algae, biomass, bioethanol",1769.0,https://scholar.google.com/citations?hl=en&user=eHnnLJYAAAAJ
Manish A. Mamtani,"Professor, Department of Geology & Geophysics, IIT Kharagpur",Geology,1766.0,https://scholar.google.com/citations?hl=en&user=zJpNpGMAAAAJ
Murali M Bosukonda,"Professor of Electrical Engineering, IIT Kharagpur",Control Systems,1764.0,https://scholar.google.com/citations?hl=en&user=kwXpDFoAAAAJ
Mintu Halder,"Professor of Chemistry, IIT Kharagpur","Optical Spectroscopy, Optical microscopy, Instrumentation",1762.0,https://scholar.google.com/citations?hl=en&user=fb2X5VQAAAAJ
Anindya S. Ghosh,Indian Institute of Technology Kharagpur,"microbiology, protein chemistry, PBP, beta-lactamase, antibiotic resistance",1756.0,https://scholar.google.com/citations?hl=en&user=qpg_V9gAAAAJ
Aniruddha Sengupta,Indian Institute of Technology Kharagpur (India),"Civil Engineering, Geotechnical Engineering, Earthquake Engineering",1743.0,https://scholar.google.com/citations?hl=en&user=qxC8d_wAAAAJ
Sourangshu Bhattacharya,"Associate Professor, at Dept. Computer Science and Engineering, Indian Institute of …","Machine Learning, Subset Selection, Big Data, Optimization",1740.0,https://scholar.google.com/citations?hl=en&user=IixRsP0AAAAJ
Somdeb BoseDasgupta,"Associate Professor, Department of Bioscience and Biotechnology, IIT Kharagpur","Host-Parasite interaction, PoC Diagnostics, Host-directed Therapeutics, Drug Repurposing",1738.0,https://scholar.google.com/citations?hl=en&user=W8ADrVYAAAAJ
Subhadip Dey,"Assistant Professor at Aquacultural Engineering Discipline, Agricultural and Food Eng, IIT …","Microwave and Optical Remote Sensing, Water Quality, Land Use Land Cover, Machine learning",1713.0,https://scholar.google.com/citations?hl=en&user=buTbWvUAAAAJ
Pragya shukla,"Professor of Physics, Indian Institute of Technology, Kharagpur","Physics, random matrix theory, condensed matter physics",1712.0,https://scholar.google.com/citations?hl=en&user=81gk0gkAAAAJ
Debaditya Roy,"Faculty@CSE, IIT Kharagpur",Computer Vision Intelligent Transportation …,1710.0,https://scholar.google.com/citations?hl=en&user=L0Lq-fAAAAAJ
Dr. Sandeep Kumar Reddy,Indian Institute of Technology Kharagpur,"Material interfaces, self-assembly phenomena in supramolecular …, aqueous solutions and",1704.0,https://scholar.google.com/citations?hl=en&user=uISTfwgAAAAJ
Arun Kumar Majumder,"Indian Institute of Technology (IIT), Kharagpur","Mineral processing, Coal Preparation, Bulk Material Handling, Environmental Engineering",1703.0,https://scholar.google.com/citations?hl=en&user=WIkF_ToAAAAJ
Nilesh Kumar Shrivastava,Materials Science IIT kharagpur,"Polymers, Nano-materials, Bio-composites",1701.0,https://scholar.google.com/citations?hl=en&user=zVF8UYsAAAAJ
Manish Bhattacharjee,"Professor of Chemistry, Indian Institute of Technology Kharagpur","Synthetic Inorganic Chemistry, Homogeneous Catalysis, Metal-organic gels",1686.0,https://scholar.google.com/citations?hl=en&user=gAvHppcAAAAJ
Pranab K Dan,"Indian Institute of Technology, Kharagpur","Engineering Design Process, Product Development & Manufacturing and …",1679.0,https://scholar.google.com/citations?hl=en&user=HdVSyFgAAAAJ
Dr. Debarghya Chakraborty,"Associate Professor, Department of Civil Engineering, Indian Institute of Technology (IIT) …","Computational Geomechanics, Reinforced Soil Structures, Probabilistic Analysis in Geomechanics, Rock",1679.0,https://scholar.google.com/citations?hl=en&user=mFuRklAAAAAJ
Vanteru Mahendra Reddy,"Associate Professor, IIT Kharagpur",Combustion and emission control,1678.0,https://scholar.google.com/citations?hl=en&user=oUI39ggAAAAJ
Dr. Gorachand Dutta,Indian Institute of Technology Kharagpur,"Analytical chemistry, Electrochemical Biosensors, Bio-MEMS, Microfluidics, Lab-on-a-Chip",1667.0,https://scholar.google.com/citations?hl=en&user=c8qHpkAAAAAJ
Indrajit Chakrabarti,"Professor, Dept. of Electronics and Electrical Communication Engineering, IIT Kharagpur","VLSI Architectures for Video and Image …, Error Control Coding and Communication",1665.0,https://scholar.google.com/citations?hl=en&user=6lH0th4AAAAJ
Goutam Das,Professor a IIT Kharagpur,Optical Access Networks,1658.0,https://scholar.google.com/citations?hl=en&user=MrFIdBwAAAAJ
Sreeraj Puravankara,"School of Energy Science & Engineering, IIT Kharagpur energystoragelabii.wixsite.com/my …","Alkali metal ion batteries, Energy Storage, Solid State Chemistry, Na-ion battery, Multi-physics",1657.0,https://scholar.google.com/citations?hl=en&user=9M9U_jYAAAAJ
Pranab Deb,IIT Kharagpur,"Antarctic Climate, Himalayan Climate, Global Teleconnection, Ice shelf stability",1654.0,https://scholar.google.com/citations?hl=en&user=Ftl0YU4AAAAJ
manas paliwal,IIT Kharagpur,,1654.0,https://scholar.google.com/citations?hl=en&user=vferQ7kAAAAJ
Debanjan Das,IIT Kharagpur,"Sensing, Embedded Systems, IoT, Healthcare Technology, Machine learning for health",1650.0,https://scholar.google.com/citations?hl=en&user=ss7qwk4AAAAJ
Prof. T. Raja Sekhar,"Department of Mathematics, IIT Kharagpur","Lie group analysis, Hyperbolic conservation laws",1643.0,https://scholar.google.com/citations?hl=en&user=cx46fWcAAAAJ
Amar Nath Gupta,"Associate Professor, IIT Kharagpur","Physics, Biophysics",1635.0,https://scholar.google.com/citations?hl=en&user=KCnR67AAAAAJ
Kamal Lochan Pruseth,"Associate Professor, Department of Geology & Geophysics, IIT, Kharagpur","Ore Geology, Experimental Petrology, Geochemistry",1631.0,https://scholar.google.com/citations?hl=en&user=QYyhtsIAAAAJ
Arnab Atta,"Professor, Indian Institute of Technology Kharagpur, Department of Chemical Engineering","Multiphase Systems, CFD, Microfluidics, Process Intensification",1626.0,https://scholar.google.com/citations?hl=en&user=H9rIc5AAAAAJ
Avik Samanta,Assistant Professor at IIT Kharagpur,"Systems Chemistry, Soft Matter, Protocells, Supramolecular Chemistry, Biomimetic Systems",1625.0,https://scholar.google.com/citations?hl=en&user=OUINMhUAAAAJ
Lisa Roy,"Assistant Professor, Indian Institute of Technology Kharagpur","Computational Chemistry, Catalysis",1609.0,https://scholar.google.com/citations?hl=en&user=N8pF5kwAAAAJ
Nirjhar Dhang,"Professor, Department of Civil Engineering, Indian Institute of Technology Kharagpur India","Concrete, Structural Health Monitoring, Biomechanics, Machine Learning",1606.0,https://scholar.google.com/citations?hl=en&user=0pTdbHsAAAAJ
Ahin Roy,"Indian Institute of Technology, Kharagpur","Functional nanomaterials, DFT, AC-STEM",1554.0,https://scholar.google.com/citations?hl=en&user=OacpR3AAAAAJ
Partha Bhowmick,"Professor, Computer Science and Engineering, Indian Institute of Technology, Kharagpur","Digital Geometry, Digital Topology, Combinatorial Image Analysis, Computer Graphics, Algorithmic Art",1549.0,https://scholar.google.com/citations?hl=en&user=ExC8yMUAAAAJ
Neeraj Kumar Goyal,"Subir Chowdhury School of Quality and Reliability, IIT Kharagpur","Probabilistic Risk Assessment, Network Reliability, System Reliability Modeling, Reliability Testing",1549.0,https://scholar.google.com/citations?hl=en&user=6AERbuMAAAAJ
Vikas Thakur,"Associate Professor, IIT Kharagpur, Kharagpur","waste management (BMW), healthcare services management, Industry 4.0, sustainable supply chain",1549.0,https://scholar.google.com/citations?hl=en&user=GY1VmOkAAAAJ
Anirban Mukherjee,"Professor of Electrical Engineering, IIT Kharagpur",Signal Processing and Machine Learning,1540.0,https://scholar.google.com/citations?hl=en&user=GfTZoYEAAAAJ
CHANCHAL K MUKHERJEE,"Assistant Professor, Agricultural & Food Engineering, IIT kharagpur","Fishing Craft & Gear, Aquacultural Engineering",1534.0,https://scholar.google.com/citations?hl=en&user=uElQGJQAAAAJ
Swambabu Varanasi,Indian Institute of Technology Kharagpur,,1529.0,https://scholar.google.com/citations?hl=en&user=dd0gRP8AAAAJ
Ronit Mandal,"Assistant Professor, Indian Institute of Technology Kharagpur, India","Computational modeling, Non-thermal Processing, Food Process Engineering, Dairy Processing, AI/ML",1526.0,https://scholar.google.com/citations?hl=en&user=ioBfILAAAAAJ
Debraj Choudhury,"Associate Professor, Indian Institute of Technology Kharagpur",Condensed Matter Physics,1523.0,https://scholar.google.com/citations?hl=en&user=Jr9-ZKsAAAAJ
Saumik Bhattacharya,"IIT Kharagpur, India","Computer Vision, Machine Learning",1520.0,https://scholar.google.com/citations?hl=en&user=8pffuA4AAAAJ
Mrityunjoy Chakraborty (Latest),"Professor, E & ECE, IIT, Kharagpur",Signal Processing,1520.0,https://scholar.google.com/citations?hl=en&user=15pXJ7cAAAAJ
Bivas Mitra,"Department of Computer Science and Engineering, Indian Institute of Technology …","Social networks, Data science, Socio-mobile applications",1516.0,https://scholar.google.com/citations?hl=en&user=mQ57itUAAAAJ
Sabyashachi Mishra,IIT Kharagpur,Computational Chemistry,1510.0,https://scholar.google.com/citations?hl=en&user=1DeS-SIAAAAJ
Joydip Bhattacharjee,"Dept. Ocean Engineering and Naval Architecture, IIT Kharagpur","Water waves, Wave-structure interaction, Wave energy devices",1508.0,https://scholar.google.com/citations?hl=en&user=28meZBsAAAAJ
Jayeeta Mitra,"Associate Professor, IIT Kharagpur","Encapsulation, Biodegradable packaging, 3D Printing, Food Rheology",1504.0,https://scholar.google.com/citations?hl=en&user=tSnzMy4AAAAJ
Sonjoy Majumder,"Professor, Department of Physics, Indian Institute of Technology, Kharagpur","Quantum Computing, ultra-cold atom, Light-matter interaction",1499.0,https://scholar.google.com/citations?hl=en&user=EQMenpkAAAAJ
Vutukuru Vasudeva Rao,"Professor of Cryogenic Engg. centre, IIT Kharagpur","Applied Superconductivity, Cryogenics, Vacuum Technology",1497.0,https://scholar.google.com/citations?hl=en&user=G5O_ZB8AAAAJ
Abhijeet Chandra,"VGSoM, IIT Kharagpur","Behavioral Finance, Alternative Investments, Asset Pricing, Household Finance",1483.0,https://scholar.google.com/citations?hl=en&user=gYTIf2gAAAAJ
Meher Wan,"Advanced Technology Development Centre, Indian Institute of Technology- Kharagpur …","Micro/Nano-Fabrication, Nanophotonics, CVD Growth, Sensors, Manufacturing",1477.0,https://scholar.google.com/citations?hl=en&user=eNjXUHMAAAAJ
Sumit Goswami,Researcher at IIT Kharagpur,"information extraction, machine learning, stylometrics, networks, public key infrastructure",1475.0,https://scholar.google.com/citations?hl=en&user=Ks_uPocAAAAJ
Koeli Ghoshal,"Professor, Dept. of Mathematics, IIT Kharagpur","Turbulent flow in open/ice-covered channel, Mathematical modelling, Diffusion and dispersion",1471.0,https://scholar.google.com/citations?hl=en&user=2unWYzgAAAAJ
prashanth reddy Hanmaiahgari,"Professor, Indian Institute of Technology, Kharagpur, India","Unsteady Flows, Hydrodynamics, Turbulence, Sediment Transport, Pipe flows",1460.0,https://scholar.google.com/citations?hl=en&user=kjnQIFMAAAAJ
Ganesan Mani,"Department of Chemistry, IIT-Kharagpur, India",Chemistry,1460.0,https://scholar.google.com/citations?hl=en&user=0-w7zBsAAAAJ
Prashant Anand,IIT Kharagpur,"Building Physics, Energy Efficiency, IAQ, Thermal Comfort, Building-Urban Data Analytics",1459.0,https://scholar.google.com/citations?hl=en&user=y_TowhQAAAAJ
Paresh Nath Singha Roy,"Professor, Indian Institute of Technology, Kharagpur",Geophysics,1434.0,https://scholar.google.com/citations?hl=en&user=FVc5mWoAAAAJ
Nishant Chakravorty,"Associate Professor, School of Medical Science & Technology, IIT Kharagpur, India","Molecular Biology, Gene Regulation, Cell Signaling, Regenerative Medicine, Beta-thalassemia",1429.0,https://scholar.google.com/citations?hl=en&user=J8eDbqMAAAAJ
Sharba Bandyopadhyay,"Associate Professor, IIT Kharagpur","Auditory Neuroscience, Learning, Perception",1426.0,https://scholar.google.com/citations?hl=en&user=QKjgsvkAAAAJ
Kanchan Chowdhury,Former Professor of Indian Institute of Technology Kharagpur India,"Cryogenic Liquefaction and Air Separation, Heat Exchanger, Fire in oxygen systems, LNG Technology",1415.0,https://scholar.google.com/citations?hl=en&user=xPrJ3OcAAAAJ
Sankha Deb,"Associate Professor of Mechanical Engineering, Indian Institute of Technology Kharagpur","Computer Integrated Manufacturing, Flexible Manufacturing Systems, Automation and Robotics",1409.0,https://scholar.google.com/citations?hl=en&user=mx6BXCcAAAAJ
Dr. Tarun Kumar Kundu,"Professor, Metallurgical and Materials Engineering, IIT Kharagpur","Atomistic Simulation, Extractive Metallurgy, Mineral Processing",1401.0,https://scholar.google.com/citations?hl=en&user=kJpRiZ8AAAAJ
Joydeep Banerjee,"Assistant Professor, Department of Agricultural and Food Engineering, Indian Institute of …","Plant molecular biology, gene expression, Promoter analysis",1397.0,https://scholar.google.com/citations?hl=en&user=_MaLUpIAAAAJ
Debasish Datta,"Professor (Retired), IIT Kharagpur, India",Optical Networks,1388.0,https://scholar.google.com/citations?hl=en&user=zIcC_tMAAAAJ
Dilip Kumar Baidya,Professor of Civil Engineering Department Indian Institute of Technology Kharagpur,"soil dynamics, machine foundation, pile foundations, reliability, geotechnical",1386.0,https://scholar.google.com/citations?hl=en&user=0SyR7WcAAAAJ
Dr. Debashree Guha,"Associate Professor, SMST IIT Kharagpur","Uncertainty modelling, multi-criteria decision making, Fuzzy logic, Aggregation operators",1378.0,https://scholar.google.com/citations?hl=en&user=tD8YpZUAAAAJ
Amit Shaw,Indian Institute of Technology Kharagpur,"computational mechanics, impact mechanics, nano-composite armours",1376.0,https://scholar.google.com/citations?hl=en&user=DzPuAZgAAAAJ
Kamal L. Panigrahi,"Professor, at the Dept of Physics, IIT Kharagpur",String Theory,1368.0,https://scholar.google.com/citations?hl=en&user=YURvG_gAAAAJ
Anindya Sundar Dhar,"Professor, Dept. of Electronics & Electrical Commun. Engg., Indian Institute of Technology …",VLSI Architecture Design,1362.0,https://scholar.google.com/citations?hl=en&user=wMIydycAAAAJ
Kishor Goswami,"Professor of Economics, Dept of HSS, IIT Kharagpur","Development Economics (informal economy, micro-entrepreneurship, Agricultural and Resource Economics",1360.0,https://scholar.google.com/citations?hl=en&user=oGoNAaIAAAAJ
Akhilesh Kumar,"Department of Industrial & Systems Engineering, IIT Kharagpur India",,1358.0,https://scholar.google.com/citations?hl=en&user=L5nZhw8AAAAJ
Nirmalya Bag,"Assistant Professor, Indian Institute of Technology Kharagpur","Fluorescence Spectroscopy, Membrane Biophysics",1347.0,https://scholar.google.com/citations?hl=en&user=pZoum1QAAAAJ
Sourav Patra,"Associate Professor, Department of Electrical Engineering, Indian Institute of Technology …","Robust control, Nonlinear control",1344.0,https://scholar.google.com/citations?hl=en&user=y9KU-zsAAAAJ
Nirmalya Ghosh,"Electrical Engineering, Indian Institute of Technology, Kharagpur","Medical Image Analysis, Image Processing, Artificial Intelligence",1336.0,https://scholar.google.com/citations?hl=en&user=-NZyzXcAAAAJ
Tirtha Sankar Ray,"Indian Institute of Technology Kharagpur, India",High Energy Physics,1334.0,https://scholar.google.com/citations?hl=en&user=KvNuLaEAAAAJ
Dheeman Chatterjee,Assistant Professor of Indian Institute of Technology Kharagpur,Power System Dynamics,1331.0,https://scholar.google.com/citations?hl=en&user=DmIS-5YAAAAJ
Sujoy Ghosh,"Associate Professor, IIT Kharagpur","Experimental petrology, Mineral physics, Mantle Petrology, Mantle xenoliths, Meteorites",1323.0,https://scholar.google.com/citations?hl=en&user=Qrakjb8AAAAJ
Arnab Roy,"Professor, Dept of Aerospace Engg, IIT Kharagpur","Aerodynamics, CFD, Propulsion",1323.0,https://scholar.google.com/citations?hl=en&user=_3lVR9sAAAAJ
Suverna Trivedi,"Assistant Professor Chemical Engineering, IIT-KGP","Sustainable material, Energy material, Climate Change, Heterogeneous catalysis",1322.0,https://scholar.google.com/citations?hl=en&user=67eqo7YAAAAJ
Dr. Pratap Kumar Parida,"Post-Doctoral Fellow, Indian Institute of Technology, Kharagpur","Computational Chemistry, Computational Biology, Molecular Modeling, Drug Discovery, AI/ML",1314.0,https://scholar.google.com/citations?hl=en&user=hAT-ah4AAAAJ
Indranil Ghosh,"Cryogenic Engineering Centre, IIT Kharagpur",,1306.0,https://scholar.google.com/citations?hl=en&user=3uHkU58AAAAJ
Chirodeep Bakli,"Associate Professor, IIT Kharagpur","Microfluidics and Nanofluidics, Interfacial Physics, Building Energy, Renewable Energy, Solar & Wind",1295.0,https://scholar.google.com/citations?hl=en&user=cBwTBoQAAAAJ
Sanjeev Kumar Srivastava,IIT Kharagpur,,1295.0,https://scholar.google.com/citations?hl=en&user=fXD4-PcAAAAJ
Tridib Kumar Sinha,"Post doc, Microscience Laboratory, Dept. of Physics, IIT Kharagpur","2D materials, Sensors, Photovoltaic, Piezoelectric, Thermoelectric",1287.0,https://scholar.google.com/citations?hl=en&user=9hh43MkAAAAJ
Kanishka Bhunia,Assistant Professor (IIT KGP),"Food Packaging, Food Engineering, Food Safety",1277.0,https://scholar.google.com/citations?hl=en&user=4ymBw88AAAAJ
Srutee Rout,"Institute Post-Doctoral Fellow, IIT Kharagpur (Department of Chemical Engineering)","Plant Protein Modification, Cold Plasma, Plant-Based Meat, Extrusion Processing, Drying Technology",1267.0,https://scholar.google.com/citations?hl=en&user=JC3fWsoAAAAJ
Arnab Dutta,Post Doctoral Researcher at IIT Kharagpur,Polymeric Materials and Its applications in …,1260.0,https://scholar.google.com/citations?hl=en&user=mxU4QAcAAAAJ
Arkopal K Goswami,Indian Institute of Technology Kharagpur,Transportation Infrastructure Planning and …,1248.0,https://scholar.google.com/citations?hl=en&user=0Ts1wzoAAAAJ
Chandra Chowdhury,"Assistant Professor, Department of Chemistry, IIT Kharagpur","Computational Materials Science, Machine Learning, Quantum Computing",1242.0,https://scholar.google.com/citations?hl=en&user=t3spRWIAAAAJ
Parthasarathi Ghosh,"Professor of Cryogenic Engineering. Indian Institute of Technology, Kharagpur","Cryogenic Process simulation, Equipment design, Two-phase flow: Cavitation, Transfer lines",1232.0,https://scholar.google.com/citations?hl=en&user=Tw9RFUMAAAAJ
gourhari jana,"Department of Chemistry, IITKGP","Theoretical & Computational Chemistry, DFT/CDFT/TDDFT, Catalysis/Aromaticity/NMR/Magnetism …, Machine learning an",1232.0,https://scholar.google.com/citations?hl=en&user=4NKlbKMAAAAJ
Abhishek Kumar Rai,"Faculty, CORAL, IIT Kharagpur","Earth System Science, Geospatial, Natural Hazards & Disasters, Geothermal & Hydrogeology",1231.0,https://scholar.google.com/citations?hl=en&user=w_-EnvkAAAAJ
Dr. Hemant Singh,"Indian Institute of Technology, Kharagpur","Environmental remediation, Wastewater treatment technologies, Adsorption and catalysis, biogas",1230.0,https://scholar.google.com/citations?hl=en&user=tzMGlgUAAAAJ
Dr. Gayatri Mishra,Assistant Professor at Indian Institute of Technology Kharagpur,"Non-destructive technologies for food safety …, Grain Storage, Machine Learning, Microwave",1228.0,https://scholar.google.com/citations?hl=en&user=JBjWcyQAAAAJ
Dr. Nelakanti Gnaneshwar,Indian Institute of Technology Kharagpur,"Integral equations, Eigenvalue problems, differential equations, Numerical functional analysis",1227.0,https://scholar.google.com/citations?hl=en&user=07OaAMgAAAAJ
Somesh Kumar,"Professor of Mathematics, Indian Institute of Technology Kharagpur","Statistical Inference, Decision Theory, Estimation, Quantum Entanglement, Orthogonal arrays",1221.0,https://scholar.google.com/citations?hl=en&user=Y7wWnEMAAAAJ
SABYASACHI MAITI,"Associate Professor of Geology and Geophysics, Indian Institute of Technology Kharagpur","Geomorphology, Mineral Exploration, shoreline change, Remote Sensing, Digital image processing",1216.0,https://scholar.google.com/citations?hl=en&user=Rzxt6N8AAAAJ
Sudipta Mahapatra,"Professor, E & ECE, IIT Kharagpur","Parallel and Distributed Computing, Optical and Wireless Networking, Multimedia",1207.0,https://scholar.google.com/citations?hl=en&user=wc2nDy0AAAAJ
Sudhansu S. Mandal,"Professor, Indian Institute of Technology Kharagpur",Theoretical Condensed Matter Physics,1201.0,https://scholar.google.com/citations?hl=en&user=yudqDWcAAAAJ
Niharika Sahoo,"Rajiv Gandhi School of IP Law, IIT Kharagpur, India","Patent, Trademark, Geographical Indication, Pharmaceutical regulation",1198.0,https://scholar.google.com/citations?hl=en&user=2qy7fyQAAAAJ
Debashis Sen,"Department of Electronics and Electrical Communication Engineering, Indian Institute of …","Vision, Image and Video Processing, Uncertainty Handling, Deep Learning",1187.0,https://scholar.google.com/citations?hl=en&user=21WQYGYAAAAJ
Poonam Sundriyal,"INAE Young Associate, Assistant Professor, IIT Kharagpur","Additive Manufacturing, Energy Storage, Flexible Electronics, Printed Electronics",1186.0,https://scholar.google.com/citations?hl=en&user=PDth8gUAAAAJ
Prasanta Jana,"Senior Project Associate , CRB Research Group, DMME, IIT KHARAGPUR","Porous Materials, Radionuclide Traps, Thermal Energy Storage, Extractive Metallurgy and Recycling",1179.0,https://scholar.google.com/citations?hl=en&user=53BhU-oAAAAJ
Budhaditya Mukherjee,"Assistant Professor, SMST, IIT Kharagpur","host parasite interaction, cell biology, immunology, parasitology, cell biology",1174.0,https://scholar.google.com/citations?hl=en&user=8bV7mn8AAAAJ
Ravikant Vadlamani,"Professor, Indian Institute of Technology Kharagpur","Isotope geology and geochronology, petrology, crustal evolution",1168.0,https://scholar.google.com/citations?hl=en&user=SAJrjdoAAAAJ
Somenath Ganguly,"Chemical Engineering, Indian Institute of Technology, Kharagpur","Microencapsulation, Electrode modification for battery",1158.0,https://scholar.google.com/citations?hl=en&user=sk7ygkwAAAAJ
Ashish R. Hota,"Associate Professor, Indian Institute of Technology (IIT), Kharagpur","Game Theory, Optimization, Control, Network Science, Stochastic Systems",1153.0,https://scholar.google.com/citations?hl=en&user=-1JNOTIAAAAJ
Titash Mondal,Indian Institute of Technology Kharagpur,"Rubber, Flexible sensor, Triboelectric Nanogenerators, Nanocomposites",1152.0,https://scholar.google.com/citations?hl=en&user=xHM-DnYAAAAJ
Somak Aditya,"Assistant Professor, IIT Kharagpur","Knowledge Representation, Commonsense Reasoning, Natural Language Processing, Natural Language Understanding, Visual Reasoning",1147.0,https://scholar.google.com/citations?hl=en&user=2shiHpwAAAAJ
Sandeep D. Kulkarni,"Associate Professor, IIT Kharagpur, India","Drilling & fracturing fluids, EOR, Carbon geo-storage, Geothermal energy",1146.0,https://scholar.google.com/citations?hl=en&user=4Yell1EAAAAJ
Vinay Yadav,"Assistant Professor, Indian Institute of Technology Kharagpur",Environmental Systems Modeling,1135.0,https://scholar.google.com/citations?hl=en&user=cIHjQjUAAAAJ
Ankush Bag,Indian Institute of Technology Kharagpur,"Wide-bandgap Semiconductors, Power Devices, Photodetectors, Epitaxial Growth, Ga2O3",1129.0,https://scholar.google.com/citations?hl=en&user=bKP5Gl0AAAAJ
Sonali Sengupta,"Professor of Chemical Engineering, IIT Kharagpur","Catalysis, Reaction Engineering, Petroleum Fuel processing",1125.0,https://scholar.google.com/citations?hl=en&user=Ekp3_zUAAAAJ
Sandeep Kumar Singh,IIT Kharagpur,"RFID in Supply chain and warehouse, Blockchain",1121.0,https://scholar.google.com/citations?hl=en&user=yzclVtwAAAAJ
Subhadip Mukherjee,"Assistant Professor, Department of E&ECE, IIT Kharagpur, India","Machine Learning, Inverse Problems in Imaging, Optimization",1111.0,https://scholar.google.com/citations?hl=en&user=a4UlE_MAAAAJ
Dr. Neelima Kaushik Shandilya,Indian Institute of Technology Kharagpur,,1107.0,https://scholar.google.com/citations?hl=en&user=Onf486UAAAAJ
Sankhaneel Sinha,"Assistant Professor, IIT Kharagpur","Rock Mechanics, Numerical Modeling",1105.0,https://scholar.google.com/citations?hl=en&user=-G5k63kAAAAJ
Dr. Ajithkumar M,"Postdoctoral Researcher, IIT Kharagpur || Assistant Professor, Amrita Vishwa Vidyapeetham …","Bio Fluid dynamics, Peristaltic Transport, Heat and Mass Transfer, Boundary Layer Theory",1105.0,https://scholar.google.com/citations?hl=en&user=xXIV1AgAAAAJ
Mohammad Saud Afzal,Indian Institute of Technology Kharagpur,"Computational Fluid Dynamics, Coastal Engineering, Hydraulic Engineering, Ocean Engineering",1102.0,https://scholar.google.com/citations?hl=en&user=f34uj7UAAAAJ
Tisha Dixit,"Cryogenic Engineering Centre, IIT Kharagpur",,1099.0,https://scholar.google.com/citations?hl=en&user=_rjBoeoAAAAJ
Jenia Mukherjee,"Associate Professor, Department of Humanities and Social Sciences, IIT Kharagpur","Environmental History, Political Ecology, Urban Studies, Transdisciplinary Waters",1097.0,https://scholar.google.com/citations?hl=en&user=amRm6QoAAAAJ
Riddhiman Dhar,"Assistant Professor, IIT Kharagpur","Systems Biology of disease, Drug resistance evolution",1096.0,https://scholar.google.com/citations?hl=en&user=ymwPdJwAAAAJ
Samudra Roy,"Dept of Physics, IIT Kharagpur",Nonlinear Optics,1088.0,https://scholar.google.com/citations?hl=en&user=EIzhNmMAAAAJ
Debapratim Pandit,"Department of Architecture and Regional Planning, IIT Kharagpur","Urban and Regional Planning, Transportation Planning, Urban Informatics, Urban Infrastructure Planning",1082.0,https://scholar.google.com/citations?hl=en&user=ammjCRUAAAAJ
Dr. Sourabh Arora,"IIT, Kharagpur","Consumer Behaviour, Showrooming, Webrooming",1080.0,https://scholar.google.com/citations?hl=en&user=98Jv37oAAAAJ
Priyabrata Pradhan,"Assistant Professor Grade I, Indian Institute of Technology Kharagpur","Bioenergy, Agricultural Engineering, Ergonomics & Safety",1059.0,https://scholar.google.com/citations?hl=en&user=KGeZWuAAAAAJ
Ashutosh Mohanty,"Assistant Professor, Indian Institute of Technology Kharagpur","Quantum Dots, Nanomaterials for Schools, STEM Education, Chemistry & Neuro Pedagogy, EdTech",1059.0,https://scholar.google.com/citations?hl=en&user=Ve-wiEkAAAAJ
Venkataraman Ganesh,"Associate Professor of Chemistry, IIT Kharagpur","Organic Chemistry, Metal Catalysis, Boron Chemistry and Radical Chemistry",1058.0,https://scholar.google.com/citations?hl=en&user=JhLxJ6wAAAAJ
Partha Pratim Jana,"Associate Professor, IIT Kharagpur","Solid State Chemistry, Crystallography",1051.0,https://scholar.google.com/citations?hl=en&user=jNecUS8AAAAJ
Deepak Reddy Pullaguram,Indian Institute of Technology Kharagpur,"Renewable Energy, Microgrids, Distributed Control, Power System Optimization, Power System Dynamics",1040.0,https://scholar.google.com/citations?hl=en&user=kCmqEtsAAAAJ
Sarani Bhattacharya,Indian Institute of Technology Kharagpur,"Computer Architecture, Micro-architectural security, Hardware Security, Secure systems",1038.0,https://scholar.google.com/citations?hl=en&user=MYJwVyAAAAAJ
Pritha Datta,"Assistant Professor, Indian Institute of Technology Kharagpur","Climate Change, Adaptation, Wellbeing, Sustainability",1037.0,https://scholar.google.com/citations?hl=en&user=aIfTtUwAAAAJ
Alok Kanti Deb,"Professor of Electrical Engineering, IIT Kharagpur","Computational Intelligence, Control Systems, Fault Diagnosis",1036.0,https://scholar.google.com/citations?hl=en&user=wkEq5s4AAAAJ
Akash Kumar,"IIT Kharagpur, Kharagpur","Spintronics, Magnetism, Nano-fabrication, spin Hall nano-oscillators, Unconventional computing",1033.0,https://scholar.google.com/citations?hl=en&user=4U426k4AAAAJ
Dr. Santanu Panda,"Assistant Professor, IIT Kharagpur, India","Organometallic chemistry, Asymmetric Synthesis, Total Synthesis",1024.0,https://scholar.google.com/citations?hl=en&user=Ndhj7KsAAAAJ
Dibyendu Samanta,"Associate Professor, Indian Institute of Technology Kharagpur, India","Molecular and Structural Biology, Protein Engineering & Protein-based …",1018.0,https://scholar.google.com/citations?hl=en&user=Oi5bXI4AAAAJ
Nikita Saxena,"Assistant Professor, IIT Kharagpur","Process Digitalization, Control and Automation, AI-ML, Smart manufacturing",1010.0,https://scholar.google.com/citations?hl=en&user=kAlD-pQAAAAJ
Rathindranath Maiti,"Professor of Mechanical Engineering, IIT Kharagpur","Machine Design, Gear Engineering, Mechanical & Hydrostatic Transmission",1008.0,https://scholar.google.com/citations?hl=en&user=WwTCGoQAAAAJ
Arnab Sarkar,"Professor, ATDC, IIT Kharagpur, India",Real-time Embedded Systems,1007.0,https://scholar.google.com/citations?hl=en&user=dwRVa9EAAAAJ
Atul Jain,"Indian Institute of Technology, Kharagpur","Composites, Fatigue, Damage, Mean field homogenization, metamaterials",1006.0,https://scholar.google.com/citations?hl=en&user=2PQD-JMAAAAJ
Dr. MKRao,"Department of Humanities & Social Sciences, IIT Kharagpur",HR,1006.0,https://scholar.google.com/citations?hl=en&user=caKXaWIAAAAJ
Melinda Kumar Bera,IIT Kharagpur,Geology & Geophysics,999.0,https://scholar.google.com/citations?hl=en&user=V8rUDzMAAAAJ
Tarak Nath Mazumder,"Assistant Professor, Department of Architecture and Regional Planning, IIT Kharagpur","Urban Planning, Transportation Planning, Environmental planning",994.0,https://scholar.google.com/citations?hl=en&user=gqH2KagAAAAJ
Jibesh Patra,"Assistant Professor, Computer Science, Indian Institute of Technology Kharagpur","Software Engineering, Programming Languages, AI for SE",988.0,https://scholar.google.com/citations?hl=en&user=ITkHkhsAAAAJ
Shreya Pal,"Indian Institute of Technology, Kharagpur; Indian Institute of Plantation Management …","International Financial Economics, Macroeconomics, Energy Economics, Environment Economics",982.0,https://scholar.google.com/citations?hl=en&user=LnmEcrkAAAAJ
Jayanta Chakraborty,Indian Institute of Technology,"Copper nano materials, Population Balance Modeling, Discrete Element Method",973.0,https://scholar.google.com/citations?hl=en&user=cdXw0GkAAAAJ
G. Harikrishnan,Indian Institute of Technology Kharagpur,Soft Matter,973.0,https://scholar.google.com/citations?hl=en&user=p6whCHoAAAAJ
Nilanjan Das Chakladar,Indian Institute of Technology Kharagpur,"Composites manufacturing, Process Modelling, Machining, Textile composites",966.0,https://scholar.google.com/citations?hl=en&user=0dAqkqwAAAAJ
Bhowmick Bhaskar.,"Associate Professor, IIT Kharagpur","Firm environment &Leadership strategies, Technology Innovation & Sustainability",962.0,https://scholar.google.com/citations?hl=en&user=2wgDcT8AAAAJ
Sankaran Ramesh,"Assistant Professor, Indian Institute of Technology, Kharagpur","Ultrafast Spectroscopy, Light-Matter Interactions, Chirality",962.0,https://scholar.google.com/citations?hl=en&user=4Bk6g1YAAAAJ
Probal Sengupta,"Associate Professor, Department of Geology & Geophysics, IIT Kharagpur","Seismology, Geophysical prospecting",961.0,https://scholar.google.com/citations?hl=en&user=Xe7_8PIAAAAJ
Apurba Das,"Department of Mathematics, IIT Kharagpur","Non-associative algebras, Cohomology, Rota-Baxter algebras, Homotopy algebras, Yang-Baxter equation",955.0,https://scholar.google.com/citations?hl=en&user=78CrUfYAAAAJ
Plaban Kumar Bhowmik,"Associate Professor, IIT Kharagpur","Artificial Intelligence, Natural Language Processing, Education Technology, HCI",949.0,https://scholar.google.com/citations?hl=en&user=75gf4R8AAAAJ
Kacoli Sen,Indian Institute of Technology Kharagpur,Nanomedicine and Cancer Biology,947.0,https://scholar.google.com/citations?hl=en&user=9ZfbWjgAAAAJ
Pradip Kumar Chakraborty,"Assistant Professor, Department of Chemistry, Indian Institute of Technology Kharagpur …",Functional Inorganic Materials involving …,945.0,https://scholar.google.com/citations?hl=en&user=MlW8YXYAAAAJ
Dr. Vishnu Chandrasekharan Nair,"Assistant Professor, Indian Institute of Technology Kharagpur (IITKGP)","Gas hydrates, Unconventional energy sources, Energy and Environment",937.0,https://scholar.google.com/citations?hl=en&user=64tV51MAAAAJ
Subrata Chattopadhyay,IIT Kharagpur,"urban planning, housing",925.0,https://scholar.google.com/citations?hl=en&user=qDJhG4UAAAAJ
Mihir Kumar Dash,"Associate Professor, IIT Kharagpur, India","Oceanography, climate change, Cryospheric studies, Moonsoon studies, Remote Sensing",919.0,https://scholar.google.com/citations?hl=en&user=J0rzWLoAAAAJ
Anjali Gera Roy,"Professor of English, Dept of HSS, IIT Kharagpur 721 302","Literary, Cultural, Film, Music, Media Studies",913.0,https://scholar.google.com/citations?hl=en&user=py1aLHwAAAAJ
Jayasree Joshi T,Indian Institute of Technology Kharagpur,"Grain Processing and storage, Millet Processing, Post Harvest Engineering",903.0,https://scholar.google.com/citations?hl=en&user=U2xmvQQAAAAJ
Bhupendra M Ghodki,"Assistant Professor Grade I, Indian Institute of Technology Kharagpur","Cryogenic Grinding, Discrete Element Modeling, Particle Technology, Food Process Engineering",898.0,https://scholar.google.com/citations?hl=en&user=uxR67MkAAAAJ
Narayan Chandra Nayak,IIT Kharagpur,"Macro and Development Economics, Public Policy",897.0,https://scholar.google.com/citations?hl=en&user=CTEVT7cAAAAJ
Abhijit Das,"Professor, Department of Computer Science and Engineering, IIT Kharagpur","Computational Number Theory, Cryptography, Cryptanalysis, Parallel Implementations",894.0,https://scholar.google.com/citations?hl=en&user=b_SfaMUAAAAJ
Venkata Naga Vamsi Munagala,"Assistant Professor, Indian Institute of Technology Kharagpur (IIT-KGP)","Thermal Spray Coatings, Metal Matrix Composites, Electrodeposition, Tribology, Corrosion",890.0,https://scholar.google.com/citations?hl=en&user=8oS0DDsAAAAJ
Anindya Sundar Dhar,"Dept. of E&ECE, Indian Institute of Technology, Kharagpur",VLSI Design,889.0,https://scholar.google.com/citations?hl=en&user=92Yu49YAAAAJ
Vidhi Gupta,"Prime Minister Research Fellow, IIT Kharagpur","Active Food Packaging, Biomass Conversion, Green Extraction, Food Science & Technology",886.0,https://scholar.google.com/citations?hl=en&user=03hQjK8AAAAJ
Sangeetha Karunanithi,Indian Institute of Technology Kharagpur,"Food processing and preservation, Cold Plasma, Extraction, Valorization, Product Development",881.0,https://scholar.google.com/citations?hl=en&user=rchw1BYAAAAJ
Koustuv Ray,Indian Institute of Technology Kharagpur,"Catalyst development, process modelling and simulation, machine learning and catalysis",876.0,https://scholar.google.com/citations?hl=en&user=6mO6kvYAAAAJ
Sarath Raj,"CORAL, Indian Institute of Technology Kharagpur",Urban Meteorology,876.0,https://scholar.google.com/citations?hl=en&user=xvlwQlkAAAAJ
Dr. Lalatendu Nayak,IIT- Kharagpur,"conductive polymer composite, blend, nanocomposite",875.0,https://scholar.google.com/citations?hl=en&user=3gnAQQkAAAAJ
Krishna Kant Pandey,"Post doctoral Fellow, Indian Institute of Technology Kharagpur","Surface Engineering, Coatings Technology",871.0,https://scholar.google.com/citations?hl=en&user=MYMGMgMAAAAJ
Kiran R Gore,IIT Kharagpur,"Nucleic Acid Chemistry, siRNA and ASO, G-quadruplex, carbohydrate chemistry, organic synthesis",870.0,https://scholar.google.com/citations?hl=en&user=wC_MoCAAAAAJ
Dr Madhusudan Sau,IIT Kharagpur  Dept of Chemical Engineering,Area of Interest : Petroleum Refining and Bio …,869.0,https://scholar.google.com/citations?hl=en&user=BSrjOf4AAAAJ
Aritri Bir,"Assistant Professor, Dr. BC Roy Multispeciality Medical Research Centre, IIT, Kharagpur","Neurochemistry, Clinical Biochemistry, Biochemistry, Mitochondrial pathology",865.0,https://scholar.google.com/citations?hl=en&user=8eikQsoAAAAJ
Amitabha Bhattacharya,"Professor , Electronics & Electrical Communication engineering, IIT Kharagpur","microwave imaging, high power microwaves, ground penetrating radar",864.0,https://scholar.google.com/citations?hl=en&user=AujyiEEAAAAJ
Archana Shukla,"Assistant Professor, School of Nanoscience and Technology, IIT Kharagpur","Nanomaterials, Dielectric and Ferroelectric nanomaterials, Energy harvesting nanomaterials",862.0,https://scholar.google.com/citations?hl=en&user=GnCJX0UAAAAJ
Dipanjan Kumar Dey,"Assistant Professor, Vinod Gupta School of Management, IIT Kharagpur","Consumer Behavior, Marketing Analytics, Sustainability Marketing",862.0,https://scholar.google.com/citations?hl=en&user=k6mMa1kAAAAJ
Jeevanjyoti Chakraborty,"Associate Professor, Department of Mechanical Engineering, Indian Institute of Technology …","Solid Mechanics, Chemo-mechanics, Batteries, Electrokinetics, Fluid Mechanics",861.0,https://scholar.google.com/citations?hl=en&user=C6Qb0s0AAAAJ
Arpan Hota,Assistant Professor at IIT Kharagpur,"power electronics and drives, renewable energy, multilevel converter, DC/DC converter",861.0,https://scholar.google.com/citations?hl=en&user=VhtadZcAAAAJ
Rhitamvar Ray,"Project Engineer, Civil Engineering Department, IIT Kharagpur","Climate modelling, WRF, Chimere",861.0,https://scholar.google.com/citations?hl=en&user=iXHQs2EAAAAJ
Rajiv Ranjan Sahay,"Department of Electrical Engineering, IIT Kharagpur","Image Processing, Computer Vision, Multimedia",854.0,https://scholar.google.com/citations?hl=en&user=0EEQNr4AAAAJ
Swanand Khare,"Assistant Professor, Deaprtment of Mathematics, IIT Kharagpur","Computational linear algebra, Matrix polynomials, Distance problems",852.0,https://scholar.google.com/citations?hl=en&user=tnzbgNwAAAAJ
Amrita Sen,Indian Institute of Technology Kharagpur,,852.0,https://scholar.google.com/citations?hl=en&user=i4tQqtUAAAAJ
Sudha Agrahari,Indian Institute of Technology Kharagpur,"Modelling and Inversion, Airborne Electromagnetics",849.0,https://scholar.google.com/citations?hl=en&user=xgpHLygAAAAJ
Soumya De,"Associate Professor, IIT Kharagpur, India","Structural biology, Biochemistry, Proteins, NMR, Transcription Factors",836.0,https://scholar.google.com/citations?hl=en&user=PWHL9gkAAAAJ
Subrata Ghosh,Indian Institute of Technology Kharagpur,"Perovskite Solar Cells, Energy Materials",833.0,https://scholar.google.com/citations?hl=en&user=wjMShlMAAAAJ
Dr. Rajiv. N. Rai,"Associate Professor, Subir Chowdhury School of Quality and Reliability, IIT Kharagpur","Reliability and Maintenance Engineering, Repairable Systems Reliability Analysis, Quality Engineering and Management, Machine Di",829.0,https://scholar.google.com/citations?hl=en&user=CqER5BMAAAAJ
Tapas Debsharma,Assistant Professor at Indian Institute of Technology Kharagpur,"Sustainable polymers, Covalent adaptable network, Reshapable composites, Carbohydrate polymers",827.0,https://scholar.google.com/citations?hl=en&user=IrMwBiEAAAAJ
Hemakesh Mohapatra,"Indian Institute of Technology, Kharagpur","Polymer Chemistry, Material Science",823.0,https://scholar.google.com/citations?hl=en&user=MNKHFvkAAAAJ
Prof. Pratima Panigrahi,"Professor of Mathematics, IIT Kharagpur","Graph Theory, Combinatorics",823.0,https://scholar.google.com/citations?hl=en&user=qmXoqJcAAAAJ
Adway Mitra,IIT Kharagpur,"Machine Learning, Earth System Sciences, Agent-based Modelling",808.0,https://scholar.google.com/citations?hl=en&user=rUDRq94AAAAJ
Mihir Sarangi,"Professor, Department of Mechanical Engineering, Indian Institute of Technology Kharagpur","Tribology, Machine Design",806.0,https://scholar.google.com/citations?hl=en&user=sHRYDT8AAAAJ
Nikhil Shah,IIT Kharagpur,"Computer Vision, Machine Learning, Natural Language Processing",799.0,https://scholar.google.com/citations?hl=en&user=f-r0oacAAAAJ
soumyajit dey,"Professor, Computer Science, IIT Kharagpur","Real time Cyber Physical  Systems, GPU optimizations",797.0,https://scholar.google.com/citations?hl=en&user=XJI3nYIAAAAJ
Barnali Nag,"Associate Professor, VGSOM, IIT Kharagpur","Climate and Energy Economics and Policy, Productivity and Competitiveness",796.0,https://scholar.google.com/citations?hl=en&user=5xSO77EAAAAJ
Kranthi K Kuna,"Indian Institute of Technology, Kharagpur","Pavement materials, design, evaluation and maintenance, climate change adaptation",788.0,https://scholar.google.com/citations?hl=en&user=Owo-qtAAAAAJ
Dr. Achintya Halder,Texas Instruments Inc; Ex-Assistant Professor at IIT Kharagpur,"VLSI Circuits and Systems, Analog & RF Circuits, Design For Testability, Low-power Wireless Communication, System-level testing",784.0,https://scholar.google.com/citations?hl=en&user=Sag-qmcAAAAJ
Jiaul Paik,"Associate Professor, Department of AI, Indian Institute of Technology, Kharagpur","Machine Learning, Artificial Intelligence, Algorithms for Big Data, NLP, Search Engines",778.0,https://scholar.google.com/citations?hl=en&user=H58Bru8AAAAJ
Dr. Mrinal Kaushik,"Professor of Aerospace Engineering, IIT Kharagpur","Shock/Boundary-Layer Interactions, Jet Control and Aeroacoustic",777.0,https://scholar.google.com/citations?hl=en&user=6wtTKogAAAAJ
Prijitha RG (Prijitha J. Nair),"University Paris 6, IIT KGP, University of Kerala","Physics, Atmospheric and Oceanic Physics, Ozone, Precipitation, Statistical model",777.0,https://scholar.google.com/citations?hl=en&user=mntdUPsAAAAJ
Debashis Mandal,"Assistant Professor, Department of Electrical Engineering, Indian Institute of Technology …","PMIC, RFIC, Analog, Mixed-Signal Circuits and Systems Design",772.0,https://scholar.google.com/citations?hl=en&user=pwIBxIUAAAAJ
Sunil Manohar Dash,"Associate Professor, Department of Aerospace Engineering, IIT Kharagpur","IB-LBM, Flapping Aerodynamics, Heat Transfer, Particle Sedimentation, Flow Separation Control",765.0,https://scholar.google.com/citations?hl=en&user=dcF6nU4AAAAJ
Surjendu Maity,"Assistant Professor, IIT Kharagpur || Duke University || IIT Guwahati","Chemical Engineering, Organ/Organoid-on-a-chip, Lab-on-a-chip, Biosensors",765.0,https://scholar.google.com/citations?hl=en&user=7THJlUsAAAAJ
Satrajit ghosh,IIT Kharagpur,"Cryptography, Secure Computation",764.0,https://scholar.google.com/citations?hl=en&user=DC6eaGYAAAAJ
Monojit Chakraborty,Assistant Professor at Indian Institute of Technology Kharagpur,"Microfluidics, Microscale Transport Processes, Interfacial Phenomena",758.0,https://scholar.google.com/citations?hl=en&user=0DSJ9SMAAAAJ
Mithun Das,Indian Institute of Technology Kharagpur,"Social Computing, Natural Language Processing",758.0,https://scholar.google.com/citations?hl=en&user=tebayusAAAAJ
Vishwanath Nagarajan,"Professor, Ocean Engineering and Naval Architecture Department, IIT Kharagpur","Dynamics, fluid dynamics",756.0,https://scholar.google.com/citations?hl=en&user=_QuGFBkAAAAJ
Dr. Archana Dash,Indian Institute of Technology Kharagpur,Biofuel,751.0,https://scholar.google.com/citations?hl=en&user=vIR9UDgAAAAJ
Saswati Ghosh,"Indian Institute of Technology, Kharagpur, India","RF and Microwave, Millimeter wave Communications, Antenna, Electromagnetic Inteference and compatibility",750.0,https://scholar.google.com/citations?hl=en&user=ywXynNAAAAAJ
Rupanwita Gayen,"Professor, Department of Mathematics, Indian Institute of Technology, Kharagpur, India","Linear water waves, integral equations",750.0,https://scholar.google.com/citations?hl=en&user=lzMPHiIAAAAJ
Lopamudra Hati,IIT Kharagpur,"Employee Well-being, Happiness, Employee Retention, Performance",742.0,https://scholar.google.com/citations?hl=en&user=zZlSy-oAAAAJ
Dr. Heeralal Gargama,"Subir Chowdhury School of Quality & Reliability, IIT Kharagpur","Railway RAMS, Functional Safety, Physics of Failure, System Modelling and Analysis",740.0,https://scholar.google.com/citations?hl=en&user=tA9RzYUAAAAJ
Mohammed Rabius Sunny,"Associate Professor, Indian Institute of Technology Kharagpur",Structures,733.0,https://scholar.google.com/citations?hl=en&user=2IJ_-kwAAAAJ
Chandra Sekhar Mishra,"Associate Professor, Vinod Gupta School of Management, IIT Kharagpur","Finance, Accounting, Cost Management, Mergers, Acquisitions",731.0,https://scholar.google.com/citations?hl=en&user=tCyCw5EAAAAJ
Ayan Chaudhury,Assistant Professor at IIT Kharagpur,"Computer Vision, Machine Learning, Robotics, Computer Graphics, Plant Phenotyping",727.0,https://scholar.google.com/citations?hl=en&user=jv9PrfgAAAAJ
Rishabh Rai,"Assistant Professor (Psychology), Indian Institute of Technology Kharagpur, India",Psychology,726.0,https://scholar.google.com/citations?hl=en&user=Zktt48kAAAAJ
Sourov Ghosh,"Department of Chemistry, IIT Kharagpur","Electro Chemistry, Fuel Cell",721.0,https://scholar.google.com/citations?hl=en&user=3fIeLZYAAAAJ
Subhamay Pramanik,IIT Kharagpur,,716.0,https://scholar.google.com/citations?hl=en&user=cDalyYwAAAAJ
Dipankar Debnath,"IIT Kharagpur (Associate Prof, Electrical Engg dept)","Power electronics, Electric Vehicles, Power converter for solar PV, grid-connected inverter",714.0,https://scholar.google.com/citations?hl=en&user=IqhfEtMAAAAJ
Dr. Shivam Porwal,"PMRF, Indian Institute of Technology Kharagpur, India","Materials engineering, Perovskite solar cells, Solar PV",714.0,https://scholar.google.com/citations?hl=en&user=E5BY4n0AAAAJ
Arun Ghosh,"Associate Professor, Electrical Engineering, Indian Institute of Technology Kharagpur",Control Systems,705.0,https://scholar.google.com/citations?hl=en&user=fIfQRJcAAAAJ
Biswanath Banerjee,"Associate Professor, Civil Engineering, IIT Kharagpur, India","Computational Inverse Problems, Computational Mechanics",703.0,https://scholar.google.com/citations?hl=en&user=1MNRJGQAAAAJ
Troyee Tanu Dutta,"Assistant Professor, Indian Institute of Technology Kharagpur","Soil Dynamics, Pavement Geotechnics, Ground Improvement",699.0,https://scholar.google.com/citations?hl=en&user=14MHqGEAAAAJ
Debanjali Ghosh,"Senior Research Fellow, Materials Science Centre, IIT KGP","Nanoparticles Synthesis, Electrocatalysis",699.0,https://scholar.google.com/citations?hl=en&user=EBWAb6EAAAAJ
Chandana Roy,Indian Institute of Technology Kharagpur,"Industrial Internet of Things, Sensor-cloud, Wireless Body Area Networks.",697.0,https://scholar.google.com/citations?hl=en&user=0uqMW7AAAAAJ
Prasun Jana,"Associate Professor, Aerospace Engineering, IIT Kharagpur","Computational Mechanics, Vibration/Buckling/Impact, Composite/FGM/Auxetic, Plate/Shell, Optimization",694.0,https://scholar.google.com/citations?hl=en&user=xGCi1VcAAAAJ
Ritesh Sarkhel,IIT Kharagpur,"Data Mining, Deep Learning",694.0,https://scholar.google.com/citations?hl=en&user=6FE__csAAAAJ
Asish Ganguly,"Professor of Mathematics, Indian Institute of Technology Kharagpur","Quantum Mechanics, Fluid Mechanics, Non-linear Dynamics, Soliton Theory, Differential Equation",689.0,https://scholar.google.com/citations?hl=en&user=HyNIOzkAAAAJ
Kaushik Dey,"Associate Professor, Mining Engineering, IIT Kharagpur","Mining, Blasting, rock excavation, rock cutting, water treatment",683.0,https://scholar.google.com/citations?hl=en&user=eUrmw68AAAAJ
Gayatri Mukherjee,"Associate Professor, Indian Institute of Technology Kharagpur, India","Immunology, Autoimmunity, MHC class I restricted antigen presentation in …",682.0,https://scholar.google.com/citations?hl=en&user=_7A6f8UAAAAJ
Sarthak Das,"IISc Bangalore, A*STAR Singapore, IIT Kharagpur","Excitons, Optoelectronics, Many-body physics, 2D materials, Quantum technologies",681.0,https://scholar.google.com/citations?hl=en&user=hX0hLlIAAAAJ
Aniruddha Biswas,"Department Of Chemistry, IIT KHARAGPUR","Catalysis, Synthetic Organic Chemistry",678.0,https://scholar.google.com/citations?hl=en&user=dGORE54AAAAJ
Suranjana Mukherjee,"School of Medical Science and Technology, IIT Kharagpur",Cell and Molecular Biology,675.0,https://scholar.google.com/citations?hl=en&user=Yl7FUBgAAAAJ
Arun Kumar Misra,Indian Institute of Technology Kharagpur,"Financial Market, Banking, Capital Market, Competition, Market Integration",670.0,https://scholar.google.com/citations?hl=en&user=xtzc9z4AAAAJ
Dr. Thangapandi Kalyani,"School of Medical Science and Technology (SMST), Indian Institute of Technology …","Analytical chemistry, Biosensor, lateral flow assay",663.0,https://scholar.google.com/citations?hl=en&user=L9M6-nYAAAAJ
Dr. Antony Joseph,"Postdoctoral Research Associate, IIT Kharagpur","Nanomaterials, Corrosion, Electrochemistry, Desalination, 3D printing",660.0,https://scholar.google.com/citations?hl=en&user=yF3aR3kAAAAJ
Rakesh Narayana Sarma,"Indian Institute of Technology Kharagpur, BPCL, Cornell University, IIT Madras, IISc …","Combustion, Fuel Cells, Sustainability, Computational Fluid Dynamics, Data Analysis",659.0,https://scholar.google.com/citations?hl=en&user=AyBvTJwAAAAJ
Subham Mukherjee,"Department of Geology and Geophysics, IIT Kharagpur","Petrology, Geochemistry, Geochronology, Crustal Evolution",657.0,https://scholar.google.com/citations?hl=en&user=-KloMQQAAAAJ
Pratishtha Bhattacharyya,Indian Institute of Technology Kharagpur,"positive psychology, positive organisational behavior",653.0,https://scholar.google.com/citations?hl=en&user=Boxcnt0AAAAJ
Debasish Das,IIT Kharagpur,"Li-ion Battery, Na-ion Battery, Gas Sensors, SOFC, Electrophoretic Deposition",650.0,https://scholar.google.com/citations?hl=en&user=uZPloacAAAAJ
Debmalya Chakraborty,"Assistant Professor, Indian Institute of Technology (IIT) Kharagpur",Theoretical Condensed Matter Physics,649.0,https://scholar.google.com/citations?hl=en&user=hP0Su6EAAAAJ
palash dey,Indian Institute of Technology Kharagpur,"Computational Social Choice, TCS",647.0,https://scholar.google.com/citations?hl=en&user=BkDCPiIAAAAJ
Dr. BB Mandal,Indian Institute of Technology Kharagpur,"Underground Metal Mining, Mining Economics, Noise Mapping, Human Vibration Analysis, Ergonomics",644.0,https://scholar.google.com/citations?hl=en&user=7YphwEYAAAAJ
Pralay Mitra,"Professor of Computer Science & Engineering, Indian Institute of Technology, Kharagpur","Computational Biology, Bioinformatics, Protein Engineering, Protein Design, Protein Interaction",639.0,https://scholar.google.com/citations?hl=en&user=LPzuRBUAAAAJ
Rimi Banerjee,"Assistant Professor, IIT Kharagpur","Exciton-polaritons, Nonlinear Optics, Topology, Non-Hermitian Physics, THz 6G Communication",630.0,https://scholar.google.com/citations?hl=en&user=fo3-ngwAAAAJ
Anup Ghosh,"Professor, Department of Aerospace Engineering, IIT Kharagpur","Aerospace Structures, Composite Structures, Micro Air Vehicle, UAV",629.0,https://scholar.google.com/citations?hl=en&user=JvIGv_cAAAAJ
Gobinda Das Adhikary,Assistant Professor at IIT Kharagpur,"Relaxor Ferroelectrics, Multiferroics, Magnetic Materials, Crystal Physics, Solid State Physics",624.0,https://scholar.google.com/citations?hl=en&user=jUMwE1gAAAAJ
Subhajit Karmakar,"Assistant Professor, IIT Kharagpur","THz Spectroscopy, THz 6G Systems, Circuits Devices Sensors, Metasurface Plasmonics",623.0,https://scholar.google.com/citations?hl=en&user=yBwDMEMAAAAJ
Anu David Raj,"Postdoctoral Fellow at Indian Institute of Technology, Kharagpur","Climate Change, Soil Erosion, Soil Carbon, Digital Soil Mapping, Himalayas",623.0,https://scholar.google.com/citations?hl=en&user=tXPGvOAAAAAJ
Anirban Bhattacharyya,"Associate Professor, Department of Ocean Engineering & Naval Architecture, IIT Kharagpur","Naval Hydrodynamics, Ship Resistance & Propulsion",622.0,https://scholar.google.com/citations?hl=en&user=c0tTHWAAAAAJ
GP Karmakar,"Retired Professor in Petroleum Engineering, Indian Institute of Technology, Kharagpur","Reservoir Engineering, Enhanced Oil Recovery, Shale Gas",618.0,https://scholar.google.com/citations?hl=en&user=I0f-FPQAAAAJ
Dr. Trinath Chowdhury,"National Postdoctoral Fellow, Indian Institute of Technology Kharagpur","Microbiology, Entomology, Proteomics, Molecular Biology, Bioconcrete & Nanobiotechnology.",616.0,https://scholar.google.com/citations?hl=en&user=6PVCzbYAAAAJ
Dr. Sangit Paul,"PwC India, Ex-IIT Kharagpur","Data Analytics & Cloud, Generative & Agentic AI, Enironmental Sustainablity, Life-cycle Assessment",614.0,https://scholar.google.com/citations?hl=en&user=V3ihr9sAAAAJ
Dr. Binita Tiwari,"Assistant Professor, IIT Kharagpur","Talent Management, HRM, Organization behaviour, Innovation & Entrepreneurship, I/O Psychology",613.0,https://scholar.google.com/citations?hl=en&user=rDWq7o4AAAAJ
Nitin Gupta,"Associate Professor, Department of Mathematics, Indian Institute of Technology Kharagpur","Applied Probability, Statistics, Reliability Theory, Stochastic Modelling, Distribution Theory",609.0,https://scholar.google.com/citations?hl=en&user=pTlO0TAAAAAJ
Satya Brat Tiwari,Indian Institute of Technology Kharagpur,"Resource recovery from waste, thermochemical treatment",603.0,https://scholar.google.com/citations?hl=en&user=R4tO1LwAAAAJ
Arnab Kanti Giri,"MME Department, IIT Kharagpur","Catalysis, Graphene, Oxides",600.0,https://scholar.google.com/citations?hl=en&user=Tp9BgPYAAAAJ
Madhusudan Kr. Mahto,"SRF, IIT kharagpur",Nanomaterials,600.0,https://scholar.google.com/citations?hl=en&user=R6NqpD4AAAAJ
Dr. Anupam Ghosh,SERB sponsored National Post-Doctoral Fellow (NPDF) at Indian Institute of Technology …,"Condensed Matter Physics, Nanotechnology, Semiconductor Devices, Optoelectronics, Device Electronics",597.0,https://scholar.google.com/citations?hl=en&user=s35zhSQAAAAJ
Prof. Chandra Prakash Dubey,Professor (IIT Kharagpur),"Gravity, Magnetic, Gravity Gradiometry, Inverse Theory, ML Optimization",592.0,https://scholar.google.com/citations?hl=en&user=T0v1SXAAAAAJ
Himani Kalita,"Researcher; IIT Kharagpur, India; IIT Guwahati, India; Pune University (SPPU), India","Nanomaterials, Drug delivery, Tissue engineering, Polymer-bioconjugates, Theranostics",591.0,https://scholar.google.com/citations?hl=en&user=-fB79yMAAAAJ
Dr. Aman Singh Rajpoot,Indian Institute of Technology (IIT) Kharagpur,"Thermal Engineering, Alternative Fuels, Hydrogen, CI Engines, Energy-Exergy-Sustainability",587.0,https://scholar.google.com/citations?hl=en&user=wKllr3QAAAAJ
Rajaram Lakkaraju,Indian Institute of Technology Kharagpur,"Multi-phase flows, Geophysical Fluid Turbulence, High Performance Computation, Machine learning of complex systems",586.0,https://scholar.google.com/citations?hl=en&user=MlsGaRYAAAAJ
manish kaushal,"Assistant Prof., Indian Institute of Technology Kharagpur","rheology, microfluidics",585.0,https://scholar.google.com/citations?hl=en&user=yXSZyeAAAAAJ
Puneet Patra,"Associate Professor, Civil Engineering, Indian Institute of Technology Kharagpur","Computational Physics, Statistical Mechanics, Molecular Dynamics",584.0,https://scholar.google.com/citations?hl=en&user=-4pP10YAAAAJ
Ashis Maity,"Associate Professor of Electrical Engineering, Indian Institute of Technology Kharagpur","Power Management IC, Energy Harvesting, Analog Electronics",584.0,https://scholar.google.com/citations?hl=en&user=L11VDtUAAAAJ
Sanjay Ghosh,"Assistant Professor, IIT Kharagpur, India","Image Processing, Brain Signal Processing, Machine Learning, Computer Vision",581.0,https://scholar.google.com/citations?hl=en&user=PyQ6ZlQAAAAJ
Venkata Sundeep Seesala,Indian Institute of Technology Kharagpur,"Dentistry, Ceramics, Biomaterials",579.0,https://scholar.google.com/citations?hl=en&user=9Q-5RyYAAAAJ
Dr. Sanjeev Kumar Sharma,"Materials Science Centre, Indian Institute of Technology Kharagpur","Magnetic Materials, Energy Materials, Spintronic Materials",578.0,https://scholar.google.com/citations?hl=en&user=RVgUDMYAAAAJ
Siddhartha Chattopadhyay,"Associate Professor, Humanities and Social Sciences, IIT Kharagpur","Macroeconmics, Applied Econometrics",574.0,https://scholar.google.com/citations?hl=en&user=7RMUp0wAAAAJ
Rajlakshmi Guha,IIT Kharagpur,"Cognitive Psychology, Cognitive Neuroscience",573.0,https://scholar.google.com/citations?hl=en&user=_6pzm1oAAAAJ
Dr. Gourab Dutta,"Dept. of E&ECE, IIT Kharagpur","Semiconductor Devices, Micro and Nano electronics, Sensors",570.0,https://scholar.google.com/citations?hl=en&user=DFtrwgMAAAAJ
Abraham George,"Professor of Architecture, IIT Kharagpur","Architecture, Design, Sustainability, Resilience",570.0,https://scholar.google.com/citations?hl=en&user=blsLFn0AAAAJ
Shahid Rahmat,"Indian Institute of Technology, Kharagpur","Regional Planning, Infrastructure",569.0,https://scholar.google.com/citations?hl=en&user=LXVX6-UAAAAJ
Vinay Patel,"Assistant Professor, Indian Institute of Technology Kharagpur","Electrochemical sensors, Biosensors, Water quality sensors, sensors, chemiresistive sensors",565.0,https://scholar.google.com/citations?hl=en&user=pQUOf6gAAAAJ
Sabyasachi SenGupta,"Former Professor of Electrical Engineering, Indian Institute of Technology, Kharagpur …","Machine Drives and Power Electronics, Superconducting Energy Storage, Analog VLSI design",563.0,https://scholar.google.com/citations?hl=en&user=3uCX4qgAAAAJ
Md Rushdie Ibne Islam,IIT Kharagpur,"Computational Mechanics, Fluid Structure Interaction, Particle Based Methods",562.0,https://scholar.google.com/citations?hl=en&user=yJJGvygAAAAJ
Alok Barua,"Professor of Electrical Engineering, IIT Kharagpur","Bioreactor Design, Instrumentation, Analog and Mixed Signal VLSI",560.0,https://scholar.google.com/citations?hl=en&user=ITHOUJEAAAAJ
Pranabendu Ganguly,"Advanced Technology Development Centre, Indian Institute of Technology, Kharagpur","Photonic Integrated Circuits, Devices, and Systems",559.0,https://scholar.google.com/citations?hl=en&user=PTD8GYcAAAAJ
Pavan Kumar Asur Vijaya Kumar,"Indian Institute of Technology, Kharagpur",Computational Mechanics,557.0,https://scholar.google.com/citations?hl=en&user=0wNyJAcAAAAJ
Titas Bhattacharjee,"Assistant Professor, IIT Kharagpur","Entrepreneurial Finance, Corporate Governance, Corporate Social Responsibility, Corporate Disclosure, Impression Management",556.0,https://scholar.google.com/citations?hl=en&user=6-pjp4oAAAAJ
Anil Kumar Sahoo,Indian Institute of Technology Kharagpur,"Biophysics, Soft Matter, Molecular Simulation",555.0,https://scholar.google.com/citations?hl=en&user=zKePUrcAAAAJ
Kamalesh Jana,"Assistant Professor of Physics, Indian Institute of Technology Kharagpur","Ultrafast Optics, THz Photonics, Quantum Control, Structured Light, Laser-Plasma Physics",551.0,https://scholar.google.com/citations?hl=en&user=1r9EvFEAAAAJ
Pooja Lahiri,"Indian Institute of Technology Kharagpur, India","Protein aggregation diseases, Clinical Spectroscopy, Early Detection of Diseases, Biosensing",549.0,https://scholar.google.com/citations?hl=en&user=xHkQzPAAAAAJ
Dr. Dip Kumar Singha,"Assistant Professor, Department of Geology and Geophysics, IIT KGP",Applied Geophysics,548.0,https://scholar.google.com/citations?hl=en&user=51D0gOsAAAAJ
Dr. Raju Singha,IIT Kharagpur,Organic Chemistry,547.0,https://scholar.google.com/citations?hl=en&user=Cdi2XqYAAAAJ
Dr. Sonal Rajoria,"Chemical Engineering Department, IIT Kharagpur and MNIT Jaipur","Hybrid Techniques, Wastewater Treatment, Industrial Effluents, Material Synthesis, CFD-ASPEN-MATLAB",547.0,https://scholar.google.com/citations?hl=en&user=oOoT8hIAAAAJ
Manas Seal,"Assistant Professor, IIT Kharagpur","Biomolecular EPR Spectroscopy, Bioinorganic Chemistry, Biophysical Chemistry",545.0,https://scholar.google.com/citations?hl=en&user=r2EigmEAAAAJ
Sushanta Chakraborty,"Associate Professor, Indian Institute of Technology Kharagpur","Finite Element Model Updating, Structural Dynamics, Modal Testing",543.0,https://scholar.google.com/citations?hl=en&user=Lno5vU8AAAAJ
Maruthi M Brundavanam,IIT Kharagpur,"Singular Optics, Correlation Optics, Applied Optics",542.0,https://scholar.google.com/citations?hl=en&user=EvS4EpcAAAAJ
Mohan Das,Indian Institute of Technology Kharagpur,"Microbiology, Biotechnology, Food, Diabetes, Diseases",540.0,https://scholar.google.com/citations?hl=en&user=IVI1-ycAAAAJ
Manash Protim Boruah,Post Doctoral Fellow at IIT Kharagpur (Microfluidics Lab),"Bio-microfluidics, Multiphase flow, Heat Transfer",538.0,https://scholar.google.com/citations?hl=en&user=c4s-x38AAAAJ
Anik Kumar Samanta,Danfoss India Innovation Centre; IIT Kharagpur,"Signal Processing, Estimation, Detection, Fault Diagnosis, Embedded Systems",537.0,https://scholar.google.com/citations?hl=en&user=Hha-YbkAAAAJ
Ananta sarkar,IIT Kharagpur,"Nano materials, Energy Storage, Battery",537.0,https://scholar.google.com/citations?hl=en&user=QvG5JwsAAAAJ
BISWARUP JASH,Assistant Professor at IIT Kharagpur,"Bioinorganic Chemistry, Bioorganic Chemistry, Metal-nucleic acid interaction, Prebiotic Chemistry, RNA Chemical Biology",529.0,https://scholar.google.com/citations?hl=en&user=VrDkk34AAAAJ
Riya Singh,IIT Kharagpur,"Additive Manufacturing/3D Printing, Flexible and wearable electronics, Materials Characterization",528.0,https://scholar.google.com/citations?hl=en&user=QvlzbbwAAAAJ
Bappaditya Bhowmik,Indian Institute of Technology Kharagpur,Complex Analysis,527.0,https://scholar.google.com/citations?hl=en&user=CzxtxOgAAAAJ
TAPAS KUMAR NANDI,Assoc. Prof. IIT Kharagpur,"Cryogenic engineering, rocket propulsion",527.0,https://scholar.google.com/citations?hl=en&user=V1zQkh4AAAAJ
NK Peyada,"Associate Professor, Aerospace Engineering, Indian Institute of Technology Kharagpur","Flight Dynamics and Control, Reconfigurable Flight Control, Parameter Estimation, Neural Networks, Modeling and Simulation",525.0,https://scholar.google.com/citations?hl=en&user=HzUZzJkAAAAJ
Mamoni  Banerjee,"Asst. Professor, IIT Kharagpur","Bio Product Development, Agripreneurship",524.0,https://scholar.google.com/citations?hl=en&user=rbAeVJgAAAAJ
Koundinya NTBN,Indian Institute of Technology Kharagpur,"Creep, High Temperature Materials, Sustainable Metallurgy, Additive Manufacturing",521.0,https://scholar.google.com/citations?hl=en&user=3LdcUVcAAAAJ
Madhumita Paul,"Assistant Professor, IIT Kharagpur","Road Traffic Safety, ITS, Human Factors, IoT, Microsimulation",518.0,https://scholar.google.com/citations?hl=en&user=hglUrjwAAAAJ
Sunita Mishra,"Assistant Professor, Department of Mining Engineering, IIT Kharagpur","Experimental Rock Dynamics, Fracture Mechanics, Constitutive Modelling, Blast and Ballistic Loading",517.0,https://scholar.google.com/citations?hl=en&user=iOQkbH8AAAAJ
Mayur P. Bonkile,"Assistant Professor, IIT Kharagpur","Lithium-ion Battery, Renewable Power Systems, Energy Storage, Techno-economic Analysis, Modeling &",517.0,https://scholar.google.com/citations?hl=en&user=I7PdLqoAAAAJ
Dr. Rwiddhi Sarkhel,IIT Kharagpur Department of Chemical Engineering ; NIT Durgapur Chemical Engineering …,"Solid Waste management, Value Recovery, Circular economy, Biofertilizer, Sustainability",516.0,https://scholar.google.com/citations?hl=en&user=APqmkK4AAAAJ
Prabha Bhola,Indian Institute of Technology Kharagpur,"Entrepreneurship, Energy Policy, Sustainability & Circular Economy, TQM, Poverty",515.0,https://scholar.google.com/citations?hl=en&user=T6EEdfsAAAAJ
Denial Mahata,"IIT-KHARAGPUR-INDIA, HEBREW UNIVERSITY-ISRAEL","POLYMER CHEMISTRY, BIOMATERIALS",515.0,https://scholar.google.com/citations?hl=en&user=drHMBpYAAAAJ
Shubham Kumar,Indian Institute of Technology Kharagpur,"Forest Remote sensing, Extreme Events, Climate Change, Geoinformatics",515.0,https://scholar.google.com/citations?hl=en&user=BuAtd2EAAAAJ
Abhishek Kumar,"Department of Chemical Engineering, Indian Institute of Technology Kharagpur, India","Nanomaterials, Iron Oxide Nanoparticles, Wastewater Treatment, Energy Storage, Phase Change Materials",514.0,https://scholar.google.com/citations?hl=en&user=oWnPmbsAAAAJ
Subhadeep Ghosh,Post Doctorate Fellow at IIT KHARAGPUR,"Nanobiomaterials, Cancer/senescence, Biomaterials, PDT/Chemo/PTT, Sensing.",509.0,https://scholar.google.com/citations?hl=en&user=XtXeMfAAAAAJ
SYAMSUNDAR DE,Indian Institute of Technology (IIT) Kharagpur,"Quantum photonics, Ultrafast nonlinear and quantum optics, Quantum information technologies, Laser dynamics and noise",507.0,https://scholar.google.com/citations?hl=en&user=SqPNpLoAAAAJ
Amlan Dutta,"Indian Institute of Technology Kharagpur, India","Molecular dynamics, Dislocations, Crystal plasticity, Metallic glass",500.0,https://scholar.google.com/citations?hl=en&user=wAxqNz0AAAAJ
Aritra Hazra,"Department of Computer Science and Engineering, IIT Kharagpur","Formal Methods, Design Verification, CAD for Security, Artificial Intelligence, Machine Learning",498.0,https://scholar.google.com/citations?hl=en&user=nYazw20AAAAJ
Munmun Mukherjee,IIT Kharagpur,"Membrane separation, casting, nanoparticle synthesis, magnetic separation, antimicrobial agent",495.0,https://scholar.google.com/citations?hl=en&user=3GTsAHgAAAAJ
Sitikantha D Das,IIT Kharagpur,"Low temperature physics, correlated electron systems",493.0,https://scholar.google.com/citations?hl=en&user=UCrJ03YAAAAJ
Indrani D Jaana,"National Post Doctoral Fellow (NPDF), IIT Kharagpur","Molecular Virology, Cell Biology, Antivirals",492.0,https://scholar.google.com/citations?hl=en&user=7wPoZ2MAAAAJ
Tila Khan,Indian Institute of Technology Kharagpur,"Vaccinology, Virology, Public Health",491.0,https://scholar.google.com/citations?hl=en&user=ZSr31fsAAAAJ
Ranadev Datta,"Associate. Professor, IIT-Kgp, Dept. of OE & NA","Numerical Ship Hydrodynamics, Computational Geometry",489.0,https://scholar.google.com/citations?hl=en&user=uVEJDpAAAAAJ
Arup Das,"Department of Architecture & Regional Planning , IIT Kharagpur","Vulnerability studies, Disaster Management",487.0,https://scholar.google.com/citations?hl=en&user=cDcrkZoAAAAJ
Dr. Dibyojyoty Nath,"University of Southampton, England. Past: IIT Kharagpur","Microbial Electrochemical Technology, Electromicrobiology, Water-energy-food nexus, Living material",486.0,https://scholar.google.com/citations?hl=en&user=4Fq_iSgAAAAJ
Arindam Ghosh,"Assistant Professor, Dr. BC Roy Multispeciality Medical Resaerch Centre, IIT Kharagpur.","Biochemistry, Bioinformatics, Ageing",486.0,https://scholar.google.com/citations?hl=en&user=at2hHd0AAAAJ
Angana Biswas,Indian Institute of Technology Kharagpur,"Biotechnology, Cancer Biology, Molecular Biology",485.0,https://scholar.google.com/citations?hl=en&user=8Y_JvMgAAAAJ
Ayantika Chatterjee,"Assistant Professor, IIT Kharagpur, India",,481.0,https://scholar.google.com/citations?hl=en&user=m9FqYpAAAAAJ
Ram Babu Roy,"Associate Professor, Indian Institute of Technology Kharagpur","Business Analytics, Big Data Analytics, Healthcare Service Delivery, Social Networks",469.0,https://scholar.google.com/citations?hl=en&user=vEL430QAAAAJ
Sudebkumar Prasant Pal,IIT Kharagpur,"Computational geometry, Discrete geometry, Hypergraphs",469.0,https://scholar.google.com/citations?hl=en&user=NLt-RjAAAAAJ
Anindita Maiti,"Indian Institute of Technology Kharagpur, Dept. of Artificial Intelligence","Theory of Artificial Intelligence, Deep Learning Theory, AI for Theoretical Physics",468.0,https://scholar.google.com/citations?hl=en&user=I_32R-EAAAAJ
Gajanand Sharma,Assistant Professor at Indian Institute of Technology Kharagpur,"Transportation Planning, Accessibility, Transport Equity, Virtual Reality",464.0,https://scholar.google.com/citations?hl=en&user=XnL31DsAAAAJ
Aatrayee Das,"Institute Post Doctoral Fellow, IIT Kharagpur; Former ANRF-NPDF @ IIT-KGP","Biopolymer, synthesis, nanoparticles",462.0,https://scholar.google.com/citations?hl=en&user=ST4AOfQAAAAJ
Rajib Moi,"Indian Institute of Technology, Kharagpur","Supramolecular chemistry, Crystal engineering, MOFs, CPs",459.0,https://scholar.google.com/citations?hl=en&user=Zm0Ajd8AAAAJ
Vishwanath Shukla,Indian Institute of Technology Kharagpur,Statistical Physics,458.0,https://scholar.google.com/citations?hl=en&user=4nnTdn8AAAAJ
Banalata Maji,"Institute Postdoctoral Fellow, Indian Institute of Technology Kharagpur","Gas Sensors, Electrochemical Sensors, Nanomaterials",454.0,https://scholar.google.com/citations?hl=en&user=E6fdaOcAAAAJ
Nimish Mishra,"Indian Institute of Technology, Kharagpur","Microarchitectural Attacks, Side-Channel Attacks",451.0,https://scholar.google.com/citations?hl=en&user=LWFyS-gAAAAJ
Abhiram Kumar Verma,"Professor, Dept. of Mining Engineering, IIT Kharagpur","Rock Mechanics and Rock Engineering, Mining Engineering",439.0,https://scholar.google.com/citations?hl=en&user=JGbzltAAAAAJ
Dr. Rhithuparna D,"Post doctoral fellow, Indian Institute of Technology Kharagpur","Biomass valorisation, Waste to energy, Catalysis, Glycerol valorisation, Microwave",439.0,https://scholar.google.com/citations?hl=en&user=nUrcE2YAAAAJ
Sudeshna Kolay,IIT Kharagpur,"Parameterized Complexity, Computational Geometry",438.0,https://scholar.google.com/citations?hl=en&user=TIz3qpUAAAAJ
Monosij Maitra,IIT Kharagpur,"Cryptography, Security",436.0,https://scholar.google.com/citations?hl=en&user=8XVPvXQAAAAJ
Pawan Prabhakar,Indian Institute of Technology Kharagpur,"Nanotechnology, Drug Development, Ethnomedicine, Agriculture, Entrepreneurship",433.0,https://scholar.google.com/citations?hl=en&user=74LS7kUAAAAJ
Atal Agarwal,"UCSB, IIT Kharagpur",,433.0,https://scholar.google.com/citations?hl=en&user=2ri-NfoAAAAJ
Thomas EV,"Indian Institute of Technology, Kharagpur","Agricultural machinery, rice transplanter, tea processing machinery",431.0,https://scholar.google.com/citations?hl=en&user=M0_pQVgAAAAJ
Arijit Mitra,"Department of Metallurgical and Materials Engineering, Indian Institute of Technology …","Electrochemistry, Surface Engineering, Materials Characterization",430.0,https://scholar.google.com/citations?hl=en&user=bmYXkMAAAAAJ
Raj Kumar Manna,"SMST, IIT Kharagpur","Biophysics, Soft Matter, Active Matter",430.0,https://scholar.google.com/citations?hl=en&user=SKm3JGsAAAAJ
Tathagata Roy Choudhury,"Assistant Professor, IIT Kharagpur","Sedimentology, Clay mineralogy, Geochemistry",430.0,https://scholar.google.com/citations?hl=en&user=nHzh_aYAAAAJ
Shikha  Thakur,"Postdoctoral fellow, Indian Institute of Technology Kharagpur","Drug discovery and design, Diabetes, Cancer biology, TNBC, Immunotherapy",424.0,https://scholar.google.com/citations?hl=en&user=Vcq5UKcAAAAJ
Pintu Patra,"Assistant Professor, Department of Physics, IIT Kharagpur",Active Matter and Theoretical Biophysics,423.0,https://scholar.google.com/citations?hl=en&user=rPpUpNsAAAAJ
Dr. Romio Mandal,"Post Doctoral Fellow, IIT Kharagpur","Sustainable Concrete, Rheology of Concrete, 3D Printed Concrete, Concrete Durability",420.0,https://scholar.google.com/citations?hl=en&user=tLDmUXAAAAAJ
Sayantani Roy,"DST-WOSA, IITKGP","Chemical Biology, Molecular and cellular biology",415.0,https://scholar.google.com/citations?hl=en&user=q7_ngxIAAAAJ
Avinash kumar,"Indian Institute of Technology, Kharagpur","Quantum dots, Optics, Photonics, Optical sensing, Luminescent Materials",414.0,https://scholar.google.com/citations?hl=en&user=UtutrAEAAAAJ
Chandra Shekhar Sharma,IIT KHARAGPUR,WATER RESOURCES,409.0,https://scholar.google.com/citations?hl=en&user=I070ZXAAAAAJ
Anwesha Mukhopadhyay,"Indian Institute of Technology, Kharagpur","Sonocatalysis, Emerging Organic Contaminants, Contaminant transport",408.0,https://scholar.google.com/citations?hl=en&user=gosKn3UAAAAJ
Kiran Vijayan,IIT Kharagpur,"Structural dynamics, Rotor dynamics, Fluid structure interaction, Inverse problems",407.0,https://scholar.google.com/citations?hl=en&user=lgJ4GDwAAAAJ
Rashmi R. Nayak,"Assistant Professor, CORAL, IIT Kharagpur","Fluid Dynamics, Gravity-Fluid Duality, Ocean Modelling",407.0,https://scholar.google.com/citations?hl=en&user=TR95ePQAAAAJ
Archana Arbind,"Assistant Professor, Department of Mechanical Engineering, Indian Institute of Technology …","Computational mechanics, Finite element method, Structural Mechanics, rod theory, shell theory",399.0,https://scholar.google.com/citations?hl=en&user=ZD6geGgAAAAJ
Pavitra Sandilya,"Cryogenic Engineering Centre, IIT Kharagpur","Process Intensification, Carbon capture, Cryogen Storage and Transport, Energy Storage",397.0,https://scholar.google.com/citations?hl=en&user=TN3TqykAAAAJ
Dr. Arista Lahiri,"Assistant Professor, Dr. BC Roy Multi Speciality Medical Research Centre, IIT Kharagpur","Epidemiology, Biostatistics, Health Promotion, Sociology",397.0,https://scholar.google.com/citations?hl=en&user=o0qWqjUAAAAJ
Parmeshwar  Satpathy,Assistant Professor Department of Community Medicine BCRMMRC IIT Kharagpur,"Epidemiology, Public Health, Qualitative Research, Risk communication, mental health etc",393.0,https://scholar.google.com/citations?hl=en&user=LGRPERsAAAAJ
Dr. Brajesh kumar Ahirwar,"Indian Institute of Technology Kharagpur, West Bengal, India","Heat Transfer, Film Cooling, Experimental and CFD, Aerodynamics and Propulsion, Nanofluids",393.0,https://scholar.google.com/citations?hl=en&user=FVlB4ewAAAAJ
Saurav Pramanik,"Assistant Professor, EE Department, IIT Kharagpur, Kharagpur, India","FRA/SFRA on Transformer Winding, Transformer Modelling, Fundamental Studies on Impulse Behavior of …",391.0,https://scholar.google.com/citations?hl=en&user=uxc25ssAAAAJ
Sai Saketh Aluru,"Indian Institute of Technology, Kharagpur",,388.0,https://scholar.google.com/citations?hl=en&user=RteCjGQAAAAJ
Nishant Nikhil,Indian Institute of Technology Kharagpur | Play AI | Amazon,Machine Learning,381.0,https://scholar.google.com/citations?hl=en&user=RMBvilYAAAAJ
DEBDIP BRAHMA,Indian Institute of Technology Kharagpur,,381.0,https://scholar.google.com/citations?hl=en&user=Du6EHJQAAAAJ
Shreya Banerjee,"Assistant Professor, IIT Kharagpur","Outdoor Microclimate, CFD, Human biometeorology, Nature based solutions, Urban climatology",380.0,https://scholar.google.com/citations?hl=en&user=3s51lpEAAAAJ
Vivek Dixit,"Associate Professor, Department of E & ECE, IIT Kharagpur, India","Semiconductor Devices, Optoelectronics, Metamaterials, Device Simulation, Silicon Photonics",379.0,https://scholar.google.com/citations?hl=en&user=28O0TqwAAAAJ
Samir Kumar Jalal,"Deputy Librarian, Indian Institute of Technology Kharagpur","Webometrics, Link Analysis, Information Retrieval",375.0,https://scholar.google.com/citations?hl=en&user=tEB2e6AAAAAJ
Maniklal Shee,Doctorate from IIT Kharagpur,"Photochemistry, Ultrafast processes, Optoelectronics, Photocatalysis, Phototherapeutics",375.0,https://scholar.google.com/citations?hl=en&user=DAQL9ZEAAAAJ
C Shaji,"Associate Professor of Oceanography, Indian Institute of Technology Kharagpur","Oceanography, Atmospheric Science, Ocean Modelling, Ocean Data Analysis, Ocean Processes Studies",373.0,https://scholar.google.com/citations?hl=en&user=Y_Vh38oAAAAJ
Jhimli  Manna,"Scientist ,IIT Kgp, Co Founder Innovodigm Pvt.Ltd,Founder Director UniAm Pvt.Ltd,","translational biophysics, microneedle, thermostable  vaccine, sustainable material design",369.0,https://scholar.google.com/citations?hl=en&user=VoM1JeEAAAAJ
Sambit Ghosh,Indian Institute of Technology Kharagpur,"Sedimentology, Paleoclimate, Stable Isotope, Organic Geochemistry",364.0,https://scholar.google.com/citations?hl=en&user=9K0yUV4AAAAJ
Sidharth Sankar Parhi,IIT kharagpur,"Distillation, Process Design and Optimization, Process Intensification, Waste water treatment, Spent Pot Lining-a hazardous",364.0,https://scholar.google.com/citations?hl=en&user=sAqGgP8AAAAJ
Ratan Joarder,"Professor, Aerospace Engineering, IIT Kharagpur","Combustion, High Speed Aerodynamics, CFD",362.0,https://scholar.google.com/citations?hl=en&user=1-_oT00AAAAJ
Dr. Prajitha Velayudhan,"Institute Post-Doctoral Fellow, Department of Rubber Technology Centre IIT Kharagpur","Polymer Science, Nanocomposites, Rubber Technology. Graphene, Core shell structures",360.0,https://scholar.google.com/citations?hl=en&user=u3HrvNoAAAAJ
Dr. Umesh Kumar Bagha,"IPDF, Indian Institute of Technology Kharagpur","Biomimetic chemistry, inorganic chemistry, bioinorganic chemistry",357.0,https://scholar.google.com/citations?hl=en&user=6CJ6Y44AAAAJ
Prasanna Kumar Byram,Indian Institute Of Technology (IIT) Kharagpur,"Biomaterials and Tissue Engineering, Miniature bioreactor, Drug /Gene delivery, Stem Cells, Organ 3D Printing",357.0,https://scholar.google.com/citations?hl=en&user=8Bx81CAAAAAJ
R. KUMAR,"Post-Doctoral Fellow,Dept. of Chemical Engineering, IIT-Kharagpur","Electrocatalyst, Energy storage, Energy conversion, Nanocomposite",357.0,https://scholar.google.com/citations?hl=en&user=PjBbH4AAAAAJ
Susmita Goswami,Indian Institute of Technology Kharagpur,"Numerical, Simulation, Modelling",354.0,https://scholar.google.com/citations?hl=en&user=UCF38W4AAAAJ
Dr. Bashista Kumar Mahanta,IIT Kharagpur,"Modelling and optimization, High Entropy Alloys, hydrogen Storage, Extractive Metallurgy",352.0,https://scholar.google.com/citations?hl=en&user=5KH1-tEAAAAJ
Tajamul Shafi,"Indian Institute of Technology Kharagpur, INDIA","Environmental Engineering, Aerogels, Materials Science, Carbon",351.0,https://scholar.google.com/citations?hl=en&user=dyJMa8YAAAAJ
SANCHIT SOOD,IIT Kharagpur,"Biotechnology, Medical Devices, Sensors",349.0,https://scholar.google.com/citations?hl=en&user=5FVaopwAAAAJ
somnath ghosh,"Professor, Indian Institute of Technology Kharagpur","Turbulence, DNS, LES, radiation",347.0,https://scholar.google.com/citations?hl=en&user=9BbHWc8AAAAJ
Akhilesh Kumar Verma,Indian Institute of Technology Kharagpur,"Exploration Geophysics, Reservoir Characterization, Geophysical Signal Processing, Seismology, Soft Computing",346.0,https://scholar.google.com/citations?hl=en&user=5hUaKqoAAAAJ
Soumen Basu,"Assistant Professor, Department of Artificial Intelligence, IIT Kharagpur","Computer-Assisted Diagnosis, Computer Vision, Machine Learning in Medical Imaging, AI in Radiology",345.0,https://scholar.google.com/citations?hl=en&user=RPj75XMAAAAJ
ABHIJIT SADHU,"Department of Mechanical Engineering, IIT Kharagpur, India","Laser Additive Manufacturing, Laser Shock Peening, Friction Stir Welding",344.0,https://scholar.google.com/citations?hl=en&user=VBn6OLIAAAAJ
Dr. Mahima Raina,Indian Institute of Technology Kharagpur,"work family interface, work family policies, health promotion and health behaviours, ndian psychology",342.0,https://scholar.google.com/citations?hl=en&user=2xD2sFAAAAAJ
Arpit Mishra,"Assistant Professor, IIT Kharagpur","Experimental and Computational Fluid …, Cavitation Bubble Dynamics, Cryogenics",341.0,https://scholar.google.com/citations?hl=en&user=vEc9m44AAAAJ
Siddharth Tamang,"Assistant Professor , Dept of Mechanical Engg, IIT Kharagpur","welding- sintering and processing of materials, FEM simulation of Microwave Heating",341.0,https://scholar.google.com/citations?hl=en&user=w0RXHkUAAAAJ
Dr. Swetambari Kumari,Indian Institute of Technology Kharagpur,"Microbiology, Environmental Science, Molecular Biology",341.0,https://scholar.google.com/citations?hl=en&user=KA360Q8AAAAJ
Abhishek Sharma,IIT Kharagpur,"Behavioral Operations, supply chain management, Industry 4.0",338.0,https://scholar.google.com/citations?hl=en&user=_IK9piYAAAAJ
ARIJIT SAHA,IIT Kharagpur,"Crystal Engineering, Supramolecular Chemistry, Photoluminescent Crystals",338.0,https://scholar.google.com/citations?hl=en&user=3Itt3Y8AAAAJ
aneek adhya,Indian Institute of Technology Kharagpur,"Optical Communication, Optical Access and Core Networks, Wireless Networks, Computer Networks",337.0,https://scholar.google.com/citations?hl=en&user=8j5ZqA0AAAAJ
Pranay Rajendra Chandewar,"Postdoctoral Fellow, Department of Chemical Engineering, IIT Kharagpur, India","Heterogeneous catalysis, methane to methanol, transition metal oxide catalysts, CO2 valorisation",336.0,https://scholar.google.com/citations?hl=en&user=bX6FKrIAAAAJ
Ankan Mullick,"Prime Minister Research Fellow (PMRF), IIT Kharagpur, Computer Science and Engineering …","NLP, Social Science, Artificial Intelligence, Cognitive Science, Machine Learning",333.0,https://scholar.google.com/citations?hl=en&user=G9-RFWgAAAAJ
Praveen Shakya,Indian Institute of Technology Kharagpur,"Aeroelasticity, Composite Structure, Smart Structures, Optimization, Flight Dynamics",333.0,https://scholar.google.com/citations?hl=en&user=2pZDHUYAAAAJ
Somnath Sengupta,"Assistant Professor, IIT Kharagpur",Dynamics and Control of Automotive Systems,331.0,https://scholar.google.com/citations?hl=en&user=Yfq0VUkAAAAJ
Laxmi Kant Dhruw,IIT Kharagpur,Precision agriculture,330.0,https://scholar.google.com/citations?hl=en&user=U7mseWIAAAAJ
Abhijit Das,"Assistant Professor, IIT Kharagpur","Neurobiology, Behaviour, Epigenetics",329.0,https://scholar.google.com/citations?hl=en&user=iu2y1nsAAAAJ
Prasun Mishra,"Assistant Professor, Indian Institute of Technology Kharagpur","Design of Power Converters, Advanced Control of Electric Drives for …",327.0,https://scholar.google.com/citations?hl=en&user=eAVcEjkAAAAJ
sarang pendharker,Indian Institute of Technology Kharagpur,"Photonics, Electromagnetic wave theory, Reconfigurable microwave devices",327.0,https://scholar.google.com/citations?hl=en&user=KIv8gpUAAAAJ
Dr. Rishi Karan Singh Rathour,"Ernst & Young LLP, IIT Kharagpur, NIT Durgapur.","Environmental engineering, Graphene oxide, Wastewater Treatment",326.0,https://scholar.google.com/citations?hl=en&user=wvDwu4EAAAAJ
Deepshikha Dash,Indian Institute of Technology Kharagpur,"Economics of Education, Machine Learning, AI, Econometrics",326.0,https://scholar.google.com/citations?hl=en&user=7mHQcBwAAAAJ
Nabakumar Jana,"Department of Mathematics, Indian Institute of Technology Kharagpur, India","Statistical Inference, Classification Problems, Reliability Estimation",325.0,https://scholar.google.com/citations?hl=en&user=K4TiRyUAAAAJ
Aditya Vyas,"Assistant Professor, Indian Institute of Technology Kharagpur , India","AI/ML Applications in Petroleum Reservoir …, Enhanced Oil Recovery and CCUS",323.0,https://scholar.google.com/citations?hl=en&user=nNymmkQAAAAJ
Nairita Pal,"Assistant Professor, CORAL, IIT Kharagpur","Physics, Turbulence Modeling, Direct Numerical Siulations",321.0,https://scholar.google.com/citations?hl=en&user=Xcbs1gMAAAAJ
Monisha Michael,Indian Institute of Technology Kharagpur,"Nanofluids, Heat transfer",319.0,https://scholar.google.com/citations?hl=en&user=BULk2EQAAAAJ
Dr. Vihangraj V. Kulkarni,"Assistant Professor, Indian Institute of Technology Kharagpur, India","Environmental Engineering, Waste Management, Water and Wastewater",318.0,https://scholar.google.com/citations?hl=en&user=TjqGHTEAAAAJ
Dr. Vinod Choudhary,Indian Institute of Technology Kharagpur,"Agricultural Machinery, Mechanization, Precision Agriculture, AI in Agriculture, Machine Vision",317.0,https://scholar.google.com/citations?hl=en&user=iY2SyjcAAAAJ
Ambarish Paul,"IIT, Kharagpur",Nanoscience and Nanotechnology,315.0,https://scholar.google.com/citations?hl=en&user=vyLVK1EAAAAJ
Smitirupa Pradhan,Indian Institute of Technology Kharagpur,"Dynamics of Railway vehicles, Tribology",315.0,https://scholar.google.com/citations?hl=en&user=QyREH0EAAAAJ
Shaili Sett,"Assistant Professor, IIT Kharagpur",Condensed matter physics,314.0,https://scholar.google.com/citations?hl=en&user=5vPAFGoAAAAJ
Vaisakh Vadakkumbatt,IIT Kharagpur,"Superfluid Helium, Lowtemperature Physics",311.0,https://scholar.google.com/citations?hl=en&user=z3phB40AAAAJ
Debranjan Mukherjee,"Assistant Professor, Indian Institute of Technology Kharagpur","Power Electronics, Electrical Machine Drives",309.0,https://scholar.google.com/citations?hl=en&user=VYaRfNsAAAAJ
Saptarshi Dey,Indian Institute of Technology Kharagpur,"tectonic geomorphology, earth surface processes, sedimentology, field geology, geoarchaeology",307.0,https://scholar.google.com/citations?hl=en&user=2TCCFhgAAAAJ
Rahul K,Indian Institute of Technology Kharagpur,"Robotics, Machine Learning, Image Processing, Sensor Integration",306.0,https://scholar.google.com/citations?hl=en&user=QvFKg9oAAAAJ
Susmita Bhattacharyya,"Assistant Professor, IIT Kharagpur, India",Navigation,301.0,https://scholar.google.com/citations?hl=en&user=b3_c8XEAAAAJ
Ambuj,Indian Institute of Technology Kharagpur,"Artificial Intelligence, Artificial Neural Network, Path Planning, Autonomous Navigation",295.0,https://scholar.google.com/citations?hl=en&user=jdTiWI8AAAAJ
shubham patel,IIT KHARAGPUR,"air pollution, aerosols, emission inventory, solid waste",292.0,https://scholar.google.com/citations?hl=en&user=CpBtO9UAAAAJ
Shimul K. Dam,"Assistant Professor, IIT Kharagpur",Power Electronics,291.0,https://scholar.google.com/citations?hl=en&user=LRMlRNMAAAAJ
Subhas Mondal,iit kharagpur,wireless communication,289.0,https://scholar.google.com/citations?hl=en&user=560_JFYAAAAJ
Bodhayan Roy,Indian Institute of Technology Kharagpur,Theoretical Computer Science,287.0,https://scholar.google.com/citations?hl=en&user=mmIc6VgAAAAJ
Dr. Flora Banerjee,"PMRF, Department of Chemistry, IIT Kharagpur","Porous organic polymer, H2O2 Production, Pollutant removal, Heterogeneous catalysis",285.0,https://scholar.google.com/citations?hl=en&user=ShKULIYAAAAJ
Abhishek Kumar Gupta,"Assistant Professor, IIT Kharagpur","Molecular Simulation, Molecular dynamics Simulations, Atomistic MD Simulations, Polyelectrolytes",284.0,https://scholar.google.com/citations?hl=en&user=iLWt3IkAAAAJ
Joydip Chaudhuri,"Assistant Professor, Indian Institute of Technology Kharagpur","Fluid Dynamics, Statistical Physics, Complex Fluids, Active Matter, Biophysics",284.0,https://scholar.google.com/citations?hl=en&user=PTNbeGAAAAAJ
D Pramanik,"Indian Institute of Technology, Kharagpur, Jadavpur University","Laser Material Processing, Wire Electro Discharge Machining, Additive Manufacturing",283.0,https://scholar.google.com/citations?hl=en&user=z3aQZVUAAAAJ
Dr. Bishnu Pada Bose,Indian Institute of Technology Kharagpur,Circular Economy and Resource Optimization,283.0,https://scholar.google.com/citations?hl=en&user=wY_l0I8AAAAJ
Korak Sarkar,"Assistant Professor, Mechanical Engineering, IIT Kharagpur","Vibration Analysis, Rotorcraft Mechanics, Inverse Problems, Vibration Control",282.0,https://scholar.google.com/citations?hl=en&user=VL3QDCoAAAAJ
Aghna Mukherjee,"Assistant Professor, Indian Institute of Technology Kharagpur, India","Composite structures, Smart materials, Finite Element Analysis, Nonlinear structural mechanics",282.0,https://scholar.google.com/citations?hl=en&user=oHtZlH0AAAAJ
Anirban Nandy,Indian Institute of Technology Kharagpur,"Resource Management, Entrepreneurship, Data Analytics, Artificial Intelligence, Rural & AgriBusiness",281.0,https://scholar.google.com/citations?hl=en&user=KsW7mTYAAAAJ
VIDHYA LALAN,"Postdoctoral Fellow, E&ECE IIT Kharagpur, India","Microwave absorbers, Polymer composites, Multiferroics",279.0,https://scholar.google.com/citations?hl=en&user=7QWwPFMAAAAJ
Rohan Sewani,"Indian Institute of Technology, Kharagpur","Supply Chain, Optimization, Operations Research",277.0,https://scholar.google.com/citations?hl=en&user=3HrGF6kAAAAJ
Animesh Chaturvedi,"IIT KGP; Alumni Indian Institutes IIT, IIIT; KCL, Alan Turing Institute; HLF Heidelberg, LINO …","Data Science and AI, Cloud Services, Systems Evolution, Big Data Analytics, System Analytics",276.0,https://scholar.google.com/citations?hl=en&user=QzIs9iYAAAAJ
RADHAPADA MANNA,Indian Institute of Technology Kharagpur,"Nanomaterials, Photocatalysis, CO2 capture & reduction, Electrocatalysis",276.0,https://scholar.google.com/citations?hl=en&user=W8jYbLEAAAAJ
lakshmi vasudev kondeti,"Assistant Professor grade I, Department of Ocean Engineering and Naval Architecture, IIT …","Design Optimization, Marine Robotics and Control Algorithms",275.0,https://scholar.google.com/citations?hl=en&user=XYskUigAAAAJ
Dr. Subham Pal,Indian Institute of Technology Kharagpur,"Finite Element Analysis, Composite Structures, Optimization, Plate and Shells",275.0,https://scholar.google.com/citations?hl=en&user=UKYKG-QAAAAJ
Goutam Sen,"Associate Professor, Industrial and Systems Engineering, IIT Kharagpur","Combinatorial Optimization, Integer Programming, Large Scale Optimization",274.0,https://scholar.google.com/citations?hl=en&user=bJ6SDV0AAAAJ
ABHAY SINGH GOUR,"Associate Professor, Cryogenic Engineering Centre, IIT, Kharagpur, India","Cryogenic Engineering, Cryocooler, Superconductor Machines and Power System, Process Control and",274.0,https://scholar.google.com/citations?hl=en&user=EpJlHikAAAAJ
Ritwik Ghoshal,"Assistant Professor, Indian Institute of Technology Kharagpur",Fluid Structure Interaction,272.0,https://scholar.google.com/citations?hl=en&user=2L6Xum4AAAAJ
Harshad Shrigondekar,"Assistant Professor, IIT Kharagpur",Fire and Industrial Safety,270.0,https://scholar.google.com/citations?hl=en&user=p_EIJa8AAAAJ
Namrata Gaikwad,"Assistant Professor, Department of Chemical Engineering, IIT Kharagpur","Gas Hydrates, Gas Separation, Energy Storage, CO2 Sequestartion, Desalination",268.0,https://scholar.google.com/citations?hl=en&user=nWrtNfUAAAAJ
Ashwani Tyagi,"School of Energy Science and Engineering, IIT Kharagpur","Cathodes, Sodium ion batteries, Nanomaterials, Energy Storage Devices, Crystallography",267.0,https://scholar.google.com/citations?hl=en&user=4fIaFk4AAAAJ
Aishwarya Dash,"Indian Institute of Technology, Kharagpur, West Begal, India","Industrial Engineering, Supply Chain Management, Optimization Techniques",265.0,https://scholar.google.com/citations?hl=en&user=kr_RNoUAAAAJ
Gobinda Chandra Mohanty,IIT Kharagpur,"High entropy alloys, Materials Science, Supercapacitor",265.0,https://scholar.google.com/citations?hl=en&user=ryMdjnUAAAAJ
Surajit Murasingh,"CUTM, Odisha | IIT KGP, WB - India","Land-Atmosphere Interaction, Vegetation dynamics, Extreme Events",264.0,https://scholar.google.com/citations?hl=en&user=z0lsweUAAAAJ
Sahana V.,"Assistant Professor, Indian Institute of Technology Kharagpur","Hydro-climatic extremes, Hydrologic modeling, Drought risk assessment, Climate change impact",264.0,https://scholar.google.com/citations?hl=en&user=3apPWFUAAAAJ
Tamesh Halder,Indian Institute of Technology Kharagpur,"Signal Processing, Image processing, radar polarimetry, machine learning",263.0,https://scholar.google.com/citations?hl=en&user=e6mlYSsAAAAJ
BINITA BORO,"IIT, Kharagpur",Perovskite Solar Cell,263.0,https://scholar.google.com/citations?hl=en&user=M2vFwfH4Ys4C
Dr. Anjali Khuntia,Indian Institute of Technology Kharagpur,"Food packaging, Encapsulation, Food Engineering",262.0,https://scholar.google.com/citations?hl=en&user=Pr-p9XYAAAAJ
Nagarjun Surulivel,IIT Kharagpur,"Power Electronic converters, Drives, Renewables",259.0,https://scholar.google.com/citations?hl=en&user=O8xZVjcAAAAJ
Raju Kumar,"Assistant Professor, Department of Geology and Geophysics, IIT Kharagpur","Radiation Physics, Dosimetry, Nuclear Methods and Instrumentation, Nuclear Geophysics",258.0,https://scholar.google.com/citations?hl=en&user=zFvnEaYAAAAJ
Pramit Roy,IIT Kharagpur,"Distributed Computing, Sensor Networks",258.0,https://scholar.google.com/citations?hl=en&user=WnUOYHgAAAAJ
Archana Patnaik,"Associate Professor, Indian Institute of Technology, Kharagpur","Community based natural resource …, Sociology of Science and Technology, Gender",258.0,https://scholar.google.com/citations?hl=en&user=u8u_nRsAAAAJ
Dr. Vishal Kumar,"Department of Mechanical Engineering, Indian Institute of Technology Kharagpur","Metal Additive Manufacturing, Laser cladding, Welding, Simulation, Forming",258.0,https://scholar.google.com/citations?hl=en&user=EUKAcL4AAAAJ
Dr Vutukuru Ravindra,"Assistant Professor Grade 1, CRDIST, IIT Kharagpur","Solar Thermal, CO2 systems, Superconductivity, Vacuum Technology, Semiconductor",257.0,https://scholar.google.com/citations?hl=en&user=DlINqhAAAAAJ
Anish Das,IIT Kharagpur,"General Relativity, Astrophysics",257.0,https://scholar.google.com/citations?hl=en&user=5UKmbPQAAAAJ
Shantanu Patel,"University of Alberta, Indian Institute of Technology Kharagpur","Rock Mechanics, Numerical Modelling in Geomechanics, Waste disposal in Rock, Slopes, Mining",257.0,https://scholar.google.com/citations?hl=en&user=qvqyQOsAAAAJ
Banibrata Mukherjee,"Assistant Professor, Indian Institute of Technology Kharagpur","Energy Harvesting, MEMS sensor, Piezoelectric Triboelectric Electromagnetic, Sensor fusion, Circuit",256.0,https://scholar.google.com/citations?hl=en&user=6WiTAcUAAAAJ
Vara Prasad Kasa,IIT Kharagpur,Microplastics,256.0,https://scholar.google.com/citations?hl=en&user=woPhHSMAAAAJ
Himanshu Singh,Post Doctoral Research Associate Indian Institute of Technology Kharagpur,Materials Manufacturing,255.0,https://scholar.google.com/citations?hl=en&user=CmVx2g0AAAAJ
PURBASHA MAJI,"PMRF, IIT Kharagpur","Polymer nanocomposite, surface modification, thermoplastic elastomer, grafting",255.0,https://scholar.google.com/citations?hl=en&user=qPlwTksAAAAJ
Tila Khan,"School of Medical Science & Technology, Indian Institute of Technology Kharagpur","Infectious diseases, Vaccines, Molecular epidemiology, clinical and public health, one health",254.0,https://scholar.google.com/citations?hl=en&user=2ECfc8wAAAAJ
Pankaj Kumar,"Nano Science and Technology, Indian Institute of Technology Kharagpur","Electrochemistry, Surface Coating, Thin films, Photocatalysis, Wetting",253.0,https://scholar.google.com/citations?hl=en&user=RFWVtOMAAAAJ
Kajal Sarkar,"Indian Institute of Technology, Kharagpur, WB. INDIA","Technical Textiles (Conductive Textiles), EMI shielding",252.0,https://scholar.google.com/citations?hl=en&user=8kddsfoAAAAJ
Noel Richard Merritt,IIT Kharagpur,Power System,250.0,https://scholar.google.com/citations?hl=en&user=N34YrsYAAAAJ
Adarsh Kumar,Indian Institute of Technology Kharagpur,"Natural Language Processing, Computational Linguistics, Generative Modelling, Music Generation",250.0,https://scholar.google.com/citations?hl=en&user=GFvEdicAAAAJ
Jyoti Verma,Indian Institute of Technology Kharagpur,"Molecular Microbiology, Antimicrobial Chemotherapy",249.0,https://scholar.google.com/citations?hl=en&user=UDcuv4EAAAAJ
Sista Raviteja,Indian Institute of Technology Kharagpur,"deep learning, computer vision, machine learning, image analysis, image guided surgery",247.0,https://scholar.google.com/citations?hl=en&user=GoC4I4EAAAAJ
Akash Kumar,IIT Kharagpur,Microbiology,245.0,https://scholar.google.com/citations?hl=en&user=a3X4QR4AAAAJ
Anubhab Sinha,Indian Institute of Technology Kharagpur,"Mechanical Vibrations, Sommerfeld effect, Synchronization Theory, Bond graphs, AI-ML models",245.0,https://scholar.google.com/citations?hl=en&user=X2sVtuoAAAAJ
SHANKHA PRATIM BHATTACHARYA,Indian Institute of Technology Kharagpur,"Disaster Resistant Architecture, Construction Management, IEQ, Building Energy",244.0,https://scholar.google.com/citations?hl=en&user=uRQRFATvtpcC
Madhulekha Rakshit,IIT Kharagpur,,244.0,https://scholar.google.com/citations?hl=en&user=zBr9DcEAAAAJ
Dr. Sibananda Sahu,"Post-Doctoral Fellow, Department of Metallurgical and Materials Engineering, IIT Kharagpur","Extractive Metallurgy, Leaching, solvent extraction, Precipitation, Hydrometallurgy",244.0,https://scholar.google.com/citations?hl=en&user=HErsQmoAAAAJ
Dr. Soumitra Sau,"Post Doctoral Fellow (IPDF), IIT Kharagpur","Conjugated Microporous Polymers, Photocatalysis, Environmental Remediation, Uranium Extraction",244.0,https://scholar.google.com/citations?hl=en&user=xugL6xMAAAAJ
Naquee Rizwan,"CSE, IIT Kharagpur","Multimodal, Multimedia, Content Moderation",244.0,https://scholar.google.com/citations?hl=en&user=6AnzWMQAAAAJ
Jonaki Mukherjee,"Central Glass & Ceramic Research Institute, Indian Institute of technology, Kharagpur","Thin Films, Nano Composite, Mechanical Properties",241.0,https://scholar.google.com/citations?hl=en&user=UdTzwBcAAAAJ
Dr. Rohit Kumar,"Institute Post-doctoral Fellow, IIT Kharagpur","Homogenous Catalysis, CC and CN Coupling Reactions, Sustainable catalysis, CO2 Reducation",241.0,https://scholar.google.com/citations?hl=en&user=PTCNeJAAAAAJ
Arihant Binaykia,"Dual Degree Graduate, IIT Kharagpur","Machine Learning, Artificial Intelligence, Survival Prediction, Decision Science",240.0,https://scholar.google.com/citations?hl=en&user=F2oKf88AAAAJ
Dr. Indrajit Dey,"Institute Post Doctoral Fellow of Metallurgical & Materials Engineering, IIT, Kharagpur, India","Steel, TMCP, Heat Treatment, Structure-Property Correlations, Modeling",240.0,https://scholar.google.com/citations?hl=en&user=w1QCmjUAAAAJ
Gulshan Kumar Malik,Indian Institute of Technology Kharagpur,"Food Packaging, Food Engineering",239.0,https://scholar.google.com/citations?hl=en&user=dvoTZHoAAAAJ
Writtick Pakhira,"Postdoctoral Fellow, Chemical Engineering Department, Indian Institute of Technology …","MEMS, Bio-MEMS, Lab-on-a-chip, Microfluidics, Biosensor",239.0,https://scholar.google.com/citations?hl=en&user=6V9wiCEAAAAJ
Raj Kumar Sadhu,"Assistant Professor, Indian Institute of Technology Kharagpur","Biophysics, Statistical Mechanics, Cytoskeletal Dynamics, Cell Migration, Membrane Mechanics",238.0,https://scholar.google.com/citations?hl=en&user=4K3Rsr0AAAAJ
J Manoj Balaji,"Indian Institute of Technology, Kharagpur","Machine Learninng, Natural Language Processing, Sanskrit Computational Linguistics",238.0,https://scholar.google.com/citations?hl=en&user=7jZFRqMAAAAJ
Vinay Arya,Indian Institute of Technology Kharagpur (IIT Kharagpur),"Nanofluidic Transport, Interfacial Phenomena, Physics-Informed ML",238.0,https://scholar.google.com/citations?hl=en&user=mRa-uLMAAAAJ
Sumana Gupta,"Associate Professor in Architecture & Regional Planning, IIT Kharagpur","disaster management, facility planning and service quality evaluation, building materials, housing, transportation planning",237.0,https://scholar.google.com/citations?hl=en&user=cVihIO0AAAAJ
Dr. Vipin Kumar Mishra,"VIT Bhopal University, Amity University Mumbai,IITB, IITKgp",Computational Biology and Chemistry,236.0,https://scholar.google.com/citations?hl=en&user=BlIHhKgAAAAJ
Devsamridhi Arora,"Assistant professor, Department of Geology and Geophysics, IIT Kharagpur","Metamorphic petrology, Mineralogy, Antarctic sciences",236.0,https://scholar.google.com/citations?hl=en&user=IJkYS7gAAAAJ
Dr. Linkon Bharali,"Postdoctoral Researcher at IIT Kharagpur, India","Materials Chemistry, Catalysis, Photocatalysis, Inorganic Chemistry",234.0,https://scholar.google.com/citations?hl=en&user=r1FbXGoAAAAJ
Shubhabrata Paul,IIT Kharagpur,"Paleobiology, Pleoecology, Paleontology",233.0,https://scholar.google.com/citations?hl=en&user=iS7KH3MAAAAJ
Rahul Binjhade,"Senior Research Fellow, Chemical Engineering, IIT Kharagpur","Photocatalysis, Wastewater treatment, Catalyst immobilization & Characterization, optimization",233.0,https://scholar.google.com/citations?hl=en&user=51NJOvMAAAAJ
Chandra Kant Kaithwas,Indian Institute of Technology Kharagpur,"Grain Boundary Engineering, Corrosion Engineering, Thermo Mechanical Processing, and Sodiom Ion Batteries",232.0,https://scholar.google.com/citations?hl=en&user=FaaP_DUAAAAJ
Priyanka Laha,Indian Institute of Technology Kharagpur,"Entrepreneurship, Energy System Modelling, Energy Policy",232.0,https://scholar.google.com/citations?hl=en&user=PV0i8JQAAAAJ
Appu K Singh,"Indian Institute of Technology, Kharagpur",Thermoelectric materials,231.0,https://scholar.google.com/citations?hl=en&user=yRSncV8AAAAJ
Dr. Swathi Thottathil,"Postdoctoral Fellow, IIT Kharagpur","Porous Organic Polymers, Adsorption, Microbial studies, Antimicrobial polymer",231.0,https://scholar.google.com/citations?hl=en&user=2NQgxEUAAAAJ
Pulasta Chakrabarty,"Principal Project Associate, IIT Kharagpur","Microfluidics, Lab-on-a-chip, Therapeutics, Diagnostics, Deep learning",230.0,https://scholar.google.com/citations?hl=en&user=By19vJMAAAAJ
Pallavi Pandey,"Assistant Professor, IIT Kharagpur",HR and OB,229.0,https://scholar.google.com/citations?hl=en&user=2pyM9_QAAAAJ
Ramakrushna Reddy,IIT Kharagpur,"Seismology, Geophysics",228.0,https://scholar.google.com/citations?hl=en&user=BFqJNLsAAAAJ
Gurunath Reddy M,IIT Kharagpur,Speech and Music Signal Processing,228.0,https://scholar.google.com/citations?hl=en&user=WuqsazcAAAAJ
Puja Majumder,"Indian Institute of Technology, Kharagpur","Structural biology, biochemistry, antiphage defense, CRISPR, membrane proteins",228.0,https://scholar.google.com/citations?hl=en&user=a9JYDr4AAAAJ
Abhay Guleria,"Assistant Professor Grade-II, School of Water Resources, IIT Kharagpur","Water Quality, Groundwater, Contaminant Hydrology, Human Health Risk Assessment",226.0,https://scholar.google.com/citations?hl=en&user=o3w4iLoAAAAJ
Tanvir Singh Badwal,Indian Institute of Technology (IIT) Kharagpur,"Food Science, Food Chemistry, Agricultural and Food Engineering, Food Process Engineering",225.0,https://scholar.google.com/citations?hl=en&user=1a2Pg3UAAAAJ
Karuna Prasad Sahoo,IIT Kharagpur,"Cardiovascular Systems, Neural Systems, Signal Processing, Embedded Systems",225.0,https://scholar.google.com/citations?hl=en&user=0Rt0fXcAAAAJ
Swapnadip De Chowdhury,Indian Institute of Technology Kharagpur,"water waves, SPH, marine renewable energy",224.0,https://scholar.google.com/citations?hl=en&user=1l34rMIAAAAJ
Dr. Anu Verma,"Indian Institute of Technology, Kharagpur, West Bengal-721302, India","Corrosion Mitigation, Smart multifunctional coatings, Biomass Conversion",224.0,https://scholar.google.com/citations?hl=en&user=vmPJsCQAAAAJ
Dr. Priyankar Kumar,Doctor of Philosophy   at IIT Kharagpur,"Climate change, Atmospheric Science, Mathematics, heatwave, Probability and statistics",223.0,https://scholar.google.com/citations?hl=en&user=hNn1dxMAAAAJ
Premeshworii Devi Maibam,"Post-Doctoral Fellow, Indian Institute of Technology Kharagpur","Lignocellulosic Biomass, Biofuel, Enzyme Technology, Bioenergy, Lignin valorization",222.0,https://scholar.google.com/citations?hl=en&user=57bs6WAAAAAJ
Dr. Amit Passi,Indian Institute of Technology Kharagpur,Indoor air quality management,222.0,https://scholar.google.com/citations?hl=en&user=JzJkc_AAAAAJ
Tamal Jana,IIT Kharagpur,"Aerodynamics, Shock Wave and Boundary Layer Interactions, Jet Control and Base Flows",220.0,https://scholar.google.com/citations?hl=en&user=LBmm6J8AAAAJ
Dr. Cinu Varghese,Indian Institute of Technology Kharagpur,"Food Science and Nutrition, Product Development, Sensory and Consumer research, Public health",220.0,https://scholar.google.com/citations?hl=en&user=FuuUymoAAAAJ
Aniruddha Bhattacharya,"Assistant Professor of Electronics Engineering, and of Physics, IIT Kharagpur",Quantum Physics,219.0,https://scholar.google.com/citations?hl=en&user=GIl4FaQAAAAJ
Dr. Sushil Narayan Mhaske,"Senior project officer, Indian Institute of Technology, Kharagpur",Geological Remote Sensing and …,219.0,https://scholar.google.com/citations?hl=en&user=1-kaJ1sAAAAJ
Dr. Ayushi Gupta,Indian Institute of Technology- Kharagpur,"Optical RS, AI/ML techniques, RS&GIS, Ecological Modeling",219.0,https://scholar.google.com/citations?hl=en&user=CoEpduYAAAAJ
Chetan Singh,"Assistant Professor, Indian Institute of Technology Kharagpur","Mechanical behaviour, Characterization of materials, Electron microscopy, Microstructure-property",219.0,https://scholar.google.com/citations?hl=en&user=pxUmUlAAAAAJ
Dr. Lisa sarkar,National post doctoral fellow (IIT Kharagpur),"Microelectronics, Triboelectric Energy Harvester, FET based Gas sensing, Piezoelectric Sensor",219.0,https://scholar.google.com/citations?hl=en&user=IZx1O6IAAAAJ
Srinivas Reddy Kota,Indian Institute of Technology Kharagpur,"Information Theory, Stochastic Inference, Coding Theory and Networks",218.0,https://scholar.google.com/citations?hl=en&user=tqgIzfwAAAAJ
Kartik Chandra Guchhait,"School of Medical Science and Technology, Indian Institute of Technology, Kharagpur","Molecular microbiology, Bacterial cloning, Biofilm, Natural plant products",218.0,https://scholar.google.com/citations?hl=en&user=HNZdszAAAAAJ
subhajit sidhanta,"Assistant Professor, IIT Kharagpur","Distributed Storage Systems, Big Data Analytics, Large Scale Parallel Processing",217.0,https://scholar.google.com/citations?hl=en&user=DshDwzEAAAAJ
Ravi Shaw,IIT Kharagpur,Microwave Antennas,215.0,https://scholar.google.com/citations?hl=en&user=0Uej0eYAAAAJ
Ritabrata Ganguly,Indian Institute of Technology Kharagpur,"polymers, microgel, polyzwitterions, mussel-mimetic",215.0,https://scholar.google.com/citations?hl=en&user=E7mWZ4sAAAAJ
Ayan Pradhan,"Post-Doctoral Fellow, Department of Bioscience & Biotechnology, IIT Kharagpur","Inflammation, Autoimmunity, Redox Biology, Neurodevelopmental disorders, Breast Cancer",215.0,https://scholar.google.com/citations?hl=en&user=Xfl4zioAAAAJ
Nirmal Kumar,IIT Kharagpur,Applied Mechanics,213.0,https://scholar.google.com/citations?hl=en&user=w1icfZgAAAAJ
Chinmaya Mishra,"Indian Institute of Technology, Kharagpur","Biology, Biotechnology",213.0,https://scholar.google.com/citations?hl=en&user=M8sR3jgAAAAJ
Mahesh Mohan MR,Indian Institute of Technology Kharagpur,"Signal processing, Image processing, Machine Learning, Computer Vision",212.0,https://scholar.google.com/citations?hl=en&user=gNshB_kAAAAJ
Shambhu Sau,Indian Institute of Technology Kharagpur,"Multilevel Converters, Medium Voltage Drives, HVDC, FACTs, STATCOM",212.0,https://scholar.google.com/citations?hl=en&user=ZMruiSwAAAAJ
Prantik Bagchi,"Assistant Professor of Economics, Department of HSS, IIT Kharagpur","Energy Economics, Resource and Environmental Economics, Development Economics, Applied Economics",212.0,https://scholar.google.com/citations?hl=en&user=E0vHRQ4AAAAJ
Dr. Ajay Kumar Mishra,"Assistant Professor of Finance,VGSoM IIT Kharagpur","Market Microstructure, Financial Markets, Asset Pricing, Short Selling, Liquidity",211.0,https://scholar.google.com/citations?hl=en&user=Kho5ThsAAAAJ
Satabdi Bera,Indian Institute of Technology Kharagpur,CH functionalization,209.0,https://scholar.google.com/citations?hl=en&user=hvAEE1kAAAAJ
ANAMIKA DAS,"Indian Institute of Technology, Kharagpur","Molecular genetics, Microbiology, Immunogenetics",208.0,https://scholar.google.com/citations?hl=en&user=3DK-N4AAAAAJ
ARUP RATAN PARAMANIK,"Prime Minister's Research Fellow, Indian Institute of Technology Kharagpur","Operations and Supply Chain Analytics, Circular Economy, Optimization Modeling, Operations Research",208.0,https://scholar.google.com/citations?hl=en&user=0gFOmsEAAAAJ
Rajarshi Bhar,Indian Institute of Technology Kharagpur,"Renewable energy, Circular engineering, Life Cycle Assessment, Hydrogen energy, Environmental engineering",208.0,https://scholar.google.com/citations?hl=en&user=ynPNRskAAAAJ
Aniket Singha,"Electronics and Electrical Communication Engineering, Indian Institute of Technology …","NEGF, Quantum Transport, Many-Body physics, Spintronics, 2D Materials",207.0,https://scholar.google.com/citations?hl=en&user=OFlYNpgAAAAJ
MANILA MALLIK,IIT KHARAGPUR,"Electrochemistry, Mechanical Metallurgy, Surface Engineering, Material Characterization",206.0,https://scholar.google.com/citations?hl=en&user=fh3AP8sAAAAJ
Dr. Md Moshabbir Alam,Indian Institute of Technology Kharagpur (IIT KGP),"Marginalized Communities, Gender Studies, Social Change, Public Policy, Law & Governance",206.0,https://scholar.google.com/citations?hl=en&user=UC7LcbIAAAAJ
Nurul Islam,"Project Assistant,IIT Kharagpur, BE Jadavpur University",,205.0,https://scholar.google.com/citations?hl=en&user=Xx0nDZMAAAAJ
Dr. Joysmita Chatterjee,IIT Kharagpur,"Antenna, metamaterials and metasurfaces, reconfigurable antennas, antenna RCS, mimo",205.0,https://scholar.google.com/citations?hl=en&user=jm7EcOYAAAAJ
Sayan Layek,IIT Kharagpur,"LLM, Safety Alignment, VLM, Multimodal Learning",205.0,https://scholar.google.com/citations?hl=en&user=TmITi54AAAAJ
Swarup Kumar Panda,"Department of Mathematics, IIT Kharagpur",Combinatorial Matrix Theory,204.0,https://scholar.google.com/citations?hl=en&user=i1Aof2sAAAAJ
Soumik Das,Indian Institute of Technology Kharagpur,"Climate Dynamics, Agriculture, Vulnerability & Risk, Adaptation & Resilience, SDGs",204.0,https://scholar.google.com/citations?hl=en&user=tbAKgWgAAAAJ
Shohaib Abass,"Postdoctoral Fellow, Indian Institute of Technology Kharagpur","Condensed Matter Physics, Solid State Physics, Material Characterization",204.0,https://scholar.google.com/citations?hl=en&user=P-sOVXAAAAAJ
Sayak Roychowdhury,"Department of Industrial and Systems Engineering, IIT Kharagpur","Operations Research, Statistics, Quality & Reliability, Machine Learning, AI",203.0,https://scholar.google.com/citations?hl=en&user=nMErrtoAAAAJ
Dr. Fatima Saeed,Indian institute of technology Kharagpur,"Metal organic frameworks, Chemical engineering, advance separation techniques, Membranes, Adsorbent",202.0,https://scholar.google.com/citations?hl=en&user=7-KEpg8AAAAJ
DKVD Prasad,IIT Kharagpur,"Metallic glasses, metallic glass coatings, high entropy alloys, ceramic matrix composites",201.0,https://scholar.google.com/citations?hl=en&user=pXtaCSEAAAAJ
Dr. Shreyas P. Bharule,"Assistant Professor, Dept. of Architecture & Regional Planning, IIT Kharagpur","TOD, Station Area Dev & Mgmt, Urban & Regional Planning, Architecture, High Speed Railway",200.0,https://scholar.google.com/citations?hl=en&user=cvEv8M4AAAAJ
Iti Sharma,Indian Institute of Technology Kharagpur,"microbial fuel cell, renewable energy, bioenergy, waste treatment",199.0,https://scholar.google.com/citations?hl=en&user=LKuYq1oAAAAJ
Dipmalya Basak,"SRF Department of Chemistry, IIT Kharagpur",Synthetic Inorganic Chemistry,199.0,https://scholar.google.com/citations?hl=en&user=XsH92rgAAAAJ
Shubhrajit Maitra,"Assistant Professor, IIT Kharagpur","Offshore Geotechnics, Geotechnical Engineering",197.0,https://scholar.google.com/citations?hl=en&user=DsFd390AAAAJ
Anurupa Maiti,IIT Kharagpur,Nanomaterials,197.0,https://scholar.google.com/citations?hl=en&user=UFv1m9AAAAAJ
Israr Majeed,"Indian institute of technology, Kharagpur","Hyperspectral Imaging, Crop Modeling, Diffuse reflectance spectroscopy in agriculture, Chemometrics",196.0,https://scholar.google.com/citations?hl=en&user=dA77Ae0AAAAJ
Dr.Chita Ranjan Dalai,"Indian Institute of Technology, Kharagpur","Saltwater intrusion, Laboratory techniques, Porous media physics, Density dependent flow",196.0,https://scholar.google.com/citations?hl=en&user=x11csosAAAAJ
Hena Gain,Indian Institute of Technology Kharagpur,"Biotechnology, Microbiology, Plant Molecular Biology, Plant Breeding, Genetics",196.0,https://scholar.google.com/citations?hl=en&user=KrTng-cAAAAJ
Sachin Vashistha,"Indian Institute of Technology, Kharagpur","Natural Language Processing, Neuro-symbolic Methods",196.0,https://scholar.google.com/citations?hl=en&user=9DFf_lAAAAAJ
Kapil Kumar Meena,Indian Institute Of Technology Kharagpur,"Transportation Planning, Travel Behavior Analysis, Air Pollution Exposure",194.0,https://scholar.google.com/citations?hl=en&user=5jIAPTEAAAAJ
Jignesh Sindha,Indian Institute of Technology Kharagpur,"Vehicular technology, Vehicle dynamics, Multibody dynamics, Active control systems, Electric Vehicles.",193.0,https://scholar.google.com/citations?hl=en&user=P73XAi0AAAAJ
Pravin Sawai,"Materials Science Centre, IIT Kharagpur","Polymer, Synthesis, Functional Materials, Materials Characterization",192.0,https://scholar.google.com/citations?hl=en&user=uaQya4QAAAAJ
Shuvodip Maitra,IIT Kharagpur,"Energy materials, Nanomaterials, Thin film growth and depositions, Si-microfabrications",191.0,https://scholar.google.com/citations?hl=en&user=U87B4HIAAAAJ
Vineet Kumar,"PayPal, Jadavpur University, IIT Kharagpur","Machine Learning, NLP",190.0,https://scholar.google.com/citations?hl=en&user=yjsc7cgAAAAJ
Dibbendu Roy,"Assistant Professor, IIT Kharagpur","Access Networks, Fog and Edge Computing, Game Theory and Optimization, Machine Learning",190.0,https://scholar.google.com/citations?hl=en&user=CIPb4sQAAAAJ
Ajay Kumar Mishra,"VGSoM, IIT Kharagpur","Market Microstructure, Asset Pricing, Valuation and Banking",188.0,https://scholar.google.com/citations?hl=en&user=n7YWccEAAAAJ
SM Ananth,"Assistant Professor, IIT Kharagpur","CFD, Transition, High-fidelity simulations, High order methods, Turbomachinery",188.0,https://scholar.google.com/citations?hl=en&user=WDUf3IQAAAAJ
Amardip Ghosh,"Indian Institute of Technology, Kharagpur","Rocket Propulsion, Aircraft Propulsion, Gas Turbine Combustion, Combustion Instability",187.0,https://scholar.google.com/citations?hl=en&user=jR7ooDcAAAAJ
Ramani Ranjan Sahu,"Indian Institute of Technology, (IIT) Kharagpur",digital Library. OSS,187.0,https://scholar.google.com/citations?hl=en&user=AgyvTC4AAAAJ
aiswarya priyambada,Indian Institute of Technology Kharagpur,,187.0,https://scholar.google.com/citations?hl=en&user=XQVSXvkAAAAJ
Sanskar Agrawal,Indian Institute of Technology Kharagpur,"Computer Vision, Deep Learning",186.0,https://scholar.google.com/citations?hl=en&user=lgzPww0AAAAJ
TABISH RAHMAN,IIT Kharagpur,"Engineering Geology, Carbon Storage, ECBM",186.0,https://scholar.google.com/citations?hl=en&user=h-r86vYAAAAJ
Pravanjan Nayak,IIT Kharagpur,"Robotics, Automation, Industry 4.0",186.0,https://scholar.google.com/citations?hl=en&user=t8JQsPkAAAAJ
Krishna Dixit,Research Scientist II IIT Kharagpur,"Tissue Engineering, Electrospinning, Immunology, Wound Healing, Primary cell/stem cell isolation",186.0,https://scholar.google.com/citations?hl=en&user=WPkJYxAAAAAJ
Dr. Falguni Mahato,Postdoctoral Fellow at IIT Kharagpur,"Operations Research, Inventory, Supply Chain, Sustainable Supply Chain",186.0,https://scholar.google.com/citations?hl=en&user=msm8rG0AAAAJ
Dr. Subhadeep Das,"Post Doctoral Researcher, School of Medical Science and Technology, IIT-Kharagpur, India","Omics, Fatty acids, Lipidomics, Volatiles, Metabolomics",184.0,https://scholar.google.com/citations?hl=en&user=WjS9jxsAAAAJ
Saikat Mukherjee,"Assistant Professor, IIT Kharagpur","Fluid Mechanics, Cavitation, Finite Element Method",183.0,https://scholar.google.com/citations?hl=en&user=XNc0cMwAAAAJ
Lamjahao Sitlhou,Indian Institute  of Technology  Kharagpur,"Trace metal biogeochemistry, Metal Speciation, DeepSea mining, Marine Geology",183.0,https://scholar.google.com/citations?hl=en&user=7RknKdkAAAAJ
Victor Avisek Chatterjee,Indian institute of Technology Kharagpur,"Rheology, polymer matrix composites, ballistics, advanced materials",182.0,https://scholar.google.com/citations?hl=en&user=HE47noEAAAAJ
Samir Das,"Prime Minister Research fellow at IIT, KGP","CAD/CAM, 3D Printing, Biomaterials, Biomechanics",182.0,https://scholar.google.com/citations?hl=en&user=24F-h_oAAAAJ
Piru Mohan Khan,Indian Institute of Technology Kharagpur,"Biofluid Mechanics, Immersed Boundary Method, High Performance Computing",182.0,https://scholar.google.com/citations?hl=en&user=OZsP_1sAAAAJ
Rick Maity,"School of Medical Science and Technology, Indian Institute of Technology Kharagpur",Oncology,181.0,https://scholar.google.com/citations?hl=en&user=Q0l7J0AAAAAJ
Prashant kumar,"Assistant Professor, IIT Kharagpur","Topology/ Shape Optimization, IBM, Wind Tunnel Experiment, CFD, Wake Transition",180.0,https://scholar.google.com/citations?hl=en&user=Jlo4SnQAAAAJ
Jayanta Paul (জয়ন্ত পাল),Indian Institute of Technology Kharagpur | IIT KGP,"Machine Learning, Deep Learning, Computer Vision & NLP, Bioinformatics, Internet of Things",180.0,https://scholar.google.com/citations?hl=en&user=npVoywoAAAAJ
NIKHIL KUMAR,Indian Institute of Technology Kharagpur,"Targeted drug delivery, Cutaneous squamous cell carcinoma, Smart hydrogels, Wound healing, Pharmacology and toxicology",180.0,https://scholar.google.com/citations?hl=en&user=uGoSXLYAAAAJ
Amit Sravan Bora,"Assistant Professor, IIT Kharagpur | Vodafone Chair TU Dresden (Postdoc) | Monash …","Wireless Communications, Communications Theory, Signal Processing, VLSI Signal Processing",179.0,https://scholar.google.com/citations?hl=en&user=ru_1upsAAAAJ
Dr. Garima Sharma,Indian Institute of Technology Kharagpur,… Modeling and Analysis of Repairable Systems,179.0,https://scholar.google.com/citations?hl=en&user=RGliv6wAAAAJ
Biswajit Manna,Indian Institute of Technology Kharagpur,"Hyperspectral data processing, Ore quality estimation, Digital Image processing",178.0,https://scholar.google.com/citations?hl=en&user=SbkuqPMAAAAJ
Santanab Majumder,IIT Kharagpur,"Sensor, nano devices, Nanomaterials (TMO, TMDC)",177.0,https://scholar.google.com/citations?hl=en&user=2tSoq18AAAAJ
Bhargav Jha,"Indian Institute of Technology, Kharagpur","Guidance, Control",177.0,https://scholar.google.com/citations?hl=en&user=NpLE5zAAAAAJ
Deepjyoti Kalita,"Post-Doctoral Fellow, Dept. of Electronics and Electrical Communication Engineering IIT …","Deep Learning, Artificial Pancreas, Generative AI",177.0,https://scholar.google.com/citations?hl=en&user=wrMGGFEAAAAJ
Viswanathan Ramachandran,Indian Institute of Technology Kharagpur,Information Theory,177.0,https://scholar.google.com/citations?hl=en&user=6UI5vwYAAAAJ
Pratyush Kiran Nandi,IIT KHARAGPUR,"Self-assembly, Hydrogels, Live Cells, Microscopy, Spectroscopy",177.0,https://scholar.google.com/citations?hl=en&user=V5wMNCYAAAAJ
Proloy Ganguly,"Assistant Professor, Indian Institute of Technology Kharagpur","Metamorphic petrology, geochronology",176.0,https://scholar.google.com/citations?hl=en&user=_UXAUPgAAAAJ
Abesh Chatterjee,"Department of Chemical Engineering, Indian Institute of Technology Kharagpur","Coal Beneficiation, Carbon Quantum Dots, Water Treatment, Pollution Control",176.0,https://scholar.google.com/citations?hl=en&user=X2-iRVAAAAAJ
Dr. Souvik Layek,Indian Institute of Technology Kharagpur,"Spectroscopy, Fluorescence spectroscopy, Single molecule spectroscopy, carbon dots, nanoparticles",175.0,https://scholar.google.com/citations?hl=en&user=yExbFVcAAAAJ
Tridip Bhowmik,"School of Environmental Science & Engineering, IIT Kharagpur","Groundwater quality assessment, Arsenic remediation",175.0,https://scholar.google.com/citations?hl=en&user=4_ZUk1wAAAAJ
Subramanian SR,Indian Institute of Technology Kharagpur,"international law, international investment law, international human rights law, international arbitration",174.0,https://scholar.google.com/citations?hl=en&user=__cdadwAAAAJ
Dr. Soumya Sundar Parui,"Institute Post Doctoral Fellow, IIT Kharagpur","Perovskite Solar Cell, Printing OLED, Thin Films Optoelectronic Device Fabrication",174.0,https://scholar.google.com/citations?hl=en&user=4OJSDmgAAAAJ
Chandan Kumar,IIT Kharagpur,"Applied Cryptography, Reverse Firewall, Privacy Preserving Machine Learning",174.0,https://scholar.google.com/citations?hl=en&user=OXVAX88AAAAJ
Ashutosh Tiwari,Assistant Professor at IIT Kharagpur,"Wearable technologies, Biomechanics, Gait Rehabilitation, Neuroprosthesis",174.0,https://scholar.google.com/citations?hl=en&user=QGWDGRgAAAAJ
Suman Kumar,Indian Institute of Technology Kharagpur,"Alloy-design, Microstructure-texture, Mechanical-property, Corrosion, HE Tribology.",173.0,https://scholar.google.com/citations?hl=en&user=oykIceQAAAAJ
SUBARNA PAN,INDIAN INSTITUTE OF TECHNOLOGY,Organic Syntesis,173.0,https://scholar.google.com/citations?hl=en&user=xKbxc-oAAAAJ
Jayshree Majumdar,IIT Kharagpur,food technology,172.0,https://scholar.google.com/citations?hl=en&user=VVjmFwkAAAAJ
SG WAHID,"Indian Institute of Technology Kharagpur, Kharagpur, West Bengal -721302, India",Nuclear Physics,172.0,https://scholar.google.com/citations?hl=en&user=BPeE7-oAAAAJ
Abyaya Dhar,"Senior research fellow, Indian Institute of Technology Kharagpur","Soft Matter Physics, Self propelling systems, Non-equilibrium statistical mechanics",172.0,https://scholar.google.com/citations?hl=en&user=pf6TDMcAAAAJ
Dr. Shivakumar Khaple,"JSPM-NTC, Pune (IIT KGP)","Hydraulics, Sediment Transport, Open Channel Flow, Scour",171.0,https://scholar.google.com/citations?hl=en&user=UV9BhpUAAAAJ
Abhishek Kundu,"Post Doctoral Fellow, Department of Geology & Geophysics, IIT Kharagpur","Geology, Geodynamics, Earthquake Seismology, Seismotectonics, Subsurface Imaging",171.0,https://scholar.google.com/citations?hl=en&user=hX5LHZIAAAAJ
Dr A Nithya,"Researcher, Indian Institute of Technology Kharagpur","Plant Protein, Food Fortification, Extrusion",171.0,https://scholar.google.com/citations?hl=en&user=QEh1q_IAAAAJ
Somdyuti  Paul,Indian Institute of Technology Kharagpur,"Image Processing, Computer Vision, Machine Learning",170.0,https://scholar.google.com/citations?hl=en&user=scwJATcAAAAJ
Lingaraj Behera,"Post Doctrol Fellow,IIT Kharagpur","Fluroscence sensor, flexible sensor, Electrochemical sensor, photocatlysis, antibacterial study",170.0,https://scholar.google.com/citations?hl=en&user=Q20XWdMAAAAJ
Dr. Abinash Kr. Singh,IIT Kharagpur,Microwave Engineering,169.0,https://scholar.google.com/citations?hl=en&user=KyA0B5sAAAAJ
Tuhin Manna,"National Postdoctoral Fellow, Dept. of Bioscience and Biotechnology, IIT Kharagpur","Biofilm, Cyclic-di-GMP, Diguanylate cyclases, Structural Bioinformatics, Anti-biofilm strategies",169.0,https://scholar.google.com/citations?hl=en&user=f_Wh-XEAAAAJ
Sudhanshu Kumar,"Auburn University, IIT Kharagpur, IIT BHU Varanasi","Soil Moisture, Flash drought, Data Science, Machine Learning, Marine Heatwaves",169.0,https://scholar.google.com/citations?hl=en&user=8bUhatEAAAAJ
Nibir Baran Roy,Indian Institute of Technology Kharagpur,"Distribution System, Microgrid, Demand Response",168.0,https://scholar.google.com/citations?hl=en&user=dAWpvSkAAAAJ
Arjun Chouriya,Indian Institute of Technology Kharagpur,"Farm machinery, Deep learning, Image processing, AI in agriculture",167.0,https://scholar.google.com/citations?hl=en&user=CwhHsZoAAAAJ
Sanjib Chowdhury,Indian Institute of Technology Kharagpur,Business Management,166.0,https://scholar.google.com/citations?hl=en&user=ZrhktmcAAAAJ
Srijeeb Karmakar,IIT Kharagpur,Protein biochemistry,165.0,https://scholar.google.com/citations?hl=en&user=0kahtIAAAAAJ
Y Madhu Keerthana,Indian Institute of Technology Kharagpur,"Speech Processing, Biomedical Signal Processing, Machine Learning",165.0,https://scholar.google.com/citations?hl=en&user=EiMbeEUAAAAJ
Dipa Dube,"Professor of Law, IIT Kharagpur","criminal law, criminology, Victimology",164.0,https://scholar.google.com/citations?hl=en&user=i3ALHfMAAAAJ
Samik Mallik,Indian Institute of Technology Kharagpur,"TFT, flexible sensors, Healthcare devices, Air quality monitoring, Organic electronics",164.0,https://scholar.google.com/citations?hl=en&user=CEge9CAAAAAJ
Dr. Soumen Giri,"Institute Postdoctoral Fellow, Materials Science Centre, IIT Kharagpur","Gas Sensors, Thermoelectrics, Photodetectors, Semiconductor Materials",164.0,https://scholar.google.com/citations?hl=en&user=Wl7LzioAAAAJ
Anuradha Choudry,Indian Institute of Technology Kharagpur,"Sanskrit, Psychology, Indian Philosophy, Yoga, Therapy",163.0,https://scholar.google.com/citations?hl=en&user=bdOo62oAAAAJ
Sutapa Deb,Indian Institute of Technology Kharagpur,"Concrete, Fiber reinforced cementitious materials, materials characterisation",162.0,https://scholar.google.com/citations?hl=en&user=vGJgDxMAAAAJ
Jayasree Saha,"UPES, IIIT Hyderabad, IIT Kharagpur","Machine Learning, Deep Learning, Pattern recognition",162.0,https://scholar.google.com/citations?hl=en&user=1qylKloAAAAJ
Arijita Banerjee,Assistant Professor IIT KHARAGPUR,"Chronic diseases, HRV, Mental health, Medical Education in the era of AI, Autonomic nervous system",160.0,https://scholar.google.com/citations?hl=en&user=ghfD3XwAAAAJ
Subrata Mondal,"Post Doctoral Fellow, Indian Institute of Technology Kharagpur","Applied Mathematics, Solid Mechanics, Wave propagation, Composites, Peridynamics",160.0,https://scholar.google.com/citations?hl=en&user=3OWdBWMAAAAJ
Sanchayan  Mahato,Indian Institute of Technology Kharagpur,"Batteries, Energy Storage, Photovoltaics.",159.0,https://scholar.google.com/citations?hl=en&user=et2fvBYAAAAJ
Saurabh Singh Thakur,IIT Kharagpur,"Data Science & Analytics, Healthcare, Industry 4.0, Manufacturing, Supply Chain Analytics",158.0,https://scholar.google.com/citations?hl=en&user=7dD14-cAAAAJ
Purnendu Das,IIT Kharagpur,"Thermal spraying, Metal Forming, Tribology, Powder metallurgy",158.0,https://scholar.google.com/citations?hl=en&user=hJd2AYAAAAAJ
AMIYANGSHU DE,Indian Institute of Technology Kharagpur,"Neurobiology, Cognitive Science, Pharmacy",156.0,https://scholar.google.com/citations?hl=en&user=nQ3b0n0AAAAJ
Aritra Chatterjee,Indian Institute of Technology Kharagpur,,154.0,https://scholar.google.com/citations?hl=en&user=OVfQjBcAAAAJ
Jithin Ravi,Indian Institute of Technology Kharagpur,"Information Theory, Wireless Communication",154.0,https://scholar.google.com/citations?hl=en&user=oPtbq9sAAAAJ
Sudipta Ray,"Research Associate, IIT Kharagpur","Computational Fluid Dynamics, Spectral Methods, Boundary-Integral Methods",153.0,https://scholar.google.com/citations?hl=en&user=edWDYaUAAAAJ
Kamalakshya Mahatab,"Assistant Professor, Indian Institute of Technology, Kharagpur, India","Number Theory, Combinatorics, Representation Theory, Algorithms",153.0,https://scholar.google.com/citations?hl=en&user=ibyZ_JgAAAAJ
Prem Prakash Dahiya,Indian Institute of Technology Kharagpur,Electrochemical Energy Storage,153.0,https://scholar.google.com/citations?hl=en&user=PLehxhcAAAAJ
Sonali Rout,Indian Institute of Technology Kharagpur,Extractive Metallurgy,152.0,https://scholar.google.com/citations?hl=en&user=6OpfI4QAAAAJ
Kanika Kole,"Indian Institute of Technology Kharagpur, India","Computational Biophysics, Enhanced Sampling, Coarse-Grained Simulation, Experiment, CO2 Adsorption",151.0,https://scholar.google.com/citations?hl=en&user=UgwriqUAAAAJ
MANOJ KUMAR,"CSIR-Institute of Minerals and Materials Technology, Bhubaneswar; IIT Kharagpur","Laser Material Processing, Additive Manufacturing, Powder Metallurgy, Surface Engineering",150.0,https://scholar.google.com/citations?hl=en&user=ZJT9brkAAAAJ
Prasad Padalkar,"Indian Institute of Technology Kharagpur, Kharagpur, India","Marine Environmental Geochemistry, Geology",149.0,https://scholar.google.com/citations?hl=en&user=lougkr0AAAAJ
Suddhapalli SS Sharat Kumar,"Indian Institute of Technology, Kharagpur","Graphene, Carbon based nanomaterials, Material science",149.0,https://scholar.google.com/citations?hl=en&user=tz4a9ToAAAAJ
Dr. Ranu Singh,"Post doc, Indian Institute of Technology Kharagpur","Inventory models, Supply chain management, Queueing systems (Operations research)",149.0,https://scholar.google.com/citations?hl=en&user=yZ-k8QoAAAAJ
Dr. Shaili Singh,"Vinod Gupta School of Management, IIT Kharagpur",,149.0,https://scholar.google.com/citations?hl=en&user=tUGSaGwAAAAJ
Anup Upadhyaya,"Prime Minister's Research Fellow , Indian Institute of Technology Kharagpur","Glacial Lake Outburst Floods, Heat Waves, Extreme Rainfall Events",148.0,https://scholar.google.com/citations?hl=en&user=aR0WS0wAAAAJ
Jagatbikas Nanda,"Geology and Geophysics, IIT-Kharagpur",Petrology,147.0,https://scholar.google.com/citations?hl=en&user=Jd9Nsj4AAAAJ
Dr. Mrinmoy Dhar,"Mechanical Engineering, IIT Kharagpur","Fluid Mechanics, Heat transfer, Multiphase Flow, Computational Fluid Dynamics",146.0,https://scholar.google.com/citations?hl=en&user=phzzOq8AAAAJ
Upama Bose,IIT KHARAGPUR,"power electronics, microgrid, smart grid, energy storage, renewable energy",146.0,https://scholar.google.com/citations?hl=en&user=75gnylEAAAAJ
Ali Shariq,"Post-Doctoral Fellow, Department of Civil Engineering, Indian Institute of Technology …","Hydraulics, Water Resource, Computational Analysis, Hydraulic structure, sediment",145.0,https://scholar.google.com/citations?hl=en&user=tlPQOOUAAAAJ
Sankalp Gour,Indian Institute of Technology Kharagpur,"Mechanics of Soft Material, Soft Active Materials, Constitutive Modeling of Soft Materials",145.0,https://scholar.google.com/citations?hl=en&user=akV3MecAAAAJ
Sajib Biswas,IIT KGP,"spintronics, spin injection, Thin film, Heusler Alloy, Spin Transport",145.0,https://scholar.google.com/citations?hl=en&user=cYXqA3sAAAAJ
Manpreet Kour,Indian Institute of Technology Kharagpur,,145.0,https://scholar.google.com/citations?hl=en&user=Y68W8cUAAAAJ
Debajyoti Palai,"Indian Institute of Technology, Kharagpur","Mechanical behaviors of materials, surface-property correlation, thermo-optical property, nanoindentation, Vacuum heat treatment",144.0,https://scholar.google.com/citations?hl=en&user=9DOTU0gAAAAJ
Alok Kumar,"IISER Kolkata, Indian Institute of Technology Kharagpur","Photocatalysis, CO2 Reduction, Inorganic chemistry, Electrochromism, Electrocatalysis",144.0,https://scholar.google.com/citations?hl=en&user=hTSUClUAAAAJ
Anusha Vupputuri,"MathWorks India Pvt. Ltd., Ph. D. - IIT Kharagpur","Medical imaging and analytics, Pattern recognition, Machine learning, Deep Learning",144.0,https://scholar.google.com/citations?hl=en&user=5BRY4vsAAAAJ
Ayan Banerjee,"IIT Kharagpur, NIT Rourkela, Kalyani Government Engineering College","Machining, Grinding, Material Characterization, Finite Element Modelling, Optimization",144.0,https://scholar.google.com/citations?hl=en&user=LEJrKOUAAAAJ
Soumen Paul,"Machine Learning Engineer, LightMetrics Technologies Pvt Ltd., IIT Kharagpur","Computer Vision, Image Processing, Machine Learning, Multimedia Ontology",144.0,https://scholar.google.com/citations?hl=en&user=gtK73cU9_3cC
Saurabh Mishra,"UG, IIT Kharagpur","Computer Vision, Deep Learning, Medical Imaging, Healthcare, Autonomous Systems",144.0,https://scholar.google.com/citations?hl=en&user=77bAEBwAAAAJ
SAMBIT ROY,"Indian institute of Technology, Kharagpur",Polymer chemistry,144.0,https://scholar.google.com/citations?hl=en&user=FANsjGwAAAAJ
Bithika Pal,Indian Institute of Technology Kharagpur,"Deep Neural Networks, Machine Learning, Data Mining, Recommender Systems, Social Network Analysis",143.0,https://scholar.google.com/citations?hl=en&user=x7-BaeQAAAAJ
Dr. Shuvro Prosun Sarker,Indian Institute of Technology Kharagpur,"Human Rights, International Law, Clinic, Access to Justice, Family Law",142.0,https://scholar.google.com/citations?hl=en&user=MeCHNuYAAAAJ
Sutapa Ray,IIT KGP,structural biology,142.0,https://scholar.google.com/citations?hl=en&user=6ywMnGQAAAAJ
Anas Ejaz Yasmeen Shaikh,Indian Institute of Technology-Kharagpur,Food Process Engineering,142.0,https://scholar.google.com/citations?hl=en&user=6kvrkR4AAAAJ
Indranil Hazra,Indian Institute of Technology Kharagpur,"Reliability Analysis, Risk Assessment, Bayesian Inference, Monte Carlo Methods, Quantum Computing",142.0,https://scholar.google.com/citations?hl=en&user=2TKs8QwAAAAJ
Dr. Prashant Kumar Sahu,Indian Institute of Technology Kharagpur,Fault Diagnosis and Prognosis,142.0,https://scholar.google.com/citations?hl=en&user=R7O9TfkAAAAJ
Yashwanth Padarthi,Indian Institute of Technology Kharagpur,"Composite Structures, Delamination Detection, Structural health Monitoring, Internet of Things, Distributed Optical Fiber sensors",142.0,https://scholar.google.com/citations?hl=en&user=567EqKkAAAAJ
Anjaly P Thomas,"Indian Institute of Technology, Kharagpur","Solid Waste Management, Plastic Waste Management, Bioplastics",142.0,https://scholar.google.com/citations?hl=en&user=3vVID8sAAAAJ
Neha Joshi,IIT Kharagpur,"Corporate Finance, Behavioral Finance, Financial Market, Investment Strategies, Sustainable Finance",141.0,https://scholar.google.com/citations?hl=en&user=Kpxm-KUAAAAJ
Mula Raju,"Materials Science Centre, Indian Institute of Technology Kharagpur","Chemical vapor deposition, 1D & 2D  materials, Nanomaterials, Ceramic Materials, Refractories",140.0,https://scholar.google.com/citations?hl=en&user=DkeaPSUAAAAJ
Moumita Dhara,IIT Kharagpur,Polymer Chemistry_ Polyurethanes_RAFT …,140.0,https://scholar.google.com/citations?hl=en&user=oknDM0gAAAAJ
Parvathy KG,Indian Institute of Technology Kharagpur,"Coastal Engineering, Physical Oceanography",139.0,https://scholar.google.com/citations?hl=en&user=axh4PBsAAAAJ
Dipankar Ghosh,"Assistant Professor, Department of Mathematics, Indian Institute of Technology Kharagpur",Commutative Algebra,139.0,https://scholar.google.com/citations?hl=en&user=E-izZWkAAAAJ
Shubham Maddhashiya,Indian Institute of Technology Kharagpur,,139.0,https://scholar.google.com/citations?hl=en&user=mZzoj2YAAAAJ
Dr. Devendra Sahu,"Post-Doctoral Fellow, Indian Institute of Technology, Kharagpur","Robotics, machine learning, conditioning monitoring, Bearing",139.0,https://scholar.google.com/citations?hl=en&user=lyD8yMoAAAAJ
Harshal J. Dongre,"Department of Chemical Engineering, Indian Institute of Technology Kharagpur","Chemical Thermodynamics, Computational Chemistry, Gas Hydrates, Carbon Capture, Energy",138.0,https://scholar.google.com/citations?hl=en&user=u4tvaU4AAAAJ
Nilanjan Biswas,"Assistant Professor, IIT Kharagpur","Wireless Communications, Resource Allocation, Cross Layer Design, Statistical Signal Processing",137.0,https://scholar.google.com/citations?hl=en&user=Nk1ftH4AAAAJ
Prakash Ajay Taksal,"School of Environmental Science and Engineering, IIT Kharagpur, India","Carbon Materials, Circular Engineering, Green Materials, Environmental Engineering, Waste Management",137.0,https://scholar.google.com/citations?hl=en&user=gLYKwRcAAAAJ
Laxman Singh Bisht,"Indian Institute of Technology Kharagpur, India","road safety, urban mobility, sustainable transport, transport policy",136.0,https://scholar.google.com/citations?hl=en&user=8RzMaRIAAAAJ
Tutan Ahmed,IIT Kharagpur,,136.0,https://scholar.google.com/citations?hl=en&user=a9hMfYAAAAAJ
Amrit Goswami,"Financial Engineering, Indian Institute of Technology Kharagpur (IIT KGP)","Quantitative Finance, Risk Management, Machine Learning, Operations Research",136.0,https://scholar.google.com/citations?hl=en&user=v_uM63sAAAAJ
Janaki Behera,IIT Kharagpur,Metal-Organic Framework,135.0,https://scholar.google.com/citations?hl=en&user=OvckRk0AAAAJ
Shubham Anand,"Post-Doctoral Fellow, IIT Kharagpur","Power system protection, Wide area measurement system, Fault location.",134.0,https://scholar.google.com/citations?hl=en&user=GYCBy6UAAAAJ
Rajlakshmi,"Agricultural and Food Engineering, IIT Kharagpur","Microbial Biotechnology, Enzyme",133.0,https://scholar.google.com/citations?hl=en&user=OcAsm80AAAAJ
Kommineni Geethasree,"Postdoctoral Fellow, IIT Kharagpur","Refractory alloys, mechanical behavior, Oxidation, Microstructure-Mechanical properties …",132.0,https://scholar.google.com/citations?hl=en&user=LJ926RAAAAAJ
Arkaprava Datta,IIT KHARAGPUR,"MICRONEEDLE, MICROPUMP, PHOTOLITHOGRAPHY, NANO MATERIAL, IPMC MEMBRANE",132.0,https://scholar.google.com/citations?hl=en&user=yPEYj5MAAAAJ
Subhodeep Banerjee,Indian Institute of Technology Kharagpur,"biofuel, enzyme technology, microbial biotechnology, chromatography, downstream",132.0,https://scholar.google.com/citations?hl=en&user=YziR-gwAAAAJ
Sankaraganesh Jonna,"Computer Science and Engineering,Indian Institute of Technology Kharagpur","Computer Vision, Pattern Recognition, Image Processing, Machine Learning",131.0,https://scholar.google.com/citations?hl=en&user=4PMNsqwAAAAJ
Shubh Agrawal,"Apple, Dual Degree @IIT Kharagpur, India","AI for Manufacturing, Robotics, Computer Vision, Operating Systems",131.0,https://scholar.google.com/citations?hl=en&user=XrV1bOQAAAAJ
Arup Dey,"Indian Institute of Technology Kharagpur, India","Soil Science, Chemical speciation of metals, Environmental Geochemistry",131.0,https://scholar.google.com/citations?hl=en&user=7iNqKSsAAAAJ
Nithin .M,Indian Institute of Technology-Kharagpur,"Monetary Economics, Macroeconomics, Economic Growth, Applied Econometrics",130.0,https://scholar.google.com/citations?hl=en&user=odIUzUUAAAAJ
Mohammed Abeer KC,Indian Institute of Technology Kharagpur,"Resilience, College Counselling, Cognitive Behaviour Therapy",129.0,https://scholar.google.com/citations?hl=en&user=ppt737UAAAAJ
Gouri Gargate,IIT Kharagpur,Intellectual property law & management,128.0,https://scholar.google.com/citations?hl=en&user=jsken3YAAAAJ
Nishant Vats,IIT Kharagpur,"Micropaleontology, Paleoclimatology, Paleoceanography, Climate Change",128.0,https://scholar.google.com/citations?hl=en&user=ZCqwmVQAAAAJ
Mrinal Acharya,"Assistant Professor, Indian Institute of Technology Kharagpur",,128.0,https://scholar.google.com/citations?hl=en&user=Gh0kaY0AAAAJ
Sheshadri Shekhar Rauth,IIT Kharagpur,"Power & Energy Systems, Drives, Wind Energy, Solar Energy, Power Electronics",127.0,https://scholar.google.com/citations?hl=en&user=TqLTbm8AAAAJ
Prasenjit Karmakar,Prime Minister's Research Fellow | CSE @IIT Kharagpur,"Multimodal AI, Prototype Design, Environment Sensing, Human-Computer Interaction",127.0,https://scholar.google.com/citations?hl=en&user=uK96UkwAAAAJ
Kalyani Roy,Indian Institute of Technology Kharagpur,"Natural Language Processing, Information Retrieval",126.0,https://scholar.google.com/citations?hl=en&user=fJS4uy0AAAAJ
D. Manikandan,"DST National Postdoctoral Fellow, Indian Institute of Technology Kharagpur","Neuromorphic Computing, AI, MD simulations, Micro/nano fluidics, 2D materials",125.0,https://scholar.google.com/citations?hl=en&user=inYKrnwAAAAJ
Ashlesha Hota,Indian Institute of Technology Kharagpur,"Theoretical Computer Science, Approximation Algorithms, Parameterized Complexity, ComSoc Theory",125.0,https://scholar.google.com/citations?hl=en&user=wX4DdmcAAAAJ
Shuvankar Das,IIT Kharagpur,"Computational Geomechanics, Geotechnical Earthquake Engineering, Rock Mechanics",124.0,https://scholar.google.com/citations?hl=en&user=hcGY5hsAAAAJ
Saikat Das,Indian Institute of Technology Kharagpur,"Modification of rubber, Modification of silica, Reactive grafting",124.0,https://scholar.google.com/citations?hl=en&user=xMe-6nAAAAAJ
Agam Gugaliya,"IIT Kharagpur; Eaton Corporation, Boeing India","Reliability, Maintenance, LCC, Cost benefit analysis, Aerospace Reliability and Safety",124.0,https://scholar.google.com/citations?hl=en&user=byZkEmcAAAAJ
John C. John,"Indian Institute of Technology, Kharagpur","Artificial Intelligence, Machine Learning, Data Mining, Computer Security",123.0,https://scholar.google.com/citations?hl=en&user=eKTQVq0AAAAJ
Pratyusha Bhowmick,"Senior Research Fellow, School of Nanoscience and Technology, IIT Kharagpur","Amorphous CNTs, Adsorption of textile dyes, Piezoelectri and Pyroelectric nanomaterials …",123.0,https://scholar.google.com/citations?hl=en&user=aguGsfgAAAAJ
Ashish Singhadia,Indian Institute of Technology Kharagpur,"VLSI Architectures, FPGA, ASIC, Video Coding",123.0,https://scholar.google.com/citations?hl=en&user=U0gpLccAAAAJ
ARNAB MAITY,Indian Institute of Technology Kharagpur,"Deep Learning, Biomedical Signal Processing, Circuit Design & Prototyping",123.0,https://scholar.google.com/citations?hl=en&user=XnFyZAsAAAAJ
Gairik Karmakar,IIT KHARAGPUR,"Thin film deposition, TEM sample preparation, Gas sensing, Triboelectric Nanogenerator, Circuits",123.0,https://scholar.google.com/citations?hl=en&user=DluJylIAAAAJ
Dr. Shubhendu Palei 🇮🇳 🇩🇪 🇨🇭,IIT Kharagpur | IIT Kanpur | University of Münster | TU Dortmund University | ETH Zürich,"Chemical Biology, Epigenome Engineering, Cyclic Peptides",122.0,https://scholar.google.com/citations?hl=en&user=KMqd8o0AAAAJ
Shubhadip Atta,Institute Post Doctoral Fellow (IPDF) at IIT Kharagpur,Condensed Matter Physics & Astrophysics,122.0,https://scholar.google.com/citations?hl=en&user=oM8p9HYAAAAJ
mithun bhowmik,IIT Kharagpur,Harmonic Analysis,122.0,https://scholar.google.com/citations?hl=en&user=DZpT1ccAAAAJ
Dr. Navonita Sharma,"Post Doctoral Fellow- Indian Institute of Technology, Kharagpur","Power Electronics, Solar, Control System, Smart Metering, Renewable Integrated System",122.0,https://scholar.google.com/citations?hl=en&user=TJ_7mu0AAAAJ
SANTOSH GUPTA,IIT KHARAGPUR,,121.0,https://scholar.google.com/citations?hl=en&user=KbAYXkkAAAAJ
Diptendu Pal,IIT Kharagpur,"Power Electronic, Power System, Control System, Microgrid",119.0,https://scholar.google.com/citations?hl=en&user=clEsOWIAAAAJ
Uday Shankar,"Rajiv Gandhi School of Intellectial Propert Law, IIT Kharagpur","Socio-Economic Rights, Energy Law and Constitutional Law",119.0,https://scholar.google.com/citations?hl=en&user=0b8SZu4AAAAJ
Shubham Kalore,Assistant Professor at IIT Kharagpur,"Transportation and Pavement Engineering, Geosynthetic Engineering",119.0,https://scholar.google.com/citations?hl=en&user=Y5dKh_8AAAAJ
Ayush Srivastava,IIT Kharagpur,Artificial Intelligence,119.0,https://scholar.google.com/citations?hl=en&user=g6QNSbYAAAAJ
Dr. B. Sutradhar,"Librarian, Central Library IIT Kharagpur,WB",Digital Library Management,119.0,https://scholar.google.com/citations?hl=en&user=W3iHJscAAAAJ
Richa Ahuja,Indian Institute of Technology Kharagpur,"Road Safety, AI/ML, Incident management, Trauma care, Sustainability",119.0,https://scholar.google.com/citations?hl=en&user=FHUET0MAAAAJ
Saibal Dutta,Reseacher at IIT Kharagpur,Data mining and machine learning,118.0,https://scholar.google.com/citations?hl=en&user=XsSLfjAAAAAJ
Pravin Vasudeo Vaidya,"Research Scientist III, SMST, IIT Kharagpur","Additive manufacturing, Powder processing, 3D bio printing, Metal/Ceramic foams, Patient specific",118.0,https://scholar.google.com/citations?hl=en&user=PYuup1UAAAAJ
Subhrajyoti Bhattacharyya,IIT Kharagpur,"Reservoir Engineering, Production Engineering, Drilling Engineering, Reservoir Simulation",118.0,https://scholar.google.com/citations?hl=en&user=jcIoorUAAAAJ
Priyanka Goyal,"NITK, IIT KGP","Remote Sensing, Artificial Intelligence, Agriculture",118.0,https://scholar.google.com/citations?hl=en&user=y5rAMgYAAAAJ
Arup Ray,Indian Institute of Technology Kharagpur,"Antenna Engineering, RFIC",117.0,https://scholar.google.com/citations?hl=en&user=THPsgEEAAAAJ
Rahul Tiwari,Indian Institute of Technology Kharagpur,"Bioenergy, Biofuels, Biomass conversion",117.0,https://scholar.google.com/citations?hl=en&user=AsPw5rMAAAAJ
Satyagopal Sahoo,"Ph. D from  Chemistry Dpartment, IIT Kharagpur, India",Polymer Chemistry,116.0,https://scholar.google.com/citations?hl=en&user=TBBMegUAAAAJ
Aravind Kollipara,"Indian Institute of Technology, Kharagpur",,116.0,https://scholar.google.com/citations?hl=en&user=4p_FZMEAAAAJ
Dr. Dhruva Mukhopadhyay,"Postdoctoral Fellow, Dept. of Civil Engineering, Indian Institute of Technology, Kharagpur","Advanced Oxidation Process, Biomass Valorization, Biotechnology, Chemical Engineering",116.0,https://scholar.google.com/citations?hl=en&user=AfiLWDcAAAAJ
Atanu Paul,"Deptt Of Ocean Engineering and Naval Architecture, IIT Kharagpur","Friction Stir Welding, Methoding of steel castings, Nonconventional  welding Processes, nondestructive testings",116.0,https://scholar.google.com/citations?hl=en&user=0pcVdOYAAAAJ
Mousumi Mandal,"Assistant Professor, Department of Mathematics, IIT Kharagpur",Commutative Algebra,116.0,https://scholar.google.com/citations?hl=en&user=oMxEgYQAAAAJ
Rosy Rahman,Indian Institute of Technology Kharagpur,Condensed Matter Physics,116.0,https://scholar.google.com/citations?hl=en&user=OHqWovMAAAAJ
Rajesh Yadav,"Indian Institute of Technology, Kharagpur","Farm machinery, Machine Learning, Deep Learning, Renewable Energy, Ergonomics",116.0,https://scholar.google.com/citations?hl=en&user=d0iWLeMAAAAJ
Puja Nelluri,Indian Institute of Technology Kharagpur,"High Moisture Extrusion, Meat Analogues, Plant Proteins",116.0,https://scholar.google.com/citations?hl=en&user=1L0uFTAAAAAJ
ARCHANA SAHU,Indian Institute of Technology Kharagpur,"Natural Language Processing for E-learning, Artificial Intelligence in Education",115.0,https://scholar.google.com/citations?hl=en&user=D5kvw5IAAAAJ
SAYANTAN SAHA,IIT Kharagpur,Machine Learning,115.0,https://scholar.google.com/citations?hl=en&user=WmttUREAAAAJ
R Rejeesh,Indian Institute of Technology Kharagpur,"metallurgy, HAC, Modified 9Cr-1Mo steel, creep testing, gleeble simulation",115.0,https://scholar.google.com/citations?hl=en&user=BMRZqksAAAAJ
Sukanta Sarkar,Indian Institute of Technology Kharagpur,"Seismology, Tectonics, Near Surface Geophysics, Tomography, Hydrology",115.0,https://scholar.google.com/citations?hl=en&user=t1XqurIAAAAJ
Raghvendra Chandrakar,IIT Kharagpur,"Climatology, Oceanography, Meteorology",114.0,https://scholar.google.com/citations?hl=en&user=VRRiWi4AAAAJ
Mahadev,IIT Kharagpur,"Geomorphology, Climatology, Geochemistry, Geochronology",114.0,https://scholar.google.com/citations?hl=en&user=CHuUVAYAAAAJ
Gidituri Harinadha,"Assistant Professor, Department of Chemical Engineering@IIT Kharagpur",Fluid Mechanics,113.0,https://scholar.google.com/citations?hl=en&user=bn-zcRcAAAAJ
Tarun Goswami,"Doctoral Fellow, IIT Kharagpur","Natural Resource Management, RS and GIS, Advance Statistics, Societal Wellbeing",112.0,https://scholar.google.com/citations?hl=en&user=0CumxewAAAAJ
Arpan Roy,"JRF, Department of Chemical Engineering, IIT- Kharagpur","Membrane Technology, Image Processing, Erythrocyte Morphology, Wastewater Treatment, Statistical Analysis",111.0,https://scholar.google.com/citations?hl=en&user=btpS64gAAAAJ
Jeenu Grover,"Google, IIT Kharagpur","Machine Learning, Deep Learning, Artificial Intelligence, Natural Language Processing, Computer Vision",111.0,https://scholar.google.com/citations?hl=en&user=qxkiomkAAAAJ
Vandana Kumari Gupta,Post Doctoral Fellow at IIT Kharagpur,"Estuary Biogeochemistry, Benthic Foraminifera, Heavy and Trace metals, PPCPs",111.0,https://scholar.google.com/citations?hl=en&user=VecFDCYAAAAJ
Soumyarup Banerjee,"Assistant Professor in Mathematics, IIT Kharagpur, India",Number Theory,111.0,https://scholar.google.com/citations?hl=en&user=2gB0EqYAAAAJ
Dr. Shirin Dasgupta,"Dr. BC Roy Multi Speciality Medical Research Centre, Indian Institute of Technology …","Histopathology, Laboratory Heamatology, Cytogenetics, Cytology",111.0,https://scholar.google.com/citations?hl=en&user=hWYKU7YAAAAJ
Ashim Kumar Patel,"Indian Institute of Technology, Kharagpur","Ore Geology, Geochemistry",111.0,https://scholar.google.com/citations?hl=en&user=xURHL9UAAAAJ
Samikshya Mohanty,IIT Kharagpur,"Sediment Geochemistry, Radioactivity, Thermal Remote Sensing, Critical Zone",111.0,https://scholar.google.com/citations?hl=en&user=kumjZPEAAAAJ
Ajit R. Sawant,"IIT Kharagpur, India","Bacteriology, AMR, Genomics, Pathogenesis",111.0,https://scholar.google.com/citations?hl=en&user=Z_DaaQgAAAAJ
Majid Hasan Tyeb,"Department of Mining Engineering, Indian Institute of Technology Kharagpur","Mineral Processing, Fine Particle Separation",111.0,https://scholar.google.com/citations?hl=en&user=YqCs3dgAAAAJ
Manjish Pal,IIT-Kharagpur,"Computational Geometry, Computational Complexity, Machine Learning, WSNs",110.0,https://scholar.google.com/citations?hl=en&user=4aJ4AasAAAAJ
Aditya Pandey,"Assistant Professor, Indian Institute of Technology Kharagpur","Mine Ventilation, Thermochemical Properties of Coal, Coal quality analysis",109.0,https://scholar.google.com/citations?hl=en&user=DniPdl8AAAAJ
Bijitaswa Chakraborty,Indian Institute of Technology Kharagpur,"FinTech, Business Analytics, Applied Statistics, Data Analytics, Impression Management",109.0,https://scholar.google.com/citations?hl=en&user=ly243pIAAAAJ
Anyango Geophry Wasonga,"MSc., Indian Institute of Technology Kharagpur","Irrigation, Water quality management, Membrane separation, Water engineering, Environmental Enginee",109.0,https://scholar.google.com/citations?hl=en&user=bPdMv5QAAAAJ
Siva Prakasam OK,IIT Kharagpur,"Biosensor, Microfabrication, Nanoparticles",108.0,https://scholar.google.com/citations?hl=en&user=rGq9em0AAAAJ
Dr. Rahul Kumar Choubey,"Postdoctoral Fellow, IIT Kharagpur","Additive Manufacturing, FEM, Induction heating, Alumininum, DIW",108.0,https://scholar.google.com/citations?hl=en&user=Tg9kmLoAAAAJ
Aniket Biswas,"Assistant Professor of Statistics, Department of Mathematics, IIT Kharagpur","Statistical inference, Applied statistics",108.0,https://scholar.google.com/citations?hl=en&user=jFtEPCgAAAAJ
Ayan Gope,"Research Fellow, IIT Kharagpur","Biomaterials, Tissue Engineering, Surface Engineering",108.0,https://scholar.google.com/citations?hl=en&user=8KVTbrMAAAAJ
Abhinav Bohra,IIT Kharagpur,,107.0,https://scholar.google.com/citations?hl=en&user=F51Ct9oAAAAJ
Sarthak Nakra,Indian Institute of Technology Kharagpur,,107.0,https://scholar.google.com/citations?hl=en&user=mYQGb4wAAAAJ
Mohammad Ghulam Ali,Indian Institute of Technology Kharagpur,"Software Engineering, Multidatabase, Network Security, University Rankings, Sustainable Development",106.0,https://scholar.google.com/citations?hl=en&user=wYc_z5wAAAAJ
Ashish Vazirani,Indian Institute of Technology Kharagpur,"Entrepreneurial Finance, Entrepreneurship, Experimental Finance, Behavioral Finance",106.0,https://scholar.google.com/citations?hl=en&user=sK49J4IAAAAJ
Susant Kumar Panigrahi,"National Postdoctoral Research Fellow, IIT Kharagpur","Deep Learning, MRI Reconstruction, Image Denoising, Medical Image Analysis",105.0,https://scholar.google.com/citations?hl=en&user=1MjsFuUAAAAJ
Subrat Panda,"Indian institute of Technology, Kharagpur","AI, Architecture, GPU, CPU",105.0,https://scholar.google.com/citations?hl=en&user=uMJ4eR8AAAAJ
Abhijit Mondal,IIT Kharagpur,Computer Networks,105.0,https://scholar.google.com/citations?hl=en&user=XYkloQkAAAAJ
Rishabh Swarnkar,"Post Doctoral Fellow, Department of mechanical Engineering, IIT Kharagpur","Friction stir welding and processing, Friction stir extrusion, Friction stir additive manufacturing",105.0,https://scholar.google.com/citations?hl=en&user=WfUV25UAAAAJ
Sudhansu Maharana,Indian Institute of Technology Kharagpur,"High entropy superalloy, Bulk metallic glass, Material characterization, Spark plasma sintering",105.0,https://scholar.google.com/citations?hl=en&user=qAnI0M4AAAAJ
Dean Jerry Dias,"Indian Institute of Technology, Kharagpur","Supply Chain, Quality Control, Machine Learning",104.0,https://scholar.google.com/citations?hl=en&user=zh0rzcYAAAAJ
Karri Karthik,Indian Institute of Technology Kharagpur,"Image Processing, Neuroscience, Medical Devices, Artificial Intelligence",104.0,https://scholar.google.com/citations?hl=en&user=SY5BxE0AAAAJ
Surendra Jangu,"Indian Institute of Technology, Kharagpur","Nanomaterials, Supercapacitors, Ceramics, Dielectrics, Filtration",104.0,https://scholar.google.com/citations?hl=en&user=KoVQnHcAAAAJ
M Quamer Nasim,"Indian Institute of Technology, Kharagpur, India","Geophysics, Reservoir Characterization, Borehole Geophysics, Deep Learning, Computer Vision",104.0,https://scholar.google.com/citations?hl=en&user=eCQ0mNwAAAAJ
Shubhi Shukla,Indian Institute of Technology Kharagpur,"Machine Learning Security, System Security, Adversarial ML, Side Channels",104.0,https://scholar.google.com/citations?hl=en&user=UDQZWrkAAAAJ
Rohit Raj,IIT Kharagpur,"Computer Vision, ML, Usable Security",104.0,https://scholar.google.com/citations?hl=en&user=05i_hM4AAAAJ
Arijit Mondal,"Assistant Professor, IIT Kharagpur","VLSI Architectures, Error Correcting Codes",104.0,https://scholar.google.com/citations?hl=en&user=vAY9ddAAAAAJ
Anurag Sharma,IIT Kharagpur,"Responsible AI, Machine learning",104.0,https://scholar.google.com/citations?hl=en&user=gIj_wzAAAAAJ
Payel Das,"Indian Institute of Technology, Kharagpur","Biochemistry, Enzymology, Cell signaling, Infectious disease, Cancer biology",104.0,https://scholar.google.com/citations?hl=en&user=0pBtlKEAAAAJ
Kaustav Dey,"Assistant Professor, Indian Institute of Technology Kharagpur","Power System Dynamics and Stability, Applications of Signal Processing, HVDC and FACTS devices",103.0,https://scholar.google.com/citations?hl=en&user=k6lKQOwAAAAJ
Pradip Kumar Dey,"Technical Superintendent, Advanced Technology Development Centre, IIT Kharagpur",Microfabrication process technology,103.0,https://scholar.google.com/citations?hl=en&user=HjfwarwAAAAJ
Geetha Ramanna,"Indian Institute of Technology, Kharagpur",Food and agriculture,102.0,https://scholar.google.com/citations?hl=en&user=bmCVh6AAAAAJ
Shyam Kumar Mutil House,"Assistant Professor, Mechanical Engineering, IIT Kharagpur","Experimental fluid mechanics, Multiphase flows, sprays and atomization, Turbulence",102.0,https://scholar.google.com/citations?hl=en&user=lq-iv2YAAAAJ
sushil kumar singh,IPDF IIT KHARAGPUR,"Aero acoustic, Aerodynamics",101.0,https://scholar.google.com/citations?hl=en&user=1TlmBf4AAAAJ
Arpan Halder,IIT Kharagpur,"Robotics, Mining Engineering, Wireless Sensor Networks, Remote Sensing & GIS, Data",101.0,https://scholar.google.com/citations?hl=en&user=VApiqZsAAAAJ
Kousik Biswas,IIT Kharagpur,"InSAR, PSInSAR, DSInSAR",101.0,https://scholar.google.com/citations?hl=en&user=bpNRx_gAAAAJ
Ajit Singh Singathia,IIT KHARAGPUR,"Biosysystem engineering, system biology, Process Optimization, Metabolic network",101.0,https://scholar.google.com/citations?hl=en&user=F2VyxQ4AAAAJ
Jitendra Kumar Prabhakar,"Post-Doctoral Fellow, Indian Institute of Technology Kharagpur","Heterogeneous catalysis, Reaction engineering and Kinetics, CO2 Utilization",101.0,https://scholar.google.com/citations?hl=en&user=8ax-frYAAAAJ
Siddhartha Barman,"Humanities and Social Sciences, IIT Kharagpur","Corporate finance, Corporate governance, Sustainable finance, ESG",101.0,https://scholar.google.com/citations?hl=en&user=BmaEBVYAAAAJ
Doki Manmadha Manikanta,Indian Institute of Technology Kharagpur,"Microbial Fuel cell, Bacterial wastewater treatment, ultrasonication sludge treatment",100.0,https://scholar.google.com/citations?hl=en&user=TTAVAikAAAAJ
Sachchidanand Pandey,Indian Institute of Technology Kharagpur,"Starch Modification, Intelligent Food Packaging, Encapsulation, Probiotics, Drug delivery",99.0,https://scholar.google.com/citations?hl=en&user=MxdscgEAAAAJ
Nirmalya Podder,"Research Fellow, Dept. of Chemistry, IIT Kharagpur","Bio-inorganic Chemistry, Catalysis, Coordination Chemistry, Organic Synthesis",99.0,https://scholar.google.com/citations?hl=en&user=bGKCE3cAAAAJ
Karthick Ganesan,"Post Doctoral Fellow at Indian Institute of Technology, Kharagpur","Fatigue and Fracture, Corrosion Fatigue, High Temperature Fatigue, Thermomechanical Fatigue Creep",99.0,https://scholar.google.com/citations?hl=en&user=jCQgDNwAAAAJ
Surya KP,IIT Kharagpur,"elastomer, composites, nanocomposites, nanofibers",98.0,https://scholar.google.com/citations?hl=en&user=IJBSVR8AAAAJ
Kumar Anjneya,Indian Institute of Technology Kharagpur,"Discrete element method, Structural health monitoring",98.0,https://scholar.google.com/citations?hl=en&user=QKxnQ-0AAAAJ
Tapobrata Mitra,IIT Kharagpur,Bioorganic chemistry,97.0,https://scholar.google.com/citations?hl=en&user=WbqqfFIAAAAJ
Dr. susovan pal,IIT Kharagpur,hydraulics and pipe flow,97.0,https://scholar.google.com/citations?hl=en&user=YydsLNoAAAAJ
Namrata Mishra,"Prime Minister's Research Fellow, Indian Institute of Technology Kharagpur","Air quality assessment and modelling, Computational fluid dynamics, Urban air pollution",97.0,https://scholar.google.com/citations?hl=en&user=oktWBfYAAAAJ
Riya Sadhukhan,Indian Institute of Technology Kharagpur,"Neuromorphic devices, Flexible Organic devices, Wearable Electronics",97.0,https://scholar.google.com/citations?hl=en&user=6k7nl4YAAAAJ
Sunandan Adhikary,IIT Kharagpur,"Cyber-Physical Systems, CPS Security, Control Theory, Formal Verification",95.0,https://scholar.google.com/citations?hl=en&user=VsnaXGoAAAAJ
Ambika Goswami,Indian Institute of Technology,Photobiology,95.0,https://scholar.google.com/citations?hl=en&user=ZlpOSxQAAAAJ
Buddhananda Banerjee,"Assistant Professor, Deapartment of Mathematics, IIT Kharagpur","Geometric Statistics, Change-point Analysis, Functional Data Analysis, Directional Statistics",94.0,https://scholar.google.com/citations?hl=en&user=ssRJiMUAAAAJ
jaydeep paul,"Postdoc at IIT Kharagpur, India","Structural Biology, Molecular Biology, NMR, Crystallography",94.0,https://scholar.google.com/citations?hl=en&user=jOIdl5QAAAAJ
Suman Pramanick,"Indian Institute of Technology Kharagpur, Kharagpur, West Bengal 721302, India",Astrophysics and Cosmology,93.0,https://scholar.google.com/citations?hl=en&user=B3-000gAAAAJ
UJJAL DEY,IIT Kharagpur,"Micro-Nano Robotic Manipulation, Robotics, Haptics, Virtual Reality, Orbital Dynamics",92.0,https://scholar.google.com/citations?hl=en&user=NVYzLmwAAAAJ
Bharat Dwivedi,IIT Kharagpur,"Distributed Radio Network, Wireless Communication, Mobile Computing, Internet of Things, Artificial Intelligence",92.0,https://scholar.google.com/citations?hl=en&user=4RLIyMoAAAAJ
Souri Roy,IIT kharagpur,"Molecular Biology, Plant Biotechnology, Bioenergy",92.0,https://scholar.google.com/citations?hl=en&user=Acg_DksAAAAJ
Ritesh Basutkar,Indian Institute of Technology Kharagpur,"Gas Engine & Diesel Engines, Smart Materials, Nanomechanics, Piezoelectricity, Flexoelectricity",92.0,https://scholar.google.com/citations?hl=en&user=sx2bvysAAAAJ
Debapriya Biswas,"Assistant professor of Mathematics, Indian Institute of Technology Kharagpur","Topology, Lie groups and Lie algebras, Harmonic analysis",92.0,https://scholar.google.com/citations?hl=en&user=eMKZ32YAAAAJ
Reshma Mohan T,"Indian Institute of Technology, Kharagpur","Membrane bioreactor, wastewater treatment, resource recovery, membrane fouling",92.0,https://scholar.google.com/citations?hl=en&user=ZU1snsYAAAAJ
Mohit Agrawal,IIT Kharagpur,"Machine Learning, Natural Language Processing",91.0,https://scholar.google.com/citations?hl=en&user=C_EfkckAAAAJ
Dr Anita Zade,"Postdoctoral Felloow, IIT Kharagpur","Sustainable Recycling of Composites, Process Optimization, Composite Material",91.0,https://scholar.google.com/citations?hl=en&user=qPhi9psAAAAJ
Moumita Dewan,"Materials Science Centre, IIT Kharagpur","Gas sensors, Li and Na-ion batteries, multiferroics",91.0,https://scholar.google.com/citations?hl=en&user=8-x1MzoAAAAJ
Anshita Gupta,Indian Institute of Technology Kharagpur,"AI for Healthcare, Edge Computing, Federated Learning, Mobile Sensing",91.0,https://scholar.google.com/citations?hl=en&user=RaxO4cQAAAAJ
JYOTIRMAYA SAHOO,Indian Institute of Technology Kharagpur,Battery Managment System,91.0,https://scholar.google.com/citations?hl=en&user=bPlWBvoAAAAJ
Akash S. Jadhav,"Researcher, VNIT Nagpur/ IIT Kharagpur","Aerodynamics, Solar Energy, Heat flux sensors",90.0,https://scholar.google.com/citations?hl=en&user=wJR6IiwAAAAJ
Dr. Anand Srivastava,Indian Institute of Technology Kharagpur,Seismology  Seismic Hazard Liquefaction …,90.0,https://scholar.google.com/citations?hl=en&user=7wGcoFkAAAAJ
Paulson Mathew,"Researcher, IIT Kharagpur","Hardware and Embedded System Security, Smart Grid Security, Automotive Security, Network Security",90.0,https://scholar.google.com/citations?hl=en&user=VAhwfsMAAAAJ
Kuppa Sampath Kumar,"Postdoctoral Fellow, IIT Kharagpur","Rotor dynamics, FEM, Product design and development, Structural Acoustics",90.0,https://scholar.google.com/citations?hl=en&user=dxG_djUAAAAJ
Siddharth D. Sharma,Indian Institute of Technology Kharagpur,"Biofluid Mechanics, Immersed Boundary Method, Fluid Structure Interaction, High Performance Computing",90.0,https://scholar.google.com/citations?hl=en&user=X3wSqHcAAAAJ
Shree Krishna,Indian Institute of Technology Kharagpur,"High Entropy Alloy, Laser materials processing, Surface engineering",90.0,https://scholar.google.com/citations?hl=en&user=vZyeOWwAAAAJ
Amlan Ashish,"Indian Institute of Technology, Kharagpur","3D-Printing, Microfluidics, Lab-on-a-Chip, 3D Cell Culture, Electrochemical Biosensor",90.0,https://scholar.google.com/citations?hl=en&user=hNswC74AAAAJ
Ramakrishna Nanduri,IIT Kharagpur,Commutative Algebra,89.0,https://scholar.google.com/citations?hl=en&user=UhNT6xwAAAAJ
Anand Abraham,Indian Institute of Technology Kharagpur,"Environmental economics, game theory, applied operations research",89.0,https://scholar.google.com/citations?hl=en&user=oQlDkGEAAAAJ
Soumitra Ghara,"Assistant Professor at  Department of Mathematics, IIT Kharagpur",Operator theory,89.0,https://scholar.google.com/citations?hl=en&user=jg_VsrUAAAAJ
Rajdeep Ghosh,"IIT Kharagpur, Kharagpur","Edge Computing, Edge Intelligence, IoT, UAVs",89.0,https://scholar.google.com/citations?hl=en&user=9Q7tDjwAAAAJ
Amit Kumar Praharaj,Indian Institute of Technology Kharagpur,"Metal Additive Manufacturing, Tribology, Surface modification",89.0,https://scholar.google.com/citations?hl=en&user=HRXLZicAAAAJ
Mayukh Chakravarty,"Indian Institute of Technology, Kharagpur","Energy Storage, Batteries, Supercapacitors, Nanomaterials, Photocatalysis.",88.0,https://scholar.google.com/citations?hl=en&user=1ahKTwMAAAAJ
Arnab Mukherjee,Indian Institute of Technology Kharagpur,Plant Molecular Biology,88.0,https://scholar.google.com/citations?hl=en&user=U9x7K6cAAAAJ
JAY SHANKAR PRASAD,"IPDF, IIT KHARAGPUR, INDIA","Heat Transfer, Turbulent Flow, Solar Air Heater, CFD",88.0,https://scholar.google.com/citations?hl=en&user=sM0QB6IAAAAJ
Gaurab Das Mahapatra,"Indian Institute of Technology, Kharagpur",Universal Design,88.0,https://scholar.google.com/citations?hl=en&user=t7Dm354AAAAJ
A Kishore Kumar,"Project Engineer, IIT Kharagpur","Speech and bio-signal processing, Machine Learning, Pattern recognition",87.0,https://scholar.google.com/citations?hl=en&user=HNQka04AAAAJ
T Devi Prasad Patra,Indian Institute of Technology,"Supply Chain Management, Operations Research, Operations Management",87.0,https://scholar.google.com/citations?hl=en&user=KfUElGUAAAAJ
Shubham Mangla,"Indian Institute of Technology, Kharagpur",,87.0,https://scholar.google.com/citations?hl=en&user=4yYrRucAAAAJ
Pritam Das,"Senior Research Fellow, Indian Institute of Technology, Kharagpur","2D materials, Photonics, Optoelectronics, Exciton-Polaritons",87.0,https://scholar.google.com/citations?hl=en&user=F6ODqOwAAAAJ
Punam Salaria,"Postdoctoral Researcher, IIT Kharagpur","Computational Biomolecular Modeling, AI/ML, Nucleic Acid Chemistry",87.0,https://scholar.google.com/citations?hl=en&user=S9oNDuYAAAAJ
Devarshi Chakrabarty,"Senior Research Fellow, Indian Institute of Technology, Kharagpur","Condensed matter physics, Nanoscale optoelectronics, 2D materials",87.0,https://scholar.google.com/citations?hl=en&user=J_KWX5IAAAAJ
Manash Pratim Nath,"Post Doctorate Fellow, IIT Kharagpur",Materials for Energy and Environment,87.0,https://scholar.google.com/citations?hl=en&user=AD3FIdsAAAAJ
Mita Uthaman,Indian Institute of Technology Kharagpur,"Seismology, Earthquake Seismology, Seismic Tomography",86.0,https://scholar.google.com/citations?hl=en&user=P-hfK8gAAAAJ
Krittika Banerjee,"Assistant Professor, IIT Kharagpur","Trade imbalances, Real Exchange Rate, Foreign exchange reserves accumulation, Institutions",86.0,https://scholar.google.com/citations?hl=en&user=nQL_C84AAAAJ
Ashish Bhagat,"Indian Institute of Technology, Kharagpur","Nanomaterials, Hydrogen generation, Water treatment, Photocatalytic water splitting",86.0,https://scholar.google.com/citations?hl=en&user=2B8E634AAAAJ
Subhendu Mishra,Department of Mining Engineering IIT Kharagpur,Mining and Mineral Processing,86.0,https://scholar.google.com/citations?hl=en&user=6X_FcXkAAAAJ
Subrata Hazra,Indian Institute of Technology Kharagpur,Synthetic Organic Chemistry,86.0,https://scholar.google.com/citations?hl=en&user=vtQcPh0AAAAJ
S. Julie,"Post-Doctoral Fellow, Indian Institute of Technology (IIT), Kharagpur","Radiation damage, ion irradiation, material characterization, Corrosion, Surface modifications",85.0,https://scholar.google.com/citations?hl=en&user=bEqjgWcAAAAJ
Soumava Ghosh,"Indian Institute of Technology, Kharagpur",,85.0,https://scholar.google.com/citations?hl=en&user=2XXaxJwAAAAJ
Falguni Gopmandal,Indian Institute of Technology Kharagpur,"Control Systems, Robust Control, Multivariable Control",85.0,https://scholar.google.com/citations?hl=en&user=pVDjvjAAAAAJ
Subhadip Ghosh,"CSIR SRF, Department of Physics, SNST, Indian Institute of Technology, Kharagpur","Condensed Matter Physics, Topological materials, DFT, Thermoelectricity, Catalysis",85.0,https://scholar.google.com/citations?hl=en&user=2Iz3VTYAAAAJ
Pabitra Badhuk,Assistant Professor at IIT Kharagpur,"fire safety, chemical kinetics, combustion",84.0,https://scholar.google.com/citations?hl=en&user=I42KzOsAAAAJ
Keerthana,"Indian Institute of Technology, Kharagpur",Dielectrics,84.0,https://scholar.google.com/citations?hl=en&user=nPa8PUgAAAAJ
Jayashree Sengupta,"IIT Kharagpur, Jadavpur University, West Bengal University of Technology","Alkali Activated Materials, Concrete Technology, Life Cycle Assessment, Cementitious materials",83.0,https://scholar.google.com/citations?hl=en&user=PFs8YdMAAAAJ
Sudheer Thadela,IIT Kharagpur,"Cryogenics, Applied Superconductivity, Vacuum Technology",83.0,https://scholar.google.com/citations?hl=en&user=cj69P_gAAAAJ
Gaurav Misuriya,"Assistant Professor, Indian Institute of Technology Kharagpur","Local Scour, Turbulent flow, PIV, Unsteady flow, Wave and current interaction",83.0,https://scholar.google.com/citations?hl=en&user=AWprBZIAAAAJ
Antara Ain,Indian Institute of Technology Kharagpur,"Verification, Analog Mixed Signal Circuits, Smart Grids",82.0,https://scholar.google.com/citations?hl=en&user=p_-jEggAAAAJ
Dr. Priyanka Rani,Indian Institute of Technology Kharagpur,"Two dimensional materials, Energy Harvesting Applications, Supercapacitors, Batteries",82.0,https://scholar.google.com/citations?hl=en&user=WfX_RN0AAAAJ
Anumita Sengupta,Indian Institute of Technology Kharagpur,"High Bandgap Semiconductors, Analytical Modelling",82.0,https://scholar.google.com/citations?hl=en&user=7G5AsWgAAAAJ
Hushnaara Hadem,"Metallurgical and Materials Engineering, Indian Institute of Technology Kharagpur","Surface engineering, Biomaterials, Material characterization, Nanotechnology",82.0,https://scholar.google.com/citations?hl=en&user=SBNGPcgAAAAJ
Arindam Biswas,Indian Institute of Technology Kharagpur,"Machine Learning, Deep Learning, Natural Language Processing, Information Retrieval",81.0,https://scholar.google.com/citations?hl=en&user=jgHR3bcAAAAJ
Arup Sau,"Indian Institute of Technology, Kharagpur","Machine Learning, Deep Learning, Computer Vision, Image Processing, Pervasive Sensing",81.0,https://scholar.google.com/citations?hl=en&user=z_4j5sYAAAAJ
Srinidhi Moodalagiri,"Computer Science and Engineering, IIT Kharagpur","Deep Learning, Robotics, Machine Learning, Blockchain",80.0,https://scholar.google.com/citations?hl=en&user=wX_QDgcAAAAJ
Sunandan Ghosh,Indian Institute of Technology Kharagpur,International Economics,80.0,https://scholar.google.com/citations?hl=en&user=9FjZKyAAAAAJ
Pavan Dongapure,IIT Kharagpur,CO2 utilization to value added products,80.0,https://scholar.google.com/citations?hl=en&user=TAKYgqgAAAAJ
Arijit Nag,IIT kharagpur,Computer Science,80.0,https://scholar.google.com/citations?hl=en&user=-N_6-M4AAAAJ
Dr. Sudipa Das,Indian Institute of Technology Kharagpur,"Supply Chain Management, Optimization",80.0,https://scholar.google.com/citations?hl=en&user=NFSrSfgAAAAJ
Reajmina Parvin,"Indian Institute of Technology Bombay, Indian Institute of Technology Kharagpur","Optical Coherence Polarization, Holography, Speckle, Orbital Angular Momentum",80.0,https://scholar.google.com/citations?hl=en&user=R6SAkA4AAAAJ
Dipanwita Patra,Indian Institute of Technology Kharagpur,"Microbiology, Molecular Bacteriology, Plant-microbes interaction",80.0,https://scholar.google.com/citations?hl=en&user=hIyjAEIAAAAJ
Arjun Mukerji,"Professor of Architecture, IIT Kharagpur",Architecture,79.0,https://scholar.google.com/citations?hl=en&user=Tk7mxBUAAAAJ
Toluchuri Shalini Shanker Rao,Indian Institute of Technology Kharagpur,"Augmented reality, computational thinking, game-based learning, Virtual reality, EYE TRACKING",79.0,https://scholar.google.com/citations?hl=en&user=Lphcq4EAAAAJ
Arijul Haque,IIT Kharagpur,"Speech Processing, DSP, Machine Learning, Deep Learning",78.0,https://scholar.google.com/citations?hl=en&user=YD2MfgsAAAAJ
SANDIP KUILA,"Senior Research Fellow, IIT Kharagpur",Solid State Chemistry,78.0,https://scholar.google.com/citations?hl=en&user=9x6bB8MAAAAJ
Chhanda Ruj,"Indian Institute of Technology, Kharagpur","Political ecology, hydrosocial, just transition, critical sustainability",78.0,https://scholar.google.com/citations?hl=en&user=0vXBFm4AAAAJ
Dr. Purbita Samanta,Indian Institute of Technology Kharagpur,"City planning, Community planning, Social inclusivity",78.0,https://scholar.google.com/citations?hl=en&user=HCCK4CYAAAAJ
Biswarup Dutta,IIT Kharagpur,Coordination Chemistry,78.0,https://scholar.google.com/citations?hl=en&user=WX5oIe8AAAAJ
sharanya varkala,"Department of Mathematics, IIT Kharagpur",Fluid Mechanics,77.0,https://scholar.google.com/citations?hl=en&user=ewTW3mkAAAAJ
Kuheli Pratihar,"Indian Institute of Technology, Kharagpur",Security,76.0,https://scholar.google.com/citations?hl=en&user=MOGzpJEAAAAJ
Sudipta Bose,"Dept. of Electronics and Electrical Comm. Engg., IIT Kharagpur","VLSI Implementation of Signal Processing …, Wireless Communication, Adaptive Signal Processing",76.0,https://scholar.google.com/citations?hl=en&user=nsIgF2UAAAAJ
Priyanka Dey,Indian Institute of Technology Kharagpur,"Housing and community planning, Development induced displacement, Slum redevelopment, R& R",76.0,https://scholar.google.com/citations?hl=en&user=sMsPGgYAAAAJ
Dr. Sushree Padhan,"Post-Doctoral Fellow, Indian Institute of Technology Kharagpur","Information Security, Cyber-Physical Systems Security, Cryptography",76.0,https://scholar.google.com/citations?hl=en&user=ZlkkGVMAAAAJ
Pauras Meher,IIT Kharagpur,"NLP, GenAI, LLMs, Computer Vision",76.0,https://scholar.google.com/citations?hl=en&user=NrQ1i1oAAAAJ
Arpita Mandal,Senior Research Associate at IIT Kharagpur,"Fluid dynamics, Heat and mass transfer, Numerical analysis, Comsol Multiphysics",76.0,https://scholar.google.com/citations?hl=en&user=7S2cyZYAAAAJ
Abhishek Kumar,Indian Institute of Technology,"Laser Polishing, Additive manufacturing, Surface metrology, Design of experiment, Industry 4.0",76.0,https://scholar.google.com/citations?hl=en&user=fvfLPa8AAAAJ
Sarathkumar Sankar,"Institute Post-Doctoral Research Fellow, IIT Kharagpur","Zinc-Ion Energy Storage, Pervoskite Materials",76.0,https://scholar.google.com/citations?hl=en&user=RV6JHFgAAAAJ
Debarpan Ghosh,"Postdoctoral Researcher, Indian Institute of Technology Kharagpur","Nano-scale deformation, Mechanical behaviour, AHSS Development, Structure-property, wear",75.0,https://scholar.google.com/citations?hl=en&user=VIVkQVEAAAAJ
Sayan Dasgupta,IIT Kharagpur,Particle Physics,75.0,https://scholar.google.com/citations?hl=en&user=sUQwGOwAAAAJ
Bibhu Prasad Mahapatra,"Post-doctoral Fellow, Department of Aerospace Engineering, IIT Kharagpur, India","Auxetic metamaterials, Smart composite structures, FEM, Experiment, 3D printing",75.0,https://scholar.google.com/citations?hl=en&user=m0xTTfQAAAAJ
Sourav Sinha,Indian Institute of Technilogy Kharagpur,"System Reliability, Software Reliability, RAMS, Hardware-software co-design, Failure Data Analytics",74.0,https://scholar.google.com/citations?hl=en&user=b4qO6e0AAAAJ
Shreyas Kowshik,Indian Institute of Technology Kharagpur,"Machine Learning, Robotics",74.0,https://scholar.google.com/citations?hl=en&user=ikGvRU4AAAAJ
AKASH GHOSH,"MS (CSE), IIT Kharagpur, India","AI, ML, NLP",74.0,https://scholar.google.com/citations?hl=en&user=y2ZL3XwAAAAJ
Jeevan John Varghese,Doctoral Candidate at Indian Institute of Technology Kharagpur,"Human Resource Management, Knowledge Management and Learning …",74.0,https://scholar.google.com/citations?hl=en&user=2tmBrvIAAAAJ
Tushar Bose,"Indian Institute of Technology, Kharagpur (IITKgp), Indian Institute of Technology,Kanpur …","UAV-Assisted Communication, 5G and beyond, 5G Edge Networks",74.0,https://scholar.google.com/citations?hl=en&user=VlUHq0wAAAAJ
Prasenjit Dhara,IIT Kharagpur,,73.0,https://scholar.google.com/citations?hl=en&user=WbqHPigAAAAJ
Anukool Yadav,"Indian Institute of Technology, Kharagpur","Nanomaterials, Energy Devices",73.0,https://scholar.google.com/citations?hl=en&user=vM58ExYAAAAJ
NIKHIL KUMAR SINGH,IIT Kharagpur,"Unmanned vehicles, Path planning, Guidance and Control, Nonlinear estimation, Optimization",73.0,https://scholar.google.com/citations?hl=en&user=oFpF3cgAAAAJ
KS Vikrant,"Assistant Professor, IIT Kharagpur","Mechatronics, MEMS, Automation, Precision Measurement and Control",72.0,https://scholar.google.com/citations?hl=en&user=GntF9wYAAAAJ
Nandan Maiti,"Assistant Professor, Department of Civil Engineering, IIT Kharagpur","Traffic Engineering, Traffic Flow Theory, Network Traffic Operations and Management, ITS",72.0,https://scholar.google.com/citations?hl=en&user=1jeWfjIAAAAJ
CHANDRASEKHAR ROY,"Indian Institute of Technology Kharagpur, India.",… electronic converters for Hybrid Flexible AC …,72.0,https://scholar.google.com/citations?hl=en&user=858btw0AAAAJ
Suraj Gupta,Indian Institute of Technology Kharagpur,"Predictive Maintenance, Asset Management, Reliability Modeling, Operation Research, ML/DL/XAI",72.0,https://scholar.google.com/citations?hl=en&user=OOg_q6sAAAAJ
Aneet Yadav,IIT Kharagpur,"Energy Economics, Environmental Economics",72.0,https://scholar.google.com/citations?hl=en&user=JaG6M6IAAAAJ
Amit Sharma,IIT Kharagpur,,72.0,https://scholar.google.com/citations?hl=en&user=6X1Ici4AAAAJ
Aniruddha Roy,IIT Kharagpur,"LLM, NLP",72.0,https://scholar.google.com/citations?hl=en&user=lk_o5bcAAAAJ
Biswanath Basak,"IIT Kharagpur, Jadavpur University","AGI/ASI, Psyc, UTP, CG, AR/VR",71.0,https://scholar.google.com/citations?hl=en&user=z-OO7z0AAAAJ
shashwat gangwal,IIT Kharagpur,"Bitcoin, Finance, Extreme Value theory, Bubbles",71.0,https://scholar.google.com/citations?hl=en&user=YT6AeqEAAAAJ
Pritam Saha,"Cryogenic Engineering Centre, Indian Institute of Technology Kharagpur","Cryogenic liquid storage, Space cryogenics, Two phase flow, Heat and mass transfer",71.0,https://scholar.google.com/citations?hl=en&user=33QUyWMAAAAJ
Animesh Ghosh,Indian Institute of Technology Kharagpur,"Circular Economy, Entrepreneurship, Rural Development, Public Policy, Local Governance",71.0,https://scholar.google.com/citations?hl=en&user=9H4UT6oAAAAJ
Jagan Karthik Sugumar,"Agricultural and Food Engineering, IIT Kharagpur","Food Technology, Functional Food, Nutraceuticals",71.0,https://scholar.google.com/citations?hl=en&user=oPcBI7EAAAAJ
Naman Paharia,"Bachelor of Technology, Indian Institute of Technology, Kharagpur","Machine Learning, AI, NLP",71.0,https://scholar.google.com/citations?hl=en&user=KL5Eb5AAAAAJ
Dr. Somasri Hazra,"IIT kharagpur, INDIA","Rheology, Viscoelastic Modelling, Crack Study, Fractional Calculus, Liquid Crystal",71.0,https://scholar.google.com/citations?hl=en&user=8RuOsSkAAAAJ
Asim Manna,Indian Institute of Technology Kharagpur,"Deep Learning, Image Processing, Neural Hashing, CT Reconstruction",71.0,https://scholar.google.com/citations?hl=en&user=2iiKQXwAAAAJ
Kuldip Nayak,Indian Institute of Technology Kharagpur,Power System Protection,70.0,https://scholar.google.com/citations?hl=en&user=IuFcHpAAAAAJ
Anshu Kumari,Indian Institute of Technology Kharagpur,Ocean dynamics and climate varability,70.0,https://scholar.google.com/citations?hl=en&user=fEftusAAAAAJ
Tania Majumder,Indian Institute of Technology Kharagpur,"Li and Na ion batteries, Electrophoretic deposition",70.0,https://scholar.google.com/citations?hl=en&user=3fg4CbwAAAAJ
Nandan Saha,"Junior Research Fellow (JRF), Rubber Technology Centre, Indian Institute of Technology …",Polymer,70.0,https://scholar.google.com/citations?hl=en&user=8G1KYBsAAAAJ
Aftab Alam,Indian Institute of Technology Kharagpur,"Entrepreneurship, Entrepreneurial Ecosystem, Entrepreneurial Education",70.0,https://scholar.google.com/citations?hl=en&user=9BwliRkAAAAJ
Anubhav Roy,Assistant Professor at Indian Institute of Technology Kharagpur,"Elastodynamic Scattering, Homogenization, Wave Propagation, Materials Science, Fracture Mechanics",69.0,https://scholar.google.com/citations?hl=en&user=OF5DERIAAAAJ
Het Shah,"Indian Institute of Technology, Kharagpur","Robotics, Motion Planning, Control Systems, Path Tracking",69.0,https://scholar.google.com/citations?hl=en&user=2fxX6ekAAAAJ
M Sanatan Rao,IIT Kharagpur,"Agricultural Economics, Forest Economics, Health Economics",69.0,https://scholar.google.com/citations?hl=en&user=HaVh_NQAAAAJ
Prachi Priya,"4th year UG, IIT Kharagpur","Natural Language Processing, Deep Learning, Artificial Intelligence",69.0,https://scholar.google.com/citations?hl=en&user=c5WgYp8AAAAJ
Nishant Tiwari,IIT KHARAGPUR,"CALPHAD, Magnetic materials, Magnetocaloric Effect, Additive Manufacturing",69.0,https://scholar.google.com/citations?hl=en&user=RhHFHFoAAAAJ
Sirsendu Mohanta,"Master of Science by Research, Dept. of CSE, IIT KGP","Software engineering, Software reliability, Software metrics",68.0,https://scholar.google.com/citations?hl=en&user=Zd_vnqgAAAAJ
ABHIJIT LINCON,"Project Scientist, IIT Kharagpur","Biophysics and Protein folding, Electrochemistry, Biosensors, Micro-fluidics, Nanomedicine",68.0,https://scholar.google.com/citations?hl=en&user=e6_PaW4AAAAJ
Sudip Chattopadhyay,"Post Doctoral Fellow, IIT Kharagpur","Electrochemical and Biochemical Sensors, Bio-Microfluidics, Paper based and CD based microfluidics for …, Healthcare Engineering",68.0,https://scholar.google.com/citations?hl=en&user=tIkjBlwAAAAJ
Dr. Satyabrata Nigamananda Sahoo,"Indian Institute of Technology, Kharagpur","Biomaterials, Mg alloy, Corrosion, Cytocompatibility, Surface Modification",68.0,https://scholar.google.com/citations?hl=en&user=tXN8AsAAAAAJ
KARPANA SIVAKRISHNA,IIT Kharagpur,"Power Electronics, Solar PV, Design and Control of Converter/Inverter …",67.0,https://scholar.google.com/citations?hl=en&user=ppJ4Cm8AAAAJ
Amritendu Bhuson Ghosh,"mCFD (Multiscale Computational Fluid Dynamics) Laboratory, Department of Chemical …","Multiphase microfluidics, Micromixing, Reactive extraction",67.0,https://scholar.google.com/citations?hl=en&user=apMSymEAAAAJ
Himela Moitra (Ph. D.),Research Associate at Indian Institute of Technology Kharagpur,"Planetary Geology, Experimental Petrology",67.0,https://scholar.google.com/citations?hl=en&user=EwEFeJEAAAAJ
Pratyush Kumar,"Assistant Professor, Department of Civil Engineering, IIT Kharagpur","Continuum & Experimental Mechanics, Computational Mechanics, Machine Learning, Earthquake Eng.",67.0,https://scholar.google.com/citations?hl=en&user=qa_SA-cAAAAJ
Akanksha Rajput,Research Scolar of IIT Kharagpur,"Particulate Modelling, CFD-DEM, Coarse-Graining, Optimization and Control, MFC",67.0,https://scholar.google.com/citations?hl=en&user=3LWnLvMAAAAJ
Shivam Maheshwari,IIT kharagpur,,66.0,https://scholar.google.com/citations?hl=en&user=ejsIN6wAAAAJ
M RAJ KUMAR,"Indian Institute of Technology, Kharagpur","Food Processing, Micro Irrigation.",66.0,https://scholar.google.com/citations?hl=en&user=_t2a2hQAAAAJ
Dr. Ritu Prem,"Research Associate, IIT Kharagpur",Sustainable aquaculture,66.0,https://scholar.google.com/citations?hl=en&user=zoiP1QUAAAAJ
Pulok Ranjan Mohanta,"Indian Institute of Technology Kharagpur, India","Industry 4.0, Technology Management, Project Management",65.0,https://scholar.google.com/citations?hl=en&user=14taFXEAAAAJ
NIKESH NAYAK,"IIT Bombay, IIT Kharagpur","Manufacturing Engineering, Operations management, Supply Chain management, Decision Optimization, Multivariate statistics",65.0,https://scholar.google.com/citations?hl=en&user=9pmyBp8AAAAJ
Dhrubajyoti Biswas,Indian Institute of Technology Kharagpur,"Complex networks, Nonlinear dynamics, Synchronization, Emergent phenomena",65.0,https://scholar.google.com/citations?hl=en&user=2OR7h7kAAAAJ
Aparna Raut,IIT Kharagpur,"Hydroclimatic extremes, Hydrology, Drought, water resources",65.0,https://scholar.google.com/citations?hl=en&user=MsjWBS4AAAAJ
Riddhiman Moulick,Research Engineer @IBM Research | EE-CS @IIT Kharagpur,"Machine Learning, Continual Learning, Computer Vision",65.0,https://scholar.google.com/citations?hl=en&user=LY-NpskAAAAJ
Anish Das,Indian Institute of Technology Kharagpur,"Thermoelectricity, Semiconductors, Devices",64.0,https://scholar.google.com/citations?hl=en&user=ct398bIAAAAJ
Koushiki Dasgupta Chaudhuri,IIT Kharagpur,"Machine Learning, Deep Learning, Bioinformatics, Computational Biology",64.0,https://scholar.google.com/citations?hl=en&user=mPZPKwUAAAAJ
Aiswarya Dev Goswami,"Post Doctoral Fellow, E&ECE, IIT KGP","EEG, GSR, Biomedical Signal Processing, Human Centric Lighting, Street Lighting",64.0,https://scholar.google.com/citations?hl=en&user=z0tCr04AAAAJ
Dr. Aloke Majumdar,Indian Institute of Technology Kharagpur (IIT Kharagpur).,"Implementation of Climate Action, Policy Design, Computational Analysis",64.0,https://scholar.google.com/citations?hl=en&user=py08d6MAAAAJ
RAHUL PAN,IIT Kharagpur,Studies of Atomic Ordering of Two …,64.0,https://scholar.google.com/citations?hl=en&user=YEYNkocAAAAJ
Debasish Dewanjee,Indian Institute of Technology Kharagpur,"Pharmacology, Drug Discovery, Neuroscience.",63.0,https://scholar.google.com/citations?hl=en&user=dyVTMQ4AAAAJ
Abhishek Ghosh Dastider,"Assistant Professor, Indian Institute of Technology Kharagpur","Constitutive modelling, Large deformation problems, Offshore Geotechnics, Foundations",63.0,https://scholar.google.com/citations?hl=en&user=efhcjnoAAAAJ
Fagul Pandey,IIT Kharagpur,"Biometric security, Cryptography",63.0,https://scholar.google.com/citations?hl=en&user=GW1WzNQAAAAJ
Dr. Arijit Roy,"Indian Institute of Technology, Kharagpur",Astrochemistry and Laboratory Astrophysics,63.0,https://scholar.google.com/citations?hl=en&user=_dry3rwAAAAJ
Dr. Saikat Biswas,"Institute Post-Doctoral Fellow, IIT Kharagpur, India","CFD, Microfluidics, Multiphase Flow, Hydrolysis",63.0,https://scholar.google.com/citations?hl=en&user=Qnay4icAAAAJ
Manvendra Singh Gangwar,"Postdoctoral Fellow (IPDF), Indian Institute of Technology Kharagpur, West Bengal, India","Thin Films & Nanotechnology, Plasmonic Nanostructures, Thin Film Solar Cells, Plasmonic Solar Cells",63.0,https://scholar.google.com/citations?hl=en&user=inVwVVwAAAAJ
Priyabrata Dash,Indian Institute of Technology Kharagpur,"Biometric Security, Bio-crypto System, Biometrics, Pattern Recognition",63.0,https://scholar.google.com/citations?hl=en&user=ys8DllAAAAAJ
Athira P,Indian Institute of Technology Kharagpur,"Computational Catalysis, CO2 activation, DFT, DRIFTS Spectroscopy",63.0,https://scholar.google.com/citations?hl=en&user=9-l9uycAAAAJ
SURAJIT KUNDU,Indian Institute of Technology Kharagpur,"Computer Vision, Medical Image Processing, Medical Informatics",62.0,https://scholar.google.com/citations?hl=en&user=OYxOCkgAAAAJ
Sougato Das,Indian Institute of Technology Kharagpur,Artificial intelligence adoption in marketing,62.0,https://scholar.google.com/citations?hl=en&user=wtmB-j8AAAAJ
Sreya Ghosh,"Senior Project Engineer Research, IIT Kharagpur","Intelligent Transportation System, VANET, Wireless Sensor Network",62.0,https://scholar.google.com/citations?hl=en&user=YlkKNAYAAAAJ
DEBASMITA CHATTERJEE,Indian Institute of Technology Kharagpur,"Antimicrobial resistance, efflux pumps, molecular microbiology",62.0,https://scholar.google.com/citations?hl=en&user=4kmoxtoAAAAJ
Kaushik Khatua,"Indian Institute Of Technology , Kharagpur","VLSI Testing, Machine Learning, Power System",61.0,https://scholar.google.com/citations?hl=en&user=GXbeLzYAAAAJ
Anirban Pal,"Indian Institute of Technology, Kharagpur","Natural Resource Management, New Institutional Economics, Microfinance, Computational Social Science Methods, Social Network Analysis",61.0,https://scholar.google.com/citations?hl=en&user=w_87MYQAAAAJ
Shruti Aggarwal,Indian Institute of Technology Kharagpur,"Energy Economics, Environment Economics, International Relations",61.0,https://scholar.google.com/citations?hl=en&user=PJmJ8ZMAAAAJ
Pourush Sood,"Senior Undergraduate, Indian Institute of Technology Kharagpur","computer vision, artificial intelligence, signal processing",60.0,https://scholar.google.com/citations?hl=en&user=ztZielsAAAAJ
Dr. NEHA VERMA,Indian Institute of Technology Kharagpur,Inorganic and Material chemistry,60.0,https://scholar.google.com/citations?hl=en&user=3I-nAwYAAAAJ
Kasturi Charan,"Indian Institute of Technology, Kharagpur","Environmental microbiology, Soil Contaminants, Bioremediation, Vermicomposting, Waste management",60.0,https://scholar.google.com/citations?hl=en&user=Q3_JI3AAAAAJ
Dr. Peri Subrahmanya Hari Prasad,IIT KHARAGPUR,,60.0,https://scholar.google.com/citations?hl=en&user=UPmYN2AAAAAJ
Minu Tiwari,IIT Kharagpur,"Wireless sensor Networks, Internet of Things, Edge/Fog Computing, Internet of Vehicles",60.0,https://scholar.google.com/citations?hl=en&user=E7KE4dwAAAAJ
Rohit Gupta,"Indian Institute of Technology Kharagpur, WB, India","Inorganic Chemistry, Organometallics, Catalysis, Coordination Chemistry, Organic Synthesis.",60.0,https://scholar.google.com/citations?hl=en&user=Ip6URi0AAAAJ
Neelesh Patra,Indian Institute of Technology Kharagpur,"Plant Moleculer Biology, Plant Lipids, Plant Biotechnology, CRISPR",60.0,https://scholar.google.com/citations?hl=en&user=ux6b-TsAAAAJ
sudeep kumar gupta,IIT KGP,"Thermoacoustic, Reverse Brayton Cryocooler",59.0,https://scholar.google.com/citations?hl=en&user=_5CZslgAAAAJ
Gaurav Kumar,Indian Institute of Technology Kharagpur,"Plate Tectonics, Geodynamics, Seismicity, Anisotropy",59.0,https://scholar.google.com/citations?hl=en&user=rq6rhE8AAAAJ
Amrita Hazra,"Senior research fellow, IIT Kharagpur","Polyelectrolyte, Ionic porous organic polymers, Sensing, Photocatalysis, Environmental remediation",59.0,https://scholar.google.com/citations?hl=en&user=8ejNEqUAAAAJ
Madhumitha R,Indian Institute of Technology Kharagpur,"Combustion, Gel Fuel, Nano particle, Metallized gel propellants, Rocket propulsion",59.0,https://scholar.google.com/citations?hl=en&user=5sARK4wAAAAJ
Dr. Sujeet Bharti,"Department of Mining Engineering, IIT Kharagpur",Rock Mechanics,58.0,https://scholar.google.com/citations?hl=en&user=DgQajycAAAAJ
Prateep Chakraborty,"Assistant Professor, IIT Kharagpur",Topology,58.0,https://scholar.google.com/citations?hl=en&user=grgsSnkAAAAJ
Gopinath Shanmugaraj,"Indian Institute of Technology, Kharagpur",Experimental High-Speed Aerodynamics,58.0,https://scholar.google.com/citations?hl=en&user=iayML0kAAAAJ
NAVANIT KUMAR,"Indian Institute of Technology, Kharagpur","Alloy Design, Thermodynamic & Kinetic Simulation, Microstructure Evolution and Mechanical …",58.0,https://scholar.google.com/citations?hl=en&user=k9ikZrgAAAAJ
Pratyaya Chakraborty,"Department of Mechanical Engineering, IIT Kharagpur","Non-linear Vibration, Dynamics",58.0,https://scholar.google.com/citations?hl=en&user=6aN-lN8AAAAJ
Shashi Bhushan Kumar,Indian Institute of Technology Kharagpur (IIT KGP),Climate and LULC change,58.0,https://scholar.google.com/citations?hl=en&user=oB_1x80AAAAJ
Mansi Uniyal,"Research Fellow, Microsoft ( PROSE) | IIT KGP",Artificial Intelligence,58.0,https://scholar.google.com/citations?hl=en&user=BQSe7CsAAAAJ
Salam Maheshkumar Singh,IIT Kharagpur,"Advanced Extraction Techniques, Optimization of Food Processing, Functional Food Ingredients",58.0,https://scholar.google.com/citations?hl=en&user=JaXy--4AAAAJ
Rohit Ner,"Indian Institute of Technology, Kharagpur",Robotics,57.0,https://scholar.google.com/citations?hl=en&user=VUtkUmwAAAAJ
Prasun Kumar Sinha,"GS Sanyal School of Telecommunication, IIT Kharagpur","Wireless Communication, Piezoelectric energy harvesting, MEMS",57.0,https://scholar.google.com/citations?hl=en&user=ZM6zuP4AAAAJ
PRAMA ADHYA,Indian Institute of Technology Kharagpur,"Polymer Grafted NanoParticles, Rheology",57.0,https://scholar.google.com/citations?hl=en&user=Oc0xPuwAAAAJ
Singeetham Pranaykumar,"Indian Institute of Technology, Kharagpur",Aerodynamics and Propulsion,57.0,https://scholar.google.com/citations?hl=en&user=19XBVvYAAAAJ
Subhadip Mondal,"Materials Science Center, IIT Kharagpur","Gas sensor, Nanomaterial, RF sputtering, Thin Film, Li-ion Battery",57.0,https://scholar.google.com/citations?hl=en&user=dNTb0NMAAAAJ
Mimi Moulik,Indian institute of technology Kharagpur,"Organisational behaviour, workplace happiness, employee proactivity, quantitative methods, qualitative research",57.0,https://scholar.google.com/citations?hl=en&user=XrTh8wcAAAAJ
Sai Chaitanya Gajula,Indian Institute of Technology Kharagpur,"Natural Language Processing, Graph Neural Networks",57.0,https://scholar.google.com/citations?hl=en&user=LfXymfwAAAAJ
Sucharita Patra,"Research Fellow, School of Medical Science and Technology, IIT kharagpur",Cancer Research Glioblastoma,57.0,https://scholar.google.com/citations?hl=en&user=sEQkNcwAAAAJ
Husney Parvez Sarwar,"Associate Professor of Mathematics, IIT Kharagpur","Algebra, Algebraic Geometry, Algebraic K-theory",56.0,https://scholar.google.com/citations?hl=en&user=-GZcGLoAAAAJ
Ayush Suhane,"Indian Institute of Technology, Kharagpur","Deep Learning, NLP",56.0,https://scholar.google.com/citations?hl=en&user=E2PTg_YAAAAJ
Eeshan Gupta,IIT Kharagpur,,56.0,https://scholar.google.com/citations?hl=en&user=-ad_NGkAAAAJ
Mayank Shukla,"Indian Institute of Technology, Kharagpur","Industry 4.0, Cybersecurity, Multiobjective optimization",56.0,https://scholar.google.com/citations?hl=en&user=0YdcUAwAAAAJ
Pooja Singh,Indian Institute of Technology Kharagpur,"Interfacial instability/Viscous fingering, Porous media flow, Fluid Mechanics, Enhanced oil recovery",56.0,https://scholar.google.com/citations?hl=en&user=FWNt8kQAAAAJ
Ronit Singhal,"Alumnus, Indian Institute of Technology, Kharagpur","Artificial Intelligence, Deep Learning, Natural Language Processing",56.0,https://scholar.google.com/citations?hl=en&user=DO5-LDkAAAAJ
SUBHADEEP MAISHAL,"Indian Institute of Technology, Kharagpur",Applied Mathematics   Parallel Computing …,56.0,https://scholar.google.com/citations?hl=en&user=XSRisIcAAAAJ
Subhasis Mahata,"Master of Science (Research), IIT Kharagpur","Virtual Instrumentation, NI LABView, NI Multisim, NI Ultiboard, NI Instrument Driver Developer Program",55.0,https://scholar.google.com/citations?hl=en&user=Jyj-Zf8AAAAJ
Dr. Ashutosh Pati,"Researcher, IIT Kharagpur","Hydrology, Stream-aquifer interaction, Flood routing, Urban Flooding",55.0,https://scholar.google.com/citations?hl=en&user=cBJIgWkAAAAJ
Buddhadeb Mondal,IIT KHARAGPUR,"Perovskite solar cell, OLED, HTMs",55.0,https://scholar.google.com/citations?hl=en&user=ATsbagQAAAAJ
Suvrima  Datta,"Postdoctoral Fellow, Indian Institute of Technology Kharagpur","Software Defined Network, IoT security, Data Plane programmability, P4, 6G",55.0,https://scholar.google.com/citations?hl=en&user=TaFU7nYAAAAJ
Devichand Budagam,IIT Kharagpur,"Evolutionary Intelligence, Sample Efficiency, Meta Learning, Continual Learning, Information Theory",55.0,https://scholar.google.com/citations?hl=en&user=AOcTwe4AAAAJ
Dr Ajay K. Sahu,Indian Institute of Technology Kharagpur,"Reservoir Engineering, Fluid Flow Simulation, Fractured Reservoir Characterization, Data Analytics.",55.0,https://scholar.google.com/citations?hl=en&user=kqcaQX4AAAAJ
Srinjoy Nag Chowdhury,IIT KGP,"Patents, AI, smart cities, revenue models, Computer Vision",55.0,https://scholar.google.com/citations?hl=en&user=EoUZ54IAAAAJ
Sumedha Saha,IIT Kharagpur,Algal Biotechnology,55.0,https://scholar.google.com/citations?hl=en&user=-PnMHN4AAAAJ
Praveen Kumar,Indian Institute of Technology Kharagpur,2D materials,55.0,https://scholar.google.com/citations?hl=en&user=7aIeNe4AAAAJ
Siddharth Jha,"Undergraduate, Electrical Engineering, IIT Kharagpur","Robotics, Geometric Computer Vision, Nonlinear Optimization, Control Systems",54.0,https://scholar.google.com/citations?hl=en&user=B-p_QfEAAAAJ
Dr. Samrat Guha Roy,"Deputy Librarian, Central Library IIT Kharagpur","Library FOSS, Digital Library, Metadata, Augmented Reality, Virtual Reality",54.0,https://scholar.google.com/citations?hl=en&user=ODzONwEAAAAJ
SAED ENAM MUSTAFA,"Aligarh Muslim University, IIT Kharagpur",Manufacturing and Non-conventional …,54.0,https://scholar.google.com/citations?hl=en&user=xaMX7t8AAAAJ
Astha Jakher,"Final Year Undergraduate, Indian Institute of Technology, Kharagpur","Statistics, Econometrics, Operations Research",54.0,https://scholar.google.com/citations?hl=en&user=uXfM2tQAAAAJ
Chitradittya Barman,Indian Institute of Technology Kharagpur,"Non-Fourier Heat Conduction, Fluid Mixing, Microfluidics, Acoustofluidics",54.0,https://scholar.google.com/citations?hl=en&user=AIHMBqEAAAAJ
Rinsa SR,"Research Associate, IIT Kharagpur","Optics, Microscopy, Spatial light modulation, Instrumentation, Cancer",54.0,https://scholar.google.com/citations?hl=en&user=_pRUCyIAAAAJ
Balbeer Singh,"Indian Institute of Technology, Kharagpur","String theory, Integrability, Chaos, Black hole physics",54.0,https://scholar.google.com/citations?hl=en&user=NMPZ7FwAAAAJ
N Vijay Prakash Chaudhary,IIT Kharagpur,"Material Science, Multiferroic, Lithium battery, Sodium battery",53.0,https://scholar.google.com/citations?hl=en&user=aR-7mqcAAAAJ
Dr.Veeturi Umavarun,"Indian institute of technology, Kharagpur","FIBER REINFORCED POLYMERS, BALLISTIC PERFORMANCE",53.0,https://scholar.google.com/citations?hl=en&user=M4bFzBgAAAAJ
Rajdeep Mukherjee,Indian Institute of Technology Kharagpur,"Process Modelling, Process Optimization, Process Control",53.0,https://scholar.google.com/citations?hl=en&user=c0ByBYUAAAAJ
Prashasti Sinha,"Indian Institute of Technology, Kharagpur","Biophysics, Biochemistry, Computer-Aided Drug Designing, Bioinformatics",53.0,https://scholar.google.com/citations?hl=en&user=RfdP9aYAAAAJ
Aniruddha Khatua,Indian Institute of Technology Kharagpur,"Remote Sensing, Image processing, Transportation Planning, Deep Learning, Machine Learning",53.0,https://scholar.google.com/citations?hl=en&user=UcMSznkAAAAJ
Dr. Vasanthakannan VM,"Post doctoral fellow, IIT, Kharagpur","Molecular quantum mechanics, Energy storage materials, Porous organic framework",53.0,https://scholar.google.com/citations?hl=en&user=tUUx-p4AAAAJ
Soumyajit Karmakar,IIT Kharagpur,Theoretical Chemistry,53.0,https://scholar.google.com/citations?hl=en&user=7H-o4dgAAAAJ
HS Komalesha,IIT Kharagpur,"Literature, Culture Studies, Translation, Poetry",52.0,https://scholar.google.com/citations?hl=en&user=ELTNmiUAAAAJ
Namrata Jaiswal,"SRF, IIT Kharagpur",Geophysics,52.0,https://scholar.google.com/citations?hl=en&user=Qo5F7_UAAAAJ
Barnopriyo Barua,Indian Institute of Technology Kharagpur,"Software Engineering, Artificial Intelligence",52.0,https://scholar.google.com/citations?hl=en&user=1VjbGnQAAAAJ
Ashutosh Dash,"Indian Institute of Technology,Kharagpur","Estimation of Signals and Systems, Machine Learning, Deep Learning, Computer Vision, Generative AI",52.0,https://scholar.google.com/citations?hl=en&user=GIPFI64AAAAJ
Mehul Kumar Nirala,Indian Institute of Technology Kharagpur,"Computer Vision, Deep Learning",52.0,https://scholar.google.com/citations?hl=en&user=suagH7IAAAAJ
Jayanta Sharma,"Indian Institute of Technology, Kharagpur","Machine Learning, Artificial Intelligence, Python",52.0,https://scholar.google.com/citations?hl=en&user=6cSmcqQAAAAJ
DIPAK KUMAR PRADHAN,IIT KHARAGPUR,Commutative Algebra,52.0,https://scholar.google.com/citations?hl=en&user=4IFbUVgAAAAJ
Lalit Bharti,"Department of Physics, Indian Institute of Technology Kharagpur","Beyond-lithium energy storage systems, Aluminium-ion batteries, Sodium-ion Batteries, Supercapacitors",52.0,https://scholar.google.com/citations?hl=en&user=i8tuLlwAAAAJ
Jeetendra Kumar Singh,IIT Kharagpur,Joining of Materials,52.0,https://scholar.google.com/citations?hl=en&user=XkPaJ8IAAAAJ
Pritam Kumar Dey,"SRF, IIT Kharagpur",Plant Biotechnology,51.0,https://scholar.google.com/citations?hl=en&user=iLZiW5IAAAAJ
Mamleshwar Kumar,Indian Institute of Technology Kharagpur,"Hydrogen Generation & Storage, in-situ Raman and FTIR & Catalysis",51.0,https://scholar.google.com/citations?hl=en&user=Qbq3SAgAAAAJ
Souradip Pathak,"Doctoral Candidate, IIT Kharagpur","Environmental Humanities, Human Rights, Political Ecology",51.0,https://scholar.google.com/citations?hl=en&user=IAhFVpAAAAAJ
Onkar Sabnis,Indian Institute of Technology Kharagpur,"NLP in Education, Explainable AI, Retrieval Augmented Generation (RAG)",51.0,https://scholar.google.com/citations?hl=en&user=IUV36PgAAAAJ
Sayan Chakraborty,IIT Kharagpur,"Nanogenerator, energy harvesting devices, flexible electronic devices, PENG, TENG",51.0,https://scholar.google.com/citations?hl=en&user=gUwL6EgAAAAJ
P. Ramesh,Indian Institute of Technology Kharagpur,"Battery Management System, DC/DC converter, Electric Vehicles",50.0,https://scholar.google.com/citations?hl=en&user=WRw1zXAAAAAJ
Rupsha Mukhopadhyay,"Indian Institute of Technology, Kharagpur","Rehabilitation Engineering, Neurorehabiitation, Electrical Stimulation, Biomedical Engineering",50.0,https://scholar.google.com/citations?hl=en&user=81yMfWUAAAAJ
Dr. Monalisha Pattnaik,"Ph D, Agricultural and Food Engineering Department, Indian Institute of Technology …","Food engineering, Encapsulation, Food Fortification, Microwave Processing, Food Preservation",50.0,https://scholar.google.com/citations?hl=en&user=3WfMAEUAAAAJ
Tulika Bhattacharyya,"Doctoral Candidate, Indian Institute of Technology Kharagpur",Ageing Research,50.0,https://scholar.google.com/citations?hl=en&user=-H_Biw4AAAAJ
Suman Mondal,"IIT KHARAGPUR, University of the Witwatersrand, Johannesburg","Geochemistry, Petrology, Isotope Geology, Impact melt sheet, REE mineralization",50.0,https://scholar.google.com/citations?hl=en&user=iTI9ArMAAAAJ
Tarique Faiyaz,IIT Kharagpur,"International Law, Law of the Sea",50.0,https://scholar.google.com/citations?hl=en&user=aAOeXl0AAAAJ
Pinaki Dutta,"Researcher, Indian Institute of Technology Kharagpur","Quantum dynamics, String theory, Floquet Engineering, Chaos and integrability",50.0,https://scholar.google.com/citations?hl=en&user=AjXqFcgAAAAJ
Sayantee Hazra,"Indian Institute of Technology, Kharagpur, India","Immunology, Biochemistry",50.0,https://scholar.google.com/citations?hl=en&user=tqimmhEAAAAJ
Ranjita Mandal,"Geology and Geophysics, IIT, Kharagpur-721302",Nuclear Physics.,49.0,https://scholar.google.com/citations?hl=en&user=CaOX380AAAAJ
Ananya Bagchi,"Indian Institute of Technology,Kharagpur, India","Alzheimer's disease and dementia, drug discovery, tea polyphenols, agricultural biotechnology",49.0,https://scholar.google.com/citations?hl=en&user=SPWnbkQAAAAJ
A Kumar,IIT Kharagpur,"Semiconductor devices, MOSFETs, Multi-gate FETs",49.0,https://scholar.google.com/citations?hl=en&user=FG6w3vIAAAAJ
Vinay Ummadi,"School of Medical Science & Technology, IIT Kharagpur","Computer Vision, Medical Image Analysis",49.0,https://scholar.google.com/citations?hl=en&user=IoYPYEoAAAAJ
Astha Dixit,"Metallurgical and Materials Engineering, Indian Institute of Technology, Kharagpur","3D printing, Bio-inspired, Structural materials",49.0,https://scholar.google.com/citations?hl=en&user=ZQVPwPQAAAAJ
Upasana Mandal,"Indian Institute of Technology, Kharagpur","Microarchitectural Security, Side Channel Attacks, Systems Security",49.0,https://scholar.google.com/citations?hl=en&user=3CfJDW0AAAAJ
satyajeet sahoo,Indian Institute of Technology Kharagpur,"Machine Learning, Natural Language Processing, Bayesian Statistics, Safety and Risk Analytics",49.0,https://scholar.google.com/citations?hl=en&user=mKg4q6EAAAAJ
T Dinesh Varma,Indian Institute of Technology Kharagpur,"Artificial Intelligence, Renewable energy systems, Power systems",48.0,https://scholar.google.com/citations?hl=en&user=UbyRPsMAAAAJ
SUKLA SATAPATHY,IIT KGP,Image processing and computer vision,48.0,https://scholar.google.com/citations?hl=en&user=_EeHB8sAAAAJ
Jayashree Aanand Gajjam,"Assistant Professor, IIT Kharagpur","Sanskrit Language and Literature, Linguistics, Indian Philosophy",48.0,https://scholar.google.com/citations?hl=en&user=baCXMkAAAAAJ
Sudip Das,"Assistant Professor, Department of Chemical Engineering, Indian Institute of Technology …","Nonthermal Plasmas, Fine Chemicals, Circular Economy, Nanostructured Materials, Process Synthesis",48.0,https://scholar.google.com/citations?hl=en&user=cihuAIoAAAAJ
Atanu Basu,Indian Institute of Technology Kharagpur,"Network Security, Cryptography, Cloud Storage Security",48.0,https://scholar.google.com/citations?hl=en&user=vHUUKlQAAAAJ
Smita Rani Swain,"Agricultural and food engineering department, IIT Kharagpur","Multispectral remote sensing, Soil science",48.0,https://scholar.google.com/citations?hl=en&user=V5RJ0BIAAAAJ
Dr Sumana Samanta,"Assistant Professor, Community Medicine, IIT Kharagpur","Nutrition, Health Promotion, Non- Communicable diseases",48.0,https://scholar.google.com/citations?hl=en&user=1joSBJcAAAAJ
Sabariswaran Mani,"Indian Institute of Technology, Kharagpur",,48.0,https://scholar.google.com/citations?hl=en&user=Klwb85AAAAAJ
Srishti Verma,Indian Institute of Technology Kharagpur,"Biosensors, Electrochemical Sensing, Nanomaterials",48.0,https://scholar.google.com/citations?hl=en&user=ZodMU5cAAAAJ
Pompy Sarkar,IIT Kharagpur,"Organic Methodology, Catalysis",47.0,https://scholar.google.com/citations?hl=en&user=rC-NP2EAAAAJ
Mihir Gupta,IIT Kharagpur,Supply Chain Management,47.0,https://scholar.google.com/citations?hl=en&user=uixAr6cAAAAJ
Seema Singh,"Associate Professor of English & Soft Skills Trainer, IIT Kharagpur","Managerial Communication, Feminist Narratology, Subaltern Studies",47.0,https://scholar.google.com/citations?hl=en&user=wNEhG-4AAAAJ
Md Sayed Hasan,"Senior Research Fellow, IIT Kharagpur","Public Health, Population Ageing, Mental Health, Quality of Life, Well-being",47.0,https://scholar.google.com/citations?hl=en&user=LktcP3MAAAAJ
Dr. Nazia Urus,"Post Doctoral fellow, IIT Kharagpur",Applied Mathematics,46.0,https://scholar.google.com/citations?hl=en&user=6WlLRoYAAAAJ
Tania Mahata,"Institute Postdoctoral Fellow, IIT Kharagpur","Nanoplasmonics, Surface enhanced Raman scattering, Surface enhanced fluorescence",46.0,https://scholar.google.com/citations?hl=en&user=ALKl4XEAAAAJ
Raj Krishan Ghosh,Indian Institute of Technology Kharagpur,"Deep Learning, Medical Imaging, Ultrasound",46.0,https://scholar.google.com/citations?hl=en&user=IwcKLPwAAAAJ
Nazeer Haider,Indian Institute of Technology Kharagpur,"Artificial Inteligence, Machine Learning, Computer Vision",46.0,https://scholar.google.com/citations?hl=en&user=-Ru-xa0AAAAJ
Sukhdeep Singh Gill,Indian Institute of Technology Kharagpur,"Large Scale Structure of the Universe, 21cm cosmology, Radio Astronomy, Reionization, Galaxy Surveys",46.0,https://scholar.google.com/citations?hl=en&user=yd1vCpYAAAAJ
Mainak Chakraborty,"Assistant Professor, Department of Ocean Engineering and Naval Architecture, IIT …","Coastal Engineering, Ship Hydrodynamics, Sediment Transport, Wave Hydrodynamics",45.0,https://scholar.google.com/citations?hl=en&user=lFBmFyUAAAAJ
Preetha Saha,"Department of Physics, IIT Kharagpur",Astrophysics,45.0,https://scholar.google.com/citations?hl=en&user=LVaYkbYAAAAJ
Suma Sindhu Panchagnula,Indian Institute of Technology Kharagpur,"composites, Terahertz Spectroscopy, Solid Mechanics",45.0,https://scholar.google.com/citations?hl=en&user=tgefjhUAAAAJ
Sreekesh Kesava Pillai,Indian Institute of Technology,"Power Electronics, STATCOM, Power Quality",45.0,https://scholar.google.com/citations?hl=en&user=LxF1klMAAAAJ
Arjun Mahato,Indian Institute of Technology Kharagpur,"Titanium, Cf-SiC composite, Composite",45.0,https://scholar.google.com/citations?hl=en&user=8-AHhAoAAAAJ
Sourav Das,IIT Kharagpur,"Formal Verification, Analog mixed signal verification, assertion based verification",44.0,https://scholar.google.com/citations?hl=en&user=_azVsJsAAAAJ
SOMEN ADHIKARY,"Post-Doctoral Fellow, E&ECE Dept., IIT Kharagpur","Fiber Optics and Waveguides, Nonlinear Optics, Photonics, Integrated Optics",44.0,https://scholar.google.com/citations?hl=en&user=k4Uuz6AAAAAJ
Banhi Chakraborty,"Ex-faculty, IIT Kharagpur","People, poverty, environment",43.0,https://scholar.google.com/citations?hl=en&user=Qm-4-t4AAAAJ
Suvradip Samaddar,"Former Junior Research Fellow, IIT Kharagpur","Ammunition Design, Ballistics, Austempered Ductile Iron",43.0,https://scholar.google.com/citations?hl=en&user=n7EmGigAAAAJ
Kavish Gupta,IIT Kharagpur,"Game Theory, Graph Theory",43.0,https://scholar.google.com/citations?hl=en&user=dEORr7MAAAAJ
Sayan Das,Senior Research Fellow at IIT Kharagpur,"Molecular Virology, Antiviral therapeutics, Biochemistry",43.0,https://scholar.google.com/citations?hl=en&user=fc0CV2gAAAAJ
Sanjay K. Verma,"IPDF, Department of Geology and Geophysics, Indian Institute of Technology, Kharagpur …","Seismology, Seismic Tomography, Seismic Anisotropy, Earthquake Precursory, Gravity",43.0,https://scholar.google.com/citations?hl=en&user=uQmjzT4AAAAJ
Soham Tripathy,Undergraduate at IIT Kharagpur,"NLP, GenAI, DL, mmWave sensing",43.0,https://scholar.google.com/citations?hl=en&user=G63MhoIAAAAJ
Safikul Islam,IIT Kharagpur,"Thin Film, Magnetic and Topological Materials",43.0,https://scholar.google.com/citations?hl=en&user=nMuU0joAAAAJ
nazma anjum,"SRF, IIT Kharagpur","Plant molecular biology, transgenic plants, biochemistry",43.0,https://scholar.google.com/citations?hl=en&user=nQAnDH0AAAAJ
Priyam Chakraborty,"Assistant Professor, Aerospace, Indian Institute of Technology Kharagpur","Unsteady Fluid Flow, Energy Storage, Machine Learning",42.0,https://scholar.google.com/citations?hl=en&user=6x96FqIAAAAJ
Abhishek Verma,IIT Kharagpur,"Computer Vision, Deep Learning, AOSP",42.0,https://scholar.google.com/citations?hl=en&user=5oF80rIAAAAJ
Samiran Sahu,"MBBS, MMST (IIT Kharagpur), DNB Medicine, DM Cardiology","Biomedical Engineering, Internal Medicine",42.0,https://scholar.google.com/citations?hl=en&user=zy12TmAAAAAJ
Nabarun Mandal,"School of Nano Science and Technology, IIT Kharagpur, India",Non-linear optics of 2D materials,42.0,https://scholar.google.com/citations?hl=en&user=gt4algkAAAAJ
Abhilash HN,"Institutional Post Doctoral Fellow, Indian Institute of Technology Kharagpur","Bio-fluid Dynamics, Computational Fluid Dynamics, Fluid Structure Interaction",42.0,https://scholar.google.com/citations?hl=en&user=FjkQXrcAAAAJ
Anshika Gupta,"RSch., Agricultural and Food Engineering Department, Indian Institute of Technology …","Agricultural microbiology, Organic farming, Bioremediation",42.0,https://scholar.google.com/citations?hl=en&user=vRn5_S0AAAAJ
Gajjala Rahul Reddy,Indian Institute of Technology Kharagpur,"Structural optimization, FEM, Auxetics, Impact dynamics, Active vibration control",42.0,https://scholar.google.com/citations?hl=en&user=zAJVFkQAAAAJ
Mrinmoy Debnath,Indian Institute of Technology Kharagpur,Polymer- Filler Interaction,42.0,https://scholar.google.com/citations?hl=en&user=4RfJLDAAAAAJ
Deepika KN,IIT Kharagpur,"Nanomaterials, Wide-gap semiconductors",42.0,https://scholar.google.com/citations?hl=en&user=g_ibyGQAAAAJ
Prakash Sharma,"Assistant Professor, Rajiv Gandhi School of Intellectual Property Law, IIT Kharagpur","Criminal law, Administrative Law, Conflict of Laws, Public International Law, Legal Studies",41.0,https://scholar.google.com/citations?hl=en&user=mfibFvYAAAAJ
Shanmukha Srinivas,INDIAN INSTITUTE OF TECHNOLOGY KHARAGPUR,Ship design,41.0,https://scholar.google.com/citations?hl=en&user=R0DNR3YAAAAJ
Ruturaj Garnayak,"Department of Electrical Engineering, IIT Kharagpur","DC-DC Power Converters, Digital Control",41.0,https://scholar.google.com/citations?hl=en&user=Qc9mL2wAAAAJ
Dripto Bakshi,IIT Kharagpur,"Game Theory, Conflict Economics",41.0,https://scholar.google.com/citations?hl=en&user=ZOPdm0QAAAAJ
Sayantan Adak,IIT Kharagpur,"Natural Language Processing, Safe and Trustworthy AI",41.0,https://scholar.google.com/citations?hl=en&user=lQqDURYAAAAJ
Abhilash Gunti,IIT Kharagpur,"Bulk metallic glasses, Nanoindentation, Structure property correlation",41.0,https://scholar.google.com/citations?hl=en&user=fuG6hfEAAAAJ
sagar nagvanshi,RESEARCH SCOLAR AT IIT KHARAGPUR,"FOOD PROCESSING, IMAGE ANALYSIS, FOOD DEHYDRATION",41.0,https://scholar.google.com/citations?hl=en&user=54bK4mEAAAAJ
AMIT SOREN,"Researcher, Indian Institute of Technology Kharagpur","Alloy development, Tribology, Mechanical properties, Material characterization, Materials testing",41.0,https://scholar.google.com/citations?hl=en&user=BWiMF9IAAAAJ
Ansh Sarkar,IIT Kharagpur,"Software Engineering, Physics, Strategy, Finance",41.0,https://scholar.google.com/citations?hl=en&user=HmrphBUAAAAJ
Dr. Sirsendu  Sekhar Barman,"Department of Mathematics, IIT Kharagpur",Computational Fluid Dynamics,40.0,https://scholar.google.com/citations?hl=en&user=_MtfRg4AAAAJ
Nitesh Kumar Dubey,"Researcher, IIT Kharagpur",MR fluid polishing,40.0,https://scholar.google.com/citations?hl=en&user=HHK7zWoAAAAJ
Kaniska Murmu,"Institute Postdoctoral Fellow, IIT Kharagpur","Soft-matter, Pickering emulsion, Porous ceramic structure, Thin film patterning, Soft-lithography",40.0,https://scholar.google.com/citations?hl=en&user=djXrpKIAAAAJ
Anupam Shome,"IIT Kharagpur, India","Wireless Communication, Stochastic Geometry, Cognitive Radio, Co-operative communication, 6G",40.0,https://scholar.google.com/citations?hl=en&user=Hm8MzKEAAAAJ
Monika Tewari,Indian institute of technology Kharagpur,"Brick Masonry, FEM, Blasting, Earthquake loading",40.0,https://scholar.google.com/citations?hl=en&user=8uqPGe0AAAAJ
Poulami Panja,IIT KHARAGPUR,"INORGANIC CHEMISTRY, MATERIALS SCIENCE",40.0,https://scholar.google.com/citations?hl=en&user=i8s6r7QAAAAJ
Prasenjit Patra,Indian Institute of Technology Kharagpur,"Additive Manufacturing, Friction stir welding (FSW)",39.0,https://scholar.google.com/citations?hl=en&user=HMf5d-YAAAAJ
Suraj P,"Indian Institute of Technology, Kharagpur,","heterogeneous catalysis, Hydrodeoxygenation, Bio fuel, Catalytic pyrolysis",39.0,https://scholar.google.com/citations?hl=en&user=pdaEVM4AAAAJ
Manideep Roy,"PMRF, IIT Kharagpur","Cardiovascular Fluid Mechanics, Biofluidics, Electrokinetics",39.0,https://scholar.google.com/citations?hl=en&user=Ue-QF18AAAAJ
Rohit kumar,IIT Kharagpur,Network Security,39.0,https://scholar.google.com/citations?hl=en&user=cJX0urAAAAAJ
Shubham Kakde,Indian Institute of Technology Kharagpur,"Natural Language Processing, Machine Learning, Statistics",39.0,https://scholar.google.com/citations?hl=en&user=Seq3jE8AAAAJ
Ashok Kumar Gaula,Indian Institute of Technology Kharagpur,"Supply chain, Operations research",39.0,https://scholar.google.com/citations?hl=en&user=9auIhPEAAAAJ
Srishti Mishra,IIT Kharagpur,"Bioelectrochemistry, Microbial desalination cell, Wastewater treatment, Resource recovery",39.0,https://scholar.google.com/citations?hl=en&user=ms6JE4gAAAAJ
VIKAS KUMAR SINGH,Department of Chemical Engineering at Indian Institute of Technology Kharagpur,"Energy and Environment, Catalysis",39.0,https://scholar.google.com/citations?hl=en&user=_CaCvtgAAAAJ
Partha Sarathi Mohanty,Indian Institute of Technology Kharagpur,"Immunology, Cancer Immunology, Immune checkpoint inhibitors",39.0,https://scholar.google.com/citations?hl=en&user=AXGj6DQAAAAJ
Suresh Alagar,IIT Kharagpur,"Computational Biology, Molecular Dynamics, Regulatory Networks",38.0,https://scholar.google.com/citations?hl=en&user=cKjJzTAAAAAJ
Dr. Anjali Thakur,"Ph D, Indian Institute of Technology Kharagpur","Formulation, Extrusion, Product development, Carbonation",38.0,https://scholar.google.com/citations?hl=en&user=WFIT8OYAAAAJ
Raviarun Arumugaraj Nadar,Indian Institute of Technology Kharagpur,"Operations management, Operations research, Supply Chain Management",38.0,https://scholar.google.com/citations?hl=en&user=x1zpGMkAAAAJ
Sagar Devadiga,Indian Institute of Technology Kharagpur,"Microalgae, Biofuels, Biomass, Biodiesel, Pilot-scale cultivation",38.0,https://scholar.google.com/citations?hl=en&user=w1SVuMcAAAAJ
Suman Maiti,Department of Computer Science and Engineering Indian Institute of Technology Kharagpur,Security of Cyber Physical systems,38.0,https://scholar.google.com/citations?hl=en&user=FTC-QboAAAAJ
Dr. Premful Kumar,"Institute Postdoctoral Fellow, Department of Chemical Engineering, IIT Kharagpur, India","Magnetohydrodynamics, Heat and Mass Transfer, Hydrodynamic Stability, PINN",38.0,https://scholar.google.com/citations?hl=en&user=jx3kAZsAAAAJ
Vikas Reddy,IIT Kharagpur,"deep learning, machine learning",37.0,https://scholar.google.com/citations?hl=en&user=IMksR20AAAAJ
Arnab Sarkar,"Junior Research Fellow , Rubber Technology centre, IIT Kharagpur","Photoluminescence, polymer synthesis and chracterization, Rubber, Sustainable Rubber Additives",37.0,https://scholar.google.com/citations?hl=en&user=_lE7gtgAAAAJ
HILLOL MAITY,"MS, IIT Kharagpur","VLSI Testing, Deep Learning, Machine Learning, Interpretable AI",37.0,https://scholar.google.com/citations?hl=en&user=0BVQiTIAAAAJ
Devansh Pandey,Indian Institute of Technology Kharagpur,DM,37.0,https://scholar.google.com/citations?hl=en&user=gohVteUAAAAJ
Javed Ali,Indian Institute of Technology Kharagpur,"seismic, machine learning, deep learning, reservoir characterization",37.0,https://scholar.google.com/citations?hl=en&user=6t00kXwAAAAJ
Tishya Sarma Sarkar,"Indian Institute of Technology, Kharagpur","Hardware security, Cryptography, Embedded systems",37.0,https://scholar.google.com/citations?hl=en&user=IuYbwVUAAAAJ
neha patel,Indian Institute of Technology Kharagpur,"Reliability, Condition Monitoring, Prognostic and Health Management",37.0,https://scholar.google.com/citations?hl=en&user=cmqsvJIAAAAJ
Souvik Das,IIT Kharagpur,"Bio-photonics, FTIR, Raman, Machine Learning",37.0,https://scholar.google.com/citations?hl=en&user=ISuBS3sAAAAJ
Soorya KK,Masters from IIT Kharagpur,"Photocatalysis, Pathways to climate resilient water systems",37.0,https://scholar.google.com/citations?hl=en&user=MxzAGeIAAAAJ
Rachna Verma,"Indian Institute of Technology, Kharagpur","Organisation Behaviour, Human Resource, Flourishing, Positive organisational Psychology",37.0,https://scholar.google.com/citations?hl=en&user=zVEqzmUAAAAJ
Nayana Baral,Indian Institute of Technology Kharagpur,"Agricultural and Natural Resource Economics, Food and Nutrition Security, Sustainable Agriculture",37.0,https://scholar.google.com/citations?hl=en&user=OyxmpD0AAAAJ
Joydip Roy,"MS in Electrical Engineering, IIT Kharagpur, India","Sensors, Measurements, Circuits, Signal conditioning/processsing, IoT",36.0,https://scholar.google.com/citations?hl=en&user=YCIiJ_8AAAAJ
ALEX KOSHY,"Project Assistant, IIT Kharagpur","Multiphase flow, Microchannel flow, Liquid-liquid flow, Fluid mechanics",36.0,https://scholar.google.com/citations?hl=en&user=x6o-tNoAAAAJ
Kasturi Mandal,Indian Institute of Technology Kharagpur,"Vulnerability studies, Disaster management, Socio-economic studies, Tourism",36.0,https://scholar.google.com/citations?hl=en&user=ozM9EysAAAAJ
Ritam Pradhan,Indian Institute of Technology Kharagpur,"Graph Neural Network, Deep Learning Models, AI/ML",36.0,https://scholar.google.com/citations?hl=en&user=2rvQymgAAAAJ
Chetan TG,"Indian Institute of Technology, Kharagpur","Auction theory, Mechanism design, Procurement",35.0,https://scholar.google.com/citations?hl=en&user=fXhUjDcAAAAJ
Monisha Perli,Dr YSR Horticultural University Indian Institute of Technology Kharagpur,"Nano hybrids, Nanotoxicity and risk assessment, NPS Pollution and Management",35.0,https://scholar.google.com/citations?hl=en&user=jDey9oYAAAAJ
Ayush Jaiswal,Indian Institute of Technology Kharagpur,"Machine Learning, Natural Language Processing, Computer Vision",35.0,https://scholar.google.com/citations?hl=en&user=IBcUN8IAAAAJ
Atashi Panda,Indian Institute of Technology Kharagpur,"Biophysical Chemistry, Protein-ligand Interaction study",35.0,https://scholar.google.com/citations?hl=en&user=nbNgZ1AAAAAJ
Rakhohari Bauri,IIT Kharagpur,Laser Material Deposition/Processing,35.0,https://scholar.google.com/citations?hl=en&user=vWtRqacAAAAJ
Chiranjib Bhowmick,"Prime Minister Research Fellow, Indian Institute of Technology Kharagpur","Medical Imaging, Computational Biology, Machine Learning, Deep Learning, Imaging Genomics",35.0,https://scholar.google.com/citations?hl=en&user=mIXC-rsAAAAJ
Sadhak Khanna,"Postdoctoral fellow at Indian Institute of Technology, Kharagpur","Graphene, Carbon Nano-tubes, MOF, Supercapacitors, Redox flow battery",35.0,https://scholar.google.com/citations?hl=en&user=QiY6UIUAAAAJ
Suman Bhattacharjee,Indian Institute of Technology Kharagpur,"Soft Matter, Self assembly, Nanomaterials, Interfacial phenomena, Droplet dynamics",35.0,https://scholar.google.com/citations?hl=en&user=uqPyePwAAAAJ
Kiran KJ,"M Tech Post Graduate in Agricultural and Food Engineering, IIT Kharagpur","Aquacultural Engineering, Wastewater Treatment, Integrated Multitrophic Aquaculture Systems …",35.0,https://scholar.google.com/citations?hl=en&user=brCfNkYAAAAJ
Diptesh Biswas,IIT Kharagpur,"Droplet Dynamics, Multiphase flow, Microfluidics, PEM Fuel Cell",35.0,https://scholar.google.com/citations?hl=en&user=mc4ioEIAAAAJ
Paramananda Bhaskar,Indian Institute of Technology Kharagpur,"Large Vision Language Models, Natural Language Processing, Multimodality",35.0,https://scholar.google.com/citations?hl=en&user=dsvd6O0AAAAJ
Avik Halder,IIT Kharagpur,"LLMs, Serving systems, Alignment, Agentic AI",35.0,https://scholar.google.com/citations?hl=en&user=G6a3YEIAAAAJ
Subodh Das,Indian Institute of Technology Kharagpur,"Alloy Design, Microstructure Engineering, Mechanical Behavior, Oxidation/Corrosion/Tribology",35.0,https://scholar.google.com/citations?hl=en&user=8hVZTxQAAAAJ
Misti Das,Indian Institute of Technology Kharagpur,"mass transfer, biochemistry, electrochemistry",34.0,https://scholar.google.com/citations?hl=en&user=3lShELMAAAAJ
Sachin Kumar,IIT Kharagpur,"Machine Learning, Data Science, Finance, Econometrics",34.0,https://scholar.google.com/citations?hl=en&user=Mx_fvegAAAAJ
Supriyo Chakraborty,Indian Institute of Technology,"seismic inversion, signal analysis",34.0,https://scholar.google.com/citations?hl=en&user=qelozXEAAAAJ
Shilpi Jain,"Post-Doctoral Fellow, IIT Kharagpur",,34.0,https://scholar.google.com/citations?hl=en&user=TED0YxUAAAAJ
Utsa Roy,"Post Doctoral Fellowship, Indian Institute of Technology, Kharagpur","Blockchain, IoT Security, Distributed Systems",34.0,https://scholar.google.com/citations?hl=en&user=GKtvOPsAAAAJ
Nishank Verma,IIT KHARAGPUR,"FEA, Polymer Engineering, Additive Manufacturing",34.0,https://scholar.google.com/citations?hl=en&user=c_V_ZfoAAAAJ
Arijit Acharyya,"Indian Institute of Technology, Kharagpur","Water Treatment, LCA",34.0,https://scholar.google.com/citations?hl=en&user=xipNctEAAAAJ
Adari Devi Prasad,Indian Institute of Technology Kharagpur,"Structural Engineering, Behaviour of RC Structures, Advanced Concrete Materials, Precast Members, Sustainable Construction",33.0,https://scholar.google.com/citations?hl=en&user=QnMmC-YAAAAJ
Dr. Sougata Mandal,Post Doctoral Fellow at IIT Kharagpur,"Charge transport, Organic Electronics, Nanophotonics",33.0,https://scholar.google.com/citations?hl=en&user=UoezqkUAAAAJ
Tanusree Parbat,IIT Kharagpur,cyber security,33.0,https://scholar.google.com/citations?hl=en&user=zJ_ahlkAAAAJ
Dr. Jyothula Madan,"Indian institute of Technology, Kharagpur","Earthquake source characterization, Hazard Assessments, Liquefaction, Seismic Microzonation",33.0,https://scholar.google.com/citations?hl=en&user=kTWBDVkAAAAJ
Dev Agarwal,"Indian Institute of Technology, Kharagpur","Generative AI, NeRF, Computer Vision",33.0,https://scholar.google.com/citations?hl=en&user=IBTndaAAAAAJ
Suman Dutta,"Assistant Professor, Indian Institute of Technology, Kharagpur","finite element method, solid mechanics, fluid mechanics, fluid structure interactions",33.0,https://scholar.google.com/citations?hl=en&user=WpXfmUMAAAAJ
Dr. Soumi Kundu,"Assistant Professor of Paediatrics, AIIMS Deoghar [Ex-Assistant Professor, IIT Kharagpur]","Paediatrics & neonatology, allergy, asthma, infectious disease, immunology",33.0,https://scholar.google.com/citations?hl=en&user=-8LAtikAAAAJ
Goutam Goswami,"Dept of Electrical Engineering, Indian Institute of Technology Kharagpur","Electric Drives, Power Electronic Converters",33.0,https://scholar.google.com/citations?hl=en&user=uEz1uHsAAAAJ
Sujeet Kumar,IIT Kharagpur,"Natural Language Processing, Speech Processing, Machine Learning",33.0,https://scholar.google.com/citations?hl=en&user=ODQrkqAAAAAJ
Aditya Prasad Panda,"Research Associate, IIT Kharagpur","molecular microbiology, protein biochemistry, molecular modelling, molecular dynamics simulations",33.0,https://scholar.google.com/citations?hl=en&user=-eQdfPkAAAAJ
Abhijeet Patil,"Indian Institute of Technology, Kharagpur","Artificial Intelligence, Computational Biology",32.0,https://scholar.google.com/citations?hl=en&user=xgBh8vQAAAAJ
Jyoti Prakash Meher,"Indian Institute of Technology, Kharagpur","Software Engineering, Natural Language Processing, Education Technology",32.0,https://scholar.google.com/citations?hl=en&user=kDwn-gwAAAAJ
Aman Sinha,Indian Institute of Technology Kharagpur.,"NLP, Signal Processing, Image Analysis, Medical Image Processing, .Artificial Intelligence.",32.0,https://scholar.google.com/citations?hl=en&user=uXnFkIIAAAAJ
Bipasha Das,Indian Institute of Technology Kharagpur,"Laser materials processing, Tribological behaviour of materials",32.0,https://scholar.google.com/citations?hl=en&user=ymm2PcsAAAAJ
Sohan Patro,"Indian Institute of Technology, Kharagpur","Deep Learning, Computer Vision, Human-Computer Interaction, Artificial Intelligence",31.0,https://scholar.google.com/citations?hl=en&user=o2-Rd2UAAAAJ
Vijay Kumar Kannaujiya,INDIAN INSTITUTE OF TECHNOLOGY KHARAGPUR,"Natural Hazards, Sea Level Rise, Shoreline Change, Coastal Hazard Vulnerability and Risk …",31.0,https://scholar.google.com/citations?hl=en&user=Vth1pKkAAAAJ
Kshitij Sharma,Indian Institute of Technology Kharagpur,"Spectral graph theory, hypergraph, combinatorial matrix theory",31.0,https://scholar.google.com/citations?hl=en&user=cpMaMygAAAAJ
Sruti Narwal,IIT Kharagpur,"geotechnical, numerical simulations, FEA, CAE, rock mechanics",31.0,https://scholar.google.com/citations?hl=en&user=4C70OpQAAAAJ
Arahata Senapati,Indian institute of Technology Kharagpur,"Multiphase flow, vortex flow, bubble dynamics, droplet dynamics",31.0,https://scholar.google.com/citations?hl=en&user=sQiZHNQAAAAJ
Ambika Kumari,Indian Institute of Technology Kharagpur,"Gas Sensor, Microelectronics",31.0,https://scholar.google.com/citations?hl=en&user=7_vmjqcAAAAJ
Pabitra K Jana,IIT Kharagpur,"Virtualization, Cloud Computing, CPS, IoT",30.0,https://scholar.google.com/citations?hl=en&user=GK5E33cAAAAJ
Ravi Chandra Varma KC,IIT Kharagpur,Video Coding,30.0,https://scholar.google.com/citations?hl=en&user=B2pdIEYAAAAJ
Neha Singh,IIT Kharagpur,"Supply Chain, Operations, Carbon Emission, Sustainability, Optimization",30.0,https://scholar.google.com/citations?hl=en&user=lbOuNXMAAAAJ
Kondalarao Bhavanibhatla,IIT Kharagpur,"Mobile manipulation, Legged robots, Reinforcement learning, Design and development",30.0,https://scholar.google.com/citations?hl=en&user=DNAa_nYAAAAJ
Jyayasi Nath,Indian Institute of Technology Kharagpur,Non-linear dynamics,30.0,https://scholar.google.com/citations?hl=en&user=zZiLe30AAAAJ
Kishan Tiwari,"Senior Research Fellow, Indian Institute of Technology Kharagpur","High pressure mineralogy, Shocked meteorites, Shock metamorphism, Mineral physics",30.0,https://scholar.google.com/citations?hl=en&user=qSaVEWcAAAAJ
Rajesh Pavan Pothukuchi,"Assistant Professor, IIT Kharagpur","Polymer Biophysics, Biomolecular MD Simulations",30.0,https://scholar.google.com/citations?hl=en&user=IqqBgUYAAAAJ
Nisarg Upadhyaya,"Indian Institute of Technology, Kharagpur",Usable Security and Privacy,30.0,https://scholar.google.com/citations?hl=en&user=J6_YVs0AAAAJ
Nilesh Sakre,IIT Kharagpur,"Food process engineering, machine design, Drying, legume processing",30.0,https://scholar.google.com/citations?hl=en&user=1z3HMgsAAAAJ
INDRANIL MANDAL,IIT KHARAGPUR,"Optimization, Additive Manufacturing, Material Characterization, Machine Learning, Sustainability",30.0,https://scholar.google.com/citations?hl=en&user=ZxeDmYYAAAAJ
Swarup Kanti Sarkar,"Postdoctoral fellow, Indian Institute of Technology Kharagpur","Anderson localization, Bose-Einstein condensation, Quantum gases",30.0,https://scholar.google.com/citations?hl=en&user=ytRrOhoAAAAJ
Namrata Mohanty,IIT Kharagpur,Electric vehicles,30.0,https://scholar.google.com/citations?hl=en&user=1M26Ox0AAAAJ
Resham chawla,Indian Institute of Technology Kharagpur,"Irrigation Scheduling, Water Quality, Crop Modelling",30.0,https://scholar.google.com/citations?hl=en&user=tNLTNF8AAAAJ
Suvankar Samantaray,"Indian Institute of Technology, IIT Kharagpur",… Petrology in deformed terranes and relating …,30.0,https://scholar.google.com/citations?hl=en&user=BjzI3aUAAAAJ
Emel V Kurian,"Indian Institute of Technology Kharagpur, Kharagpur, West Bengal, India","Process Intensification, Cryogenic carbon capture, Energy, Sustainability",29.0,https://scholar.google.com/citations?hl=en&user=LNjUR78AAAAJ
libeesh lukose,INDIAN INSTITUTE OF TECHNOLOGY KHARAGPUR,"Mineral Spectroscopy of ultramafic rocks, Remote sensing, climate change studies, hyperspectral analysis",29.0,https://scholar.google.com/citations?hl=en&user=e29uETgAAAAJ
Alok Ranjan Mohanty,Indian Institute of Technology,Development and Labour Economics,29.0,https://scholar.google.com/citations?hl=en&user=dOvFPMgAAAAJ
Millon Madhur Das,"Fujitsu Research, Indian Institute of Technology Kharagpur","machine learning, natural language processing",29.0,https://scholar.google.com/citations?hl=en&user=5J4ADbcAAAAJ
Jagannath Mahato,IIT Kharagpur,Computational Fluid Dynamics,29.0,https://scholar.google.com/citations?hl=en&user=3oSlGw8AAAAJ
Aritra Chowdhury,IIT Kharagpur,"Water treatment, Emerging contaminants, Catalysis, Membrane separation, Adsorption",29.0,https://scholar.google.com/citations?hl=en&user=fFw-yvAAAAAJ
Sulagna De,"Department of Architecture and Regional Planning, IIT Kharagpur","Urban Planning, Urban Greening Governance, Landscape and Environment, Green Infrastructure",29.0,https://scholar.google.com/citations?hl=en&user=ApqaYzYAAAAJ
Arun Kumar,"Department of Mathematics, IIT Kharagpur, Kharagpur, 721302, West Bengal, India",Sediment transport in open channel flow,29.0,https://scholar.google.com/citations?hl=en&user=XMw11x8AAAAJ
Kamal Kishor Prajapati,Indian Institute of Technology Kharagpur,"Structural Health Monitoring, Deep Learning, Wave propagation",29.0,https://scholar.google.com/citations?hl=en&user=gtPVOIgAAAAJ
Kanishka Vaish,IIT Kharagpur,Intellectual property and artificial intelligence,29.0,https://scholar.google.com/citations?hl=en&user=ULENFh0AAAAJ
Kanta Chakraborty,Indian Institute of Technology Kharagpur,,29.0,https://scholar.google.com/citations?hl=en&user=j5przEkAAAAJ
Keshav Kumar Ray,IIT Kharagpur,"Farm machinery, precision agriculture, renewable energy, machine learning, deep learning",29.0,https://scholar.google.com/citations?hl=en&user=zLaZTIsAAAAJ
Gargi Panda,IIT Kharagpur,"Computer Vision, Machine Learning, and Biomedical signal processing",29.0,https://scholar.google.com/citations?hl=en&user=KY1yIfAAAAAJ
Dr. Astha Saxena,Indian Institute of Technology Kharagpur,"Science Education, Bioethics Education, Teacher Education, Pedagogy Studies",28.0,https://scholar.google.com/citations?hl=en&user=ldvfQyMAAAAJ
AMRITA MEDDA,IIT Kharagpur,"SIW filter, SIW Antenna, Microstrip Antenna, communication",28.0,https://scholar.google.com/citations?hl=en&user=CZpOulAAAAAJ
Dibya Prakash Das,Indian Institute of Technology Kharagpur,"Deep Learning, Computer Vision, Medical Imaging",28.0,https://scholar.google.com/citations?hl=en&user=78lULCAAAAAJ
Sumanta Manna,"Indian Institute of Technology ,kharagpur",,28.0,https://scholar.google.com/citations?hl=en&user=XKxtYtgAAAAJ
Naveen Kumar Rangasamy,IIT Kharagpur,Bio-Medical Engineering,28.0,https://scholar.google.com/citations?hl=en&user=h01IROkAAAAJ
Akanksha Chaturvedi,IIT Kharagpur,"Prognostic and Health management, reliability engineering, Deep learning, Machine learning",28.0,https://scholar.google.com/citations?hl=en&user=AISuQS8AAAAJ
Pankaj Singh,"Institute Post-Doctoral Fellow, IIT Kharagpur","Computational Fluid Dynamics (CFD), Hydraulic Structures, Open Channel Flow, Sediment Transport",28.0,https://scholar.google.com/citations?hl=en&user=yQ3YHzAAAAAJ
Shatarupa Bhattacharya,IIT Kharagpur,"Immunology, Parasitology, Genetics",28.0,https://scholar.google.com/citations?hl=en&user=GEvm4FoAAAAJ
Tejas Pandey,"Indian Institute of Technology, Kharagpur",,28.0,https://scholar.google.com/citations?hl=en&user=U9n5ANYAAAAJ
Sharmila Das,Indian Institute of Technology Kharagpur,Photoredox Catalysis,28.0,https://scholar.google.com/citations?hl=en&user=PO6S0qUAAAAJ
Dr. Sunandini Swain,Indian Institute of Technology (IIT) Kharagpur,"Alzheimer's disease, Precision medicine, Molecular simulation, Computational drug discovery",28.0,https://scholar.google.com/citations?hl=en&user=Tv-XfBMAAAAJ
PRAJAKTA SATHE,IIT kharagpur,Radar system and Signal processinng,27.0,https://scholar.google.com/citations?hl=en&user=5ts4XKwAAAAJ
Rohan Rajak,IIT Kharagpur,"Cloud Computing, Deep Learning",27.0,https://scholar.google.com/citations?hl=en&user=lrh8eeIAAAAJ
Soumi Chatterjee,IIT Kharagpur,Hardware Security,27.0,https://scholar.google.com/citations?hl=en&user=XIFIuyAAAAAJ
Kaustubh Saysardar,Indian Institute of Technology Kharagpur,Transportation Engineering,27.0,https://scholar.google.com/citations?hl=en&user=mRBIyIcAAAAJ
Imon Kalyan,"School of Nano Science and Technology, IIT Kharagpur","Nanoscience, Material Science, Physical Chemistry, Nanocatalyst",27.0,https://scholar.google.com/citations?hl=en&user=xDtCgowAAAAJ
Aman Kumar,IIT Kharagpur,Urban flood modelling,27.0,https://scholar.google.com/citations?hl=en&user=e1coecMAAAAJ
Subhadip Sarkar,"Senior Research Fellow, CORAL, IIT KHARAGPUR","ATMOSPHERIC SCIENCE, EARTH SCIENCE, PRECIPITABLE WATER VAPOR, CAUSAL DISCOVERY, AI/ML",27.0,https://scholar.google.com/citations?hl=en&user=BfEcM-gAAAAJ
Sandip Chand,Indian Institute of Technology Kharagpur,"Natural resource management, Forest policy, Land tenure",27.0,https://scholar.google.com/citations?hl=en&user=xzdg6UIAAAAJ
Priya Bharati,Indian Institute of Technology Kharagpur,"Western Himalaya, Mid-latitude dynamics, Arctic sea-ice teleconnection, Rossby wave dynamics",27.0,https://scholar.google.com/citations?hl=en&user=6MAf4-YAAAAJ
Bharathi Chaudhury,IIT Kharagpur,"Machine Learning, Computer Vision, Deep Learning",27.0,https://scholar.google.com/citations?hl=en&user=onknNdYAAAAJ
MOULI DAS DAWN,"Postdoctoral Fellow, Indian Institute of Technology, Kharagpur","Metal Organic Frameworks, Crystal Engineering, Mixed-Matrix Membrane, Energy Storage & Conversion",27.0,https://scholar.google.com/citations?hl=en&user=cxaqDboAAAAJ
Panchanan Pandey,"Indian Institute of Technology Kharagpur, Kharagpur, India - 721302","Inorganic Materials, Upconversion, Rietveld refinement, Synchrotron XRD, Pair distribution function",27.0,https://scholar.google.com/citations?hl=en&user=YHF2nxMAAAAJ
Dr. Snigdha Madhab Ghosh,"E&ECE Department, IIT Kharagpur","AI, ML, biomedical signal processing and datamining",26.0,https://scholar.google.com/citations?hl=en&user=W_7EQgEAAAAJ
Aniruddha Nandy,"Indian Institute of Technology, Kharagpur",,26.0,https://scholar.google.com/citations?hl=en&user=MXxQxjgAAAAJ
Dr. PRAVANJAN SAMANTA,IIT Kharagpur,"memristor based logic design, vlsi design, neuromorphic computing",26.0,https://scholar.google.com/citations?hl=en&user=EABV3PgAAAAJ
Aratrika De,"Department of Bioscience and Biotechnology, IIT Kharagpur","molecular virology, infectious diseases, influenza biology, RNA biology, RNA viruses",26.0,https://scholar.google.com/citations?hl=en&user=zv5CGgsAAAAJ
Mousumi Dutta,"Indian Institute of Technology, Kharagpur",Spin-crossover materials,26.0,https://scholar.google.com/citations?hl=en&user=X6HCMM4AAAAJ
Shruti Shevya,IIT Kharagpur,"Machine Learning, Artificial Intelligence",26.0,https://scholar.google.com/citations?hl=en&user=Hi5rQTkAAAAJ
Shobhon Paul,"CSIR Senior Research Fellow, Indian Institute of Technology Kharagpur",Botany,26.0,https://scholar.google.com/citations?hl=en&user=NLzGTi4AAAAJ
Dr. Manoja Behera,IIT Kharagpur,Corporate Finance Behavioral finance,26.0,https://scholar.google.com/citations?hl=en&user=0tQztxwAAAAJ
RUPESH,IIT Kharagpur,Electrical and Electromagnetic Geophysics,26.0,https://scholar.google.com/citations?hl=en&user=uljEwkIAAAAJ
Sujoy Sarkar,Indian Institute of Technology Kharagpur,Natural Language Processing,26.0,https://scholar.google.com/citations?hl=en&user=SSIMTwgAAAAJ
Soujanya Thallapalli,"Senior Project Engineer, GSSanyal School of Telecom, Indian Institute of Technology …","6G Wireless, THz, Ultra-Massive/Extreme/Gigantic MIMO, Near-Field, AI4PHY",25.0,https://scholar.google.com/citations?hl=en&user=1-sUQwoAAAAJ
Anirban Majumder,"Indian Institute of Technology, Kharagpur","VLSI, Hardware Security, Embedded Systems",25.0,https://scholar.google.com/citations?hl=en&user=c9VPjzcAAAAJ
Eashita Chowdhury,Indian Institute of Technology Kharagpur,"Neurorehabiliation, Virtual Reality, Biomedical Signal Processing",25.0,https://scholar.google.com/citations?hl=en&user=XtqcTDoAAAAJ
Pradeep Nahak,"Department of Mechanical Engineering, Indian Institute of Technology Kharagpur","Machine Learning, Robotics, Computer Vision, Deep Learning, Machine Design and Analysis",25.0,https://scholar.google.com/citations?hl=en&user=X0pJvVcAAAAJ
Amarjeet,"DST-INSPIRE Fellow (SRF), CORAL, IIT Kharagpur","Atmospheric Physics, Meteorology, Monsoon Dynamics, Climate Change",25.0,https://scholar.google.com/citations?hl=en&user=NUAH_9wAAAAJ
Anupam Gupta,"Indian Institute of Technology, Kharagpur","Machine Learning, Privacy Preserving Federated Learning, Information Retreival",25.0,https://scholar.google.com/citations?hl=en&user=_o4syX0AAAAJ
PABITRA MONDAL,IIT Kharagpur,"Surfactants, Biomaterials, Therapeutic Delivery Systems, Synthetic Antibiotics",25.0,https://scholar.google.com/citations?hl=en&user=Q5Jlp04AAAAJ
Sandeep Kumar Yadav,Indian Institute of Technology  Kharagpur,"Drug Delivery, Nano-medicine, Atherosclerosis, Microfludics",25.0,https://scholar.google.com/citations?hl=en&user=NmcZ99EAAAAJ
Dr. Paramita Das,"Indian Institute of Technology, Kharagpur","Structural geology, Tectonics",25.0,https://scholar.google.com/citations?hl=en&user=whII8bgAAAAJ
Sarbojit Das,SRF of IIT Kharagpur,"Organic synthesis, CH activation",25.0,https://scholar.google.com/citations?hl=en&user=HeoF5pIAAAAJ
Subhasis Datta,"Indian Institute of Technology, Kharagpur","Systems Biology, Cancer biology, Single cell genomics",25.0,https://scholar.google.com/citations?hl=en&user=YRejYe8AAAAJ
Ravi Kiran,"Senior Research Fellow, IIT kharagpur","Theoretical and Computational Condensed …, Computational Modelling",25.0,https://scholar.google.com/citations?hl=en&user=iio4Mp0AAAAJ
Manish Chandra,Indian Institute of Technology Kharagpur,Automotive Engineering,24.0,https://scholar.google.com/citations?hl=en&user=jUqw7pAAAAAJ
Sinchani Chakraborty,"MS CSE, IIT Kharagpur","Machine Learning, Natural Language Processing, Information Extraction",24.0,https://scholar.google.com/citations?hl=en&user=cTELRSEAAAAJ
Arnesh Kumar Issar,"Indian Institute of Technology, Kharagpur","Robotics, Reinforcement Learning, Machine Learning",24.0,https://scholar.google.com/citations?hl=en&user=TL8jubcAAAAJ
Piyush Kumar Dongre,Indian Institute of Technology Kharagpur,"Computer Vision, Image Processing",24.0,https://scholar.google.com/citations?hl=en&user=e5OypOkAAAAJ
Ananth Radhakrishnan,Indian Institute of Technology Kharagpur,"Machine Learning, Artificial Intelligence, Biomedical Signal Processing",24.0,https://scholar.google.com/citations?hl=en&user=X5uG3z0AAAAJ
Chinmaya Kumar Patra,IIT Kharagpur,"Embedded Chip Cooling, Microelectronics Packaging, Thermal Management, CFD, Two-Phase Flow",24.0,https://scholar.google.com/citations?hl=en&user=NIaEbQ8AAAAJ
Pradeepta K Mohanty,IIT Kharagpur,"Astronomy, Astrophysics, Supply Chain Management",24.0,https://scholar.google.com/citations?hl=en&user=NY5gzlsAAAAJ
Atanuka Paul,"Senior Research Fellow, IIT Kharagpur",Computational Chemistry,24.0,https://scholar.google.com/citations?hl=en&user=qJ8LaMAAAAAJ
Bharat Jayaswal,IIT Kharagpur,"Geoscience, Remote Sensing, Maritime Surveillance",24.0,https://scholar.google.com/citations?hl=en&user=EizpHHQAAAAJ
Debajyoti Kumar,"Indian Institute of Technology, Kharagpur","Applied Mathematics, High performance computing, Deep Learning",23.0,https://scholar.google.com/citations?hl=en&user=Bji8wigAAAAJ
Neellohit Sarkar,"NIT Warangal, IIT Kharagpur","Biochemical Engineering, Bioprocess Engineering, Microalgae, Computational Biology, Modelling",23.0,https://scholar.google.com/citations?hl=en&user=EzpCFq4AAAAJ
Abhilash Datta,Indian Institute of Technology Kharagpur,Natural Language Processing,23.0,https://scholar.google.com/citations?hl=en&user=lyuPv_gAAAAJ
Vineet Sharma,"IIT Kharagpur, BN MU Madhepura",Physical Oceanography,23.0,https://scholar.google.com/citations?hl=en&user=CEZWzhcAAAAJ
Subhendu Ghosh,Indian Institute of Technology Kharagpur,"Optical Networks, Optical Communications, Machine Learning",23.0,https://scholar.google.com/citations?hl=en&user=igSrFw0AAAAJ
Anjana Balabhaskara,"MS, Indian Institute of Technology, Kharagpur",CPS Security,23.0,https://scholar.google.com/citations?hl=en&user=ywcHtwwAAAAJ
Anshuman Sahoo,"Indian Institute of Technology, Kharagpur","Decisional Autonomy, Law and Economics, Competition Policy",22.0,https://scholar.google.com/citations?hl=en&user=VgyzBTYAAAAJ
Sreejith Markkassery,Indian Institute of Technology Kharagpur,"Computer Vision, Machine Learning, Autonomous Driving",22.0,https://scholar.google.com/citations?hl=en&user=iB3b9pwAAAAJ
Durga Prasad Purbey,IIT KHARAGPUR,"Mutual coupling, Self-interference cancellation, Radiation pattern, Self-decoupled antenna",22.0,https://scholar.google.com/citations?hl=en&user=L5lhEJAAAAAJ
Ritu Nigam,"Senior Research Fellow, Department of Mathematics, IIT Kharagpur",Numerical Solutions of Integral Equations,22.0,https://scholar.google.com/citations?hl=en&user=29j858AAAAAJ
Salma Mandi,"Indian Institute of Technology, Kharagpur","Affective Computing, Human Computer Interaction",22.0,https://scholar.google.com/citations?hl=en&user=ysAZ1XUAAAAJ
Sanniv Shome,Indian institute of technology Kharagpur,,22.0,https://scholar.google.com/citations?hl=en&user=h4PVMfgAAAAJ
Pavan Kumar Gupta,"Sr. Library Information Assistant, Indian Institute of Technology Kharagpur","Digital Library, E-resources",22.0,https://scholar.google.com/citations?hl=en&user=ZTQefvEAAAAJ
Abhishek Sharma,"mCFD Laboratory, Department of Chemical Engineering, IIT Kharagpur, India","CFD, Turbulence theory and modelling, Flow simulations, Multiphase flows, High Performance Computing",22.0,https://scholar.google.com/citations?hl=en&user=sqEayFgAAAAJ
Rudra Narayan Mohanty,Indian Institute of Technology Kharagpur,"Paleoceanography and Paleoclimatology, Planktic forams, Benthic forams, Benguela Upwelling",22.0,https://scholar.google.com/citations?hl=en&user=sUVWPzAAAAAJ
Don Chatterjee,"Senior research fellow, IIT, Kharagpur,India",Ore geology,22.0,https://scholar.google.com/citations?hl=en&user=gvkcCakAAAAJ
Tagore Sai Priya Nunna,Indian Institute of Technology Kharagpur,"overtourism, destination development, spatial planning, Land management",21.0,https://scholar.google.com/citations?hl=en&user=RP--2ycAAAAJ
Srideep Maity,IIT Kharagpur,Image Processing,21.0,https://scholar.google.com/citations?hl=en&user=Roh7b7oAAAAJ
Tiash Ghosh,Indian Institute of Technology Kharagpur,"Signal processing, Image processing, Machine Learning",21.0,https://scholar.google.com/citations?hl=en&user=Ud-jhIMAAAAJ
Ramit Chugh,"Post Doctoral Fellow, Indian Institute of Technology Kharagpur, India","Stress Analysis, Photoelasticity, Optimization Techniques",21.0,https://scholar.google.com/citations?hl=en&user=GjJ9xCoAAAAJ
Priyadarsini Sinha,"Department of Humanities and Social Sciences, IIT Kharagpur","Environmental governance, Forest governance, Resource politics, Critical geography",21.0,https://scholar.google.com/citations?hl=en&user=ayYp3bAAAAAJ
Sarishti Singh,"Department of Mathematics, Indian Institute of Technology Kharagpur, West Bengal,  India","Interval Analysis, Numerical linear Algebra, Portfolio Optimization",21.0,https://scholar.google.com/citations?hl=en&user=xSTyjAgAAAAJ
Swati Bedi,Indian Institute of Technology Kharagpur,"Crystal Engineering, MOFs, CPs, Gels",21.0,https://scholar.google.com/citations?hl=en&user=RofdL5UAAAAJ
Devi Prasad Mishra,"Chemical Engineering, Indian Institute of Technology, Kharagpur","Membrane Separation, Adsorption, Water Treatment",21.0,https://scholar.google.com/citations?hl=en&user=ROlCiI4AAAAJ
Tapadyoti Banerjee (তপদ্যতি ব্যানার্জ্জী),"Department of Computer Science and Engineering, Indian Institute of Technology …","Cryptography, Smart Grid Security, Cellular Automata, Machine Learning",21.0,https://scholar.google.com/citations?hl=en&user=Jrmq-OYAAAAJ
Narendra singh choudhary,Indian Institute of Technology Kharagpur,"Polymerization, Multiphase reactions, Metallocene",21.0,https://scholar.google.com/citations?hl=en&user=rNfbLZ8AAAAJ
PINAK RAY,"Indian Institute of Technology, Kharagpur","Soil Dynamics, Geotechnical Earthquake Engineering, Soil Mechanics and Foundation Engineering",20.0,https://scholar.google.com/citations?hl=en&user=XS512SgAAAAJ
Aashish Kumar,Indian Institute of Technology Kharagpur,"Thermal Management, Thermoelectric Cooling, Computational Fluid Dynamics",20.0,https://scholar.google.com/citations?hl=en&user=NAulkNkAAAAJ
Sohom chakraborty,IIT Kharagpur,"Machine Learning, Signal Processing",20.0,https://scholar.google.com/citations?hl=en&user=sy4Fq8MAAAAJ
Om Puri Gosain,Indian Institute of Technology Kharagpur,"Ni base superalloys, Materials Characterization",20.0,https://scholar.google.com/citations?hl=en&user=4fqeFlgAAAAJ
M.Gangadhar Pavan Kumar,Indian institute of technology Kharagpur,"chemical kinetics and combustion, Ammonia cracking, Numerical Heat Transfer, Heterogeneous Reactions",20.0,https://scholar.google.com/citations?hl=en&user=8Qc32oIAAAAJ
Bhattagiri Lekhan Reddy,IIT Kharagpur,"Wireless Communication and Networks, Analog and Mixed Signal IC Design",20.0,https://scholar.google.com/citations?hl=en&user=MhqjldoAAAAJ
Balasnehitha Shridar,"Department of Agricultural and Food Engineering, Indian Institute of Technology Kharagpur","Extraction & Encapsulation of bioactives, Food processing, Food science",20.0,https://scholar.google.com/citations?hl=en&user=oolfDjkAAAAJ
Dr. Mohd.Shahnawaz Alam,IIT Kharagpur,"Cross-linked gel system, CO2 leakage mitigation techniques, Grafted polymer, HTHP Rheology",20.0,https://scholar.google.com/citations?hl=en&user=FOwFP5UAAAAJ
Sandipan Bhattacharya,"Indian Institute of Technology, Kharagpur","Electromagnetics, Smart Antenna, Reconfigurable Intelligent Surfaces (RIS)",20.0,https://scholar.google.com/citations?hl=en&user=FMNXvucAAAAJ
Pratyush Chatterjee,IIT Kharagpur,,20.0,https://scholar.google.com/citations?hl=en&user=YuQcN0oAAAAJ
Rajosik Adak,Indian Institute of Technology Kharagpur,"Fluid Mechanics, Turbomachinery, CFD",20.0,https://scholar.google.com/citations?hl=en&user=YVa995sAAAAJ
Raghav Mundhra,"Indian Institute of Technology, Kharagpur","Fluid Mechanics, Thermodynamics, Combustion, Propulsion",19.0,https://scholar.google.com/citations?hl=en&user=9jKrOoQAAAAJ
Subhadeep Bardhan,"MS, Dept. of Industrial and Systems Engineering, IIT Kharagpur",Embedded systems and IoT,19.0,https://scholar.google.com/citations?hl=en&user=d6S5f8YAAAAJ
Tinku Ganai,IIT Kharagpur,"Matrix Analysis, Computational linear algebra",19.0,https://scholar.google.com/citations?hl=en&user=jA1o2VoAAAAJ
Suman Ganguly,Prime Ministers Research Fellow at IIT Kharagpur,"Traffic Engineering, Public Transport Systems",19.0,https://scholar.google.com/citations?hl=en&user=iMCsC7MAAAAJ
Sreeja Dasgupta,Indian Institute of Technology Kharagpur,Ruthenium water oxidation catalysis,19.0,https://scholar.google.com/citations?hl=en&user=yDx1-KAAAAAJ
Aninda Pal,"Post Doctoral Fellow, IIT KGP","Vibration of plates, Shock structure interaction, Biomimitics, Compressible flow, Vibro acoustics",19.0,https://scholar.google.com/citations?hl=en&user=bYZlbV4AAAAJ
Nabarun Sarkar,Indian Institute of Technology Kharagpur,"computational intelligence, non-linear control, estimation, adaptive control, formation control",19.0,https://scholar.google.com/citations?hl=en&user=eQsy6VYAAAAJ
Mohammad Junaid Siddiqui,Research scholoar at IIT KGP,Aerodynamics,19.0,https://scholar.google.com/citations?hl=en&user=YBZ1E4gAAAAJ
Vinay Maithani,IIT Kharagpur,,19.0,https://scholar.google.com/citations?hl=en&user=b6H71RIAAAAJ
Sagar Kumar dash,Indian Institute of Technology Kharagpur,"EV, Electrical Drives, Power Electronics, Electric Aircraft",19.0,https://scholar.google.com/citations?hl=en&user=8AqVbKcAAAAJ
Satwik Pate,"Indian Institute of Technology, Kharagpur","Machine Learning, Digital Soil Science, Precision Agriculture",19.0,https://scholar.google.com/citations?hl=en&user=Id2KnfkAAAAJ
ANITA GAUTAM,Indian Institute of Technology Kharagpur,"Remote sensing, Deep Learning, Machine Learning, LULC, Landscape Modelling",19.0,https://scholar.google.com/citations?hl=en&user=nZjA7_oAAAAJ
Rakesh Jana,Post Doctoral Fellow at Indian Institute of Technology Kharagpur,Graph and Matrices,18.0,https://scholar.google.com/citations?hl=en&user=ALS-59UAAAAJ
Saransh Khandelwal,IIT Kharagpur,"Social Computing, Fact Validation, Artificial Intelligence, Machine Learning",18.0,https://scholar.google.com/citations?hl=en&user=evxSQxIAAAAJ
Sajjad Yaqub,Indian Institute of Technology Kharagpur,"Dyslexia, Educational Technology, Serious game development, Natural language processing",18.0,https://scholar.google.com/citations?hl=en&user=0KtpHioAAAAJ
Niloy Ghosh,Indian Institute Of Technology Kharagpur,"Microwave photonics, Integrated optics, Quantum optics, Quantum computing, Optical communication",18.0,https://scholar.google.com/citations?hl=en&user=_H3C0I4AAAAJ
AYUSH KUMAR,IIT KHARAGPUR,RF and Microwave Systems,18.0,https://scholar.google.com/citations?hl=en&user=tFZ6A10AAAAJ
Abhijit Narayan Eshore,"Research Scientist, Indian Institute of Technology, Kharagpur","Inorganic Perovskite, Gas Sensors, Metal Oxide Semiconductors, Indoor Air Quality Monitoring",18.0,https://scholar.google.com/citations?hl=en&user=VhPbyWUAAAAJ
Mainak Chaudhury,"Indian Institute of Technology, Kharagpur","Machine Learning, Deep Learning, Natural Language Processing",18.0,https://scholar.google.com/citations?hl=en&user=DdLwOEsAAAAJ
Bibek Kumar Patra,Indian Institute of Technology Kharagpur,"Singular optics, Classical non-separable states",18.0,https://scholar.google.com/citations?hl=en&user=I3BQIvsAAAAJ
Shubhra Sahu,Indian Institute of Technology Kharagpur,"Applied Mathematics, Numerical Modeling, Fluid Mechanics, Electrokinetics",18.0,https://scholar.google.com/citations?hl=en&user=9SUSh1sAAAAJ
Anuj Ghosh,"Senior Research Fellow, IIT Kharagpur","Metamorphic Petrology, Geochronology, Precambrian Geology",18.0,https://scholar.google.com/citations?hl=en&user=_cHsQ6wAAAAJ
Somdipta Sen,"Indian Institute of Technology, Kharagpur","Coastal carbon dynamics, Biogeochemical cycling",18.0,https://scholar.google.com/citations?hl=en&user=UcGP0FQAAAAJ
Suraj Bhute,IIT Kharagpur,"Generative AI, Deep Learning, NLP, Medical Imaging",18.0,https://scholar.google.com/citations?hl=en&user=ll5yYqUAAAAJ
Samit Kumar Hazra,"Post Doctoral Fellow, Indian Institute of Technology Kharagpur","Quantum Optics, Quantum Dots, TMD Materials, Optoelectronics, Nanophotonics",18.0,https://scholar.google.com/citations?hl=en&user=evY3aBkAAAAJ
Harshit Patel,IIT Kharagpur,"NRW, Water Supply, Water Analytics and Waste-Water",18.0,https://scholar.google.com/citations?hl=en&user=FNjfsTEAAAAJ
Ipsita chakraborty,Indian Institute of Technology Kharagpur,"silicon based optical devices, Graphene, opto-electronic devices, plasmonics, meta-surface",17.0,https://scholar.google.com/citations?hl=en&user=ygM7nvkAAAAJ
Moumita Dholey,Indian Institute of Technology Kharagpur,"Medical Image Processing, Machine Learning",17.0,https://scholar.google.com/citations?hl=en&user=9x-V4PwAAAAJ
Duhita Wani,Undergraduate at Indian Institute of Technology Kharagpur,"Machine Learning, Deep Learning, Computer Vision, Supply Chain Management, Reinforcement Learning",17.0,https://scholar.google.com/citations?hl=en&user=fv1KELAAAAAJ
Prajwal Yadav,"Indian Institute of Technology, Kharagpur","Finance, Supply Chain, Machine Learning",17.0,https://scholar.google.com/citations?hl=en&user=uyGNZMMAAAAJ
Dr. Mohd Shahabuddin,"Department of geology and geophysics, IIT Kharagpur","seismology, geotechnical earthquake engineering, seismic hazard, ground motion",17.0,https://scholar.google.com/citations?hl=en&user=4yMmegIAAAAJ
AJANA DUTTA,"CSIR Research Associate, IIT KGP",,17.0,https://scholar.google.com/citations?hl=en&user=m7VeO78AAAAJ
Rohit Kumar Singh,Indian Institute of Technology,"Air Pollution, Urban Meteorology",17.0,https://scholar.google.com/citations?hl=en&user=idPwEn0AAAAJ
Anupal Jyoti Dutta,Indian Institute of Technology Kharagpur,"Rock-Fluid Interactions, Geothermal Energy, Geostorage, Geomechanics, Computational Fluid Dynamics",17.0,https://scholar.google.com/citations?hl=en&user=q0TaycUAAAAJ
Gaurav Madkaikar,Indian Institute of Technology Kharagpur,"access control, security, nlp, ai",17.0,https://scholar.google.com/citations?hl=en&user=VFPrUbMAAAAJ
Bornita Bose,"Indian Institute of Technology, Kharagpur","Plant Molecular Biology, Transgenic Plants, PTC, Hydroponics, Sustainable Agriculture",17.0,https://scholar.google.com/citations?hl=en&user=WGGYMx0AAAAJ
Zubair Bashir,"Undergrad, IIT Kharagpur","Mechanistic Interpretability, Fairness and Bias, Federated Learning, Privacy, Security",17.0,https://scholar.google.com/citations?hl=en&user=uA_UrJUAAAAJ
shwetapadma priyadashini,Indian Institute Of Technology Kharagpur,"Bottom Of Pyramid, Digital Transformation, Rural marketing, e-commerce",17.0,https://scholar.google.com/citations?hl=en&user=tbESmi0AAAAJ
Aditya Sharma,"Department of Physics, Indian Institute of Technology Kharagpur",Theoretical High Energy Physics,17.0,https://scholar.google.com/citations?hl=en&user=0T-AYIIAAAAJ
Lopamudra Ballabh,Indian Institute of Technology Kharagpur,"Essential oil, aromatic plants",17.0,https://scholar.google.com/citations?hl=en&user=rvsQ-UcAAAAJ
Shreya Mukherjee,"VGSOM, IIT Kharagpur","Business Analytics, E-Commerce, Human Computer Interaction, Technology Adoption",17.0,https://scholar.google.com/citations?hl=en&user=BCYp-0MAAAAJ
A. Sengupta,indian institute of technology kharagpur,civil engineering,16.0,https://scholar.google.com/citations?hl=en&user=0ZhjxO0AAAAJ
Snigdha Senapati,Indian Institute of Technology Kharagpur,"Hydrogen production, Process modelling and simulation, Reaction engineering, Kinetics",16.0,https://scholar.google.com/citations?hl=en&user=F43WFNwAAAAJ
Alka Ranjan,IIT Kharagpur,"Machine Learning, Image Processing, Bometric Security and Privacy",16.0,https://scholar.google.com/citations?hl=en&user=w9LVTxAAAAAJ
Abhishek Mandal,Research Fellow at IIT Kharagpur,"Quantum optics, Quantum Information, Cavity QED, Singular optics",16.0,https://scholar.google.com/citations?hl=en&user=_SiGptMAAAAJ
VAIBHAV MISHRA,Indian Institute of Technology Kharagpur,"Structural Health Monitoring, low velocity impact, Composites, Ballistic Impacts",16.0,https://scholar.google.com/citations?hl=en&user=iAar6HsAAAAJ
Rahul Reddy Banapuram,Researcher at Indian Institute of Technology Kharagpur,"Pavement materials and design, Asphalt emulsion",16.0,https://scholar.google.com/citations?hl=en&user=xdn6SlMAAAAJ
Dr. Sujoy Biswas,"Indian Institute of Technology, Kharagpur",Housing and community planning,16.0,https://scholar.google.com/citations?hl=en&user=5NF8cJ0AAAAJ
Bhavesh Sukdeve,"Agricultural and Food Engineering Department, IIT Kharagpur, India","Farm Mechanization, Automation, Robotics, Robotics in Agriculture",16.0,https://scholar.google.com/citations?hl=en&user=D2aG0tAAAAAJ
PRIYANKA SEHRAWAT,Indian Institute of Technology Kharagpur,"Uncertainty quantification, sensitivity analysis, reliability analysis, dimension reduction",16.0,https://scholar.google.com/citations?hl=en&user=19gF02oAAAAJ
Aritro Sanjib Sen,"Indian Institute of Technology, Kharagpur","Biofuels, Bioenergy, Waste valorization",16.0,https://scholar.google.com/citations?hl=en&user=fHb9Xj0AAAAJ
RAJAN BHARTI,Indian Institute of Technology Kharagpur,"Optical memristor for neuromorphic …, III-V semiconductors, microLEDs",16.0,https://scholar.google.com/citations?hl=en&user=ykKKZJMAAAAJ
Ayon Jyoti Karmakar,Indian Institute of Technology Kharagpur,"Ultrafast Laser Spectroscopy, DFT, 2D Semiconductors, Perovskite, pump-probe",16.0,https://scholar.google.com/citations?hl=en&user=OxvxjmkAAAAJ
Bhuvan Arora,Indian Institute of Technology Kharagpur,"Transport Economics, Climate Change",16.0,https://scholar.google.com/citations?hl=en&user=n-0ZfmgAAAAJ
Anket Pandey,"M. Tech in Hydraulic and Water Resources Engineering, Department of Civil Engineering …","Hydroclimatology, Water Resources Engg, Remote Sensing",16.0,https://scholar.google.com/citations?hl=en&user=KXJc7CYAAAAJ
Astha Pandey,IIT Kharagpur,Organisational behaviour and Human …,16.0,https://scholar.google.com/citations?hl=en&user=ppjBc18AAAAJ
Debapriya Samal,"Indian Institute of Technology, Kharagpur","Corporate Governance, Corporate Finance",16.0,https://scholar.google.com/citations?hl=en&user=6nXhi-4AAAAJ
Shivam Kumar Agrawal,Indian Institute of Technology Kharagpur,"Applicable Functional Analysis, Integral equations, Integro-differential equations",16.0,https://scholar.google.com/citations?hl=en&user=qVgMAQEAAAAJ
Aditya Kachave,IIT Kharagpur,"EdTech, Instructional System Design, Education, Chemistry",15.0,https://scholar.google.com/citations?hl=en&user=Wo1npssAAAAJ
wahida raj Ilaham,Indian Institute of technology Kharagpur,ODS ferritic steels,15.0,https://scholar.google.com/citations?hl=en&user=yVd6S1oAAAAJ
Langkam Sabita,IIT KHARAGPUR,"Signal Processing, Blind Source Separation",15.0,https://scholar.google.com/citations?hl=en&user=hKDEklcAAAAJ
Richa Malviya Dutta,"RMSoEE, IIT Kharagpur, India","Medical Image Analysis, Deep Learning, Digital Pathology",15.0,https://scholar.google.com/citations?hl=en&user=rQd2gd4AAAAJ
Souvik Mandal,Indian Institute of Technology Kharagpur,"Multiphase flow, Sensor design, COMSOL",15.0,https://scholar.google.com/citations?hl=en&user=wscaO0YAAAAJ
Shrey Shrivastava,"Undergraduate in Dept. of CSE, IIT Kharagpur",Aritificial Intelligence,15.0,https://scholar.google.com/citations?hl=en&user=olqXBAIAAAAJ
Malay Masanta,Indian Institute of Technology Kharagpur,"Laser Additive manufacturing, Direct Energy Deposition, Metal Additive Manufacturing, ECM",15.0,https://scholar.google.com/citations?hl=en&user=aLyW4E8AAAAJ
TUSHAR KANTI SHOW,"Senior Research Fellow, Indian Institute of Technology, Kharagpur",… fluid. Structural Dynamics. Fluid flow in …,15.0,https://scholar.google.com/citations?hl=en&user=iA2j-DAAAAAJ
DIGANTA PANDA,Indian Institute of Technology Kharagpur,Webpage Development,15.0,https://scholar.google.com/citations?hl=en&user=fiqle2QAAAAJ
Sandeep Kumar,Indian Institute of Technology Kharagpur,Computational Fluid Dynamics,15.0,https://scholar.google.com/citations?hl=en&user=SG4VsZ0AAAAJ
Dr. Santu Biswas,IIT Kharagpur,"Geology, Structural Geology",15.0,https://scholar.google.com/citations?hl=en&user=oPImHVYAAAAJ
Shailendra Kumar,IIT Kharagpur,Organic Catalysis and Synthesis,15.0,https://scholar.google.com/citations?hl=en&user=iQYIvGMAAAAJ
Pretam Ray,"Indian Institute of Technology, Kharagpur",Natural Language Processing,15.0,https://scholar.google.com/citations?hl=en&user=5eQgpf8AAAAJ
SAKIR LASKAR,Senior Research Fellow @ IIT Kharagpur,"Agricultural Geography, Geo-spatial Analysis, Environmental Susainability",15.0,https://scholar.google.com/citations?hl=en&user=OUyZDHIAAAAJ
Atri Sen,"Department of Chemistry, Indian institute of Technology Kharagpur",Protein chemistry,15.0,https://scholar.google.com/citations?hl=en&user=ExNcgnsAAAAJ
DEEPAK GOTHWAL,"Postdoctoral Fellow, IIT KGP",Functional Analysis,15.0,https://scholar.google.com/citations?hl=en&user=qSzuDncAAAAJ
Saikat Nandi,Indian Institute of Technology Kharagpur,"Laser metal deposition, Coating, High-temperature alloys",15.0,https://scholar.google.com/citations?hl=en&user=YwfgJqEAAAAJ
Abhishek Chakraborty,"Research Engineer, Computer Science and Engineering, Indian Institute of Technology …","Hardware Security, Physical assurance of IC and PCBs, Electron and X-ray Microscopy specialist",15.0,https://scholar.google.com/citations?hl=en&user=PNtZvrgAAAAJ
Sheeba Sonali,"School Nanoscience and Technology, IIT Kharagpur","thin film, hard coatings, biomaterials, tissue engineering, nanoparticles",15.0,https://scholar.google.com/citations?hl=en&user=nnB5MDcAAAAJ
Ramya Devi,"Senior Research Fellow, Indian Institute of Technology Kharagpur","Polymer composites, Elastomer, Nanocomposite, Stimuli responsive composites",15.0,https://scholar.google.com/citations?hl=en&user=0dmYANQAAAAJ
Vivekananda Pal,"Mechanical Engineering, IIT Kharagpur","Thermal spraying, Tribology, Electroless plating, Solid lubricants",15.0,https://scholar.google.com/citations?hl=en&user=pCX7SYsAAAAJ
Himanshu Chandra,Indian Institute of Technology Kharagpur,Circular Economy,15.0,https://scholar.google.com/citations?hl=en&user=zW72yAMAAAAJ
Vikranth Teppala,"PMRF Research Fellow, Department of Ocean Engineering & Naval Architecture, IIT …","Estuary and coastal observatory, IoT, Shallow Buoy, GNSS surface drifter, Tide Coastal modeling",15.0,https://scholar.google.com/citations?hl=en&user=4wc-2P0AAAAJ
Biswajit Bharat,Indian Institute of Technology Kharagpur,"Asymptotic Methods, Acoustics, Vibration, Wave propagation",14.0,https://scholar.google.com/citations?hl=en&user=qAlPviUAAAAJ
Vasu Gurram,"Indian Institute of Technology, Kharagpur","NLP, Distributed Systems, Blockchain",14.0,https://scholar.google.com/citations?hl=en&user=JNLemtQAAAAJ
Rajesh Kumar,Indian institute of technology Kharagpur,"Scramjet, Gas turbine combustion, Flow diagnostic",14.0,https://scholar.google.com/citations?hl=en&user=U0SPTX4AAAAJ
Somnath Hazra,Indian Institute of Technology Kharagpur,"Deep Learning, Reinforcement Learning",14.0,https://scholar.google.com/citations?hl=en&user=Nyu6plIAAAAJ
Isha Sharma,IIT Kharagpur,"Deep Learning, Natural Language Processing",14.0,https://scholar.google.com/citations?hl=en&user=QgYlPG8AAAAJ
Abhinesh Kumar,IIT Kharagpur,"Fluid mechanics, Dense Granular Flow, Discrete Element Modelling, CFD-DEM, Multiphase Flow",14.0,https://scholar.google.com/citations?hl=en&user=Qm_IKtMAAAAJ
Sarbartha Mukherjee,"Indian Institute of Technology, Kharagpur","EMT CTC clusters anoikis apoptosis …, ADCC, Nectin-4, E-Cadherin, VE-Cadherin N-Cadherin",14.0,https://scholar.google.com/citations?hl=en&user=uKAVsXUAAAAJ
Jaspreet Kaur,Indian Institute of Technology Kharagpur,"food science, food engineering, food processing, food microbiology, food packaging",14.0,https://scholar.google.com/citations?hl=en&user=Rem5DGMAAAAJ
Ajay Kumar Satalagaon,Indian Institute of Technology Kharagpur,"Internal Combustion Engines, Design optimization, Electronic Valve Actuation System, Control Theory",14.0,https://scholar.google.com/citations?hl=en&user=_xs39Y0AAAAJ
Arnab Sen,"Centre for Ocean, River, Atmosphere and Land sciences, Indian Institute of Technology …","Antarctic climate, Climate Dynamics, Teleconnection",14.0,https://scholar.google.com/citations?hl=en&user=61u-cu0AAAAJ
ABANTIKA MUKHERJEE,Indian Institute of Technology Kharagpur,,14.0,https://scholar.google.com/citations?hl=en&user=9_oR6dMAAAAJ
Siddha Sankalpa Sethi,Indian Institute of Technology Kharagpur,"Advanced Materials, Crystallography",14.0,https://scholar.google.com/citations?hl=en&user=MR6_nmgAAAAJ
utkarsh bhatt,"Indian Institute of technology, Kharagpur",NLP,14.0,https://scholar.google.com/citations?hl=en&user=b3bFGJAAAAAJ
Ashwini M,Indian Institute of Technology Kharagpur,Sustainable Aquaculture,14.0,https://scholar.google.com/citations?hl=en&user=9gdiercAAAAJ
Sophia Ofosuhemaa Duodu,"Researcher of Agricultural and Food Engineering, Indian Institute of Technology Kharagpur","Food Processing, Food formulation, Biotechnology, Agriculture",14.0,https://scholar.google.com/citations?hl=en&user=7yY3G8UAAAAJ
Soumyajit Ghosh,IIT Kharagpur Computer Science and Engineering,"Foundation Models, Machine Learning, Feature Selection",14.0,https://scholar.google.com/citations?hl=en&user=kF0TBWEAAAAJ
Kishor Kumar Mandal,IIT Kharagpur,Organic Chemistry   Total Synthesis,14.0,https://scholar.google.com/citations?hl=en&user=TVYSiWYAAAAJ
Subhradeep Samadder,"Senior Research Fellow of Agricultural and Food Engineering, IIT Kharagpur","Frequency Based Sensor, Paneer Spoilage, Bioremediation, Environmental Microbiology",13.0,https://scholar.google.com/citations?hl=en&user=Obgn4jYAAAAJ
Janardhana Prasanth Gunupuram,"TEXMiN Post Doctoral Fellow, Indian Institute of Technology (Indian School of Mines) …","Geo-technical engineering, geo-mechanics, Modelling techniques, slope engineering, Geomaterials",13.0,https://scholar.google.com/citations?hl=en&user=XPyro2YAAAAJ
Gaurav Shakya,"Dept. of Mechanical Engineering, IIT Kharagpur","Two Phase Flow and Boiling Heat Transfer, Phase Change Phenomena at Microscale, Non-Newtonian Fluids",13.0,https://scholar.google.com/citations?hl=en&user=neUav9gAAAAJ
Dr. Shalinee Sourabh,IIT Kharagpur,"Operations Management, Data Analytics, Applied Econometrics, Supply Chain Management",13.0,https://scholar.google.com/citations?hl=en&user=YpvURH4AAAAJ
Dr. Mahima Tripathi,"Rajiv Gandhi School of Intellectual Property Law, Indian Institute of Technology, Kharagpur","IPR, Competition Law, Family Law",13.0,https://scholar.google.com/citations?hl=en&user=xCkjaDgAAAAJ
Joydeepa Taran,Indian Institute of Technology Kharagpur,,13.0,https://scholar.google.com/citations?hl=en&user=EBD-7DIAAAAJ
Dilesh Rawal,IIT Kharagpur,"Dynamic Capital Structure, Corporate Finance, Financial Market, Investor Sentiment",13.0,https://scholar.google.com/citations?hl=en&user=9YWCyawAAAAJ
Anand Ronald K,IIT Kharagpur,"Aerial robotics, adaptive control, drones, design",13.0,https://scholar.google.com/citations?hl=en&user=MCD0XXsAAAAJ
Sobiya Maqbool,"Indian Institute of Technology Kharagpur, India","Refrigeration, Air Conditioning, Natural refrigerants, Thermodynamics, Heat Pump",13.0,https://scholar.google.com/citations?hl=en&user=qTylA28AAAAJ
Shaik Raheem,Indian Institute of Technology Kharagpur,"Refrigeration, Air conditioning, Atmospheric Water Harvesting",13.0,https://scholar.google.com/citations?hl=en&user=E6_3HtkAAAAJ
Suchhanda Biswas,"Research Fellow, IIT Kharagpur",Organic photochemistry,13.0,https://scholar.google.com/citations?hl=en&user=YLVDbzoAAAAJ
Ajeet Kumar,Indian Institute of Technology Kharagpur,"Climate change, Sustainable Agriculture, Climate smart Agriculture",13.0,https://scholar.google.com/citations?hl=en&user=SytNNxIAAAAJ
shakshi neha,IIT Kharagpur,"AI, ML, RAG, Business Administration",13.0,https://scholar.google.com/citations?hl=en&user=KXbjv40AAAAJ
Shehryaar Shah Khan,Indian Institute of Technology Kharagpur,"Machine Learning, NLP, Reinforcement Learning",13.0,https://scholar.google.com/citations?hl=en&user=Ct3A6-0AAAAJ
Piyali Debnath,"Joint Doctoral Researcher at IIT Kharagpur, India and Curtin University, WA","IEQ, Health and well-being, IEQ simulation, Occupant-centric design, Energy efficiency",13.0,https://scholar.google.com/citations?hl=en&user=ZB1y_IMAAAAJ
Shakyajit Paik,"Research Associate, IIT Kharagpur",Computational Fluid Dynamics,13.0,https://scholar.google.com/citations?hl=en&user=hBSGMhUAAAAJ
Soumadip Biswas,Indian Institute of Technology Kharagpur,"Mobile Networks, Computer Networks, Algorithms",12.0,https://scholar.google.com/citations?hl=en&user=RQLNn8UAAAAJ
Neeraj Kumar Gupta,"Assistant Professor of Law, Grade - I, RGSOIPL, IIT Kharagpur","Eco-tax, Civil Liberties, Victimology, Prisoners' Rights, Market Based Instruments",12.0,https://scholar.google.com/citations?hl=en&user=lN6yHDQAAAAJ
Deepesh Raj,IIT Kharagpur,"Plasticity, Composites, Wave propagation, Nonlinear Dynamics, Finite Element Analysis",12.0,https://scholar.google.com/citations?hl=en&user=gKACchUAAAAJ
Apoorve Singhal,Indian Institute of Technology Kharagpur,"Computer vision, deep learning, multimodal systems, visualisations",12.0,https://scholar.google.com/citations?hl=en&user=iiX9op4AAAAJ
Pranjal Pathak,Indian Institute of Technology Kharagpur,"Mine Planning, Operations Research",12.0,https://scholar.google.com/citations?hl=en&user=IdtBVjYAAAAJ
Jyoti Ranjan Sahoo,"Vinod Gupta School of Management, IIT Kharagpur","Bankruptcy Law, Corporate Investment, Investment efficiency",12.0,https://scholar.google.com/citations?hl=en&user=BNx3daIAAAAJ
Jitendra Kumar Roy,Indian Institute of Technology Kharagpur,"Hydrothermal Ore Deposits, Rare-Metal Granites",12.0,https://scholar.google.com/citations?hl=en&user=WgVN2xAAAAAJ
SWAPNIL SHENDE,IIT Kharagpur,"Travel Pattern, Urban Mobility, Transport Behaviour",12.0,https://scholar.google.com/citations?hl=en&user=007pxRwAAAAJ
Prasanna Paithankar,"Senior Undergraduate, Dept. of CSE, IIT Kharagpur",,12.0,https://scholar.google.com/citations?hl=en&user=iA_DfQQAAAAJ
Ritupurna Baishya,"Postdoctoral Research Fellow, IIT Kharagpur","Batteries, Electrochemistry, Nanomaterials, Electrochemical energy storage, Material science",12.0,https://scholar.google.com/citations?hl=en&user=roA8QU8AAAAJ
Karthikeya SM Yelisetty,"Computer Science and Engineering Undergraduate, Indian Institute of Technology …","Software Engineering, Computer Security, Low Latency Systems",12.0,https://scholar.google.com/citations?hl=en&user=UrIPBB8AAAAJ
Arup Ghorai,Indian Institute of Technology Kharagpur,"Polymer Chemistry, Gel polymer electrolytes, ionic liquids, Li-ion, Energy storage applications",12.0,https://scholar.google.com/citations?hl=en&user=LTkVYbgAAAAJ
Gaurav Kumar,IIT Kharagpur,"Photonic Integrated Circuit, Quantum PIC",12.0,https://scholar.google.com/citations?hl=en&user=nSitclUAAAAJ
Arita Halder,Indian Institute of Technology Kharagpur,"Artificial Intelligence, Medical Image Analysis, Radiomics, Genomics, Computational Pathology",12.0,https://scholar.google.com/citations?hl=en&user=mKGucPYAAAAJ
Afsal Umar,Indian Institute of Technology Kharagpur,"Estimation, Battery modeling",12.0,https://scholar.google.com/citations?hl=en&user=RFaFcBYAAAAJ
Rajesh Kumar Sarkar,IIT Kharagpur; National Law University Delhi,"Energy Policy, Law, Urbanization",12.0,https://scholar.google.com/citations?hl=en&user=YC3rIZcAAAAJ
Tasmay Tibrewal,IIT Kharagpur,"LLM Research, AI Research, Reasoning in LLMs",12.0,https://scholar.google.com/citations?hl=en&user=eZVqu_UAAAAJ
Abhishek Yadav,Indian Institute of Technology Kharagpur,"Geophysics, Electromagnetic, Magnetotellurics, Electrical Resistivity",12.0,https://scholar.google.com/citations?hl=en&user=vA2qnoEAAAAJ
V Balaji,"Indian Institute of Technology, Kharagpur","Agricultural Engineering, Farm machinery, Precision Agriculture",12.0,https://scholar.google.com/citations?hl=en&user=XhkRdSQAAAAJ
Ashutosh N. Chavan,IIT Kharagpur,Food Process Engineering,11.0,https://scholar.google.com/citations?hl=en&user=9Hmtyk4AAAAJ
Maddimsetti Srinivas,IIT KGP,"Model Compression, Tiny ML, Efficient Deep Learning",11.0,https://scholar.google.com/citations?hl=en&user=XEKOrUIAAAAJ
Archita Chatterjee,IIT Kgp,"human- nature interface, ecosystem services, ecological studies, cultural studies, dance studies",11.0,https://scholar.google.com/citations?hl=en&user=DFB4N80AAAAJ
Anupam Kundu,"Senior Research Fellow, IIT Kharagpur","Advanced Welding, AI-ML in Mechanical Engg, Smart & Sustainable Manufacturing, Materials Processing",11.0,https://scholar.google.com/citations?hl=en&user=NOTxybwAAAAJ
Smita Das,"Indian Institute of Technology, Kharagpur",Cryptography,11.0,https://scholar.google.com/citations?hl=en&user=MsUB9yMAAAAJ
Mahima Patel,Indian Institute of Technology Kharagpur,"Microwave Circuits, Power Amplifier",11.0,https://scholar.google.com/citations?hl=en&user=IkHdmIwAAAAJ
Dr. Sharique Ali Asghar,Indian Institute of Technology Kharagpur India,"Neuroelectronics, Neural Interface, Finite Element Modeling, Retinal Prosthesis, Microfabrication",11.0,https://scholar.google.com/citations?hl=en&user=ZEreZncAAAAJ
Pranabjyoti Talukdar,Indian Institute of Technology,"Biophotonics, Biospectroscopy, Multivariate analysis",11.0,https://scholar.google.com/citations?hl=en&user=lWZC9dwAAAAJ
Aravind Sridhar,"Member of Technical Staff - ML & AI @athenahealth, Medical Imaging and Informatics, IIT …","Artificial Intelligence, Machine Learning, Deep Learning, CNN, Digital Image Processing",11.0,https://scholar.google.com/citations?hl=en&user=VIGI0j4AAAAJ
Anushka singh,Indian institute of technology Kharagpur,"Large Language Models, Graph neural networks, Deep learning, Cyber security, Computer vision",11.0,https://scholar.google.com/citations?hl=en&user=tev4CosAAAAJ
Pooja P Jain,"MMST, Indian Institute of Technology","Medical Imaging and Informatics, AI in medicine, AR in medicine, Surgical data science",11.0,https://scholar.google.com/citations?hl=en&user=WySFm1cAAAAJ
MAYANK MANI PANDEY,"Post Doctoral Fellow, IIT Kharagpur","Thermal Engineering, Electronics Cooling, Heat Transfer, Hydrogels, Battery Cooling",11.0,https://scholar.google.com/citations?hl=en&user=QzODAXkAAAAJ
SUBHAM PAL,"Research Fellow, Indian Institute of Technology Kharagpur, India",Organic Photochemistry,11.0,https://scholar.google.com/citations?hl=en&user=oxMd5qMAAAAJ
Dr. DS Kushan,Indian Institute of Technology Kharagpur,"Tribology, Atomization, Experimental Fluid Mechanics, Pressure Vessels",11.0,https://scholar.google.com/citations?hl=en&user=PjE0XBgAAAAJ
Ratul Paul,"Department of Chemistry, IIT Kharagpur",Sensor,11.0,https://scholar.google.com/citations?hl=en&user=VYcKZr4AAAAJ
Trishita Saha,Indian Institute of Technology Kharagpur,"Natural Language Processing, Legal AI, Educational Technology, Credit Risk Prediction",11.0,https://scholar.google.com/citations?hl=en&user=SA9RUEMAAAAJ
Hemanta Kumar Biswal,"Assistant Librarian, Central Library, Indian Institute of Technology Kharagpur","Digital Library, Open Access, Library automation",10.0,https://scholar.google.com/citations?hl=en&user=CWa1lp8AAAAJ
Dripta Piplai (Mondal),Indian Institute of Technology Kharagpur,"Language in education, language policy, syntactic variation",10.0,https://scholar.google.com/citations?hl=en&user=ewCoM3kAAAAJ
Arnab Sarkar,"Indian Institute of Technology, Kharagpur","Approximate Computing, Image Processing, Machine Learning, Computer Vision, Embedded Systems",10.0,https://scholar.google.com/citations?hl=en&user=R4Vt4nfgRucC
Tazeen Shaikh,"Indian Institute of Technology, Kharagpur","Electromagnetics, Dielectric Resonator Antenna",10.0,https://scholar.google.com/citations?hl=en&user=ATjPyJQAAAAJ
Rizwan Ahamed Najimudeen,"School of Medical Science and Technology, Indian Institute of Technology, Kharagpur, West …","System Pharmacology, Tissue engineering, Drug Delivery Systems, Bioinformatics",10.0,https://scholar.google.com/citations?hl=en&user=n7vfW0YAAAAJ
Debasmita Swain,IIT Kharagpur,Low temperature Physics,10.0,https://scholar.google.com/citations?hl=en&user=648BBlgAAAAJ
Daisy Koch,"Institute Postdoctoral Fellow, School of Water Resources, Indian Institute of Technology …",Water Quantity and Quality  Assessment,10.0,https://scholar.google.com/citations?hl=en&user=p1m9ThAAAAAJ
Anupam Mondal,"Indian Institute of Technology, Kharagpur","System Security, Computer Architecture, Cryptography",10.0,https://scholar.google.com/citations?hl=en&user=9tJnQ60AAAAJ
Ritwik Acharyya,IIT Kharagpur,"General Relativity, Gravitational waves, Stellar Structures, Gravitational wave Memory",10.0,https://scholar.google.com/citations?hl=en&user=LR2bEBgAAAAJ
Purba Biswas,"Indian Institute of Technology, Kharagpur","Urban Planning, Urban morphology, GIS",10.0,https://scholar.google.com/citations?hl=en&user=4UdAcKsAAAAJ
CHIRANJIB RUDRA,"Scientist, IIT Kharagpur","Electronics IoT Design, Sensor & Actuators, Communication, MedTech Design, Optimization Modelling",10.0,https://scholar.google.com/citations?hl=en&user=sPm7TbAAAAAJ
Annadaa Shankara Dash,IIT Kharagpur,"Powder Metallurgy, Thermal Spray Coating, Laser Processing, Surface Engineering",10.0,https://scholar.google.com/citations?hl=en&user=5Ba6RXEAAAAJ
Prakrity Majumder,"Senior Research Fellow, IIT Kharagpur","Hydrogeology, Biogeochemistry, Coastal solute cycling",10.0,https://scholar.google.com/citations?hl=en&user=Mnm26F4AAAAJ
Neha Chowdhary,"Indian Institute of Technology, Kharagpur","Systems, Observability, Advanced Operating Systems, eBPF, Linux Kernel",10.0,https://scholar.google.com/citations?hl=en&user=0tR_tG4AAAAJ
Sakshi Singh,Indian Institute of Technology Kharagpur,"Multilevel converters, wind energy, HVDC transmission",10.0,https://scholar.google.com/citations?hl=en&user=484iyV8AAAAJ
PAYEL MAITY,Indian Institute of Technology Kharagpur,"Polymer, MOF, Nanotubes, Water Purification, Coating",10.0,https://scholar.google.com/citations?hl=en&user=n5fIBHgAAAAJ
Faraz Ahmad,IIT Kharagpur,"Power electronics, Embedded control, Control of Power electronics, Dual Active bridge",10.0,https://scholar.google.com/citations?hl=en&user=xN3U5iEAAAAJ
Mithun Samanta,"Vinod Gupta School of Management, Indian Institute of Technology- Kharagpur, Kharagpur …","Debt Structure, Corporate Governance, Sustainability",10.0,https://scholar.google.com/citations?hl=en&user=HQMOWsAAAAAJ
Alok Maurya,Indian Institute of Technology Kharagpur,"Remote sensing, IoTs and AI applications in Agriculture",10.0,https://scholar.google.com/citations?hl=en&user=TmQQe0sAAAAJ
Abhyuday,"Indian Institute of Technology, Kharagpur","Operation Management, Railway modelling, OR, Scheduling, Inventory",9.0,https://scholar.google.com/citations?hl=en&user=fzc6hBkAAAAJ
Shibabroto Banerjee,"Technical Professional, IIT Kharagpur","Systems Intelligence, Pulse Oximetry, Photoplethysmography, Digital Library",9.0,https://scholar.google.com/citations?hl=en&user=8VneLeIAAAAJ
Abhisek Chowdhury,Indian Institute of Technology Kharagpur,"Smartphone Sensing, Healthcare, Disaster Management",9.0,https://scholar.google.com/citations?hl=en&user=dtu9-mQAAAAJ
Avin Tiwari,"Vellore Institute of Technology, Amravati (VIT-AP University)  and Indian Institute of …","Tax Law, Corporate Laws & International Economic …",9.0,https://scholar.google.com/citations?hl=en&user=U-CgLHkAAAAJ
Satyajit Swain,"Data Scientist at HP Inc, MS, Indian Institute of Technology, Kharagpur","IoT, Time series analysis, Machine learning, Blockchain",9.0,https://scholar.google.com/citations?hl=en&user=X79wuxcAAAAJ
Avishek Padhi,"Researcher, IIT Kharagpur, India","Natural Convection Heat Transfer with CFD …, Cracking of Fuel",9.0,https://scholar.google.com/citations?hl=en&user=5JiDRdQAAAAJ
Saptarshi Das,"Department of Industrial & Systems Engineering, IIT Kharagpur","Industry 4.0, Quality, IoT, Machine learning, Data analysis",9.0,https://scholar.google.com/citations?hl=en&user=eLjJ6XQAAAAJ
Subham kumar,"Indian Institute of Technology, Kharagpur","NLP, AI, Quantum Circuits",9.0,https://scholar.google.com/citations?hl=en&user=1QLw658AAAAJ
Akshay Chordia,"Master of Chemistry, IIT Kharagpur",computational chemistry,9.0,https://scholar.google.com/citations?hl=en&user=JtcpOxUAAAAJ
Debjyoti Ghosh,IIT Kharagpur,"Geology, geophysics",9.0,https://scholar.google.com/citations?hl=en&user=rjl2glgAAAAJ
Nilanjan Paul,"Doctoral Researcher, Indian Institute of Technology Kharagpur","Architecture, Urban Planning, Social Equity, Transportation",9.0,https://scholar.google.com/citations?hl=en&user=kTL96q4AAAAJ
Bushra saba,IIT Kharagpur,urban planning,9.0,https://scholar.google.com/citations?hl=en&user=eg6vlBwAAAAJ
Harsh Borse,Iit Kharagpur,"Anomaly Detection, Root cause analysis, Recovery, Troubleshooting, Microservices",9.0,https://scholar.google.com/citations?hl=en&user=VARbvUIAAAAJ
Supratik Nandan,Indian Institute of Technology Kharagpur,"Immunology, Helper T Cell Biology, Computational Biology, Bioinformatics",9.0,https://scholar.google.com/citations?hl=en&user=6zI9wCIAAAAJ
Rahul Badri,"Prime Minister's Research Fellow (PMRF), Materials Science Centre, IIT Kharagpur","Functionalised fillers, Polymer electrolytes, Lithium and Sodium Batteries",9.0,https://scholar.google.com/citations?hl=en&user=5pAzGAEAAAAJ
Saitanay Naribole,"Indian Institute of Technology, Kharagpur",Mechanical Engineering,8.0,https://scholar.google.com/citations?hl=en&user=iXzaow0AAAAJ
Parth Mall,"Indian Institute of Technology, Kharagpur","Robotics, Motion Planning, Computer Vision, Machine Learing",8.0,https://scholar.google.com/citations?hl=en&user=8uDXZjMAAAAJ
Debarshi Mukherjee,"Senior Research Fellow, Indian Institute of Technology Kharagpur","Microbial ecology, Bioinformatics",8.0,https://scholar.google.com/citations?hl=en&user=x77lB7UAAAAJ
Anuprava Chatterjee,Indian Institute of Technology Kharagpur,"Statistical Modelling, Bioinformatics, Graph Theory, Machine Learning",8.0,https://scholar.google.com/citations?hl=en&user=ZGWM6RAAAAAJ
Mainak Ghosh,IIT Kharagpur,"Materials Science, Composites, Semiconductor devices",8.0,https://scholar.google.com/citations?hl=en&user=egb7A4oAAAAJ
Utkarsh Patel,"Indian Institute of Technology, Kharagpur","Machine Learning, Natural Language Processing",8.0,https://scholar.google.com/citations?hl=en&user=VJ4wdIUAAAAJ
Aditya Kumar Jha,"Indian Institute of Technology (IIT), Kharagpur","Computer Vision, Robotics",8.0,https://scholar.google.com/citations?hl=en&user=JWimJ1AAAAAJ
Kunal Kumar,"PMRF , IIT Kharagpur","Microfluidics, porous media, Paper-based-microfluidics, soft matter",8.0,https://scholar.google.com/citations?hl=en&user=6HO9JfEAAAAJ
Avrodeep Paul,"Masters of Technology, Agricultural and Food Engineering Department, Indian Institute of …","Remote Sensing, Synthetic Aperture Radar, Sentinel, Machine Learning",8.0,https://scholar.google.com/citations?hl=en&user=gpAgsyEAAAAJ
Krishna Mohan 6045,Postgrad at IIT Kharagpur,Large Language Models,8.0,https://scholar.google.com/citations?hl=en&user=eVlzytgAAAAJ
Beas Mukherjee,Indian Institute of Technology Kharagpur,"Structural Biology, Protein Engineering",8.0,https://scholar.google.com/citations?hl=en&user=5FNUKKMAAAAJ
Dipanjali Chatterjee,Indian Institute of Technology Kharagpur,"Physiology of aromatic plants, Leaf volatile, Glandular trichome, Controlled-environment agriculture",8.0,https://scholar.google.com/citations?hl=en&user=fHZH99kAAAAJ
Nisarg Bhavsar,IIT Kharagpur,"Machine Learning, Natural Language Processing, Privacy-Preserving ML",8.0,https://scholar.google.com/citations?hl=en&user=QeClnsAAAAAJ
Amrita Bose,Indian Institute of Technology Kharagpur,"Cryptography, Cyber Security, Embedded Device Security, Cryptanalysis, Deep Learning",8.0,https://scholar.google.com/citations?hl=en&user=-Bqxu1AAAAAJ
Abhinav Singh,"Cryogenic Engineering Centre, Indian Institute of Technology Kharagpur","Cryogenic heat transfer, Multiphase flow, CFD",8.0,https://scholar.google.com/citations?hl=en&user=4n4LBSwAAAAJ
Kabira Sabnam,IIT Kharagpur,Biophysical Chemistry,8.0,https://scholar.google.com/citations?hl=en&user=fBtjEAoAAAAJ
Vivek G,Indian institute of technology Kharagpur,,8.0,https://scholar.google.com/citations?hl=en&user=LA4VtX0AAAAJ
Ajay Kumar Sharma,IIT Kharagpur,Law,8.0,https://scholar.google.com/citations?hl=en&user=2y2yO54AAAAJ
Suprabhat Maity,IIT Kharagpur,"Artificial Intelligence, Machine Learning, Computer Vision, GenAI",8.0,https://scholar.google.com/citations?hl=en&user=Jm_qT9QAAAAJ
Aayush Poddar,"Financial Engineering, IIT Kharagpur","Quantitative Research, Machine Learning, Inferential Analysis and Statistics",8.0,https://scholar.google.com/citations?hl=en&user=qw73cxUAAAAJ
Mohammad Azharuddin Sanpui,Indian Institute of Technology Kharagpur,Fair Division,8.0,https://scholar.google.com/citations?hl=en&user=xZvLJvoAAAAJ
Manoranjan Behera,IIT KHARAGPUR,,8.0,https://scholar.google.com/citations?hl=en&user=m_dRtn4AAAAJ
Rahul Ghosh,SRF at IIT Kharagpur,Hydrogeology,8.0,https://scholar.google.com/citations?hl=en&user=ScWEulgAAAAJ
Ananya Dey,IIT Kharagpur,"Computational Electromagnetics, Antenna Theory and Design, Inverse Problems, Near-Field Synthesis",8.0,https://scholar.google.com/citations?hl=en&user=PdlxqwQAAAAJ
Kumar Abhinav,Indian Institute of Technology Kharagpur,"Computer Vision, Machine Learning, Robotics",7.0,https://scholar.google.com/citations?hl=en&user=60oKR_wAAAAJ
Hardik Agrawal,"Indian Institute of Technology, Kharagpur","Biomedical integrated circuits, Digital Architectures, Hardware Security",7.0,https://scholar.google.com/citations?hl=en&user=6fvtf_gAAAAJ
Venu Balaji Vinnakota,Indian Institute of Technology Kharagpur,"Stochastic Geometry, Channel Estimation, Beamforming, Wireless Communications",7.0,https://scholar.google.com/citations?hl=en&user=xneWIpkAAAAJ
Hardik Aggarwal,Indian Institute of Technology Kharagpur,"Complex Networks, Deep learning, Information Retrieval, Data Mining, Natural language Processing",7.0,https://scholar.google.com/citations?hl=en&user=-1VIu8EAAAAJ
Pushpendra Singh Rathore,IIT KHARAGPUR,"NLP, Social Computing",7.0,https://scholar.google.com/citations?hl=en&user=qXe7GYwAAAAJ
Sudeep Shaw,Indian Institute of Technology Kharagpur,"Sustainability, Project Management, Operations Management, Textile Industry",7.0,https://scholar.google.com/citations?hl=en&user=IKRPDBwAAAAJ
Sumit Biswas,IIT Kharagpur,"Intrusion Detection System, Intrusion Prevention System, Human Resources, Social Sciences, Human Resources Information System",7.0,https://scholar.google.com/citations?hl=en&user=Uq5AmssAAAAJ
Arpit Dwivedi,Indian Institute of Technology Kharagpur,"Deep Learning, Natural Language Processing",7.0,https://scholar.google.com/citations?hl=en&user=P1WBS00AAAAJ
Subhajit Sarkar,IIT Kharagpur,Neuroscience,7.0,https://scholar.google.com/citations?hl=en&user=h9RztcIAAAAJ
Sonali Aatrai,"Indian Institute of Technology, Kharagpur","Cognitive, Neuroscience, Eye-Tracking, Visual Perception",7.0,https://scholar.google.com/citations?hl=en&user=BVAXmLcAAAAJ
John Bob Gali,IIT Kharagpur,"statistical signal processing, ML, mathematical theory of statistics, Radars, sensor networks",7.0,https://scholar.google.com/citations?hl=en&user=HcPWc6oAAAAJ
Priyanka Priyanka,IIT Kharagpur,"Multiphase Flow, Fluid Mechanics",7.0,https://scholar.google.com/citations?hl=en&user=4CpJzlUAAAAJ
Ronit Dutta,"Dept. of Electrical Engineering, IIT Kharagpur","Embedded Systems & IOT, Analog Signal Processing, Mixed Signal Processing",7.0,https://scholar.google.com/citations?hl=en&user=f_Xtm0QAAAAJ
Aishi Debnath,"Indian Institute of Technology, Kharagpur","Structural Geology, Tectonics",7.0,https://scholar.google.com/citations?hl=en&user=-dsRmgIAAAAJ
Amrendra Pratap Bind,"Senior Research Fellow, Department of Geology and Geophysics, IIT Kharagpur","Earthquake Engineering, Seismology, Seismic Hazard, Microzonation",7.0,https://scholar.google.com/citations?hl=en&user=Guq5-CUAAAAJ
Mandrita Chatterjee,"Assistant Professor, Physiology, Dr. BCRoy Multi-Speciality Medical Research Centre, IIT …","Physiology, Neuroimaging and Neuro-electrophysiology …",7.0,https://scholar.google.com/citations?hl=en&user=H9Splu4AAAAJ
Nishant Yadav,IIT Kharagpur,Computational Chemistry,7.0,https://scholar.google.com/citations?hl=en&user=Ca9y_kEAAAAJ
Mohammad Asjad,Indian Institute of Technology Kharagpur,"Deep Learning, Computer Vision",7.0,https://scholar.google.com/citations?hl=en&user=nlIspSIAAAAJ
Prateekkumar Kotegar,Indian Institute of Technology Kharagpur,Microfluidics,7.0,https://scholar.google.com/citations?hl=en&user=wQEBYeEAAAAJ
Suman Ghanta,"Research Fellow, IIT Kharagpur","DFT, Machine Learning in Materials Science",7.0,https://scholar.google.com/citations?hl=en&user=nWhu7kAAAAAJ
Srinjoy Chanda,IIT Kharagpur,AI in Healthcare,7.0,https://scholar.google.com/citations?hl=en&user=CGVS-IUAAAAJ
Chirantan Sandip Saigaonkar,"Department of Agricultural and Food Engineering, Indian Institute of Technology Kharagpur","Biopolymer, Hydrocolloids, Cold plasma, Nutraceutical, Analytical Method Development",7.0,https://scholar.google.com/citations?hl=en&user=NaBtjk8AAAAJ
Sayandeep Bhowmick,IIT Kharagpur,"Natural Language Processing, Large Language Models, Reasoning Models",7.0,https://scholar.google.com/citations?hl=en&user=fiK6lIEAAAAJ
Dulal Mondal,IIT KGP,"Molecular Dynamics Simulation, Constant pH MD",7.0,https://scholar.google.com/citations?hl=en&user=zY21U4EAAAAJ
Poulami Hazra,Department of Chemical Engineering at Indian Institute of Technology Kharagpur,"Energy and Environment, Catalyst, CO2 utilization",7.0,https://scholar.google.com/citations?hl=en&user=nmPWqysAAAAJ
Abhijit Saha,"Department of Chemical Engineering, IIT Kharagpur","Wastewater Treatment and Remediation, Cellulose-Based Nanomaterials, Membranes, Quantum Dots",7.0,https://scholar.google.com/citations?hl=en&user=uCvPHnAAAAAJ
Anjali Deepu,"Indian Institute of Technology, Kharagpur",Vision,7.0,https://scholar.google.com/citations?hl=en&user=3oBOygMAAAAJ
Kishan Kumar,Senior Research Fellow at IIT Kharagpur,"Behavioral Finance, Assets Pricing",7.0,https://scholar.google.com/citations?hl=en&user=9cY4b2AAAAAJ
Akchhay Kumar,IIT Kharagpur,Turbomachine,6.0,https://scholar.google.com/citations?hl=en&user=QSZzDeMAAAAJ
Saurabh Jain,"Senior Research Fellow, IIT Kharagpur","Mining Engineering, Rock Mechanics and Ground Control, Geomechanics, Geotechnical Engineering, Machine Learning",6.0,https://scholar.google.com/citations?hl=en&user=EvvCNxkAAAAJ
Subhrajit Patnaik,"Dept. of Metallurgical and Materials Engineering, Indian Institute of Technology Kharagpur",Advanced Materials,6.0,https://scholar.google.com/citations?hl=en&user=TW-XmesAAAAJ
Vamshi PN,IIT Kharagpur,"Artificial Intelligence, Autonomous Vehicles, Machine Learning",6.0,https://scholar.google.com/citations?hl=en&user=NdceH0wAAAAJ
Saswat Kumar Nayak,"UW Madison, Indian Institute of Technology Kharagpur.","Chemical Engineering, Machine Learning, Computational Methods",6.0,https://scholar.google.com/citations?hl=en&user=aPk3nH4AAAAJ
Chandan Pan,"Indian Institute of Technology,Kharagpur","Deep Learning, Augmented AI, Foundation Model, Health Analytics, Agentic Workflow Automation",6.0,https://scholar.google.com/citations?hl=en&user=syQ8Q2wAAAAJ
Susanta Kumar Panda,"Senior Sports Officer, Indian Institute of Technology Kharagpur",Exercise and Sports Psychology,6.0,https://scholar.google.com/citations?hl=en&user=Pr62_IQAAAAJ
Prajwal,Indian Institute of Technology Kharagpur,Transport in porous media,6.0,https://scholar.google.com/citations?hl=en&user=4G2Ll3gAAAAJ
Guhan Priyadharshan P.,"Indian Institute of Technology Kharagpur, India","Alain Badiou, Critical Theory, Postcolonial Studies, Continental Philosophy, Tropical Studies",6.0,https://scholar.google.com/citations?hl=en&user=QDIH0_kAAAAJ
Yugal Shrestha,IIT Kharagpur,Solid mechanics,6.0,https://scholar.google.com/citations?hl=en&user=KCGmr6UAAAAJ
SWARUP PADHI,"Indian Institute of Technology, Kharagpur",,6.0,https://scholar.google.com/citations?hl=en&user=OlwwhXsAAAAJ
Murali Mohan Mishra,"Indian Institute of Technology, Kharagpur","Tissue engineering, Extracellular vesicles, Metabolic disorders, Drug discovery, Nanobiotechnology",6.0,https://scholar.google.com/citations?hl=en&user=7t2CpTQAAAAJ
Sparsh Kumar Jha,"B.Tech (Hons) Gold Medalist Electrical Engineering, Indian Institute of Technology …","Physics, Artificial Intelligence, Quantum Computing, Cognitive Science",6.0,https://scholar.google.com/citations?hl=en&user=pPHbNdsAAAAJ
Santanu Banerjee,"Master of Science (R), Dept. of Industrial & Systems Engg., Indian Institute of Technology …","Reverse Ageing, SpaceTime, Operations Research, InSociEUP",6.0,https://scholar.google.com/citations?hl=en&user=m0brfowAAAAJ
Satya Brot Sen,Indian Institute of Technology Kharagpur,"Plastics in Environment, Plastics Pollution, Circularity, Material Flow Analysis, Plastics losses",6.0,https://scholar.google.com/citations?hl=en&user=xe6ZctcAAAAJ
Neelesh Kumar Tanwar,"IIT KHARAGPUR, IIM CALCUTTA","Product Management, Machine Learning, Mathematics",6.0,https://scholar.google.com/citations?hl=en&user=kewo-Y8AAAAJ
Parthivi Gupta,Indian Institute of Technology Kharagpur,,6.0,https://scholar.google.com/citations?hl=en&user=ofGpejgAAAAJ
Sudhakar Rawat,"Agricultural and Food Engineering Department, Indian Institute of Technology Kharagpur","Remote Sensing, GIS",6.0,https://scholar.google.com/citations?hl=en&user=FnFWwAQAAAAJ
Vishwajeet Singh Solanki,Indian Institute of Technology Kharagpur,Natural Language Processing,6.0,https://scholar.google.com/citations?hl=en&user=V1or3iwAAAAJ
Nayandeep Deb,"Indian Institute of Technology, Kharagpur",,6.0,https://scholar.google.com/citations?hl=en&user=44TTGb8AAAAJ
Sudipta Biswas,"Senior Research Fellow, IIT Kharagpur",Condensed Matter Theory,6.0,https://scholar.google.com/citations?hl=en&user=SqyWDW8AAAAJ
Rimpa Pal,"Rajendra Mishra School of Engineering Entrepreneurship, Indian Institute of Technology …",family business,6.0,https://scholar.google.com/citations?hl=en&user=C2K7ElAAAAAJ
Komal Dutta,"Indian Institute of Technology Kharagpur, India","Industrial Economics, Labour Economics",6.0,https://scholar.google.com/citations?hl=en&user=0KU3XhoAAAAJ
Bibhas Chand,"Department of Aerospace Engineering, Indian Institute of Technology Kharagpur","Lattice Boltzmann method, Fluid Structure Interaction, Heat transfer",6.0,https://scholar.google.com/citations?hl=en&user=5H1GId0AAAAJ
Shrantik Kumar Dey,IIT Kharagpur,"Magnetism and Magnetic Materials, Physical Metallurgy, Functional Materials",6.0,https://scholar.google.com/citations?hl=en&user=5krwzY4AAAAJ
Itishree Panda,Indian Institute of Technology Kharagpur,"Electrochemical Interfaces, Microscale Transport Processes",6.0,https://scholar.google.com/citations?hl=en&user=qQTYBQsAAAAJ
KRUNAL KALBENDE,"Indian Institute of Technology, Kharagpur",,5.0,https://scholar.google.com/citations?hl=en&user=MuqaFNMAAAAJ
Krishna Dulal Dalapati,"Indian Institute of Technology, Kharagpur","Speech Processing, Educational Technology",5.0,https://scholar.google.com/citations?hl=en&user=V6ZaRlYAAAAJ
Himadri Shekhar Konar,Indian Institute of Technology Kharagpur,"Drying, Food Processing",5.0,https://scholar.google.com/citations?hl=en&user=VGS9at4AAAAJ
Md Faruck,"Indian Institute of Technology, Kharagpur","Reconfigurable Microwave Components, Optically Reconfigurable Microwave Deivices, 5G, Reconfigurable MIMO Antenna, Wireless Comm",5.0,https://scholar.google.com/citations?hl=en&user=EcGcDg4AAAAJ
Raj Narayanan,"BTech, Chemical Engineering, IIT Kharagpur","Microfluidics, Nanofluidics, MD simulations, GROMACS",5.0,https://scholar.google.com/citations?hl=en&user=kIcUv4YAAAAJ
Tapash Kumar Das,"Reliability Practitioner, Indian Institute of Technology Kharagpur",,5.0,https://scholar.google.com/citations?hl=en&user=Ruv8JVYAAAAJ
GMA Murali Krishna,Indian Institute of Technology Kharagpur,"Analog Integrated Circuits, Sensor Interfacing Electronics, MEMS Sensors",5.0,https://scholar.google.com/citations?hl=en&user=0jXBHZsAAAAJ
Arkapravo Ghosh,"Indian Institute of Technology, Kharagpur","Machine Learning, Deep Learning, Graph Neural Networks, Generative Models",5.0,https://scholar.google.com/citations?hl=en&user=LPjrlpEAAAAJ
Anjali Rao,Indian Institute of Technology,"Machine Learning, Optimization",5.0,https://scholar.google.com/citations?hl=en&user=uzO63wUAAAAJ
Soumyajit Das,"Indian Institute of Technology, Kharagpur","Computer Vision, Machine Learning, Representation Learning, Medical Imaging",5.0,https://scholar.google.com/citations?hl=en&user=Hz6EBQgAAAAJ
Rina Rani Palei,"Indian Institute of Technology Kharagpur, Department of Geology & Geophysics","Micropalaentology, Paleoclimatology, Paleoceanography",5.0,https://scholar.google.com/citations?hl=en&user=4hcLO5kAAAAJ
Duryodhan Prusty,Indian Institute of Technology (IIT) Kharagpur,"Cardiac Modelling, Computational Biophysics, Nonlinear Dynamics",5.0,https://scholar.google.com/citations?hl=en&user=xmd1szYAAAAJ
Shruti Priya,"Indian Institute of Technology, Kharagpur",Commutative Algebra,5.0,https://scholar.google.com/citations?hl=en&user=tVbJHWQAAAAJ
Dhriti Shankar,"Research Fellow at Department of Humanities and Social Sciences, IIT Kharagpur","Urban Studies, Body Studies, Feminism, Queer Theory, Animal Studies",5.0,https://scholar.google.com/citations?hl=en&user=pglMo00AAAAJ
Ajay Menon,Indian Institute of Technology Kharagpur,"Hydrodynamics, Wave Energy Converters, Marine Renewable Energy (MRE), Modelica",5.0,https://scholar.google.com/citations?hl=en&user=QuJ8FT4AAAAJ
Rohit Dhamija,Indian Institute of Technology Kharagpur,"Control Theory, System Modelling, Vehicle Dynamics, Robotics",5.0,https://scholar.google.com/citations?hl=en&user=YfXkbEYAAAAJ
Harshwardhan Tanwar,IIT Kharagpur | Trimble,"Machine Learning, Data Science, Deep Learning, Building Science",5.0,https://scholar.google.com/citations?hl=en&user=HbDL58IAAAAJ
Saptami Ghosh,IIT Kharagpur,"Audio Signal Processing, Deep Learning, Computer Vision, Machine Learning",5.0,https://scholar.google.com/citations?hl=en&user=WHLMxCQAAAAJ
Suryam Arnav Kalra,"Indian Institute of Technology, Kharagpur","Machine Learning, Deep Learning",5.0,https://scholar.google.com/citations?hl=en&user=5ulQMYQAAAAJ
Rahulkumar Rajkumar Sharma,IIT Kharagpur,"Solid state battery, ML, First principle study",5.0,https://scholar.google.com/citations?hl=en&user=C5HKMy8AAAAJ
Rahul Arvind Mool,"Indian Institute of Technology, Kharagpur",,5.0,https://scholar.google.com/citations?hl=en&user=u3yvh0oAAAAJ
Dipra Sarkhel,"Senior Research Fellow, Indian Institute of Technology Kharagpur, India","Anthropocene Studies, Planetary Humanities, Literary Theory, Critical Theory, Continental Philosophy",5.0,https://scholar.google.com/citations?hl=en&user=9hInxxAAAAAJ
Rasmita Muduli,IIT Kharagpur,"Microgrid, Battery Storage, Optimization",5.0,https://scholar.google.com/citations?hl=en&user=bdEZSDgAAAAJ
Piyush Gupta,"Senior Research Fellow, Indian institute of technology Kharagpur",Rubber technology,5.0,https://scholar.google.com/citations?hl=en&user=IjJZ_vAAAAAJ
Aryan Koganti,Indian Institute Of Technology Kharagpur,"Machine Learning, Computer Vision",5.0,https://scholar.google.com/citations?hl=en&user=peSdkqEAAAAJ
Kiran Prakash Vattamparambil,Indian Institute of Technology Kharagpur,"Medical Sociology, Public Health",5.0,https://scholar.google.com/citations?hl=en&user=n0u-lJcAAAAJ
Subhashini Ramasubramanian,Indian Institute of Technology Kharagpur,,5.0,https://scholar.google.com/citations?hl=en&user=5OhB6EIAAAAJ
Ranit Senapati,"Senior Research Fellow, Indian Institute of Technology Kharagpur","Design Optimization, Machine Learning, Product Design, Systems Engineering",5.0,https://scholar.google.com/citations?hl=en&user=eHH50PwAAAAJ
Ranjeet Singh,"Indian Institute of Technology, Kharagpur","Ultrafast Spectroscopy, Nonlinear Optics",5.0,https://scholar.google.com/citations?hl=en&user=IDnnKiQAAAAJ
Anupriya Topno,"Department of Mathematics, Indian Institute of Technology Kharagpur",Lie symmetry analysis,5.0,https://scholar.google.com/citations?hl=en&user=oFHZyYsAAAAJ
Ahmad Raza Khan,Indian Institute of Technology Kharagpur,"Machine Learning, Deep Learning, Natural Language Processing, Artificial Intelligence",5.0,https://scholar.google.com/citations?hl=en&user=LrsjVSwAAAAJ
Sachish Singla,Indian Institute of Technology Kharagpur,"Computer Vision, Natural Language Processing, Representation Learning, Multimodal Learning",5.0,https://scholar.google.com/citations?hl=en&user=c7PY4a4AAAAJ
Ayush Munot,"Indian Institute of Technology, Kharagpur",,5.0,https://scholar.google.com/citations?hl=en&user=-86DdywAAAAJ
Bikram Ghuku,"Undergraduate, IIT Kharagpur",,5.0,https://scholar.google.com/citations?hl=en&user=i5y-HyYAAAAJ
Shubham Saroha,IIT Kharagpur,"Membrane separation, Modeling, Thermodynamics, Water treatment, Molecular dynamics",5.0,https://scholar.google.com/citations?hl=en&user=WNg_Q-EAAAAJ
Bhabatosh Kanungo,Indian Institute of Technology Kharagpur,Fluid Mechanics,5.0,https://scholar.google.com/citations?hl=en&user=hu0sYXwAAAAJ
Nikhil Kowshik,"Undergraduate, Indian Institute of Technology Kharagpur","Quantum Computing, Artificial Intelligence",5.0,https://scholar.google.com/citations?hl=en&user=dzQ6VSwAAAAJ
Jyotiranjan Pany,"Indian Institute of Technology, Kharagpur","Mechanical Metallurgy, Physical Metallurgy",5.0,https://scholar.google.com/citations?hl=en&user=DCcKZEYAAAAJ
Chinmay Singh,Indian Institute of Technology Kharagpur,"Machine Learning, Natural Language Processing",4.0,https://scholar.google.com/citations?hl=en&user=Jj3jQVkAAAAJ
Kumar Nilay,Indian Institute of Technology Kharagpur,"Machine Learning, Robotics",4.0,https://scholar.google.com/citations?hl=en&user=Tpq4KpMAAAAJ
Arpita Sahoo,Indian Institute of Technology Kharagpur,"Molecular Microbiology, Protein Engineering, Biotechnology",4.0,https://scholar.google.com/citations?hl=en&user=HKH7nwoAAAAJ
Gokulan Parthiban,"SRF, IITKGP.",Information Theory,4.0,https://scholar.google.com/citations?hl=en&user=qbQ2KHMAAAAJ
Anupam Khan,"Indian Institute of Technology, Kharagpur","Machine Learning, Deep Learning, Natural Language Processing",4.0,https://scholar.google.com/citations?hl=en&user=wTsyYy4AAAAJ
Sai Pavan Tadem,School of Medical Science & Technology - IIT Kharagpur,"Computer Vision, Statistics, Medical Image Analysis",4.0,https://scholar.google.com/citations?hl=en&user=tEJfWEYAAAAJ
Avinash Kumar,"Post graduate, Indian Institute of Technology Kharagpur",,4.0,https://scholar.google.com/citations?hl=en&user=z5zTHFsAAAAJ
Ishan Manchanda,"DE Shaw India, Indian Institute of Technology Kharagpur","Computer Vision, NLP, GANs, Transformers, LLMs",4.0,https://scholar.google.com/citations?hl=en&user=MsYvtw4AAAAJ
Suryanarayan Majhi,Indian Institute of Technology Kharagpur,,4.0,https://scholar.google.com/citations?hl=en&user=7KumSV0AAAAJ
Om Narayan Singh,IIT Kharagpur,Structural Dynamics,4.0,https://scholar.google.com/citations?hl=en&user=GUZZziIAAAAJ
Sreekanta Nath Dalal,"IIT Kharagpur, India",Multiphase Flow,4.0,https://scholar.google.com/citations?hl=en&user=3CdHvf4AAAAJ
SHIRISH BOSE,". Department of Geology and Geophysics, Indian Institute of Technology, Kharagpur …",Seismology,4.0,https://scholar.google.com/citations?hl=en&user=TPNNtLYAAAAJ
Ishita Sharan Srivastava,"Doctoral Candidate , Indian Institute Of Technology Kharagpur","Air Quality, Black Carbon, Climate Change, Air Pollution",4.0,https://scholar.google.com/citations?hl=en&user=u9Rr5gsAAAAJ
Yasho Vardhan Gwaley,IIT Kharagpur,VLSI Signal Processing,4.0,https://scholar.google.com/citations?hl=en&user=mtUnKVEAAAAJ
Aneerban Roy,Indian Institute of Technology Kharagpur,Human Resource Management and …,4.0,https://scholar.google.com/citations?hl=en&user=GFetU4YAAAAJ
Agneev Roy,Indian Institute of Technology Kharagpur,"CFD, DNS/LES, Turbulence",4.0,https://scholar.google.com/citations?hl=en&user=zPJuzsoAAAAJ
Snehasish Sen,Indian Institute of Technology Kharagpur,"Theoretical Condensed Matter Physics, Polar Skyrmion, 1-D Spin Chain",4.0,https://scholar.google.com/citations?hl=en&user=inR7eiMAAAAJ
Suman Kumar Pal,IIT Kharagpur,"Optical Sensors, Photonics Integrated Circuits, Embedded Systems",4.0,https://scholar.google.com/citations?hl=en&user=GqLG3aIAAAAJ
Kushal Bosu,IIT Kharagpur,"Fluid Mechanics, Computational Fluid Dynamics",4.0,https://scholar.google.com/citations?hl=en&user=2oJMg8oAAAAJ
Ritwik Singhai,IIT Kharagpur,"Machine Learning, Deep Learning, Artificial Intelligence",4.0,https://scholar.google.com/citations?hl=en&user=-jE4DCwAAAAJ
Lopamudra Mazumder,IIT KHARAGPUR,ELECTROMAGNETICS,4.0,https://scholar.google.com/citations?hl=en&user=Ztbx4AwAAAAJ
Rituparna Sinha,IIT Kharagpur,computational chemistry,4.0,https://scholar.google.com/citations?hl=en&user=3Xs3l8QAAAAJ
Shruti Shreyasi,Indian Institute of Technology Kharagpur,"Semantic Clustering, Unsupervised Learning, Summarization, LLMs",4.0,https://scholar.google.com/citations?hl=en&user=E69HkdoAAAAJ
Pranjali Patil,Indian Institute of Technology Kharagpur,"Remote sensing, GIS, carbon modelling, soil science, aquaculture",4.0,https://scholar.google.com/citations?hl=en&user=_z_NbScAAAAJ
Puspamita Banerjee,IIT Kharagpur,"Computer vision, AI&AR, MIS",4.0,https://scholar.google.com/citations?hl=en&user=s64RfBUAAAAJ
Ankita Chakraborty,"Doctoral Researcher, Indian Institute of Technology Kharagpur","Abiotic stress in plants, molecular biology, biotechnology",4.0,https://scholar.google.com/citations?hl=en&user=4x60RqMAAAAJ
Kaushik Das,"Senior Research Engineer, IIT Kharagpur","Wireless Network, Quantum Communication, Green Communication, Semantic Communication",4.0,https://scholar.google.com/citations?hl=en&user=s_bG44YAAAAJ
Rajwardhan pawar,Indian Institute of Technology Kharagpur,"Lithium-ion battery, sodium-ion battery, Cell fabrication",4.0,https://scholar.google.com/citations?hl=en&user=rV4VjjgAAAAJ
Poulami Dutta,"Senior Research Fellow, Department of Chemistry, Indian Institute of Technology Kharagpur","Transition metal catalysis, Organometallic chemistry and Coordination …",4.0,https://scholar.google.com/citations?hl=en&user=rSneYUcAAAAJ
Ankhi Banerjee,"Assistant Professor, Ranbir and Chitra Gupta School of Infrastructure Design and …","Housing affordability, level of Infrastructure Development, residential location choice",3.0,https://scholar.google.com/citations?hl=en&user=Ck1yqq8AAAAJ
Shivam Singhal,"Indian Institute of Technology, Kharagpur","Fluid mechanics, Heat and mass transfer, computational fluid dynamics, Multi phase flows",3.0,https://scholar.google.com/citations?hl=en&user=a4LM1KEAAAAJ
Tuhin Maitra,IIT kharagpur,"Li ion battery, Thermal analysis, CFD, Nuclear safety, Multtiphase Flow",3.0,https://scholar.google.com/citations?hl=en&user=GD_LqYMAAAAJ
Aditya Girish Pawate,"Indian Institute of Technology ,Kharagpur","Machine Learning, Deep Learning, Natural Language Processing, Computer Vision",3.0,https://scholar.google.com/citations?hl=en&user=_AUwOAcAAAAJ
Subhrasish Pal,"Indian Institute of Technology, Kharagpur","Power Electronics, Energy, Photovoltaics",3.0,https://scholar.google.com/citations?hl=en&user=x3CssSgAAAAJ
Anik Mondal,Indian Institute of Technology,"Natural Language Processing, Social Computing",3.0,https://scholar.google.com/citations?hl=en&user=S8TmmywAAAAJ
Jalaj Harkawat,"Indian Institute of Technology, Kharagpur","Machine Learning, NLP, CV",3.0,https://scholar.google.com/citations?hl=en&user=S70dEzoAAAAJ
Yashi Srivastava,"Indian Institute of Technology, Kharagpur","Food Commons, Alternative Food Networks, Food Loss and Waste, Community Gardens, Regional Foods",3.0,https://scholar.google.com/citations?hl=en&user=zPUD90QAAAAJ
Satyaki Deb,"Indian Institute of Technology, Kharagpur","Intellectual Property Law, Constitutional law, Criminal law",3.0,https://scholar.google.com/citations?hl=en&user=owTe1acAAAAJ
Dasari Navya,"IIT Kharagpur, MANIT Bhopal, NIT Calicut","Draft Tube of Hydraulic Turbines, Turbomachinery",3.0,https://scholar.google.com/citations?hl=en&user=rKu6Q4sAAAAJ
Pooja Reddy,"Undergrad, IIT Kharagpur",,3.0,https://scholar.google.com/citations?hl=en&user=ldWOIgIAAAAJ
Akash Bhattacharya,Indian Institute of Technology Kharagpur,"Control System, Cyber Physical System",3.0,https://scholar.google.com/citations?hl=en&user=fsHbe3IAAAAJ
Nukala Divakar Sai,Indian Institute of Technology Kharagpur,Fuzzy systems,3.0,https://scholar.google.com/citations?hl=en&user=21ImAJ4AAAAJ
yuvraj khanna,iit kharagpur,deep learning,3.0,https://scholar.google.com/citations?hl=en&user=xTHp3Q8AAAAJ
Fahad Peerali Paloth,"Ocean Egnineering & Naval Architecture, Indian Institute of Technology Kharagpur","Computational Fluid Dynamics, Hydroelasticity, Fluid-Structure Interaction, Numerical modeling, Deep Learning",3.0,https://scholar.google.com/citations?hl=en&user=FXxhA-AAAAAJ
Gyanasmita Pradhan,Indian Institute of Technology Kharagpur,"Geophysics, Seismology, Ambient noise, Microseism",3.0,https://scholar.google.com/citations?hl=en&user=yDQCjCQAAAAJ
Abinandhan Sidharthan,IIT Kharagpur,"Finance, MachineLearning, NLP",3.0,https://scholar.google.com/citations?hl=en&user=QvBYEkgAAAAJ
Udeshya Raj,Undergrad at IIT Kharagpur,"Data Science, Quant Finance",3.0,https://scholar.google.com/citations?hl=en&user=_mmSzqYAAAAJ
Shreesh Mahapatra,Indian Institute of Technology Kharagpur,Bio-Inspired Robotics,3.0,https://scholar.google.com/citations?hl=en&user=2ndRiSoAAAAJ
SM Hedaetullah Bin Siddik,Indian Institute of Technology Kharagpur,"Structural Engineering, Structural Analysis, Earthquake Engineering, Seismic Analysis, Finite Element",3.0,https://scholar.google.com/citations?hl=en&user=wY7-g74AAAAJ
Saurabh Sharma,Indian institute of Technology Kharagpur,"Cognitive Science, Cognitive Psychology, Clinical Psychology",3.0,https://scholar.google.com/citations?hl=en&user=xExuhRwAAAAJ
Bratin Mondal,"Department of Computer Science and Engineering, IIT Kharagpur","Algorithms, Computer Systems",3.0,https://scholar.google.com/citations?hl=en&user=9FYGbOgAAAAJ
Mouma Samanta,Indian Institute of Technology Kharagpur,Commutative Algebra,3.0,https://scholar.google.com/citations?hl=en&user=H5M-GsUAAAAJ
KAPIL MUNI SINGH,IIT KHARAGPUR,"Tribology, Solid Mechanics, Micro-Indentation & Scratch, Finite Element Analysis, DIC",3.0,https://scholar.google.com/citations?hl=en&user=IVT8LJgAAAAJ
Krishna Dev R,Indian Institute of Technology Kharagpur,Biomedical Signal Processing,3.0,https://scholar.google.com/citations?hl=en&user=8DmrlEcAAAAJ
Shaunak Chatterjee,IIT Kharagpur,"infrared thermography, air voids, concrete, frp, corrosion",3.0,https://scholar.google.com/citations?hl=en&user=8zERlioAAAAJ
Sahil Sahil,"Indian Institute of Technology, Kharagpur","supply chain management, operation research, optimization",3.0,https://scholar.google.com/citations?hl=en&user=3KBylJQAAAAJ
Pallavi Kunderu,IIT Kharagpur,"Multiphase flow, Nanofluids, process intensification, reaction mass transfer",3.0,https://scholar.google.com/citations?hl=en&user=Mwxn2YsAAAAJ
Siddharth Kiran,"Indian Institute of Technology, Kharagpur","Polymeric Biomaterials, 2D Nanomaterials(MXene), Refractory High Entropy Alloy, Nanogenerator",3.0,https://scholar.google.com/citations?hl=en&user=TzpoYEwAAAAJ
Krishnananda CP,"Prime Minister's Research Fellow, Indian Institute of Technology Kharagpur",Nano-Bio Science,3.0,https://scholar.google.com/citations?hl=en&user=g7UxCskAAAAJ
Rajib Sarkar,IIT Kharagpur,mmWave Sensing,3.0,https://scholar.google.com/citations?hl=en&user=v3W3p98AAAAJ
Gobinda Gopal Pahari,IIT Kharagpur,"Corporate finance, Corporate governance, Family firms, Ownership structure",3.0,https://scholar.google.com/citations?hl=en&user=GB44B8QAAAAJ
Sandra K Joseph,"BTech in E&ECE, Indian Institute of Technology Kharagpur",Electronics and Communication Engineering,3.0,https://scholar.google.com/citations?hl=en&user=9D9TzH8AAAAJ
Vanshika Datta,Indian Institute of Technology Kharagpur,"Robust Optimization, Sensor Networks",3.0,https://scholar.google.com/citations?hl=en&user=oEtTcqsAAAAJ
Danish Monga,IIT Kharagpur,"Rainfall Extremes, Moisture-Driven Landslides",3.0,https://scholar.google.com/citations?hl=en&user=UioFP-sAAAAJ
Om Siddhapura,Indian Institute of Technology Kharagpur,,3.0,https://scholar.google.com/citations?hl=en&user=CLhbwUwAAAAJ
Snehendu Das,IIT Kharagpur,Metal Organic Frameworks,3.0,https://scholar.google.com/citations?hl=en&user=1Cw8cj8AAAAJ
Argha Kamal Samanta,"ECE, IIT Kharagpur",,3.0,https://scholar.google.com/citations?hl=en&user=0kmgF3UAAAAJ
Argha Bhattacharyya,IIT Kharagpur,Postcolonial studies,3.0,https://scholar.google.com/citations?hl=en&user=13mcYBcAAAAJ
PRIYANKA SINGH,"Indian Institute of Technology, Kharagpur","Computer Vision, Machine Learning, Deep Learning, Nanotechnology",3.0,https://scholar.google.com/citations?hl=en&user=JknsOYkAAAAJ
Shakti Sangram Behera,Researcher at IIT Kharagpur,"Queuing Theory, Markov Decission Process, Cyber Physical Systems, Communication Networks",3.0,https://scholar.google.com/citations?hl=en&user=hPpRgswAAAAJ
Rayaan Biswas,"SRF, IIT Kharagpur","Fractals, Multifractals, Simulation, Modeling",3.0,https://scholar.google.com/citations?hl=en&user=oK0Lm8kAAAAJ
Sumit Bera,"Materials Science Centre, Indian Institute of Technology Kharagpur","Polymer composite, Polymer mechanochemistry, Stimuli responsive polymer",3.0,https://scholar.google.com/citations?hl=en&user=QznYLLwAAAAJ
Atish,"Indian Institute of Technology, Kharagpur-721302, West Bengal, India","Soil and Water Conservation, Hydrology, RS & GIS, Irrigation & Drainage, Agricultural Engineering",3.0,https://scholar.google.com/citations?hl=en&user=mLP_8hYAAAAJ
Ankit,IIT Kharagpur,"Steelmaking, Process Modeling",2.0,https://scholar.google.com/citations?hl=en&user=y5_jKqkAAAAJ
ADITYA KAMESWARA RAO NANDULA,Indian Institute of Technology Kharagpur,"Robotics, Embedded Control Systems, Humanoid Robotics, Computer Vision, Education Technologies",2.0,https://scholar.google.com/citations?hl=en&user=8v1we68AAAAJ
Sumanth Reddy Challaram,IIT Kharagpur,,2.0,https://scholar.google.com/citations?hl=en&user=OpLctZIAAAAJ
Ganesh K Pandey,Researcher Electrical Engineering @ IIT KHARAGPUR,"Power System Optimization, Smart Grids, Microgrids, Mathematical Modeling, Blockchain",2.0,https://scholar.google.com/citations?hl=en&user=xZS1GdsAAAAJ
Manpreet Dash,IIT Kharagpur,"Supply Chain Management, System Dynamics, Operations Management, Production Systems, Fluid Mechanics",2.0,https://scholar.google.com/citations?hl=en&user=mc4kT-IAAAAJ
Archisman Nandy,"B.Tech in Artificial Intelligence (Pursuing), Indian Institute of Technology, Kharagpur, India",Number Theory,2.0,https://scholar.google.com/citations?hl=en&user=aVEGLtwAAAAJ
Suchitra Pramanik,Indian Institute of Technology Kharagpur,"Communication, English literature, Personality trait",2.0,https://scholar.google.com/citations?hl=en&user=QFQLk1gAAAAJ
Piyush Kumar,IIT Kharagpur,"Safety Analytics, Machine Learning, Fire Safety, Simulation",2.0,https://scholar.google.com/citations?hl=en&user=a2QWLbkAAAAJ
Swarna kamal Pradhan,Indian Institute of Technology Kharagpur,"Safety Analytics, Virtual Reality, Machine Learning, Instrumentation and Control, Signal Processing",2.0,https://scholar.google.com/citations?hl=en&user=8RLzt4cAAAAJ
Shubhadip Nag,"Indian Institute of Technology, Kharagpur","ML, AI, DL",2.0,https://scholar.google.com/citations?hl=en&user=Grn4T10AAAAJ
Uddipan Agasti,Indian Institute of Technology Kharagpur,"Material Science, Nanoelectronics, VLSI, Microelectronics",2.0,https://scholar.google.com/citations?hl=en&user=p6_ny6YAAAAJ
Bharat Surya Chamarthi,"Cryogenic Engineering Centre, Indian Institute of technology Kharagpur","LNG cold recovery, Thermal energy storage, Machine learning, Optimization",2.0,https://scholar.google.com/citations?hl=en&user=9iVyE50AAAAJ
Smruti Prakash Mallick,"Indian Institute of Technology,Department of Geology & Geophysics","Economic Geology, Hydrothermal ore deposits, Actinides, mineralogy, Isotope geochemistry",2.0,https://scholar.google.com/citations?hl=en&user=XyflVZEAAAAJ
Malla Dhanraj,"Industrial and Systems Engineering, Indian Institute of Technology Kharagpur","Data Science, Computer Vision, NLP, Generative AI, Time Series Analysis and modelling",2.0,https://scholar.google.com/citations?hl=en&user=oV1hk0AAAAAJ
Ekta,IIT Kharagpur,"Plant Molecular Biology, Transgenic technology, Molecular Microbiology",2.0,https://scholar.google.com/citations?hl=en&user=0KS3yhMAAAAJ
Tanmoy Mukherjee,Indian Institute of Technology Kharagpur,"Digitization, ICT tools, Automation",2.0,https://scholar.google.com/citations?hl=en&user=TQC13VQAAAAJ
Deepak Mathew,Indian Institute of Technology Kharagpur,"English Literature, Literary Theory, Zizek Studies, Deleuze and Guattari Studies, Philosophy",2.0,https://scholar.google.com/citations?hl=en&user=jdeeRS8AAAAJ
Nitin Desai,Indian Institute of Technology Kharagpur,"Bin picking, 6D pose estimation, Industrial Robotics, Computer Vision, Machine Learning",2.0,https://scholar.google.com/citations?hl=en&user=7H5EIj0AAAAJ
Aamir Salam Siddiqui,Indian Institute of Technology Kharagpur,"Seismology, Seismic anisotropy",2.0,https://scholar.google.com/citations?hl=en&user=t-ofWJIAAAAJ
Dhruv Kapri,Indian Institute of Technology Kharagpur,"Machine Learning, Architecture",2.0,https://scholar.google.com/citations?hl=en&user=oTtw1S4AAAAJ
Sayan Manna,"Undergraduate, Indian Institute of Technology Kharagpur","Quantum Computing, Quantum Information",2.0,https://scholar.google.com/citations?hl=en&user=0lL4QvsAAAAJ
Rakshith Gowda BT,IIT Kharagpur,,2.0,https://scholar.google.com/citations?hl=en&user=wRCUaVAAAAAJ
Reeshav Chowdhury,IIT Kharagpur,AI and Privacy,2.0,https://scholar.google.com/citations?hl=en&user=WjMcQ4EAAAAJ
Vishnu Tej Gunisati,"Indian Institute of Technology, Kharagpur",Technologies for Clean and Renewable …,2.0,https://scholar.google.com/citations?hl=en&user=0AyOHRUAAAAJ
Sourav Kumar Mandal,Indian Institute of Technology Kharagpur,Applied Analytics,2.0,https://scholar.google.com/citations?hl=en&user=MP32byAAAAAJ
Avigyan Samanta,"Research Fellow, IIT Kharagpur","Computer Networks, Optical Networks, Wireless Networks, Network Security",2.0,https://scholar.google.com/citations?hl=en&user=mu6P6VIAAAAJ
Ankit Dutta,"Indian Institute of Technology, Kharagpur","Artificial Intelligence, Large Language Models, Machine Learning, Neural Networks",2.0,https://scholar.google.com/citations?hl=en&user=RcCnIlMAAAAJ
Diptesh Goswami,IIT Kharagpur,"Water Chemistry, Environmental Science",2.0,https://scholar.google.com/citations?hl=en&user=AXiXslgAAAAJ
Yachna Verma,"Senior Research Fellow, Indian Institute of Technology Kharagpur","Paleoclimate, Speleothem, Indian Summer Monsoon",2.0,https://scholar.google.com/citations?hl=en&user=DnCMMAMAAAAJ
Parv Tanwar,Indian Institute of Technology Kharagpur,"Bioprocess Development, Algal Biotechnology, Bioremediation",2.0,https://scholar.google.com/citations?hl=en&user=N65BZzgAAAAJ
Biplob Biswas,"Indian Intitute of Technology, Kharagpur","RF and Microwave, Antennas",2.0,https://scholar.google.com/citations?hl=en&user=wJ0YcQIAAAAJ
Swarup Sutar,Indian Institute of Technology Kharagpur,"Nanomaterial Synthesis & Characterization, Sensing Materials & Devices",2.0,https://scholar.google.com/citations?hl=en&user=yss679gAAAAJ
Ankush Agarwal,IIT Kharagpur,Generative AI,2.0,https://scholar.google.com/citations?hl=en&user=EN2YbEsAAAAJ
Krishna Priya VR,"Prime Minister's Research Fellow, IIT Kharagpur","Quasi-geostrophic turbulence, Network theory",2.0,https://scholar.google.com/citations?hl=en&user=nnRQsXAAAAAJ
Anunak Roy,Indian Institute of Technology Kharagpur,,2.0,https://scholar.google.com/citations?hl=en&user=ekKLxDoAAAAJ
Kartik Pandey,Indian Institute of Technology Kharagpur,"Computer Science, Signal Processing, Machine Learning, Brain-Computer Interface",2.0,https://scholar.google.com/citations?hl=en&user=xHDNqNsAAAAJ
Sonali Das,Indian Institute of Technology - Kharagpur,"Tectonic Geomorphology, Earth Surface processes, Quaternary Geochronology",2.0,https://scholar.google.com/citations?hl=en&user=rh2bCAUAAAAJ
Tapas Mahata,"Indian Institute of Technology, Kharagpur",Synthetic Inorganic Chemistry || Coordination …,2.0,https://scholar.google.com/citations?hl=en&user=S1vP5JIAAAAJ
Rahul Sinha,Indian Institute of Technology Kharagpur,"Soft matter Physics, Active Matter, Non-equilibrium Statistical Mechanics",2.0,https://scholar.google.com/citations?hl=en&user=t40v_psAAAAJ
Siddhartha Mukhopadhyay,"Master of science, Department of Industrial and Systems Engineering, IIT Kharagpur","Control Strategy, Disease Transmission, Vehicle Routing Problem, Optimization, disaster management",2.0,https://scholar.google.com/citations?hl=en&user=9e5HDOcAAAAJ
Nallani Chakravartula Sahith,"Indian Institute of Technology, Kharagpur","Natural Language Processing, Machine Learning",2.0,https://scholar.google.com/citations?hl=en&user=QP4ld6sAAAAJ
Diotima Nag,"UGC Junior Research Fellow, Indian Institute of Technology, Kharagpur","Machine Learning, Networking, Internet of Things",2.0,https://scholar.google.com/citations?hl=en&user=ap2MsYQAAAAJ
Binay Bhattacharya,"Indian Institute of Technology, Kharagpur","Ocean Dynamics, Marine Pollution, Wave Dynamics, Physical Oceanography",2.0,https://scholar.google.com/citations?hl=en&user=jE9G6TAAAAAJ
Purnima Gautam,IIT Kharagpur,"Computational Bioilogy, Large Language models, Machine Learning, Deep Learning",2.0,https://scholar.google.com/citations?hl=en&user=j8uc61IAAAAJ
Sakshi Sinha,Indian Institute of Technology Kharagpur,Food packaging,2.0,https://scholar.google.com/citations?hl=en&user=LCNPzEoAAAAJ
Gourab Saha,Indian Institute of Technology Kharagpur,MD Simulation of Biomolecular Sytems,2.0,https://scholar.google.com/citations?hl=en&user=OJ0kYDwAAAAJ
Anik Dwivedi,"Indian Institute of Technology, Kharagpur",,2.0,https://scholar.google.com/citations?hl=en&user=2AaQcT0AAAAJ
Vaishnavi A Wadhai,Indian Institute of Technology Kharagpur,Monsoon Dynamics,2.0,https://scholar.google.com/citations?hl=en&user=tOdeMWQAAAAJ
Bhuyashi Talukdar,"Indian Institute of Technology, Kharagpur",Finance,2.0,https://scholar.google.com/citations?hl=en&user=TxYo1nAAAAAJ
Arnab Panda,IIT Kharagpur,Local/Folk History and Vernacular Literature  • …,2.0,https://scholar.google.com/citations?hl=en&user=zAExqkUAAAAJ
Priyank Pathak,"Indian Institute of Technology Kharagpur, India","Geophysics, Gravity, Magnetics, Lithospheric structure, Geodynamics",2.0,https://scholar.google.com/citations?hl=en&user=hD8qFcoAAAAJ
Shubham Anil Pawar,Indian Institute of Technology Kharagpur,"Rubber, Polymer Nanocomposites, Flexible Sensor, Triboelectric Nanogenerators",2.0,https://scholar.google.com/citations?hl=en&user=rD5Hu3MAAAAJ
Dheeraj Mundhra,"Undergraduate at Indian Institute of Technology, Kharagpur","Computer Vision, Pattern Recogntion, Machine Learning",1.0,https://scholar.google.com/citations?hl=en&user=PkorbiMAAAAJ
Swetank Ambar,"Indian Institute of Technology, Kharagpur",,1.0,https://scholar.google.com/citations?hl=en&user=1mvh1woAAAAJ
Dibya Jyoti Roy,"Computer Science and Engineering, IIT Kharagpur",Human Computer Interaction,1.0,https://scholar.google.com/citations?hl=en&user=XUds4ngAAAAJ
Anu Rani,IIT Kharagpur,"Healthcare Analytics, Digital Platforms, Textual and Visual Data Analysis",1.0,https://scholar.google.com/citations?hl=en&user=4HgoOn0AAAAJ
Kalpit Chittora,Indian Institute of Technology Kharagpur,"Natural Language Processing, Machine Learning",1.0,https://scholar.google.com/citations?hl=en&user=xH60afUAAAAJ
Pritam Pallab,"Indian Institute of Technology, Kharagpur","Computational Number Theory, Public Key Cryptography, Parallelization of Algorithms",1.0,https://scholar.google.com/citations?hl=en&user=T5N-g-EAAAAJ
Pradipta Das,Research Assistant at IIT Kharagpur,"Fluid Mechanics, Computational Fluid Dynamics, High Performance Computing",1.0,https://scholar.google.com/citations?hl=en&user=zTalZyUAAAAJ
Thendralarasu S,"Rajiv Gandhi School of Intellectual Property Law, Indian Institute of Technology, Kharagpur","Intellectual Property Law, Law of Arbitration",1.0,https://scholar.google.com/citations?hl=en&user=vj6W99MAAAAJ
Biplab KANTI SENGUPTA,"Indian Institute of Technology, Kharagpur","urban planning, Architecture",1.0,https://scholar.google.com/citations?hl=en&user=4oJNbfQAAAAJ
Shamaem Khushhali,"Department of Physics, IIT Kharagpur","nonlinear fiber optics, optical vortices, fiber optics communication",1.0,https://scholar.google.com/citations?hl=en&user=oymfKhkAAAAJ
Bishnu Charan Behera,"Indian Institute of Technology, Kharagpur",Cryptography,1.0,https://scholar.google.com/citations?hl=en&user=rTvLm9wAAAAJ
Debjit Chatterjee,IIT Kharagpur,"Environment Sensing, Mobile Computing, Pervasive Sensing",1.0,https://scholar.google.com/citations?hl=en&user=cPqC1j0AAAAJ
Gourab Bagchi,"Researcher, Indian Institute of Technology Kharagpur","Data Science, NLP, Computer Vision, Deep Learning, Safety Analytics",1.0,https://scholar.google.com/citations?hl=en&user=n0vtwrgAAAAJ
Rashmi Kumari,Indian Institute of Technology Kharagpur,"Second-order cone programming problems, Complementarity problems",1.0,https://scholar.google.com/citations?hl=en&user=EwyWukgAAAAJ
Sayak Moulic,IIT Kharagpur,"Cosmology, Astrophysics, Physics",1.0,https://scholar.google.com/citations?hl=en&user=wSVmTlgAAAAJ
Saahil Dhar,Undergraduate at IIT Kharagpur,"Fluid mechanics, Marine Hydrodynamics, CFD",1.0,https://scholar.google.com/citations?hl=en&user=tgLbt-0AAAAJ
pankaj mahanta,Indian Institute of Technology Kharagpur,"Paleoceanography, Paleoclimatology, Micropaleontology",1.0,https://scholar.google.com/citations?hl=en&user=nVABJOAAAAAJ
Sandeep Pandey,IIT Kharagpur,"laser ignition, liquid fuel combustion, laser diagnostics",1.0,https://scholar.google.com/citations?hl=en&user=XVnotHIAAAAJ
Subhadeep Dalui,Indian Institute of Technology Kharagpur,"Machine Learning Security, Deep Learning Security",1.0,https://scholar.google.com/citations?hl=en&user=l5z2N-8AAAAJ
Ashutosh Das,"Indian Institute of Technology, Kharagpur | Kalinga Institute of Industrial Technology","Embedded Systems, Electronics, Microcontrollers, FPGA",1.0,https://scholar.google.com/citations?hl=en&user=qs-LPNoAAAAJ
Penchala Siva Prasanth Kasa,Indian Institute of Technology Kharagpur,,1.0,https://scholar.google.com/citations?hl=en&user=X1DPmEcAAAAJ
Anik Mukherjee,IIT Kharagpur,Geology,1.0,https://scholar.google.com/citations?hl=en&user=G58vrxsAAAAJ
Anjali Beniwal,IIT Kharagpur,"Polynomial Matrix Theory, Behavioral approach to control",1.0,https://scholar.google.com/citations?hl=en&user=QArX-R4AAAAJ
Aryan Sanghi,"Undergraduate, IIT Kharagpur","Graph Theory, Algorithms",1.0,https://scholar.google.com/citations?hl=en&user=F26ZCXQAAAAJ
Owais Makroo,"Indian Institute of Technology, Kharagpur","Deep Learning, AI, Linear Algebra",1.0,https://scholar.google.com/citations?hl=en&user=S5EOKOIAAAAJ
Rupali Sharma,Researcher at Department of Mathematics IIT Kharagpur,"Fluid Dynamics, Low Reynolds Number flows, Porous medium",1.0,https://scholar.google.com/citations?hl=en&user=UXrHA98AAAAJ
Tarannum Ara,Indian Institute of Technology Kharagpur,"Ubiquitous Computing, Deep Learning, Human-Computer Interaction",1.0,https://scholar.google.com/citations?hl=en&user=gvflKYwAAAAJ
Aman Soni,"Master of Technology in Signal Processing and Machine Learning, IIT Kharagpur","Theoretical Machine Learning, Deep Learning, Computer Vision",1.0,https://scholar.google.com/citations?hl=en&user=EaLLojQAAAAJ
Kavin RV,"Researcher, IIT Kharagpur","Natural Language Processing, Information Retrieval",1.0,https://scholar.google.com/citations?hl=en&user=pD0Ji8QAAAAJ
Malaya Prakash Behera,IIT Kharagpur,"Corporate finance, Share Pledging, Corporate governance, Ownership structure",1.0,https://scholar.google.com/citations?hl=en&user=AdL6kzIAAAAJ
Wasim Ashraf,"School of Energy Science & Engineering, RAC Laboratory, IIT Kharagpur","Solar Thermal Systems, Energy Storage Systems, Supercritical Fluids, Nano-Fluids",1.0,https://scholar.google.com/citations?hl=en&user=iemewjEAAAAJ
Sujeet Sahu,"Indian Institute of Technology, Kharagpur","Chemical reaction engineering, Catalysis & Kinetics, Sustainable chemical technology, Hydrogenation",1.0,https://scholar.google.com/citations?hl=en&user=on99wX8AAAAJ
Kumar Naddunuri,Indian Institute of Technology Kharagpur,"Thermal comfort, IAQ, HVAC, Ventilation, Building science",1.0,https://scholar.google.com/citations?hl=en&user=uqTcPfYAAAAJ
DIPANKAR MANDAL,"Department of Artificial Intelligence, Indian Institute of Technology Kharagpur","Intelligent Transportaion Systems, Cyber-Physical Systems, Artificial Intelligence, Mobile Computing",1.0,https://scholar.google.com/citations?hl=en&user=JaqPn1QAAAAJ
Raghubeer Rai,"Doctoral Researcher, IIT Kharagpur","Applied Structural Geology, Structural Geology, Rock Mechanics, Fracture Flow Simulation",1.0,https://scholar.google.com/citations?hl=en&user=y_qHUWIAAAAJ
Gouri Vignesh Jawalkar,"Graduate, Metallurgical and Materials Engineering, IIT Kharagpur","Semimetals, Additive Manufacturing, Superalloys, Characterisation, Spectroscopy",1.0,https://scholar.google.com/citations?hl=en&user=_J8gXFIAAAAJ
Niharika Mehra,"Department of Mathematics, Indian Institute of Technology Kharagpur","Discrete Element Method, GPU Computing, Granular Flow Simulations",1.0,https://scholar.google.com/citations?hl=en&user=HPdjk8gAAAAJ
Anuj Kakde,IIT Kharagpur,,1.0,https://scholar.google.com/citations?hl=en&user=XbrmYS4AAAAJ
souvik kundu,Senior research fellow at IIT Kharagpur,"Catalytic degradation of polymer, Homo & Heterogeneous catalyst",1.0,https://scholar.google.com/citations?hl=en&user=L5fayiQAAAAJ
Abhisek Barman Maji,Indian Institute of Technology Kharagpur,Gravitational Physics,1.0,https://scholar.google.com/citations?hl=en&user=E1ZzrNQAAAAJ
Lokesh Manickavasaham,Indian Institute of Technology Kharagpur,,1.0,https://scholar.google.com/citations?hl=en&user=nmO0BJ0AAAAJ
Pranay Katke,IIT Kharagpur,Thermal and Fluids Engineering,1.0,https://scholar.google.com/citations?hl=en&user=yY4bCKgAAAAJ
Rupam Mukherjee,"Master's in Medical Imaging & Informatics, Indian Institute of Technology Kharagpur","Medical Image Analysis, AI for Health & Medicine, Digital & Computational Pathology",1.0,https://scholar.google.com/citations?hl=en&user=vGCmebAAAAAJ
Deep Das,Indian Institute of Technology Kharagpur,"Geochemistry, Geochronology, Petrology",1.0,https://scholar.google.com/citations?hl=en&user=WVGZsSgAAAAJ
SHAILESH KUMAR SHARMA,"Master of Science, IIT Kharagpur","Blockchain, Cryptography, Distributed System, Algorithm",1.0,https://scholar.google.com/citations?hl=en&user=a76SJPoAAAAJ
Aayush Gupta,Indian Institute of Technology Kharagpur,"Composites, Progressive & Continuum Damage …, Impact Dynamics, Optimization and Reliability",1.0,https://scholar.google.com/citations?hl=en&user=YH7cHYMAAAAJ
VANNY DOEM,Indian Institute of Technology Kharagpur,"Algebraic topology, Homotopy theory, Higher algebra",1.0,https://scholar.google.com/citations?hl=en&user=Q9TDBTQAAAAJ
Sumitava Biswas,Indian Institute of Technology Kharagpur,"Blockchain, Systems",1.0,https://scholar.google.com/citations?hl=en&user=Ss4NdgsAAAAJ
Ajas Anthrolil Kareem,"Department of Mining Engineering, Indian Institute of Technology Kharagpur","Human Factors, Ergonomics, Safety Engineering, Data Analytics",1.0,https://scholar.google.com/citations?hl=en&user=GF_1rqUAAAAJ
Mohit Kumar Gautam,Indian Institute of Technology  Kharagpur,,1.0,https://scholar.google.com/citations?hl=en&user=QG9alUAAAAAJ
PS Pritish Kumar Mahali,IIT Kharagpur,"Computer vision, Deep Learning, Machine Learing",1.0,https://scholar.google.com/citations?hl=en&user=6Ki41VsAAAAJ
Chandan Kumar Soni,IIT Kharagpur,Total Synthesis,1.0,https://scholar.google.com/citations?hl=en&user=XLPUCD0AAAAJ
BIRENDRA MANDAL,"Dept. of Chemical Engineering, IIT Kharagpur","Active Matter, Fluid Dynamics",1.0,https://scholar.google.com/citations?hl=en&user=e9k62YEAAAAJ
ritwika dey,Indian Institute of Technology Kharagpur,Theoretical and Computational Chemistry,1.0,https://scholar.google.com/citations?hl=en&user=SYRfxzoAAAAJ
P. Vanita,"Project Engineer, IIT Kharagpur","Signal processing, Data analysis, Machine learning",1.0,https://scholar.google.com/citations?hl=en&user=ofmkzq8AAAAJ
Riya Parikh,"Indian Institute of Technology, Kharagpur","FPGA Accelators, Neuromorphic Hardware, Embedded Systems, Hardware Software Codesign",1.0,https://scholar.google.com/citations?hl=en&user=J_ewdyUAAAAJ
mohd gayas ansari,Indian Institute of Technology Kharagpur (IIT kharagpur),"Neuroscience, Synapses, Complex System, Non-Hermitian, Statistical Physics",1.0,https://scholar.google.com/citations?hl=en&user=n41JFvEAAAAJ
Anushu Priya Boddeda,"GS Sanyal School of Telecommunications, Indian Institute of Technology, Kharagpur","Near Field Communication, Next Gen Wideband Communication Systems",1.0,https://scholar.google.com/citations?hl=en&user=wYkZ6ygAAAAJ
Anjali Bhatia,IIT Kharagpur,Psychology,,https://scholar.google.com/citations?hl=en&user=S4VjkC0AAAAJ
Amarjeet Kumar,Indian Institute of Technology Kharagpur,Disaster Management,,https://scholar.google.com/citations?hl=en&user=IHDAwkgAAAAJ
G Chakraborty,"Professor, Indian Institute of Technology Kharagpur","Dynamics, Vibration and Control, Micro and Nanomechanics",,https://scholar.google.com/citations?hl=en&user=usfIrWMAAAAJ
Samridha Kumar,"Junior Research Fellow, Indian Institute of Technology, Kharagpur, India","Data Mining, Machine Learning, Internet of Things, Digital Signal Processing",,https://scholar.google.com/citations?hl=en&user=LZRTppYAAAAJ
Aditi T Koshley,IIT Kharagpur,"Landscape Architecture, Perception of Safety, environmental behavior, Cognitive Psychology, Visual Simulation",,https://scholar.google.com/citations?hl=en&user=CuihIMoAAAAJ
Arnab Kumar Gogoi,"Executive MBA, IIT Kharagpur","BIM, Digital Twin",,https://scholar.google.com/citations?hl=en&user=ukydd8wAAAAJ
Saptarshi Sadhu,"Undergraduate, Indian Institute of Technology Kharagpur","HCI, Robotics",,https://scholar.google.com/citations?hl=en&user=EhSgAN4AAAAJ
Shuvam Dutta,IIT Kharagpur,Language Typology,,https://scholar.google.com/citations?hl=en&user=5PWqo74AAAAJ
Shreyas More,Indian Institute of Technology Kharagpur,"Computer Vision, Natural Language Processing",,https://scholar.google.com/citations?hl=en&user=9WT6Rr0AAAAJ
Niraj Kumar Mishra,IIT Kharagpur,Hydraulics and water resources engineering,,https://scholar.google.com/citations?hl=en&user=YRml1EkAAAAJ
Kartikey Chauhan,Indian Institute of Technology Kharagpur,"Control theory, Non-linear control, Automotive control, Electric vehicle, Vehicle dynamics",,https://scholar.google.com/citations?hl=en&user=gFtmNzEAAAAJ
Pritam Daundkar,IIT Kharagpur,"Climatic Extremes, Water Resources",,https://scholar.google.com/citations?hl=en&user=-r6kWRYAAAAJ
arunavo banerjee,"Master Of Science, IIT Kharagpur","Software Engineering, Machine Learning, Information Retrieval, Digital Library",,https://scholar.google.com/citations?hl=en&user=k8gl33kAAAAJ
Swarnendu Bhuyan,Indian Institute of Technology Kharagpur,"Ore Geology, Orogenic Gold, Computational modelling",,https://scholar.google.com/citations?hl=en&user=fwkpnewAAAAJ
Aayush kumar Verma,"Deaprtment of Civil Engineering, Indian Institute Of Technology Kharagpur, West Bengal …","Road Safety, | Traffic engineering, | Transportation engineering",,https://scholar.google.com/citations?hl=en&user=stH-niEAAAAJ
Yaqoob Murtaza,"LL.M (IPR), IIT Kharagpur, BA.LL.B (HONS) AMU","IPR, Human Rights Law and Muslim personal Law",,https://scholar.google.com/citations?hl=en&user=fo5iCXQAAAAJ
Krithick Santhosh N,IIT Kharagpur,"Control Systems, Computer Vision",,https://scholar.google.com/citations?hl=en&user=6wiOkIMAAAAJ
Shalika Kumbham,"Indian Institute of Technology, Kharagpur","AI, ML, Computer Vision, NLP, Reasoning",,https://scholar.google.com/citations?hl=en&user=_mLouBgAAAAJ
Shrinivas Khiste,"Undergraduate Researcher, Indian Institute of Technology, Kharagpur","NLP, Graph ML",,https://scholar.google.com/citations?hl=en&user=7sQYulUAAAAJ
Keya B.,Integrated BS + MS in Mathematics and Computing @ Indian Institute of Technology …,"LLMs, Artificial Intelligence, NLP",,https://scholar.google.com/citations?hl=en&user=CyQHO1MAAAAJ
Vedant Vivek Kini,"Undergraduate, Indian Institute of Technology Kharagpur","Satellite Dynamics, Attitude Control, Orbital Mechanics, Flight Mechanics",,https://scholar.google.com/citations?hl=en&user=2BCe2vwAAAAJ
Ankur Gandotra,Indian Institute of Technology Kharagpur,"Innovation, Sustainability, Management",,https://scholar.google.com/citations?hl=en&user=-sVepD0AAAAJ
Vipul Singh Rathaur,"IIT Kharagpur, Oil India Limited","Paleoceanography, Microfossils, Pteropods",,https://scholar.google.com/citations?hl=en&user=VNcOCHIAAAAJ
PULAKESH DAS,IIT Kharagpur,"IoT, Agricultural Engineering, Sensors",,https://scholar.google.com/citations?hl=en&user=jwHTGncAAAAJ
Abhishek Mohapatra,Indian Institute of Technology Kharagpur,"Rock Mechanics, Rock Dynamics, Tunnel Blasting, Dynamic Shearing, Numerical Modelling",,https://scholar.google.com/citations?hl=en&user=FV8a2zsAAAAJ
Yash Vinod Lanjewar,Indian Institute of Technology Kharagpur,"Machine Learning, Deep Learning, Computer Vision, 3D Computer Vision, Computer Graphics",,https://scholar.google.com/citations?hl=en&user=MsvHWmoAAAAJ
Ankit Dipta Dutta,"Research Fellow, Indian Institute of Technology Kharagpur","Near Surface Geophysics, Hydrogeophysics, Aquifer Characterization, Hydrogeology",,https://scholar.google.com/citations?hl=en&user=QKNIQigAAAAJ
Reeteswar Rajguru,"Undergraduate, IIT Kharagpur",Graph Signal Processing,,https://scholar.google.com/citations?hl=en&user=c0GeSJUAAAAJ
Vedant Agrawal,"B.Tech, Mechanical Engineering Department, Indian Institute of Technology Kharagpur","Operations Research, Machine Learning, Artificial Intelligence, Fault Diagnostics",,https://scholar.google.com/citations?hl=en&user=MV_FdCQAAAAJ
Shoumik Dutta,"Junior Research Fellow, IIT Kharagpur","Machine Learning, Statistics, Deep Learning, Computer Vision, Bio Informatics",,https://scholar.google.com/citations?hl=en&user=tYDQtFwAAAAJ
Swagoto Surjo Dutta,Undergraduate at IIT Kharagpur,"Fluid mechanics, Hydrodynamics, Naval Architecture",,https://scholar.google.com/citations?hl=en&user=J9KA-_sAAAAJ
Jitendra Kumar Dash,"Senior Research fellow, IIT Kharagpur",Experimental Petrology,,https://scholar.google.com/citations?hl=en&user=MPrb2lIAAAAJ
Sagnik Sarkar,Indian Institute of Technology Kharagpur,"Experimental petrology, Role of volatiles in mantle",,https://scholar.google.com/citations?hl=en&user=xPNT0E0AAAAJ
SHASHANK S,"Indian institute of technology, Kharagpur","Signal Processing, Compressed sensing, Optimization",,https://scholar.google.com/citations?hl=en&user=s2Tl0WYAAAAJ
Avinash Mailapalli,"MS Data Science , IIT Kharagpur","AI, ML",,https://scholar.google.com/citations?hl=en&user=Xzte9LQAAAAJ
Avnish Srivastava,Indian Institute of Technology Kharagpur,"Machine Learning, Deep Learning",,https://scholar.google.com/citations?hl=en&user=5G0Sh-MAAAAJ
Aman Kumar Singh,Indian Institute of Technology Kharagpur (Kharagpur),Scientific Computing and Robotics,,https://scholar.google.com/citations?hl=en&user=ZQLq1OUAAAAJ
Sumansmita Rout,"Advanced Technology Development Centre, IIT Kharagpur","Deep Neural Network, CAN Security, LLM DRL, V2X, AI on Edge",,https://scholar.google.com/citations?hl=en&user=zndRTkcAAAAJ
Sudipta Santra,"Department of CSE, Indian Institute of Technology Kharagpur, India",machine learning,,https://scholar.google.com/citations?hl=en&user=NLoMWXUAAAAJ
Krishna Kant,"Undergraduate, Indian Institute of Technology Kharagpur",Biotechnology,,https://scholar.google.com/citations?hl=en&user=R0ypVcwAAAAJ
Sanjiban Dutta,Indian Institute of Technology Kharagpur,Antarctic Climate Variability,,https://scholar.google.com/citations?hl=en&user=mvF_WvYAAAAJ
Mayank Patel,"Indian Institute of Technology, Kharagpur","Deep Learning, Computer Vision, Natural Language Processing, Voice AI, Robotics",,https://scholar.google.com/citations?hl=en&user=BZja7M8AAAAJ
Aurobinda Majhi,IIT Kharagpur,"quantum Cosmology, Quantum Computing, Cosmology, N body Simulation, Quantum Cosmology",,https://scholar.google.com/citations?hl=en&user=u5O1krwAAAAJ
Mohammad Shareef,"Indian Institute of Technology, Kharagpur","Lamprophyres, Lamproites, Mantle Petrology, Geochemistry, Volcanology",,https://scholar.google.com/citations?hl=en&user=01HhgR0AAAAJ
Sahil Verma,Indian Institute of Technology Kharagpur,Socioeconomic Inequality Stratification …,,https://scholar.google.com/citations?hl=en&user=K4A4aOcAAAAJ
Souvik Datta,Indian Institute of Technology Kharagpur (IIT KGP),"Biomedical Imaging, Natural Language Processing, Generative AI, MRI and fMRI, DTI",,https://scholar.google.com/citations?hl=en&user=asMaXrgAAAAJ
Abhishek Barik,IIT KHARAGPUR,"Next generation MIMO communication, 3GPP channel modelling, Quantum communication, OTFS",,https://scholar.google.com/citations?hl=en&user=7ehvlucAAAAJ
Komal Kumari,Indian Institute of Technology Kharagpur,Spectral Graph Theory,,https://scholar.google.com/citations?hl=en&user=1eEWvUIAAAAJ
Prithwiraj Mahato,"Researcher, IIT Kharagpur","Seismology, Mining Geology",,https://scholar.google.com/citations?hl=en&user=QuelHDQAAAAJ
Sakshee Sahay,IIT KHARAGPUR,"Intellectual Property Law, Competition Law, Anti-trust",,https://scholar.google.com/citations?hl=en&user=QbPKgpYAAAAJ
Pramit Banerjee,Indian Institute of Technology Kharagpur,"Power Management Integrated Circuits, Fully Integrated Integrated DC-DC Converter",,https://scholar.google.com/citations?hl=en&user=XYm1P7EAAAAJ
Bhavesh Mukheja,"BS Physics, IIT Kharagpur","Applied ML in Astrophysics, General Theory of Relativity",,https://scholar.google.com/citations?hl=en&user=OMF3bdAAAAAJ
Priyanshu Mathur,IIT Kharagpur,"Machine Learning, Signal Processing, Deep Neural Networks",,https://scholar.google.com/citations?hl=en&user=7MyArY0AAAAJ
Snehal Tengse,IIT Kharagpur,"Agricultural, Machine Learning, Deep Learning, NLP",,https://scholar.google.com/citations?hl=en&user=JU74dRgAAAAJ
Siddhesh Salfale,Indian Institute of Technology Kharagpur,"Neuroscience, Computer Vision, Medical Imaging, AI for Science, Quantum Computing",,https://scholar.google.com/citations?hl=en&user=6EftegYAAAAJ
Gunjana Dhakad,Indian Institute of Technology Kharagpur,"Signal Processing, Image Processing, Medical Image Analysis, Quantum Computing, Physics Informed ML",,https://scholar.google.com/citations?hl=en&user=WEeeF1QAAAAJ
Suvam Nanda,"Agriculture and Food Engineering Department,  Indian Institute of Technology, Kharagpur","Agronomy, Irrigation Science, Fibre Agronomy, Soil Health",,https://scholar.google.com/citations?hl=en&user=nP6ewz4AAAAJ
KRITI SHUKLA,"Researcher, Indian Institute of Technology Kharagpur","Molecular Dynamics, Protein–Ligand Interactions, Enzyme Catalysis, QM/MM simulations",,https://scholar.google.com/citations?hl=en&user=tLeKSukAAAAJ
Lovish Kaushik,"Indian Institute of Technology, Kharagpur","Computer Vision, Artificial Intelligence",,https://scholar.google.com/citations?hl=en&user=Tp29DIoAAAAJ
Vyshnavi KK,Indian Institute of Technology Kharagpur,"Atmospheric pollution, Aerosol properties, Machine learning modelling",,https://scholar.google.com/citations?hl=en&user=MSKFghoAAAAJ
Subha Halder,IIT Kharagpur,Statistical Testing,,https://scholar.google.com/citations?hl=en&user=VJWAFfUAAAAJ
Rahul Pramanick,IIT Kharagpur,… Machine Learning  Deep Learning  Causal AI,,https://scholar.google.com/citations?hl=en&user=Vs86rGgAAAAJ
Jishnu Manglam,IIT Kharagpur,"Protein Design, Protein Engineering, Directed Evolution, Liquid-Liquid Phase Separation",,https://scholar.google.com/citations?hl=en&user=nouiX98AAAAJ
Gaushul Alam,Indian Institute of Technology Kharagpur,Air quality,,https://scholar.google.com/citations?hl=en&user=NJV6SnoAAAAJ
Samarth Adatia,IIT Kharagpur,,,https://scholar.google.com/citations?hl=en&user=U4VhuisAAAAJ
Shipra Verma,Indian Institute of Technology Kharagpur,"Astrophysical Fluid Dynamics, Magneto-hydrodynamics, Magnetars, Dynamo theory",,https://scholar.google.com/citations?hl=en&user=LXcFgj4AAAAJ
Anantha Kedar Sarma Inampudi,IIT Kharagpur,Quantum Photonics,,https://scholar.google.com/citations?hl=en&user=ifq5VigAAAAJ
Ranjan Sarkar,"Department of Artificial Intelligence, IIT Kharagpur","Machine Learning, Optimization, Reinforcement Learning",,https://scholar.google.com/citations?hl=en&user=opM7lgEAAAAJ
Ayan Maity,IIT Kharagpur,"Machine learning, NLP, Computer Vision, MultiModal AI",,https://scholar.google.com/citations?hl=en&user=OZeOh-cAAAAJ
Sarath Nagirikatakam,"Indian Institute Of Technology, Kharagpur","Flapping wing Aerodynamics, FSI, Aeroelasticity",,https://scholar.google.com/citations?hl=en&user=-uk_F4MAAAAJ
Subham Pan,Indian Institute Of Technology Delhi.Indian Institute of Technology Kharagpur,"Quantum Communication, Quantum Computing",,https://scholar.google.com/citations?hl=en&user=mReg7qkAAAAJ
SWARAJ BOSE,"IIT, Kharagpur","Transportation Planning, Urban Planning, City Planning",,https://scholar.google.com/citations?hl=en&user=qy25U6YAAAAJ
Shashidhar Kundagol,Indian Institute of Technology Kharagpur,"Road Safety, Post-Crash Emergency Response, Spatial Analysis",,https://scholar.google.com/citations?hl=en&user=005cD_kAAAAJ
anandita das,INDIAN INSTITUTE OF TECHNOLOGY KHARAGPUR,"Resource, Development, Environment and International Economics",,https://scholar.google.com/citations?hl=en&user=Cmzi3oAAAAAJ
Boddepalli mahesh,IIT kharagpur,Refrigeration and air conditioning,,https://scholar.google.com/citations?hl=en&user=_8X-40AAAAAJ
krishna kiran,"Indian Institute of Technology, Kharagpur",,,https://scholar.google.com/citations?hl=en&user=3FYimzgAAAAJ
Tanishq Prasad,"Undergraduate, Indian Institute of Technology Kharagpur","Moiton Planning, Graph Theory, Theoretical Computer Science",,https://scholar.google.com/citations?hl=en&user=2h8-0ccAAAAJ
Debanik Ghosh,"Researcher, Hydraulics & Water Resources Engineering, Indian Institute of Technology …","Experimental Hydraulics, Sediment Transport, Fluvial Hydrodynamics, Ground Water Dynamics",,https://scholar.google.com/citations?hl=en&user=7UAzqh4AAAAJ
Nahid Anowar,"Senior Research Fellow, IIT Kharagpur","AI for Climate, Machine Learning, Reinforcement Learning",,https://scholar.google.com/citations?hl=en&user=Gb_zCcgAAAAJ
Uddipto Mandal,"Bachelors, IIT Kharagpur","Optimization, Reinforcement Learning, Information Theory",,https://scholar.google.com/citations?hl=en&user=s7eMmzEAAAAJ
Priyanka Priyadarshini Behera,Indian Institute of Technology Kharagpur,"Functional Analysis, Geometry of Banach space",,https://scholar.google.com/citations?hl=en&user=8HLBGigAAAAJ
Neha Jaiswal,Indian Institute of Technology Kharagpur,,,https://scholar.google.com/citations?hl=en&user=nUaSiGcAAAAJ
Varun Krishna Nulu,IIT Kharagpur,"Ground Improvement, Stone Columns, Piles, Column-supported embankments Arching",,https://scholar.google.com/citations?hl=en&user=qJUUUjEAAAAJ
Diganta Ray Mandal,IIT Kharagpur,XR,,https://scholar.google.com/citations?hl=en&user=kWC-GVAAAAAJ
Prasenjit Betal,"Centre for Computational and Data Sciences, IIT Kharagpur","AI/ML researcher specializing in deep …, transformers, and large language models",,https://scholar.google.com/citations?hl=en&user=f2rPQdIAAAAJ
Aditya A. Kulkarni,IIT Kharagpur,"Machine Learning, Deep Learning, Generative AI, Computer Vision",,https://scholar.google.com/citations?hl=en&user=8QD7CFYAAAAJ
SK Swaminathan,"CSE Senior Undergraduate, IIT Kharagpur","reinforcement learning, robot learning",,https://scholar.google.com/citations?hl=en&user=VMp51i0AAAAJ
Aditya Ranjan,Indian Institute of Technology Kharagpur,"Consumer Services, Consumer Behaviour, Dark Side of Adoption of Technology, Cognitive Dissonance",,https://scholar.google.com/citations?hl=en&user=otrqW6cAAAAJ
Manas Jana,Indian Institute of Technology Kharagpur,Cryptography,,https://scholar.google.com/citations?hl=en&user=K0ZRd0AAAAAJ
BARNALI GHOSH,"assistant professor , iit kharagpur",gynae and obstetrics,,https://scholar.google.com/citations?hl=en&user=Vf4ZDycAAAAJ
Bikash Ranjan Behera,IIT Kharagpur,"Climate modellling, Geospatial Data Science",,https://scholar.google.com/citations?hl=en&user=36qF2IcAAAAJ
Asmit Chauhan,IIT Kharagpur,,,https://scholar.google.com/citations?hl=en&user=3e4YxScAAAAJ
Devjeet Haldar,"Indian Institute of Technology, Kharagpur",,,https://scholar.google.com/citations?hl=en&user=V-fCST8AAAAJ
Ankit Meda,IIT Kharagpur,LLM Reasoning,,https://scholar.google.com/citations?hl=en&user=UctcdYwAAAAJ
USHASI DAM,IIT KHARAGPUR,"Soil Science, Soil Fertility, Precision Agriculture, Digital Soil Mapping",,https://scholar.google.com/citations?hl=en&user=SInDBdYAAAAJ
Arhat Amitabh,Indian Institute of Technology Kharagpur,"Artificial Intelligence, Machine Learning, Generative AI, Graph Neural Network",,https://scholar.google.com/citations?hl=en&user=5howRr0AAAAJ
Savan Masipeddi,Indian Institute of Technology Kharagpur,"Computational biology, Structural biology, Bioinformatics, Artificial intelligence",,https://scholar.google.com/citations?hl=en&user=gmY7lFYAAAAJ
Ankit Bhattacharjee,IIT Kharagpur,"Fluid Mechanics, Machine Learning",,https://scholar.google.com/citations?hl=en&user=At1W5a4AAAAJ
Vipin,Indian institute of technology Kharagpur,"Atomic Molecular physics, Machine Learning, Data Science",,https://scholar.google.com/citations?hl=en&user=KyMl1FkAAAAJ
AKHILESH KUMAR YADAV,Indian institute of technology Kharagpur,Near Surfaces Geophysics,,https://scholar.google.com/citations?hl=en&user=RlklM0oAAAAJ
Suman Patra,IIT Kharagpur,"RS, GIS, Hydrology, Hydraulics, Hydrodynamics",,https://scholar.google.com/citations?hl=en&user=uV2kQyIAAAAJ
Aishik Das,Indian Institute of Technology Kharagpur,"agrochemicals monitoring, biophotonics, photoacoustics, Spectrophotometry",,https://scholar.google.com/citations?hl=en&user=laYUH8sAAAAJ
Chinmay Gupta,IIT Kharagpur,"Deep Learning, Medical Imaging",,https://scholar.google.com/citations?hl=en&user=ZJoxCrYAAAAJ
Krishna kumar,"Geospatial academy, IIT Kharagpur","irrigation management, Hydrology, Remote sensing and GIS",,https://scholar.google.com/citations?hl=en&user=hz5dZHMAAAAJ
Babji Sh,Indian Institute of Technology Kharagpur,climate studies,,https://scholar.google.com/citations?hl=en&user=DwHzeE0AAAAJ
Arijeet Roy Chowdhury,"Indian Institute of Technology, Kharagpur","Applied superconductivity, Superconducting Power Application, Dielectric characterization.",,https://scholar.google.com/citations?hl=en&user=rbHDOBYAAAAJ
Raghav Dogra,IIT Kharagpur,NLP Computer Vision,,https://scholar.google.com/citations?hl=en&user=kYv6CwQAAAAJ
Devendra Kumar Dubey,"Indian Institute of Technology, Kharagpur",Geophysical Signal Processing,,https://scholar.google.com/citations?hl=en&user=fHBptqoAAAAJ
Prabhudutta Khatua,IIT Kharagpur,"Soil Science, Soil Physics",,https://scholar.google.com/citations?hl=en&user=7Fb-GX8AAAAJ
Sadanand Sinha,"Indian Institute of Technology, Kharagpur","AI/ML in Civil Engineering, Structural Health Monitoring, Civionics",,https://scholar.google.com/citations?hl=en&user=YyLJv84AAAAJ
A. Arun Kumar,IIT Kharagpur,"Information Systems, Marketing, Artificial Intelligence",,https://scholar.google.com/citations?hl=en&user=3y3gdQkAAAAJ
Sneha Dash,IIT Kharagpur,"Computational Neuroscience, Bayesian Estimation, Generative modeling, Sparse Coding",,https://scholar.google.com/citations?hl=en&user=Z8s3ihUAAAAJ
Muhammad Hamza,"Indian Institute of Technology, Kharagpur",,,https://scholar.google.com/citations?hl=en&user=UQZNR3gAAAAJ
Sonia Bara,Indian Institute of Technology Kharagpur,"Quantum computing, DFT, Computational materials science",,https://scholar.google.com/citations?hl=en&user=VtWVRbEAAAAJ
Uttam Kumar Gupta,"LLM - IP, Indian Institute of Technology, Kharagpur",Intellectual Property,,https://scholar.google.com/citations?hl=en&user=oN4VLdcAAAAJ
Arko Koner,Indian Institute of Technology Kharagpur,"Electronics, Biomedical Instrumentation, Communication, EMG",,https://scholar.google.com/citations?hl=en&user=VcaS6g8AAAAJ
Swati Chakraborty,Indian Institute of Technology Kharagpur,"Optimization, Inversion, Numerical Modeling, electrical & electromagnetic geophysics",,https://scholar.google.com/citations?hl=en&user=dhqqmUcAAAAJ
Daksh Jogchand,"B.Tech,IIT Kharagpur","Mechanistic Interpretability, Vision Language Models, NLP",,https://scholar.google.com/citations?hl=en&user=NJ_d5ogAAAAJ
Mainak Mukhopadhyay,"Indian Institute of Technology, Kharagpur",Vegetation Remote Sensing,,https://scholar.google.com/citations?hl=en&user=ZAYa-V8AAAAJ
Ishan Basu,IIT Kharagpur,"Healthcare Technology, Medical Devices, Multimodal Neuroimaging",,https://scholar.google.com/citations?hl=en&user=j5yBN68AAAAJ
Sushant Tarapure,IIT Kharagpur,"Simulations, Metal 3D printing, Additive Manufacturing",,https://scholar.google.com/citations?hl=en&user=LA74QWoAAAAJ
Deepu Singh,"Indian Institute of Technology Kharagpur, Kharagpur","Light-matter interaction, dipolar BEC",,https://scholar.google.com/citations?hl=en&user=8zTjSWMAAAAJ
Amitesh Paul,IIT Kharagpur,"Environmental Engineering, Climate Change, Air Pollution",,https://scholar.google.com/citations?hl=en&user=0gDJ_FgAAAAJ
Bhuvnesh Khatana,Indian Institute of Technology Kharagpur,Bilevel Optimization,,https://scholar.google.com/citations?hl=en&user=pWpMc9MAAAAJ
Harsh Raj,"Indian Institute of Technology, Kharagpur","Turbomachinery, gas turbines, Neural Netowrks, Graph Neutal networks, heometric deep learning",,https://scholar.google.com/citations?hl=en&user=G4FUpB4AAAAJ
Yatendra Singh,Indian Institute of Technology Kharagpur,"LAI, Remote Sensing, AFOLU, Agroforestry",,https://scholar.google.com/citations?hl=en&user=Y92ZbMQAAAAJ
NILAY DEY,"Centre for Ocean,River,Atmosphere and Land sciences (CORAL),Indian Institute of …","Atmospheric Sciences, Water Quality, Surface water",,https://scholar.google.com/citations?hl=en&user=zE-xiQ8AAAAJ
Abhinav,Indian Institute of Technology Kharagpur,"Reliability engineering, Quantum computing, Probabilistic methods, Quantum machine learning",,https://scholar.google.com/citations?hl=en&user=ieZq4JwAAAAJ
Indrajit Chaudhuri,Indian Institute of Technology Kharagpur,"Machine Learning, Deep Learning",,https://scholar.google.com/citations?hl=en&user=qZviv5cAAAAJ
Ishaan Sinha,"CSE Graduate, Indian Institute of Technology, Kharagpur","Artificial Intelligence, Natural Language Processing, Computational Biology, Bioinformatics",,https://scholar.google.com/citations?hl=en&user=Mbzq9vkAAAAJ
Soumyadeep Dutta,"Undergraduate, Department of Mathematics, IIT Kharagpur, India","Machine Learning, Statistics",,https://scholar.google.com/citations?hl=en&user=mzE7svQAAAAJ
Sovan Chakraborty,"School of Medical Science and Technology, IIT Kharagpur","Human disease biology, genomics, multi-omics etc.",,https://scholar.google.com/citations?hl=en&user=UmOt2YQAAAAJ
Rishabh Moonka,IIT Kharagpur,Artificial Intelligence,,https://scholar.google.com/citations?hl=en&user=r4VxEPIAAAAJ
Aditya Singh,IIT Kharagpur,"ML, DL, RAG",,https://scholar.google.com/citations?hl=en&user=MJuaEZwAAAAJ
Amit Pramanick,IIT Kharagpur,"Feminist Literature, South Asian Literature",,https://scholar.google.com/citations?hl=en&user=mmIpJHwAAAAJ
Yari Takam,IIT Kharagpur,"Food Science, Food Technology, Clinical Nutrition, Nutraceuticals",,https://scholar.google.com/citations?hl=en&user=QeANSfIAAAAJ
Suryadeep Dey,"Indian Institute of Technology, Kharagpur","Polymer nanocomposites, Polymer blends, Self healing materials, EMI shielding",,https://scholar.google.com/citations?hl=en&user=FHA2_JAAAAAJ
Saikat Mondal,"Department of Physics, Indian Institute of Technology Kharagpur","Fiber Optics, Fiber Optic Sensor & Devices, Photonics",,https://scholar.google.com/citations?hl=en&user=fNFCZ-8AAAAJ
Raj Kumar Yadav,Indian Institute of Technology Kharagpur,iron and steel making,,https://scholar.google.com/citations?hl=en&user=QUpLvRYAAAAJ
Arpita Parhi,IIT Kharagpur,Paleoclimatology  Lake sediments …,,https://scholar.google.com/citations?hl=en&user=Lfhv6NYAAAAJ
Debasmita Sarma Chaudhuri,Indian Institute of Technology Kharagpur,"Cancer Systems Biology, Drug resistance in cancer, Machine learning in Biology",,https://scholar.google.com/citations?hl=en&user=z6_ZkOUAAAAJ
Pranjal Dubey,Indian Institute of Technology Kharagpur,"Machine Learning, Photocatalysis, Advance Oxidation Process, Nanoparticles, Catalyst",,https://scholar.google.com/citations?hl=en&user=O5Iq52AAAAAJ
Sayantan Kuila,"MS (Research), Indian Institute of Technology","Wearable Sensing, Human Activity Recognition, Domain Adaptation",,https://scholar.google.com/citations?hl=en&user=W-7VZDIAAAAJ
Sagarneel Ghoshal,"Department of Physics, Indian Institute of Technology Kharagpur","Neuromorphic Computing, Semiconductor Devices, Optoelectronics, AI hardware, Machine Learning",,https://scholar.google.com/citations?hl=en&user=rGZbsCMAAAAJ
Sandeep Kumar,"Indian Institute of Technology, Kharagpur","Natural Language processing, Low resource NLP, Reinforcement learning, Reasoning",,https://scholar.google.com/citations?hl=en&user=oPSAX3gAAAAJ
Amogh Joshi,"CSE, IIT Kharagpur and University of Manchester","Large Language Models, Dynamic Mode Decomposition",,https://scholar.google.com/citations?hl=en&user=8Q1euDMAAAAJ
Ishan Majumdar,IIT Kharagpur,,,https://scholar.google.com/citations?hl=en&user=GXZr4mUAAAAJ
SAURABH SAINI,"Indian Institute of Technology Kharagpur, Kharagpur India","Seismology, Earthquake Clustering, Seismic Hazard, Coulomb Stress",,https://scholar.google.com/citations?hl=en&user=hbvP5Q4AAAAJ
