Name,Affiliation,Interests,Cited By,Profile URL
Zillur Rahman,"Professor, Department of Management Studies, IIT Roorkee","Marketing, Consumer Behaviour, Services Marketing, Branding, New Technologies",27857,https://scholar.google.com/citations?hl=en&user=9nWkKXAAAAAJ
Ankit Jain,IIT Roorkee,"Optimization, Strategic Analysis",26288,https://scholar.google.com/citations?hl=en&user=jBNI1EUAAAAJ
Vimal Chandra srivastava,"Professor of Chemical Egineering, Indian Institute of Technology Roorkee, Roorkee","Separation Processes & Catalysis, Pollution Abatement, Desulfurization, CO2 Utilization & Alternative Fuels, Nanomaterials",24148,https://scholar.google.com/citations?hl=en&user=vXB9eOwAAAAJ
RP Saini,"HRED, IIT Roorkee","Small Hydro Power, Solar Energy and Other Renewable Energy …",21186,https://scholar.google.com/citations?hl=en&user=InISv4QAAAAJ
Pradeep Kumar,"Professor, Mechanical & Industrial Engineering, IIT Roorkee","Nano/Micro Machining, Industry 4.0, Business Process Reengineering & Supply …, Quality and Reliability Engineerin",20920,https://scholar.google.com/citations?hl=en&user=sJy047QAAAAJ
Mahendra Pal Sharma,"Professor ,Department of Hydro and Renewable Energy, IIT Roorkee, Uttarakhand, India","Renewable Energy, Bio energy, Water Quality Mapping, Conservation of lakes and rivers, Induction Generators",17569,https://scholar.google.com/citations?hl=en&user=P3RVZy4AAAAJ
Sanjay Kumar,"Indian Institute of Technology Roorkee, India.","Condensed Matter Physics (Theory), Physics of Graphene and its multilayers",16937,https://scholar.google.com/citations?hl=en&user=vBH2TyEAAAAJ
Dr. Surendra Kumar Mishra,"Professor (HAG), Dept. of Water Resources Development and Management, IIT Roorkee","Rainfall-runoff-sediment yield modelling, dam break analysis, water audit, EIA/EMP studies",15362,https://scholar.google.com/citations?hl=en&user=r8ps9gUAAAAJ
B. Prasad,"Professor, Department of Chemical Engineering, Indian institute of Technology Roorkee …","Biomass energy, air and water pollution",14055,https://scholar.google.com/citations?hl=en&user=o-EDdTsAAAAJ
Rajendra Goyal,"Ex. Professor of Chemistry, IIT Roorkee","Sensors, electroanalytical chemistry",13834,https://scholar.google.com/citations?hl=en&user=k7K_xFEAAAAJ
KRISHNA KUMAR GUPTA 24908014,INDIAN INSTITUTE OF  TECHNOLOGY ROORKEE,ENERGY STORAGE,13789,https://scholar.google.com/citations?hl=en&user=ZStDNXAAAAAJ
Naseem Ahmed,"Professor, Department of Chemistry, IIT Roorkee","Organic Chemistry, Biomedical",13561,https://scholar.google.com/citations?hl=en&user=ov17FrkAAAAJ
Vinod K. Shahi,"CSIR-CSMCRI ...Bhavnagar (Gujarat), Present: Department of Polymer and Process …","Water, Fuel Cell, Membrane Science and Separation …",12813,https://scholar.google.com/citations?hl=en&user=sVDvwNUAAAAJ
Ashok Kumar Singh,"Professor, Department of Chemistry, Indian Institute of Technology Roorkee","Macrocyclic synthesis, chemical sensors",12791,https://scholar.google.com/citations?hl=en&user=4i56bO4AAAAJ
Patit Paban Kundu,"Professor of Chemical Engineering, Indian Institute of Technology, Roorkee","Membrane Sc & Technology, Microbial Fuel Cell, DMFC, URFC, drug delivery",12367,https://scholar.google.com/citations?hl=en&user=0oUMSG0AAAAJ
Sharad K Jain,"Visiting Professor, Civil Engg., Indian Institute of Technology, Gandhinagar, Ex -IIT Roorkee …","Hydrology, Water resources, water governance, impact of climate change, environment",12275,https://scholar.google.com/citations?hl=en&user=269avwoAAAAJ
Debrupa Lahiri,"Professor, Metallurgical and Materials Engineering, IIT Roorkee","Biomaterials, Nano-mechanics, Composites and Nanomaterials for Structural …",11849,https://scholar.google.com/citations?hl=en&user=3dz-GbMAAAAJ
Millie Pant,"Professor, mathematics and computer, Indian Institute of Technology, Roorkee","Numerical Optimization, Evolutionary Algorithms, Swarm Intelligence Techniques",11794,https://scholar.google.com/citations?hl=en&user=VEAXM8IAAAAJ
Balasubramanian Raman,"Professor (HAG) & Head of Computer Science and Engineering, IIT Roorkee","Computer Vision, Image Processing, Artificial Intelligence, Machine Learning, Deep Learning",11704,https://scholar.google.com/citations?hl=en&user=QU2O6JMAAAAJ
Sparsh Mittal,"Associate Professor at ECE and Mehta Family School of DS&AI, IIT Roorkee","Deep learning, Computer vision, Machine learning, Computer architecture, non-volatile memory",11420,https://scholar.google.com/citations?hl=en&user=Hz44YrEAAAAJ
"Dr. KR Justin Thomas, FRSC","HAG Professor, Department of Chemistry, Indian Institute of Technology Roorkee, Roorkee …","Organic materials for electronic applications, structure property relationship in organic …, organic light-emitting diod",11327,https://scholar.google.com/citations?hl=en&user=Rrmc3gcAAAAJ
Partha Roy,Indian Institute of Technology Roorkee,"Biotechnology, Endocrinology, Pharmacology, Toxicology, Material Science",11274,https://scholar.google.com/citations?hl=en&user=7fNSHoQAAAAJ
Brajesh Kumar Kaushik,"Professor of Electronics and Communication Engg., IIT-Roorkee","Spintronics, VLSI Image processing, Interconnects, Biosensors",10757,https://scholar.google.com/citations?hl=en&user=k8ZqlzYAAAAJ
Ramesh Chandra,"Professor, Institute Instrumentation Centre, IIT Roorkee","Physics, Material Science, Thin Films, Nanomaterials",10625,https://scholar.google.com/citations?hl=en&user=VOwGOJQAAAAJ
Bhupinder Singh,"Associate Professor of Civil Engineering, Indian Institute of Technology Roorkee","Reinforced Concrete, Recycled Aggregate Concrete, Sustainable Development, Self Compacting Concrete, Structures under Earthquake and Fire",10604,https://scholar.google.com/citations?hl=en&user=uMWkJMYAAAAJ
Dr. Gopinath Packirisamy,"Professor,Department of Biosciences and Bioengineering,Indian Institute of Technology …","Biomedical nanotechnology, Drug delivery, Bioimaging, Tissue engineering",10603,https://scholar.google.com/citations?hl=en&user=AiSVvYsAAAAJ
RP Gupta,"Professor of Earth Resource Technology, IIT Roorkee",Remote Sensing,10570,https://scholar.google.com/citations?hl=en&user=hhFZxpYAAAAJ
Sushil Auluck,"National  Physical Laboratory and IIT Roorkee,Kanpur,Delhi,India","DFT, Interfaces, Ferroelectrics, Thermoelectricity, Optical properties",10529,https://scholar.google.com/citations?hl=en&user=0UTfboAAAAAJ
Kusum Deep,"Retired Emeritus Professor, Department of Mathematics, Indian Institute of Technology …","Nature Inspired Optimization Techniques, Genetic Agorithms, Particle Swarm Optimization, Soft Computing, Evolutionary Algorithms",10386,https://scholar.google.com/citations?hl=en&user=ByQN_c0AAAAJ
Yuvraj Singh Negi,"IIT Roorkee, Uttrakhand","Polymer Science, Nano Materials, Drug Delivery, Ferroelectric Liquid Crystals, Materials Science",10032,https://scholar.google.com/citations?hl=en&user=jbG3s9IAAAAJ
AA Kazmi,"Associate Professor, IIT Roorkee","Water and wastewater treatment, water quality, solid waste management, composting",9978,https://scholar.google.com/citations?hl=en&user=ZKfXrvEAAAAJ
Suraj P Harsha,"Indian Railways Chair Professor at MIED, IIT Roorkee",Vibration and Control,9798,https://scholar.google.com/citations?hl=en&user=dM_9ghIAAAAJ
Vikas Pruthi,"Professor, Department of Biotechnology, IIT Roorkee",microbial technology,9461,https://scholar.google.com/citations?hl=en&user=5Td0uvkAAAAJ
Kirtiraj K. Gaikwad,HoD & Associate Professor @ Indian Institute of Technology Roorkee (IIT Roorkee),"Packaging Technology, Food Safety",9339,https://scholar.google.com/citations?hl=en&user=4UnJxWgAAAAJ
Mannar R. Maurya,"Professor of Chemistry, IIT Roorkee","Inorganic chemistry, Catalysis",8959,https://scholar.google.com/citations?hl=en&user=t0jyjIMAAAAJ
Surendra Pal Singh,"Professor, Paper Technology, IIT Roorkee","Paper Technology, Chemical Engineering",8847,https://scholar.google.com/citations?hl=en&user=rDdXFfsAAAAJ
Dinesh Kumar,"Mechanical and Industrial engg Dept. , IIT Roorkee","supply chain management, healthcare management, reliability, maintenance engineering, financial management",8702,https://scholar.google.com/citations?hl=en&user=1o6y0YMAAAAJ
Inderdeep Singh,"Professor, Indian Institute of Technology Roorkee","Composite Materials, Manufacturing, Characterization, Natural Fiber Reinforced Composites, Green Composites",8630,https://scholar.google.com/citations?hl=en&user=-O4pphgAAAAJ
Ashish Pandey,"Bharat Singh Chair Professor, and Former Head, Dept. WRD&M, IIT Roorkee","Hydrology, Water Resources, Irrigation Management",8627,https://scholar.google.com/citations?hl=en&user=YFimKCQAAAAJ
devendra singh,indian institute of technology roorkee,spray forming modeling coating thin films,8533,https://scholar.google.com/citations?hl=en&user=7u_DSSEAAAAJ
KL Yadav,"Professor [HAG], Indian Institute of Technology Roorkee","Smart Nanomaterials, Biomaterials, Supercapacitors, Batteries",8350,https://scholar.google.com/citations?hl=en&user=piTGPrUAAAAJ
"csp ojha,chandra sp ojha, chandra shekhar ojha, CSP Ojha, Chandra shekhar prasad Ojha, CPOjha","Professor of Civil Engineering, IIT Roorkee","water resources, environmental engneering",8306,https://scholar.google.com/citations?hl=en&user=4Ij6fogAAAAJ
Apurbba Kumar Sharma,"Professor of Mechanical and Industrial Engineering, Indian Institute of Technology Roorkee","Surface Engineering, Advanced Manufacturing Processes, Microwave Materials Processing, Hybrid",8291,https://scholar.google.com/citations?hl=en&user=1jkHT0gAAAAJ
Durga Toshniwal,Indian Institute of Technology Roorkee India,"Artificial Intelligence and Machine Learning, Data Mining, Intelligent Transportation Systems, Time Series Data Mining, privacy",8131,https://scholar.google.com/citations?hl=en&user=2RfI0fkAAAAJ
Sunil Bajpai,"Department of Earth Sciences, IIT Roorkee, India","paleontology, geology, evolution, paleobiogeography",8108,https://scholar.google.com/citations?hl=en&user=I-6v6xsAAAAJ
Deepak Khare,"Professor, WRDM,IIT Roorkee","Water Res. Planning & Management, Groundwater, Urban Water, Climate Change",7842,https://scholar.google.com/citations?hl=en&user=MjGrfksAAAAJ
Dr Madhu Jain,"Professor, Department of Mathematics, Indian Institute of Technology Roorkee Roorkee","Stochastic Process, AI & Machine Learning, Queueing &  Reliability, Inventory & SCM, Soft Computing",7765,https://scholar.google.com/citations?hl=en&user=3FG971wAAAAJ
prasenjit mondal,IIT Roorkee,"… engineering (water and waste water treatment …, energy co",7762,https://scholar.google.com/citations?hl=en&user=sBIcB9gAAAAJ
Indra Vir Singh,"Professor, Indian Institute of Technology Roorkee","Fracture and Damage Mechanics, Fatigue, Mechanical Behaviour of Materials, Composites, XFEM",7650,https://scholar.google.com/citations?hl=en&user=mgZmcSkAAAAJ
Dheerendra Kumar Dwivedi,"IIT ROORKEE, INDIA, PIN: 247667","Manufacturing, Welding, Surface modification, Mechanical properties, Microstructure",7621,https://scholar.google.com/citations?hl=en&user=gpTmDd4AAAAJ
BR Gurjar,"Professor (HAG), Former Dean of Resources & Alumni Affairs, IIT Roorkee, India","Sustainable transport, Atmospheric emissions, Air Quality, Health Risk, Environmental sustainability",7584,https://scholar.google.com/citations?hl=en&user=9M9vBUEAAAAJ
PROFESSOR DAVINDER KAUR,"PROFESSOR HAG, INSTITUTE CHAIR PROFESSOR,  DEPT. OF PHYSICS, INDIAN …","Nanotechnology, Thin Films, MEMS, Sensors, Memory Devices",7459,https://scholar.google.com/citations?hl=en&user=dm-ZzwMAAAAJ
Pradip K. Maji,"Institute Chair Professor, IIT Roorkee, India","Nanocomposite, Nanocellulose, Graphene, Polymer Technology, Rubber Technology",7158,https://scholar.google.com/citations?hl=en&user=sFEjyMgAAAAJ
Bina Gupta,"Professor, Department of Chemistry, Indian Institute of Technology Roorkee","Extraction Separation and Recovery of metals, Analytical chemistry, environmental chemistry, pesticides",7154,https://scholar.google.com/citations?hl=en&user=oPUuiLUAAAAJ
RAJ KUMAR,IIT Roorkee,Quantum Optics        Quantum Computing,7139,https://scholar.google.com/citations?hl=en&user=WXmYePcAAAAJ
Prof. Pramod Kumar Gupta,"PROFESSOR, STRUCTURAL ENGINEERING, DEPARTMENT OF CIVIL ENGINEERING IIT …","STRUCTURAL MECHANICS, STEEL-CONCRETE COMPOSITES, CONCRETE FILLED TUBES, LARGE DEFORMATIONS",6957,https://scholar.google.com/citations?hl=en&user=HXzyLyoAAAAJ
Satish Chandra,"Professor of Civil Engineering (Former Director, CRRI), IIT Roorkee","traffic flow modeling, traffic engineering, highway materials",6912,https://scholar.google.com/citations?hl=en&user=-a00qwgAAAAJ
Bhupendra K Gandhi,"Professor, Department of Mechanical and Industrial Engineering, IIT Roorkee","Fluid mechanics, Hydropower, Hydrodynamic machines, Erosion wear, Flow measurement",6847,https://scholar.google.com/citations?hl=en&user=UKrBuMEAAAAJ
Ashok Kumar,"Professor of Earthquake Engineering, Indian Institute of Technology Roorkee, India","Strong motion instrumentation, ground motion studies, structural identification, structural health monitoring and damage …",6700,https://scholar.google.com/citations?hl=en&user=BXzn9eYAAAAJ
Indranil Lahiri,"Professor, Metallurgical and Materials Engg, Indian Institute of Technology (IIT) Roorkee","Carbon Nanotube, Graphene, Nanomaterials for Electronic and Energy and …",6660,https://scholar.google.com/citations?hl=en&user=R3MjHEsAAAAJ
Dr. SP Singh,"Professor, IIT Roorkee","Power Electronics and Electric Drives, Renewable Energy, Small Hydro",6532,https://scholar.google.com/citations?hl=en&user=tcgLuZUAAAAJ
Hem C. Kandpal,"Assistant Professor, Department of Chemistry, IIT Roorkee","Computational material science, solid state chemistry",6441,https://scholar.google.com/citations?hl=en&user=0QZudlsAAAAJ
Kaushik Parida,"Indian Institute of Technology Roorkee (IIT Roorkee), NanyangTechnological University","Soft Electronic, Triboelectric Nanogenerator, Piezoelectric Nanogenerator, Electronic-skin, Energy",6272,https://scholar.google.com/citations?hl=en&user=bM1dtJMAAAAJ
HARI OM GUPTA,RETIRED from DIRECTOR JIIT NOIDA and IIT ROORKEE,"Power System, Reliability, Transformer, Control System, Drives",6067,https://scholar.google.com/citations?hl=en&user=6ZsO8LgAAAAJ
Prof. Kaushik Pal,"Professor, Department of Mechanical and Industrial Engineeering, IIT Roorkee-247667.","Advanced nanomaterials, Targeted drug delivery and Biomedical …, Sensors, Energy harvesting",6043,https://scholar.google.com/citations?hl=en&user=BtR4zuoAAAAJ
Krishna Mohan Poluri,"Professor, Department of Biosiciences and Bioengineering, Indian Institute of Technology …","Structural & Computational Biology, NMR Spectroscopy, NanoBiotechnology, Algal Biotechnology",5898,https://scholar.google.com/citations?hl=en&user=qaJR3hMAAAAJ
Moumita Maiti,Indian Institute of Technology Roorkee,"Nuclear reaction, Isotope production, nuclear data, nuclear chemistry, nuclear physics",5832,https://scholar.google.com/citations?hl=en&user=uxBWHTUAAAAJ
Arun K. Saraf,"University of Dundee, United Kingdom; Indian Institute of Technology Roorkee, India","Teaching, Research (Remote Sensing, GIS, Geomorphology, Geohydrology)",5704,https://scholar.google.com/citations?hl=en&user=TLJDrHQAAAAJ
Dr. Nishi Kant Bhardwaj,"Visiting Professor, Department of Paper Technology, IIT Roorkee","Pulp & Paper Technology, Recycling, Environment",5693,https://scholar.google.com/citations?hl=en&user=QMdF2E8AAAAJ
Dr. Amalendu Patnaik,"Professor, Electronics and Communication Engineering, IIT Roorkee","Microstrip antennas, array signal processing, soft-computing techniques in …",5690,https://scholar.google.com/citations?hl=en&user=Xt8YADwAAAAJ
Rajib Chowdhury,"Professor, IIT Roorkee, India","Modelling, Simulation, Reliability, Nanomechanics, Computational Material Science",5610,https://scholar.google.com/citations?hl=en&user=NuP8ItUAAAAJ
Dr RS Anand,IIT Roorkee,,5572,https://scholar.google.com/citations?hl=en&user=r7_w1jAAAAAJ
Mohd Ashraf Iqbal,"Professor, Civil Engineering, IIT Roorkee","Impact Mechanics, Crash, Blast, Penetration",5476,https://scholar.google.com/citations?hl=en&user=mUzzIwsAAAAJ
Ravi Kumar,Indian Institute of Technology Roorkee,,5464,https://scholar.google.com/citations?hl=en&user=eijeZDcAAAAJ
BK Mishra,IIT Roorkee,"solid mechanics, fracture mechanics, composite materials",5452,https://scholar.google.com/citations?hl=en&user=Ycn7ahcAAAAJ
Ravi Bhushan,"Professor, Department of Chemistry, Indian Institute of Technology Roorkee","Organic chemistry, Enantioseparation, Liquid chromatography, Protein chemistry",5427,https://scholar.google.com/citations?hl=en&user=-fE0yDwAAAAJ
P Jeevanandam,"Department of Chemistry, Indian Institute of Technology Roorkee",Nanoparticles,5399,https://scholar.google.com/citations?hl=en&user=YMhDgVIAAAAJ
Rajat Agrawal,"Professor, Department of Management Studies, IIT Roorkee","Supply chain management, sprituality",5357,https://scholar.google.com/citations?hl=en&user=wp7djCYAAAAJ
Vishal kumar,IIT Roorkee,,5347,https://scholar.google.com/citations?hl=en&user=8LgsalcAAAAJ
Prof. RP Maheshwari,"Professor of Electrical Engineering, IIT Roorkee","Power System Protection, Digital Signal Processing, Image Processing",5347,https://scholar.google.com/citations?hl=en&user=ZaBya3QAAAAJ
Abhishek Nag,"Assistant Professor, Department of Physics, Indian Institute of Technology, Roorkee, India","Charge-magnetisation dynamics, Multiferroics, Spin-Orbit Coupling, Ultrafast Spectroscopy",5206,https://scholar.google.com/citations?hl=en&user=C-owNuAAAAAJ
"Anil K. Sharma, Professor","Department of Management Studies, Indian Institute of Technology",Finance and Accounting,5153,https://scholar.google.com/citations?hl=en&user=DnWW4XgAAAAJ
Prof.Manoranjan Parida,"Professor, Civil Engineering  Department, Indian Institute of Technology Roorkee","URBAN TRANSPORT PLANNING, TRANSPORTATION SAFETY AND …",5056,https://scholar.google.com/citations?hl=en&user=SsxEiMwAAAAJ
Pradeep Srivastava,"Department of Earth Sciences, IIT Roorkee, India",Quaternary Geology,5037,https://scholar.google.com/citations?hl=en&user=2L5O7u8AAAAJ
Sunil Kumar Singal,iit roorkee,"small hydropower, cost optimisation",5011,https://scholar.google.com/citations?hl=en&user=PxUDaOIAAAAJ
Prof. Gaurav Manik,"Professor,Department of Polymer & Process Engineering, Indian Institute of Technology …","Molecular Simulations, Proces Simulation & Control, Polymer Science & Engineering, Chemical Engg.",4958,https://scholar.google.com/citations?hl=en&user=iGBcgEQAAAAJ
Rahul Dev Garg,Professor IIT Roorkee,"Geoinformatics, Remote Sensing, GIS, GPS",4955,https://scholar.google.com/citations?hl=en&user=QdQNyY4AAAAJ
sham sondhi,"Professor, Department of Chemistry, Indian Institute of Technology Roorkee","organic chemistry, medicinal chemistry, analytical chemistry",4872,https://scholar.google.com/citations?hl=en&user=5gsnRAQAAAAJ
Subodh Sharma,Indian Institute of Technology Roorkee,"Aquatic Ecology, Freshwater Macroinvertebrates, WASH",4842,https://scholar.google.com/citations?hl=en&user=0x7aXlIAAAAJ
Paramasivan Arumugam,Indian Institute of Technology Roorkee,"Nuclear Physics, Radio Astronomy, Quantum Computing, Quantum Information",4758,https://scholar.google.com/citations?hl=en&user=jso3N-4AAAAJ
Akshay Dvivedi,"Professor of Mechanical and Industrial Engineering, IIT Roorkee","Non Traditional Machining, Quality, EDM, ECDM, USM",4652,https://scholar.google.com/citations?hl=en&user=N1DmCmEAAAAJ
Sudeb Dasgupta,"Department of Electronics and Communication Engineering, IIT Roorkee","Low Power Design, Nanoscale Device Modelling, Radiation Hard ICs and Devices",4643,https://scholar.google.com/citations?hl=en&user=62C6sgcAAAAJ
"SUJAY CHATTOPADHYAY, IITR","Professor, Polymer & Process Eng.,  IIT Roorkee",Electromembrane Drug delivery Phase …,4594,https://scholar.google.com/citations?hl=en&user=LQADBDEAAAAJ
Yogesh Vijay  Hote,"Dept. of Electrical Engineering, IIT Roorkee",Control systems,4558,https://scholar.google.com/citations?hl=en&user=vAf0AZAAAAAJ
Writam Banerjee,"GlobalFoundries, IIT Roorkee","Non-volatile memory, Thin films, resistive switching",4537,https://scholar.google.com/citations?hl=en&user=8iKLiz4AAAAJ
Pravindra Kumar,Professor at Indian Institute of Technology Roorkee,"Structural biology, Drug resistance and Bioremediation",4527,https://scholar.google.com/citations?hl=en&user=mnrRSKUAAAAJ
Rahul Kumar Singh,IIT Roorkee,"Water, Hydrology, Hydrological Modelling, Environmental flow",4520,https://scholar.google.com/citations?hl=en&user=73HK85cAAAAJ
Dr. Santosh Rangnekar,Indian Institute of Technology Roorkee,"HRM, OB, KM, Technology Management",4518,https://scholar.google.com/citations?hl=en&user=MfhakUYAAAAJ
Arun Awasthi,"Professor of Geology, IITRoorkee, Roorkee, India",Applied Geology,4488,https://scholar.google.com/citations?hl=en&user=z-FIntcAAAAJ
Dr. Dheeraj K. Khatod,"Professor, Department of Electrical Engineering, IIT Roorkee","Power System, Renewable Energy",4460,https://scholar.google.com/citations?hl=en&user=NZ1ZMQUAAAAJ
Raj Kumar Dutta,"Professor, Department of Chemistry, Indian Institute of Technology Roorkee","Nanomaterials, Quantum dots, Sensing applications, Photocatalysis, Adsorption",4457,https://scholar.google.com/citations?hl=en&user=qrLyY6cAAAAJ
AVINASH PARASHAR,IIT Roorkee,"Atomistic simulations, molecular dynamics, nanocomposites, high entropy alloys",4446,https://scholar.google.com/citations?hl=en&user=yni96p8AAAAJ
mala nath,"Department of Chemistry, Indian Institute of Technology Roorkee","Organotin chemistry, Li-ion battery, chemical evolution, ferrites, coordination chemistry",4410,https://scholar.google.com/citations?hl=en&user=2LIHliMAAAAJ
NK Goel,IIT Roorkee,"Hydrology, Water Resources Engineering",4341,https://scholar.google.com/citations?hl=en&user=kOjtxGYAAAAJ
Rishikesh Pandey,"Indian Institute of Technology, Roorkee","Raman Spectroscopy, Biophotonics, Clinical diagnostics, Label-free imaging, Cancer",4312,https://scholar.google.com/citations?hl=en&user=wy8rKtwAAAAJ
Vivek Kumar Malik,"Department of Physics, IIT Roorkee","Thin films, Complex Oxides",4296,https://scholar.google.com/citations?hl=en&user=cvTJHo4AAAAJ
Abhijit Maiti,"Professor, Department of Polymer & Process Engineering, IIT Roorkee","Environmental engineering, Chemical Engineering, Arsenic fluoride and heavy metal removal, Membrane",4292,https://scholar.google.com/citations?hl=en&user=F7QKOXoAAAAJ
Anuj Sharma,Indian Institute of Technology Roorkee,Synthetic organic chemistry,4277,https://scholar.google.com/citations?hl=en&user=wNkUDNIAAAAJ
Sanjay Kumar Ghosh,"Professor & Former HOD, Civil Engineering, IIT Roorkee, Roorkee, Member BOG","GIS, Remote Sensing, Image Processing of digital data, Algorithm development, soft classification of",4270,https://scholar.google.com/citations?hl=en&user=3niZkn8AAAAJ
Narayan Chandra Mishra,Indian institute of Technology Roorkee,,4268,https://scholar.google.com/citations?hl=en&user=Bo8n8tMAAAAJ
Ashish Mohan Yadav,IIT Roorkee,"Distributed computing, optimization",4257,https://scholar.google.com/citations?hl=en&user=6DjY1sEAAAAJ
Dr. Bhavesh Bhalja,Indian Institute of Technology Roorkee,"Digital Protection & Automation, Impact of Distributed Generation, Smart Grid/ Micro and its application",4246,https://scholar.google.com/citations?hl=en&user=mPb3mAkAAAAJ
Dr SH Upadhyay,"Professor, Mechanical & Industrial Engineering Department, Indian Institute of Technology","Nonlinear Dynamics & Vibrations, Rolling Element Bearings, Fault Diagnostic and Prognostic, Smart material and Structure and Nan",4194,https://scholar.google.com/citations?hl=en&user=LurICscAAAAJ
Dr GD Ransinchung RN,Professor in Civil Engineering Department IIT Roorkee,Transportation Engineering,4170,https://scholar.google.com/citations?hl=en&user=R3LdJ7gAAAAJ
Umesh Kumar Sharma,"Professor, Civil Engineering Department, Indian Institute of Technology Roorkee",Structural Engineering,4160,https://scholar.google.com/citations?hl=en&user=rlB1U6YAAAAJ
Ashok K. Jain,"Advisor, AINST, Amity Noida; Formerly Professor, IITRoorkee",Nuclear Physics,4158,https://scholar.google.com/citations?hl=en&user=oFoCl-IAAAAJ
Prof. Ram Jiwari,"Professor, Department of Mathematics, Indian Institute of Technology Roorkee","Numerical Analysis, Finite Element Methods, HHO Methods, Wavelets Analysis, Machine Learning",4136,https://scholar.google.com/citations?hl=en&user=lSX3PyIAAAAJ
Vimal Kumar,"Professor, Department of Chemical Engineering, Indian Institute of Technology Roorkee","Computational Modelling of Multiphasic …, Rheology of Complex Fluids, Interfacial Phenomena",4091,https://scholar.google.com/citations?hl=en&user=N_xTKpAAAAAJ
Monojit Bag,"IITR, Roorkee, Uttarakhand, India","Polymer solar cells, Organic electronics",4061,https://scholar.google.com/citations?hl=en&user=nPuuP64AAAAJ
Sudipta Sarkar,"Professor, Department of Civil Engineering, Indian Institute of Technology Roorkee, India","Nutrient recycling, Wastewater treatment, Trace contaminant removal, Environmental Nanotechnology",4051,https://scholar.google.com/citations?hl=en&user=a-zZ70EAAAAJ
Barjeev Tyagi,"Professor, Department of Electrical Engineering. Indian Institute of Technology Roorkee",,4035,https://scholar.google.com/citations?hl=en&user=KIQNSh4AAAAJ
Dharm Dutt,"Department of Paper Technology, Indian Institute of Technology Roorkee","Biotechnology, Paper Technology, Industrial Microbiology",4011,https://scholar.google.com/citations?hl=en&user=FyRaqFAAAAAJ
Dr. Paritosh Mohanty,"Professor, Department of Chemistry, IIT Roorkee","Materials Chemistry, Nanoporous Materials, Carbon Dioxide Capture and utilization, Nanoscience and Nanotechnology",4007,https://scholar.google.com/citations?hl=en&user=MDUxqyIAAAAJ
Professor Pradeep Kumar Jha,"Dept of Mech & Ind Engg, IIT Roorkee","Metal casting, Tundish steelmaking, Metal matrix composites",4001,https://scholar.google.com/citations?hl=en&user=2t31j2sAAAAJ
Mukat Lal Sharma,"Department of Earthquake Enigneering, Indian Institute of Technology Roorkee","Strong ground motion, Engineering Seismology, Seismic Hazard assessment, DInSAR, Earthquake Engineering",3998,https://scholar.google.com/citations?hl=en&user=pQ6AYIYAAAAJ
Ramesh Anbanandam,"Professor, IIT Roorkee","Humanitarian Supply Chain Management, Sustainable Multi-modal Transportation, Cyber Physical Systems",3970,https://scholar.google.com/citations?hl=en&user=wj2fd9gAAAAJ
KRISHNAN MURUGESAN,"Professor Department of Mechanical & Industrial Engineering, IIT Roorkee, Roorkee …","Heat and moisture transport through saturated …, Computational fluid dynamics, Thermodynamics, Heat t",3918,https://scholar.google.com/citations?hl=en&user=nxqYrpwAAAAJ
AJANTA GOSWAMI,"Professor, Indian Institute of Technology Roorkee & Indian Institute of Remote Sensing","Geology, Remote Sensing, Glaciology, Crysophere, Geohazards",3868,https://scholar.google.com/citations?hl=en&user=qHBOuaYAAAAJ
Kamal Jain,"Rtd. HAG Professor, Department of Civil Engineering & CoEDMM, IIT Roorkee","Photogrammetry, GIS, Lidar, UAV Remote Sensing, GeoAI",3821,https://scholar.google.com/citations?hl=en&user=cpV83aoAAAAJ
Pooja Garg,"Professor,Department of Humanities and Social Sciences,Indian Institute of Technology","Organizational Behavior, Positive Psychology, Human Resource Management",3788,https://scholar.google.com/citations?hl=en&user=xrOSzGsAAAAJ
Anil Kumar Gupta,"Professor - WRDM, IIT Roorkee, India","DRR and Adaptation Policy Strategies, Environment & Health, Safety Management, Capacity Building",3760,https://scholar.google.com/citations?hl=en&user=hDIVB4AAAAAJ
Pradeep Bhargava,"Indian Institute of Technology, Roorkee","Finite Element Analysis, Nonlinear Computational Mechanics, Structural Fire Engineering",3727,https://scholar.google.com/citations?hl=en&user=wLN6hkAAAAAJ
Sanjeev Kumar Prajapati,"Associate Professor, Department of Hydro and Renewable Energy (HRED), IIT Roorkee","Biogas, Biochemical Eng., Biochar, Environmental Bioprocess, Wastewater",3691,https://scholar.google.com/citations?hl=en&user=Ym0vNL4AAAAJ
ML Kansal,"Professor (HAG) and Ex-NEEPCO Chair & Head, WRD&M, IIT Roorkee","Water Resources Development & …, Urban water Systems, Hydropower",3655,https://scholar.google.com/citations?hl=en&user=dg4NwCEAAAAJ
GD Varma,"Department of Physics, Indian Institute of Technology Roorkee",Condensed Matter Physics,3643,https://scholar.google.com/citations?hl=en&user=dbLO1P8AAAAJ
Prof. RP Singh,"Department of Biotechnology, Indian Institute of Technology Roorkee, India","Enzyme Engineering, Biofuels, Biopolymers, Nanobiotechnology",3621,https://scholar.google.com/citations?hl=en&user=YpTKF24AAAAJ
Akhilesh Mohan,"Dept. of Electronics and Communication Engg., Indian Institute of Technology Roorkee","UWB Antenna, MIMO Antenna, Filters, Metamaterial",3601,https://scholar.google.com/citations?hl=en&user=6QhsxmcAAAAJ
Nikhil Dhawan,Indian Institute of Technology,"Mineral Processing, Extractive Metallurgy, Electronic waste recycling",3594,https://scholar.google.com/citations?hl=en&user=GAUjL0gAAAAJ
Shailly Tomar,IIT Roorkee,"Molecular Virology, Biochemistry, Structural biology",3587,https://scholar.google.com/citations?hl=en&user=IA8mfhwAAAAJ
Muniappan Sankar,"Professor, Department of Chemistry, IIT Roorkee, Roorkee-247667, India",Porphyrin Chemistry,3564,https://scholar.google.com/citations?hl=en&user=lWh_w7YAAAAJ
Ranjana Pathania,"Professor, Department of Biotechnology , Indian Institute of Technology Roorkee, India","small RNA in Acinetobacter baumannii …, pathogenesis and antibiotic resistance, novel antibacterial drug discovery and",3474,https://scholar.google.com/citations?hl=en&user=bnHB5kwAAAAJ
Sandeep Singh,Indian Institute of Technology Roorkee,"Geochronology, Himalayan Tectonics, Igneous Petrology, Sr Isotopes.",3443,https://scholar.google.com/citations?hl=en&user=LxU3I5cAAAAJ
Rathinam Anbalagan,Indian Institute of Technology Roorkee,"Engineering Geology, Rock Mechanics, Landslides, Slope Stability, Underground Structures",3409,https://scholar.google.com/citations?hl=en&user=-oUsqQYAAAAJ
SANDHYA SINGH,"Indian Institute of Technology, Roorkee","Biotechnology, Tissue engineering, Polymer, Paper Technology",3396,https://scholar.google.com/citations?hl=en&user=IeMR_f8AAAAJ
B Venkata Manoj Kumar,"Professor, Metallurgical and Materials Engineering, IIT Roorkee","Ceramics, Tribology, Microstructure",3386,https://scholar.google.com/citations?hl=en&user=5UXTiBEAAAAJ
Prof Ankit Agarwal,Indian Institute of Technology Roorkee,"Hydro-climatology and Extreme Events, Monsoon, Climate Change, Machine Learning and Complex Network",3352,https://scholar.google.com/citations?hl=en&user=1UH7AfkAAAAJ
Yogendra Singh,"Professor, Department of Earthquake Engineering, IIT Roorkee","Structural Engineering, Earthquake Engineering, Reinforced Concrete, Seismic Vulnerability, Seismic Risk",3315,https://scholar.google.com/citations?hl=en&user=bkR4wHsAAAAJ
Prof. Praveen Kumar,"Deputy Director, IITR and Professor & Ex Head, Civil Engg., IIT Roorkee, (Ex Director, NIT …","Rural Roads, Bituminous Binders, Warm Mix Asphalt, Modified Binders, Reclaimed Asphalt Pavement",3292,https://scholar.google.com/citations?hl=en&user=s8uuUxkAAAAJ
Kaushik Ghosh,"Professor, IIT Roorkee","Coordination Chemistry, Inorganic biochemistry",3266,https://scholar.google.com/citations?hl=en&user=QEd2fYEAAAAJ
Siva Mohan Reddy,"Associate Professor, Indian Institute of Technology, Roorkee, India","renewable fuels, Supercritical fluids, Waste Incineration etc.",3258,https://scholar.google.com/citations?hl=en&user=LwOrbKUAAAAJ
GN Pillai,"Professor, Department of Electrical Engineering, IIT Roorkee","Artificial Neural Networks and Learning …, Fuzzy Logic, Intelligent Control, Control Application in Power Systems",3258,https://scholar.google.com/citations?hl=en&user=5rz79-AAAAAJ
Brijesh Kumar Yadav,"Professor & Former Head, Department of Hydrology, IIT Roorkee","Groundwater modeling, Bioremediation, Phytoremediation, Plant water uptake, ANN",3256,https://scholar.google.com/citations?hl=en&user=ct4MOYEAAAAJ
Manoj Tripathy,IIT Roorkee,"AI application in Power System Protection & …, Numerical/Digital Relays, Cyber Security",3235,https://scholar.google.com/citations?hl=en&user=BKb2YKkAAAAJ
Rahul S Mulik,"Professor, MIED, IIT Roorkee, India","superfinishing, machining (Conventional & NTM), Rapid prototyping, FSW/FSP, MMC&Coating",3220,https://scholar.google.com/citations?hl=en&user=3FvUR1cAAAAJ
Zulfequar Ahmad,"Professor of Civil Eng., IIT Roorkee, India","Channel and Fluvial Hydraulics, River Engineering, Hydraulic Structures",3218,https://scholar.google.com/citations?hl=en&user=k1W_nvcAAAAJ
Dr. Shiv Prasad Yadav,"Professor (Retired), Deptt. of Mathematics, IIT Roorkee, Roorkee-247667, India","Operations Research, Fuzzy Data Envelopment Analysis, Fuzzy Reliability, Optimal Control Theory",3210,https://scholar.google.com/citations?hl=en&user=Rt8Ad7gAAAAJ
Amit Kumar Dhiman,"Professor, Department of Chemical Engineering, Indian Institute of Technology Roorkee","Computational Fluid Dynamics (CFD), Non-Newtonian Fluid Flow and Heat Transfer, Bluff Body Flow",3165,https://scholar.google.com/citations?hl=en&user=2_LJAowAAAAJ
Dr. Saugata Hazra,"Professor, Indian Institute of Technology Roorkee (IITR)",AMR · Ser and metallo-β-lactamase …,3128,https://scholar.google.com/citations?hl=en&user=SMMGjyUAAAAJ
JKNAYAK,"Professor, Management Studies, IIT Roorkee","B2B Marketing, Pricing, Sustainable marketing",3106,https://scholar.google.com/citations?hl=en&user=FhCTN0kAAAAJ
B. Parkash,Professor retired from IIT Roorkee,"Sedimentology, Geomorphology",3063,https://scholar.google.com/citations?hl=en&user=RMgAig8AAAAJ
Arup Kumar Das,"Department of Mechanical and Industrial Engineering, IIT Roorkee","Two Phase Flow, Microfluidics, Fire Dynamics",3040,https://scholar.google.com/citations?hl=en&user=ovt0bKgAAAAJ
Naveen Kumar Navani,"Professor, Chemical Biology Group, Indian Institute of Technology, Roorkee, India","biosensors, probiotics, nanobiotechnology",3026,https://scholar.google.com/citations?hl=en&user=_P3g6ZMAAAAJ
Dr. Debasis Banerjee,"Indian Institute of Technology Roorkee (IITR), Roorkee","Organic Synthesis, Non-precious metal catalysis, Enantioselective Synthesis, Sustainable Catalysis",3021,https://scholar.google.com/citations?hl=en&user=PZpEqZ8AAAAJ
Govinda Mishra,"Professor of WRDM , IIT ROORKEE","Ground Water, Seepage, Drainage Engineering",2993,https://scholar.google.com/citations?hl=en&user=iOUhQs4AAAAJ
Rajesh Srivastava,"Professor of Physics, Indian Institute of Technology Roorkee",Atomic and Molecular Physics,2985,https://scholar.google.com/citations?hl=en&user=96RE14YAAAAJ
Manish Mishra,"Professor, Mechanical & Industrial Engineering Department, Indian Institute of technology …","Heat Transfer Enhancement, Heat exchangers, Solar Thermal, Solid desiccant cooling, Optimization of thermal systems",2977,https://scholar.google.com/citations?hl=en&user=r4CJ-_kAAAAJ
Neetesh Kumar,"Associate Professor, IIT Roorkee","Cloud Computing, AI, Autonomous Driving, Cyber Physical Systems, Intelligent Transportation Systems",2976,https://scholar.google.com/citations?hl=en&user=Ut_l01AAAAAJ
Rama Krishna Peddinti,"Professor, Department of Chemistry, Indian Institute of Technology Roorkee","Organic Chemistry, Asymmetric Synthesis",2974,https://scholar.google.com/citations?hl=en&user=8dTD1RwAAAAJ
Udai Singh,"Department of Chemistry, IIT Roorkee",Inorganic Chemistry,2961,https://scholar.google.com/citations?hl=en&user=mjf3A0UAAAAJ
Dr.(Mrs.)Shashi Kumar,"Former Professor, Department of Chemical Engg., IIT Roorkee","Modelling and Simulation of Chemical …, Transfer Processes, Computer Aided Process and Plant Design, Membrane Processes",2947,https://scholar.google.com/citations?hl=en&user=s2euakQAAAAJ
Gajanan Chaudhari,"Professor of Metallurgical and Materials Eng, Indian Institute of Technology Roorkee India","corrosion, metallic materials",2918,https://scholar.google.com/citations?hl=en&user=owRCTzUAAAAJ
CP Gupta,"Professor, Indian Institute of Technology, Roorkee",Power Systems,2828,https://scholar.google.com/citations?hl=en&user=JC-bC4MAAAAJ
varun sharma,Indian Institute of Technology Roorkee,"Conventional and Non conventional …, Rapid Prototyping and its applications",2810,https://scholar.google.com/citations?hl=en&user=TvwWrhcAAAAJ
Sateesh Kumar Peddoju,"Indian Institute of Technology Roorkee, India","Cyber Security, Internet of Things, Edge Computing, Cloud Computing",2806,https://scholar.google.com/citations?hl=en&user=iMMhgycAAAAJ
Anil Kumar,Indian Institute of Technology Roorkee,Nanotechnology,2766,https://scholar.google.com/citations?hl=en&user=m1baGBcAAAAJ
Ram Prakash Bharti,"Professor, Department of Chemical Engineering, IIT Roorkee","Fluid Dynamics, Microfluidics, Rheology, Electrokinetic Flows, Heat Transfer",2736,https://scholar.google.com/citations?hl=en&user=vsLU3tcAAAAJ
Nikhil Saboo,"Associate Professor, Indian Institute of Technology, Roorkee","Pavement Materials, Design and Analysis",2721,https://scholar.google.com/citations?hl=en&user=BJNX6_gAAAAJ
Ravita Lamba,"Assistant Professor, Indian Institute of Technology Roorkee","Solar Energy, Modeling and Simulation of Energy Systems, Battery & Fuel cell, Radiative Cooling",2692,https://scholar.google.com/citations?hl=en&user=EtgoscMAAAAJ
Jatin Bedi,Indian Institute of Technology Roorkee,"Data Mining, Machine Learning, Time Series, Predictive Analytics, Big Data",2677,https://scholar.google.com/citations?hl=en&user=IBWqXUUAAAAJ
Purshottam Agrawal,Indian Institute of Technology,"Approximation Theory, Quantum Calculus, Complex Approximation",2674,https://scholar.google.com/citations?hl=en&user=U_R6OxgAAAAJ
Pankaj Agarwal,"Department of Earthquake Engineering, Indian Institute of Technology Roorkee","Earthquake Engineering, Structural Engineering",2660,https://scholar.google.com/citations?hl=en&user=S3kPnYUAAAAJ
Debabrata Sircar,Professor; Biosciences and Bioengineering Department; Indian Institute of Technology …,"Plant Metabolomics, functional genomics, SMART cell technology, plant natural product biotechnology",2652,https://scholar.google.com/citations?hl=en&user=vHNED8gAAAAJ
SARADA PRASAD PRADHAN,"Indian Institute of Technology Roorkee, India","Rock Mechanics, Engineering Geology, Geo-Mechanics, Reservoir Geology",2639,https://scholar.google.com/citations?hl=en&user=rTC50K4AAAAJ
Mahendra Singh,"Emeritus Fellow, Department of Civil Engineering, IIT Roorkee, Roorkee-247667, INDIA",Engineering behaviour of jointed rocks and …,2609,https://scholar.google.com/citations?hl=en&user=KDXk_jEAAAAJ
Soniya Singh,"IIT, Roorkee","Control Theory, Dynamic system, Differential Equations",2570,https://scholar.google.com/citations?hl=en&user=cQRu0CQAAAAJ
Bal Krishna Maheshwari,"Professor of Earthquake Engineering, IIT Roorkee","Geotechnical Earthquake Engineering, Soil-Structure Interaction, Liquefaction, Dynamic Soil Properties, Pile Foundations",2552,https://scholar.google.com/citations?hl=en&user=W5QDUAcAAAAJ
Dr. Sanjoy Ghosh,"Head, Department of Biosciences and Bioengineering, Professor, Biochemical Engineering …","Biochemical/Bioprocess Engineering, Biofuel and Enzyme Production, Process Scale-up",2546,https://scholar.google.com/citations?hl=en&user=iWHCLtEAAAAJ
Ashwani Kumar Sharma,"Department of Biosciences and Bioengineering, IIT Roorkee, India",Protein Biochemistry and Biophysics,2545,https://scholar.google.com/citations?hl=en&user=lxTF46UAAAAJ
Pravendra Singh,"Assistant Professor, IIT Roorkee","Deep Learning, Machine Learning, Computer Vision, Artificial Intelligence",2490,https://scholar.google.com/citations?hl=en&user=YwDTxJMAAAAJ
Srikrishnan Siva Subramanian,"Assistant Professor, Disaster Mitigation and Management, Indian Institute of Technology …","Landslides, Debris flows, Spatio temporal modeling, Rainfall thresholds, Early warning systems",2470,https://scholar.google.com/citations?hl=en&user=hxypt0AAAAAJ
Dr. Rajendra Prasad,"Professor, Department of Electrical Engg., Indian Institute of Technology Roorkee","Control System, Model Order Reduction",2434,https://scholar.google.com/citations?hl=en&user=rPxFSHcAAAAJ
PC Srivastava,"IIT, Roorkee",Nuclear Physics,2420,https://scholar.google.com/citations?hl=en&user=o3E2obIAAAAJ
Pushparaj Mani Pathak,"Professor, Mechanical & Industrial Engineering Department, IIT Roorkee","Robotics, Dynamics, Control, Artificial Intelligence, Bond Graph Modelling",2406,https://scholar.google.com/citations?hl=en&user=cTcZwhcAAAAJ
Vipul Rastogi,"Professor of Physics, Indian Institute of Technology Roorkee, India","Fiber Optics, Photonics, Optoelectronics",2389,https://scholar.google.com/citations?hl=en&user=HeEFKm4AAAAJ
Prof. MJ NIGAM,"Department of Electronics and Communication Engineering, IIT Roorkee",Communication Engineering,2360,https://scholar.google.com/citations?hl=en&user=7Fe0JBsAAAAJ
SK Gupta,"Professor, Department of Mathematics, IIT Roorkee","SVM, Optimization under uncertainty, Optimization theory",2349,https://scholar.google.com/citations?hl=en&user=GS7LEuIAAAAJ
Ameeya Kumar Nayak,"Professor, IIT Roorkee",Computational Fluid Dynamics,2345,https://scholar.google.com/citations?hl=en&user=CPBFS-wAAAAJ
Dr. Sachin Kadian,"Associate Professor, MUJ | UNC/NCSU | Purdue University | University of Alberta | IIT …","Graphene Quantum Dots, Wearable sensors, Microneedles, Biomedical and Flexible devices",2336,https://scholar.google.com/citations?hl=en&user=3EW5P_AAAAAJ
Tapas Kumar Mandal,"Associate Professor, Department of Chemistry, IIT Roorkee",Solid State & Materials Chemistry,2320,https://scholar.google.com/citations?hl=en&user=XWGxw04AAAAJ
Ramasare Prasad,"Professor Department of Biosciences and Bioengineering, Indian Institute of Technology …","Biotechnology, Molecular Biology & Proteomics",2306,https://scholar.google.com/citations?hl=en&user=hmx0FYsAAAAJ
Biplab Sarkar,"Associate Professor, IIT Roorkee",,2305,https://scholar.google.com/citations?hl=en&user=d6vQQ6UAAAAJ
Anuj Upadhyay,"Indian Institute of Technology, Roorkee",,2299,https://scholar.google.com/citations?hl=en&user=hsM5jwsAAAAJ
Dr Premalata Jena,"Professor, IIT Roorkee","Power System Protection, Smart Grid Protection",2247,https://scholar.google.com/citations?hl=en&user=0u8tLssAAAAJ
Dr. Vipin Sharma,Indian Institute of Technology Roorkee,"Friction stir welding & processing, Metal matrix composite, Tribology, Nanomaterials, Energy",2228,https://scholar.google.com/citations?hl=en&user=n7RPymEAAAAJ
Dheeraj Kumar,"Associate Professor, Department of Chemistry,  IIT Roorkee","High Energy Density Materials, Main Group Chemistry, organometallic chemistry, Inorganic Chemistry",2217,https://scholar.google.com/citations?hl=en&user=Yf57CwEAAAAJ
Vinay Pant,Department of Electrical Engineering IIT Roorkee,,2202,https://scholar.google.com/citations?hl=en&user=m9sNxXUAAAAJ
Pranita P Sarangi,"Indian Institute of Technology, Roorkee",Inflammation and Cancer Immunology,2181,https://scholar.google.com/citations?hl=en&user=g1tv1MYAAAAJ
Sonal K. Thengane,"Associate Professor, IIT Roorkee","Biochar, Torrefaction, Gasification & Pyrolysis, Waste to Energy and Hydrogen, Wastewater Treatment",2179,https://scholar.google.com/citations?hl=en&user=91FZfRoAAAAJ
Indrajit Ghosh,"Professor, Dept of Civil Engg & Joint Faculty, Mehta Family School of Data Science & AI, IIT …","AI, ML, Traffic Engineering and Safety",2172,https://scholar.google.com/citations?hl=en&user=PmRjsdUAAAAJ
Ashok D Pandey,"EQD, IITR",Engineering,2171,https://scholar.google.com/citations?hl=en&user=oCsIMk0AAAAJ
Dr. DB Jani,Indian Institute of Technology (IIT)- Roorkee,Desiccant cooling,2171,https://scholar.google.com/citations?hl=en&user=1U3_WSUAAAAJ
Himanshu Fulara,"Associate Professor, Indian Institute of Technology Roorkee","Spintronics, Nanomagnetism, Spin Hall nano devices, Spin-wave dynamics, Neuromorphic computing",2170,https://scholar.google.com/citations?hl=en&user=N0s0sMwAAAAJ
SP Singh,"Professor of Economics, IIT Roorkee","Agricultural economics, Data Envelopment Analysis, labour Economics, Development Economics",2160,https://scholar.google.com/citations?hl=en&user=GQCBVpsAAAAJ
Dwijendra Narain Pandey,"Department of Mathematics, IIT Roorkee","Differential Equation, Semigroup Theory, Control Theory, Delay Differential Equations",2144,https://scholar.google.com/citations?hl=en&user=T_a3icsAAAAJ
Kirat Pal,"Professor, Department of Earthquake Enigneering, Indian Institute of Technology Roorkee","Electronics Circuits, Instrumentation",2105,https://scholar.google.com/citations?hl=en&user=7eM0RbgAAAAJ
Dr DS Arya,"Professor, IIT Roorkee","Surface Water Modelling, Urban Floods, Climate Change Studies, GIS and RS Applications",2084,https://scholar.google.com/citations?hl=en&user=1Q6--dIAAAAJ
Mukesh Kumar Pathak,IIT ROORKEE,"Power Electronics and Electric Drives, Electric Vehicle, Solar PV Systems, Control of Electric Motors and Power …",2062,https://scholar.google.com/citations?hl=en&user=kNmUNiEAAAAJ
Dr Nagendra Prasad Pathak,"Professor (HAG), Electronics & Communication Engineering, IIT Roorkee, India","RFICs, Millimeter Wave ICs, THz Technology, Plasmonics, Non-invasive RF Sensors",2054,https://scholar.google.com/citations?hl=en&user=SQsLu-EAAAAJ
Mohit Prakash Mohanty,"Associate Professor, Department of Water Resources Development and Management, IIT …","HydroClimatology, Flood risk management, Vulnerability mapping, River Engineering, Human Health Risk",2027,https://scholar.google.com/citations?hl=en&user=7THkWAEAAAAJ
Rajat Rastogi,Professor Indian Institute of Technology Roorkee,"Non-motorised transportation, pedestrians, RP-SP data, policy analysis, traff",2023,https://scholar.google.com/citations?hl=en&user=QnQH_3wAAAAJ
Vishwas Sawant,"Professor, Department of Civil Engineering, Indian Institute of Technology, Roorkee",Laterally Loaded Pile in Horizontal and …,2005,https://scholar.google.com/citations?hl=en&user=TbG_wIQAAAAJ
Anirban Mitra,"Associate Professor of IIT, Roorkee","Plasmonics, Semiconductor Photonics",1986,https://scholar.google.com/citations?hl=en&user=iOy8hs4AAAAJ
MM Joglekar,"Professor, Department of Mechanical and Industrial Engineering, IIT Roorkee","Computational Mechanics, Soft Active Materials, Structural Dynamics, MEMs",1974,https://scholar.google.com/citations?hl=en&user=7t30oI4AAAAJ
D Benny Karunakar,"Mechanical & Industrial Engineering Department, Indian Institute of Technology Roorkee …","Metal Casting, Composites",1963,https://scholar.google.com/citations?hl=en&user=I9xEukYAAAAJ
Narendra Kumar Samadhiya,"Professor,  Civil Engineering Department, IIT, Roorkee",GeoTechnical,1951,https://scholar.google.com/citations?hl=en&user=BwZb9e0AAAAJ
KS Hari Prasad,Indian Institute of Technology Roorkee,Hydraulics and Water Reources,1949,https://scholar.google.com/citations?hl=en&user=CHz9XqEAAAAJ
Ashutosh Sharma,"Associate Professor, Department of Hydrology and Joint Faculty, ICED, IIT Roorkee","Large-sample hydorlogy, Hydrological modeling, Terrestrial ecohydrology, Hydroclimatology",1934,https://scholar.google.com/citations?hl=en&user=15sE22kAAAAJ
VIPUL PRAKASH,Indian Institute of Technology Roorkee,Structural Engineering Dynamics Earthquake,1931,https://scholar.google.com/citations?hl=en&user=kcyes24AAAAJ
Dhish Kumar Saxena,"Professor, Department of Mechanical & Industrial Eng.; Mehta Family School of DS & AI, IIT …","Evolutionary Multi- and Many-objective …, ML assisted Optimization",1926,https://scholar.google.com/citations?hl=en&user=cbAvO80AAAAJ
Mohammad Adil Afroz,"Department of Physics, Indian Institute of Technology Roorkee","Perovskite Solar Cell, Polymer Solar Cell, Dye Sensitized Solar Cell, Sensor",1910,https://scholar.google.com/citations?hl=en&user=dz1IKMMAAAAJ
Nachiketa Rai,"Indian Institute of Technology Roorkee, India","Planetary Geoscience, Geochemistry, Experimental Petrology",1904,https://scholar.google.com/citations?hl=en&user=96aRbdMAAAAJ
Avirup Dasgupta,Indian Institute of Technology Roorkee,"Compact modeling, Semiconductor devices",1903,https://scholar.google.com/citations?hl=en&user=FcdmEioAAAAJ
Prakash Biswas,"Professor, Chemical Engineering, Indian Institute of Technology Roorkee",Catalysis and Chemical Reaction …,1889,https://scholar.google.com/citations?hl=en&user=ASW11owAAAAJ
Nitin Khandelwal,"Assistant Professor, Department of Hydrology, IIT Roorkee","Aqueous Geochemistry, Nano-enabled environmental remediation",1868,https://scholar.google.com/citations?hl=en&user=vRi2IdwAAAAJ
Swastika Banerjee,Indian Institute of Technology Roorkee,"Theory & computation for Battery Materials, Capacitors, Charge Carrier Transport",1865,https://scholar.google.com/citations?hl=en&user=RZXrK6cAAAAJ
SANGHARSH KUMAR Tripathi,Indian Institute of Technology Roorkee,"Agronomy, Irrigation Water Management, Agrometeorology",1865,https://scholar.google.com/citations?hl=en&user=1z57j60AAAAJ
Ankit Sharma,IIT ROORKEE,,1862,https://scholar.google.com/citations?hl=en&user=jnAFX_MAAAAJ
Sohom Chakrabarty,"Associate Professor in EED, IIT Roorkee","Control Systems, Sliding Mode Control, Observers, Reinforcement Learning based Control",1844,https://scholar.google.com/citations?hl=en&user=cTSDm04AAAAJ
Chhaya Sharma,"Professor, IIT Roorkee","Pulping/bleaching, corrosion inhibition, chemical tracers, Environmental applications and waste …",1836,https://scholar.google.com/citations?hl=en&user=qUmgx-oAAAAJ
BSS Daniel,"Professor of Metallurgical and Materials Engineering, Indian Institute of Technology Roorkee","Composite materials, metal foams",1811,https://scholar.google.com/citations?hl=en&user=wt7mbkkAAAAJ
Ravi S. Jakka,"Professor, Earthquake Engg. Dept., IIT Roorkee, India","Seismic Slope Stability, Site Characterization, Site Effects, Liquefaction&Hazard Assessment, Foundation",1792,https://scholar.google.com/citations?hl=en&user=yGXzGucAAAAJ
Sandip Banerjee,Indian Institute of Technology Roorkee,"Mathematical Biology, Mathematical Modeling",1789,https://scholar.google.com/citations?hl=en&user=7HHX9dIAAAAJ
Pyari Mohan Pradhan,"Professor, Indian Institute of Technology Roorkee","Signal Processing, Communication, Wireless Sensor Network",1776,https://scholar.google.com/citations?hl=en&user=_eIpqasAAAAJ
Roshan Lal,Indian Institute of Technology Roorkee,"Numerical Analysis, Theory of Elasticity and Vibration",1765,https://scholar.google.com/citations?hl=en&user=8xw2kOMAAAAJ
SUMIT SEN,"Prof &Head, Hydrology Dept., Joint Faculty COE in Disaster Mitigation & Management IIT …","Hillslope Hydrology, Hydrologic Monitoring & Modeling, Watershed Management",1747,https://scholar.google.com/citations?hl=en&user=8yRZrgUAAAAJ
Sachin Kumar Srivastava,Indian Institute of Technology Roorkee,"Nanoplasmonics, Nanophotonics, Nanobiophotonics, Optical biosensors, SERS",1746,https://scholar.google.com/citations?hl=en&user=7yzYnG4AAAAJ
Deepak Srivastava,"Professor, Department of Earth Sciences, Indian Institute of Techonlogy Roorkee, Roorkee","Structural Geology, Stress and Strain analyses",1735,https://scholar.google.com/citations?hl=en&user=iovevmoAAAAJ
Anjan Sil,"Professor of Metallurgical and Materials Engineering, Indian Institute of Technology Roorkee …","Energy Storage Materials, Functional Ceramics",1708,https://scholar.google.com/citations?hl=en&user=Q90WtXIAAAAJ
Siladitya Pal,"Associate Professor, IIT Roorkee","Multiscale modeling of materials, Multiphysics modeling, Fracture, Metamaterial",1696,https://scholar.google.com/citations?hl=en&user=srkoLQIAAAAJ
M. Israil,Indian Institute of Technology Roorkee,"exploration Geophysics, groundwater geophysics, environmental geophysics magnetotellurics",1695,https://scholar.google.com/citations?hl=en&user=T5SGf_cAAAAJ
sudhakar subudhi,IIT Roorkee,"heat transfer, fluid mechanics, energy systems",1678,https://scholar.google.com/citations?hl=en&user=VPTwpH8AAAAJ
Sourav Kumar Sasmal,"Assistant Professor, Indian Institute of Technology Roorkee","Nonlinear Analysis, Mathematical Modeling, Applied Mathematics, Nonlinear Dynamics",1666,https://scholar.google.com/citations?hl=en&user=j3D_FAYAAAAJ
Virendra Kumar,Indian Institute of Technology Roorkee,Health Systems,1655,https://scholar.google.com/citations?hl=en&user=ezzDp1YAAAAJ
Vidit GAUR,"Indian Institute of Technology, Roorkee","Fatigue, Fracture, FEM, CPFEM",1650,https://scholar.google.com/citations?hl=en&user=WDsfhPwAAAAJ
Dongari Yadagiri,IIT Roorkee,Organic synthesis and Catalysis,1633,https://scholar.google.com/citations?hl=en&user=sue-lSwAAAAJ
Manil T. Mohan,"Associate Professor, Department of Mathematics, IIT Roorkee","Stochastic (Partial) Differential Equations, Partial Differential Equations, Stochastic Analysis, Control Theory",1609,https://scholar.google.com/citations?hl=en&user=iivX9kMAAAAJ
Rajib Kumar Panigrahi,"Professor, ECE Department, IIT Roorkee","Radar-based remote sensing, polarimetric SAR interferometry, Radar system design and development, AI",1603,https://scholar.google.com/citations?hl=en&user=pZdpRigAAAAJ
Vivek Pancholi,"Professor, Metallurgical and Materials Engineering, IIT Roorkee","High temperature deformation, Friction stir processing, Crystallographic texture",1597,https://scholar.google.com/citations?hl=en&user=6bB6OD0AAAAJ
Dr. Kenkera Rayappa Naveen,"Assistant Professor, Department of Polymer & Process Engineering, IIT-Roorkee","Organic Materials, Polymer Science, Optoelectronic Devices",1587,https://scholar.google.com/citations?hl=en&user=NYydXiMAAAAJ
Pallavi Gupta,IIT Roorkee,"Biomaterials, Tissue engineering",1586,https://scholar.google.com/citations?hl=en&user=oS5WrjoAAAAJ
Santanu Pradhan,"Associate Professor, Indian Institute of Technology Roorkee","QD photovoltaics, organic photovoltaics, QD LED, photon up-conversion, spectroscopy",1579,https://scholar.google.com/citations?hl=en&user=gAlnlrIAAAAJ
"Dr. Pramod Kumar Sharma, Civil Engineering","Professor, Department of Civil Engineering, IIT Roorkee",flow and contaminant transport through …,1565,https://scholar.google.com/citations?hl=en&user=QbolQQcAAAAJ
Deepak Sharma,"Biosciences & Bioengineering, and Mehta Family School of DS & AI, IIT Roorkee, India","Computational Biology, Translational Bioinformatics, Medical Informatics",1554,https://scholar.google.com/citations?hl=en&user=NLblbtUAAAAJ
Akhilesh Kumar Mishra,"Indian Institute of Technology Roorkee, India","Nonlinear optics, Metamaterials, Light-matter interaction, Structured light, Plasmonic sensors",1553,https://scholar.google.com/citations?hl=en&user=hkQwT7wAAAAJ
KS Kasiviswanathan,"Associate Professor, IIT Roorkee, India","Hydrologic Modelling, Uncertainty quantification, Planning of Hydropower",1521,https://scholar.google.com/citations?hl=en&user=J7AMGk8AAAAJ
Sagarika Mukhopadhyay,"Professor of Geophysics, IIT Roorkee, India","Seismology, Seismic Prospecting, Geophysics, Tectonics",1517,https://scholar.google.com/citations?hl=en&user=XXFlYMIAAAAJ
Srinivas Kiran Ambatipudi,"Indian Institute of Technology Roorkee, India","Bovine Milk Proteomics, Lipidomics, and fat globules and their role in gut …",1499,https://scholar.google.com/citations?hl=en&user=VkaWZ6QAAAAJ
Rhythm Singh,Indian Institute of Technology Roorkee,"Renewable energy long-term planning, Solar PV applications, Solar resource variability, Power systems planning and operation",1498,https://scholar.google.com/citations?hl=en&user=olylmv8AAAAJ
Jeevanand Seshadrinath,Indian Institute of Technology Roorkee,"Electrical machines & drives, Renewable Energy, Artificial Intelligence, optimization",1468,https://scholar.google.com/citations?hl=en&user=QFyM4W4AAAAJ
Dr. Avik Bhattacharya,Associate Professor of  IIT Roorkee,"Power Electronics, FACTS, Renewal Energy",1466,https://scholar.google.com/citations?hl=en&user=jkTu5Q8AAAAJ
Binoy Krishna Patra,"Department of Physics, Indian Institute of Technology Roorkee","Quantum Chromodynamics, Quark Gluon Plasma, Heavy Quarkonium, Early Universe, AdS/CFT",1440,https://scholar.google.com/citations?hl=en&user=EsOq07oAAAAJ
Rakesh K Saunthwal,"Indian Institute of Technology Roorkee, Roorkee Uttarakhand-247667",Organic chemistry,1439,https://scholar.google.com/citations?hl=en&user=L946-Y4AAAAJ
Manish Shrikhande,"Department of Earthquake Engineering, Indian Institute of Technology Roorkee","Structural Dynamics, Inverse Problems, Reliability, Computational Mechanics, Vibration Control",1427,https://scholar.google.com/citations?hl=en&user=cfLH4HUAAAAJ
Abhisek K. Behera,"Indian Institute of Technology Roorkee, India",Control Engineering,1424,https://scholar.google.com/citations?hl=en&user=WtRP9QYAAAAJ
KS Suresh,"Indian Institute of Technology, Roorkee","Electron microscopy, Texture-Processing-Property Correlation, Shape memory alloys, Light Materials, Plastic Deformation",1418,https://scholar.google.com/citations?hl=en&user=oNkgPIYAAAAJ
Basant Yadav,"Associate Professor, Department of Water Resources Development and Management, IIT …","Managed Aquifer Recharge, Groundwater Hydrology, AI/ML Applications in Water Quality, LSWBs",1416,https://scholar.google.com/citations?hl=en&user=jhSd4hsAAAAJ
Dr Neeraj Kumar Jaiswal (P.hD-IIT Roorkee),"Department of Management Studies, Indian Institute of Technology Roorkee, India","Leadership, Innovative and Creative Behavior, Advance Quantitative Techniques in …",1402,https://scholar.google.com/citations?hl=en&user=cCWHRjEAAAAJ
MANOHAR VILADKAR,"Indian Institute of Technology Roorkee, Roorkee, India","Static and Dynamic Soil-Structure Interaction, Numerical Methods in Geomechanics, Rock Mechanics and Rock Engineering, Wind Engi",1402,https://scholar.google.com/citations?hl=en&user=PeQbViUAAAAJ
Lalita Sharma,IIT Roorkee,Atomic Physics,1392,https://scholar.google.com/citations?hl=en&user=qPPjfe4AAAAJ
Muthiah Perumal,"Professor, Indian Institute of Technology Roorkee","Flood routing, overland flow, open-channel hydraulics, rating curves",1387,https://scholar.google.com/citations?hl=en&user=SuH1ktQAAAAJ
Gnanamani Elumalai,"Associate Professor, IIT-Roorkee","Asymmetric catalysis, Organic Chemistry, Microdroplet Chemistry",1381,https://scholar.google.com/citations?hl=en&user=0uFOfK8AAAAJ
Swaminathan Anbhu,IIT Roorkee,"Computational Complex Analysis, Special Functions, Approximation Theory",1379,https://scholar.google.com/citations?hl=en&user=_sNVt8EAAAAJ
Deepak Sangroya,"Indian Institute of Technology, Roorkee",,1376,https://scholar.google.com/citations?hl=en&user=1uA8TtEAAAAJ
Dr. JP Narayan,"Professor, Earthquake Engineering, IIT Roorkee","Earthquake Engineering, seismology",1372,https://scholar.google.com/citations?hl=en&user=-8RFoTkAAAAJ
Sudip Roy (সুদীপ রায়),"Associate Professor, CSE & Joint Faculty, CoEDMM, Indian Institute of Technology Roorkee …","Algorithms, Optimization, Design Automation, ML/DL for DRR, Data Analytics for IoTs",1362,https://scholar.google.com/citations?hl=en&user=Sl3l41YAAAAJ
E. Rajasekar,Indian Institute of Technology Roorkee,"Thermal comfort, energy efficiency, day lighting, acoustics, GIS",1354,https://scholar.google.com/citations?hl=en&user=mgZ9H2YAAAAJ
Sanjeev Kumar,"Professor of Mathematics, Joint Faculty at Mehta Family School of Data Science and AI, IIT …","Mathematical Image Processing, Machine Learning, Quantum Information",1345,https://scholar.google.com/citations?hl=en&user=FWh8EFkAAAAJ
Dr. Anand Joshi,"Department of Earth Sciences, IITRoorkee","Seismology, Geophysics, Seismic Hazard, Simulation, Inversion",1342,https://scholar.google.com/citations?hl=en&user=-wqNF_YAAAAJ
Ajay Wasan,IIT Roorkee,"Quantum Optics, Quantum Computing, Atomic Physics",1340,https://scholar.google.com/citations?hl=en&user=q3OgDggAAAAJ
Pravin Gupta,Professor Earth Sciences IIT Roorkee,electromagnetic modeling data inversion,1337,https://scholar.google.com/citations?hl=en&user=0TIEmOgAAAAJ
Bulusu Anand,Indian Institute of Technology Roorkee,"Microelectronics, CMOS Circuits, Semiconductor Device Physics",1333,https://scholar.google.com/citations?hl=en&user=CouQwzMAAAAJ
arvind kumar,IIT Roorkee,"Nanostructured thin films for gas sensors, Photo detectors and Energy storage device …",1323,https://scholar.google.com/citations?hl=en&user=nYRv75IAAAAJ
Bhanu Prakash Vellanki,IIT Roorkee,,1323,https://scholar.google.com/citations?hl=en&user=UkFdeYUAAAAJ
Ankur Rajpal,"Project Scientist, Indian Institute of Technology Roorkee","Bio-waste, Wastewater and Sludge Treatment",1318,https://scholar.google.com/citations?hl=en&user=dGRGna8AAAAJ
Anjaneya Dixit,"Assistant Professor, Indian Institute of Technology Roorkee","Cementitious systems, Lightweight concrete, Sustainable construction",1307,https://scholar.google.com/citations?hl=en&user=3Civ86sAAAAJ
Shailesh Ganpule,"Associate Professor, IIT Roorkee","Impact, Blast, Ballistics, Biomechanics, Mechanics of Materials and Structures",1304,https://scholar.google.com/citations?hl=en&user=hkTkSsYAAAAJ
Amit Agarwal,"Associate Professor @CED, Joint Faculty @MFS Data Science Artificial Intelligence, IIT …","Intelligent transportation systems, Air Pollution, Public Transport, Artificial Intelligence",1299,https://scholar.google.com/citations?hl=en&user=tk33FCkAAAAJ
Shabina Khanam,Indian Institute of Technology Roorkee,"Process Integration, Energy and water conservation, Supercritical fluid extraction",1298,https://scholar.google.com/citations?hl=en&user=JPAe4kIAAAAJ
Prof. Pallavi Banerjee Chattopadhyay,"Indian Institutes of Technology Roorkee, Uttarakhand, India","Hydro-Geophysics, Hydrogeology, Aquifer modeling, Geophysical electrical method",1295,https://scholar.google.com/citations?hl=en&user=SDNMfogAAAAJ
satya prakash srivastava,"IIT Roorkee, Roorkee(India)",Electic Machines and Drives,1280,https://scholar.google.com/citations?hl=en&user=VuAHNMwAAAAJ
sushanta dutta,IIT Roorkee,"Bluff body flow, Active and passive control of flow field, Wake Dynamics, Optical measurement Techniques (PIV, Laser Schlieren)",1277,https://scholar.google.com/citations?hl=en&user=sMzx6C0AAAAJ
Sourajeet Roy,"Associate Professor, IIT Roorkee","Uncertainty quantification, stochastic analysis, polynomial chaos, electronic packaging, machine",1273,https://scholar.google.com/citations?hl=en&user=nDB-T8IAAAAJ
Jayanta Kumar Ghosh,IIT Roorkee,"Remote sensing, Geomatics",1269,https://scholar.google.com/citations?hl=en&user=WZ1SJcUAAAAJ
Rajan Arora,"Professor, Department of Applied Mathematics and Scientific Computing, IIT Roorkee","Applied Mathematics, Shock waves and invariant solutions of …",1268,https://scholar.google.com/citations?hl=en&user=zg0WIlwAAAAJ
VISHAKHA SINGH,Indian Institute of Technology Roorkee,"Structural biology, Cell and molecular biology, Biochemistry, Bioinformatics",1243,https://scholar.google.com/citations?hl=en&user=uzWpqdcAAAAJ
Sumana Ghosh,iit roorkee,multiphase flow,1229,https://scholar.google.com/citations?hl=en&user=MZR0jK8AAAAJ
Ambrish Pandey,"Assistant Professor, Indian Institute of Technology Roorkee","Turbulent Convection, Computational Fluid Turbulence",1216,https://scholar.google.com/citations?hl=en&user=NiJo0aoAAAAJ
Ramachandran CN,"Associate Professor, Department of Chemistry, Indian Institute of Technology Roorkee","Theoretical Chemistry, Computational Chemistry, Clusters, Fullerenes, nanotubes",1208,https://scholar.google.com/citations?hl=en&user=IefoGKkAAAAJ
VH Saran,Indian Institute of Technology Roorkee,"low frequency vibration, Vehicle dynamics, Human response to vibrations, Fault diagnosis of bearings",1199,https://scholar.google.com/citations?hl=en&user=MDrwba0AAAAJ
Sugata Gangopadhyay,Professor CSE IIT Roorkee,Cryptographic Boolean Functions,1199,https://scholar.google.com/citations?hl=en&user=J7_k8JEAAAAJ
Anasuya Bandyopadhyay,"Associate Professor of Polymer & process Engineering Department, IIT Roorkee","Hybrid Polymers, Energy Storage Devices, Electrocatalyst, Corrosion Resistant Polymeric Coating",1199,https://scholar.google.com/citations?hl=en&user=g5L3vEIAAAAJ
Prateek K Jha,"Professor, Department of Chemical Engineering, IIT Roorkee","Polymer Physics, Molecular Simulations, Nanotechnology, Drug Delivery",1197,https://scholar.google.com/citations?hl=en&user=SAgH8nsAAAAJ
anish kumar,IIT Roorkee,"supply chain, sustainability",1197,https://scholar.google.com/citations?hl=en&user=Wj2XFa8AAAAJ
AY Deo,"Indian Institute of Technology Roorkee, India",Experimental Nuclear Physics,1195,https://scholar.google.com/citations?hl=en&user=FDiYB48AAAAJ
Sai Ramudu,IIT Roorkee,,1190,https://scholar.google.com/citations?hl=en&user=eVcemFgAAAAJ
Pinku Roy,Indian Institute of Technology Roorkee,Condensed Matter Physics,1174,https://scholar.google.com/citations?hl=en&user=biwBiaUAAAAJ
Andallib Tariq,"Professor, Mechanical & Industrial Engineering Department, IIT Roorkee","Heat Transfer, Experimental Fluid Mechanics, Optical Techniques, Gas Turbine Blade Cooling, Thermal Contact Conductance",1173,https://scholar.google.com/citations?hl=en&user=Ju0e3icAAAAJ
Bijan Choudhury,IIT Roorkee,Bioprocess engineering,1169,https://scholar.google.com/citations?hl=en&user=p1ob7REAAAAJ
Indu Yadav,IIT Roorkee,"Mathematical Modeling, Biomaterials, Drug delivery, Vitreous Substitute, Wound healing",1165,https://scholar.google.com/citations?hl=en&user=5Xiyx_QAAAAJ
Tanmoy  Pramanik,"IIT Roorkee, Intel Corporation, The University of Texas at Austin","MRAM, Magnetic Materials & Devices, Memory Reliability, Semiconductor Device Modeling",1159,https://scholar.google.com/citations?hl=en&user=wl8G7iMAAAAJ
Krishna M. Singh,"Professor of Mechanical Engineering, IIT-Roorkee","Computational Mechanics, Computational Fluid Dynamics, Turbulence",1148,https://scholar.google.com/citations?hl=en&user=YVR2mlEAAAAJ
Dr Rajdeep Niyogi,"Professor of Computer Science and Engineering, Indian Institute of Technology (IIT) …","Automated planning, Web services composition, distributed systems, formal methods",1148,https://scholar.google.com/citations?hl=en&user=ktv_WPIAAAAJ
Sumeet Mishra,Indian Institute of Technology Roorkee,"Light weight Alloys, Deformation behavior, Crystallographic texture",1139,https://scholar.google.com/citations?hl=en&user=75E4cbcAAAAJ
P.  Bera,"Professor of Mathematics, IIT Roorkee",Hydrodynamic Stability,1131,https://scholar.google.com/citations?hl=en&user=RLJ-CJ0AAAAJ
Mohammad Abdul Shukoor,"SERB National Post Doctoral Fellow, IIT Roorkee","Metamaterials, Absorbers, Polarization converters, Power Amplifiers, Active Antennas",1131,https://scholar.google.com/citations?hl=en&user=KoFUYVoAAAAJ
GAURAV DIXIT,Indian Institute of Technology Roorkee,"Information Systems, Social Network Analysis, Machine Learning, Decision Making",1128,https://scholar.google.com/citations?hl=en&user=UgZTCyUAAAAJ
JayDev Dabas,"Professor, IIT Roorkee",Differential Equations,1127,https://scholar.google.com/citations?hl=en&user=fietXD4AAAAJ
Puneet Gupta,IIT Roorkee,"Quantum Chemistry, Transition Metals, Reaction Mechanisms, Density Functional Theory, Computational",1118,https://scholar.google.com/citations?hl=en&user=J0MQMYUAAAAJ
BVVS Pavan Kumar,IIT Roorkee,"Systems Chemistry, Active & Smart Colloids",1113,https://scholar.google.com/citations?hl=en&user=ymJnfI8AAAAJ
Ankit Bansal,"Associate Professor, IIT-Roorkee","Radiation, Combustion, Gas Dynamics, IBM, Battery Safety",1112,https://scholar.google.com/citations?hl=en&user=7bf9-4AAAAAJ
Tulika Maitra,IIT Roorkee,"Theoretical condensed matter physics, materials science",1112,https://scholar.google.com/citations?hl=en&user=KRml5zUAAAAJ
Narayan Mohanta,Indian Institute of Technology Roorkee,Condensed Matter Physics,1110,https://scholar.google.com/citations?hl=en&user=Ac3UnKAAAAAJ
Shamik Basak,Associate Professor at Indian Institute of Technology Roorkee,"Sheet metal forming, Plasticity, Failure analysis, Damage models, Laser material processing",1107,https://scholar.google.com/citations?hl=en&user=UsTnymQAAAAJ
Gupta SC,IIT Roorkee,Engineering Seismology,1100,https://scholar.google.com/citations?hl=en&user=CMJKhcQAAAAJ
Rakesh Padhan,"Indian Institute of Technology, Roorkee.",Open Macroeconomics,1099,https://scholar.google.com/citations?hl=en&user=VQ0fi1oAAAAJ
Pragya Gupta,"Indian Institute of Technology, Roorkee","cellulose nanofibers, aerogel, thermal insulation, flame retardant, building insulation",1095,https://scholar.google.com/citations?hl=en&user=kqjzVOcAAAAJ
Ashok Kumar Pachauri,"Ex Professor,IIT Roorkee and Ex Sr Consultant NDMA, MoHA GOI N Delhi","Engineering geology, Himalayan geology, Seismotectonics",1091,https://scholar.google.com/citations?hl=en&user=4pfdyAYAAAAJ
Gaurav Kumar Nayak,"Assistant Professor, IIT Roorkee","Machine Learning, Deep Learning for Computer Vision, Data-efficient deep learning, Generative AI",1086,https://scholar.google.com/citations?hl=en&user=cLCeKTkAAAAJ
Anil Kumar Gourishetty,"Professor of Physics, Indian Institute of Technology Roorkee","Experimental Nuclear Physics, Radiation Detectors, Radiation induced effects in materials",1086,https://scholar.google.com/citations?hl=en&user=f0QOQ5IAAAAJ
Dheeraj Kumar,"Assistant Professor, Indian Institute of technology (IIT) Roorkee","Machine Learning, Big Data Mining, Intelligent Transportation, Urban Analytics, Smart City",1065,https://scholar.google.com/citations?hl=en&user=zF6GWNwAAAAJ
Muntjeer Ali,Indian Institute of Technology Roorkee,… of Emerging contaminants in River Yamuna …,1063,https://scholar.google.com/citations?hl=en&user=0ufogtAAAAAJ
Subir Sen,IIT Roorkee,"Economics of risk and uncertainty, Climate Change Adaptation and Disaster Risk …, Insurance",1051,https://scholar.google.com/citations?hl=en&user=9YSg6nwAAAAJ
Varuvel Devadas,Indian Institute of Technology Roorkee,"Urban & Regional Planning, System Dynamics, Energy Systems",1050,https://scholar.google.com/citations?hl=en&user=O8bzrzwAAAAJ
aalok misra,"Professor of Physics, Indian Institute of Technology, Roorkee, India",String Theory,1047,https://scholar.google.com/citations?hl=en&user=JBP6zgMAAAAJ
Poonam Choudhary,"Faculty, Indian Institute of Technology Roorkee","Protein Biomanufacturing, Photobioreactor engineering, Algae Biofuels, Wastewater treatment",1043,https://scholar.google.com/citations?hl=en&user=n-SAkyoAAAAJ
Sanhita Das,"Assistant Professor, IIT Roorkee","Traffic Engineering, Traffic flow modelling",1024,https://scholar.google.com/citations?hl=en&user=ph2R0LsAAAAJ
Deepak Kumar Ojha,Indian Institute of Technology Roorkee,"Fast Pyrolysis of Biomass for Fuel, Ammonia Production",1023,https://scholar.google.com/citations?hl=en&user=k5Cg2NsAAAAJ
Devesh Bhimsaria,"Indian Institute of Technology, Roorkee (IITR)","Computational Biology, Bioinformatics, Genomics, Systems Biology",1017,https://scholar.google.com/citations?hl=en&user=9qpALAEAAAAJ
Nataraj Huliyar,IIT Roorkee,"Atomic and Molecular Physics, Symmetry Violations",1010,https://scholar.google.com/citations?hl=en&user=JwP1nMQAAAAJ
Rajeshwar R. Eleti,Indian Institute of Technology Roorkee,"Alloy design, Microstructure, Mechanical behavior of materials, Hydrogen embrittlement",1008,https://scholar.google.com/citations?hl=en&user=ipgScsoAAAAJ
Dr Anurag Kulshreshtha,"Indian Institute of Technology, Roorkee, Saharanpur Campus","Paper & Polymer based Packaging, Smart Packaging, Sustainability",1006,https://scholar.google.com/citations?hl=en&user=7shNki4AAAAJ
Himanshu Jain,Indian Institute of Technology Roorkee,electric power systems,1004,https://scholar.google.com/citations?hl=en&user=5c1nQ3MAAAAJ
Dr.-Ing. Kirti Bhushan Mishra,"Assistant Professor, Indian Institute of Technology, Roorkee, India","Combustion, Fire Safety, Explosion, CFD, Risk Assessment",1000,https://scholar.google.com/citations?hl=en&user=TPoUDCQAAAAJ
Sonalisa Ray,"Professor, Indian Institute of Technology Roorkee","Fracture Mechanics, UHPC, Fracture and Fatigue behaviour of UHPC",983,https://scholar.google.com/citations?hl=en&user=BgQ-TEUAAAAJ
Ravindra Pandey,"Associate Professor, IIT Roorkee",Physical Chemistry,975,https://scholar.google.com/citations?hl=en&user=47sQyxsAAAAJ
DK Nauriyal,"Dept. of Humanities & Social Scs., Indian Institute of Technology Roorkee, Roorkee","International Trade, Productivity and Efficiency, IPRs, Drug and Pharmaceutical Industry",968,https://scholar.google.com/citations?hl=en&user=9SUF78oAAAAJ
Kaustav Chatterjee,"Associate Professor, Indian Institute of Technology Roorkee","Geotechnical Engineering, Earthquake Engineering, Soil Dynamics, Geomechanics",966,https://scholar.google.com/citations?hl=en&user=LoE3w_UAAAAJ
Anubrata Dey,IIT Roorkee,"Power Electronics, Electric Drives, Renewable Energy",963,https://scholar.google.com/citations?hl=en&user=QzMvCAMAAAAJ
Kamaluddin,"Prof. Emeritus (In Memoriam), Department of Chemistry, IIT Roorkee (formerly University of …","Chemical evolution, Adsorption, Polymerisation, epoxidation",958,https://scholar.google.com/citations?hl=en&user=mPzNaPwAAAAJ
Prabhat K Mandal,"Professor, Dept. of Biosciences and Bioengineering, IIT Roorkee","L1 retrotransposon activity in health and …, Cancer Biology",958,https://scholar.google.com/citations?hl=en&user=fC7zl2oAAAAJ
Sneha Singh,"IIT Roorkee, IIT Kharagpur, University of Warwick.","Acoustics, Noise Control, Vibrations, Condition monitoring, Sound quality.",955,https://scholar.google.com/citations?hl=en&user=Gzei1RIAAAAJ
Anish Karmakar,"Associate Professor, Dept. of Metallurgical and Materials Engineering, IIT Roorkee","Structure Property correlation, Advanced Thermomechanical processing, Steels and superalloys",954,https://scholar.google.com/citations?hl=en&user=m-hfCXMAAAAJ
Mini Namdeo,"Indian Institute of Technology, Roorkee","Nanoparticles synthesis, Nanoremediation, Polymers composite, drug delivery, Protein Immbolization ....",952,https://scholar.google.com/citations?hl=en&user=maZTr9QAAAAJ
Sachin Suresh Tiwari,Indian Institute of Technology - Roorkee,Neuroscience,950,https://scholar.google.com/citations?hl=en&user=oUW9PC0AAAAJ
Dr. Sourav Das,"Professor, Metallurgical & Materials Engineering, IIT Roorkee","Alloy development, Microstructure-property correlation, H2 transportation through NG pipeline",944,https://scholar.google.com/citations?hl=en&user=PKbKQ5sAAAAJ
Sandeep Bhatt,Indian Institute of Technology Roorkee,"Structural Geology, Fault/ Lineament analysis, Field geology",930,https://scholar.google.com/citations?hl=en&user=rvRwTFgAAAAJ
Arihant Ahuja,IIT Roorkee,"Food Packaging, PLA, Shellac, BIodegradable Polymers, Waste Valorization",922,https://scholar.google.com/citations?hl=en&user=Zcd0scEAAAAJ
Sudhanshu Kumar,"Indian Institute of Technology, Roorkee","Natural Language Processing, Data Science, Machine Learning, Deep Learning",917,https://scholar.google.com/citations?hl=en&user=JFO1UQIAAAAJ
Dr. Subrata Biswas,"Assistant Professor, Department of Paper Technology, Indian Institute of Technology (IIT) …","Wastewater treatment, Adsorption, Sustainable waste management, Sustainable packaging technology",915,https://scholar.google.com/citations?hl=en&user=Wq1QR0gAAAAJ
Prakhar Misra,Indian Institute of Technology Roorkee,"remote sensing, urbanization, air pollution, urban-environment systems",913,https://scholar.google.com/citations?hl=en&user=ESzGQk0AAAAJ
Ankush Kumar,"Assistant Professor, Centre for Nanotechnology, Indian Institute of Technology (IIT), Roorkee","Neuromorphic Devices, Intelligent Sensing, Nanomaterials & Devices, Optoelectronics, AI-ML",911,https://scholar.google.com/citations?hl=en&user=zKLu-U4AAAAJ
Biplab Bhattacharya,"Professor, Department of Earth Sciences, IIT Roorkee, India","Sedimentology, Sequence Stratigraphy, Ichnology",882,https://scholar.google.com/citations?hl=en&user=mm63kOgAAAAJ
Ashwini Kumar Sharma,"Department of Chemical Engineering, Indian Institute of Technology Roorkee (India)","Mathematical modeling, Transport phenomena, Fuel cells, Batteries, Flow batteries",879,https://scholar.google.com/citations?hl=en&user=CrJuDnoAAAAJ
ARCHANA MISHRA,Indian Institute of Technology Roorkee,biotechnology,875,https://scholar.google.com/citations?hl=en&user=W2Y1DdcAAAAJ
Anshul Jaiswal,"Associate Professor, Dept. of ECE and Centre for Photonics and Quantum Communication …","RF and Optical Wireless Communication, Multiple Access Techniques, RIS, Free Space QKD",875,https://scholar.google.com/citations?hl=en&user=2UuDzFUAAAAJ
Tapas Nayak,IIT Roorkee,"Relation Extraction, Information Extraction, Question-Answering, Natural Language Processing, Deep",865,https://scholar.google.com/citations?hl=en&user=4AgZ2VYAAAAJ
Abhayanand Singh Maurya,"Professor, Department of Earth Sciences, Indian Institute of Technology Roorkee","Palaeoceanography, Contemporary Hydrological Processes, Mass Spectrometry",853,https://scholar.google.com/citations?hl=en&user=1XuXkTwAAAAJ
Pranjala Tiwari,IIT Roorkee,"Thin film Fabrication, Energy storage and conversion",852,https://scholar.google.com/citations?hl=en&user=rgETyvkAAAAJ
Saurabh Vijay,IIT Roorkee,"Remote Sensing, InSAR, Glaciology, Land surface deformation",851,https://scholar.google.com/citations?hl=en&user=NhsJ1YQAAAAJ
Abhishek,IIT Roorkee,"Water Resources Engineering, Hydrology",851,https://scholar.google.com/citations?hl=en&user=WI_j6KIAAAAJ
Firoz Ahmad,"Post-Doctoral Fellow, Faculty of Engineering, Indian Institute of Technology (IIT) Roorkee","Neutrosophic Set, Multiobjective Optimization, Uncertainty Quantification, Supply Chain Management, Operations Research",847,https://scholar.google.com/citations?hl=en&user=3KmiAM8AAAAJ
Kalyan K. Sadhu,"Professor at IIT Roorkee, India",Nano-Bio Interfacial Chemistry,842,https://scholar.google.com/citations?hl=en&user=izofy18AAAAJ
Anshu Anand,IIT Roorkee,"Particle Technology, Modeling the dynamics of particulate and …, Fluidization Machine Learning Art",836,https://scholar.google.com/citations?hl=en&user=E6ArU7MAAAAJ
Smitha Puthucheri,"Electronics and Communication Engineering, Indian Institute of Technology Roorkee","Stealth technology, Actuators and Sensors, Multiferroics",835,https://scholar.google.com/citations?hl=en&user=mC2XwHYAAAAJ
Shiladitya Sengupta,"Asst. Prof., Dept. of Physics, IIT Roorkee","Supercooled Liquids, Glass, Granular Matter, Amorphous Solids, Statistical Physics",829,https://scholar.google.com/citations?hl=en&user=ZVlAWD0AAAAJ
Ravikant Ranjan,IIT Roorkee,,821,https://scholar.google.com/citations?hl=en&user=tvHdKWgAAAAJ
avlokita agrawal,"department of architecture and planning, IIT Roorkee","building simulation, passive design, sustainability, shekhawati",820,https://scholar.google.com/citations?hl=en&user=HrcQIfYAAAAJ
Rajesh Kumar Gazara,IIT Roorkee,"Computational biology, Genomics, Transcriptomics, Comparative genomics, Sequence analysis",817,https://scholar.google.com/citations?hl=en&user=VaJeXVUAAAAJ
Suman Kumar,"Senior Assistant, IIT Roorkee","Accounting, GST, Article Writer and Management",807,https://scholar.google.com/citations?hl=en&user=5VS8rRcAAAAJ
Reenu Kumari,IITR,Finance and Economics,782,https://scholar.google.com/citations?hl=en&user=1LI_sfoAAAAJ
Dr. Deepika Malwal,IIT Roorkee,"Nanomaterials, Graphene, Water Purification, Photocatalysis",772,https://scholar.google.com/citations?hl=en&user=CsC-blQAAAAJ
Simanchal Padhy,"Earth Sciences Department, Indian Institute of Technology Roorkee","Scattering, Attenuation, Wave Propagation",768,https://scholar.google.com/citations?hl=en&user=L7IVvncAAAAJ
Bharat Tandon,"Assistant Professor, Department of Chemistry, Indian Institute of Technology-Roorkee","Semiconductor plasmonics, magneto-optics, metal oxides, dilute magnetic semiconductors",759,https://scholar.google.com/citations?hl=en&user=0zTUcYcAAAAJ
Dr. Ravindra Kumar Verma,"Sr. Project Scientist, WRD&M, IIT Roorkee","Water Resource Management and Disaster …, Watershed Management, E-flows, Nature Based",757,https://scholar.google.com/citations?hl=en&user=bViJXDQAAAAJ
Alok Bhardwaj,"Assistant Professor, Department of Civil Engineering, IIT Roorkee",Natural Hazards,748,https://scholar.google.com/citations?hl=en&user=jZfa9awAAAAJ
Shubhajit Sadhukhan,"Associate Professor, Department of Architecture and Planning, IIT Roorkee","Infrastructure Planning, Transportation Planning, Travel Behavior Analysis, Active Transportation",740,https://scholar.google.com/citations?hl=en&user=feDRf-gAAAAJ
Raman Devi,"Institute Instrumentation Centre, IIT Roorkee",Thin film technology,740,https://scholar.google.com/citations?hl=en&user=v6Q5HGEAAAAJ
Ashish Yadav,Indian Institute of Technology Roorkee,"Energy Storage, Hydrogen Energy, CO2 Valorization, Fuel Cells, Wastewater Treatment",736,https://scholar.google.com/citations?hl=en&user=7fBw87oAAAAJ
Arun beniwal,Indian Institute of Technology Roorkee,"Metabolic Engineering, Fermentation, Probiotics",731,https://scholar.google.com/citations?hl=en&user=mqMhKLMAAAAJ
Maya S Nair,"Department of Biosciences and Bioengineering, IIT Roorkee","Molecular Biophysics, Spectroscopic techniques, Biomolecular interaction",725,https://scholar.google.com/citations?hl=en&user=L4EpHHgAAAAJ
Amit C. Bhosale,"Department of Hydro and Renewable Energy, IIT roorkee","PEM fuel cells, Electrolysers, Unitized regenerative fuel cells",725,https://scholar.google.com/citations?hl=en&user=tVuDNcAAAAAJ
Taraknath Das,"Associate Professor @ Department of Chemical Engineering, Indian Institute of Technology …","Catalysis, Reaction Engineering, Spectroscopy",721,https://scholar.google.com/citations?hl=en&user=_lAFTZEAAAAJ
Amit Choudhary,"Assistant Professor, Department of Mechanical & Industrial Engineering, IIT Roorkee","Machining, Grinding, Advanced ceramics and Ceramic Matrix …, Laser Material Processing",720,https://scholar.google.com/citations?hl=en&user=wa4-6JYAAAAJ
Lopamudra Saha,"Associate Professor in Earth Sciences, Indian Institute of Technology Roorkee","Metamorphic Petrology, Archaean Tectonics, Geochemistry, Geochronology",719,https://scholar.google.com/citations?hl=en&user=iUVggvEAAAAJ
Komal Tripathi,"Assistant Professor, IIT Roorkee","Sustainability, Clean Energy, Translational Research",713,https://scholar.google.com/citations?hl=en&user=b9qEXM0AAAAJ
Navneet kumar,Indian Institute of Technology Roorkee India,"Power electronics drives, Doubly-fed induction machines, Pumped storage plant",711,https://scholar.google.com/citations?hl=en&user=zOk5qxUAAAAJ
Ashish Kadam,Indian Institute of Technology Roorkee,"Packaging, Food packaging, Active packaging, Cellulose, Paper- and polymer-based packaging",711,https://scholar.google.com/citations?hl=en&user=8Loq9C0AAAAJ
Dr. Pitambar Pati,"Professor, Department of Earth sciences, Indian Institute of Technology Roorkee","Geomorphology, Neoctonics, Basin Tectonics, Sedimentology",710,https://scholar.google.com/citations?hl=en&user=_C6kCjsAAAAJ
VINAY KHANDELWAL,IIT ROORKEE,"polymer composites, thermosets, conducting polymer, bio-based conducting composite",710,https://scholar.google.com/citations?hl=en&user=RCiQdR8AAAAJ
Dr. Anuj Bisht,"Indian Institute of Technology Roorkee, India","Electroplasticity, Microscopy, Nanoscale Mechanics, Shock deformation",706,https://scholar.google.com/citations?hl=en&user=wtbAo7gAAAAJ
Dr. Ankit Kumar,IIT,"Nanoparticles Synthesis, Characterizations, Surface Engineering, Additive Manufacturing",702,https://scholar.google.com/citations?hl=en&user=UmPmiewAAAAJ
Sumathi P,"Professor, Department of Electrical Engg., IIT Roorkee","Synchronization techniques, Sliding spectrum analysis, Sensors, Instrumentation",700,https://scholar.google.com/citations?hl=en&user=Zql2nJQAAAAJ
Anindya Mishra,"Professor of Sociology, IIT Roorkee","Social Gerontology, Sociology of Health, Sociology of Work",697,https://scholar.google.com/citations?hl=en&user=Kb8CtY0AAAAJ
Manish Kumar Asthana,"Department of Humanities & Social Sciences, Indian Institute of Technology Roorkee","Fear Memory, Fear Conditioning, Reconsolidation, Human Cognition, Ergonomics",691,https://scholar.google.com/citations?hl=en&user=N1XCpZgAAAAJ
Falguni Pattanaik,"Associate Professor at IIT Roorkee, Department of Humanities and Social Sciences","Labour Economics, Development Economics",677,https://scholar.google.com/citations?hl=en&user=wSFSkF8AAAAJ
Prof. Dr.-Ing. Hemant J. Sagar,Indian Institute of Technology Roorkee,"Hydropower, Multiphase Flow, Cavitation Erosion, Bubble Dynamics, Water Quality",669,https://scholar.google.com/citations?hl=en&user=uY09MjkAAAAJ
Arun Kumar Taxak,"Indian Institute of Technology Roorkee, India","RS&GIS, Hydrology, Computational Hydrology, Climate change, sustainable dvelopment",660,https://scholar.google.com/citations?hl=en&user=P_KDN1cAAAAJ
Tharun Kumar Reddy Bollu,IIT Roorkee,"BCI, HCI, AI-ML, Bio-medical Signal processing, IKS",656,https://scholar.google.com/citations?hl=en&user=a47hRTUAAAAJ
Surya Kant,IIT Roorkee,"Data mining, Recommender System",653,https://scholar.google.com/citations?hl=en&user=m5LDn0YAAAAJ
Satyanarayan Rao,"Assistant Professor, IIT Roorkee","Transcription Factors, Epigenetics, DNA methylation, Gene regulation, protein-DNA interactions",652,https://scholar.google.com/citations?hl=en&user=N_dl42AAAAAJ
M. Felix Orlando,"Associate Professor, Department of Electrical Engineering, IIT Roorkee","Medical Robotics and Automation, Intelligent Control of Robotic Systems, Neural Networks and Fuzzy",651,https://scholar.google.com/citations?hl=en&user=gJ7wN3AAAAAJ
Udit Choudhury,"Assistant Professor, IIT- Roorkee","Microswimmers, Micromachines, Active Materials",651,https://scholar.google.com/citations?hl=en&user=m0eKtIMAAAAJ
MK Singhal,IIT Roorkee,"Planning, Design & Analysis of Civil Works of SHP, Planning, Design & Analysis of Civil Works of SHP",642,https://scholar.google.com/citations?hl=en&user=OEo-atwAAAAJ
Aditya Singh,Associate Professor at Indian Institute of Technology Roorkee,"Rock Mechanics, Tunnelling, Slope",640,https://scholar.google.com/citations?hl=en&user=1AVCjy0AAAAJ
Ankik Kumar Giri,"Department of Mathematics, IIT Roorkee, 247667 Roorkee, INDIA","Coagulation and fragmentation processes, parital integro-differential equations, Stochastic partial",635,https://scholar.google.com/citations?hl=en&user=ZJ881u8AAAAJ
Ellora Padhi,"Assistant Professor,  IIT Roorkee","Turbulence in open channel, Flow Hydraulics, Sediment Transport, Hydraulic Structure",634,https://scholar.google.com/citations?hl=en&user=OYK7sU0AAAAJ
Sangeeta Verma,"Water Resources Development & Management, IIT Roorkee","Hydrological modelling, remote sensing and GIS, water quality modelling",629,https://scholar.google.com/citations?hl=en&user=UoBzK28AAAAJ
SHIVAM JAIN,"Indian Institute of Technology, Roorkee","PID control, Fractional-order control, Active disturbance rejection control, Wind turbine",627,https://scholar.google.com/citations?hl=en&user=_t8dAbAAAAAJ
Shushil Kumar,"Associate Professor, IIT Roorkee",,625,https://scholar.google.com/citations?hl=en&user=SAgUekEAAAAJ
Jitin Singla,Assistant Professor at Indian Institute of Technology Roorkee,"Computational Biology and Bioinformatics, Machine Learning, Tomography Analysis",624,https://scholar.google.com/citations?hl=en&user=OBXIcNAAAAAJ
Ravi Yadav,"Assistant Professor, IIT Roorkee","Main Group Chemistry, Organometallic Chemistry",621,https://scholar.google.com/citations?hl=en&user=03-iJpwAAAAJ
Bodhibrata Mukhopadhyay,"Assistant Professor, ECE, Indian Institute of Technology Roorkee","Localization, 6G, Internet of Things (IoT), Machine Learning, Nonlinear Programming",620,https://scholar.google.com/citations?hl=en&user=j35lMg0AAAAJ
PARDEEP KUMAR,IIT Roorkee,… Active packaging Circular economy Waste to …,617,https://scholar.google.com/citations?hl=en&user=rZWmnIUAAAAJ
Abhiraj Sharma,"Assistant Professor, Indian Institute of Technology Roorkee","Density functional theory, High performance computing, Nanostructures, High performance materials",607,https://scholar.google.com/citations?hl=en&user=IiQqaEwAAAAJ
Sanjay Palsule,Associate Professor Polymer Engineering Indian Institute of Technology IIT Roorkee,"Polymer Blends, Polymer Composites, Natural Fiber Polymer Composite, Palsule process",607,https://scholar.google.com/citations?hl=en&user=159sFlcAAAAJ
Dr. Sangram Bana,Indian Institute of Technology Roorkee,Solar Photovoltaic energy generation,606,https://scholar.google.com/citations?hl=en&user=6_mPSTkAAAAJ
Priya E,IIT Roorkee,"Nanocellulose, Nutrient recovery, Slow release fertilizers, Hydrogel synthesis, Wastewater treatment",600,https://scholar.google.com/citations?hl=en&user=umaRfksAAAAJ
Dr. Sarita Yadav,"Indian Institute of Technology, Roorkee",Energy storage devices,599,https://scholar.google.com/citations?hl=en&user=3CDWFWQAAAAJ
Swapnil Kumar,Undergrad at IIT Roorkee,"Natural Language Processing, Reinforcement Learning, Interpretability",599,https://scholar.google.com/citations?hl=en&user=zP_fY7kAAAAJ
Chaman Kumar,"Associate Professor, Indian Institute of Technology, Roorkee",Stochastic Differential Equation,598,https://scholar.google.com/citations?hl=en&user=cowGhuYAAAAJ
Bishnu Prasad Das,"Professor of ECE, IIT, Roorkee, India",VLSI circuit and system design,591,https://scholar.google.com/citations?hl=en&user=If3h-OEAAAAJ
Amit Kumar Sen,"Professor of Geology (Retired), IIT Roorkee",Geology,591,https://scholar.google.com/citations?hl=en&user=JrI-av4AAAAJ
SIDDHARTH GUPTA,"Indian Institute of Technology, Roorkee","Deep learning, Machine learning, Computer vision",590,https://scholar.google.com/citations?hl=en&user=D2QMjGYAAAAJ
SUDHANSHU GAUTAM,IIT ROORKEE,"Condensed matter physics, Topological Insulator, Thin films",587,https://scholar.google.com/citations?hl=en&user=Avz6K5sAAAAJ
Sunil Kumar,Indian Institute of Technology Roorkee,"Micropollutant, Heavy metals, Emerging contaminants, Ecotoxicology, Geochemistry",587,https://scholar.google.com/citations?hl=en&user=ITo-VV0AAAAJ
Vinod Pankajakshan,"Associate Professor, Department of Electronics & Communication Engineering, IIT Roorkee","Digital Image Processing, Multimedia Forensics",574,https://scholar.google.com/citations?hl=en&user=bWGbgkIAAAAJ
Parikshit Pareek,"Assistant Professor at Indian Institute of Technology, Roorkee","Machine Learning, Power Systems, Quantum Computing for Grid",572,https://scholar.google.com/citations?hl=en&user=LIWKqnYAAAAJ
Sumita Dahiya,IIT Roorkee,,569,https://scholar.google.com/citations?hl=en&user=H2lEmF0AAAAJ
Siddhartha Khare,"Indian Institute of Technology Roorkee, India","Remote Sensing, GIS, Forestry, Biodiversity, R programming",568,https://scholar.google.com/citations?hl=en&user=UghalYsAAAAJ
Dhanashri M. Joglekar,"Associate Professor at Department of Mechanical and Industrial Engineering, IIT Roorkee","Guided elastic waves, Structural dynamics, Computational mechanics, Non-Destructive-Evaluation of",564,https://scholar.google.com/citations?hl=en&user=ZYmctDgAAAAJ
Rajdeep Chatterjee,"Professor of Physics, IIT Roorkee",Theoretical Nuclear physics,557,https://scholar.google.com/citations?hl=en&user=NajOPUIAAAAJ
Anjani Kumar Tiwari,"Assistant Professor, Department of Physics, IIT Roorkee","Random Lasing, Disordered Photonics, Nano Optics, Liquid Crystals",542,https://scholar.google.com/citations?hl=en&user=r21nGUMAAAAJ
Raghvendra Rohit,"Assistant Professor, Department of Computer Science and Engineering, IIT Roorkee","Cryptography, Cryptanalysis, Lightweight Cryptography",540,https://scholar.google.com/citations?hl=en&user=_yfwxdEAAAAJ
Arindam Biswas,"Department of Architecture & Planning, IIT Roorkee","Urban planning, Urban policy, Institution & Governance, Resilience, Housing",540,https://scholar.google.com/citations?hl=en&user=1MQKtnwAAAAJ
"Uaday Singh, Associate Professor",Indian Institute of Technology Roorkee,"Approximation Theory: Neural Networks, Summability, Singular integrals.",540,https://scholar.google.com/citations?hl=en&user=3wEm_0QAAAAJ
Arup Samanta,"Associate Professor, Indian Institute of Technology Roorkee","Single Electron Transistor, Dopant Atom Based Transistor, Quantum Computer, Quantum Metrology, Solar",537,https://scholar.google.com/citations?hl=en&user=bvAMW5YAAAAJ
Dr. Siba kumar Patro,"Faculty, IIT Roorkee",HVDC and Multilevel Converters,534,https://scholar.google.com/citations?hl=en&user=GdU2PP8AAAAJ
Ashutosh Chamoli,"Dept of Earth Sciences, Indian Institute of Technology Roorkee and CSIR- NGRI, Hyderabad","Geophysical Signal Processing, Fractals, Potential field methods, Transient Deformation",533,https://scholar.google.com/citations?hl=en&user=DGc_EK4AAAAJ
Shubhankar Roy Chowdhury,"Assistant Professor, Indian Institute of Technology Roorkee","Continuum Mechanics, Plasticity and Damage Mechanics, Peridynamics, Multiscale method, Architected materials",530,https://scholar.google.com/citations?hl=en&user=SuQVO8gAAAAJ
Anuj Kumar,"Alternate Hydro Energy Center, IIT Roorkee","Hydro power, Hydrokinetic energy, CFD",525,https://scholar.google.com/citations?hl=en&user=l9XRgOcAAAAJ
Dr. Sourav Bagchi,Indian Institute of Technology Roorkee,Medicinal Organic Chemistry,523,https://scholar.google.com/citations?hl=en&user=JK6sDrEAAAAJ
Ramanuja Panigrahi,"Assistant Professor, IIT Roorkee, Roorkee, India","power converters, energy harvesting, power electronics in LV distribution network",519,https://scholar.google.com/citations?hl=en&user=z240eHYAAAAJ
Manavvi Suneja (S.Manavvi),"Indian Institute of Technology, Roorkee","Multi-sensory comfort, Human Biometeorology, Nature-based solutions, Landscapes and well-being",517,https://scholar.google.com/citations?hl=en&user=paCnuMIAAAAJ
Pashupati Jha,"Professor of English, Indian Institute of Technology Roorkee, Roorkee","Modern British, American, Indian English Literature, Professional Communication, and Creative Writing in English",514,https://scholar.google.com/citations?hl=en&user=SIaFXjgAAAAJ
Akshay V Singhal,"Indian Institute of Technology, Roorkee","Nanotechnology, Graphene, Gas Sensing, Disaster Management",504,https://scholar.google.com/citations?hl=en&user=eTCH4R0AAAAJ
Rahul Gupta,Research Associate at IIT Roorkee,"Ultrasonic processing of cast alloys, Impression creep, insitu casting of Al",504,https://scholar.google.com/citations?hl=en&user=Hqv-M5kAAAAJ
Yogesh Kumar,"IIT Roorkee, Department of Polymer and Process Engineering",… analysis of polymer modified asphalt binder,503,https://scholar.google.com/citations?hl=en&user=ACgWGoYAAAAJ
sadhan ghosh,"Associate Professor, Dept. of Metallurgical & Materials Engineering, IIT Roorkee","Physical Metallurgy, Phase Transformations, Steel microstructure and properties",499,https://scholar.google.com/citations?hl=en&user=FDM60QkAAAAJ
Maheshanand Bhaintwal,Indian Institute of Technology Roorkee,Coding Theory,496,https://scholar.google.com/citations?hl=en&user=gPurCcYAAAAJ
MLMittal,"Professor of Mathematics, IITRoorkee,Roorkee, UK  India",Aproximations of Functions in Banach Spaces …,493,https://scholar.google.com/citations?hl=en&user=ePK8NMkAAAAJ
Sumanta Sarkhel,"Professor, Department of Physics, Indian Institute of Technology Roorkee","Near-Earth Space, Planetary Atmosphere, Space Weather, Ionosphere & Mesosphere, Atmospheric Waves",492,https://scholar.google.com/citations?hl=en&user=UotPqsMAAAAJ
Ekant Sharma,Indian Institute of Technology Roorkee,"Resource allocation, Massive MIMO, Full-duplex, UAV/Drones communication, Multi-cell and Multi-hop",491,https://scholar.google.com/citations?hl=en&user=30WUbakAAAAJ
Amita Sinvhal,"Professor Earthquake Engineering, IIT Roorkee","Earthquakes, seismology, reflection",489,https://scholar.google.com/citations?hl=en&user=zmHRZ7EAAAAJ
Shahbaz Khan,IIT Roorkee | University of Helsinki | University of Vienna | IIT Kanpur,"Theoretical Algorithms, Experimental Algorithms and Bioinformatics",486,https://scholar.google.com/citations?hl=en&user=B2L-1BwAAAAJ
Sanchita Pal,"Assistant Professor, IIT Roorkee","Heliosphysics, Sun, Space Weather: origins and impacts, Sun-Earth Connection",485,https://scholar.google.com/citations?hl=en&user=9iv8mzMAAAAJ
Vipul Silwal,"Indian Institute of Technology, Roorkee",Seismology,483,https://scholar.google.com/citations?hl=en&user=fzj0KskAAAAJ
Prabhjot Singh Chani,Indian Institute of Technology Roorkee,"Embodied Energy, NeuroArchitecture, LCA",479,https://scholar.google.com/citations?hl=en&user=LujCZn4AAAAJ
Niwesh Ojha,Indian Institute of Technology Roorkee,"Photocatalysis, carbon dioxide reduction, nitrogen fixation, Non Thermal Plasma",476,https://scholar.google.com/citations?hl=en&user=uc45rssAAAAJ
Manjinder Singh,artience Toyo Ink India | University of Birmingham | IIT Roorkee | IIST Thiruvananthapuram …,"Pressure Sensitive Adhesives, Molecular Dynamics",471,https://scholar.google.com/citations?hl=en&user=REILcSQAAAAJ
Abdul Saleem Mir,Assistant Professor at IIT Roorkee,"Power System Dynamics, Power System Control, Dynamic State Estimation, Windfarms, Adaptive Control",460,https://scholar.google.com/citations?hl=en&user=-1ABB2sAAAAJ
Abhishek Tewari,"Indian Institute of Technology, Roorkee","Computational materials science, materials informatics, oxide thermoelectrics, halide perovskites",457,https://scholar.google.com/citations?hl=en&user=wEaLj2EAAAAJ
Saurabh Khanna,"Indian Institute of Technology Roorkee, India","Compressive Sensing, Statistical Signal Processing, Bayesian Inference",456,https://scholar.google.com/citations?hl=en&user=Ok2hzUEAAAAJ
Apurv Kumar Yadav,"Indian Institute of Technology, Roorkee","Power electronics, Induction motor drives, Wireless power transfer",456,https://scholar.google.com/citations?hl=en&user=Ageox0kAAAAJ
Dr N Sivakumar,IIT Roorkee,"Energy management, Energy storage, IoT",452,https://scholar.google.com/citations?hl=en&user=cConxMgAAAAJ
Gautam Agarwal,"IIT Roorkee, TU Delft, RWTH Aachen, IIT(BHU) Varanasi",,452,https://scholar.google.com/citations?hl=en&user=_EVk3jQAAAAJ
Dr. Sanchika Gupta,Indian Institute of Technology Roorkee,"Cloud Computing, Intrusion detection system",451,https://scholar.google.com/citations?hl=en&user=VVznT_IAAAAJ
Arbaz khan,"Professor (Associate), Department of Mathematics, Indian Institute of Technology Roorkee …",Numerical solution of partial differential …,448,https://scholar.google.com/citations?hl=en&user=a1lyQpUAAAAJ
Gaurav Shukla,Indian Institute of Technology Roorkee,Remote sensing applications,447,https://scholar.google.com/citations?hl=en&user=YnrAWHoAAAAJ
PRADUMN KUMAR PANDEY,"Faculty, Computer Science and Engineering, Indian Institute of Technology Roorkee","Network Science, Machine learning, Distributed Algorithms and Diffusion dynamics …",442,https://scholar.google.com/citations?hl=en&user=7kClcuYAAAAJ
Dr. Gurpreet Kaur,Indian Institute of Technology Roorkee,Nanotechnology & Thin Film based Solar …,441,https://scholar.google.com/citations?hl=en&user=Vt0v4v8AAAAJ
"Dr. Anurag Vijay Agrawal, Senior Member IEEE",Indian Institute of Technology Roorkee,"5G/6G, AI/ML, MIMO/Massive MIMO, Blockchain, IoT",440,https://scholar.google.com/citations?hl=en&user=TEVLE1cAAAAJ
Sonika Sahu,"Former National Post Doctorate Fellowship, Indian Institute of Technology Roorkee","Composites, Additive Manufacturing, Syntactic Foams",440,https://scholar.google.com/citations?hl=en&user=4A3cO9kAAAAJ
Divya Singhal,IIT ROORKEE,Analytical chemistry,438,https://scholar.google.com/citations?hl=en&user=RiZDS28AAAAJ
Saurabh Sharma,"Assistant Professor, Indian Institute of Technology Roorkee","MILD combustion, e-Fuels, Hydrogen, Ammonia, Dimethyl ether",438,https://scholar.google.com/citations?hl=en&user=omdNi_sAAAAJ
Gowrish Basavarajappa,Indian Institute of Technology Roorkee (IIT Roorkee),RF and Microwave Engineering,438,https://scholar.google.com/citations?hl=en&user=p4iv10sAAAAJ
Arnab Mukherjee,IIT Roorkee,"Hydro turbine, Pump turbine, Fluid Flow and Heat Transfer, IRS system, CFD",431,https://scholar.google.com/citations?hl=en&user=kyTkIz0AAAAJ
Ravi Sharma,Indian Institute of Technology Roorkee,"Geoenergy Exploration, Rock physics and petrophysics, unconventional resources, CCUS, Geothermal",430,https://scholar.google.com/citations?hl=en&user=DsdB7vwAAAAJ
MV Sunil Krishna,"Professor, Physics, IIT Roorkee","Space Weather, Space Physics, Aeronomy, Solar Physics, Ionosphere-Magnetosphere",430,https://scholar.google.com/citations?hl=en&user=O5-m8xoAAAAJ
Sajad Ahmad Rather,"National Post-Doctoral Fellow (NPDF), IIT Roorkee, India","Meta-heuristics, Medical Imaging, Image Segmentation, Machine learning, Deep Learing",421,https://scholar.google.com/citations?hl=en&user=fBc0vbcAAAAJ
PRIYANKA DAS,IIT Roorkee,ENERGETIC MATERIALS,421,https://scholar.google.com/citations?hl=en&user=4Jt2DKgAAAAJ
Amit Kumar Bharti,IIT ROORKEE,"Biofuels-Bioethanol, Enzyme Production, Plant Biomass Degradation, Biodeinking of MOW Paper",412,https://scholar.google.com/citations?hl=en&user=4XkoCQ4AAAAJ
Dr. Girish Chandra Joshi,IIT Roorkee,"Earthquake Engineering, Disaster Management, GIS & Remote semsning",409,https://scholar.google.com/citations?hl=en&user=uIM0if8AAAAJ
Amit Upadhyay,"Associate Professor, Department of Management Studies, IIT Roorkee","Transportation Planning, Operations Research, Logistics, Supply Chain Management",406,https://scholar.google.com/citations?hl=en&user=pAyeUcoAAAAJ
D Prasad,"Technical officer, IIT Roorkee","Microbial fuel cells, XPS, pinch technology, process control",406,https://scholar.google.com/citations?hl=en&user=Twk6xigAAAAJ
Rohit Gahlot,IIT Roorkee | IIT Gandhinagar,"E-Waste Management, Solid Waste Management, Plastic Waste Management, Nano clay, Landfill Barrier Material",401,https://scholar.google.com/citations?hl=en&user=uD3Awp0AAAAJ
Dr. RN Dubey,"Professor of Structural Dynamics, Dept. of Earthquake Engineering, IIT Roorkee","Structural Dynamics, Earthquake Engineering",401,https://scholar.google.com/citations?hl=en&user=vuguxP0AAAAJ
Kamal Dr,IIT Roorkee,"Seismology, Hazard Assessment, Signal Processing, Fractals",400,https://scholar.google.com/citations?hl=en&user=EsqILQcAAAAJ
Abhay Sah,"Associate Professor, Indian Institute of Technology Roorkee",Wireless Communications,397,https://scholar.google.com/citations?hl=en&user=5y1QRHYAAAAJ
Akanksha Tyagi,"Associate Professor, Civil Engineering Department, IIT Roorkee","geotechnical engineering, ground improvement, underground construction, centrifuge modelling, finite",393,https://scholar.google.com/citations?hl=en&user=ECtiRj0AAAAJ
Rohit Kumar,"Researcher, Indian Institute of Technology Roorkee","Glaciology, Active Tectonics, Remote Senisng",392,https://scholar.google.com/citations?hl=en&user=BC2lBA4AAAAJ
Nagendra Kumar,"Professor of English, Department of Humanities & Social Sciences, IIT Roorkee","Fiction of Indian Diaspora, Contemporary Fiction, Critical Theories, Soft Skills, Cross cultural Communication",390,https://scholar.google.com/citations?hl=en&user=ItOL2vMAAAAJ
Dr. Ankan Chandra,IIT Roorkee,"Digital protection of power systems, … energy integration into the distribution system, microgrid protection, Renewable",388,https://scholar.google.com/citations?hl=en&user=mgsUffUAAAAJ
SATISH BELKHODE,"Assistant Professor, Electrical Engineering, IIT Roorkee","High power density systems, EV chargers, Grid connected systems, SiC devices, Gate Drivers",381,https://scholar.google.com/citations?hl=en&user=s3vrMcsAAAAJ
Chander Kant,Post Doctoral Research Associate at IIT Roorkee,Water Resources and Hydrology,379,https://scholar.google.com/citations?hl=en&user=gOHT8yIAAAAJ
PARUL SIROHI,IIT Roorkee,"Plant molecular biology, Genetic transformation of cereals, CRISPR",378,https://scholar.google.com/citations?hl=en&user=Ex-TK6MAAAAJ
Dr. Shaik Mozammil,"Department of Mechanical & Industrial Engineering, Indian Institute of Technology Roorkee","Digital Manufacturing, Mechanical behavior of composites, Material Characterization, FEM analysis, Modeling & Simulation",377,https://scholar.google.com/citations?hl=en&user=3b97xpUAAAAJ
Dr. SHAIK MOZAMMIL,"Department of Mechanical & Industrial engineering, Indian Institute of Technology Roorkee","Digital Manufacturing, Metal Matrix Composites, Al-Cu alloy Casting, Modeling & Optimization",377,https://scholar.google.com/citations?hl=en&user=8UNTsqZgIagC
Peayush Choubey,"Assistant Professor of Physics, Indian Institute of Technology-Roorkee, Uttarakhand-247667 …","Unconventional superconductivity, strongly correlated electron systems, two-dimensional materials and their …",375,https://scholar.google.com/citations?hl=en&user=hDC5j0AAAAAJ
Mallika Garg,"IIT Kharagpur, India | IIT Roorkee, India","Human-Computer Interaction, Generative AI, Computer vision, Pattern Recognition",374,https://scholar.google.com/citations?hl=en&user=hlPKfaQAAAAJ
Neha Singh,"M Tech, IIT Roorkee","RF and Microwaves, Planar Antennas, EBG Structures",373,https://scholar.google.com/citations?hl=en&user=dOk6wZwAAAAJ
MD SHADAB 23510008,Alumni of IIT Roorkee,"Architecture, Urban design, Engery Efficiency",369,https://scholar.google.com/citations?hl=en&user=I--kds0AAAAJ
C Naveen Kumar,Indian Institute of Technology Roorkee,"Road Safety Analysis, Highway Geometric Design, Traffic Analysis.",367,https://scholar.google.com/citations?hl=en&user=7J55iMgAAAAJ
Dr. Waseem Ashraf,"Project Scientist-II(DWRs-Urban)@IMD, MoES, GOI; IPDF@IIT Roorkee","Green Ammonia, Green Hydrogen, 2D Materials, Sensors, Wastewater Treatment",367,https://scholar.google.com/citations?hl=en&user=gRVpw1kAAAAJ
Sk Sohel Islam,IIT ROORKEE,"Pavement Material, Modified Binder",366,https://scholar.google.com/citations?hl=en&user=Ba-fKvYAAAAJ
Rahul Ranjan,IIT Roorkee,"Cellulose Functionalization, Life Cycle Assessment, Paper Technology, Fiber molding, Fermentation",364,https://scholar.google.com/citations?hl=en&user=lAn8Sa4AAAAJ
Piyush Srivastava,Centre of Excellence in Disaster Mitigation and Management; IIT Roorkee,"Boundary layer Meteorology, Parametrization of Surface Fluxes",360,https://scholar.google.com/citations?hl=en&user=FiMu254AAAAJ
Dr. GAURAV VERMA,IIT Roorkee,"spintronics, hardware accelerators, neuromorphic computing, image processing",360,https://scholar.google.com/citations?hl=en&user=RThHv5UAAAAJ
Dipankar Saha,Post Doctoral Fellow at Indian Institute of Technology Roorkee,"Internal Combustion Engine, Alternative fuel, Waste to Energy",357,https://scholar.google.com/citations?hl=en&user=5vQOb4oAAAAJ
"Prem Sagar Shukla, Ph. D.",Institute Postdoctoral Fellow at IISc Bangalore & Ph. D. IIT Roorkee,"Supercapacitor Energy storage, Nanomaterials, 2D materials, Gas and humidity sensors",357,https://scholar.google.com/citations?hl=en&user=xY7FPz8AAAAJ
Mamta Raj,iit roorkee,"electrochemical sensors, biosensors, nanomaterials, conducting polymer",352,https://scholar.google.com/citations?hl=en&user=DEFhMz4AAAAJ
Anil Kumar Nayak,"VIT AP University, IIT Roorkee, University of Alberta, IIT KGP, and IIT Indore","SIW based planar antenna, CEM, On-chip, Implantable Antenna, and In-band FDA",349,https://scholar.google.com/citations?hl=en&user=ihidNzcAAAAJ
Tushar Pramod Choudhari,Assistant Professor | IIT Roorkee,"Performance-based Design, Risk Assessment, Transport Safety, ADAS, Shared Mobility",349,https://scholar.google.com/citations?hl=en&user=5iYTjxYAAAAJ
Dr. NEERAV SHARMA,"CEEW, Purdue University USA, IIT Roorkee","Geo Analytics, IoT, Deep Learning, Transportation Systems, ADAS",348,https://scholar.google.com/citations?hl=en&user=hSYgwOMAAAAJ
Dr. Priyadarshi Upadhyay,IIT Roorkee,"Remote Sensing, GIS, Soft classification, Multitemporal Analysis of Satellite Data, Microwave Remote Sensing",345,https://scholar.google.com/citations?hl=en&user=92O4NsIAAAAJ
Dr. Manjusha Passi,"Indian Institute of Technology, Roorkee, India","Photocatalysis, Material synthesis, Waste water treatment, NOx removal, H2 production",344,https://scholar.google.com/citations?hl=en&user=_tFrX_AAAAAJ
Tejaswini Dhanaji Patil,Indian Institute of Technology,"Edible food packaging, microbial polymer development for food …, waste valorization",342,https://scholar.google.com/citations?hl=en&user=oCmLBDsAAAAJ
Praveen Kalura,"Indian Institute of Technology, Roorkee","Remote Sensing, Hydrology, Irrigation, Water Accounting Plus, Climate Change",335,https://scholar.google.com/citations?hl=en&user=iie9NUUAAAAJ
VMSuntharavel Muthaiah,Indian Institute of Technology Roorkee,"Mechanical Alloying, Spark Plasma Sintering, Wear, Biomaterials, Coating",333,https://scholar.google.com/citations?hl=en&user=obDtFn8AAAAJ
AKSHAY PANDEY,IITR,"Remote Sensing, Web-GIS, Machine & Deep Learning, Plant Health-Agriculture, UAV",332,https://scholar.google.com/citations?hl=en&user=PApXA_QAAAAJ
Dr. Shree Garg,"Researcher , Indian Institute of Technology Roorkee","Big Data, Machine learning, Network Security",330,https://scholar.google.com/citations?hl=en&user=_NeSRhQAAAAJ
Lingaraj Dhal,"Department of Water Resources Development & Management, Indian Institute of …","Watershed Management, Hydrology, Water Resources",328,https://scholar.google.com/citations?hl=en&user=UiD78TUAAAAJ
Sanketkumar Nehul,Indian Institute of Technology Roorkee,Virology,327,https://scholar.google.com/citations?hl=en&user=FHZpSoMAAAAJ
Aswani Kumar Singh,"IIT Kharagpur, IIT Bombay, IIT Roorkee","Sustainable Manufacturing, Grinding, Additive Manufacturing, LCA, Mathematical Modelling",324,https://scholar.google.com/citations?hl=en&user=sO2IC4cAAAAJ
Dr. NABAB KHAN,"Project Research Scientist -II, IIT Roorkee, IGSTC-PIEF Fellow-2023","Cancer Biology, Drug Delivery, Biomedical Nanomaterials, Electrospun Nanofiber, Host-Guest Chemistry",322,https://scholar.google.com/citations?hl=en&user=HrIC34AAAAAJ
Tanaya Sarmah,IIT Roorkee,"Architecture, Urban Planning, Disaster Management, Critical Infrastructure, WEF Nexus",321,https://scholar.google.com/citations?hl=en&user=NBYB2NUAAAAJ
vishakha singh,IIT Roorkee,"Structural biology, biochemistry, protein engineering, protein protein interaction, nanobodies",319,https://scholar.google.com/citations?hl=en&user=H2y3tkYxthkC
AMIT Singh,"Old Dominion University, Norfolk, USA, Ex-IIT Roorkee","Pyrolysis, Biomass conversion, Energy storage, Renewable carbon, Chemical Engineering",319,https://scholar.google.com/citations?hl=en&user=roivfL8AAAAJ
Shishir R,IPDF IIT Roorkee,"Coating, Corrosion, Surface modifications, Biomaterials",319,https://scholar.google.com/citations?hl=en&user=2Hv_k5IAAAAJ
Uttam Kumar Roy,"Professor, Department of Architecture and Planning, Indian  Institute of Technology","Affordable Housing, Building System, Urban Planning, Public Policy, Planning Education",316,https://scholar.google.com/citations?hl=en&user=cD6_zP4AAAAJ
NEHA GUPTA,IIT ROORKEE,Analytical Chemistry,315,https://scholar.google.com/citations?hl=en&user=7I5TXJ8AAAAJ
Snehlata Shakya,IIT Roorkee,Non-invasive imaging,314,https://scholar.google.com/citations?hl=en&user=-iBVn2QAAAAJ
Rajesh Chandra,"Department of Polymer and Process Engineering, Indian Institute of Technology Roorkee.","Microbiology, Renewable Energy, Wastewater Remediation, Solid Waste Management.",313,https://scholar.google.com/citations?hl=en&user=xCO9jFoAAAAJ
Dr Abhilasha Dixit,Indian Institute of Technology Roorkee ; IISER Bhopal,"Electronics & Communication, Remote Sensing, GIS, Snowmelt Runoff",313,https://scholar.google.com/citations?hl=en&user=UKfGJIIAAAAJ
Sweety Rathi,Indian Institute of Technology Roorkee,Inorganic Chemistry,311,https://scholar.google.com/citations?hl=en&user=obL77PkAAAAJ
Upendra Mohan Bhatt,"IIT Roorkee, India","Microelectronics and VLSi, Device physics, Semiconductor memories, TCAD",310,https://scholar.google.com/citations?hl=en&user=KqLovEgAAAAJ
Dr. Ashish Kumar Chowdhary,"Assistant Professor, ECE, Indian Institute of Technology Roorkee","Nanophotonics, Metamaterials, Terahertz Sensing, Terahertz Communication, AI/ML Techniques",309,https://scholar.google.com/citations?hl=en&user=l-jMHTUAAAAJ
Sharad Raghuvanshi,Indian Institute of Technology Roorkee,"Biotechnology, Wood material science, Green Technology, Pulp & Paper, Biocomposites &Microbiology",308,https://scholar.google.com/citations?hl=en&user=k4REVq8AAAAJ
Dr. Danish Khan,Indian Institute of Technology,Organic Chemistry,308,https://scholar.google.com/citations?hl=en&user=4UfAHikAAAAJ
"Prince Tiwari, Assistant Professor","BSBE, Indian Institute of Technology (IIT), Roorkee, India","Cryo-EM, Myosin, Myosin binding protein, cardiomyopathies",307,https://scholar.google.com/citations?hl=en&user=a--i2wMAAAAJ
Pavankumar Satuluri,"Assistant Professor, Indian Institute of Technology Roorkee","Paninian Grammar, Natural Language Processing and Sanskrit …",305,https://scholar.google.com/citations?hl=en&user=8OVJdlcAAAAJ
Dr. KL Meena,"Department of Mechanical & Industrial Engineering, Indian Institute of Technology Roorkee","MgO/CNTs Reinforced ZTA, SPS/MW Sintering, Digital Manufacturing, Simulation Modelling, Material",304,https://scholar.google.com/citations?hl=en&user=Q5m0mY8AAAAJ
Sonam Singh,Indian Institute of Technology Roorkee,"Continuum Mechanics, Composite Materials, Wave Propagation",304,https://scholar.google.com/citations?hl=en&user=ThhJ_xgAAAAJ
Utpal Dey,"Assistant Professor, IIT Roorkee, India",Millimeter-Wave Passive Circuit Design,298,https://scholar.google.com/citations?hl=en&user=6GM5rRUAAAAJ
Mulugeta Musie,Indian Institute of Technology Roorkee,Hydrologic modeling,296,https://scholar.google.com/citations?hl=en&user=7_zOh2wAAAAJ
Saloni Gupta,National Institute of Immunology - IIT Roorkee,"Inflammation, Immunology, Molecular Biology, Zoology, Immunometabolism",296,https://scholar.google.com/citations?hl=en&user=N7YzSd4AAAAJ
Piyush Kumar Singh,Research Associate of Engineering Geology in IIT Roorkee,"Engineering Geology, Slope stability, Rock Mechanics, Numerical Modelling, Structural Geology",293,https://scholar.google.com/citations?hl=en&user=GmP1yhQAAAAJ
Dr. Alaknanda Kunwar,IIT roorkee,designing and analysis of microstrip antenna,292,https://scholar.google.com/citations?hl=en&user=TcSy-dgAAAAJ
Ashu Choudhary,"WOS A, IIT Roorkee","Multi-ion batteries, Zn ion batteries, Mg ion Batteries, MD simulations",292,https://scholar.google.com/citations?hl=en&user=_RRKs2QAAAAJ
Geetanjali,Indian Institute of Technology Roorkee,"Bioprocess Technology, Bioenergy, Nanotechnology, Electrochemistry, Optimization Technique",292,https://scholar.google.com/citations?hl=en&user=XKp9HVUAAAAJ
Maan Singh Rathore,Indian Institute of Technology Roorkee,"Bearing Prognostics using Deep Learning …, Signal Processing",291,https://scholar.google.com/citations?hl=en&user=1ZN2sr8AAAAJ
MOHD SUFIYAN,Indian Institute of Technology Roorkee,"Food Supply Chain Management, Behavioral Supply Chain Management",291,https://scholar.google.com/citations?hl=en&user=UMuV-4wAAAAJ
Dr. Sonia Choudhary,Research Associate  IIT Roorkee,"Algal biotechnology, Bioremediation, Biofuel, Metabolic engineering",291,https://scholar.google.com/citations?hl=en&user=WK6ZQbAAAAAJ
Akshay Bhatnagar,"Department of Physics, Indian Institute Of Technology Roorkee","Statistical mechanics, Turbulence, Particles in  turbulent flows",290,https://scholar.google.com/citations?hl=en&user=FUfdhM4AAAAJ
Idhayachandhiran Ilampooranan,"Indian Institute of Technology Roorkee, India","Small Waterbodies, GHG Emissons, Agricultural Systems, Water Resources, Ecohydrology",287,https://scholar.google.com/citations?hl=en&user=xv1RnawAAAAJ
Ajit Kumar Dubey,Indian Institute of Technology Roorkee,Combustion,286,https://scholar.google.com/citations?hl=en&user=JLCOrS8AAAAJ
Dr. Kumari Amrita,IIT (ISM) Dhanbad,"Strategic Management, Entrepreneurship and Women …",286,https://scholar.google.com/citations?hl=en&user=XRRyL9kAAAAJ
Kumud Pandav,Indian Institute of Technology Roorkee,"Structural Biology, Bio-Chemistry, Bio-Physics, Computational Biology, DNA-Drug Interactions",285,https://scholar.google.com/citations?hl=en&user=VbsK4cUAAAAJ
Amita Giri,"Assistant Professor, Indian Institute of Technology Roorkee","Biomedical signal processing, Forward & Inverse Problems, Brain Computer Interface",284,https://scholar.google.com/citations?hl=en&user=rXOZ-1IAAAAJ
ANANYA NEOGY,IIT Roorkee,Plant developmental biology,284,https://scholar.google.com/citations?hl=en&user=66e1LgcAAAAJ
Palas Kumar Farsoiya,"Assistant Professor, IIT Roorkee","Multiphase flows, Physicochemical Hydrodynamics, CFD, Turbulence, Waves",283,https://scholar.google.com/citations?hl=en&user=GlKaKdIAAAAJ
Dr. Reshu yadav,"water resource development and management department,Indian Institute of Technology …","water for crops, water foot printing, wastewater irrigation, paddy cultivation, GHG emission",281,https://scholar.google.com/citations?hl=en&user=5KXBUhIAAAAJ
Dr. Vatsala Cilamkoti,Indian Institute of Technology Roorkee,"Nanomaterials, Quantum dots, Photocatalysis, Water Remediation",281,https://scholar.google.com/citations?hl=en&user=OAL7AAUAAAAJ
Amritesh Kumar,"Assistant Professor, Indian Institute of Technology Roorkee, India","Multifunctional materials, Mechanics, Magnetoelectric composites",281,https://scholar.google.com/citations?hl=en&user=_E1TxLIAAAAJ
SHALJA VERMA,IIT ROORKEE,Bioinformatics and Structural Biology,281,https://scholar.google.com/citations?hl=en&user=tjlUa0wAAAAJ
Dr.  Rajni Rohila,IIT Roorkee,"Numerical Methods, Numerical Solutions of PDE, Differential Quadrature Method",279,https://scholar.google.com/citations?hl=en&user=7AvrEQQAAAAJ
Dr. Indrani Mukherjee (Thakur),Indian Institute of Technology Roorkee,"Nanostructured metal oxide semiconductors, low dimensional nanomaterials, photocatalysis of environmental pollutants",277,https://scholar.google.com/citations?hl=en&user=iBaY5CsAAAAJ
Monika Simon,Indian Institute of Technology Roorkee,"Wastewater treatment, Eco technologies, Water Quality, Microbial remediation",277,https://scholar.google.com/citations?hl=en&user=FNlR6wYAAAAJ
Dr.-Ing. Purnendu Nasker,IIT Roorkee,"Magnesium alloy, Mechanical metallurgy, Creep, Plastic deformation, and Microstructure",276,https://scholar.google.com/citations?hl=en&user=cV-1bhMAAAAJ
Subhash Chand Yogi,"Assistant Professor, IIT Roorkee India","Multirotor UAV Autonomy, Inteligent Control, Learning from Demonstration, Multi-UAV Flocking",275,https://scholar.google.com/citations?hl=en&user=rlVR6bYAAAAJ
Sanjeev Kumar (Dhull),IIT Roorkee,"Experimental and Fluvial Hydraulics, CFD, ML in Hydraulic Engineering",275,https://scholar.google.com/citations?hl=en&user=boCYXsUAAAAJ
ANUMITA  MISHRA,Associate Professor Indian Institute of Technology Roorkee,"Geotechnical engineering, Foundations, Landfill Engineering",274,https://scholar.google.com/citations?hl=en&user=OFqD_kAAAAAJ
Vaishnavi Pandey,"Project Associate, Dept. of Hydro and Renewable Energy, IIT Roorkee",Renewable Energy,273,https://scholar.google.com/citations?hl=en&user=6SRYHYkAAAAJ
Dr. Pankaj Kaushik,"IIITDM Kurnool, IIT Bombay, IIT roorkee","Circular economy, Recycling, Solid state additive manufacturing, Dissimilar Al-steel joining, FSW",272,https://scholar.google.com/citations?hl=en&user=tzz6CwcAAAAJ
Dr. MH Mujahid,"Post Doctoral Fellow, Exploring Ideas at Indian Institute of Technology Roorkee","DDS, Nanotechnology, Cancer, Diabetes, Animal model",272,https://scholar.google.com/citations?hl=en&user=Zbn14S8AAAAJ
Ram Krishna Pandey,"Professor of Mathematics, IIT Roorkee",Number Theory,271,https://scholar.google.com/citations?hl=en&user=SXpqJ-kAAAAJ
Kesava Rao,Hitachi Energy || IIT Delhi || IIT Kharagpur || IIT Roorkee,"AC and DC microgrid monitoring and …, Control switching, HV Circuit breaker testing",271,https://scholar.google.com/citations?hl=en&user=mhsBwWwAAAAJ
Narendra Singh,Indian Institute of Technology Roorkee,Thin Films Memory device Gas sensor,270,https://scholar.google.com/citations?hl=en&user=zEXsl9UAAAAJ
Vibha Devi,Indian Institute of Technology Roorkee,"Extraction, Separation, Optimization, Modeling, Neural network",270,https://scholar.google.com/citations?hl=en&user=aobXhuUAAAAJ
Harsh Jain,Institute Postdoctoral Fellow IIT Roorkee,"Material Processing, Material Characterization, Mechanical pro, Wear and Biocompatibility properties",270,https://scholar.google.com/citations?hl=en&user=othjgzwAAAAJ
Dr. Shivesh Tripathi,IIT Roorkee,RF  circuits & systems,268,https://scholar.google.com/citations?hl=en&user=I1iuoNwAAAAJ
Monica Sharma,IIT ROORKEE,"Biomolecular Crystallography, Drug Discovery",268,https://scholar.google.com/citations?hl=en&user=7hCxe0MAAAAJ
POONAM CHAHAL,"IIT Roorkee, India","Earth Surface Processes, Paleoclimate, Geomorphology",267,https://scholar.google.com/citations?hl=en&user=IwFqpsgAAAAJ
Ishan Chawla,"Senior Research Fellow, IIT Roorkee","Cable-Driven Parallel Robots, Construction Robotics, Dynamic Modeling, Control, Under-actuated Systems",267,https://scholar.google.com/citations?hl=en&user=yYqyy94AAAAJ
Pradeep Kumar,"Indian Institute of Technology Roorkee, India","Spintronics, Multiferroics, MEMS, Sensors, Memory Devices",267,https://scholar.google.com/citations?hl=en&user=XMFgjCUAAAAJ
Habeebur Rahman,"Prime Minister's Research Fellow (PMRF), Department of Physics, IIT-Roorkee","Nanoscience and Technology, 2-D materials and Thin Films, Flexible Electronic Devices",267,https://scholar.google.com/citations?hl=en&user=IqiEW1sAAAAJ
DR. SIMRAN KAUR DHILLON,PostDoc at UoA |UoBath| IITR,"Green Energy Technologies (Microbial Fuel …, Water/Soil Remidiation",266,https://scholar.google.com/citations?hl=en&user=vNdMDWAAAAAJ
DIVYA DIXIT,Indian Institute of Technology Roorkee,"Metal Organic Frameworks, Photocatalysis, Water and Wastewater Treatment",264,https://scholar.google.com/citations?hl=en&user=FJUXrJkAAAAJ
Piyush Jagtap,"Indian Institute of Technology, Roorkee","Materials science and Engineering, Thin Films, Microelectronics packaging, mechanics of",262,https://scholar.google.com/citations?hl=en&user=V1RSZ2IAAAAJ
Arun Kumar Singh,Indian Institute of Technology Roorkee,"Image Processing, Computer Vision, Data Mining, Deep Learning, Pattern Recognition",258,https://scholar.google.com/citations?hl=en&user=21iZANsAAAAJ
Mukesh Bhardwaj,"Assistant Professor, IIT Roorkee","Electrocatalysis, Corrosion",258,https://scholar.google.com/citations?hl=en&user=XH5VmBMAAAAJ
Rahul Saini,IIT ROORKEE,"E-waste Management, Waste Water Treatment, Tribology, Nanotechnology, Iron-Steel Making",256,https://scholar.google.com/citations?hl=en&user=NLoW_ZQAAAAJ
Arka Lahiri,"Assistant Professor, MMED, Indian Institute of Technology Roorkee","Microstructure modeling, Mechanical Behavior",256,https://scholar.google.com/citations?hl=en&user=uyEr60gAAAAJ
Dharmendra Pratap Singh,Indian Institute of Technology Roorkee,"Paleoceanography, Paleoclimatology",255,https://scholar.google.com/citations?hl=en&user=yO7NM3kAAAAJ
Ramver Singh,"CTO/R&D, H2Power IIT Kanpur (IIT Bombay & IIT Roorkee)","Non-traditional Machining, EDM, ECM",253,https://scholar.google.com/citations?hl=en&user=podOQ6gAAAAJ
Chandrachur Ghosh,"Research Associate (RA), Indian Institute of Technology Roorkee","Diabetes, Lipid research, Liver biology, Nutraceuticals",252,https://scholar.google.com/citations?hl=en&user=uGeij08AAAAJ
Yuana Delvika,"Indian Institute of Technology Roorkee, Universitas Medan Area","Quality Improvement, QMS, BPR",252,https://scholar.google.com/citations?hl=en&user=eaCsMuQAAAAJ
Gaurav Sharma,IIT Roorkee,"fluid mechnaics, hydrodynamic stability",251,https://scholar.google.com/citations?hl=en&user=S4gdxc8AAAAJ
Ajay,"Department of Physics, Indian Institute of Technology Roorkee","Condensed Matter Theory, Strongly Correlated Systems, high Tc Superconductivity, Josephson Effect",249,https://scholar.google.com/citations?hl=en&user=M7I-RRAAAAAJ
ANUPAMA SEMWAL,Indian Institute of Technology Roorkee,"Food Biotechnology, Probiotic edible films, Gluten-free product, High moisture textured protein",249,https://scholar.google.com/citations?hl=en&user=RWckme0AAAAJ
Alpesh M. Patel,"Indian Institute of Technology, Roorkee.","Integrated Renewable Energy System, Hybrid Energy System, Microgrid, Engineering Optimization",247,https://scholar.google.com/citations?hl=en&user=bPs_1sgAAAAJ
Dr. Suddhasil Bose,Asst. Prof @Adamas University || Post Doc. @IIT Roorkee,"Urban Geography, Water Resources, GIS, Machine Learning, AI",247,https://scholar.google.com/citations?hl=en&user=_Ma2HtAAAAAJ
Digvijay Singh,Indian Institute of Technology Roorkee,"Cryogenic Alloys, In-situ Neutron/Synchrotron Diffraction, TRIP/TWIP Steels, Phase Transformation",247,https://scholar.google.com/citations?hl=en&user=DhApwCUAAAAJ
chhavi sharma,"Commonwealth Fellow, University of Bath, Research Scientist, IIT Roorkee","Analytical electrochemistry, Conducting Polymers, Ionic Liquids, green hydrogen, 1-D/2-D",244,https://scholar.google.com/citations?hl=en&user=NYJNqXMAAAAJ
Humair Raj Khan,IIT Roorkee,Machine Learning,244,https://scholar.google.com/citations?hl=en&user=gc4wyvgAAAAJ
Mansi Taparia,IIT Roorkee,Human Resource Management,244,https://scholar.google.com/citations?hl=en&user=BiMaQhsAAAAJ
KAUSHAL KUMAR,"Indian Institute of Technology, Roorkee","Biodiesel, biomass, NOx emission, IC engine combustion, Antioxidant additives",243,https://scholar.google.com/citations?hl=en&user=gh4OlwMAAAAJ
Suruchi Mowar,IIT Roorkee,,243,https://scholar.google.com/citations?hl=en&user=6EcZYqMAAAAJ
Karuna Panwar,"IIT Roorkee, India","Combinatorial Optimization, Optimization Techniques, Computational Intelligence",242,https://scholar.google.com/citations?hl=en&user=u3_tcOYAAAAJ
Asha Rani,IIT Roorkee,"Machine Learning, Artificial Intellegence, Multimedia Security, Biometrics",241,https://scholar.google.com/citations?hl=en&user=ZPO_TA0AAAAJ
Dr. Sonal Sharma,"Polymer and Process Engineering, Indian Institute of Technology, Roorkee","Material Chemistry, Co-ordination/Metallopolymer, Water splitting, Energy Storage, Biodiesel",241,https://scholar.google.com/citations?hl=en&user=hW7BCzQAAAAJ
Rishabh Kumar,Indian Institute of Technology Roorkee,"Experimental Nuclear Physics, Low energy nuclear physics, Radiation detection, Nuclear fission",240,https://scholar.google.com/citations?hl=en&user=pfxDc5AAAAAJ
Manjusha Varshney,IIT Roorkee,Condensed Matter Physics,238,https://scholar.google.com/citations?hl=en&user=O9Dr_y8AAAAJ
Avinash Kumar,"Assistant Professor, Indian Institute of Technology, Roorkee","Dynamic State Estimation of IBRs, Digital Twins, Microgrid Resiliency, Protection and Control",238,https://scholar.google.com/citations?hl=en&user=IP1mAucAAAAJ
RAMANDEEP SINGH,IIT Roorkee,"Sustainability, Sustainable Machining, Life Cycle Assessment, Material Characterization",238,https://scholar.google.com/citations?hl=en&user=-uNp32sAAAAJ
Farhan Asim,Indian Institute of Technology Roorkee,"Neuroarchitecture, Restorative Environments, Nature Based Solutions, Built Environment",235,https://scholar.google.com/citations?hl=en&user=-kOAToUAAAAJ
Birudula Anil kumar,Indian Institute of Technology Roorkee,"Marine Propulsion, Energy Management, Optimization, Hydroelectric Systems",235,https://scholar.google.com/citations?hl=en&user=oj0ZhJUAAAAJ
Divya Bhatt,IIT-Roorkee,"Anti-infectives, Pre-clinical research",235,https://scholar.google.com/citations?hl=en&user=MD-WVIcAAAAJ
SAAKSHI SAINI,"Research Associate, IIT Roorkee","Anxiety, Depression, Nutraceuticals, Phytochemicals",235,https://scholar.google.com/citations?hl=en&user=GjLrm1YAAAAJ
Nitish Arya,"Assistant Professor, IIT Roorkee","Fluid structure interaction, Aeroacoustics, flow control, High speed flows",234,https://scholar.google.com/citations?hl=en&user=2pLLh7gAAAAJ
Sudiksha Aggrawal,IIT Roorkee,Material Chemistry,230,https://scholar.google.com/citations?hl=en&user=HTINw9MAAAAJ
Dr. Aneesh Ali,"Indian Institute of Technology, Roorkee","Nanomedicine, Drug Delivery, Bioelectronics, Rheumatoid Arthritis, Ulcerative colitis",230,https://scholar.google.com/citations?hl=en&user=aJccGx0AAAAJ
MOHIT KUMAR,"Assistant Professor@RJIT BSF Academy, IIT Bombay, IIT Roorkee","Additive manufacturing, 3D/4D Printing, Polymer-based composites, Ceramics slurry, Sustainability.",230,https://scholar.google.com/citations?hl=en&user=e7Gll18AAAAJ
Chinmay Mittal,Indian Institute of Technology Roorkee,"Nanotechnology, Wastewater treatment, Organic synthesis, Heterocyclic scaffollds",230,https://scholar.google.com/citations?hl=en&user=ASLnXEcAAAAJ
Vishal Pandey,"Indian Institute of Technology, Roorkee","Cognitive Neuroscience, Virtual Reality, Augmented Reality, Artificial Intelligence, HCI",229,https://scholar.google.com/citations?hl=en&user=-AxnqtQAAAAJ
Dhivyabharathi,"Assistant Professor, Indian Institute of Technology Roorkee, India","Traffic Flow Modelling, Intelligent Transportation Systems, Connected and Automated Mobility",227,https://scholar.google.com/citations?hl=en&user=pNSV2F8AAAAJ
Rajeev Kumar,"IIT Roorkee, India","Machine Fault Diagnostics, Vibration Analysis, Signal Processing, Power System, Machine Learning",227,https://scholar.google.com/citations?hl=en&user=2ocCyB4AAAAJ
Shashi Gaurav Kumar,IIT ROORKEE,"Geology, Remote Sensing, Heatwave, Heat Stress, Atmospheric Dynamics",227,https://scholar.google.com/citations?hl=en&user=2531IHYAAAAJ
Darshak Bhatt,Indian Institute of Technology Roorkee,"RFIC, integrated circuits, transceivers, Wireless Technologies, Monolithic Microwave Integrated",224,https://scholar.google.com/citations?hl=en&user=XOKWdPAAAAAJ
Deepika Velumani,Indian Institute of Technology Roorkee,"Battery modeling, Safety monitoring, PINNs",224,https://scholar.google.com/citations?hl=en&user=jV9Y_-4AAAAJ
VIBHA BHARILYA,"Indian Institute of Technology, Roorkee","Autonomous vehicle, Trajectory prediction, Deep neural networks",221,https://scholar.google.com/citations?hl=en&user=e9EAPaUAAAAJ
smita mondal,iit roorkee,"biomass conversion, heterogenous catalyst",220,https://scholar.google.com/citations?hl=en&user=M28kUzgAAAAJ
Aparna Dutta,Indian Institute of Technology Roorkee,"Acid Mine Drainage, Mine water treatment, Hydrogeochemistry, valorisation of waste stream",220,https://scholar.google.com/citations?hl=en&user=yao7pNUAAAAJ
Neelam Gunjyal,"Indian Institute of Technology, Roorkee","Antibiotic resistance, Water and Wastewater treatment, Algae based wastewater treatment, Ground water contamination, and Solid w",220,https://scholar.google.com/citations?hl=en&user=IEdRMvYAAAAJ
Rohit Tanwar,IIT Roorkee,Active Packaging,219,https://scholar.google.com/citations?hl=en&user=8abYP5cAAAAJ
Tarun Gangwar,"Assistant Professor, IIT Roorkee","Computational mechanics, structural engineering",217,https://scholar.google.com/citations?hl=en&user=NKvJh04AAAAJ
Surila Guglani,Indian Institute of Technology Roorkee,"Surrogate modeling, Spectral expansions, machine learning for EDA, Multi-fidelity algorithm, Signal Integrity",217,https://scholar.google.com/citations?hl=en&user=J9GzehYAAAAJ
ALOK ACHARYA,"Department of Management Studies, Indian Institute of Technology (IIT) Roorkee",Marketing Management,215,https://scholar.google.com/citations?hl=en&user=8Es-B8kAAAAJ
Dr. Arpit Jain,IIT Roorkee,Geotechnical Engineering,215,https://scholar.google.com/citations?hl=en&user=MxvmtMUAAAAJ
WAGHMODE BHAIRAVNATH TATYABA,Indian Institute of Technology Roorkee,"Metabolomics, Metabolic Engineering, Medicinal Plant",215,https://scholar.google.com/citations?hl=en&user=M54GmcwAAAAJ
Khushboo R. Singh,IIT Roorkee,"Nanotechnology, metal nanocatalyst",214,https://scholar.google.com/citations?hl=en&user=LuIPjCEAAAAJ
Aparna Sinha,"Postdoctoral Fellow, Indian Institute of Technology Roorkee","Condition Monitoring, Predictive Maintenance, Internet of Things, Smart Sensing, Instrumentation",212,https://scholar.google.com/citations?hl=en&user=qNQoudYAAAAJ
Abinash Kumar Swain,"Associate Professor, Department of Design, Department of Mechanical & Ind Engineering IIT …","CAD, Knowledge representation, Assembly, ontology, IGA",210,https://scholar.google.com/citations?hl=en&user=5IJyz2AAAAAJ
ASHISH KUMAR,IIT ROORKEE,"Fractional Calculus, Existence and uniqueness, Semigroup theory, Control theory",210,https://scholar.google.com/citations?hl=en&user=ysXvf8cAAAAJ
Litton Bhandari,Indian Institute of Technology Roorkee,"Additive Manufacturing, Fatigue, Fracture Mechanics, Materials Characterization",210,https://scholar.google.com/citations?hl=en&user=SyDfpm4AAAAJ
Prof. Daya Shanker,Indian Institute of Technology Roorkee,Engineering Seismology and Seismotectonics,210,https://scholar.google.com/citations?hl=en&user=DLAiQ6sAAAAJ
Harshit Sosan Lakra,"Assistant Professor, Indian institute of Technology Roorkee","Culture Based Planning, Public Realm, Vernacular Architecture, Tribal Architecture, Housing",209,https://scholar.google.com/citations?hl=en&user=PmJ2VSMAAAAJ
Dr. Ravindra Kumar Gupta,Indian Institute of Technology Roorkee,"Earthquake Engineering, Seismic Hazard, Near Surface Geophysics, Geotechnical Investigation",209,https://scholar.google.com/citations?hl=en&user=79CijaYAAAAJ
Nikhil Kumar Singh,"Assistant Professor, Department of Mechanical and Industrial Engineering, IIT Roorkee","Computational Fluid Dynamics, Heat Transfer, Multiphase Flow, Boiling, Numerical Methods",208,https://scholar.google.com/citations?hl=en&user=t35uU7gAAAAJ
Rishi Singh Chhbara,Indian Institute of Technology,"Civil Engineering, Pavement Construction, Road Rehabilitation/Recycling.",202,https://scholar.google.com/citations?hl=en&user=NThaXDgAAAAJ
Dr. Ekta Purwar,"Post Doctoral Fellow, IIT Roorkee","Distributed Generation, Fault and Protection, AC and DC Microgrids, Grid Code and Resiliency",202,https://scholar.google.com/citations?hl=en&user=NUbSyCwAAAAJ
Yashpal Gupta,IIT Roorkee,"ceramics, spark plasma sintering, tribology, composites, friction stir processing",201,https://scholar.google.com/citations?hl=en&user=41afzJ0AAAAJ
Sushmit Sen,"Senior Research Fellow, Indian Institute of Technology, Roorkee","Interface Engineering, Bubble Management, Corrosion Mitigation, Polymer Coatings",201,https://scholar.google.com/citations?hl=en&user=xS0ZL50AAAAJ
Dharmansh Deshawar,IIT Roorkee,"Stability theory in Complex Fluids, CFD and AI/ML, Polymer synthesis and Processing, Coatings, nanof",199,https://scholar.google.com/citations?hl=en&user=ac7qaPoAAAAJ
Navjot Kaur,"Indian institute of Technology, Roorkee","materials, energy, nanotechnology",198,https://scholar.google.com/citations?hl=en&user=ThjaJqMAAAAJ
Aparna Tripathi,"Assistant Professor, Dept. of Metallurgical and Materials Engineering, IIT Roorkee","Diffusion in alloys, Kinetics of precipitation in alloys",198,https://scholar.google.com/citations?hl=en&user=7i0ZnioAAAAJ
Chandan Bhogendra Jha,"ANRF-NPDF at Department of Chemical Engineering, Indian Institute of Technology …",chandan1.ch@sric.iitr.ac.in,198,https://scholar.google.com/citations?hl=en&user=eIGNCkoAAAAJ
Vikas Yadav,"Postdoctoral Researcher, Indian Institute of Technology Roorkee","Biocomposites, LCA, Recycling, Surface modification, 3D printing",194,https://scholar.google.com/citations?hl=en&user=M8tHoCEAAAAJ
Ayushi Yadav,Indian Institute of Technology Roorkee,"Human Resource Management, Research Methodology, Business Statistics",192,https://scholar.google.com/citations?hl=en&user=xg5Zx0kAAAAJ
Tanmoyee Bhattacharya,IIT ROORKEE,"Hydrologic modelling, cryosphere, climate change, GIS, Drought",191,https://scholar.google.com/citations?hl=en&user=78_hew8AAAAJ
Meetesh Singh,Indian Institute of Technology Roorkee/University of Arkansas Fayetteville USA,"Energy Storage Devices, Li/Na-ion Battery, Interface Modification, ALD/MLD, Solid-State Batteries",191,https://scholar.google.com/citations?hl=en&user=89KwQKAAAAAJ
Shubhangi Mishra,"INDIAN INSTITUTE OF TECHNOLOGY, ROORKEE","Power System Analysis, Renewable Energy System, Energy Storage System",191,https://scholar.google.com/citations?hl=en&user=uY8UingAAAAJ
