Interest Domain,Aliases
21-cm cosmology,2cc
2d materials,"2m, advanced materials, materials science"
3d bioprinting,"3b, biological sciences, life sciences"
3d perception and recognition,3pr
5g and beyond communications,"5bc, telecommunications, wireless systems"
5g technologies,5t
6g networking,"6n, telecommunications, wireless systems"
absorption and adsorption processes,aap
absorption technologies,at
acoustic emission and non-destructive evaluation,aende
acoustic waves and vibration,awv
acoustics,"acoustics research, acoustics technology"
acoustics and audio,aa
acoustics and elasticity,ae
acoustics and ultrasonics,au
acoustics and vibration,av
activated carbon and fly ash,acfa
activated carbon materials,"acm, advanced materials, materials science"
active and switchable metasurfaces,asm
active matter,am
active matter and microrobotics,amm
adaptive control,ac
adaptive techniques,at
additive manufacturing,am
additive manufacturing and joining technologies,amjt
additive manufacturing and modeling,amm
adhesion and friction,af
adhesion and surface chemistry,"asc, applied chemistry, chemical sciences"
adhesion and wetting,aw
adhesive bonding,ab
adipocytes,"adipocytes research, adipocytes technology"
ads/cft correspondence,acc
adsorbents and wastewater treatment,"awt, environmental engineering, sustainability"
adsorption and separation processes,asp
adsorption and surface chemistry,"asc, applied chemistry, chemical sciences"
adsorption processes,ap
adsorption technologies,at
advanced analytics and machine learning,"aaml, artificial intelligence, machine intelligence"
advanced analytics and optimization,aao
advanced battery technologies,abt
advanced ceramics,ac
advanced ceramics and composites,acc
advanced ceramics and oxides,aco
advanced concrete and cementitious composites,accc
advanced concrete technologies,act
advanced devices and structures,ads
advanced inorganic materials and synthesis,"aims, advanced materials, applied chemistry, chemical sciences, materials science"
advanced manufacturing,am
advanced manufacturing processes,amp
advanced manufacturing technologies,amt
advanced materials,"am, materials science"
advanced materials and composites,"amc, advanced materials, materials science"
advanced membrane materials,"amm, advanced materials, materials science"
advanced oxidation processes,aop
advanced photoanode materials,"apm, advanced materials, materials science"
adversarial defenses and robustness,adr
aerobic oxidations,ao
aerodynamics,"aerodynamics research, aerodynamics technology"
aerodynamics and fluid flow,aff
aerosol science,as
aerosols and clouds,ac
aerospace engineering,ae
affective computing,ac
agricultural economics,ae
agricultural informatics,ai
agricultural monitoring,am
agricultural products and resources,apr
agricultural science,as
agricultural sciences,as
agricultural systems,as
agricultural systems and practices,asp
agricultural technology,at
agricultural waste utilization,awu
agricultural water management,"awm, environmental engineering, sustainability"
agriculture,"agriculture research, agriculture technology"
agriculture and environmental science,"aes, environmental engineering, sustainability"
agriculture and food science,afs
agriculture and food security,afs
agriculture and rural development,ard
agrochemicals and soil amendment,"asa, applied chemistry, chemical sciences"
agroecosystems,"agroecosystems research, agroecosystems technology"
agrotechnology,"agrotechnology research, agrotechnology technology"
air pollution and public health,"apph, artificial intelligence, environmental engineering, machine intelligence, sustainability"
air quality and climate change,"aqcc, artificial intelligence, machine intelligence"
air quality and pollution,"aqp, artificial intelligence, environmental engineering, machine intelligence, sustainability"
air quality modeling and monitoring,"aqmm, artificial intelligence, machine intelligence"
alcohols and bioalcohols,"ab, biological sciences, life sciences"
aldol reactions and nitrosocarbonyl chemistry,"arnc, applied chemistry, chemical sciences"
algal biotechnology,"ab, biological sciences, life sciences"
algal biotechnology and lipid production,"ablp, biological sciences, life sciences"
algal blooms and ecosystem monitoring,abem
algebra,"algebra research, algebra technology"
algebra and combinatorics,ac
algebraic geometry,"ag, artificial intelligence, machine intelligence"
algorithm design and analysis,ada
algorithms and complexity,ac
algorithms and data structures,ads
alkane chemistry,"ac, applied chemistry, chemical sciences"
alkene and ketone chemistry,"akc, applied chemistry, chemical sciences"
allosteric regulation of proteins,arp
alternative fuels and energy systems,"afes, clean energy, energy systems"
aluminum alloys,aa
aluminum compounds,ac
alzheimer's disease,"asd, biological sciences, life sciences"
alzheimer's disease research,"asdr, biological sciences, life sciences"
amazon studies,as
amino acid analysis,aaa
amino acids,aa
ammonia and oxygen gas sensors,aogs
ammonia sensors,as
ammonia-based solvents and solutions,abss
amorphous materials,"am, advanced materials, materials science"
amyloid pathogenesis and protein aggregation,appa
amyloid pathology,ap
amyloid protein aggregation,apa
amyloid structure and dynamics,asd
amyloidogenesis and protein aggregation,apa
amyloidogenic proteins and molecular chaperones,apmc
amyloidogenic proteins and their inhibitors,apti
amyloidosis and protein aggregation,apa
amyotrophic lateral sclerosis (als),alsa
anaerobic digestion and biogas production,"adbp, biological sciences, life sciences"
analgesics,"analgesics research, analgesics technology"
analog and digital circuits,adc
analytic number theory,ant
analytical chemistry,"ac, applied chemistry, chemical sciences"
analytical chemistry and biophysics,"acb, applied chemistry, applied physics, biological sciences, chemical sciences, life sciences, physical sciences"
analytical chemistry and sensing,"acs, applied chemistry, chemical sciences"
analytical chemistry and spectroscopy,"acs, applied chemistry, chemical sciences"
analytical mechanics,am
analytical modeling and simulation,ams
anisotropic etching and surface modification,aesm
anomaly detection,ad
antenna design and optimization,ado
antenna design and theory,adt
antenna engineering,ae
antennas and arrays,aa
antennas and wave propagation,awp
antennas and waveguides,aw
anti-inflammatory agents,aia
antibiotic resistance,"ar, biological sciences, life sciences"
antibody-mediated immunity,ami
anticancer and antimicrobial research,aar
anticancer chemistry,"ac, applied chemistry, chemical sciences"
anticancer drugs and liposomes,adl
antiferromagnetism,"antiferromagnetism research, antiferromagnetism technology"
antimicrobial agents,aa
antimicrobial agents and antimicrobial agents mechanisms,aaaam
antimicrobial agents and chemistry,"aac, applied chemistry, chemical sciences"
antimicrobial agents and nanocarriers,"aan, advanced materials, materials science"
antimicrobial agents and resistance,aar
antimicrobial agents and wound healing,aawh
antimicrobial and biocidal materials,"abm, advanced materials, biological sciences, life sciences, materials science"
antimicrobial resistance,ar
antioxidants and antioxidant compounds,aac
antioxidants and nutraceuticals,an
antiparasitic agents,aa
antiviral agents,aa
apoptosis and cell survival,acs
applied physics and materials,"apm, advanced materials, applied physics, materials science, physical sciences"
approximate computing,ac
approximation algorithms,aa
approximation theory,at
aquatic ecology and management,aem
aquatic microbiology,"am, biological sciences, life sciences"
aquatic microbiology and biotechnology,"amb, biological sciences, life sciences"
aqueous chemistry,"ac, applied chemistry, chemical sciences"
aqueous solutions,as
aquifers and basin studies,abs
arithmetic circuits,ac
array processing,ap
artificial intelligence,"ai, machine intelligence"
artificial intelligence (ai),"aia, artificial intelligence, machine intelligence"
artificial intelligence and decision support systems,"aidss, artificial intelligence, machine intelligence"
artificial intelligence and deep learning,"aidl, artificial intelligence, machine intelligence"
artificial intelligence and machine learning,"aiml, artificial intelligence, machine intelligence"
artificial intelligence and machine learning applications,"aimla, artificial intelligence, machine intelligence"
artificial intelligence and machine learning in environmental modeling,"aimlem, artificial intelligence, environmental engineering, machine intelligence, sustainability"
artificial intelligence and optimization,"aio, artificial intelligence, machine intelligence"
artificial intelligence and portable devices,"aipd, artificial intelligence, machine intelligence"
artificial intelligence and robotics,"air, artificial intelligence, machine intelligence"
artificial intelligence applications,"aia, artificial intelligence, machine intelligence"
artificial intelligence in circuits,"aic, artificial intelligence, machine intelligence"
artificial intelligence in education,"aie, artificial intelligence, machine intelligence"
artificial intelligence in environmental sciences,"aies, artificial intelligence, environmental engineering, machine intelligence, sustainability"
artificial intelligence in healthcare,"aih, artificial intelligence, machine intelligence"
artificial intelligence in medicine,"aim, artificial intelligence, machine intelligence"
artificial neural networks,"ann, telecommunications, wireless systems"
arylization and diarylation,ad
asphalt technology and binders,atb
astrochemistry,"applied chemistry, chemical sciences"
astronautics and space engineering,ase
astrophysical jets and radiation,ajr
astrophysics,"applied physics, physical sciences"
astrophysics and cosmology,"ac, applied physics, physical sciences"
astrophysics and high energy physics,"ahep, applied physics, clean energy, energy systems, physical sciences"
astrophysics and particle physics,"app, applied physics, physical sciences"
atherosclerosis,"atherosclerosis research, atherosclerosis technology"
atmospheric and atmospheric pressure plasmas,aapp
atmospheric and cold plasmas,acp
atmospheric and ionized gases,aig
atmospheric and ionospheric physics,"aip, applied physics, physical sciences"
atmospheric chemistry,"ac, applied chemistry, chemical sciences"
atmospheric chemistry and pollution,"acp, applied chemistry, chemical sciences, environmental engineering, sustainability"
atmospheric pollution and climate,"apc, environmental engineering, sustainability"
atmospheric remote sensing and modeling,arsm
atmospheric rivers,ar
atmospheric sciences,as
atomic and molecular physics,"amp, applied physics, physical sciences"
atomic and molecular simulations,ams
atomic layer deposition,ald
atomic structure,as
atomistic modeling,am
attosecond physics,"ap, applied physics, physical sciences"
automated verification,av
automation and control systems,acs
automation and robotics in construction,arc
automotive engineering,ae
autonomous systems,as
autophagy,"autophagy research, autophagy technology"
bacteria,"bacteria research, bacteria technology"
bacterial cellular processes,bcp
bacterial pathogens,bp
bacteriology,"bacteriology research, bacteriology technology"
bamboo and wood science,bws
bandit algorithms,ba
batteries,"batteries research, batteries technology"
batteries and electrochemical energy storage,"applied chemistry, bees, chemical sciences, clean energy, energy systems"
batteries and energy storage,"bes, clean energy, energy systems"
batteries and supercapacitors,bs
battery and supercapacitor materials,"advanced materials, bsm, materials science"
battery electrochemistry,"applied chemistry, be, chemical sciences"
battery management and energy storage,"bmes, clean energy, energy systems"
battery materials,"advanced materials, bm, materials science"
battery science,bs
battery technology,bt
bauxite residue processing,brp
bayesian learning,"artificial intelligence, bl, machine intelligence"
bayesian methods,bm
bayesian statistics,bs
bearing technologies,bt
behavioral economics,be
behavioral economics and sociology,bes
bias and discrimination studies,bds
big data and analytics,bda
bilingual and multilingual models,bmm
bio-based chemicals production,"applied chemistry, bbcp, biological sciences, chemical sciences, life sciences"
bio-based materials,"advanced materials, bbm, biological sciences, life sciences, materials science"
bio-piezoelectric and biocompatible materials,"advanced materials, bpbm, biological sciences, life sciences, materials science"
bio/environmental chemistry,"applied chemistry, bec, biological sciences, chemical sciences, environmental engineering, life sciences, sustainability"
bio/mechanical energy conversion,"bmec, biological sciences, clean energy, energy systems, life sciences"
bioacoustics,"biological sciences, life sciences"
bioactive compounds and drug delivery,"bcdd, biological sciences, life sciences"
bioactive compounds and their applications,"bcta, biological sciences, life sciences"
bioactive compounds and wound healing,"bcwh, biological sciences, life sciences"
bioactive compounds in food,"bcf, biological sciences, life sciences"
bioactive compounds in natural resources,"bcnr, biological sciences, life sciences"
bioactive materials,"advanced materials, bm, biological sciences, life sciences, materials science"
bioactive materials and interfaces,"advanced materials, bmi, biological sciences, life sciences, materials science"
bioaerosols and microbiology,"bm, biological sciences, life sciences"
bioanalysis,"biological sciences, life sciences"
bioanalysis and sensors,"bs, biological sciences, life sciences"
bioanalytical chemistry,"applied chemistry, bc, biological sciences, chemical sciences, life sciences"
bioanalytical methods,"bm, biological sciences, life sciences"
bioanalytical sensors and detection,"bsd, biological sciences, life sciences"
bioavailability and biodegradation of pollutants,"artificial intelligence, bbp, biological sciences, life sciences, machine intelligence"
biochemical and bioprocess engineering,"applied chemistry, bbe, biological sciences, chemical sciences, life sciences"
biochemical catalysis,"applied chemistry, bc, biological sciences, chemical sciences, life sciences"
biochemical pathways and metabolites,"applied chemistry, bpm, biological sciences, chemical sciences, life sciences"
biochemical processes,"applied chemistry, bp, biological sciences, chemical sciences, life sciences"
biochemical sensors,"applied chemistry, bs, biological sciences, chemical sciences, life sciences"
biochemical thermodynamics,"applied chemistry, bt, biological sciences, chemical sciences, life sciences"
biochemistry,"applied chemistry, biological sciences, chemical sciences, life sciences"
biochemistry and biophysics,"applied chemistry, applied physics, bb, biological sciences, chemical sciences, life sciences, physical sciences"
biochemistry and biotechnology,"applied chemistry, bb, biological sciences, chemical sciences, life sciences"
biochemistry and enzymology,"applied chemistry, be, biological sciences, chemical sciences, life sciences"
biochemistry and microbial bioremediation,"applied chemistry, bmb, biological sciences, chemical sciences, life sciences"
biochemistry and molecular biology,"applied chemistry, bmb, biological sciences, chemical sciences, life sciences"
biochemistry and pharmacology,"applied chemistry, bp, biological sciences, chemical sciences, life sciences"
biocompatible materials,"advanced materials, bm, biological sciences, life sciences, materials science"
biocomposites and biopolymers,"advanced materials, bb, biological sciences, life sciences, materials science"
bioconjugates and biomimetics,"bb, biological sciences, life sciences"
biocontrol and plant pathology,"bpp, biological sciences, life sciences"
biodegradable and biocompatible materials,"advanced materials, bbm, biological sciences, life sciences, materials science"
biodegradable materials,"advanced materials, bm, biological sciences, life sciences, materials science"
biodegradable polymers,"advanced materials, bp, biological sciences, life sciences, materials science"
biodiesel and biodiesel derived fuels,"bbdf, biological sciences, clean energy, energy systems, life sciences"
biodiesel and biofuels,"bb, biological sciences, clean energy, energy systems, life sciences"
biodiesel production,"bp, biological sciences, life sciences"
biodiesel production and utilization,"bpu, biological sciences, life sciences"
biodiesel properties and stability,"bps, biological sciences, life sciences"
biodiversity and conservation,"bc, biological sciences, life sciences"
biodiversity and ecology,"be, biological sciences, life sciences"
biodiversity and ethnobotany,"be, biological sciences, life sciences"
biodiversity and medicinal plants,"bmp, biological sciences, life sciences"
biodiversity and microbial ecology,"bme, biological sciences, life sciences"
biodiversity conservation,"bc, biological sciences, life sciences"
biodiversity studies,"bs, biological sciences, life sciences"
bioelectronics,"biological sciences, life sciences"
bioelectronics and bioinspired devices,"bbd, biological sciences, life sciences"
bioelectronics and biomedical sensors,"bbs, biological sciences, life sciences"
bioelectronics and sensing,"bs, biological sciences, life sciences"
bioenergy and biogas production,"bbp, biological sciences, clean energy, energy systems, life sciences"
bioenergy and biomass conversion,"bbc, biological sciences, clean energy, energy systems, life sciences"
bioenergy and bioproducts,"bb, biological sciences, clean energy, energy systems, life sciences"
bioenergy and biorefining,"bb, biological sciences, clean energy, energy systems, life sciences"
bioenergy and bioremediation,"bb, biological sciences, clean energy, energy systems, life sciences"
bioenergy and biotechnology,"bb, biological sciences, clean energy, energy systems, life sciences"
bioenergy conversion,"bc, biological sciences, clean energy, energy systems, life sciences"
bioenergy production,"bp, biological sciences, clean energy, energy systems, life sciences"
bioengineering,"biological sciences, life sciences"
bioengineering and biomaterials,"advanced materials, bb, biological sciences, life sciences, materials science"
bioengineering and biomechanics,"bb, biological sciences, life sciences"
bioengineering and medical imaging,"bmi, biological sciences, life sciences"
bioengineering and tissue engineering,"bte, biological sciences, life sciences"
bioengineering and tissue modeling,"btm, biological sciences, life sciences"
bioethanol production,"bp, biological sciences, life sciences"
biofabrication,"biological sciences, life sciences"
biofeedback,"biological sciences, life sciences"
biofilm and bacterial adhesion,"bba, biological sciences, life sciences"
biofilm formation and bacterial pathogenesis,"bfbp, biological sciences, life sciences"
biofuel production,"bp, biological sciences, clean energy, energy systems, life sciences"
biofuel production and combustion,"bpc, biological sciences, clean energy, energy systems, life sciences"
biofuel production and conversion,"bpc, biological sciences, clean energy, energy systems, life sciences"
biofuel production and lipid engineering,"bple, biological sciences, clean energy, energy systems, life sciences"
biofuels and biodiesel,"bb, biological sciences, clean energy, energy systems, life sciences"
biofuels and biorefineries,"bb, biological sciences, clean energy, energy systems, life sciences"
biofuels and biotechnology,"bb, biological sciences, clean energy, energy systems, life sciences"
biofuels and renewable energy,"bre, biological sciences, clean energy, energy systems, life sciences"
biofunctionalized materials,"advanced materials, bm, biological sciences, life sciences, materials science"
biogeotechnics,"biological sciences, life sciences"
biohybrid materials,"advanced materials, bm, biological sciences, life sciences, materials science"
biohydrogen production,"bp, biological sciences, life sciences"
bioimaging and bioanalytical chemistry,"applied chemistry, bbc, biological sciences, chemical sciences, life sciences"
bioinformatics,"biological sciences, life sciences"
bioinformatics and biomedicine,"bb, biological sciences, life sciences"
bioinformatics and biophysics,"applied physics, bb, biological sciences, life sciences, physical sciences"
bioinformatics and biostatistics,"bb, biological sciences, life sciences"
bioinformatics and biotechnology,"bb, biological sciences, life sciences"
bioinformatics and computational biology,"bcb, biological sciences, life sciences"
bioinformatics and data analysis,"bda, biological sciences, life sciences"
bioinformatics and genomics,"bg, biological sciences, life sciences"
bioinformatics and molecular biology,"bmb, biological sciences, life sciences"
bioinorganic chemistry,"applied chemistry, bc, biological sciences, chemical sciences, life sciences"
bioinspired computing,"bc, biological sciences, life sciences"
bioinspired materials and surfaces,"advanced materials, bms, biological sciences, life sciences, materials science"
biological activities,"ba, biological sciences, life sciences"
biological and biomedical applications,"bba, biological sciences, life sciences"
biological and environmental engineering,"bee, biological sciences, environmental engineering, life sciences, sustainability"
biological and medical research,"bmr, biological sciences, life sciences"
biological fermentation,"bf, biological sciences, life sciences"
biological inorganic chemistry,"applied chemistry, bic, biological sciences, chemical sciences, life sciences"
biological interaction analysis,"bia, biological sciences, life sciences"
biological membranes,"bm, biological sciences, life sciences"
biological modeling,"bm, biological sciences, life sciences"
biological physics,"applied physics, bp, biological sciences, life sciences, physical sciences"
biological rhythms and chronobiology,"brc, biological sciences, life sciences"
biological sciences,"bs, life sciences"
biological systems and processes,"bsp, biological sciences, life sciences"
biology,"biological sciences, life sciences"
biology and biochemistry,"applied chemistry, bb, biological sciences, chemical sciences, life sciences"
biology and biotechnology,"bb, biological sciences, life sciences"
biology and infectious diseases,"bid, biological sciences, life sciences"
biology of disease,"bd, biological sciences, life sciences"
biomanufacturing,"biological sciences, life sciences"
biomarker research,"br, biological sciences, life sciences"
biomass and alternative fuels,"baf, biological sciences, clean energy, energy systems, life sciences"
biomass and bio-waste utilization,"bbwu, biological sciences, life sciences"
biomass and bioenergy,"bb, biological sciences, clean energy, energy systems, life sciences"
biomass and bioenergy conversion,"bbc, biological sciences, clean energy, energy systems, life sciences"
biomass and biogas,"bb, biological sciences, life sciences"
biomass and environmental remediation,"ber, biological sciences, environmental engineering, life sciences, sustainability"
biomass conversion,"bc, biological sciences, life sciences"
biomass conversion and utilization,"bcu, biological sciences, life sciences"
biomass conversion and valorization,"bcv, biological sciences, life sciences"
biomass estimation and modeling,"bem, biological sciences, life sciences"
biomass processing and purification,"bpp, biological sciences, life sciences"
biomass processing and utilization,"bpu, biological sciences, life sciences"
biomass utilization,"bu, biological sciences, life sciences"
biomass utilization and conversion,"buc, biological sciences, life sciences"
biomass utilization and valorization,"buv, biological sciences, life sciences"
biomass utilization and waste management,"buwm, biological sciences, life sciences"
biomass utilization for bioenergy,"bub, biological sciences, clean energy, energy systems, life sciences"
biomass valorization,"bv, biological sciences, life sciences"
biomass valorization and conversion,"bvc, biological sciences, life sciences"
biomaterials,"advanced materials, biological sciences, life sciences, materials science"
biomaterials and biocompatibility,"advanced materials, bb, biological sciences, life sciences, materials science"
biomaterials and biomaterials engineering,"advanced materials, bbe, biological sciences, life sciences, materials science"
biomaterials and biomechanics,"advanced materials, bb, biological sciences, life sciences, materials science"
biomaterials and biomedical engineering,"advanced materials, bbe, biological sciences, life sciences, materials science"
biomaterials and biotechnology,"advanced materials, bb, biological sciences, life sciences, materials science"
biomaterials and drug delivery,"advanced materials, bdd, biological sciences, life sciences, materials science"
biomaterials and nanocomposites,"advanced materials, bn, biological sciences, life sciences, materials science"
biomaterials and nanomaterials,"advanced materials, bn, biological sciences, life sciences, materials science"
biomaterials and nanomedicine,"advanced materials, bn, biological sciences, life sciences, materials science"
biomaterials and nanotechnology,"advanced materials, bn, biological sciences, life sciences, materials science"
biomaterials and tissue engineering,"advanced materials, bte, biological sciences, life sciences, materials science"
biomaterials science,"advanced materials, bs, biological sciences, life sciences, materials science"
biomathematics,"biological sciences, life sciences"
biomechanics,"biological sciences, life sciences"
biomechanics and movement sciences,"bms, biological sciences, life sciences"
biomechanics and sensory modelling,"bsm, biological sciences, life sciences"
biomechanics and tissue engineering,"bte, biological sciences, life sciences"
biomedical and psychological research,"bpr, biological sciences, life sciences"
biomedical applications,"ba, biological sciences, life sciences"
biomedical electronics,"be, biological sciences, life sciences"
biomedical engineering,"be, bme, bioengineering, biological sciences, biomedical technology, life sciences, medical devices"
biomedical engineering and biomaterials,"advanced materials, beb, biological sciences, life sciences, materials science"
biomedical engineering and diagnosis,"bed, biological sciences, life sciences"
biomedical engineering and instrumentation,"bei, biological sciences, life sciences"
biomedical image analysis,"bia, biological sciences, image analysis, life sciences, visual recognition"
biomedical image segmentation,"bis, biological sciences, image analysis, life sciences, visual recognition"
biomedical imaging,"bi, biological sciences, life sciences"
biomedical imaging and analysis,"bia, biological sciences, life sciences"
biomedical imaging and diagnostic tools,"bidt, biological sciences, life sciences"
biomedical informatics and natural language processing,"binlp, biological sciences, life sciences"
biomedical materials,"advanced materials, bm, biological sciences, life sciences, materials science"
biomedical nanomaterials,"advanced materials, bn, biological sciences, life sciences, materials science"
biomedical science,"bs, biological sciences, life sciences"
biomedical sciences,"bs, biological sciences, life sciences"
biomedical signal processing,"bsp, biological sciences, life sciences"
biomedical spectroscopy and imaging,"bsi, biological sciences, life sciences"
biomedicine,"biological sciences, life sciences"
biometric security,"bs, biological sciences, life sciences"
biometrics,"biological sciences, life sciences"
biometrics and authentication,"ba, biological sciences, life sciences"
biometrics and biomedical engineering,"bbe, biological sciences, life sciences"
biometrics and biomedical signal processing,"bbsp, biological sciences, life sciences"
biometrics and biometric fusion,"bbf, biological sciences, life sciences"
biometrics and biometric security,"bbs, biological sciences, life sciences"
biometrics and biometrics recognition,"bbr, biological sciences, life sciences"
biometrics and cryptography,"bc, biological sciences, life sciences"
biometrics and identity verification,"biv, biological sciences, life sciences"
biomimetic and biocompatible materials,"advanced materials, bbm, biological sciences, life sciences, materials science"
biomimetic chemistry,"applied chemistry, bc, biological sciences, chemical sciences, life sciences"
biomimetic materials,"advanced materials, bm, biological sciences, life sciences, materials science"
biomimetic sensors,"bs, biological sciences, life sciences"
biomimetic sensors and wearables,"bsw, biological sciences, life sciences"
biomineralization and bioremediation,"bb, biological sciences, life sciences"
biomolecular engineering,"be, biological sciences, life sciences"
biomolecular interactions,"bi, biological sciences, life sciences"
biomolecule protection,"bp, biological sciences, life sciences"
bioorganic chemistry,"applied chemistry, bc, biological sciences, chemical sciences, life sciences"
bioorganic chemistry and bioconjugates,"applied chemistry, bcb, biological sciences, chemical sciences, life sciences"
biopharmaceutics,"biological sciences, life sciences"
biophysics,"applied physics, biological sciences, life sciences, physical sciences"
biophysics and bioengineering,"applied physics, bb, biological sciences, life sciences, physical sciences"
biophysics and biopharmaceuticals,"applied physics, bb, biological sciences, life sciences, physical sciences"
biophysics and biophysical chemistry,"applied chemistry, applied physics, bbc, biological sciences, chemical sciences, life sciences, physical sciences"
biophysics and biotechnology,"applied physics, bb, biological sciences, life sciences, physical sciences"
biophysics and nanotechnology,"advanced materials, applied physics, bn, biological sciences, life sciences, materials science, physical sciences"
biopolymers and biomaterials,"advanced materials, bb, biological sciences, life sciences, materials science"
bioprinting,"biological sciences, life sciences"
bioprinting and biomaterials,"advanced materials, bb, biological sciences, life sciences, materials science"
bioprocess engineering,"be, biological sciences, life sciences"
bioprocess engineering and bioremediation,"beb, biological sciences, life sciences"
biorefineries and sustainable biofuels,"artificial intelligence, bsb, biological sciences, clean energy, energy systems, life sciences, machine intelligence"
bioremediation,"biological sciences, life sciences"
bioremediation and biocatalysis,"bb, biological sciences, life sciences"
bioremediation and biosorption,"bb, biological sciences, life sciences"
bioremediation and biotechnology,"bb, biological sciences, life sciences"
bioremediation and nanotechnology,"advanced materials, bn, biological sciences, life sciences, materials science"
bioremediation and plant sciences,"bps, biological sciences, life sciences"
bioresources and agroindustries,"ba, biological sciences, life sciences"
biosafety and biosecurity,"bb, biological sciences, life sciences"
biosafety and biotechnology,"bb, biological sciences, life sciences"
bioscience,"biological sciences, life sciences"
bioscience and biotechnology,"bb, biological sciences, life sciences"
bioscience and microbiology,"bm, biological sciences, life sciences"
biosciences,"biological sciences, life sciences"
biosensing,"biological sciences, life sciences"
biosensing and bioanalysis,"bb, biological sciences, life sciences"
biosensing and bioelectronics,"bb, biological sciences, life sciences"
biosensing and bioengineering,"bb, biological sciences, life sciences"
biosensing and health monitoring,"bhm, biological sciences, life sciences"
biosensing and nanotechnology,"advanced materials, bn, biological sciences, life sciences, materials science"
biosensing and sensors,"bs, biological sciences, life sciences"
biosensors,"biological sciences, life sciences"
biosensors and bioanalysis,"bb, biological sciences, life sciences"
biosensors and bioanalytical applications,"bba, biological sciences, life sciences"
biosensors and bioanalytical chemistry,"applied chemistry, bbc, biological sciences, chemical sciences, life sciences"
biosensors and bioelectronics,"bb, biological sciences, life sciences"
biosensors and bioenergy,"bb, biological sciences, clean energy, energy systems, life sciences"
biosensors and bioimaging,"bb, biological sciences, life sciences"
biosensors and biointerfaces,"bb, biological sciences, life sciences"
biosensors and biomedical applications,"bba, biological sciences, life sciences"
biosensors and biotechnology,"bb, biological sciences, life sciences"
biosensors and electrochemical sensors,"applied chemistry, bes, biological sciences, chemical sciences, life sciences"
biosensors and electrochemistry,"applied chemistry, be, biological sciences, chemical sciences, life sciences"
biosensors and microbial technology,"bmt, biological sciences, life sciences"
biosensors and microfluidics,"bm, biological sciences, life sciences"
biosensors and nanobiotechnology,"advanced materials, bn, biological sciences, life sciences, materials science"
biosensors and sensor technology,"bst, biological sciences, life sciences"
biosensors and spectroscopy,"bs, biological sciences, life sciences"
biosimilars and biopharmaceuticals,"bb, biological sciences, life sciences"
biosorption and adsorption processes,"bap, biological sciences, life sciences"
biosorption and adsorption technologies,"bat, biological sciences, life sciences"
biosorption and bioremediation,"bb, biological sciences, life sciences"
biosorption and catalysis,"bc, biological sciences, life sciences"
biosurfaces and biomaterials,"advanced materials, bb, biological sciences, life sciences, materials science"
biosurfactants and biofilms,"bb, biological sciences, life sciences"
biosurfactants and surfactants in biotechnology,"bsb, biological sciences, life sciences"
biosynthesis and bioactive materials,"advanced materials, applied chemistry, bbm, biological sciences, chemical sciences, life sciences, materials science"
biosynthesis and nanotechnology,"advanced materials, applied chemistry, bn, biological sciences, chemical sciences, life sciences, materials science"
biosystems and nanotechnology,"advanced materials, bn, biological sciences, life sciences, materials science"
biotechnology,"biological sciences, life sciences"
biotechnology and bioengineering,"bb, biological sciences, life sciences"
biotechnology and biomaterials,"advanced materials, bb, biological sciences, life sciences, materials science"
biotechnology and biomedical engineering,"bbe, biological sciences, life sciences"
biotechnology and biopolymers,"advanced materials, bb, biological sciences, life sciences, materials science"
biotechnology and bioproducts,"bb, biological sciences, life sciences"
biotechnology and fermentation,"bf, biological sciences, life sciences"
biotechnology and imaging,"bi, biological sciences, life sciences"
biotechnology and microbial applications,"bma, biological sciences, life sciences"
biotechnology and microbiology,"bm, biological sciences, life sciences"
biotechnology and precision agriculture,"bpa, biological sciences, life sciences"
biotechnology and therapeutics,"bt, biological sciences, life sciences"
biotechnology and virus studies,"bvs, biological sciences, life sciences"
bipolar switching devices,bsd
bitter taste receptors,btr
bitumen and asphalt mixtures,bam
black hole physics,"applied physics, bhp, physical sciences"
black hole thermodynamics,bht
black holes and accretion,bha
black holes and spacetime geometry,bhsg
blockchain and cryptocurrencies,"artificial intelligence, bc, machine intelligence"
blockchain and distributed ledgers,"artificial intelligence, bdl, machine intelligence"
blockchain and distributed systems,"artificial intelligence, bds, machine intelligence"
blockchain technology,"artificial intelligence, bt, machine intelligence"
bone and cartilage biology,"bcb, biological sciences, life sciences"
bone biology,"bb, biological sciences, life sciences"
bone biology and pathology,"bbp, biological sciences, life sciences"
bone regeneration,br
bone regeneration and repair,"artificial intelligence, brr, machine intelligence"
bone tissue engineering,bte
boron chemistry,"applied chemistry, bc, chemical sciences"
botany,"botany research, botany technology"
botany and ethnobotany,be
bound states in the continuum,bsc
boundary layers,bl
boundary value problems,bvp
brain plasticity,"artificial intelligence, bp, machine intelligence"
brain research,"artificial intelligence, br, machine intelligence"
brain-computer interfaces,"artificial intelligence, bci, machine intelligence"
brain-computer interfaces (bci),"artificial intelligence, bcib, machine intelligence"
brand management,bm
broadband technology,bt
bubble and droplet behavior,bdb
buckling analysis,ba
building energy efficiency,"bee, clean energy, energy systems"
building energy management,"bem, clean energy, energy systems"
building science and hvac,bsh
building sciences,bs
building seismic safety,bss
buoyancy-driven flows,bdf
business informatics,bi
business process management,bpm
c-h bond functionalization,chbf
c-h functionalization,chf
caffeine and pectin degradation,cpd
cancer,"cancer research, cancer technology"
cancer and oncology,co
cancer biology,"biological sciences, cb, life sciences"
cancer detection and diagnosis,cdd
cancer genetics and genomics,cgg
cancer hallmarks and mechanisms,chm
cancer immunology,ci
cancer prevention and treatment,cpt
cancer research,cr
cancer research and nanotechnology,"advanced materials, crn, materials science"
cancer research and therapy,crt
cancer therapeutics,ct
capacitive devices,cd
capacitive sensors,cs
carbene chemistry,"applied chemistry, cc, chemical sciences"
carbocyclization,"carbocyclization research, carbocyclization technology"
carbohydrate chemistry,"applied chemistry, cc, chemical sciences"
carbon capture and storage,ccs
carbon capture and utilization,ccu
carbon conversion and utilization,ccu
carbon dioxide capture and utilization,cdcu
carbon dioxide conversion,cdc
carbon materials,"advanced materials, cm, materials science"
carbon materials and devices,"advanced materials, cmd, materials science"
carbon nanomaterials,"advanced materials, cn, materials science"
carbon nanotubes,"advanced materials, cn, materials science"
carbon-based materials,"advanced materials, cbm, materials science"
cardiac electrophysiology,ce
cardiovascular biology,"biological sciences, cb, life sciences"
cardiovascular disease diagnosis,"biological sciences, cdd, life sciences"
cardiovascular diseases,"biological sciences, cd, life sciences"
cardiovascular physiology,cp
cardiovascular research,cr
catalysis,"catalysis research, catalysis technology"
catalysis and activated supports,cas
catalysis and catalytic materials,"advanced materials, ccm, materials science"
catalysis and electrocatalysis,ce
catalysis and energy conversion,"cec, clean energy, energy systems"
catalysis and functionalization,cf
catalysis and inorganic chemistry,"applied chemistry, cic, chemical sciences"
catalysis and nanomaterials,"advanced materials, cn, materials science"
catalysis and organic reactions,cor
catalysis and organic synthesis,"applied chemistry, cos, chemical sciences"
catalysis and organometallic chemistry,"applied chemistry, coc, chemical sciences"
catalysis and polymerization,"advanced materials, cp, materials science"
catalysis and reaction design,crd
catalysis and reaction engineering,cre
catalysis and reactor engineering,cre
catalysis and sensing,cs
catalysis and surface science,css
catalysis and transition metal chemistry,"applied chemistry, ctmc, chemical sciences"
catalysis in organic synthesis,"applied chemistry, cos, chemical sciences"
catalyst design,cd
catalyst design and characterization,cdc
catalyst design and evaluation,cde
catalytic hydrogen production,chp
catalytic reactions,cr
cathode materials,"advanced materials, cm, materials science"
cathode materials for batteries,"advanced materials, cmb, materials science"
cathode materials for lithium batteries,"advanced materials, cmlb, materials science"
cavitation and ultrasound,cu
cavity flow,cf
cell and protein imaging,cpi
cell and tissue engineering,cte
cell and tumor biology,"biological sciences, ctb, life sciences"
cell biology,"biological sciences, cb, life sciences"
cell biology and immunology,"biological sciences, cbi, life sciences"
cell cycle and mitosis,ccm
cell cycle regulation,ccr
cell death and survival,cds
cell engineering,ce
cell engineering and tissue engineering,cete
cell signaling and apoptosis,csa
cell signaling and communication,"csc, telecommunications, wireless systems"
cell therapy and stem cells,ctsc
cell-based therapies,cbt
cellular and molecular biology,"biological sciences, cmb, life sciences"
cellular communication and signaling,"ccs, telecommunications, wireless systems"
cellular dynamics,cd
cellular engineering and sensing,ces
cellular mechanisms of disease,"biological sciences, cmd, life sciences"
cellular networks,"cn, telecommunications, wireless systems"
cellular physiology,cp
cellular signaling and channels,csc
cellular signaling and transcription factors,cstf
cellular therapeutics,ct
cellulose and cellulose derivatives,ccd
cellulose and hemicellulose chemistry,"applied chemistry, chc, chemical sciences"
cellulose chemistry,"applied chemistry, cc, chemical sciences"
cellulose-based materials,"advanced materials, cbm, materials science"
cement and concrete,cc
cement and concrete materials,"advanced materials, ccm, materials science"
cement and concrete science,ccs
cement and concrete sustainability,"artificial intelligence, ccs, machine intelligence"
cement and concrete technology,cct
cement science and technology,cst
cement-based materials,"advanced materials, cbm, materials science"
cementitious materials,"advanced materials, cm, materials science"
censored data analysis,cda
central nervous system damage and repair,"artificial intelligence, cnsdr, machine intelligence"
ceramic composites,cc
ceramic materials,"advanced materials, cm, materials science"
ceramic science,cs
ceramics,"ceramics research, ceramics technology"
ceramics and ceramics composites,ccc
ceramics and composites,cc
cerium-based materials,"advanced materials, cbm, materials science"
cfd applications,ca
channel estimation,ce
charge transfer in sol-gel systems,ctsgs
charge transport layers,ctl
chemical and materials engineering,"advanced materials, applied chemistry, cme, chemical sciences, materials science"
chemical biology,"applied chemistry, biological sciences, cb, chemical sciences, life sciences"
chemical bonding and anharmonicity,"applied chemistry, cba, chemical sciences"
chemical catalysis,"applied chemistry, cc, chemical sciences"
chemical composition and formation mechanisms,"applied chemistry, ccfm, chemical sciences"
chemical dynamics,"applied chemistry, cd, chemical sciences"
chemical engineering,"applied chemistry, ce, chemical sciences"
chemical engineering and materials science,"advanced materials, applied chemistry, cems, chemical sciences, materials science"
chemical engineering and processes,"applied chemistry, cep, chemical sciences"
chemical mechanical planarization (cmp),"applied chemistry, cmpc, chemical sciences"
chemical oxidation processes,"applied chemistry, cop, chemical sciences"
chemical sensors and analysis,"applied chemistry, csa, chemical sciences"
chemical sensors and detection,"applied chemistry, csd, chemical sciences"
chemical synthesis and applications,"applied chemistry, csa, chemical sciences"
chemical toxicity and human health,"applied chemistry, cthh, chemical sciences"
chemiresistive sensing,"applied chemistry, cs, chemical sciences"
chemiresistive sensors,"applied chemistry, cs, chemical sciences"
chemistry,"applied chemistry, chemical sciences"
chemistry and catalysis,"applied chemistry, cc, chemical sciences"
chemistry and chemical engineering,"applied chemistry, cce, chemical sciences"
chemistry and materials science,"advanced materials, applied chemistry, cms, chemical sciences, materials science"
chemistry and pharmacology,"applied chemistry, cp, chemical sciences"
chemometrics and data analysis,"applied chemistry, cda, chemical sciences"
chemometrics and sensors,"applied chemistry, cs, chemical sciences"
chemotherapy and chemosensitization,"applied chemistry, cc, chemical sciences"
chimera states,cs
chiral catalysis,cc
chiral separation and resolution,csr
chromophores and chromophoric materials,"advanced materials, ccm, materials science"
chronic diseases,"biological sciences, cd, life sciences"
chronic diseases and therapeutics,"biological sciences, cdt, life sciences"
circadian rhythms,cr
civil engineering,ce
classical and quantum dynamics,cqd
classification and machine learning,"artificial intelligence, cml, machine intelligence"
climate and climate change,ccc
climate and earthquake monitoring,cem
climate and environment,"ce, environmental engineering, sustainability"
climate and meteorology,cm
climate and water resources,"cwr, environmental engineering, sustainability"
climate and weather modeling,cwm
climate change,cc
climate change and adaptation,cca
climate change and agriculture,cca
climate change and environment,"cce, environmental engineering, sustainability"
climate change and environmental science,"cces, environmental engineering, sustainability"
climate change and forest management,ccfm
climate change and impacts,cci
climate change and its impacts,ccii
climate change and meteorology,ccm
climate change and urban meteorology,ccum
climate change impact,cci
climate change impact assessment,ccia
climate change impact studies,ccis
climate change impacts,cci
climate change impacts and adaptation,ccia
climate extremes,ce
climate extremes and precipitation,cep
climate impact assessment,cia
climate policy and mitigation,cpm
climate resilience in business and infrastructure,crbi
climate science,cs
climate teleconnections,ct
climate teleconnections and extremes,cte
clinical and biomedical research,"biological sciences, cbr, life sciences"
clinical psychology,cp
cloud computing,cc
cloud computing and distributed systems,ccds
cloud computing and internet of things (iot),cciti
cloud computing and networking,"ccn, telecommunications, wireless systems"
cloud physics,"applied physics, cp, physical sciences"
cluster chemistry,"applied chemistry, cc, chemical sciences"
clustering and classification,cc
cmos circuit design and optimization,ccdo
co2 conversion,cc
co2 sequestration and utilization,csu
coal and gasification,cg
coal gasification,cg
coastal engineering,ce
coatings and coatings technology,cct
coding theory,ct
coding theory and error correction,ctec
cognitive computing and networking,"ccn, telecommunications, wireless systems"
cognitive load,cl
cognitive neuroscience,cn
cognitive psychology,cp
cognitive radio,cr
cognitive radio and networking,"crn, telecommunications, wireless systems"
cognitive science,cs
cognitive science and psychology,csp
cognitive signal processing,csp
collider physics,"applied physics, cp, physical sciences"
colloid and interface science,cis
colloid and surface chemistry,"applied chemistry, csc, chemical sciences"
colloid science,cs
colloidal and emulsion science,ces
colloidal chemistry,"applied chemistry, cc, chemical sciences"
colloidal chemistry and nanomaterials,"advanced materials, applied chemistry, ccn, chemical sciences, materials science"
colloidal physics and rheology,"applied physics, cpr, physical sciences"
colloidal science and technology,cst
colloids and interfaces,ci
combustion,"combustion research, combustion technology"
combustion and explosives,ce
combustion and ignition,ci
combustion and propulsion,cp
combustion dynamics,cd
combustion in internal combustion engines,cice
combustion science,cs
communication networks,"cn, telecommunications, wireless systems"
communication studies,"cs, telecommunications, wireless systems"
communication systems,"cs, telecommunications, wireless systems"
communications,"telecommunications, wireless systems"
comparative genomics and proteomics,cgp
compiler design,cd
compiler optimization and compilation techniques,coct
complex analysis,ca
complex chemistry,"applied chemistry, cc, chemical sciences"
complex fluids,cf
complex networks,"cn, telecommunications, wireless systems"
complex quantum dynamics,cqd
complex systems,cs
complex systems theory,cst
complexity in quantum field theory,cqft
complexity theory,ct
composite electrolytes,ce
composite manufacturing,cm
composite materials,"advanced materials, cm, materials science"
composite materials and composites,"advanced materials, cmc, materials science"
composite materials and engineering,"advanced materials, cme, materials science"
composite materials and nanocomposites,"advanced materials, cmn, materials science"
composite materials and porous media,"advanced materials, cmpm, materials science"
composite materials and processing,"advanced materials, cmp, materials science"
composite materials and structures,"advanced materials, cms, materials science"
composite materials in concrete,"advanced materials, cmc, materials science"
composites,"composites research, composites technology"
composites and reinforced materials,"advanced materials, crm, materials science"
composting,"composting research, composting technology"
composting and biochar,"biological sciences, cb, life sciences"
composting and vermicomposting,cv
compressed sensing,cs
computational and mathematical biology,"biological sciences, cmb, life sciences"
computational biology,"biological sciences, cb, life sciences"
computational biology and bioinformatics,"biological sciences, cbb, life sciences"
computational biology and biotechnology,"biological sciences, cbb, life sciences"
computational biophysics,"applied physics, biological sciences, cb, life sciences, physical sciences"
computational chemistry,"applied chemistry, cc, chemical sciences"
computational civil engineering,cce
computational complexity,cc
computational fluid dynamics,cfd
computational fluid dynamics (cfd),cfdc
computational intelligence,"artificial intelligence, ci, machine intelligence"
computational linguistics,cl
computational materials science,"advanced materials, cms, materials science"
computational mechanics,cm
computational methods,cm
computational modeling,cm
computational models and simulations,cms
computational neuroscience,cn
computational physics,"applied physics, cp, physical sciences"
computational science,cs
computational social choice,csc
computational social science,css
computational systems and algorithms,csa
computer and communication systems,"ccs, telecommunications, wireless systems"
computer and information science,cis
computer and network security,"cns, telecommunications, wireless systems"
computer architecture and embedded systems,caes
computer graphics,cg
computer hardware security,chs
computer networking,"cn, telecommunications, wireless systems"
computer networks,"cn, telecommunications, wireless systems"
computer networks and security,"cns, telecommunications, wireless systems"
computer organization and architecture,coa
computer science,cs
computer science and algorithms,csa
computer science and engineering,cse
computer science education,cse
computer science theory,cst
computer security,cs
computer security and malware analysis,csma
computer security and privacy,csp
computer simulations,cs
computer vision,"cnns, cv, image analysis, image recognition, object detection, visual perception, visual recognition"
computer vision and graphics,"cvg, image analysis, visual recognition"
computer vision and image analysis,"cvia, image analysis, visual recognition"
computer vision and image processing,"cvip, image analysis, visual recognition"
computer vision and machine learning,"artificial intelligence, cvml, image analysis, machine intelligence, visual recognition"
computer vision and pattern recognition,"cvpr, image analysis, visual recognition"
computer vision in manufacturing,"cvm, image analysis, visual recognition"
computer vision systems,"cvs, image analysis, visual recognition"
computer-aided design (cad),"artificial intelligence, cadc, machine intelligence"
computer-aided design and manufacturing (cad/cam),"artificial intelligence, cadmcc, machine intelligence"
computing and information theory,cit
computing-in-memory architectures,cma
concrete and masonry structures,cms
concrete and mortar mixtures,cmm
concrete and pavement materials,"advanced materials, cpm, materials science"
concrete and steel composite structures,cscs
concrete durability and repair,"artificial intelligence, cdr, machine intelligence"
concrete engineering,ce
concrete materials,"advanced materials, cm, materials science"
concrete structures,cs
concrete technology,ct
concrete technology and recycling,ctr
condensation and boiling,cb
condensed matter in biology,"biological sciences, cmb, life sciences"
condensed matter physics,"applied physics, cmp, physical sciences"
condition monitoring,cm
condition monitoring and fault detection,cmfd
condition monitoring and fault diagnosis of industrial machines,cmfdim
condition monitoring and maintenance,"artificial intelligence, cmm, machine intelligence"
conductive materials,"advanced materials, cm, materials science"
confidence intervals,ci
conformal field theory,cft
consensus algorithms and distributed systems,cads
conservation biology,"biological sciences, cb, life sciences"
construction engineering,ce
consumer behavior,cb
consumer behavior in services,cbs
consumer behaviour,cb
control systems,cs
control systems and automation,csa
control systems and estimation,cse
control theory,ct
control theory and robotics,ctr
control theory and systems,cts
controlled morphology and phase behavior,cmpb
controller design and tuning,cdt
convection,"convection research, convection technology"
convection and instability phenomena,cip
convective heat transfer,cht
convex analysis,ca
cooperative control,cc
coordination chemistry,"applied chemistry, cc, chemical sciences"
coordination chemistry and composites,"applied chemistry, ccc, chemical sciences"
copper and pd chemistry,"applied chemistry, cpc, chemical sciences"
copper oxide nanomaterials,"advanced materials, con, materials science"
corporate governance,cg
corporate sustainability analysis,"artificial intelligence, csa, machine intelligence"
corroles and related compounds,crc
corrosion,"corrosion research, corrosion technology"
corrosion and stability,cs
corrosion and surface science,css
corrosion engineering,ce
corrosion prevention and protection,cpp
corrosion resistance,cr
corrosion science,cs
cortical plasticity,cp
cosmetics and dermopharmaceuticals,cd
cosmic dawn and epoch of reionization,cder
cosmic microwave background,cmb
cosmic rays,cr
cosmology,"cosmology research, cosmology technology"
cosmology and astrophysics,"applied physics, ca, physical sciences"
cosmology and early universe,ceu
crack propagation and fracture mechanics,cpfm
critical and singular nonlinearities in partial differential equations,csnpde
critical pedagogy,cp
crop monitoring,cm
crop physiology and adaptation,cpa
crop protection and stress tolerance,cpst
crop science,cs
crop yield modeling and agricultural meteorology,cymam
cross-coupling reactions,ccr
cross-cultural studies,ccs
crowdsourcing and information retrieval,cir
crowdsourcing and recommendation systems,crs
cryogenics and refrigeration,cr
cryptanalysis and cryptographic algorithms,cca
cryptography,"cryptography research, cryptography technology"
cryptography and cybersecurity,cc
cryptography and information security,cis
cryptography and network security,"cns, telecommunications, wireless systems"
cryptography and security,cs
cryptology,"cryptology research, cryptology technology"
crystal engineering,ce
crystal engineering and design,ced
crystal growth and modification,cgm
crystal plasticity,cp
crystal structure and phase transitions,cspt
crystal structures,cs
crystal structures and materials,"advanced materials, csm, materials science"
crystal structures and phase transitions,cspt
crystallization,"crystallization research, crystallization technology"
crystallization and particle engineering,cpe
crystallography,"crystallography research, crystallography technology"
crystallography and crystal structure determination,ccsd
crystallography and microstructure,cm
crystallography and structural analysis,csa
crystallography and structural chemistry,"applied chemistry, csc, chemical sciences"
crystallography and texture,ct
crystallography in materials science,"advanced materials, cms, materials science"
cuisine studies,cs
cultural industries and digital media,cidm
cultural medicine,cm
cultural psychology,cp
cyber-physical systems,cps
cybersecurity,"cybersecurity research, cybersecurity technology"
cybersecurity and network security,"cns, telecommunications, wireless systems"
cylinder flow,cf
cytokine and chemoattractant research,"applied chemistry, ccr, chemical sciences"
cytoskeletal interactions and hemolysis,cih
cytotoxicity and toxicity mechanisms,ctm
c–h functionalization,chf
damage detection and structural integrity,ddsi
damage mechanics,dm
damage mechanics and failure analysis,"artificial intelligence, dmfa, machine intelligence"
dark matter,dm
data analysis,da
data analysis and modeling,dam
data analysis and modelling,dam
data analysis and signal processing,dasp
data analysis and visualization,dav
data analytics,da
data analytics and business intelligence,"artificial intelligence, dabi, machine intelligence"
data analytics and machine learning,"artificial intelligence, daml, machine intelligence"
data and databases,dd
data biases and verification,dbv
data classification and prediction,dcp
data envelopment analysis,dea
data envelopment analysis (dea),dead
data integration and synthesis,"applied chemistry, chemical sciences, dis"
data interpretation and inversion,dii
data management,dm
data mining,dm
data mining and analysis,dma
data mining and analytics,dma
data mining and information retrieval,dmir
data mining and knowledge discovery,dmkd
data mining and machine learning,"artificial intelligence, dmml, machine intelligence"
data mining and pattern recognition,dmpr
data modeling,dm
data processing and machine learning,"artificial intelligence, dpml, machine intelligence"
data science,ds
data science and analytics,dsa
data science and engineering,dse
data science and machine learning,"artificial intelligence, dsml, machine intelligence"
data science and machine learning applications,"artificial intelligence, dsmla, machine intelligence"
data security,ds
data security and privacy,dsp
data streams,ds
data-driven analysis,dda
data-driven modeling,ddm
data-driven modeling and machine learning,"artificial intelligence, ddmml, machine intelligence"
data-driven systems and analytics,ddsa
database systems,ds
dc microgrids and power electronics,dmpe
decision sciences,ds
decision support systems,dss
decision theory,dt
deep eutectic solvents,des
deep learning,"artificial intelligence, convolutional networks, dl, deep neural networks, machine intelligence, representation learning, transformers"
deep learning and neural networks,"artificial intelligence, dlnn, machine intelligence, telecommunications, wireless systems"
deep packet inspection,dpi
defect engineering and material properties,demp
defects and phase transitions in solids,dpts
deformation mechanisms,dm
deformation processing,dp
delay differential equations,dde
demand response and management,drm
demography and population studies,dps
density approximations,da
density functional theory,dft
density-functional theory,dft
density-functional theory and computational materials science,"advanced materials, dftcms, materials science"
desalination and cooling,dc
desalination technologies,dt
desalination technology,dt
desiccant technology,dt
desiccant technology and hvac systems,dths
design automation,da
design automation and optimization,dao
destination management,dm
development economics,de
development studies,ds
developmental biology,"biological sciences, db, life sciences"
device modeling and simulation,dms
device physics,"applied physics, dp, physical sciences"
dft and scaps-1d frameworks,ds1f
diagnostic imaging in medicine,dim
dialogue systems,ds
dielectric ceramics and composites,dcc
dielectric elastomers,de
dielectric materials,"advanced materials, dm, materials science"
dielectric materials and nanogenerators,"advanced materials, dmn, materials science"
dielectric materials for mos devices,"advanced materials, dmmd, materials science"
dielectric metamaterials,"advanced materials, dm, materials science"
dielectrics,"dielectrics research, dielectrics technology"
dielectrics and conductors,dc
diels-alder reactions,dar
diesel engine research,der
diesel engines and combustion,dec
differential equations,de
differential geometry,dg
differential privacy,dp
digital ethics,de
digital humanities,dh
digital logic design,dld
digital photoelasticity,dp
digital platforms and experience,dpe
digital signal processing,dsp
digital transformation,dt
digital watermarking and obfuscation,"dwo, environmental engineering, sustainability"
dirac and weyl semimetals,dws
disorder and metastability,dm
dissipative and superfluid dynamics,dsd
distributed generation,dg
distributed generation integration,dgi
distributed learning,"artificial intelligence, dl, machine intelligence"
distributed systems,ds
distribution networks,"dn, telecommunications, wireless systems"
distribution networks and power systems,"dnps, telecommunications, wireless systems"
dna and rna therapeutics,drt
dna biology,"biological sciences, db, life sciences"
dna chemistry,"applied chemistry, chemical sciences, dc"
dna methyltransferases (dnmts),dmd
dna modification and protection,dmp
dna-based nanomaterials,"advanced materials, dbn, materials science"
domain structures,"artificial intelligence, ds, machine intelligence"
doping and phase transformation,dpt
doping detection,dd
drilling and cutting processes,dcp
drought and famine,df
drought and precipitation studies,dps
drug delivery,dd
drug delivery and nanomedicine,"advanced materials, ddn, materials science"
drug delivery and nanotechnology,"advanced materials, ddn, materials science"
drug delivery systems,dds
drug design and development,ddd
drug discovery and development,ddd
drug resistance and efflux pumps,drep
duality theory and optimization problems,dtop
durability and durational analysis,dda
durability and performance engineering,dpe
durability and performance of materials,"advanced materials, dpm, materials science"
durability and sustainability in materials,"advanced materials, artificial intelligence, dsm, machine intelligence, materials science"
durability of materials,"advanced materials, dm, materials science"
dust and emission studies,des
dye and pigment removal,dpr
dye degradation,dd
dynamic algorithms,da
dynamical systems,ds
dynamics and control,dc
dynamics of mechanical systems,dms
earth surface processes,esp
earthquake engineering,ee
earthquake hazards and landslides,ehl
ecocriticism,"ecocriticism research, ecocriticism technology"
ecofeminism,"ecofeminism research, ecofeminism technology"
ecological modeling,em
ecological remote sensing,ers
ecological restoration and management,erm
ecology,"ecology research, ecology technology"
ecology and biodiversity,"biological sciences, eb, life sciences"
ecology and evolution,ee
ecology and evolutionary biology,"biological sciences, eeb, life sciences"
econometrics,"econometrics research, econometrics technology"
econometrics and agricultural economics,eae
economic analysis,ea
economic development and poverty,edp
economic efficiency analysis,eea
economic growth,eg
economic growth and development,egd
economics,"economics research, economics technology"
economics and agricultural policy,eap
economics and operations research,eor
economics and policy analysis,epa
ecosystem management,em
ecosystem resilience,er
ecotoxicology,"ecotoxicology research, ecotoxicology technology"
edge computing,ec
education technology,et
educational data science,eds
educational quality management,eqm
educational technology,et
elastic instabilities,ei
elasticity,"elasticity research, elasticity technology"
elasticity and structural properties,esp
elastohydrodynamic effects,ee
electric energy systems,"clean energy, ees, energy systems"
electric machines and control,emc
electric power distribution,epd
electric power engineering,epe
electric power systems,eps
electric power systems planning,epsp
electric vehicles,ev
electrical engineering,ee
electrical power generation,epg
electrical stimulation,es
electricity distribution,ed
electricity markets and regulation,emr
electricity markets and trading,emt
electrification and vehicle technologies,evt
electrocatalysis,"electrocatalysis research, electrocatalysis technology"
electrocatalysis and electrochemical processes,"applied chemistry, chemical sciences, eep"
electrocatalysis and renewable energy,"clean energy, ere, energy systems"
electrochemical analysis,"applied chemistry, chemical sciences, ea"
electrochemical and battery materials,"advanced materials, applied chemistry, chemical sciences, ebm, materials science"
electrochemical applications,"applied chemistry, chemical sciences, ea"
electrochemical capacitors,"applied chemistry, chemical sciences, ec"
electrochemical catalysis,"applied chemistry, chemical sciences, ec"
electrochemical energy conversion,"applied chemistry, chemical sciences, clean energy, eec, energy systems"
electrochemical energy conversion and storage,"applied chemistry, chemical sciences, clean energy, eecs, energy systems"
electrochemical energy storage,"applied chemistry, chemical sciences, clean energy, ees, energy systems"
electrochemical engineering,"applied chemistry, chemical sciences, ee"
electrochemical materials,"advanced materials, applied chemistry, chemical sciences, em, materials science"
electrochemical processes,"applied chemistry, chemical sciences, ep"
electrochemical science,"applied chemistry, chemical sciences, es"
electrochemical sensors,"applied chemistry, chemical sciences, es"
electrochemical sensors and catalysts,"applied chemistry, chemical sciences, esc"
electrochemical sensors and detectors,"applied chemistry, chemical sciences, esd"
electrochemical sensors and separation,"applied chemistry, chemical sciences, ess"
electrochemical sensors and techniques,"applied chemistry, chemical sciences, est"
electrochemical storage and conversion,"applied chemistry, chemical sciences, esc"
electrochemical synthesis and nanomaterials,"advanced materials, applied chemistry, chemical sciences, esn, materials science"
electrochemical systems,"applied chemistry, chemical sciences, es"
electrochemistry,"applied chemistry, chemical sciences"
electrochemistry and devices,"applied chemistry, chemical sciences, ed"
electrochemistry and energy conversion,"applied chemistry, chemical sciences, clean energy, eec, energy systems"
electrochemistry and fuel cells,"applied chemistry, chemical sciences, clean energy, efc, energy systems"
electrochemistry and optoelectronics,"applied chemistry, chemical sciences, eo"
electrochemistry and supercapacitors,"applied chemistry, chemical sciences, es"
electrochemistry and surface science,"applied chemistry, chemical sciences, ess"
electrocoagulation,"electrocoagulation research, electrocoagulation technology"
electrocoagulation and electrocoagulation processes,eep
electrocoalescence and coalescence mechanisms,ecm
electrocyclic reactions,er
electrodeposition,"electrodeposition research, electrodeposition technology"
electrodeposition and coatings,ec
electroencephalography (eeg),ee
electrohydrodynamics,"electrohydrodynamics research, electrohydrodynamics technology"
electrokinetics,"electrokinetics research, electrokinetics technology"
electrokinetics and microfluidics,em
electroluminescence,"electroluminescence research, electroluminescence technology"
electromagnetic compatibility,ec
electromagnetic crimping,ec
electromagnetic forming,ef
electromagnetic interference (emi) shielding,eies
electromagnetic interference shielding,eis
electromagnetic materials,"advanced materials, em, materials science"
electromagnetics,"electromagnetics research, electromagnetics technology"
electromechanical systems,es
electron dynamics,ed
electronic and magnetic properties,emp
electronic and magnetic properties of solids,emps
electronic and optical materials,"advanced materials, eom, materials science"
electronic and optical properties,eop
electronic and photocatalysis,ep
electronic and photonic materials,"advanced materials, epm, materials science"
electronic circuits,ec
electronic devices,ed
electronic devices and transistors,edt
electronic devices and transport properties,edtp
electronic materials,"advanced materials, em, materials science"
electronic materials and devices,"advanced materials, emd, materials science"
electronic properties,ep
electronic properties and conductivity,epc
electronic properties and devices,epd
electronic properties and transport,ept
electronic properties of materials,"advanced materials, epm, materials science"
electronic structure,es
electronic structure and properties,esp
electronic structure and quantum materials,"advanced materials, esqm, materials science"
electronic transport,et
electronics,"electronics research, electronics technology"
electronics and photonics,ep
electronics and power devices,epd
electronics and sensors,es
electronics materials,"advanced materials, em, materials science"
electrophysiology and brain-computer interfaces,"artificial intelligence, ebci, machine intelligence"
electrospinning and nanofibers,"advanced materials, en, materials science"
electrostatic devices,ed
electrostatics and dielectrics,ed
electrostatics and discharge,ed
electrotherapy,"electrotherapy research, electrotherapy technology"
electrothermal systems and electronics cooling,esec
elementary particles and fields,epf
embedded systems,es
emergency management and planning,emp
emotion and crying,ec
emotion and sentiment analysis,esa
emotion recognition,er
employee behaviour and ethics,ebe
employee psychology,ep
employee well-being,ewb
employment,"employment research, employment technology"
enantiomeric analysis,ea
enantioselective reactions,er
endocrine disruption,ed
endocrine regulation,er
endocrinology,"endocrinology research, endocrinology technology"
endomembrane system,es
endometriosis and reproductive disorders,erd
energetic materials,"advanced materials, em, materials science"
energy absorption,"clean energy, ea, energy systems"
energy and batteries,"clean energy, eb, energy systems"
energy and environment,"clean energy, ee, energy systems, environmental engineering, sustainability"
energy and environmental economics,"clean energy, eee, energy systems, environmental engineering, sustainability"
energy and environmental materials,"advanced materials, clean energy, eem, energy systems, environmental engineering, materials science, sustainability"
energy and environmental science,"clean energy, ees, energy systems, environmental engineering, sustainability"
energy and fluids,"clean energy, ef, energy systems"
energy and fuels,"clean energy, ef, energy systems"
energy and power electronics,"clean energy, epe, energy systems"
energy and power systems,"clean energy, eps, energy systems"
energy and resource management,"clean energy, erm, energy systems"
energy and resources,"clean energy, er, energy systems"
energy and sustainability,"artificial intelligence, clean energy, es, energy systems, machine intelligence"
energy and waste management,"clean energy, ewm, energy systems"
energy consumption,"clean energy, ec, energy systems"
energy conversion,"clean energy, ec, energy systems"
energy conversion and fuels,"clean energy, ecf, energy systems"
energy conversion and microgrids,"clean energy, ecm, energy systems"
energy conversion and storage,"clean energy, ecs, energy systems"
energy conversion and sustainability,"artificial intelligence, clean energy, ecs, energy systems, machine intelligence"
energy conversion and utilization,"clean energy, ecu, energy systems"
energy economics,"clean energy, ee, energy systems"
energy efficiency,"clean energy, ee, energy systems"
energy efficiency and power management,"clean energy, eepm, energy systems"
energy harvesting,"clean energy, eh, energy systems"
energy harvesting and conversion,"clean energy, ehc, energy systems"
energy harvesting and sensing,"clean energy, ehs, energy systems"
energy harvesting and storage,"clean energy, ehs, energy systems"
energy management,"clean energy, em, energy systems"
energy management and control systems,"clean energy, emcs, energy systems"
energy management and conversion,"clean energy, emc, energy systems"
energy management and optimization,"clean energy, emo, energy systems"
energy materials,"advanced materials, clean energy, em, energy systems, materials science"
energy materials and conversion,"advanced materials, clean energy, emc, energy systems, materials science"
energy materials and nanoelectronics,"advanced materials, clean energy, emn, energy systems, materials science"
energy optimization and management,"clean energy, eom, energy systems"
energy storage,"clean energy, es, energy systems"
energy storage and conversion,"clean energy, esc, energy systems"
energy storage and management,"clean energy, esm, energy systems"
energy storage and sensing,"clean energy, ess, energy systems"
energy storage devices,"clean energy, esd, energy systems"
energy storage systems,"clean energy, ess, energy systems"
energy systems,"clean energy, es"
energy systems and management,"clean energy, esm, energy systems"
engine fuels and lubricants,"clean energy, efl, energy systems"
engine performance optimization,epo
engineering,"engineering research, engineering technology"
engineering and applied physics,"applied physics, eap, physical sciences"
engineering and computer science,ecs
engineering and nanotechnology,"advanced materials, en, materials science"
engineering and technology,et
engineering seismic risk assessment,esra
enhanced oil recovery,eor
enhanced oil recovery (eor),eore
entanglement and entropy,ee
entanglement in quantum field theory,eqft
entanglement theory,et
enterprise computing,ec
entrepreneurship,"entrepreneurship research, entrepreneurship technology"
entropy and statistical mechanics,esm
environment and natural resources,"enr, environmental engineering, sustainability"
environment and society,"es, environmental engineering, sustainability"
environmental and aquatic chemistry,"applied chemistry, chemical sciences, eac, environmental engineering, sustainability"
environmental and climate science,"ecs, environmental engineering, sustainability"
environmental and waste water treatment,"ewwt, environmental engineering, sustainability"
environmental anthropogenic effects,"eae, environmental engineering, sustainability"
environmental biotechnology,"biological sciences, eb, environmental engineering, life sciences, sustainability"
environmental chemistry,"applied chemistry, chemical sciences, ec, environmental engineering, sustainability"
environmental contaminants and biodegradation,"biological sciences, ecb, environmental engineering, life sciences, sustainability"
environmental economics,"ee, environmental engineering, sustainability"
environmental economics and policy,"eep, environmental engineering, sustainability"
environmental engineering,"ee, sustainability"
environmental ethics,"ee, environmental engineering, sustainability"
environmental geochemistry,"applied chemistry, chemical sciences, eg, environmental engineering, sustainability"
environmental hazards and mitigation,"ehm, environmental engineering, sustainability"
environmental health,"eh, environmental engineering, sustainability"
environmental health and safety,"ehs, environmental engineering, sustainability"
environmental humanities,"eh, environmental engineering, sustainability"
environmental hydrology,"eh, environmental engineering, sustainability"
environmental impact assessment,"eia, environmental engineering, sustainability"
environmental informatics,"ei, environmental engineering, sustainability"
environmental mapping,"em, environmental engineering, sustainability"
environmental microbiology,"biological sciences, em, environmental engineering, life sciences, sustainability"
environmental microbiology and biotechnology,"biological sciences, emb, environmental engineering, life sciences, sustainability"
environmental microbiology and fungi,"biological sciences, emf, environmental engineering, life sciences, sustainability"
environmental modeling,"em, environmental engineering, sustainability"
environmental monitoring,"em, environmental engineering, sustainability"
environmental monitoring and management,"emm, environmental engineering, sustainability"
environmental monitoring and pollution,"emp, environmental engineering, sustainability"
environmental monitoring and sustainability,"artificial intelligence, ems, environmental engineering, machine intelligence, sustainability"
environmental policy,"ep, environmental engineering, sustainability"
environmental policy and governance,"epg, environmental engineering, sustainability"
environmental pollution,"ep, environmental engineering, sustainability"
environmental pollution and bioremediation,"biological sciences, epb, environmental engineering, life sciences, sustainability"
environmental pollution and remediation,"epr, environmental engineering, sustainability"
environmental remediation,"er, environmental cleanup, environmental engineering, pollution abatement, soil & water remediation, sustainability"
environmental remediation and water treatment,"erwt, environmental engineering, sustainability"
environmental risk assessment,"era, environmental engineering, sustainability"
environmental science,"es, environmental engineering, sustainability"
environmental science and engineering,"ese, environmental engineering, sustainability"
environmental science and management,"esm, environmental engineering, sustainability"
environmental science and materials degradation,"advanced materials, esmd, environmental engineering, materials science, sustainability"
environmental science and monitoring,"esm, environmental engineering, sustainability"
environmental science and sustainability,"artificial intelligence, ess, environmental engineering, machine intelligence, sustainability"
environmental science and technology,"est, environmental engineering, sustainability"
environmental sciences,"es, environmental engineering, sustainability"
environmental sensing,"es, environmental engineering, sustainability"
environmental sensing and detection,"esd, environmental engineering, sustainability"
environmental stress in plants,"esp, environmental engineering, sustainability"
environmental stress response in microalgae,"esrm, environmental engineering, sustainability"
environmental studies,"es, environmental engineering, sustainability"
environmental sustainability,"artificial intelligence, es, environmental engineering, machine intelligence, sustainability"
enzymatic processes in textile,ept
enzyme and biomass utilization,"biological sciences, ebu, life sciences"
enzyme catalysis,ec
epidemiology,"epidemiology research, epidemiology technology"
epidemiology and disease impact,"biological sciences, edi, life sciences"
epidemiology and public health,eph
epigenetics,"epigenetics research, epigenetics technology"
epigenetics and dna methylation,edm
epigenetics and transgenerational effects,ete
epilepsy,"epilepsy research, epilepsy technology"
epitranscriptomics,"epitranscriptomics research, epitranscriptomics technology"
epstein-barr virus,ebv
ergonomics and human factors,ehf
erosion and sediment control,esc
erosion and wear mechanisms,ewm
error analysis,ea
error analysis and estimation,eae
error correction and coding,ecc
error detection and diagnosis,edd
error estimation,ee
estradiol and progesterone effects,epe
etching and deposition techniques,edt
ethics and integrity in organizations,eio
ethnomedicine,"ethnomedicine research, ethnomedicine technology"
evaluation and metrics,em
evolutionary biology,"biological sciences, eb, life sciences"
evolutionary computation,ec
exergy analysis,ea
exergy and energy efficiency,"clean energy, eee, energy systems"
exergy and performance analysis,epa
exoplanet atmospheres and characterization,eac
experimental fluid mechanics,efm
experimental geomechanics,eg
experimental heat transfer,eht
experimental mechanics,em
experimental mechanics and fluid dynamics,emfd
experimental methods,em
experimental particle physics,"applied physics, epp, physical sciences"
experimental petrology,ep
experimental physics,"applied physics, ep, physical sciences"
experimental physics and engineering,"applied physics, epe, physical sciences"
explosives chemistry,"applied chemistry, chemical sciences, ec"
extragalactic astronomy and astrophysics,"applied physics, eaa, physical sciences"
face recognition and analysis,fra
facial and iris recognition,fir
fading channels,fc
failure analysis,"artificial intelligence, fa, machine intelligence"
failure analysis and reliability,"artificial intelligence, far, machine intelligence"
failure analysis and repair,"artificial intelligence, far, machine intelligence"
failure mechanics,"artificial intelligence, fm, machine intelligence"
fairness and ethics in computing,"artificial intelligence, fec, machine intelligence"
fast direct solvers and algorithms,fdsa
fatigue and fracture mechanics,ffm
fatigue and fretting fatigue behavior,fffb
fatigue mechanics,fm
fault detection and isolation,fdi
fault diagnosis and diagnosis,fdd
fault diagnosis and maintenance,"artificial intelligence, fdm, machine intelligence"
fault diagnosis and process monitoring,fdpm
fault diagnosis and relaying,fdr
fault injection attacks,fia
feature extraction,fe
feature extraction and selection,fes
feature extraction and signal processing,fesp
feature learning,"artificial intelligence, fl, machine intelligence"
federated learning,"artificial intelligence, fl, machine intelligence"
federated learning and edge computing,"artificial intelligence, flec, machine intelligence"
ferrites and ferrimagnetics,ff
ferroelectric ceramics,fc
ferroelectric materials,"advanced materials, fm, materials science"
ferrofluids and nanofluids,"advanced materials, fn, materials science"
ferromagnetism and antiferromagnetism,fa
fet and mosfet devices,fmd
fiber optic sensors,fos
fiber optic systems,fos
fiber reinforced composites,frc
fiber reinforced polymer (frp) composites,"advanced materials, frpfc, materials science"
fiber-reinforced polymers (frp),"advanced materials, frpf, materials science"
field emission devices,fed
field-effect devices,fed
field-effect transistors,fet
field-effect transistors (fets),fetf
finance,"finance research, finance technology"
finance and accounting,fa
finance and economics,fe
finance and financial markets,ffm
financial constraints and development,"artificial intelligence, fcd, machine intelligence"
financial engineering,fe
financial engineering and markets,fem
financial markets and economics,fme
financial sector analysis,fsa
financial sector development,fsd
financial systems and policy,fsp
finite element analysis,fea
finite element method,fem
finite element method (fem),femf
finite element methods,fem
finite field and boolean functions,ffbf
fire and explosion engineering,fee
fire engineering,fe
fire safety engineering,fse
fire safety in structures,fss
firm innovation and development,fid
first principles calculations,fpc
first-principles calculations,fpc
first-principles simulations,fps
first-principles studies,fps
fish and shellfish biology,"biological sciences, fsb, life sciences"
flame propagation,fp
flexible electronics,fe
flexible electronics and sensors,fes
flexible pavement design,fpd
flexible structures,fs
flood and drought modeling and forecasting,fdmf
flood modelling,fm
flood risk management,frm
flow dynamics and fluid mechanics,fdfm
flow phenomena,fp
fluid dynamics,fd
fluid dynamics and heat transfer,fdht
fluid dynamics in microdevices,fdm
fluid mechanics,fm
fluid mechanics and flow dynamics,fmfd
fluorescence and spectroscopy,fs
fluorescence spectroscopy,fs
fluorescent materials,"advanced materials, fm, materials science"
fluorescent probes and optical sensors,fpos
fluorescent probes and sensors,fps
fluorochemistry,"applied chemistry, chemical sciences"
fluvial processes,fp
foam and foaming agents,ffa
foam science and applications,fsa
fog computing,fc
food and beverages,fb
food and bioprocessing technology,"biological sciences, fbt, life sciences"
food chemistry,"applied chemistry, chemical sciences, fc"
food microbiology,"biological sciences, fm, life sciences"
food microbiology and safety,"biological sciences, fms, life sciences"
food packaging and nanotechnology,"advanced materials, fpn, materials science"
food packaging and preservation,fpp
food packaging and safety,fps
food preservation and packaging,fpp
food preservation and processing,fpp
food preservation and stability,fps
food processing and preservation,fpp
food science,fs
food science and technology,fst
food security,fs
food systems and consumption patterns,fscp
food technology,ft
forensics and image forgery detection,"fifd, image analysis, visual recognition"
forest and mining ecology,fme
forest ecology and biodiversity,"biological sciences, feb, life sciences"
forest monitoring and mapping,fmm
forestry,"forestry research, forestry technology"
forming and joining,fj
foundation engineering,fe
foundations engineering,fe
fractional calculus,fc
fractional calculus and differential equations,fcde
fractional calculus and fractional differential equations,fcfde
fractional calculus and fractional-order systems,fcfos
fractional calculus and nonlocal mechanics,fcnm
fracture mechanics,fm
fracture mechanics and interface behavior,fmib
fretting and corrosion resistance,fcr
friction and material behavior in structural engineering,fmbse
friction and wear,fw
friction stir processing,fsp
friction stir welding and processing,fswp
fuel cell technology,"clean energy, energy systems, fct"
functional biomolecules and nanomaterials,"advanced materials, biological sciences, fbn, life sciences, materials science"
functional ceramics,fc
functional encryption,fe
functional foods,ff
functional foods and beverages,ffb
functional foods and nutrition,ffn
functional materials,"advanced materials, fm, materials science"
functional materials and coatings,"advanced materials, fmc, materials science"
functional materials and devices,"advanced materials, fmd, materials science"
functional materials and food ingredients,"advanced materials, fmfi, materials science"
functional materials and materials design,"advanced materials, fmmd, materials science"
functional materials and nanostructures,"advanced materials, fmn, materials science"
functional materials and nanotechnology,"advanced materials, fmn, materials science"
functional nanocomposites,"advanced materials, fn, materials science"
functional nanomaterials,"advanced materials, fn, materials science"
functional oxide materials,"advanced materials, fom, materials science"
functional polymer composites,"advanced materials, fpc, materials science"
functional polymer synthesis and characterization,"advanced materials, applied chemistry, chemical sciences, fpsc, materials science"
functional surfaces and interfaces,fsi
functionalization of nanomaterials,"advanced materials, fn, materials science"
functionalized nanomaterials,"advanced materials, fn, materials science"
functionalized polymers,"advanced materials, fp, materials science"
functionally graded materials,"advanced materials, fgm, materials science"
functionally graded materials (fgm),"advanced materials, fgmf, materials science"
fuzzy logic,fl
fuzzy logic and fuzzy mathematics,flfm
fuzzy logic and optimization,flo
fuzzy logic and rough set theory,flrst
fuzzy logic and soft computing,flsc
fuzzy systems,fs
g protein-coupled receptors,gpcr
g-protein-coupled receptors,gpcr
galactic and cosmological plasmas,gcp
galactic interactions and mergers,gim
galactic structure and evolution,gse
galaxy dynamics and formation,gdf
galilean conformal algebras,gca
gallium nitride and related materials,"advanced materials, gnrm, materials science"
game theory,gt
gamification,"gamification research, gamification technology"
gamma-ray astronomy,gra
gan device modeling,gdm
gas dynamics,gd
gas sensing and detection,gsd
gas sensors,gs
gas sensors and sensing materials,"advanced materials, gssm, materials science"
gas sensors and sensing technologies,gsst
gas separation and capture,gsc
gas separation and purification,gsp
gas turbine combustion,gtc
gasoline engine research,ger
gastroenterology and microbiology,"biological sciences, gm, life sciences"
gear dynamics,gd
gear mechanics and tribology,gmt
gel formation and rheology,gfr
gender and health disparities,ghd
gender studies,gs
gender studies in business,gsb
gene therapy,gt
general relativity,gr
general relativity and astrophysics,"applied physics, gra, physical sciences"
general relativity and gravitation,grg
genes and genomes,gg
genetic algorithms and optimization,gao
genetics,"genetics research, genetics technology"
genetics and biotechnology,"biological sciences, gb, life sciences"
genetics and breeding,gb
genetics and genomics,gg
genetics and metabolism,gm
genome biology,"biological sciences, gb, life sciences"
genome integration,gi
genomic and proteomic analysis,gpa
genomics,"genomics research, genomics technology"
genomics and genetics,gg
genomics and genomics applications,gga
genomics and personalized medicine,gpm
geochemistry,"applied chemistry, chemical sciences"
geochronology,"geochronology research, geochronology technology"
geochronology and tectonics,gt
geodynamic processes,gp
geodynamics,"geodynamics research, geodynamics technology"
geoenergy,"clean energy, energy systems"
geographic information systems,gis
geographic information systems (gis),gisg
geographical information systems,gis
geogrid and geocell technologies,ggt
geohydrology,"geohydrology research, geohydrology technology"
geoinformatics and remote sensing,grs
geological hazards and risk assessment,ghra
geology,"geology research, geology technology"
geology and tectonics,gt
geomatics and cartography,gc
geomatics and remote sensing,grs
geomechanics,"geomechanics research, geomechanics technology"
geomechanics and pavement engineering,gpe
geomechanics and soil engineering,gse
geometric function theory,gft
geomorphology,"geomorphology research, geomorphology technology"
geophysics,"applied physics, physical sciences"
geophysics and geotechnical engineering,"applied physics, gge, physical sciences"
geophysics and natural hazards,"applied physics, gnh, physical sciences"
geospatial analysis,ga
geospatial analysis and remote sensing,gars
geosynthetics,"geosynthetics research, geosynthetics technology"
geosynthetics and soil reinforcement,gsr
geosynthetics engineering,ge
geotechnical engineering,ge
geotechnical monitoring and sensors,gms
gis and geomatics,gg
gis and remote sensing,grs
glaciology and cryosphere,gc
glass science and technology,gst
glassy and amorphous materials,"advanced materials, gam, materials science"
global and local cultural industries,glci
global health disparities,ghd
global projects,gp
global seismology and geophysics,"applied physics, gsg, physical sciences"
global value chains,"artificial intelligence, gvc, machine intelligence"
globalization and development,gd
glycosidase inhibitors,gi
glycosides synthesis,"applied chemistry, chemical sciences, gs"
gold nanoparticles,"advanced materials, gn, materials science"
government and politics,gp
granular computing,gc
granular materials,"advanced materials, gm, materials science"
graph spanners and shortest paths,gssp
graph theory,gt
graph theory and algorithms,gta
graph theory and combinatorics,gtc
graphene,"graphene research, graphene technology"
graphene and 2d materials,"advanced materials, g2m, materials science"
graphene and carbon materials,"advanced materials, gcm, materials science"
graphene and carbon nanomaterials,"advanced materials, gcn, materials science"
graphene and carbon-based materials,"advanced materials, gcbm, materials science"
graphene and composite materials,"advanced materials, gcm, materials science"
graphene and graphene analogues,gga
graphene and graphene-based devices,ggbd
graphene and graphene-based materials,"advanced materials, ggbm, materials science"
graphene and related materials,"advanced materials, grm, materials science"
graphene applications,ga
graphene-based materials,"advanced materials, gbm, materials science"
gravitation and cosmology,gc
gravitational physics,"applied physics, gp, physical sciences"
gravitational waves,gw
green and sustainable chemistry,"applied chemistry, artificial intelligence, chemical sciences, gsc, machine intelligence"
green and sustainable materials,"advanced materials, artificial intelligence, gsm, machine intelligence, materials science"
green chemistry,"applied chemistry, chemical sciences, gc"
green chemistry and renewable resources,"applied chemistry, chemical sciences, gcrr"
green chemistry and sustainability,"applied chemistry, artificial intelligence, chemical sciences, gcs, machine intelligence"
green chemistry and sustainable catalysis,"applied chemistry, artificial intelligence, chemical sciences, gcsc, machine intelligence"
green chemistry and sustainable technologies,"applied chemistry, artificial intelligence, chemical sciences, gcst, machine intelligence"
green chemistry and sustainable textile production,"applied chemistry, artificial intelligence, chemical sciences, gcstp, machine intelligence"
green products and services,gps
groundwater hydrology,"environmental engineering, gh, sustainability"
groundwater quality and pollution,"environmental engineering, gqp, sustainability"
group key agreement,gka
haptics and touch perception,htp
haptics and virtual reality,hvr
hard materials,"advanced materials, hm, materials science"
hardware acceleration,ha
hardware security,hs
hardware security and protection,hsp
hardware security and trust,hst
hardware security and verification,hsv
harmonic mappings,hm
hate speech and discrimination,hsd
hate speech detection,hsd
health and medical informatics,hmi
health and public policy,hpp
health effects of air pollution,"artificial intelligence, environmental engineering, heap, machine intelligence, sustainability"
health inequalities,hi
health informatics,hi
health informatics and biomedical engineering,"biological sciences, hibe, life sciences"
health informatics and biomedicine,"biological sciences, hib, life sciences"
health informatics and telemedicine,hit
health policy and economics,hpe
health policy and public health,hpph
health psychology,hp
health risk assessment and toxicology,hrat
health science,hs
health sciences,hs
healthcare and biosensors,"biological sciences, hb, life sciences"
healthcare and biotechnology,"biological sciences, hb, life sciences"
healthcare and epidemiology,he
healthcare and informatics,hi
healthcare and logistics,hl
healthcare and patient care,hpc
healthcare and public health,hph
healthcare informatics,hi
healthcare management,hm
heart monitoring and cardiology,hmc
heat and mass transfer,hmt
heat and mass transfer in porous media,hmtpm
heat exchanger design,hed
heat exchanger design and analysis,heda
heat pipes and heat sinks,hphs
heat pump systems,hps
heat transfer,ht
heat transfer and conduction,htc
heat transfer and convection,htc
heat transfer and cooling,htc
heat transfer and cooling solutions,htcs
heat transfer and engineering,hte
heat transfer and fluid dynamics,htfd
heat transfer and fluid mechanics,htfm
heat transfer and thermal management,httm
heavy metal bioremediation,"biological sciences, hmb, life sciences"
heavy metal remediation,hmr
heavy metals and environmental remediation,"environmental engineering, hmer, sustainability"
heavy metals bioremediation and sequestration,"biological sciences, hmbs, life sciences"
heavy-fermion and antiferromagnetic materials,"advanced materials, hfam, materials science"
hematology,"hematology research, hematology technology"
heterocyclic chemistry,"applied chemistry, chemical sciences, hc"
heterogeneous catalysis,hc
heterostructures,"heterostructures research, heterostructures technology"
high altitude platform stations (haps),hapsh
high electron mobility transistors (hemts),hemth
high energy astrophysical phenomena,"clean energy, energy systems, heap"
high energy astrophysics,"applied physics, clean energy, energy systems, hea, physical sciences"
high energy batteries,"clean energy, energy systems, heb"
high energy materials and interfaces,"advanced materials, clean energy, energy systems, hemi, materials science"
high energy physics,"applied physics, clean energy, collider physics, energy systems, hep, particle physics, physical sciences, quantum field theory"
high entropy alloys,hea
high entropy alloys and intermetallic compounds,heaic
high magnetic field,hmf
high performance alloys,hpa
high performance computing,hpc
high performance materials,"advanced materials, hpm, materials science"
high strain rate testing,"artificial intelligence, hsrt, machine intelligence"
high temperature materials,"advanced materials, htm, materials science"
high temperature superconductivity,hts
high valent metal chemistry,"applied chemistry, chemical sciences, hvmc"
high voltage and high frequency electronics,hvhfe
high voltage and switch design,hvsd
high voltage electronics,hve
high voltage electronics and devices,hved
high-dimensional optimization,hdo
high-efficiency engine systems,hees
high-efficiency power management,hepm
high-energy physics,"applied physics, clean energy, energy systems, hep, physical sciences"
high-entropy alloys,hea
high-frequency electromagnetics,hfe
high-frequency electronics,hfe
high-level synthesis,"applied chemistry, chemical sciences, hls"
high-level synthesis and processor design,"applied chemistry, chemical sciences, hlspd"
high-performance materials,"advanced materials, hpm, materials science"
high-performance transistors,hpt
high-rayleigh number convection,hrnc
high-resolution cosmological surveys,hrcs
high-speed imaging and measurement,hsim
high-temperature materials,"advanced materials, htm, materials science"
high-temperature superconductivity,hts
higher education,he
higher-dimensional physics,"applied physics, hdp, physical sciences"
highway and road engineering,hre
highway design,hd
highway engineering,he
highways and pavements,hp
himalayan geology,hg
himalayan geomorphology,hg
histone modifications,hm
holographic correspondence,hc
holography,"holography research, holography technology"
host-pathogen interaction,hpi
human and cultural studies,hcs
human factors in engineering,hfe
human health effects of air pollution,"artificial intelligence, environmental engineering, hheap, machine intelligence, sustainability"
human identification,hi
human immunodeficiency virus,hiv
human resource management,hrm
human resources management,hrm
human-computer interaction,hci
human-computer interaction (hci),hcih
human-computer interaction and ubiquitous computing,hciuc
human-environment interactions,"environmental engineering, hei, sustainability"
human-technology interaction,hti
humanitarian logistics,hl
hybrid communication systems,"hcs, telecommunications, wireless systems"
hybrid energy systems,"clean energy, energy systems, hes"
hybrid materials,"advanced materials, hm, materials science"
hybrid nanofluids and nanocomposites,"advanced materials, hnn, materials science"
hybrid systems,hs
hydrate formation and carbon sequestration,hfcs
hydrate materials and processes,"advanced materials, hmp, materials science"
hydration kinetics,hk
hydraulic engineering,he
hydraulic systems and mechanics,hsm
hydraulics,"hydraulics research, hydraulics technology"
hydride chemistry,"applied chemistry, chemical sciences, hc"
hydro energy,"clean energy, energy systems, he"
hydroclimatology,"hydroclimatology research, hydroclimatology technology"
hydroclimatology and precipitation studies,hps
hydrodeoxygenation,"hydrodeoxygenation research, hydrodeoxygenation technology"
hydrodeoxygenation and catalysis,hc
hydrodynamics,"hydrodynamics research, hydrodynamics technology"
hydroelasticity,"hydroelasticity research, hydroelasticity technology"
hydrogel and polymer adhesion,"advanced materials, hpa, materials science"
hydrogels and gelatin,hg
hydrogen and alternative fuels,"clean energy, energy systems, haf"
hydrogen and fuel cells,"clean energy, energy systems, hfc"
hydrogen and hydrogen storage,hhs
hydrogen and ion storage,his
hydrogen bonding,hb
hydrogen bonding and interfaces,hbi
hydrogen bonding and solvation,hbs
hydrogen bonds,hb
hydrogen peroxide catalysis,hpc
hydrogen production,hp
hydrogen storage and utilization,hsu
hydrogeology,"hydrogeology research, hydrogeology technology"
hydrogeology and groundwater management,"environmental engineering, hgm, sustainability"
hydrokinetics,"hydrokinetics research, hydrokinetics technology"
hydrologic modeling,hm
hydrological modeling and prediction,hmp
hydrology,"hydrology research, hydrology technology"
hydrology and hydroclimatology,hh
hydrology and soil science,hss
hydrology and water management,"environmental engineering, hwm, sustainability"
hydrology and water resources,"environmental engineering, hwr, sustainability"
hydrology and water resources management,"environmental engineering, hwrm, sustainability"
hydropower,"hydropower research, hydropower technology"
hyperelasticity,"hyperelasticity research, hyperelasticity technology"
hypervalent iodine chemistry,"applied chemistry, chemical sciences, hic"
iii-v semiconductors,ivs
image and signal compression,"isc, image analysis, visual recognition"
image and signal processing,"isp, image analysis, visual recognition"
image and signal processing in medicine,"ispm, image analysis, visual recognition"
image and video analysis,"iva, image analysis, visual recognition"
image and video processing,"ivp, image analysis, visual recognition"
image and video quality assessment,"ivqa, image analysis, visual recognition"
image and video understanding,"ivu, image analysis, visual recognition"
image and vision processing,"ivp, image analysis, visual recognition"
image compression and coding,"icc, image analysis, visual recognition"
image enhancement,"ie, image analysis, visual recognition"
image processing,"ip, image analysis, visual recognition"
image processing and analysis,"ipa, image analysis, visual recognition"
image processing and computer vision,"ipcv, image analysis, visual recognition"
image processing and medical imaging,"ipmi, image analysis, visual recognition"
image processing and quality assessment,"ipqa, image analysis, visual recognition"
immune regulation,ir
immunity and inflammation,ii
immuno-oncology,io
immunology,"immunology research, immunology technology"
immunology and cancer,ic
immunology and molecular immunology,imi
immunology and oncology,io
immunotherapy,"immunotherapy research, immunotherapy technology"
immunotherapy and cancer treatment,ict
in silico methods,sm
indicators of organizational effectiveness,ioe
indo-gangetic plains geomorphology,"artificial intelligence, igpg, machine intelligence"
indoor environmental quality,"environmental engineering, ieq, sustainability"
induction motors,im
induction motors and electrical machinery,imem
inductive sensors,is
industrial and manufacturing automation,ima
industrial biotechnology,"biological sciences, ib, life sciences"
industry 4.0 and smart manufacturing,i40sm
inertial sensing,is
infectious disease,"biological sciences, id, life sciences"
infectious diseases,"biological sciences, id, life sciences"
infectious diseases and immunology,"biological sciences, idi, life sciences"
infectious diseases and neurological impact,"biological sciences, idni, life sciences"
infectious diseases and pathogenesis,"biological sciences, idp, life sciences"
inflammasome pathways,ip
inflammation,"inflammation research, inflammation technology"
inflammation and cancer,ic
inflammation and immunity,ii
inflammation and immunology,ii
inflammation and inflammatory diseases,"biological sciences, iid, life sciences"
inflationary cosmology,ic
information retrieval,ir
information retrieval and indexing,iri
information security,is
information security and cryptography,isc
information systems,is
information systems and technologies,ist
information technology and communication,"itc, telecommunications, wireless systems"
information theory,it
infrastructure development and public-private partnerships,idppp
infrastructure maintenance,"artificial intelligence, im, machine intelligence"
innovation and entrepreneurship,ie
innovation and r&d,ird
innovation and technology,it
innovation studies,is
inorganic and coordination chemistry,"applied chemistry, chemical sciences, icc"
inorganic and organometallic complexes,ioc
inorganic catalysis,ic
inorganic chemistry,"applied chemistry, chemical sciences, ic"
inorganic halide perovskites,ihp
inorganic materials,"advanced materials, im, materials science"
inorganic materials chemistry,"advanced materials, applied chemistry, chemical sciences, imc, materials science"
inorganic nanoparticles and colloids,"advanced materials, inc, materials science"
inorganic polymer hybrid materials,"advanced materials, iphm, materials science"
inorganic solar cells,"clean energy, energy systems, isc"
insect and parasite control,ipc
instability phenomena,ip
integral equations,ie
integrated circuits,ic
integrated energy systems,"clean energy, energy systems, ies"
interface chemistry,"applied chemistry, chemical sciences, ic"
interface engineering,ie
interface science,is
interfaces and heterostructures,ih
interfacial engineering,ie
interfacial science and nanomaterials,"advanced materials, isn, materials science"
interference management,im
interferometric tomography,it
intergalactic medium,im
intermetallic compounds,ic
internal combustion engine research,icer
internal combustion engine technologies,icet
internal combustion engines,ice
international economics,ie
international relations,ir
international trade and fdi,itf
internet of medical things (iomt) and smart health care,imtishc
internet of things (iot),iti
internet of things (iot) and smart systems,itiss
internet of vehicles (iov) and vehicular networking,"ivivn, telecommunications, wireless systems"
interstellar and space chemistry,"applied chemistry, chemical sciences, isc"
intrusion detection,id
intuitionistic fuzzy mathematics,ifm
intuitionistic fuzzy sets (ifs),ifsi
inventory management,im
ion acceleration,ia
ion channels and membrane biology,"biological sciences, icmb, life sciences"
ion channels and pumps,icp
ion transport mechanisms,itm
ionic conductivity,ic
ionic liquids,il
ionic liquids and microemulsions,ilm
ionization processes,ip
ionogels and conducting polymers,"advanced materials, icp, materials science"
ionospheric studies,is
iot (internet of things),iit
iot and internet of things,iit
iot and smart systems,iss
iris recognition and detection,ird
iron biofortification,"biological sciences, ib, life sciences"
isogeometric analysis,ia
isomers and nuclear states,ins
isotope geology,ig
isotope geoscience,ig
jet propulsion,jp
kagome lattice materials,"advanced materials, klm, materials science"
kalman filtering,kf
kernel methods,km
kinase inhibitors,ki
knowledge discovery,kd
knowledge representation,kr
labor productivity,lp
lambert series,ls
land use and resource management,lurm
landslide and slope stability,lss
landslide hazard assessment,lha
language modeling,lm
language processing and translation,lpt
large scale structure,lss
large-eddy simulation (les),lesl
large-scale inversion and optimization,lsio
laser physics,"applied physics, lp, physical sciences"
laser processing,lp
laser processing and engineering,lpe
laser processing and manufacturing,lpm
laser-plasma interaction,lpi
lasers and laser technology,llt
lasers and optics,lo
lasers and optoelectronics,lo
late pleistocene and holocene climate,lphc
lattice structures,ls
lattice-based cryptography,lbc
leadership in education,le
leadership studies,ls
learning analytics,"artificial intelligence, la, machine intelligence"
learning technologies,"artificial intelligence, lt, machine intelligence"
legal studies and artificial intelligence,"artificial intelligence, lsai, machine intelligence"
lewis acid-lewis base chemistry,"applied chemistry, chemical sciences, lalbc"
life cycle assessment,"cradle-to-grave analysis, environmental impact assessment, lca"
life cycle assessment in construction,lcac
ligand effects on nanoparticle structure and function,"advanced materials, leonsf, materials science"
light in plant science,lps
light-emitting devices,led
lignocellulosic biomass utilization,"biological sciences, lbu, life sciences"
lignocellulosic materials processing,"advanced materials, lmp, materials science"
linear models,lm
lipid bilayers,lb
lipid biotechnology,"biological sciences, lb, life sciences"
liquid crystals and mesophases,lcm
liquid crystals and polymer science,"advanced materials, lcps, materials science"
literary and ecological studies,les
literature and publishing,lp
lithium batteries and electrochemistry,"applied chemistry, chemical sciences, lbe"
liver disease,"biological sciences, ld, life sciences"
logics and formal methods,lfm
logistics and supply chain management,"artificial intelligence, lscm, machine intelligence"
logistics and transportation,lt
low dimensional materials and nanomaterials,"advanced materials, ldmn, materials science"
low-dimensional materials,"advanced materials, ldm, materials science"
low-power electronics,lpe
luminescence dating,ld
luminescent materials,"advanced materials, lm, materials science"
machine and group technology,mgt
machine learning,"artificial intelligence, ml, machine intelligence, pattern recognition, predictive modeling, statistical learning, supervised learning"
machine learning and artificial intelligence,"artificial intelligence, mlai, machine intelligence"
machine learning and artificial intelligence (ai),"artificial intelligence, mlaia, machine intelligence"
machine learning and artificial intelligence in hydrology,"artificial intelligence, mlaih, machine intelligence"
machine learning and computer vision,"artificial intelligence, image analysis, mlcv, machine intelligence, visual recognition"
machine learning and data analysis,"artificial intelligence, mlda, machine intelligence"
machine learning and data analytics,"artificial intelligence, mlda, machine intelligence"
machine learning and data mining,"artificial intelligence, mldm, machine intelligence"
machine learning and data privacy,"artificial intelligence, mldp, machine intelligence"
machine learning and data science,"artificial intelligence, mlds, machine intelligence"
machine learning and image analysis,"artificial intelligence, image analysis, mlia, machine intelligence, visual recognition"
machine learning and image processing,"artificial intelligence, image analysis, mlip, machine intelligence, visual recognition"
machine learning and intelligent systems,"artificial intelligence, mlis, machine intelligence"
machine learning and neural networks,"artificial intelligence, mlnn, machine intelligence, telecommunications, wireless systems"
machine learning and optimization,"artificial intelligence, mlo, machine intelligence"
machine learning and pattern recognition,"artificial intelligence, mlpr, machine intelligence"
machine learning and signal processing,"artificial intelligence, mlsp, machine intelligence"
machine learning applications,"artificial intelligence, mla, machine intelligence"
machine learning in electronics,"artificial intelligence, mle, machine intelligence"
machine learning in healthcare,"artificial intelligence, mlh, machine intelligence"
machine learning in manufacturing,"artificial intelligence, mlm, machine intelligence"
machine learning in materials science,"advanced materials, artificial intelligence, mlms, machine intelligence, materials science"
machine learning in meteorology,"artificial intelligence, mlm, machine intelligence"
machine learning in sensors,"artificial intelligence, mls, machine intelligence"
machine translation,mt
machining and finishing,mf
machining and manufacturing processes,mmp
macroeconomics and international finance,mif
macrophages and immunity,mi
magnesium alloys,ma
magnetic and dielectric materials,"advanced materials, mdm, materials science"
magnetic and electrical properties,mep
magnetic and electronic materials,"advanced materials, mem, materials science"
magnetic and ferroelectric properties,mfp
magnetic and ferromagnetic materials research,"advanced materials, mfmr, materials science"
magnetic and magnetic nanomaterials,"advanced materials, mmn, materials science"
magnetic and optical properties,mop
magnetic and optical properties of nanomaterials,"advanced materials, mopn, materials science"
magnetic and superconducting properties,msp
magnetic fields and earth sciences,mfes
magnetic materials,"advanced materials, mm, materials science"
magnetic materials and devices,"advanced materials, mmd, materials science"
magnetic materials and nanocomposites,"advanced materials, mmn, materials science"
magnetic materials and nanotechnology,"advanced materials, mmn, materials science"
magnetic materials and properties,"advanced materials, mmp, materials science"
magnetic properties,mp
magnetic resonance imaging,mri
magnetism,"magnetism research, magnetism technology"
magnetism and ferroelectricity,mf
magnetism and magnetic materials,"advanced materials, mmm, materials science"
magnetism and magnetodielectric materials,"advanced materials, mmm, materials science"
magnetism and spintronics,ms
magneto-mechano-electric systems,mmes
magnetoelectrics and nanomaterials,"advanced materials, mn, materials science"
magnetoelectronics,"magnetoelectronics research, magnetoelectronics technology"
magnetohydrodynamics,"magnetohydrodynamics research, magnetohydrodynamics technology"
magnetohydrodynamics (mhd),mm
magnetorheological finishing,mf
magnetotransport properties,mp
maintenance and reliability engineering,"artificial intelligence, mre, machine intelligence"
malaria control and vector biology,"biological sciences, life sciences, mcvb"
malware detection,md
mammalian biology and development,"biological sciences, life sciences, mbd"
management,"management research, management technology"
management and organization,mo
manufacturing and production engineering,mpe
manufacturing and supply chain management,"artificial intelligence, mscm, machine intelligence"
manufacturing automation,ma
manufacturing engineering,me
manufacturing industry,mi
manufacturing industry analysis,mia
manufacturing processes,mp
manufacturing processes and technologies,mpt
manufacturing systems,ms
manufacturing systems and reliability,msr
many-body physics,"applied physics, mbp, physical sciences"
many-body systems and quantum chaos,mbsqc
marine and aquatic microbiology,"biological sciences, life sciences, mam"
marine biology,"biological sciences, life sciences, mb"
marine pollution and environmental monitoring,"environmental engineering, mpem, sustainability"
marine renewable energy,"clean energy, energy systems, mre"
marine structures,ms
marketing,"marketing research, marketing technology"
marketing and e-commerce,mec
marketing research,mr
masonry structures,ms
mass transfer and transport properties,mttp
material and surface analysis,msa
material and waste valorization,mwv
material behavior under fire,mbuf
material characterization,mc
material characterization and processing,mcp
material composites,mc
material degradation and behavior,mdb
material engineering and modification,mem
material engineering and sustainability,"artificial intelligence, mes, machine intelligence"
material fatigue and failure,"artificial intelligence, mff, machine intelligence"
material fracture mechanics,mfm
material functionalization,mf
material functionalization and surface engineering,mfse
material joining,mj
material microtexture and texture,mmt
material processing,mp
material processing and characterization,mpc
material processing and microstructure,mpm
material properties in microsystems,mpm
material rheology,mr
material science,ms
material science and composites,msc
material science and engineering,mse
material science and nanotechnology,"advanced materials, msn, materials science"
material science and properties,msp
material science for energy applications,"clean energy, energy systems, msea"
material science for medical applications,msma
material strength and durability,msd
material surface and microstructure,msm
material sustainability,"artificial intelligence, ms, machine intelligence"
material tribology,mt
materials and surface engineering,"advanced materials, mse, materials science"
materials chemistry,"advanced materials, applied chemistry, chemical sciences, mc, materials science"
materials engineering,"advanced materials, me, materials science"
materials for biomedical applications,"advanced materials, biological sciences, life sciences, mba, materials science"
materials for catalysis,"advanced materials, mc, materials science"
materials for energy applications,"advanced materials, clean energy, energy systems, mea, materials science"
materials for medicine,"advanced materials, mm, materials science"
materials fracture and failure,"advanced materials, artificial intelligence, mff, machine intelligence, materials science"
materials informatics,"advanced materials, mi, materials science"
materials mechanics and engineering,"advanced materials, mme, materials science"
materials modeling and simulation,"advanced materials, mms, materials science"
materials modification for catalysis,"advanced materials, mmc, materials science"
materials optimization and design,"advanced materials, mod, materials science"
materials physics,"advanced materials, applied physics, mp, materials science, physical sciences"
materials processing,"advanced materials, mp, materials science"
materials processing and characterization,"advanced materials, mpc, materials science"
materials processing and engineering,"advanced materials, mpe, materials science"
materials science,"advanced materials, condensed matter physics, ms, materials engineering"
materials science and chemistry,"advanced materials, applied chemistry, chemical sciences, msc, materials science"
materials science and engineering,"advanced materials, mse, materials science"
materials science and interfaces,"advanced materials, msi, materials science"
materials tribology,"advanced materials, mt, materials science"
materials tribology and corrosion,"advanced materials, mtc, materials science"
mathematical analysis and algorithms,maa
mathematical and computational modeling,mcm
mathematical biology,"biological sciences, life sciences, mb"
mathematical modeling and optimization,mmo
mathematical physics,"applied physics, mp, physical sciences"
mathematical programming,mp
mathematical sciences,ms
mathematics,"mathematics research, mathematics technology"
matrix biology,"biological sciences, life sciences, mb"
matrix theory,mt
matrix theory and eigenvalue analysis,mtea
measurement techniques,mt
mechanical and fracture mechanics of materials,"advanced materials, mfmm, materials science"
mechanical and materials friction,"advanced materials, mmf, materials science"
mechanical behavior,mb
mechanical behavior and failure analysis,"artificial intelligence, mbfa, machine intelligence"
mechanical engineering,me
mechanical fault diagnosis,mfd
mechanical metamaterials,"advanced materials, mm, materials science"
mechanical properties,mp
mechanical properties and fatigue,mpf
mechanical properties and materials processing,"advanced materials, mpmp, materials science"
mechanical properties of interfaces,mpi
mechanical properties of materials,"advanced materials, mpm, materials science"
mechanical tribology,mt
mechanical vibrations and oscillations,mvo
mechanics,"mechanics research, mechanics technology"
mechanics and dynamics,md
mechanics and fracture analysis,mfa
mechanics and materials,"advanced materials, mm, materials science"
mechanics and robotics,mr
mechanics and structural analysis,msa
mechanics of composite materials,"advanced materials, mcm, materials science"
mechanics of heterogeneous structures,mhs
mechanics of materials,"advanced materials, mm, materials science"
mechanics of soft materials,"advanced materials, msm, materials science"
mechanisms and robotics,mr
mechanobiology,"biological sciences, life sciences"
mechatronics,"mechatronics research, mechatronics technology"
mechatronics and automation,ma
media economics and political economy,mepe
medical image analysis,"image analysis, mia, visual recognition"
medical image processing,"image analysis, mip, visual recognition"
medical imaging,mi
medical imaging and analysis,mia
medical imaging and radiology,mir
medicinal chemistry,"applied chemistry, chemical sciences, mc"
medicine,"medicine research, medicine technology"
medicine and pharmacology,mp
medicine and public health,mph
meditation and mindfulness,mm
mellin space,ms
membrane biology,"biological sciences, life sciences, mb"
membrane biophysics,"applied physics, biological sciences, life sciences, mb, physical sciences"
membrane distillation,md
membrane science and technology,mst
membrane separation,ms
membrane separation and filtration,msf
membrane technology and materials,"advanced materials, mtm, materials science"
membrane traffic,mt
membrane transport,mt
memory and storage,ms
memristor technology,mt
mems and micro-electro-mechanical systems,mmems
mems and microfluidics,mm
mentoring and leadership,ml
mesoporous materials,"advanced materials, mm, materials science"
metabolic engineering,me
metabolic pathways in disease,"biological sciences, life sciences, mpd"
metabolism,"metabolism research, metabolism technology"
metabolomics and proteomics,mp
metaheuristics,"metaheuristics research, metaheuristics technology"
metal catalysis,mc
metal complex catalysis,mcc
metal cutting and machining,mcm
metal cutting and tooling,mct
metal matrix composites,mmc
metal nanoparticles and nanofluids,"advanced materials, mnn, materials science"
metal oxides and metal aluminates,moma
metal processing,mp
metal processing and surface engineering,mpse
metal welding and joining,mwj
metal-organic frameworks (mofs),mofm
metallic alloys and nanocomposites,"advanced materials, man, materials science"
metallic and alloy catalysts,mac
metallic catalysis and precatalysts,mcp
metallic materials,"advanced materials, mm, materials science"
metallic materials processing,"advanced materials, mmp, materials science"
metalloproteins,"metalloproteins research, metalloproteins technology"
metallosupramolecular chemistry,"applied chemistry, chemical sciences, mc"
metallosupramolecular complexes,mc
metallurgical modeling,mm
metallurgy,"metallurgy research, metallurgy technology"
metallurgy and materials science,"advanced materials, mms, materials science"
metals and alloys,ma
metals and metal compounds in environment,"environmental engineering, mmce, sustainability"
metals and metal ore processing,mmop
metals and minerals processing,mmp
metals processing,mp
metals processing and additive manufacturing,mpam
metals recovery and recycling,mrr
metal–organic frameworks,mof
metal–organic frameworks (mofs),mofm
metamaterials,"advanced materials, materials science"
metamaterials and absorbers,"advanced materials, ma, materials science"
metamaterials and advanced optics,"advanced materials, mao, materials science"
metamaterials and advanced optoelectronics,"advanced materials, mao, materials science"
metamaterials and composite materials,"advanced materials, mcm, materials science"
metamaterials and dielectrics,"advanced materials, md, materials science"
metamaterials and electromagnetics,"advanced materials, me, materials science"
metamaterials and metadevices,"advanced materials, mm, materials science"
metamaterials and microwave absorbers,"advanced materials, mma, materials science"
metamaterials and nanomaterials,"advanced materials, mn, materials science"
metamaterials and plasmonics,"advanced materials, mp, materials science"
metamorphic geology,mg
metamorphic petrology,mp
metamorphic processes,mp
methanol production,mp
micro/nano fabrication,"advanced materials, mnf, materials science"
micro/nano technology,"advanced materials, mnt, materials science"
micro/nanoelectronics,"advanced materials, mn, materials science"
micro/nanofabrication,"advanced materials, mn, materials science"
micro/nanofabrication and characterization,"advanced materials, mnc, materials science"
micro/nanofluidics,"advanced materials, mn, materials science"
micro/nanofluidics and separation,"advanced materials, mns, materials science"
micro/nanofluidics and surface engineering,"advanced materials, mnse, materials science"
micro/nanoscale fluid dynamics,"advanced materials, mnfd, materials science"
micro/nanoscale materials,"advanced materials, mnm, materials science"
micro/nanotechnology,"advanced materials, mn, materials science"
microalgae and aquatic systems,mas
microalgae biotechnology,"biological sciences, life sciences, mb"
microalgal and lipid research,mlr
microbial and algal biology,"biological sciences, life sciences, mab"
microbial and biochemical processes,"applied chemistry, biological sciences, chemical sciences, life sciences, mbp"
microbial and biological processes,"biological sciences, life sciences, mbp"
microbial bioremediation,"biological sciences, life sciences, mb"
microbial bioremediation and biosurfactants,"biological sciences, life sciences, mbb"
microbial biotechnology,"biological sciences, life sciences, mb"
microbial biotechnology and fermentation,"biological sciences, life sciences, mbf"
microbial chemistry,"applied chemistry, chemical sciences, mc"
microbial dynamics,md
microbial electrochemical technologies,"applied chemistry, chemical sciences, met"
microbial engineering,me
microbial enhanced oil recovery (meor),meorm
microbial fuel cells,"clean energy, energy systems, mfc"
microbial fuels and biofuels,"biological sciences, clean energy, energy systems, life sciences, mfb"
microbial pathogenesis,mp
microbial processes and biofuels,"biological sciences, clean energy, energy systems, life sciences, mpb"
microbial research,mr
microbial stress responses,msr
microbial technologies,mt
microbiology,"biological sciences, life sciences"
microbiology and biotechnology,"biological sciences, life sciences, mb"
microbiology and infectious diseases,"biological sciences, life sciences, mid"
microbiology and microbial applications,"biological sciences, life sciences, mma"
microbiology and parasitology,"biological sciences, life sciences, mp"
microbiology and pathogens,"biological sciences, life sciences, mp"
microbiome and gut health,"biological sciences, life sciences, mgh"
microbiome and microbes,"biological sciences, life sciences, mm"
microbubbles and bubble technology,mbt
microcontroller interfaces,mi
microdomains and signal transduction,"artificial intelligence, mst, machine intelligence"
microelectromechanical systems (mems),msm
microelectronics,"microelectronics research, microelectronics technology"
microelectronics and device modeling,mdm
microelectronics and nanotechnology,"advanced materials, mn, materials science"
microfabrication and nanotechnology,"advanced materials, mn, materials science"
microfluidic synthesis,"applied chemistry, chemical sciences, ms"
microfluidics,"microfluidics research, microfluidics technology"
microfluidics and biomicrosystems,"biological sciences, life sciences, mb"
microfluidics and biomimetic devices,"biological sciences, life sciences, mbd"
microfluidics and biosensors,"biological sciences, life sciences, mb"
microfluidics and microfabrication,mm
microfluidics and nanofluidics,"advanced materials, mn, materials science"
microfluidics and nanofluids,"advanced materials, mn, materials science"
microfluidics and nanotechnology,"advanced materials, mn, materials science"
microfluidics and soft matter mechanics,msmm
microglia and astrocytes,ma
microgrid and distributed energy systems,"clean energy, energy systems, mdes"
microgrids,"microgrids research, microgrids technology"
microgrids and energy systems,"clean energy, energy systems, mes"
micromachining and microfabrication,mm
micromagnetics and spintronics,ms
micromanufacturing,"micromanufacturing research, micromanufacturing technology"
micromechanics,"micromechanics research, micromechanics technology"
micromechanics and material behavior,mmb
micromechanics and material properties,mmp
micromechanics and nanomaterials,"advanced materials, mn, materials science"
micromixing and fluid dynamics,mfd
microresonators,"microresonators research, microresonators technology"
micrornas and rna regulation,mrr
microscale and nanoscale systems,"advanced materials, mns, materials science"
microscale flows,mf
microscale transport phenomena,mtp
microscopy and imaging,mi
microscopy and imaging in materials science,"advanced materials, mims, materials science"
microstrip and split ring structures,msrs
microstructural analysis,ma
microstructure analysis,ma
microstructure and characterization,mc
microstructure and phase transformation,mpt
microstructure and processing,mp
microstructure and properties,mp
microstructure and property analysis,mpa
microstructure and texture,mt
microstructure engineering,me
microsupercapacitors,"microsupercapacitors research, microsupercapacitors technology"
microwave absorbers and emi,mae
microwave absorption,ma
microwave and dielectric materials,"advanced materials, mdm, materials science"
microwave and radiofrequency technology,mrt
microwave and terahertz technology,mtt
microwave antenna design and applications,mada
microwave antenna design and optimization,mado
microwave chemistry,"applied chemistry, chemical sciences, mc"
microwave engineering,me
microwave processing,mp
microwaves and antennas,ma
migration studies,ms
millimeter wave systems,mws
mimetic materials,"advanced materials, mm, materials science"
mindfulness and meditation,mm
mineral processing engineering,mpe
mineralogy,"mineralogy research, mineralogy technology"
mitochondrial function and dysfunction,mfd
mixed-signal integrated circuits,msic
mixing and dispersion,md
mobile communications,"mc, telecommunications, wireless systems"
mobile computing,mc
mobile learning,"artificial intelligence, ml, machine intelligence"
mobile technology and commerce,mtc
model compression,mc
model reduction,mr
modeling and simulation,ms
modeling and simulation in manufacturing,msm
molecular and cellular biology,"biological sciences, life sciences, mcb"
molecular and materials science,"advanced materials, mms, materials science"
molecular biology,"biological sciences, life sciences, mb"
molecular biology and cancer research,"biological sciences, life sciences, mbcr"
molecular biophysics,"applied physics, biological sciences, life sciences, mb, physical sciences"
molecular cell biology,"biological sciences, life sciences, mcb"
molecular condensation,mc
molecular crystals and nanomaterials,"advanced materials, mcn, materials science"
molecular design and therapeutics,mdt
molecular devices,md
molecular diagnostics,md
molecular dynamics,md
molecular dynamics and simulation,mds
molecular dynamics simulation,mds
molecular electronics,me
molecular genetics,mg
molecular interactions and interfaces,mii
molecular mechanisms of disease,"biological sciences, life sciences, mmd"
molecular mechanisms of pathology,mmp
molecular medicine,mm
molecular modeling,mm
molecular modeling and docking,mmd
molecular modeling and spectroscopy,mms
molecular neurobiology,"biological sciences, life sciences, mn"
molecular recognition,mr
molecular self-assembly,msa
molecular sieves,ms
molecular simulation,ms
molecular simulations,ms
molecular solids,ms
molecular solvation,ms
molecular spectroscopy,ms
molecular structure and characterization,msc
molecular targets,mt
molecular targets and inhibitors,mti
molecular targets and pathways,mtp
molecular targets in cancer,mtc
monsoon studies,ms
moon studies,ms
morphology and pattern formation,mpf
mos2 and related materials,"advanced materials, mrm, materials science"
motor control,mc
motor control and drives,mcd
multi- and many-objective optimization,mmoo
multi-criteria decision making (mcdm),mcdmm
multicomponent reactions,mr
multiferroic and perovskite materials,"advanced materials, mpm, materials science"
multiferroic materials,"advanced materials, mm, materials science"
multiferroics and magnetoelectrics,mm
multilevel inverters,mi
multilingualism and linguistic diversity,mld
multimodal image fusion,"image analysis, mif, visual recognition"
multimodal learning,"artificial intelligence, ml, machine intelligence"
multimodal processing,mp
multiphase flow,mf
multiphase flow simulation,mfs
multiplex networks,"mn, telecommunications, wireless systems"
multivariate cryptography,mc
municipal and industrial wastewater management,"environmental engineering, miwm, sustainability"
mycobacteriology and infectious diseases,"biological sciences, life sciences, mid"
mycobacterium and helicobacter research,mhr
mycobacterium biology,"biological sciences, life sciences, mb"
mycobacterium pathogenesis,mp
mycology and fungal biology,"biological sciences, life sciences, mfb"
n-heterocycle synthesis,"applied chemistry, chemical sciences, nhs"
n-heterocycles and nitroarenes catalysis,nhnc
n-heterocyclic carbene chemistry,"applied chemistry, chemical sciences, nhcc"
na-ion batteries,nib
nano and quantum devices,"advanced materials, materials science, nqd"
nano devices,"advanced materials, materials science, nd"
nano electronics,"advanced materials, materials science, ne"
nano materials in construction,"advanced materials, materials science, nmc"
nanocages and nanocage chemistry,"advanced materials, applied chemistry, chemical sciences, materials science, nnc"
nanocarriers and drug delivery,"advanced materials, materials science, ndd"
nanocatalysis,"advanced materials, materials science"
nanocellulose applications,"advanced materials, materials science, na"
nanochemistry,"advanced materials, applied chemistry, chemical sciences, materials science"
nanoclusters and colloids,"advanced materials, materials science, nc"
nanoclusters and metal nanoparticles,"advanced materials, materials science, nmn"
nanocomposites,"advanced materials, materials science"
nanocomposites and nanomaterials,"advanced materials, materials science, nn"
nanoelectronics,"advanced materials, materials science"
nanoelectronics and nanomaterials,"advanced materials, materials science, nn"
nanoengineering,"advanced materials, materials science"
nanofluidics,"advanced materials, materials science"
nanofluids,"advanced materials, materials science"
nanofluids and nanocomposites,"advanced materials, materials science, nn"
nanofluids and nanomaterials,"advanced materials, materials science, nn"
nanofluids and nanoparticles,"advanced materials, materials science, nn"
nanofluids and nanotechnology,"advanced materials, materials science, nn"
nanogels,"advanced materials, materials science"
nanomaterials,"advanced materials, materials science"
nanomaterials and catalysis,"advanced materials, materials science, nc"
nanomaterials and catalysts,"advanced materials, materials science, nc"
nanomaterials and composite materials,"advanced materials, materials science, ncm"
nanomaterials and composites,"advanced materials, materials science, nc"
nanomaterials and devices,"advanced materials, materials science, nd"
nanomaterials and electronics,"advanced materials, materials science, ne"
nanomaterials and energy conversion,"advanced materials, clean energy, energy systems, materials science, nec"
nanomaterials and microsystems,"advanced materials, materials science, nm"
nanomaterials and nanocavities,"advanced materials, materials science, nn"
nanomaterials and nanocomposites,"advanced materials, materials science, nn"
nanomaterials and nanodevices,"advanced materials, materials science, nn"
nanomaterials and nanoelectronics,"advanced materials, materials science, nn"
nanomaterials and nanofluids,"advanced materials, materials science, nn"
nanomaterials and nanoscale materials,"advanced materials, materials science, nnm"
nanomaterials and nanosheets,"advanced materials, materials science, nn"
nanomaterials and nanostructures,"advanced materials, materials science, nn"
nanomaterials and nanotechnology,"advanced materials, materials science, nn"
nanomaterials and optoelectronics,"advanced materials, materials science, no"
nanomaterials and plasmonics,"advanced materials, materials science, np"
nanomaterials and porous materials,"advanced materials, materials science, npm"
nanomaterials and quantum electronics,"advanced materials, materials science, nqe"
nanomaterials and self-assembly,"advanced materials, materials science, nsa"
nanomaterials and semiconductor devices,"advanced materials, materials science, nsd"
nanomaterials and semiconductor research,"advanced materials, materials science, nsr"
nanomaterials and sensors,"advanced materials, materials science, ns"
nanomaterials and their applications,"advanced materials, materials science, nta"
nanomaterials for biomedical applications,"advanced materials, biological sciences, life sciences, materials science, nba"
nanomaterials for energy applications,"advanced materials, clean energy, energy systems, materials science, nea"
nanomaterials for gas sensing,"advanced materials, materials science, ngs"
nanomaterials in agriculture,"advanced materials, materials science, na"
nanomaterials in antimicrobial applications,"advanced materials, materials science, naa"
nanomaterials in cancer therapy,"advanced materials, materials science, nct"
nanomaterials in cement,"advanced materials, materials science, nc"
nanomaterials in drug delivery,"advanced materials, materials science, ndd"
nanomechanics and nanomaterials,"advanced materials, materials science, nn"
nanomedicine,"advanced materials, materials science"
nanomedicine and theranostics,"advanced materials, materials science, nt"
nanoparticle characterization and properties,"advanced materials, materials science, ncp"
nanoparticles and nanosensors,"advanced materials, materials science, nn"
nanophotonics,"advanced materials, materials science"
nanophysics,"advanced materials, applied physics, materials science, physical sciences"
nanoproteomics,"advanced materials, materials science"
nanoscale electronics and optoelectronics,"advanced materials, materials science, neo"
nanoscale materials and devices,"advanced materials, materials science, nmd"
nanoscience and nanotechnology,"advanced materials, materials science, nn"
nanostructured materials,"advanced materials, materials science, nm"
nanostructured materials and nanomaterials,"advanced materials, materials science, nmn"
nanostructured materials for therapeutics,"advanced materials, materials science, nmt"
nanostructures,"advanced materials, materials science"
nanostructures and materials,"advanced materials, materials science, nm"
nanostructures and nanomaterials,"advanced materials, materials science, nn"
nanostructures and nanostructures characterization,"advanced materials, materials science, nnc"
nanotechnology,"advanced materials, materials science"
nanotechnology and antimicrobials,"advanced materials, materials science, na"
nanotechnology and biomaterials,"advanced materials, biological sciences, life sciences, materials science, nb"
nanotechnology and biomedical applications,"advanced materials, biological sciences, life sciences, materials science, nba"
nanotechnology and biotechnology,"advanced materials, biological sciences, life sciences, materials science, nb"
nanotechnology and immunology,"advanced materials, materials science, ni"
nanotechnology and materials science,"advanced materials, materials science, nms"
nanotechnology and nanocomposites,"advanced materials, materials science, nn"
nanotechnology and nanomaterials,"advanced materials, materials science, nn"
nanotechnology and nanomedicine,"advanced materials, materials science, nn"
nanotechnology and supramolecular chemistry,"advanced materials, applied chemistry, chemical sciences, materials science, nsc"
nanotechnology in biology,"advanced materials, biological sciences, life sciences, materials science, nb"
nanotechnology in catalysis,"advanced materials, materials science, nc"
nanotechnology in environmental applications,"advanced materials, environmental engineering, materials science, nea, sustainability"
nanotechnology in environmental remediation,"advanced materials, environmental engineering, materials science, ner, sustainability"
nanotechnology in food science,"advanced materials, materials science, nfs"
nanotoxicology,"advanced materials, materials science"
nanowires,"advanced materials, materials science"
nanowires and nanotubes,"advanced materials, materials science, nn"
nanozymes,"advanced materials, materials science"
natural antimicrobials and oxidative stability,naos
natural convection,nc
natural dye-sensitized solar cells,"clean energy, energy systems, ndssc"
natural dyes and nanomaterials,"advanced materials, materials science, ndn"
natural dyes and photovoltaics,"artificial intelligence, machine intelligence, ndp"
natural language processing,nlp
natural language processing (nlp),nlpn
natural products,np
natural products and compounds,npc
natural products and drug discovery,npdd
natural products and metabolomics,npm
natural products chemistry,"applied chemistry, chemical sciences, npc"
near-field optics,nfo
nervous system and neurobiology,"biological sciences, life sciences, nsn"
network analysis,"na, telecommunications, wireless systems"
network architecture and management,"nam, telecommunications, wireless systems"
network automation and programmability,"nap, telecommunications, wireless systems"
network biology,"biological sciences, life sciences, nb, telecommunications, wireless systems"
network coloring,"nc, telecommunications, wireless systems"
network performance monitoring and diagnostics,"npmd, telecommunications, wireless systems"
network security and cryptography,"nsc, telecommunications, wireless systems"
network security and intrusion detection,"nsid, telecommunications, wireless systems"
networked systems,"ns, telecommunications, wireless systems"
networking and communication,"nc, telecommunications, wireless systems"
networks and communication,"nc, telecommunications, wireless systems"
networks and communication systems,"ncs, telecommunications, wireless systems"
networks and distributed systems,"nds, telecommunications, wireless systems"
networks and management,"nm, telecommunications, wireless systems"
networks and telecommunications,"nt, telecommunications, wireless systems"
neural networks,"nn, telecommunications, wireless systems"
neural networks and artificial intelligence,"artificial intelligence, machine intelligence, nnai, telecommunications, wireless systems"
neural networks and deep learning,"artificial intelligence, machine intelligence, nndl, telecommunications, wireless systems"
neural networks and fuzzy logic,"nnfl, telecommunications, wireless systems"
neural networks and machine learning,"artificial intelligence, machine intelligence, nnml, telecommunications, wireless systems"
neurodegeneration,"neurodegeneration research, neurodegeneration technology"
neurodegeneration and protein misfolding,npm
neurodegenerative diseases,"biological sciences, life sciences, nd"
neuroenergetics,"neuroenergetics research, neuroenergetics technology"
neuroengineering,"neuroengineering research, neuroengineering technology"
neuroethics,"neuroethics research, neuroethics technology"
neuroimaging,"neuroimaging research, neuroimaging technology"
neuroimaging and cognitive neuroscience,ncn
neuroinflammation,"neuroinflammation research, neuroinflammation technology"
neurological and physiological sensations,nps
neurology,"neurology research, neurology technology"
neuromarketing,"neuromarketing research, neuromarketing technology"
neurophysiology,"neurophysiology research, neurophysiology technology"
neuroprosthetics,"neuroprosthetics research, neuroprosthetics technology"
neuroprotection and neurodegeneration,nn
neuroprotection and neuropharmacology,nn
neurorehabilitation,"neurorehabilitation research, neurorehabilitation technology"
neurorehabilitation and brain-computer interfaces,"artificial intelligence, machine intelligence, nbci"
neuroscience,"neuroscience research, neuroscience technology"
neuroscience and cognitive psychology,ncp
neuroscience and cognitive science,ncs
neuroscience and computational neuroscience,ncn
neuroscience and eeg signal processing,nesp
neuroscience and neurobiology,"biological sciences, life sciences, nn"
neuroscience and neuroinformatics,nn
neuroscience and neurological diseases,"biological sciences, life sciences, nnd"
neuroscience and neurology,nn
neutrino physics,"applied physics, np, physical sciences"
neutron diffraction and structural studies,ndss
neutron stars and pulsars,nsp
next-generation sequencing,ngs
nickel chemistry,"applied chemistry, chemical sciences, nc"
nickel-based superalloys,nbs
nitration chemistry,"applied chemistry, chemical sciences, nc"
nitric oxide chemistry,"applied chemistry, chemical sciences, noc"
nitroso chemistry,"applied chemistry, chemical sciences, nc"
nmr spectroscopy,ns
noble metals,nm
noise reduction,nr
noma (non-orthogonal multiple access),nnoma
non-destructive testing,ndt
non-destructive testing and evaluation,ndte
non-ferrous metallurgy,nfm
non-hermitian systems,nhs
non-newtonian fluid mechanics,nnfm
non-newtonian fluids,nnf
non-orthogonal multiple access (noma),noman
non-relativistic field theories,nrft
nondestructive evaluation,ne
nondestructive testing and evaluation,nte
nonlinear dynamics,nd
nonlinear dynamics and chaos,ndc
nonlinear dynamics and control,ndc
nonlinear modeling and forecasting,nmf
nonlinear optics,no
nonlinear optics and photonics,nop
nonlinear partial differential equations,npde
nonlinear structural analysis,nsa
nonlinear systems,ns
nonlinear systems analysis,nsa
nonlocal and quasilinear elliptic equations,nqee
nonlocal mechanics,nm
nonlocal mechanics and continuum mechanics,nmcm
nuclear and magnetic resonance spectroscopy,nmrs
nuclear and neutron physics,"applied physics, nnp, physical sciences"
nuclear chemistry,"applied chemistry, chemical sciences, nc"
nuclear engineering,ne
nuclear magnetic resonance,nmr
nuclear magnetic resonance spectroscopy,nmrs
nuclear physics,"applied physics, np, physical sciences"
nuclear reactions,nr
nuclear waste processing,nwp
nucleic acids and fluorescent proteins,nafp
nucleic acids and proteins,nap
nucleic acids chemistry,"applied chemistry, chemical sciences, nac"
nucleophilic substitution,ns
number theory,nt
number theory and combinatorics,ntc
numerical analysis,na
numerical linear algebra,nla
numerical methods,nm
numerical methods and algorithms,nma
numerical simulation and modeling,nsm
nutraceuticals and natural compounds,nnc
nutrition and crop improvement,nci
nutrition and dietetics,nd
nutrition and food science,nfs
nutrition and plant sciences,nps
nutritional biochemistry,"applied chemistry, biological sciences, chemical sciences, life sciences, nb"
nutritional science,ns
nutritional sciences,ns
occupational health and safety,ohs
ocean engineering,oe
ocean observatories and systems,oos
oceanography and marine engineering,ome
oil pollution and treatment,"environmental engineering, opt, sustainability"
oil recovery technologies,ort
oligonucleotide chemistry,"applied chemistry, chemical sciences, oc"
oncohematology,"oncohematology research, oncohematology technology"
oncology,"oncology research, oncology technology"
oncology and urology,ou
online and federated learning,"artificial intelligence, machine intelligence, ofl"
online learning,"artificial intelligence, machine intelligence, ol"
online learning and technology,"artificial intelligence, machine intelligence, olt"
online social networks,"osn, telecommunications, wireless systems"
open quantum systems,oqs
operations management,om
operations research,or
operations research and management science,orms
operations research in services,ors
ophthalmology and biometry,"biological sciences, life sciences, ob"
optical and acoustic signal processing,oasp
optical and acoustic waves in fluids,oawf
optical and laser manipulation,olm
optical communications,"oc, telecommunications, wireless systems"
optical data security,ods
optical fiber communications,"ofc, telecommunications, wireless systems"
optical fiber sensors,ofs
optical imaging and fusion,oif
optical imaging and sensing,ois
optical materials,"advanced materials, materials science, om"
optical metrology,om
optical metrology and sensing,oms
optical networks,"on, telecommunications, wireless systems"
optical sensing,os
optical sensing and imaging,osi
optical sensors,os
optical sensors and devices,osd
optical sensors and sensing,oss
optical sensors and transducers,ost
optics,"optics research, optics technology"
optics and lasers,ol
optics and photonics,op
optimal placement,op
optimization,"optimization research, optimization technology"
optimization algorithms,oa
optimization algorithms and techniques,oat
optimization and algorithm development,oad
optimization and algorithms,oa
optimization and control,oc
optimization and decision making,odm
optimization and design,od
optimization and machine learning,"artificial intelligence, machine intelligence, oml"
optimization and operations research,oor
optimization in chemical engineering,"applied chemistry, chemical sciences, oce"
optimization methods,om
optimization methods in power engineering,ompe
optimization techniques,ot
optimization theory,ot
optimization theory and algorithms,ota
optimized coding and modulation (ocs),ocmo
opto-electronic metamaterial devices,oemd
optoelectronic devices,od
optoelectronic properties,op
optoelectronic properties of materials,"advanced materials, materials science, opm"
optoelectronics,"optoelectronics research, optoelectronics technology"
optoelectronics and device physics,"applied physics, odp, physical sciences"
optoelectronics and nanomaterials,"advanced materials, materials science, on"
optoelectronics and optics,oo
optoelectronics and optogenetics,oo
optoelectronics and photonics,op
optoelectronics and photovoltaics,"artificial intelligence, machine intelligence, op"
oral cancer and cancer chemoresistance,"applied chemistry, chemical sciences, occc"
oral health and disorders,ohd
oral medicine and surgery,oms
order statistics,os
ordinary and partial differential equations,opde
ordinary differential equations,ode
organic agriculture,oa
organic and biomolecular chemistry,"applied chemistry, biological sciences, chemical sciences, life sciences, obc"
organic and coordination chemistry,"applied chemistry, chemical sciences, occ"
organic and inorganic chemistry,"applied chemistry, chemical sciences, oic"
organic catalysis,oc
organic chemistry,"applied chemistry, chemical sciences, oc"
organic dyes and pollutants,odp
organic electroluminescence (oled),oeo
organic electroluminescent materials,"advanced materials, materials science, oem"
organic electronics,oe
organic electronics and materials,"advanced materials, materials science, oem"
organic frameworks (mofs and cofs),ofmc
organic frameworks and porous materials,"advanced materials, materials science, ofpm"
organic materials chemistry,"advanced materials, applied chemistry, chemical sciences, materials science, omc"
organic photocatalysis,op
organic photophysics,"applied physics, op, physical sciences"
organic solar cells,"clean energy, energy systems, osc"
organic solids,os
organic solvent chemistry,"applied chemistry, chemical sciences, osc"
organic synthesis,"applied chemistry, chemical sciences, os"
organic transistors,ot
organic-inorganic hybrid materials,"advanced materials, materials science, oihm"
organic-inorganic hybrid perovskites,oihp
organic-inorganic materials and devices,"advanced materials, materials science, oimd"
organic-inorganic perovskites and hybrid materials,"advanced materials, materials science, oiphm"
organizational behavior,ob
organizational behavior and human resource management,obhrm
organizational communication,"oc, telecommunications, wireless systems"
organoborane chemistry,"applied chemistry, chemical sciences, oc"
organoboranes and chiral synthesis,"applied chemistry, chemical sciences, ocs"
organocatalysis,"organocatalysis research, organocatalysis technology"
organocatalysis and enantioselective catalysis,oec
organocatalysis and metal-free chemistry,"applied chemistry, chemical sciences, omfc"
organocatalysis and photocatalysis,op
organocatalysis and transition metal catalysis,otmc
organofluorine chemistry,"applied chemistry, chemical sciences, oc"
organometallic catalysis,oc
organometallic chemistry,"applied chemistry, chemical sciences, oc"
organometallic complexes,oc
organophosphorus chemistry,"applied chemistry, chemical sciences, oc"
organophotoredox catalysis,oc
oscillating systems,os
oxidation chemistry,"applied chemistry, chemical sciences, oc"
oxidation-catalysis,oc
oxidative stress and inflammation,osi
oxidative stress and redox biology,"biological sciences, life sciences, osrb"
ozone and microbubble technology,omt
packaging technology,pt
palaeontology,"palaeontology research, palaeontology technology"
paleo- and neoproterozoic geology,png
paleoclimate,"paleoclimate research, paleoclimate technology"
paleoclimatology,"paleoclimatology research, paleoclimatology technology"
paleoearthquakes and tectonism,pt
paleogene geology,pg
paleoseismology,"paleoseismology research, paleoseismology technology"
paper and pulp science and technology,ppst
paper-based devices,pbd
paper-based electronics and microfluidic devices,pbemd
parallel and distributed computing,pdc
parallel and high performance computing,phpc
parameter optimization,po
parameterized complexity and algorithms,pca
parkinson's disease,"biological sciences, life sciences, psd"
partial differential equations,pde
particle astrophysics,"applied physics, pa, physical sciences"
particle engineering,pe
particle physics,"applied physics, high energy physics, pp, physical sciences, standard model, subatomic physics"
particle physics beyond standard model,"applied physics, ppbsm, physical sciences"
particle transport and separation,pts
particulate matter and aerosol science,pmas
particulate matter and emissions research,pmer
particulate matter formation,pmf
partition theory,pt
patents and intellectual property,pip
path planning and navigation,ppn
pathobiology,"biological sciences, life sciences"
pathogen and vaccine development,pvd
pathogen biology,"biological sciences, life sciences, pb"
pathogen control and biocontrol agents,"biological sciences, life sciences, pcba"
pathogen infection and vaccines,piv
pathogenicity and antimicrobial agents,paa
pathology,"pathology research, pathology technology"
pathology and infectious diseases,"biological sciences, life sciences, pid"
pattern formation,pf
pattern recognition,pr
pattern recognition and classification,prc
pavement engineering,pe
pedagogy and curriculum,pc
pedestrian and cycling studies,pcs
peptide and polymer dynamics,"advanced materials, materials science, ppd"
peptide and protein therapeutics,ppt
peptide chemistry,"applied chemistry, chemical sciences, pc"
peptide design and screening,pds
perovskite materials,"advanced materials, materials science, pm"
perovskite materials and devices,"advanced materials, materials science, pmd"
perovskite materials and perovskite oxides,"advanced materials, materials science, pmpo"
perovskite nanocrystals and single crystals,"advanced materials, materials science, pnsc"
perovskite photocatalysis,pp
perovskite quantum materials,"advanced materials, materials science, pqm"
perovskite solar cells,"clean energy, energy systems, psc"
perovskite solar cells and materials,"advanced materials, clean energy, energy systems, materials science, pscm"
perovskite-based photovoltaics,"artificial intelligence, machine intelligence, pbp"
perovskites and related oxides,pro
personality and social psychology,psp
perspectives in materials science,"advanced materials, materials science, pms"
perturbation analysis and stability,pas
pesticide chemistry and bioaccumulation,"applied chemistry, biological sciences, chemical sciences, life sciences, pcb"
petroleum engineering,pe
pharmaceutical chemistry,"applied chemistry, chemical sciences, pc"
pharmaceutical sciences,ps
pharmaceutical technology,pt
pharmaceuticals and nutraceuticals,pn
pharmaceuticals and pharmacology,pp
pharmacognosy and phytochemistry,"applied chemistry, chemical sciences, pp"
pharmacology,"pharmacology research, pharmacology technology"
pharmacology and nucleic acids,pna
pharmacology and nutraceuticals,pn
phase change materials,"advanced materials, materials science, pcm"
phase engineering in materials,"advanced materials, materials science, pem"
phase equilibria,pe
phase field methods,pfm
phase separation,ps
phase stability and alloy studies,psas
phase transformation and microstructure control,ptmc
phase transitions,pt
phase transitions and phase diagrams,ptpd
phase transitions and plasticity,ptp
phase transitions and structural materials,"advanced materials, materials science, ptsm"
phase transitions and structural phase transformations,ptspt
phenolic compounds and metabolism,pcm
phononics and thermal conductivity,ptc
phosphors and luminescent materials,"advanced materials, materials science, plm"
photoacoustics and ultrasound,pu
photoactivated devices,pd
photobiological processes,"biological sciences, life sciences, pp"
photocatalysis,"photocatalysis research, photocatalysis technology"
photocatalysis and metal oxide composites,pmoc
photocatalysis and photocatalyst design,ppd
photocatalysis and photocatalysts,pp
photocatalysis and photochemistry,"applied chemistry, chemical sciences, pp"
photocatalysis and photovoltaics,"artificial intelligence, machine intelligence, pp"
photocatalysis and solar energy conversion,"clean energy, energy systems, psec"
photochemical processes and photocatalysis,"applied chemistry, chemical sciences, ppp"
photochemical reactions and photoredox catalysis,"applied chemistry, chemical sciences, prpc"
photochemistry,"applied chemistry, chemical sciences"
photochemistry and catalysis,"applied chemistry, chemical sciences, pc"
photochemistry and photocatalysis,"applied chemistry, chemical sciences, pp"
photochemistry and photophysical processes,"applied chemistry, chemical sciences, ppp"
photochemistry and photophysics,"applied chemistry, applied physics, chemical sciences, pp, physical sciences"
photochemistry and phototherapy,"applied chemistry, chemical sciences, pp"
photochemistry in organic synthesis,"applied chemistry, chemical sciences, pos"
photodetectors,"photodetectors research, photodetectors technology"
photodetectors and sensing,ps
photodetectors and sensors,ps
photodynamic therapy,pt
photoelasticity,"photoelasticity research, photoelasticity technology"
photoelectrochemical and photocatalytic research,"applied chemistry, chemical sciences, ppr"
photoelectrochemical devices,"applied chemistry, chemical sciences, pd"
photoelectrochemical materials,"advanced materials, applied chemistry, chemical sciences, materials science, pm"
photoelectrochemical materials and processes,"advanced materials, applied chemistry, chemical sciences, materials science, pmp"
photoelectrochemical processes,"applied chemistry, chemical sciences, pp"
photoelectrochemical water splitting,"applied chemistry, chemical sciences, environmental engineering, pws, sustainability"
photoelectrochemistry,"applied chemistry, chemical sciences"
photoelectrochemistry and photocatalysis,"applied chemistry, chemical sciences, pp"
photoelectrochemistry and photovoltaics,"applied chemistry, artificial intelligence, chemical sciences, machine intelligence, pp"
photoelectronic devices,pd
photoluminescence and optoelectronics,po
photonic crystals,pc
photonic devices,pd
photonic materials,"advanced materials, materials science, pm"
photonic materials and devices,"advanced materials, materials science, pmd"
photonics,"photonics research, photonics technology"
photonics and optoelectronics,po
photonics devices,pd
photophysics,"applied physics, physical sciences"
photophysics and photochemistry,"applied chemistry, applied physics, chemical sciences, pp, physical sciences"
photoresponsive materials,"advanced materials, materials science, pm"
photoresponsive materials and systems,"advanced materials, materials science, pms"
photoresponsive nanomaterials,"advanced materials, materials science, pn"
photosynthesis and photobiology,"applied chemistry, biological sciences, chemical sciences, life sciences, pp"
photothermal therapy,pt
photovoltaic materials and devices,"advanced materials, artificial intelligence, machine intelligence, materials science, pmd"
photovoltaics,"artificial intelligence, machine intelligence"
photovoltaics and optoelectronics,"artificial intelligence, machine intelligence, po"
photovoltaics and renewable energy conversion,"artificial intelligence, clean energy, energy systems, machine intelligence, prec"
photovoltaics and solar cells,"artificial intelligence, clean energy, energy systems, machine intelligence, psc"
phycoremediation and waste treatment,pwt
physical chemistry,"applied chemistry, chemical sciences, pc"
physical unclonable functions (pufs),pufp
physics,"applied physics, physical sciences"
phytochemistry,"applied chemistry, chemical sciences"
phytochemistry and natural products,"applied chemistry, chemical sciences, pnp"
phytochemistry and pharmacology,"applied chemistry, chemical sciences, pp"
phytochemistry and plant metabolism,"applied chemistry, chemical sciences, ppm"
phytomedicinal research,pr
phytomedicine and plant science,pps
pid controllers,pc
piezocatalysis,"piezocatalysis research, piezocatalysis technology"
piezoelectric and self-powered devices,pspd
piezoelectric and triboelectric materials,"advanced materials, materials science, ptm"
piezoelectric materials,"advanced materials, materials science, pm"
piezoelectric materials and energy harvesting,"advanced materials, clean energy, energy systems, materials science, pmeh"
piezoelectricity,"piezoelectricity research, piezoelectricity technology"
piezoelectrics and ferroelectrics,pf
pile foundation engineering,pfe
planetary science,ps
plant biochemistry and metabolism,"applied chemistry, biological sciences, chemical sciences, life sciences, pbm"
plant biology,"biological sciences, life sciences, pb"
plant biotechnology,"biological sciences, life sciences, pb"
plant breeding and genetics,pbg
plant genetic engineering,pge
plant genetics,pg
plant genetics and physiology,pgp
plant microbiology,"biological sciences, life sciences, pm"
plant molecular stress responses,pmsr
plant nutrition,pn
plant pathology,pp
plant physiology,pp
plant proteomics,pp
plant science,ps
plant sciences,ps
plant sciences and biochemistry,"applied chemistry, biological sciences, chemical sciences, life sciences, psb"
plant stress responses,psr
plant tissue culture,ptc
plant-microbe interactions,pmi
plasma and materials interactions,"advanced materials, materials science, pmi"
plasma chemistry,"applied chemistry, chemical sciences, pc"
plasma chemistry and applications,"applied chemistry, chemical sciences, pca"
plasma chemistry and health applications,"applied chemistry, chemical sciences, pcha"
plasma chemistry and materials,"advanced materials, applied chemistry, chemical sciences, materials science, pcm"
plasma chemistry and physics,"applied chemistry, applied physics, chemical sciences, pcp, physical sciences"
plasma physics,"applied physics, pp, physical sciences"
plasma processes and coatings,ppc
plasma science and technology,pst
plasma spraying,ps
plasma technology and applications,pta
plasma technology in food science,ptfs
plasma-agents in agriculture,paa
plasma-agriculture and horticulture,pah
plasma-enhanced germination and germination research,peggr
plasma-enhanced materials processing,"advanced materials, materials science, pemp"
plasmonics,"plasmonics research, plasmonics technology"
plasmonics and nanomaterials,"advanced materials, materials science, pn"
plasmonics and nanostructures,"advanced materials, materials science, pn"
plate tectonics,pt
point-of-care diagnostics,pcd
polarimetric sar,ps
polarization control,pc
polarization effects in semiconductors,pes
policy analysis and evaluation,pae
policy and governance,pg
policy and public health,pph
policy and regulation,pr
pollutant deposition and human exposure,pdhe
pollutant dispersion and modeling,pdm
pollutant dispersion and source apportionment,pdsa
pollution control,"environmental engineering, pc, sustainability"
polychronous systems,ps
polyelectrolytes and ionic liquids,pil
polyethyleneimine chemistry,"applied chemistry, chemical sciences, pc"
polyhedral methods and program analysis,pmpa
polyketone chemistry,"applied chemistry, chemical sciences, pc"
polymer and composite materials,"advanced materials, materials science, pcm"
polymer and surfactant-based applications,"advanced materials, materials science, psba"
polymer chemistry,"advanced materials, applied chemistry, chemical sciences, materials science, pc"
polymer chemistry and applications,"advanced materials, applied chemistry, chemical sciences, materials science, pca"
polymer chemistry and biopolymer production,"advanced materials, applied chemistry, biological sciences, chemical sciences, life sciences, materials science, pcbp"
polymer chemistry and composites,"advanced materials, applied chemistry, chemical sciences, materials science, pcc"
polymer chemistry and materials,"advanced materials, applied chemistry, chemical sciences, materials science, pcm"
polymer chemistry and materials science,"advanced materials, applied chemistry, chemical sciences, materials science, pcms"
polymer chemistry and nanocomposites,"advanced materials, applied chemistry, chemical sciences, materials science, pcn"
polymer chemistry and physics,"advanced materials, applied chemistry, applied physics, chemical sciences, materials science, pcp, physical sciences"
polymer composites,"advanced materials, materials science, pc"
polymer composites and nanocomposites,"advanced materials, materials science, pcn"
polymer electrochemistry,"advanced materials, applied chemistry, chemical sciences, materials science, pe"
polymer electrolytes,"advanced materials, materials science, pe"
polymer electrolytes and batteries,"advanced materials, materials science, peb"
polymer nanocomposites,"advanced materials, materials science, pn"
polymer physics,"advanced materials, applied physics, materials science, pp, physical sciences"
polymer processing,"advanced materials, materials science, pp"
polymer processing and modification,"advanced materials, materials science, ppm"
polymer rheology,"advanced materials, materials science, pr"
polymer science,"advanced materials, materials science, ps"
polymer science and engineering,"advanced materials, materials science, pse"
polymer science and technology,"advanced materials, materials science, pst"
polymer surfaces and interfaces,"advanced materials, materials science, psi"
polymer-based nanocomposites,"advanced materials, materials science, pbn"
polymeric and coating chemistry,"advanced materials, applied chemistry, chemical sciences, materials science, pcc"
polymeric and non-newtonian fluids,"advanced materials, materials science, pnnf"
polymeric materials,"advanced materials, materials science, pm"
polymeric materials and composites,"advanced materials, materials science, pmc"
polymeric materials and soft matter,"advanced materials, materials science, pmsm"
polymeric materials in sensors,"advanced materials, materials science, pms"
polymeric membranes and filtration,"advanced materials, materials science, pmf"
polymeric membranes and nanocomposites,"advanced materials, materials science, pmn"
polymers and composite materials,"advanced materials, materials science, pcm"
polymers and composites,"advanced materials, materials science, pc"
polymers and polymer composites,"advanced materials, materials science, ppc"
polymers and polymorphism,"advanced materials, materials science, pp"
polymorphism in materials,"advanced materials, materials science, pm"
polyphenols and plant metabolites,ppm
polyurethane,"polyurethane research, polyurethane technology"
polyurethane chemistry,"applied chemistry, chemical sciences, pc"
population dynamics,pd
population dynamics and vulnerability,pdv
porosity,"porosity research, porosity technology"
porous materials and interfaces,"advanced materials, materials science, pmi"
porous media,pm
porphyrin chemistry,"applied chemistry, chemical sciences, pc"
porphyrins and allied compounds,pac
post-quantum cryptography,pqc
postcolonial studies,ps
posttraumatic growth and resilience,pgr
potential energy surfaces,"clean energy, energy systems, pes"
powder and particle technology,ppt
powder metallurgy,pm
power converters and controllers,pcc
power electronics,pe
power electronics and control,pec
power electronics and drives,ped
power electronics and energy harvesting,"clean energy, energy systems, peeh"
power electronics and renewable energy,"clean energy, energy systems, pere"
power electronics and systems,pes
power management,pm
power plant components,ppc
power quality,pq
power quality and electrical systems,pqes
power quality and grid integration,pqgi
power quality monitoring and analysis,pqma
power supply integrity,psi
power system control,psc
power system dynamics and control,psdc
power system operation and control,psoc
power system optimization,pso
power system protection and control,pspc
power systems,ps
power systems and control,psc
power systems and markets,psm
power systems control,psc
power systems optimization,pso
power systems protection,psp
power systems protection and control,pspc
power transmission and harvesting,pth
precipitation and drought studies,pds
precipitation measurement and forecasting,pmf
precision agriculture and sensors,pas
predictive maintenance,"artificial intelligence, machine intelligence, pm"
prenatal and maternal health,pmh
primordial perturbations,pp
printed electronics,pe
prion biology,"biological sciences, life sciences, pb"
privacy and data protection,pdp
privacy and security,ps
privacy and security in computing,psc
probabilistic methods,pm
probabilistic methods in engineering,pme
probabilistic structural analysis,psa
probability theory,pt
process control,pc
process dynamics and modeling,pdm
process engineering,pe
process engineering and optimization,peo
process modeling and simulation,pms
productivity measurement,pm
productivity studies,ps
programming languages,pl
project management,pm
project management and scheduling,pms
prostate cancer,pc
protease and antiprotease proteins,pap
protein aggregation and amyloid biology,"biological sciences, life sciences, paab"
protein aggregation and degradation,pad
protein and chromatin interactions,pci
protein and gene mutations in cancer,pgmc
protein biochemistry,"applied chemistry, biological sciences, chemical sciences, life sciences, pb"
protein chemistry,"applied chemistry, chemical sciences, pc"
protein dynamics,pd
protein folding and dynamics,pfd
protein function and structure,pfs
protein interactions and signaling,pis
protein modification and analysis,pma
protein quality control,pqc
protein quality control and ubiquitination,pqcu
protein structure and function,psf
protein structure and stability,pss
protein-lipid interactions,pli
proteomics,"proteomics research, proteomics technology"
proteomics and mass spectrometry,pms
proteostasis and protein homeostasis,pph
proteostasis and protein quality control,ppqc
psychiatry,"psychiatry research, psychiatry technology"
psychological empowerment,pe
psychological ownership,po
psychology,"psychology research, psychology technology"
psychology of religion,pr
psychology of transportation,pt
psychometrics and quantitative psychology,pqp
psychometrics and survey analysis,psa
public health,ph
public health and epidemiology,phe
public health and medicine,phm
public health and pandemic,php
public health and policy,php
public sector management,psm
public transportation,pt
public–private partnerships (ppps),pppp
pulp and paper technology,ppt
pultrusion and composite materials,"advanced materials, materials science, pcm"
qualitative reasoning,qr
qualitative research methods,qrm
quality assurance and improvement,qai
quality assurance in education,qae
quality control,qc
quality management,qm
quality management and industry,qmi
quality management in services,qms
quality of experience (qoe),qeq
quality of service (qos) in computer networks,"qsqcn, telecommunications, wireless systems"
quantitative imaging,qi
quantitative methods,qm
quantum algorithms and complexity,qac
quantum black holes,qbh
quantum chaos,qc
quantum chemistry,"applied chemistry, chemical sciences, qc"
quantum chromodynamics (qcd),qcq
quantum computing,qc
quantum computing and quantum annealing,qcqa
quantum computing and quantum information,qcqi
quantum condensed matter,qcm
quantum control,qc
quantum cryptography,qc
quantum devices and materials,"advanced materials, materials science, qdm"
quantum devices and technologies,qdt
quantum dots and nanocrystals,"advanced materials, materials science, qdn"
quantum dots and semiconductors,qds
quantum dynamics,qd
quantum electronics,qe
quantum electronics and transistors,qet
quantum entropy and information,qei
quantum field theory,qft
quantum fields and interactions,qfi
quantum foundations,qf
quantum gravity,qg
quantum hall effects,qhe
quantum information,qi
quantum information and quantum computation,qiqc
quantum information and quantum optics,qiqo
quantum information processing,qip
quantum information science,qis
quantum machines,qm
quantum many-body systems,qmbs
quantum materials,"advanced materials, materials science, qm"
quantum materials and topological phases,"advanced materials, materials science, qmtp"
quantum measurement theory,qmt
quantum mechanics,qm
quantum mechanics and quantum field theory,qmqft
quantum nonlocality,qn
quantum nonlocality and entanglement,qne
quantum optics,qo
quantum optics and optomechanics,qoo
quantum phase transitions,qpt
quantum phase transitions and critical phenomena,qptcp
quantum phenomena and alloys,qpa
quantum physics,"applied physics, physical sciences, qp"
quantum refrigeration,qr
quantum spacetime,qs
quantum spin models,qsm
quantum spin systems,qss
quantum technologies and optoelectronics,qto
quantum technology,qt
quantum tensors,qt
quantum thermodynamics,qt
quantum transport,qt
quantum tunneling,qt
quaternary geomorphology,qg
quaternion and division algebras,"image analysis, qda, visual recognition"
query processing,qp
queueing theory and operations research,qtor
radiation chemistry,"applied chemistry, chemical sciences, rc"
radiation protection,rp
radio astronomy,ra
radio technology,rt
raman spectroscopy,rs
rap inclusion in concrete,ric
rare earth chemistry,"applied chemistry, chemical sciences, rec"
rare earth element (ree) extraction,reere
rare earth element processing,reep
rare earth materials,"advanced materials, materials science, rem"
rare earth materials and nanocatalysis,"advanced materials, materials science, remn"
rarefied gas dynamics,rgd
reaction kinetics,rk
reactive molecular collisions,rmc
reclaimed and recycled materials,"advanced materials, artificial intelligence, machine intelligence, materials science, rrm"
reclaimed materials,"advanced materials, artificial intelligence, machine intelligence, materials science, rm"
recommendation systems and personalization,rsp
recommender systems,rs
reconfigurable computing,rc
reconfigurable intelligent surfaces (ris),risr
recycled materials in construction,"advanced materials, materials science, rmc"
recycling and resource recovery,rrr
redox chemistry,"applied chemistry, chemical sciences, rc"
redox regulation,rr
refrigeration and air conditioning,"artificial intelligence, machine intelligence, rac"
regenerative medicine,rm
regression analysis,ra
regulatory t cells,rtc
reinforced concrete structures,rcs
reinforcement learning,"artificial intelligence, machine intelligence, rl"
relativistic jets and accretion,rja
relativity and astrophysics,"applied physics, physical sciences, ra"
relativity and cosmology,rc
relay and cooperative networking,"rcn, telecommunications, wireless systems"
relay networks,"rn, telecommunications, wireless systems"
relay protection,rp
reliability and optimization,ro
reliability and safety engineering,rse
reliability and statistics,rs
reliability and systems engineering,rse
reliability engineering,re
reliability theory and applications,rta
reliability theory and engineering,rte
reliability theory and methods,rtm
remote sensing,rs
remote sensing and earth observation,rseo
remote sensing and gis,rsg
remote sensing and gis applications,rsga
remote sensing and gis applications in agriculture,rsgaa
renal pathology,rp
renewable energy,"clean energy, energy systems, re"
renewable energy and bioenergy,"biological sciences, clean energy, energy systems, life sciences, reb"
renewable energy and energy efficiency,"clean energy, energy systems, reee"
renewable energy and fuels,"clean energy, energy systems, ref"
renewable energy and sustainability,"artificial intelligence, clean energy, energy systems, machine intelligence, res"
renewable energy integration,"clean energy, energy systems, rei"
renewable energy sources,"clean energy, energy systems, res"
renewable energy systems,"clean energy, energy systems, res"
reproductive medicine,rm
resilience engineering,re
resistive random access memory (reram),rramr
resource allocation,ra
resource efficiency and waste management,rewm
resource management,rm
resource recovery and utilization,rru
restriction and modification systems,rms
rf technology,rt
rheology,"rheology research, rheology technology"
rheology and formability,rf
rheology and rheological materials,"advanced materials, materials science, rrm"
riemann hypothesis,rh
riemannian geometry,rg
risk analysis and management,ram
risk assessment,ra
risk assessment and safety,ras
risk management,rm
risk management in public-private projects,rmppp
risk minimization,rm
river and coastal engineering,rce
river and coastal processes,rcp
rna and dna repair,"artificial intelligence, machine intelligence, rdr"
rna biology,"biological sciences, life sciences, rb"
rna interactions and diseases,"biological sciences, life sciences, rid"
rna-binding proteins,rbp
road safety,rs
robot coordination and control,rcc
robotic systems,rs
robotics,"robotics research, robotics technology"
robotics and automation,ra
robotics and autonomous systems,ras
robotics and control systems,rcs
robust loss functions,rlf
rock failure and strength,"artificial intelligence, machine intelligence, rfs"
rock mechanics,rm
rock mechanics and engineering,rme
rough sets and fuzzy logic,rsfl
rubber chemistry and processing,"applied chemistry, chemical sciences, rcp"
safety engineering,se
sampling theory,st
sar data processing,sdp
satisfaction and loyalty,sl
scaffold engineering,se
search and information retrieval,sir
secure communication,"sc, telecommunications, wireless systems"
secure computing and cryptography,scc
security and cryptography,sc
security and privacy,sp
security and privacy in computing,spc
sediment transport,st
sedimentology and soil erosion,sse
seismic analysis,sa
seismic engineering,se
seismic hazards and risk assessment,shra
seismic isolation and mitigation,sim
seismology,"seismology research, seismology technology"
seismology and earthquake engineering,see
seizure detection and classification,sdc
self-assembly,sa
self-assembly materials,"advanced materials, materials science, sam"
self-assembly mechanisms,sam
semiconductor device manufacturing,sdm
semiconductor device modeling,sdm
semiconductor devices,sd
semiconductor devices and circuits,sdc
semiconductor devices and sensors,sds
semiconductor heterostructures,sh
semiconductor materials,"advanced materials, materials science, sm"
semiconductor materials and devices,"advanced materials, materials science, smd"
semiconductor memory technology,smt
semiconductor physics and devices,"applied physics, physical sciences, spd"
semiconductors,"semiconductors research, semiconductors technology"
semiconductors and device physics,"applied physics, physical sciences, sdp"
semiconductors and nanostructured materials,"advanced materials, materials science, snm"
semiconductors and semiconductor devices,ssd
semiconductors and semimetals,ss
semiconductors and superconductors,ss
sensing and detection technologies,sdt
sensing technologies,st
sensor and actuator technology,sat
sensor development and materials science,"advanced materials, materials science, sdms"
sensor networks,"sn, telecommunications, wireless systems"
sensor technology,st
sensor technology and applications,sta
sensors,"sensors research, sensors technology"
sensors and actuators,sa
sensors and detection,sd
sensors and electronics,se
sensors and microsystems,sm
sensors and sensing technology,sst
sensory cortex,sc
sentiment analysis,sa
sentiment analysis and text analytics,sata
separation and purification technologies,spt
separation processes,sp
separation science,ss
separation science and technology,sst
sequential analysis,sa
sers and surface enhanced raman spectroscopy,ssers
service quality and customer satisfaction,sqcs
service-oriented computing,soc
shape memory polymers,"advanced materials, materials science, smp"
shock waves and high-speed phenomena,swhsp
shock waves and hypersonic flow,swhf
side-channel analysis,sca
side-channel attacks,sca
signal and image compression,"image analysis, sic, visual recognition"
signal control and processing,scp
signal processing,sp
signal processing and analysis,spa
signal processing and data analysis,spda
signal processing and fault diagnosis,spfd
signal processing and image analysis,"image analysis, spia, visual recognition"
signal processing and machine learning,"artificial intelligence, machine intelligence, spml"
signal processing and modeling,spm
signal processing and pattern recognition,sppr
signal processing and signal enhancement,spse
signal processing and wavelet analysis,spwa
signal transduction,st
signal transduction and membrane biology,"biological sciences, life sciences, stmb"
signal transduction in cancer,stc
silicon device modeling,sdm
silicon materials,"advanced materials, materials science, sm"
silicon photonics,sp
silicon sensors and microfabrication,ssm
silicon technology and device modeling,stdm
silicon technology and manufacturing,stm
silver nanoparticles and antimicrobial agents,"advanced materials, materials science, snaa"
simulation and modeling,sm
single cell analysis,sca
single-molecule magnets,smm
single-wall carbon nanotubes,"advanced materials, materials science, swcn"
singular perturbation theory,spt
singular perturbations,sp
skin regeneration,sr
sliding mode control,smc
slope stability and engineering,sse
small molecule targets,smt
smart and energy harvesting materials,"advanced materials, clean energy, energy systems, materials science, sehm"
smart electronics and wearable devices,sewd
smart grid,sg
smart grid integration,sgi
smart grid technology,sgt
smart grids,sg
smart materials,"advanced materials, materials science, sm"
smart materials and composites,"advanced materials, materials science, smc"
smart materials and devices,"advanced materials, materials science, smd"
smart materials and structures,"advanced materials, materials science, sms"
social computing,sc
social disparities and stratification,sds
social media analysis,sma
social media analytics,sma
social media and online communities,smoc
social media and public opinion,smpo
social network analysis,"sna, telecommunications, wireless systems"
social networks and communities,"snc, telecommunications, wireless systems"
social psychology,sp
societal impacts of technology,sit
socioeconomic disparities in health,sdh
socioeconomic factors,sf
socioeconomic impacts of climate change,sicc
socioeconomic systems,ss
sociology,"sociology research, sociology technology"
sociotechnical systems,ss
sodium-ion batteries,sib
soft computing,sc
soft lithography and microfabrication,slm
soft materials,"advanced materials, materials science, sm"
soft matter,sm
soft matter and materials,"advanced materials, materials science, smm"
soft matter and robotics,smr
soft matter mechanics,smm
soft matter physics,"applied physics, physical sciences, smp"
soft robotics,sr
soft robotics and wearable electronics,srwe
soft theorem,st
software defined networks (sdn),"sdns, telecommunications, wireless systems"
software engineering,se
software engineering and testing,set
software security,ss
software verification and testing,svt
software-defined networking,"sdn, telecommunications, wireless systems"
software-defined networking (sdn),"sdns, telecommunications, wireless systems"
soil and environmental chemistry,"applied chemistry, chemical sciences, environmental engineering, sec, sustainability"
soil and groundwater pollution,"environmental engineering, sgp, sustainability"
soil and plant health,sph
soil and waste management,swm
soil and waste remediation,swr
soil and water conservation,"environmental engineering, swc, sustainability"
soil chemistry,"applied chemistry, chemical sciences, sc"
soil erosion and hydrology,seh
soil fertility and management,sfm
soil management,sm
soil mechanics,sm
soil mechanics and engineering,sme
soil mechanics and slope stability,smss
soil physics,"applied physics, physical sciences, sp"
soil science,ss
soil science and fertilization,ssf
soil science and management,ssm
soil science and water quality,"environmental engineering, sswq, sustainability"
soil treatment and reinforcement,str
soil-structure interaction,ssi
sol-gel chemistry,"applied chemistry, chemical sciences, sgc"
sol-gel processing,sgp
solar cells,"clean energy, energy systems, sc"
solar cells and photodetectors,"clean energy, energy systems, scp"
solar energy,"clean energy, energy systems, se"
solar energy and photovoltaics,"artificial intelligence, clean energy, energy systems, machine intelligence, sep"
solar energy and thermal management,"clean energy, energy systems, setm"
solar energy conversion,"clean energy, energy systems, sec"
solar physics,"applied physics, clean energy, energy systems, physical sciences, sp"
solid and liquid waste management,slwm
solid electrolytes,se
solid oxide and metal oxide catalysis,somoc
solid oxide fuel cells,"clean energy, energy systems, sofc"
solid oxide fuel cells (sofcs),"clean energy, energy systems, sofcs"
solid solution chemistry,"applied chemistry, chemical sciences, ssc"
solid state chemistry,"applied chemistry, chemical sciences, ssc"
solid state devices,ssd
solid state materials,"advanced materials, materials science, ssm"
solid state physics,"applied physics, physical sciences, ssp"
solid waste management,swm
solid-state batteries,ssb
solid-state batteries and electrolytes,ssbe
solid-state chemistry,"applied chemistry, chemical sciences, ssc"
solid-state devices,ssd
solid-state devices and systems,ssds
solid-state electrolytes,sse
solid-state lighting,ssl
solid-state materials and nanomaterials,"advanced materials, materials science, ssmn"
solid-state physics and materials science,"advanced materials, applied physics, materials science, physical sciences, sspms"
soliton dynamics,sd
solitons and nonlinear dynamics,snd
solution processing,sp
solvation dynamics,sd
solvent dynamics,sd
solvent-free synthesis,"applied chemistry, chemical sciences, sfs"
solvents and solvation dynamics,ssd
source apportionment and emission studies,saes
south asian history,sah
south asian studies,sas
space missions and instruments,smi
space robotics,sr
space structures dynamics and control,ssdc
space-time-frequency modulation (stfm),stfms
spaceborne navigation technologies,snt
spacecraft navigation and guidance,sng
sparse and low-rank approximations,slra
sparse channel estimation,sce
spatial and temporal analysis of natural hazards,stanh
spatial reasoning,sr
spatio-temporal analysis,sta
special functions,sf
spectroscopy,"spectroscopy research, spectroscopy technology"
spectroscopy and characterization,sc
spectroscopy and imaging,si
spectroscopy and spectral analysis,ssa
spectroscopy and spectroscopic techniques,sst
speech and audio processing,sap
speech and language processing,slp
speech and language technologies,slt
speech and speaker recognition,ssr
speech processing,sp
speech processing and natural language processing,spnlp
speech technology,st
spintronic materials,"advanced materials, materials science, sm"
spintronics,"spintronics research, spintronics technology"
spintronics and magnetic materials,"advanced materials, materials science, smm"
spintronics and magnetism,sm
spintronics and nanoelectronics,"advanced materials, materials science, sn"
spray and droplet dynamics,sdd
spray combustion,sc
sputtering and deposition processes,sdp
stability analysis,sa
stability and robustness,sr
standard model,sm
star formation and stellar dynamics,sfsd
statistical distributions,sd
statistical genetics,sg
statistical inference,si
statistical mechanics,sm
statistical methods for climate data,smcd
statistical methods for uncertain data,"artificial intelligence, machine intelligence, smud"
statistical methods in climate research,smcr
statistical modeling,sm
statistical physics,"applied physics, physical sciences, sp"
statistics,"statistics research, statistics technology"
steel and ferrous alloys,sfa
steel microstructure and fracture mechanics,smfm
steel production and processing,spp
steel reinforcement,sr
steel reinforcement in concrete,src
steel science,ss
steel structures,ss
steelmaking processes,sp
steganography and cryptography,sc
stem cell research,scr
stem cells and tissue engineering,scte
stereochemistry,"applied chemistry, chemical sciences"
stochastic differential equations,sde
stochastic mechanics,sm
stochastic modeling,sm
stochastic orders and comparisons,soc
stochastic processes,sp
stochastic processes and statistics,sps
strain and deformation processes,"artificial intelligence, machine intelligence, sdp"
strain engineering and its effects,"artificial intelligence, machine intelligence, seie"
strength and ductility,sd
string theory,st
string theory and quantum gravity,stqg
stroke rehabilitation,sr
structural and optical properties of solids,sops
structural and property analysis,spa
structural biology,"biological sciences, life sciences, sb"
structural dynamics,sd
structural dynamics and control,sdc
structural dynamics and earthquake engineering,sdee
structural engineering,se
structural engineering and mechanics,sem
structural fire engineering,sfe
structural geology,sg
structural health monitoring,shm
structural integrity and corrosion,sic
structural integrity and failure analysis,"artificial intelligence, machine intelligence, sifa"
structural materials,"advanced materials, materials science, sm"
structural materials and composites,"advanced materials, materials science, smc"
structural mechanics,sm
structural phase transitions,spt
structural polymorphism,sp
structural reliability and optimization,sro
subcortical structures,ss
subthreshold characteristics of transistors,sct
subthreshold models and mosfets,smm
supercapacitors,"supercapacitors research, supercapacitors technology"
supercapacitors and batteries,sb
supercapacitors and electrochemical capacitors,"applied chemistry, chemical sciences, sec"
supercapacitors and electrochemical synthesis,"applied chemistry, chemical sciences, ses"
supercapacitors and electrochemistry,"applied chemistry, chemical sciences, se"
supercapacitors and energy storage,"clean energy, energy systems, ses"
superconducting materials,"advanced materials, materials science, sm"
superconductivity,"superconductivity research, superconductivity technology"
superconductivity and condensed matter physics,"applied physics, physical sciences, scmp"
supercritical fluids,sf
supergels and polymer gels,"advanced materials, materials science, spg"
superhydrophobic and omniphobic surfaces,sos
superhydrophobic and superhydrophilic surfaces,sss
superoxide dismutase activity,sda
superparamagnetism,"superparamagnetism research, superparamagnetism technology"
supersymmetric gauge theory,sgt
supersymmetric theories and field theory,stft
supersymmetry and beyond standard model,sbsm
supersymmetry and supergravity,ss
supply chain management,"artificial intelligence, machine intelligence, scm"
support vector machines,svm
support vector machines (svm),svms
supramolecular catalysis,sc
supramolecular chemistry,"applied chemistry, chemical sciences, sc"
supramolecular chemistry and solid state chemistry,"applied chemistry, chemical sciences, scssc"
supramolecular devices,sd
supramolecular materials,"advanced materials, materials science, sm"
supramolecular photophysics,"applied physics, physical sciences, sp"
surface and interface engineering in catalysts,siec
surface and interfacial phenomena,sip
surface and thin film processes,stfp
surface chemistry,"applied chemistry, chemical sciences, sc"
surface chemistry and catalysis,"applied chemistry, chemical sciences, scc"
surface chemistry and materials processing,"advanced materials, applied chemistry, chemical sciences, materials science, scmp"
surface engineering,se
surface engineering and materials,"advanced materials, materials science, sem"
surface enhanced raman spectroscopy,sers
surface enhanced raman spectroscopy (sers),serss
surface finishing and grinding,sfg
surface modification and engineering,sme
surface modification and interfacial engineering,smie
surface modification and nanotechnology,"advanced materials, materials science, smn"
surface plasmon resonance (spr) and lspr,sprsl
surface processing,sp
surface science,ss
surface science and catalysis,ssc
surface science and interfaces,ssi
surface treatment and modification,stm
surfactants and emulsions,se
surfactants and surfactant interactions,ssi
survival analysis,sa
suspensions and emulsions,se
sustainability,"artificial intelligence, machine intelligence"
sustainability and adaptation,"artificial intelligence, machine intelligence, sa"
sustainability and corporate responsibility,"artificial intelligence, machine intelligence, scr"
sustainability and environment,"artificial intelligence, environmental engineering, machine intelligence, se, sustainability"
sustainability and environmental engineering,"artificial intelligence, environmental engineering, machine intelligence, see, sustainability"
sustainability and environmental impact,"artificial intelligence, environmental engineering, machine intelligence, sei, sustainability"
sustainability and environmental impact assessment,"artificial intelligence, environmental engineering, machine intelligence, seia, sustainability"
sustainability and environmental management,"artificial intelligence, environmental engineering, machine intelligence, sem, sustainability"
sustainability and policy,"artificial intelligence, machine intelligence, sp"
sustainability and waste management,"artificial intelligence, machine intelligence, swm"
sustainability in construction,"artificial intelligence, machine intelligence, sc"
sustainability in infrastructure and ppps,"artificial intelligence, machine intelligence, sip"
sustainability in supply chain management,"artificial intelligence, machine intelligence, sscm"
sustainability metrics and indicators,"artificial intelligence, machine intelligence, smi"
sustainable agriculture,"artificial intelligence, machine intelligence, sa"
sustainable construction,"artificial intelligence, machine intelligence, sc"
sustainable development,"artificial intelligence, machine intelligence, sd"
sustainable education,"artificial intelligence, machine intelligence, se"
sustainable energy,"artificial intelligence, clean energy, energy systems, machine intelligence, se"
sustainable energy and fuels,"artificial intelligence, clean energy, energy systems, machine intelligence, sef"
sustainable energy and infrastructure,"artificial intelligence, clean energy, energy systems, machine intelligence, sei"
sustainable energy systems,"artificial intelligence, clean energy, energy systems, machine intelligence, ses"
sustainable materials,"advanced materials, artificial intelligence, machine intelligence, materials science, sm"
sustainable materials and packaging,"advanced materials, artificial intelligence, machine intelligence, materials science, smp"
sustainable materials and polymers,"advanced materials, artificial intelligence, machine intelligence, materials science, smp"
sustainable technologies,"artificial intelligence, machine intelligence, st"
sustainable urban and rural development,"artificial intelligence, machine intelligence, surd"
sustainable urban development,"artificial intelligence, machine intelligence, sud"
synaptic mechanisms,sm
synchronization,"synchronization research, synchronization technology"
synchronization and formation control,sfc
synthesis and analysis of complex molecules,"applied chemistry, chemical sciences, sacm"
synthesis and catalysis,"applied chemistry, chemical sciences, sc"
synthesis and characterization,"applied chemistry, chemical sciences, sc"
synthesis and characterization of materials,"advanced materials, applied chemistry, chemical sciences, materials science, scm"
synthesis and characterization of nanostructures,"advanced materials, applied chemistry, chemical sciences, materials science, scn"
synthesis and growth mechanisms of nanomaterials,"advanced materials, applied chemistry, chemical sciences, materials science, sgmn"
synthesis and organic chemistry,"applied chemistry, chemical sciences, soc"
synthesis and processing of materials,"advanced materials, applied chemistry, chemical sciences, materials science, spm"
synthesis and properties of bioactive compounds,"applied chemistry, biological sciences, chemical sciences, life sciences, spbc"
synthesis and reaction chemistry,"applied chemistry, chemical sciences, src"
synthesis and reactions,"applied chemistry, chemical sciences, sr"
synthesis and structure,"applied chemistry, chemical sciences, ss"
synthetic and natural compounds,snc
synthetic and systems biology,"biological sciences, life sciences, ssb"
synthetic biology,"biological sciences, life sciences, sb"
synthetic chemistry,"applied chemistry, chemical sciences, sc"
synthetic chemistry and catalysis,"applied chemistry, chemical sciences, scc"
synthetic methods and reaction mechanisms,smrm
synthetic methods and reactions,smr
synthetic nanocircuits,"advanced materials, materials science, sn"
synthetic organic chemistry,"applied chemistry, chemical sciences, soc"
system call analysis,sca
systems and control engineering,sce
systems and control theory,sct
systems biology,"biological sciences, life sciences, sb"
tax and economic analysis,tea
techno-economic analysis,tea
technological and media innovation in developing economies,tmide
technological and social innovations in urban spaces,tsius
technology acceptance,ta
technology and innovation,ti
technology transfer,tt
tectonics,"tectonics research, tectonics technology"
tectonics and geomorphology,tg
telecommunications,wireless systems
telecommunications and information technology,"tit, telecommunications, wireless systems"
telecommunications and networking,"tn, telecommunications, wireless systems"
telemedicine,"telemedicine research, telemedicine technology"
temperature sensing,ts
terahertz physics and applications,"applied physics, physical sciences, tpa"
terahertz technology,tt
testing and quality assurance,tqa
text classification,tc
text mining,tm
textile sensors,ts
theoretical and computational chemistry,"applied chemistry, chemical sciences, tcc"
theoretical chemistry,"applied chemistry, chemical sciences, tc"
theoretical computer science,tcs
theoretical ecology,te
theoretical particle physics,"applied physics, physical sciences, tpp"
theoretical physics,"applied physics, physical sciences, tp"
theranostics,"theranostics research, theranostics technology"
therapeutic peptides,tp
thermal analysis and pyrolysis,tap
thermal and flow dynamics in porous media,tfdpm
thermal and mechanical properties,tmp
thermal and rheological properties of fluids,trpf
thermal comfort and indoor environment,"environmental engineering, sustainability, tcie"
thermal conductivity,tc
thermal energy conversion and storage,"clean energy, energy systems, tecs"
thermal energy storage,"clean energy, energy systems, tes"
thermal energy storage and building envelope,"clean energy, energy systems, tesbe"
thermal energy transport,"clean energy, energy systems, tet"
thermal engineering,te
thermal engineering and fluid dynamics,tefd
thermal management,tm
thermal management and cooling,tmc
thermal management of electronic components,tmec
thermal processing,tp
thermal properties of materials,"advanced materials, materials science, tpm"
thermal systems,ts
thermal treatment of wastes,ttw
thermoacoustics,"thermoacoustics research, thermoacoustics technology"
thermocapillarity,"thermocapillarity research, thermocapillarity technology"
thermodynamic analysis and optimization,tao
thermodynamics,"thermodynamics research, thermodynamics technology"
thermodynamics and biophysics,"applied physics, biological sciences, life sciences, physical sciences, tb"
thermodynamics and continuum mechanics,tcm
thermodynamics and fluid mechanics,tfm
thermodynamics and heat transfer,tht
thermodynamics and kinetics,tk
thermodynamics and materials science,"advanced materials, materials science, tms"
thermodynamics in engineering,te
thermoelasticity,"thermoelasticity research, thermoelasticity technology"
thermoelectric generators and thermal energy conversion,"clean energy, energy systems, tgtec"
thermoelectric materials,"advanced materials, materials science, tm"
thermoelectric properties,tp
thermoelectrics,"thermoelectrics research, thermoelectrics technology"
thermoelectrics and energy conversion,"clean energy, energy systems, tec"
thermoelectrics and semiconductor materials,"advanced materials, materials science, tsm"
thermofluid dynamics,td
thermofluids and nanotechnology,"advanced materials, materials science, tn"
thermomechanics,"thermomechanics research, thermomechanics technology"
thermophysical properties and fluids,tpf
thermophysical properties and materials,"advanced materials, materials science, tpm"
thermophysics and heat transfer,"applied physics, physical sciences, tht"
thermoplastic elastomers,te
thermoplastics and elastomers,te
thin film deposition and characterization,tfdc
thin film materials and devices,"advanced materials, materials science, tfmd"
thin films,tf
thin films and interfaces,tfi
thin films and layers,tfl
thin films and membranes,tfm
thin films and nanomaterials,"advanced materials, materials science, tfn"
thin films and semiconductor properties,tfsp
thin films and thin film materials,"advanced materials, materials science, tftfm"
thin films and thin film technology,tftft
thin films and thin-film technology,tftft
thin-layer chromatography (tlc),tlct
time domain spectral element analysis,"artificial intelligence, machine intelligence, tdsea"
tio2-based materials,"advanced materials, materials science, tbm"
tissue engineering,"cellular engineering, regenerative medicine, scaffold engineering, te"
tissue engineering and biocompatibility,"biological sciences, life sciences, teb"
tissue engineering and biomimetics,"biological sciences, life sciences, teb"
titanium dioxide materials and applications,"advanced materials, materials science, tdma"
titanium dioxide nanomaterials and defects,"advanced materials, materials science, tdnd"
tomography and image reconstruction,"image analysis, tir, visual recognition"
topological insulators and semiconductors,tis
topological insulators and semimetals,tis
topological materials,"advanced materials, materials science, tm"
topological materials and phenomena,"advanced materials, materials science, tmp"
topological phases and quantum phase transitions,tpqpt
topological phenomena,tp
topological photonic devices,tpd
topological quantum systems,tqs
topology optimization,to
total synthesis,"applied chemistry, chemical sciences, ts"
tourism studies,ts
toxicology,"toxicology research, toxicology technology"
toxicology and bioactivity,"biological sciences, life sciences, tb"
toxicology and ecotoxicology,te
toxicology and health risk assessment,thra
toxicology and public health,tph
traffic analysis,ta
traffic and transportation management,ttm
traffic engineering,te
traffic flow modeling,tfm
traffic modeling and simulation,tms
traffic psychology,tp
traffic safety,ts
transcription regulation,tr
transistors and field-effect transistors (fets),tfetf
transistors and sensors,ts
transition metal catalysis,tmc
transition metal chemistry,"applied chemistry, chemical sciences, tmc"
transition metal complexes,tmc
transition metal compounds,tmc
transition metal-based catalysis,tmbc
transition metal-free catalysis,tmfc
transition-metal catalysis,tmc
transmission lines,tl
transparent conductive oxides,tco
transport economics,te
transport engineering,te
transport phenomena,tp
transport phenomena in materials,"advanced materials, materials science, tpm"
transportation and energy systems,"clean energy, energy systems, tes"
transportation and logistics,tl
transportation and mobility,tm
transportation and urban air quality,"artificial intelligence, machine intelligence, tuaq"
transportation engineering,te
transportation materials,"advanced materials, materials science, tm"
transportation planning,tp
transportation safety,ts
transportation systems,ts
tribocatalysis,"tribocatalysis research, tribocatalysis technology"
triboelectric nanogenerators,"advanced materials, materials science, tn"
tribology,"tribology research, tribology technology"
tribology and wear mechanisms,twm
trust management,tm
tuberculosis,"tuberculosis research, tuberculosis technology"
tumor biology,"biological sciences, life sciences, tb"
tunnel engineering,te
turbomachinery,"turbomachinery research, turbomachinery technology"
turbulence,"turbulence research, turbulence technology"
turbulence modeling,tm
two-dimensional materials,"advanced materials, materials science, tdm"
two-dimensional materials and devices,"advanced materials, materials science, tdmd"
ubiquitin proteasome system,ups
ultra-wideband (uwb) technologies,uwut
ultrafast phenomena,up
ultrasonic and nde techniques,unt
ultrasonic machining,um
ultrasonic technology in dyeing,utd
ultrasonic testing,ut
ultrasonic-assisted manufacturing,uam
ultrasound,"ultrasound research, ultrasound technology"
ultrasound imaging and therapy,uit
ultraviolet devices and diodes,udd
uncertainty modeling,"artificial intelligence, machine intelligence, um"
uncertainty quantification,"artificial intelligence, machine intelligence, uq"
uncertainty quantification in materials,"advanced materials, artificial intelligence, machine intelligence, materials science, uqm"
undergraduate education,ue
underwater communication and imaging,"environmental engineering, sustainability, telecommunications, uci, wireless systems"
unsteady flow phenomena,ufp
unsteady flows,uf
uranium and related mineral exploration,urme
urban and regional studies,urs
urban geography and environment,"environmental engineering, sustainability, uge"
urban infrastructure management,uim
urban meteorology,um
urban planning,up
urban planning and design,upd
urban planning and development,upd
urban planning and governance,upg
urban planning and sustainability,"artificial intelligence, machine intelligence, ups"
urban studies,us
urban water management and resilience,"environmental engineering, sustainability, uwmr"
urban water systems,"environmental engineering, sustainability, uws"
user behavior and trends,ubt
user modeling,um
vaccines and immunology,vi
vanadium and titanium catalysis,vtc
variational inequalities,vi
vector optimization,vo
vegetation index,vi
vehicle and transportation systems,vts
vehicle behavior,vb
vehicle control and stability,vcs
vehicle dynamics,vd
vehicle logistics,vl
vehicle safety,vs
vehicle systems,vs
vehicular emissions and control,vec
vehicular safety,vs
vibration analysis,va
vibration and dynamics of structures,vds
vibration and noise control,vnc
vibration control,vc
vibration control and isolation,vci
vibration engineering,ve
vibrations and acoustics,va
viral and fungal pathogens,vfp
viral pathogenesis,vp
viral vector biology and therapy,"biological sciences, life sciences, vvbt"
virology,"virology research, virology technology"
virtual reality in education,vre
viscoelastic fluids,vf
viscoelastic materials,"advanced materials, materials science, vm"
viscoelasticity,"viscoelasticity research, viscoelasticity technology"
visible light photocatalysis,vlp
vision and perception,"image analysis, vp, visual recognition"
vlsi and fpga design,vfd
vlsi and nanoelectronics,"advanced materials, materials science, vn"
vortex dynamics,vd
waste management,wm
waste management and recycling,wmr
waste management and remediation,wmr
waste utilization and recycling,wur
waste utilization in construction,wuc
wastewater treatment,"environmental engineering, sustainability, wt"
wastewater treatment and biorefinery,"biological sciences, environmental engineering, life sciences, sustainability, wtb"
wastewater treatment and biorefining,"biological sciences, environmental engineering, life sciences, sustainability, wtb"
wastewater treatment and bioremediation,"biological sciences, environmental engineering, life sciences, sustainability, wtb"
wastewater treatment and management,"environmental engineering, sustainability, wtm"
wastewater treatment and resource recovery,"environmental engineering, sustainability, wtrr"
water and energy,"clean energy, energy systems, environmental engineering, sustainability, we"
water and environmental remediation,"environmental engineering, sustainability, wer"
water and environmental science,"environmental engineering, sustainability, wes"
water and waste treatment,"environmental engineering, sustainability, wwt"
water and wastewater treatment,"environmental engineering, sustainability, wwt"
water chemistry and interactions,"applied chemistry, chemical sciences, environmental engineering, sustainability, wci"
water distribution and supply management,"environmental engineering, sustainability, wdsm"
water distribution systems,"environmental engineering, sustainability, wds"
water dynamics and structure,"environmental engineering, sustainability, wds"
water management and climate change,"environmental engineering, sustainability, wmcc"
water management and policy,"environmental engineering, sustainability, wmp"
water oxidation and splitting,"environmental engineering, sustainability, wos"
water oxidation catalysis,"environmental engineering, sustainability, woc"
water quality,"environmental engineering, sustainability, wq"
water quality analysis,"environmental engineering, sustainability, wqa"
water quality and contaminants,"environmental engineering, sustainability, wqc"
water quality and management,"environmental engineering, sustainability, wqm"
water quality and pollution,"environmental engineering, sustainability, wqp"
water quality and treatment,"environmental engineering, sustainability, wqt"
water resource management,"environmental engineering, sustainability, wrm"
water resources,"environmental engineering, sustainability, wr"
water resources and management,"environmental engineering, sustainability, wrm"
water resources and treatment,"environmental engineering, sustainability, wrt"
water resources management,"environmental engineering, sustainability, wrm"
water resources management and hydrology,"environmental engineering, sustainability, wrmh"
water resources modeling,"environmental engineering, sustainability, wrm"
water scarcity and adaptation,"environmental engineering, sustainability, wsa"
water science and technology,"environmental engineering, sustainability, wst"
water solvation,"environmental engineering, sustainability, ws"
water solvation and polymers,"advanced materials, environmental engineering, materials science, sustainability, wsp"
water splitting,"environmental engineering, sustainability, ws"
water systems modeling,"environmental engineering, sustainability, wsm"
water treatment,"environmental engineering, sustainability, wt"
water treatment and contamination,"environmental engineering, sustainability, wtc"
water treatment and contamination control,"environmental engineering, sustainability, wtcc"
water treatment and desalination,"environmental engineering, sustainability, wtd"
water treatment and filtration,"environmental engineering, membrane filtration, sustainability, wtf, wastewater treatment, water purification"
water treatment and management,"environmental engineering, sustainability, wtm"
water treatment and pollution control,"environmental engineering, sustainability, wtpc"
water treatment and purification,"environmental engineering, sustainability, wtp"
water treatment and remediation,"environmental engineering, sustainability, wtr"
water treatment and separation,"environmental engineering, sustainability, wts"
water treatment and waste management,"environmental engineering, sustainability, wtwm"
water treatment and wastewater management,"environmental engineering, sustainability, wtwm"
water treatment technologies,"environmental engineering, sustainability, wtt"
water waves and structures interaction,"environmental engineering, sustainability, wwsi"
water-solvent interactions,"environmental engineering, sustainability, wsi"
waterborne contaminants,"environmental engineering, sustainability, wc"
wave and fluid mechanics,wfm
wave energy,"clean energy, energy systems, we"
wave mechanics,wm
wave propagation,wp
wave structure interaction,wsi
waveguide and resonator design,wrd
wavelet analysis,wa
wavelet analysis and multiscale methods,wamm
weather and climate forecasting,wcf
weather data analysis,wda
web and software development,wsd
welding and friction stir welding,wfsw
welding and joining,wj
welding and joining processes,wjp
welding and joining technologies,wjt
welding processes,wp
wetting and contact angle,wca
wetting and flooding processes,wfp
wetting and wetting phenomena,wwp
wind energy,"clean energy, energy systems, we"
wind energy and turbines,"clean energy, energy systems, wet"
wind energy conversion,"clean energy, energy systems, wec"
wind energy systems,"clean energy, energy systems, wes"
wire and arc processes,wap
wireless communication networks,"telecommunications, wcn, wireless systems"
wireless communications,"telecommunications, wc, wireless systems"
wireless networks,"telecommunications, wn, wireless systems"
wireless networks and communications,"telecommunications, wnc, wireless systems"
wireless power transmission,"telecommunications, wpt, wireless systems"
wireless sensor networks,"telecommunications, wsn, wireless systems"
work engagement and well-being,wewb
work-family balance,wfb
workplace culture and practices,wcp
workplace ethics and values,wev
workplace psychology,wp
wound healing,wh
x-ray and neutron scattering,xrns
x-ray and raman spectroscopy,xrrs
x-ray and scattering techniques,xrst
x-ray astronomy,xra
x-ray bursts and transients,xrbt
x-ray spectroscopy,xrs
