Interest,Aliases,vector_id
(s)tem-imaging,STI,interest_0
2-dimensional materials,"2DM, Advanced Materials, Materials Science",interest_1
2d materials,"2M, Advanced Materials, Materials Science",interest_2
2d-polymers,2P,interest_3
3d animation compression,3AC,interest_4
3d bioprinting,"3B, Biomedical Engineering, Biotechnology",interest_5
3d computer vision,"3CV, 3D Perception, 3D Scene Reconstruction, 3D Vision, Image Analysis, Point Clouds, Stereo Vision, Visual Recognition",interest_6
3d ic,3I,interest_7
3d ics,3I,interest_8
3d organoids & on-chip models,3OOCM,interest_9
3d printed microfluidics for anti-cancer drugs,3PMACD,interest_10
3d printing for osteo-skeletal,3POS,interest_11
3d shape analysis,"3D Geometric Modeling, 3D Mesh Processing, 3SA, Point Cloud Analysis, Shape Descriptors",interest_12
5g,"5g Research, 5g Technology",interest_13
5g and beyond,"5B, 5G Communications, 6G Networks, B5G, Next-Gen Wireless",interest_14
5g/6g,56,interest_15
6g,"6G Wireless, Next-Gen Networks, Terahertz Communications",interest_16
6g networks,"6N, Telecommunications, Wireless Systems",interest_17
absorbers,"absorbers Research, absorbers Technology",interest_18
absorption,"absorption Research, absorption Technology",interest_19
accretion physics,AP,interest_20
acoustics,"acoustics Research, acoustics Technology",interest_21
acoustics and ultrasonics,AU,interest_22
active control,"AC, Autonomous Systems, Robotics & Automation",interest_23
active fluids,AF,interest_24
active magnetic bearings,AMB,interest_25
active soft matter,ASM,interest_26
adaptive video streaming,AVS,interest_27
additive manufacturing,"3D Printing, AM, Direct Energy Deposition, Laser Powder Bed Fusion, Rapid Prototyping",interest_28
additive manufacturing and machining,AMM,interest_29
adhesion,"adhesion Research, adhesion Technology",interest_30
adsolubilization,"adsolubilization Research, adsolubilization Technology",interest_31
adsorption,"adsorption Research, adsorption Technology",interest_32
advanced casting,AC,interest_33
advanced control,"AC, Autonomous Systems, Robotics & Automation",interest_34
advanced diesel combustion modes,ADCM,interest_35
advanced manufacturing,AM,interest_36
advanced manufacturing processes,AMP,interest_37
advanced nanomaterials,"AN, Advanced Materials, Materials Science, Nanoscale Science, Nanotechnology",interest_38
advanced oxidation process,AOP,interest_39
advanced oxidation processes,AOP,interest_40
advanced steel design,ASD,interest_41
aerated concrete,AC,interest_42
aerial robotics,"AR, Autonomous Systems, Robotics & Automation",interest_43
aerodynamics,"aerodynamics Research, aerodynamics Technology",interest_44
aerogels,"aerogels Research, aerogels Technology",interest_45
aerosol,"aerosol Research, aerosol Technology",interest_46
aerosol chemistry,AC,interest_47
aerosol's role in regional climate change,ASRRCC,interest_48
aerospace structures,AS,interest_49
aerothermodynamics,"aerothermodynamics Research, aerothermodynamics Technology",interest_50
affective computing,AC,interest_51
affordable healthcare technologies,AHT,interest_52
afterglow phosphor,AP,interest_53
agglomeration,"agglomeration Research, agglomeration Technology",interest_54
agi,"agi Research, agi Technology",interest_55
aging,"aging Research, aging Technology",interest_56
agn,"agn Research, agn Technology",interest_57
agricultural adaptations to climate change,AACC,interest_58
agricultural economics,AE,interest_59
agricultural transformation,AT,interest_60
agricultural water management,AWM,interest_61
agriculture economics,AE,interest_62
agro-geoinformatics,AG,interest_63
agronomy,"agronomy Research, agronomy Technology",interest_64
ai,"Artificial Intelligence, Machine Intelligence",interest_65
ai & machine learning,"AML, Artificial Intelligence, Machine Intelligence",interest_66
ai & ml,"AM, Artificial Intelligence, Machine Intelligence",interest_67
ai accelerator architectures,"AAA, Artificial Intelligence, Machine Intelligence",interest_68
ai and machine learning,"AML, Artificial Intelligence, Machine Intelligence",interest_69
ai and stem,"AS, Artificial Intelligence, Machine Intelligence",interest_70
ai application in power system protection &,"AAPSP, Artificial Intelligence, Machine Intelligence",interest_71
ai for social good,"ASG, Artificial Intelligence, Machine Intelligence",interest_72
ai in healthcare,"AH, Artificial Intelligence, Machine Intelligence",interest_73
ai infrastracture,"AI, Artificial Intelligence, Machine Intelligence",interest_74
ai techniques applications for for power,"ATAP, Artificial Intelligence, Machine Intelligence",interest_75
ai/ml,"AM, Artificial Intelligence, Machine Intelligence",interest_76
ai/ml accelerator,"AI Chips, AMA, Artificial Intelligence, Edge AI Hardware, Hardware Accelerators, Machine Intelligence, NPU, TPU",interest_77
ai/ml for cheme,"AMC, Artificial Intelligence, Machine Intelligence",interest_78
ai/ml in manufacturing,"AMM, Artificial Intelligence, Machine Intelligence",interest_79
ai/ml | nanoclusters | batteries | molecular,"AMNBM, Artificial Intelligence, Machine Intelligence, Nanoscale Science, Nanotechnology",interest_80
air and water pollution,"AWP, Artificial Intelligence, Machine Intelligence",interest_81
air conditioning,"AC, Artificial Intelligence, Machine Intelligence",interest_82
air pollution,"AP, Aerosol Dynamics, Air Quality Monitoring, Artificial Intelligence, Emission Control, Machine Intelligence, Particulate Matter",interest_83
air quality,"AQ, Artificial Intelligence, Machine Intelligence",interest_84
algal biofuels & bior,"ABB, Biomedical Engineering, Biotechnology, Clean Energy, Renewable Energy Systems",interest_85
algal biorefinery,"AB, Biomedical Engineering, Biotechnology",interest_86
algal biotechnology,"AB, Biomedical Engineering, Biotechnology",interest_87
algebra,"algebra Research, algebra Technology",interest_88
algebraic combinatorics,"AC, Artificial Intelligence, Machine Intelligence",interest_89
algebraic geometry,"AG, Artificial Intelligence, Machine Intelligence",interest_90
algorithm designing,AD,interest_91
algorithm development,AD,interest_92
algorithmic bias and fairness,"ABF, Artificial Intelligence, Machine Intelligence",interest_93
algorithms,"algorithms Research, algorithms Technology",interest_94
alkb,"alkb Research, alkb Technology",interest_95
alkbh2,"alkbh2 Research, alkbh2 Technology",interest_96
alkbh3,"alkbh3 Research, alkbh3 Technology",interest_97
all solid-state batteries,ASSB,interest_98
alloy design,AD,interest_99
alloy development,AD,interest_100
alternative construction,AC,interest_101
alternative fuel,"AF, Clean Energy, Renewable Energy Systems",interest_102
alternative fuels,"AF, Clean Energy, Renewable Energy Systems",interest_103
alzheimer's and other amyloid diseases,ASOAD,interest_104
amorphous and nanocrystalline ma,"ANM, Nanoscale Science, Nanotechnology",interest_105
amorphous solids,AS,interest_106
amr,"amr Research, amr Technology",interest_107
amr · ser and metallo-β-lactamase,ASML,interest_108
amyloid,"amyloid Research, amyloid Technology",interest_109
amyloids,"amyloids Research, amyloids Technology",interest_110
anaerobic digestion,AD,interest_111
analog and rf ic design,ARID,interest_112
analog mixed signal integrated circuit design,AMSICD,interest_113
analysis of partial differential equations,APDE,interest_114
analytic number theory,ANT,interest_115
analytical chemistry,AC,interest_116
analytical modelling,AM,interest_117
analytical photochemistry,AP,interest_118
and biomass valorization,"BV, Biomedical Engineering, Biotechnology",interest_119
and computational materials science,"Advanced Materials, CMS, Materials Science",interest_120
and data mining,DM,interest_121
and energy systems,"Clean Energy, ES, Renewable Energy Systems",interest_122
and materials chemistry,"Advanced Materials, MC, Materials Science",interest_123
and simulation,"and simulation Research, and simulation Technology",interest_124
and transnational history,TH,interest_125
angio-osteo-genesis,AOG,interest_126
ann,"ann Research, ann Technology",interest_127
antarctic ozone hole,AOH,interest_128
antenna design,"AD, Electromagnetic Radiators, Microstrip Antennas, Phased Array, RF Antennas",interest_129
antennas,"antennas Research, antennas Technology",interest_130
anthropology,"anthropology Research, anthropology Technology",interest_131
anti-cancer compounds,ACC,interest_132
antibiotic resistance,"AR, Biomedical Engineering, Biotechnology",interest_133
anticancer nanotechnology,"AN, Nanoscale Science, Nanotechnology",interest_134
antimicrobial ceramics and delivery systems,ACDS,interest_135
antimicrobial peptides,AP,interest_136
aops,"aops Research, aops Technology",interest_137
aos,"aos Research, aos Technology",interest_138
application of amine polymer,AAP,interest_139
applied,"applied Research, applied Technology",interest_140
applied aerodynamics,AA,interest_141
applied algorithms,AA,interest_142
applied econometrics,AE,interest_143
applied economics,AE,interest_144
applied ethics,AE,interest_145
applied game theory,AGT,interest_146
applied geology,AG,interest_147
applied mathematics,AM,interest_148
applied mechanics,AM,interest_149
applied operations research,AOR,interest_150
applied statistics,AS,interest_151
appropriate technology,AT,interest_152
approximate reasoning,AR,interest_153
approximation algorithms,AA,interest_154
approximation theory,AT,interest_155
aquatic ecology,AE,interest_156
aqueous binary mixtures,ABM,interest_157
array signal processing,ASP,interest_158
arsenic fluoride and heavy metal removal,AFHMR,interest_159
artifical intelligence,"AI, Artificial Intelligence, Machine Intelligence",interest_160
artificial intellegence,AI,interest_161
artificial intelligence,"AI, Artificial Intelligence, Machine Intelligence",interest_162
artificial intelligence & machine learning,"AIML, Artificial Intelligence, Machine Intelligence",interest_163
artificial intelligence and machine learning,"AIML, Artificial Intelligence, Machine Intelligence",interest_164
artificial neural networks and learning,"ANNL, Artificial Intelligence, Machine Intelligence, Telecommunications, Wireless Systems",interest_165
artificial recharge,AR,interest_166
asm gan hemt,AGH,interest_167
assembly of molecules,AM,interest_168
asset pricing,AP,interest_169
assistive technologies,AT,interest_170
assistive technology,AT,interest_171
astronomical image processing,"AIP, Image Analysis, Visual Recognition",interest_172
astronomy,"astronomy Research, astronomy Technology",interest_173
astronomy & astrophysics,AA,interest_174
astroparticle physics,AP,interest_175
astrophysical transients,AT,interest_176
astrophysics,"astrophysics Research, astrophysics Technology",interest_177
asymmetric catalysis,AC,interest_178
asymmetric synthesis,AS,interest_179
atmospheric chemistry,AC,interest_180
atmospheric chemistry and pollution,ACP,interest_181
atmospheric emissions,AE,interest_182
atmospheric modeling,AM,interest_183
atmospheric radiation,AR,interest_184
atmospheric science,AS,interest_185
atom probe tomography,APT,interest_186
atomic and molecular physics,AMP,interest_187
atomic physics,AP,interest_188
atomistic simulations,AS,interest_189
attention,"attention Research, attention Technology",interest_190
augmented reality,AR,interest_191
automated planning,AP,interest_192
automation,"automation Research, automation Technology",interest_193
automation in condition monitoring,ACM,interest_194
automotive engineering,AE,interest_195
automotive systems,AS,interest_196
autonomous aerospace systems,AAS,interest_197
autonomous driving,AD,interest_198
autonomous navigations,AN,interest_199
autonomous vehicles,AV,interest_200
autonomous vehicles/drones,AVD,interest_201
autophagy,"autophagy Research, autophagy Technology",interest_202
b2b marketing,BM,interest_203
bamboo reinforced concrete,BRC,interest_204
batteries,"batteries Research, batteries Technology",interest_205
batteries & supercapacitors,BS,interest_206
battery,"Clean Energy, Renewable Energy Systems",interest_207
battery & fuel cell,"BFC, Clean Energy, Renewable Energy Systems",interest_208
battery cooling,"BC, Clean Energy, Renewable Energy Systems",interest_209
battery recycling,"BR, Clean Energy, Renewable Energy Systems",interest_210
bayesian statistics,BS,interest_211
bci,"bci Research, bci Technology",interest_212
bci for robot control,"Autonomous Systems, BRC, Robotics & Automation",interest_213
bci in manuf,BM,interest_214
beamforming,"beamforming Research, beamforming Technology",interest_215
behavioural finance,BF,interest_216
bentonite-chemical interaction,BCI,interest_217
bias mitigation,BM,interest_218
bifurcation,"bifurcation Research, bifurcation Technology",interest_219
bifurcation theory,BT,interest_220
big data,BD,interest_221
big data analytics,BDA,interest_222
bim,"3D CAD Modeling, Building Information Modeling, Digital Twin in Construction",interest_223
binary mergers+gw emission,BMGE,interest_224
bio & gas sensors,"BGS, Biomedical Engineering, Biotechnology",interest_225
bio active molecule,"BAM, Biomedical Engineering, Biotechnology",interest_226
bio energy,"BE, Biomedical Engineering, Biotechnology, Clean Energy, Renewable Energy Systems",interest_227
bio process engineering,"BPE, Biomedical Engineering, Biotechnology",interest_228
bio-chemical sensing,"BCS, Biomedical Engineering, Biotechnology",interest_229
bio-chips,"BC, Biomedical Engineering, Biotechnology",interest_230
bio-crypto system,"BCS, Biomedical Engineering, Biotechnology",interest_231
bio-electricity,"BE, Biomedical Engineering, Biotechnology",interest_232
bio-electrodes,"BE, Biomedical Engineering, Biotechnology",interest_233
bio-energy,"BE, Biomedical Engineering, Biotechnology, Clean Energy, Renewable Energy Systems",interest_234
bio-fluid,"BF, Biomedical Engineering, Biotechnology",interest_235
bio-fluid mechanics,"BFM, Biomedical Engineering, Biotechnology",interest_236
bio-fuel,"BF, Biomedical Engineering, Biotechnology, Clean Energy, Renewable Energy Systems",interest_237
bio-geotechnics,"BG, Biomedical Engineering, Biotechnology",interest_238
bio-geotechnology,"BG, Biomedical Engineering, Biotechnology",interest_239
bio-inorganic chemistry,"BIC, Biomedical Engineering, Biotechnology",interest_240
bio-interfaces and biomaterials,"Advanced Materials, BIB, Biomedical Engineering, Biotechnology, Materials Science",interest_241
bio-material,"Advanced Materials, BM, Biomedical Engineering, Biotechnology, Materials Science",interest_242
bio-materials,"Advanced Materials, BM, Biomedical Engineering, Biotechnology, Materials Science",interest_243
bio-nems/mems,"BNM, Biomedical Engineering, Biotechnology",interest_244
bio-organic,"BO, Biomedical Engineering, Biotechnology",interest_245
bio-sensors,"BS, Biomedical Engineering, Biotechnology",interest_246
bio-signals & image processing,"BSIP, Biomedical Engineering, Biotechnology, Image Analysis, Visual Recognition",interest_247
bioactive and nutraceuticals extraction,"BNE, Biomedical Engineering, Biotechnology",interest_248
biocatalysis,"Biomedical Engineering, Biotechnology",interest_249
biocatalysis and enzyme mechanisms,"BEM, Biomedical Engineering, Biotechnology",interest_250
biochar,"Biomedical Engineering, Biotechnology",interest_251
biochemical eng,"BE, Biomedical Engineering, Biotechnology",interest_252
biochemical engineering,"BE, Biomedical Engineering, Biotechnology",interest_253
biochemical/bioprocess engineering,"BBE, Biomedical Engineering, Biotechnology",interest_254
biochemistry,"Biomedical Engineering, Biotechnology",interest_255
biocomposites,"Biomedical Engineering, Biotechnology",interest_256
biodegradable polymers,"BP, Biomedical Engineering, Biotechnology",interest_257
biodegradation of organics,"BO, Biomedical Engineering, Biotechnology",interest_258
biodiagnostics,"Biomedical Engineering, Biotechnology",interest_259
biodiesel,"Biomedical Engineering, Biotechnology",interest_260
bioelectronics,"Biochips, Biomedical Engineering, Biosensors, Biotechnology, Electrophysiology Devices, Implantable Electronics",interest_261
bioenergy,"Biomedical Engineering, Biotechnology, Clean Energy, Renewable Energy Systems",interest_262
bioenergy and biofuels,"BB, Biomedical Engineering, Biotechnology, Clean Energy, Renewable Energy Systems",interest_263
bioengineering,"Biomedical Engineering, Biotechnology",interest_264
biof,"Biomedical Engineering, Biotechnology",interest_265
biofertilizer,"Biomedical Engineering, Biotechnology",interest_266
biofilms,"Biomedical Engineering, Biotechnology",interest_267
biofluid mechanics,"BM, Biomedical Engineering, Biotechnology",interest_268
biofuel,"Biomedical Engineering, Biotechnology, Clean Energy, Renewable Energy Systems",interest_269
biofuel and enzyme production,"BEP, Biomedical Engineering, Biotechnology, Clean Energy, Renewable Energy Systems",interest_270
biofuel cell,"BC, Biomedical Engineering, Biotechnology, Clean Energy, Renewable Energy Systems",interest_271
biofuels,"Biomedical Engineering, Biotechnology, Clean Energy, Renewable Energy Systems",interest_272
biofuels (gaseous/liquid),"BGL, Biomedical Engineering, Biotechnology, Clean Energy, Renewable Energy Systems",interest_273
biofuels etc,"BE, Biomedical Engineering, Biotechnology, Clean Energy, Renewable Energy Systems",interest_274
biogas,"Biomedical Engineering, Biotechnology",interest_275
biogas technology,"BT, Biomedical Engineering, Biotechnology",interest_276
biohydrogen,"Biomedical Engineering, Biotechnology",interest_277
biohythane,"Biomedical Engineering, Biotechnology",interest_278
bioimaging,"Biomedical Engineering, Biotechnology",interest_279
bioimpedance,"Biomedical Engineering, Biotechnology",interest_280
bioinformatics,"Biomedical Engineering, Biotechnology",interest_281
bioinorganic,"Biomedical Engineering, Biotechnology",interest_282
bioinorganic & biomimetic,"BB, Biomedical Engineering, Biotechnology",interest_283
bioinorganic chemistry,"BC, Biomedical Engineering, Biotechnology",interest_284
bioinstrumentation,"Biomedical Engineering, Biotechnology",interest_285
biological and ecological processes,"BEP, Biomedical Engineering, Biotechnology",interest_286
biological chemistry,"BC, Biomedical Engineering, Biotechnology",interest_287
biological networks,"BN, Biomedical Engineering, Biotechnology, Telecommunications, Wireless Systems",interest_288
biological physics,"BP, Biomedical Engineering, Biotechnology",interest_289
biological wastewater treatment,"BWT, Biomedical Engineering, Biotechnology",interest_290
biology,"Biomedical Engineering, Biotechnology",interest_291
biomacromolecules structure,"BS, Biomedical Engineering, Biotechnology",interest_292
biomass,"Biomedical Engineering, Biotechnology",interest_293
biomass and bioenergy,"BB, Biomedical Engineering, Biotechnology, Clean Energy, Renewable Energy Systems",interest_294
biomass conversion,"BC, Biomedical Engineering, Biotechnology",interest_295
biomass energy,"BE, Biomedical Engineering, Biotechnology, Clean Energy, Renewable Energy Systems",interest_296
biomass pyrolysis,"BP, Biomedical Engineering, Biotechnology",interest_297
biomass transformation,"BT, Biomedical Engineering, Biotechnology",interest_298
biomass valorisation,"BV, Biomedical Engineering, Biotechnology",interest_299
biomaterial,"Advanced Materials, Biomedical Engineering, Biotechnology, Materials Science",interest_300
biomaterials,"Advanced Materials, Biomedical Engineering, Biotechnology, Materials Science",interest_301
biomaterials : nano technology,"Advanced Materials, BNT, Biomedical Engineering, Biotechnology, Materials Science, Nanoscale Science, Nanotechnology",interest_302
biomaterials and tissue,"Advanced Materials, BT, Biomedical Engineering, Biotechnology, Materials Science",interest_303
biomaterials and tissue engineering,"Advanced Materials, BTE, Biomedical Engineering, Biotechnology, Materials Science",interest_304
biomechanics,"Biomedical Engineering, Biotechnology",interest_305
biomechnics,"Biomedical Engineering, Biotechnology",interest_306
biomedical,"Biomedical Engineering, Biotechnology",interest_307
biomedical engineering,"BE, Biomedical Engineering, Biotechnology",interest_308
biomedical fluid flow,"BFF, Biomedical Engineering, Biotechnology",interest_309
biomedical instrumentation,"BI, Biomedical Engineering, Biotechnology",interest_310
biomedical materials and devices,"Advanced Materials, BMD, Biomedical Engineering, Biotechnology, Materials Science",interest_311
biomedical nanotechnology,"BN, Biomedical Engineering, Biotechnology, Nanoscale Science, Nanotechnology",interest_312
biomedical optics,"BO, Biomedical Engineering, Biotechnology",interest_313
biomedical sensors,"BS, Biomedical Engineering, Biotechnology",interest_314
biomedical signal and image processing,"BSIP, Biomedical Engineering, Biotechnology, Image Analysis, Visual Recognition",interest_315
biomedical signal processing,"BSP, Biomedical Engineering, Biotechnology",interest_316
biomedical signal processing & analysis,"BSPA, Biomedical Engineering, Biotechnology",interest_317
biomems,"Biomedical Engineering, Biotechnology",interest_318
biometrics,"Behavioral Biometrics, Biomedical Engineering, Biotechnology, Facial Recognition, Fingerprint Verification, Iris Scanning",interest_319
biomicrofluidics,"Biomedical Engineering, Biotechnology",interest_320
biomimetic design,"BD, Biomedical Engineering, Biotechnology",interest_321
bioorganic and medicinal chemistry,"BMC, Biomedical Engineering, Biotechnology",interest_322
bioorganic chemistry,"BC, Biomedical Engineering, Biotechnology",interest_323
biopharmaceuticals and material design,"Advanced Materials, BMD, Biomedical Engineering, Biotechnology, Materials Science",interest_324
biophotonics,"Biomedical Engineering, Biotechnology",interest_325
biophysics,"Biomedical Engineering, Biotechnology",interest_326
biophysics of collagen,"BC, Biomedical Engineering, Biotechnology",interest_327
biopolymer,"Biomedical Engineering, Biotechnology",interest_328
biopolymers,"Biomedical Engineering, Biotechnology",interest_329
bioprinting,"Biomedical Engineering, Biotechnology",interest_330
bioprocess analytical technology,"BAT, Biomedical Engineering, Biotechnology",interest_331
bioprocess development,"BD, Biomedical Engineering, Biotechnology",interest_332
bioprocess engineering,"BE, Biomedical Engineering, Biotechnology",interest_333
bioprocess modeling and control,"Autonomous Systems, BMC, Biomedical Engineering, Biotechnology, Robotics & Automation",interest_334
bioprocess optimization,"BO, Biomedical Engineering, Biotechnology",interest_335
bioprocessing data analytics,"BDA, Biomedical Engineering, Biotechnology",interest_336
biorefinery,"Biomedical Engineering, Biotechnology",interest_337
biorefinery with carbon capture & waste,"BCCW, Biomedical Engineering, Biotechnology",interest_338
bioremediation,"Biomedical Engineering, Biotechnology",interest_339
biorememdiation,"Biomedical Engineering, Biotechnology",interest_340
biosensing,"Biomedical Engineering, Biotechnology",interest_341
biosensor,"Biomedical Engineering, Biotechnology",interest_342
biosensor and cell and tissue engineering,"BCTE, Biomedical Engineering, Biotechnology",interest_343
biosensors,"Biomedical Engineering, Biotechnology",interest_344
bioseparation,"Biomedical Engineering, Biotechnology",interest_345
biosorption,"Biomedical Engineering, Biotechnology",interest_346
biosurfactants & biopolymers,"BB, Biomedical Engineering, Biotechnology",interest_347
biotechnology,"Biomedical Engineering, Biotechnology",interest_348
biotherapeutics manufacturing,"BM, Biomedical Engineering, Biotechnology",interest_349
biped locomotion,BL,interest_350
bituminous binders,BB,interest_351
bituminous materials,"Advanced Materials, BM, Materials Science",interest_352
black hole,BH,interest_353
black holes,BH,interest_354
blast,"blast Research, blast Technology",interest_355
blend,"blend Research, blend Technology",interest_356
blind source separation,BSS,interest_357
blockchain,"Artificial Intelligence, Machine Intelligence",interest_358
bluff body flow,BBF,interest_359
boiling,"boiling Research, boiling Technology",interest_360
boiling heat transfer,BHT,interest_361
bond graph,BG,interest_362
bone biology,"BB, Biomedical Engineering, Biotechnology",interest_363
bone remodelling,BR,interest_364
boron,"boron Research, boron Technology",interest_365
boundary layer theory,BLT,interest_366
brain computer interface,"Artificial Intelligence, BCI, Machine Intelligence",interest_367
brain computer interfaces,"Artificial Intelligence, BCI, Machine Intelligence",interest_368
brain-computer interface,"Artificial Intelligence, BCI, EEG Decoding, Machine Intelligence, Neural Interface, Neuromodulation",interest_369
branding,"branding Research, branding Technology",interest_370
breakwaters,"breakwaters Research, breakwaters Technology",interest_371
bridge engineering,BE,interest_372
brillouin light scattering,BLS,interest_373
brown carbon,BC,interest_374
bsim spice model,BSM,interest_375
bubbles,"bubbles Research, bubbles Technology",interest_376
bubbles/drops/particles,BDP,interest_377
buckling and postbuckling analysis,BPA,interest_378
building materials,"Advanced Materials, BM, Materials Science",interest_379
built environment,BE,interest_380
business administration,BA,interest_381
business analytics,BA,interest_382
business communities,BC,interest_383
business management,BM,interest_384
business process reengineering & supply,BPRS,interest_385
butanol production,BP,interest_386
c accounting,CA,interest_387
ca/ma storage,CMS,interest_388
cad,"cad Research, cad Technology",interest_389
cad cam,CC,interest_390
calcium phosphate,CP,interest_391
calcium signalling,CS,interest_392
cancer,"cancer Research, cancer Technology",interest_393
cancer biology,"Biomedical Engineering, Biotechnology, CB",interest_394
cancer biomarkers,"Biomedical Engineering, Biotechnology, CB",interest_395
cancer gene therapy,CGT,interest_396
cancer genomics,CG,interest_397
cancer genomics and transcriptomics,CGT,interest_398
cancer therapy,CT,interest_399
capacitors,"capacitors Research, capacitors Technology",interest_400
capacity building,CB,interest_401
capillarity and wetting,CW,interest_402
carbohydrate synthesis,CS,interest_403
carbon base nano-materials,"Advanced Materials, CBNM, Materials Science, Nanoscale Science, Nanotechnology",interest_404
carbon capture,CC,interest_405
carbon dioxide capture and sequestration,CDCS,interest_406
carbon dioxide capture and utilization,CDCU,interest_407
carbon footprint,CF,interest_408
carbon nanotube,"CN, Nanoscale Science, Nanotechnology",interest_409
carbon nanotube reinforced composites,"CNRC, Nanoscale Science, Nanotechnology",interest_410
carbon nanotubes and graph,"CNG, Nanoscale Science, Nanotechnology",interest_411
carbon-dioxide sequestration,CDS,interest_412
cardiovascular biology,"Biomedical Engineering, Biotechnology, CB",interest_413
cardiovascular mechanics,CM,interest_414
cardiovascular/metabolic diseases,CMD,interest_415
casting and welding,CW,interest_416
catalysis,"catalysis Research, catalysis Technology",interest_417
catalysis - her oer nrr co2rr lohc,CHONCL,interest_418
catalysis at electrified interfaces,CAEI,interest_419
catalysis over metal and metal oxide,COMMO,interest_420
catalytic membrane reactor,CMR,interest_421
catalytic membrane reactors,CMR,interest_422
cathodes,"cathodes Research, cathodes Technology",interest_423
cavitation-aided processes,"Artificial Intelligence, CAP, Machine Intelligence",interest_424
ccus,"ccus Research, ccus Technology",interest_425
cell,"cell Research, cell Technology",interest_426
cell and molecular biology,"Biomedical Engineering, Biotechnology, CMB",interest_427
cell biology,"Biomedical Engineering, Biotechnology, CB",interest_428
cell division and chromosome biology,"Biomedical Engineering, Biotechnology, CDCB, Image Analysis, Visual Recognition",interest_429
cellular manufacturing,CM,interest_430
cellular networks,"CN, Telecommunications, Wireless Systems",interest_431
cement chemistry and microstructure,CCM,interest_432
ceramic gas sensors,CGS,interest_433
ceramic membrane,CM,interest_434
ceramic shell,CS,interest_435
ceramics,"ceramics Research, ceramics Technology",interest_436
ceramics and composites,CC,interest_437
ceramics from molecular precursors,CFMP,interest_438
cfb combustion and gasification,CCG,interest_439
cfd,"Computational Fluid Dynamics, Fluid Flow Simulation, Navier-Stokes Solvers",interest_440
cfd & heat transfer,CHT,interest_441
cfd for multiphase f,CMF,interest_442
cfd simulation,CS,interest_443
cfd with lattice boltzmann method,CLBM,interest_444
cfrp,"cfrp Research, cfrp Technology",interest_445
ch activation,CA,interest_446
ch functionalization,CF,interest_447
channel and fluvial hydraulics,CFH,interest_448
channel modelling,CM,interest_449
chaperones,"chaperones Research, chaperones Technology",interest_450
characterization,"characterization Research, characterization Technology",interest_451
characterization of materials,"Advanced Materials, CM, Materials Science",interest_452
characterization techninques,CT,interest_453
charge storage,CS,interest_454
charge-magnetisation dynamics,CMD,interest_455
chargers,"chargers Research, chargers Technology",interest_456
chemical,"chemical Research, chemical Technology",interest_457
chemical biology,"Biomedical Engineering, Biotechnology, CB",interest_458
chemical engg,CE,interest_459
chemical engineering,CE,interest_460
chemical evolution,CE,interest_461
chemical kinetics,CK,interest_462
chemical physics,CP,interest_463
chemical sciences,CS,interest_464
chemical sensors,CS,interest_465
chemical vapor deposition,CVD,interest_466
chemical/bio sensing,"Biomedical Engineering, Biotechnology, CBS",interest_467
chemistry,"chemistry Research, chemistry Technology",interest_468
chemometrics,"chemometrics Research, chemometrics Technology",interest_469
chemosensory system,CS,interest_470
childhood,"childhood Research, childhood Technology",interest_471
chiral recognition,CR,interest_472
chronic diseases,CD,interest_473
chronomedicine,"chronomedicine Research, chronomedicine Technology",interest_474
circadian biology,"Biomedical Engineering, Biotechnology, CB",interest_475
circularly polarized and broadband,CPB,interest_476
civil engineering,CE,interest_477
clean technologies,CT,interest_478
climate,"climate Research, climate Technology",interest_479
climate change,CC,interest_480
climate change analysis and applications in,CCAA,interest_481
climate change impact,CCI,interest_482
climate networks,"CN, Telecommunications, Wireless Systems",interest_483
climate smart agriculture,CSA,interest_484
clinical data mining,CDM,interest_485
clinical diagnostics,CD,interest_486
cloaking,"cloaking Research, cloaking Technology",interest_487
cloud computing,CC,interest_488
cloud computing economics,CCE,interest_489
cloud resource broker,CRB,interest_490
cluster,"cluster Research, cluster Technology",interest_491
cnt,"cnt Research, cnt Technology",interest_492
cnts),"cnts) Research, cnts) Technology",interest_493
co-infection biology sars-cov-2 cancer,"Biomedical Engineering, Biotechnology, CIBSC2C",interest_494
co-ordination chemistry,COC,interest_495
co2 based adsorption cooling system,CBACS,interest_496
co2 capture & sequestration,CCS,interest_497
co2 capture & utilization,CCU,interest_498
co2 capture and conversion,CCC,interest_499
co2 capture and sequestration,CCS,interest_500
co2 capture and utilization,CCU,interest_501
co2 reduction,CR,interest_502
co2 utilization,CU,interest_503
co2 utilization & alternative fuels,"CUAF, Clean Energy, Renewable Energy Systems",interest_504
coastal and ocean engineering,COE,interest_505
coastal engineering,CE,interest_506
coating,"coating Research, coating Technology",interest_507
coatings,"coatings Research, coatings Technology",interest_508
cobalt-free,CF,interest_509
coding theory,CT,interest_510
cof,"cof Research, cof Technology",interest_511
cofs,"cofs Research, cofs Technology",interest_512
cognitive neuroscience,CN,interest_513
cognitive radio,CR,interest_514
cognitive science,CS,interest_515
cognitive systems,CS,interest_516
coherent control,"Autonomous Systems, CC, Robotics & Automation",interest_517
cold storage,CS,interest_518
collective dynamics,CD,interest_519
colloid and interface science,CIS,interest_520
colloidal self assembly,CSA,interest_521
colloids,"colloids Research, colloids Technology",interest_522
colloids & interfaces,CI,interest_523
colloids and interface science,CIS,interest_524
colloids and nanomaterials,"Advanced Materials, CN, Materials Science, Nanoscale Science, Nanotechnology",interest_525
combinatorial alloy design,CAD,interest_526
combinatorics,"combinatorics Research, combinatorics Technology",interest_527
combustion,"combustion Research, combustion Technology",interest_528
combustion & flow diagnostics,CFD,interest_529
commercial banking,CB,interest_530
communication,"Telecommunications, Wireless Systems",interest_531
communication networking,"CN, Telecommunications, Wireless Systems",interest_532
communication systems,"CS, Telecommunications, Wireless Systems",interest_533
communications,"Telecommunications, Wireless Systems",interest_534
comp. chem,CC,interest_535
compact model,CM,interest_536
compact modeling,CM,interest_537
complex approximation,CA,interest_538
complex fluids,CF,interest_539
complex fluids rheology,CFR,interest_540
complex networks,"CN, Telecommunications, Wireless Systems",interest_541
complex oxides,CO,interest_542
complex systems,CS,interest_543
complex systems and dynamics,CSD,interest_544
complex systems and networks,"CSN, Telecommunications, Wireless Systems",interest_545
complex systems theory,CST,interest_546
complex variables and hyperbolic geometry,CVHG,interest_547
complexity theory,CT,interest_548
compliant mechanisms,CM,interest_549
compliant mechanisms and robotic systems,"Autonomous Systems, CMRS, Robotics & Automation",interest_550
composite material,"Advanced Materials, CM, Materials Science",interest_551
composite materials,"Advanced Materials, CM, Materials Science",interest_552
composite nanofibrous materials,"Advanced Materials, CNM, Materials Science, Nanoscale Science, Nanotechnology",interest_553
composite structures,CS,interest_554
composites,"composites Research, composites Technology",interest_555
composites and nanomaterials for structural,"Advanced Materials, CNS, Materials Science, Nanoscale Science, Nanotechnology",interest_556
composites manufacturing,CM,interest_557
composting,"composting Research, composting Technology",interest_558
compound extremes,CE,interest_559
compound semiconductor heterostructures,CSH,interest_560
compressed sensing,CS,interest_561
compressible flows,CF,interest_562
computation intelligence applications,"Artificial Intelligence, CIA, Machine Intelligence",interest_563
computational,"computational Research, computational Technology",interest_564
computational and experimental,CE,interest_565
computational and topological fluid,CTF,interest_566
computational biology,"Biomedical Engineering, Biotechnology, CB",interest_567
computational biophysics,"Biomedical Engineering, Biotechnology, CB",interest_568
computational cardiology,CC,interest_569
computational chemistry,CC,interest_570
computational chemistry and biophysics,"Biomedical Engineering, Biotechnology, CCB",interest_571
computational chemistry for soft and bio,"Biomedical Engineering, Biotechnology, CCSB",interest_572
computational crystal plasticity,CCP,interest_573
computational finance,CF,interest_574
computational fluid dynamics,CFD,interest_575
computational fluid dynamics (cfd),CFDC,interest_576
computational fluid dynamics and heat,CFDH,interest_577
computational geometry,CG,interest_578
computational heat transfer and fluid flow,CHTFF,interest_579
computational imaging,CI,interest_580
computational intelliegnce,CI,interest_581
computational intelligence,"Artificial Intelligence, CI, Machine Intelligence",interest_582
computational linguistics,CL,interest_583
computational material science,"Advanced Materials, CMS, Materials Science",interest_584
computational materials,"Advanced Materials, CM, Materials Science",interest_585
computational materials science,"Advanced Materials, CMS, Materials Science",interest_586
computational mathematics,CM,interest_587
computational mechanics,CM,interest_588
computational methods,CM,interest_589
computational modelling of multiphasic,CMM,interest_590
computational neuroscience,CN,interest_591
computational polymer science,CPS,interest_592
computational social science,CSS,interest_593
computational solid mechanics,CSM,interest_594
computational structural mechanics,CSM,interest_595
computational thermo-fluids,CTF,interest_596
compute-in memory,CM,interest_597
compute-in-memory,CM,interest_598
computer aided engineering,"Artificial Intelligence, CAE, Machine Intelligence",interest_599
computer aided process and plant design,"Artificial Intelligence, CAPPD, Machine Intelligence",interest_600
computer architecture,CA,interest_601
computer haptics,CH,interest_602
computer integrated project delivery,CIPD,interest_603
computer networks,"CN, Telecommunications, Wireless Systems",interest_604
computer science,CS,interest_605
computer science and engineering,CSE,interest_606
computer security,CS,interest_607
computer simulation,CS,interest_608
computer systems and networking,"CSN, Telecommunications, Wireless Systems",interest_609
computer vision,"CNNs, CV, Image Analysis, Image Recognition, Object Detection, Visual Perception, Visual Recognition",interest_610
computer-aided design,"Artificial Intelligence, CAD, Machine Intelligence",interest_611
computing,"computing Research, computing Technology",interest_612
concrete,"concrete Research, concrete Technology",interest_613
concrete durability,CD,interest_614
concrete filled tubes,CFT,interest_615
concrete technology,CT,interest_616
condensation,"condensation Research, condensation Technology",interest_617
condensed matter,CM,interest_618
condensed matter physics,CMP,interest_619
condensed matter physics (theory),CMPT,interest_620
condition assessment,CA,interest_621
condition monitoring,CM,interest_622
condition monitoring & fault diagnosis of,CMFD,interest_623
condition monitoring of mechanical,CMM,interest_624
conductive polymers,CP,interest_625
confined water,CW,interest_626
connected and autonomous vehicles,CAV,interest_627
connectives in multivalued logic,CML,interest_628
consciousness,"consciousness Research, consciousness Technology",interest_629
conservation of lakes and rivers,CLR,interest_630
constitutive modeling and,CM,interest_631
construction management,CM,interest_632
construction project management,CPM,interest_633
consumer behaviour,CB,interest_634
consumer rights,CR,interest_635
contaminant transport,CT,interest_636
contamination,"contamination Research, contamination Technology",interest_637
continual learning,"Artificial Intelligence, CL, Machine Intelligence",interest_638
continuum micromechanics,CM,interest_639
control,"Autonomous Systems, Robotics & Automation",interest_640
control application in power systems,"Autonomous Systems, CAPS, Robotics & Automation",interest_641
control of power converters,"Autonomous Systems, CPC, Robotics & Automation",interest_642
control system,"Autonomous Systems, CS, Robotics & Automation",interest_643
control systems,"Autonomous Systems, CS, Robotics & Automation",interest_644
control theory,"Autonomous Systems, CT, Robotics & Automation",interest_645
controlled release,"Autonomous Systems, CR, Robotics & Automation",interest_646
convection  in porous media,CPM,interest_647
convection in porous media,CPM,interest_648
convection-bifurcation,CB,interest_649
convection-energy flow,"CEF, Clean Energy, Renewable Energy Systems",interest_650
convective heat and mass transfer,CHMT,interest_651
conventional and non conventional,CNC,interest_652
conventional and unconventional machining,CUM,interest_653
cooperative and cognitive radio techniques,CCRT,interest_654
cooperative c,CC,interest_655
cooperative relaying systems,CRS,interest_656
coordination chemistry,CC,interest_657
coordination clusters,CC,interest_658
coordination polymer,CP,interest_659
coordination polymers,CP,interest_660
copula,"copula Research, copula Technology",interest_661
corossion engineering,CE,interest_662
corporate finance,CF,interest_663
corporate governance,CG,interest_664
correlated electrons,CE,interest_665
corrosion,"corrosion Research, corrosion Technology",interest_666
corrosion analysis,CA,interest_667
cosmic dawn,CD,interest_668
cosmo-rs,CR,interest_669
cosmochemistry,"cosmochemistry Research, cosmochemistry Technology",interest_670
cosmology,"cosmology Research, cosmology Technology",interest_671
cost optimisation,CO,interest_672
covalent organic frameworks,COF,interest_673
co₂ utilization,"co₂ utilization Research, co₂ utilization Technology",interest_674
cps,"cps Research, cps Technology",interest_675
cps-iot & smart environments,CISE,interest_676
crash,"crash Research, crash Technology",interest_677
creep,"creep Research, creep Technology",interest_678
critical digital studies,CDS,interest_679
critical metals,CM,interest_680
crop improvement,CI,interest_681
crop modeling and simulation,CMS,interest_682
crop modelling,CM,interest_683
crop monitoring,CM,interest_684
cross-coupling reactions,CCR,interest_685
crustal evolution,CE,interest_686
cryogenic insulation,CI,interest_687
cryogenic transistor modeling,CTM,interest_688
cryptography,"cryptography Research, cryptography Technology",interest_689
cryptography and network security,"CNS, Telecommunications, Wireless Systems",interest_690
cryptology,"cryptology Research, cryptology Technology",interest_691
crysophere,"crysophere Research, crysophere Technology",interest_692
crystal engineering,CE,interest_693
crystal plasticity,CP,interest_694
crystal plasticity simulations,CPS,interest_695
crystallographic texture,CT,interest_696
crystallography,"crystallography Research, crystallography Technology",interest_697
csi in flexible body motion,CFBM,interest_698
cuffless blood pressure,CBP,interest_699
cultural studies,CS,interest_700
cyber physical systems,CPS,interest_701
cyber security,CS,interest_702
cyber-physical systems,CPS,interest_703
dam break analysis,DBA,interest_704
dam engineering,DE,interest_705
damage,"damage Research, damage Technology",interest_706
damage mechanics,DM,interest_707
data analyis,DA,interest_708
data analytics,DA,interest_709
data compression,DC,interest_710
data driven models,DDM,interest_711
data mining,DM,interest_712
data mining computer vision,"DMCV, Image Analysis, Visual Recognition",interest_713
data science,DS,interest_714
data science and analytics,DSA,interest_715
data science and engineering,DSE,interest_716
data-driven design,DDD,interest_717
database,"database Research, database Technology",interest_718
databases,"databases Research, databases Technology",interest_719
dearomatisation,"dearomatisation Research, dearomatisation Technology",interest_720
debris flows,DF,interest_721
decision making,DM,interest_722
decision modeling and analytics,DMA,interest_723
deep eutectic solvents,DES,interest_724
deep learniing,DL,interest_725
deep learning,"Artificial Intelligence, Convolutional Networks, DL, Deep Neural Networks, Machine Intelligence, Representation Learning, Transformers",interest_726
deep neural networks,"DNN, Telecommunications, Wireless Systems",interest_727
defect-structure property correlations,DSPC,interest_728
deformation,"deformation Research, deformation Technology",interest_729
deformation mechanisms,DM,interest_730
delay and fractional differential equations,DFDE,interest_731
delay differential equations,DDE,interest_732
demand respose,DR,interest_733
dense membranes,DM,interest_734
density functional theory,DFT,interest_735
density-functional theory,DFT,interest_736
desalination,"desalination Research, desalination Technology",interest_737
desiccant cooling,DC,interest_738
design and analysis,DA,interest_739
design and analysis of algorithms,DAA,interest_740
design and manufacturing,DM,interest_741
design education,DE,interest_742
design for additive manufacturing,DAM,interest_743
design methods,DM,interest_744
design of rolling element bearings for,DREB,interest_745
design optimization,DO,interest_746
design research,DR,interest_747
design science,DS,interest_748
desulfurization,"desulfurization Research, desulfurization Technology",interest_749
detector development and instrumentation,DDI,interest_750
deuteration,"deuteration Research, deuteration Technology",interest_751
developental biology,"Biomedical Engineering, Biotechnology, DB",interest_752
development economics,DE,interest_753
developmental biology,"Biomedical Engineering, Biotechnology, DB",interest_754
device physics,DP,interest_755
devices,"devices Research, devices Technology",interest_756
dewetting,"dewetting Research, dewetting Technology",interest_757
dft,"dft Research, dft Technology",interest_758
diagnosis and therapeutics,DT,interest_759
diagnostic ultrasound,DU,interest_760
diagnostics,"diagnostics Research, diagnostics Technology",interest_761
diamond,"diamond Research, diamond Technology",interest_762
diamond coatings for tec,DCT,interest_763
diamondtronics and oxide electronics,DOE,interest_764
dielectric resonator antenna,DRA,interest_765
dielectric resonator antennas,DRA,interest_766
dielectrics,"dielectrics Research, dielectrics Technology",interest_767
differential equations,DE,interest_768
diffraction,"diffraction Research, diffraction Technology",interest_769
digital agriculture,DA,interest_770
digital communication,"DC, Telecommunications, Wireless Systems",interest_771
digital fabrication,DF,interest_772
digital geometry processing,DGP,interest_773
digital health,DH,interest_774
digital image forensics,"DIF, Image Analysis, Visual Recognition",interest_775
digital image processing,"DIP, Image Analysis, Visual Recognition",interest_776
digital photoelasticity,DP,interest_777
digital protection & automation,DPA,interest_778
digital signal processing,DSP,interest_779
digital soil mapping,DSM,interest_780
digital twin,DT,interest_781
digital twins,DT,interest_782
digital-numerical protection,DNP,interest_783
dimond like carbon films,DLCF,interest_784
dinsar,"dinsar Research, dinsar Technology",interest_785
diode lasers,DL,interest_786
direct air capture,"Artificial Intelligence, DAC, Machine Intelligence",interest_787
direct digital manufacturing,DDM,interest_788
direct energy deposition,"Clean Energy, DED, Renewable Energy Systems",interest_789
discrete element method,DEM,interest_790
displays,"displays Research, displays Technology",interest_791
distributed algorithms,DA,interest_792
distributed computing,DC,interest_793
distributed control,"Autonomous Systems, DC, Robotics & Automation",interest_794
distributed generation,DG,interest_795
distribution automation,DA,interest_796
distribution system improvemen,DSI,interest_797
distribution systems,DS,interest_798
distribution theory,DT,interest_799
distributued algorithm,DA,interest_800
dithiocarbamates,"dithiocarbamates Research, dithiocarbamates Technology",interest_801
dmfc,"dmfc Research, dmfc Technology",interest_802
dna alkylation,DA,interest_803
dna nanotechnology,"DN, Nanoscale Science, Nanotechnology",interest_804
dna repair,"Artificial Intelligence, DR, Machine Intelligence",interest_805
dna repair and protein engineering,"Artificial Intelligence, DRPE, Machine Intelligence",interest_806
domain adaptation,"Artificial Intelligence, DA, Machine Intelligence",interest_807
domain generalization,"Artificial Intelligence, DG, Machine Intelligence",interest_808
domain specific ai hardware accelerators,"Artificial Intelligence, DSAHA, Machine Intelligence",interest_809
donor acceptor systems,DAS,interest_810
downstream processing,DP,interest_811
drainage engineering,"Artificial Intelligence, DE, Machine Intelligence",interest_812
driver bahviour,DB,interest_813
drives,"drives Research, drives Technology",interest_814
driving behavior,DB,interest_815
droplet combustion,DC,interest_816
drops,"drops Research, drops Technology",interest_817
drr and adaptation policy strategies,DAPS,interest_818
drug,"drug Research, drug Technology",interest_819
drug delivery,DD,interest_820
drug design,DD,interest_821
drug designing,DD,interest_822
drug development,DD,interest_823
drug discovery,DD,interest_824
drug discovery and cancer immunotherapy,DDCI,interest_825
drug formulations,DF,interest_826
drug resistance and bioremediation,"Biomedical Engineering, Biotechnology, DRB",interest_827
drug target and discovery,DTD,interest_828
drug targets,DT,interest_829
dsp techniques in communications,"DTC, Telecommunications, Wireless Systems",interest_830
dsscs and perovskite solar cells,"Clean Energy, DPSC, Renewable Energy Systems",interest_831
dual catalysis,DC,interest_832
durability,"durability Research, durability Technology",interest_833
dye,"dye Research, dye Technology",interest_834
dye removal,DR,interest_835
dynamic fracture,DF,interest_836
dynamic soil properties,DSP,interest_837
dynamic system,DS,interest_838
dynamic traffic,DT,interest_839
dynamic traffic assignment,DTA,interest_840
dynamical system theory,DST,interest_841
dynamical systems,DS,interest_842
dynamics,"dynamics Research, dynamics Technology",interest_843
dynamics and control,"Autonomous Systems, DC, Robotics & Automation",interest_844
e-business,EB,interest_845
e-waste,EW,interest_846
ear recognition,ER,interest_847
early warning systems,EWS,interest_848
earth sciences,ES,interest_849
earthquake,"earthquake Research, earthquake Technology",interest_850
earthquake early warning,EEW,interest_851
earthquake engineering,EE,interest_852
ecdm,"ecdm Research, ecdm Technology",interest_853
ecological climatology,EC,interest_854
econometrics,"econometrics Research, econometrics Technology",interest_855
economic geography,EG,interest_856
economics of information systems,EIS,interest_857
edge ai,"Artificial Intelligence, EA, Edge Computing, Edge Inference, Machine Intelligence, On-Device AI, TinyML",interest_858
edge computing,EC,interest_859
edge-cloud continuum,ECC,interest_860
edm,"edm Research, edm Technology",interest_861
education,"education Research, education Technology",interest_862
education for sustainability,"Artificial Intelligence, ES, Machine Intelligence",interest_863
educational psychology,EP,interest_864
educational technology,ET,interest_865
eeg,"eeg Research, eeg Technology",interest_866
efficient deep learning,"Artificial Intelligence, EDL, Machine Intelligence",interest_867
ehealth,"ehealth Research, ehealth Technology",interest_868
eia/emp studies,EES,interest_869
eis,"eis Research, eis Technology",interest_870
ejector flows,EF,interest_871
elastocapillary effect,EE,interest_872
elastodynamics,"elastodynamics Research, elastodynamics Technology",interest_873
elastography,"elastography Research, elastography Technology",interest_874
electric vehicles,EV,interest_875
electrical and thermal transport,ETT,interest_876
electrical engineering,EE,interest_877
electrical engineering and energy,"Clean Energy, EEE, Renewable Energy Systems",interest_878
electrical machinery,EM,interest_879
electro-a,EA,interest_880
electro-and bio-remediation,"Biomedical Engineering, Biotechnology, EBR",interest_881
electroanalytical chemistry,EC,interest_882
electrocaloric,"electrocaloric Research, electrocaloric Technology",interest_883
electrocaloric elastocaloric,EE,interest_884
electrocatalysis,"electrocatalysis Research, electrocatalysis Technology",interest_885
electrocatalyst for energy systems,"Clean Energy, EES, Renewable Energy Systems",interest_886
electrochemical devices,ED,interest_887
electrochemical energy conversion and,"Clean Energy, EEC, Renewable Energy Systems",interest_888
electrochemical energy storage,"Clean Energy, EES, Renewable Energy Systems",interest_889
electrochemical energy systems,"Clean Energy, EES, Renewable Energy Systems",interest_890
electrochemistry,"electrochemistry Research, electrochemistry Technology",interest_891
electrochromic device,ED,interest_892
electrochromic devices,ED,interest_893
electrochromic material,"Advanced Materials, EM, Materials Science",interest_894
electrochromics,"electrochromics Research, electrochromics Technology",interest_895
electrodeposition,"electrodeposition Research, electrodeposition Technology",interest_896
electrohydrodynamics,"electrohydrodynamics Research, electrohydrodynamics Technology",interest_897
electrokinetic flows,EF,interest_898
electromagnetic theory,ET,interest_899
electromagnetics,"electromagnetics Research, electromagnetics Technology",interest_900
electromembrane drug delivery phase,EDDP,interest_901
electron microscopy,EM,interest_902
electronic cooling,EC,interest_903
electronic design automation,EDA,interest_904
electronic materials,"Advanced Materials, EM, Materials Science",interest_905
electronic materials & devices,"Advanced Materials, EMD, Materials Science",interest_906
electronic packaging,EP,interest_907
electronic structure,ES,interest_908
electronic waste recycling,EWR,interest_909
electronic-skin,ES,interest_910
electronics,"electronics Research, electronics Technology",interest_911
electronics cooling,EC,interest_912
electrophoresis,"electrophoresis Research, electrophoresis Technology",interest_913
electrospinning,"electrospinning Research, electrospinning Technology",interest_914
electrospun nanofibers,"EN, Nanoscale Science, Nanotechnology",interest_915
ellipsometry,"ellipsometry Research, ellipsometry Technology",interest_916
emat,"emat Research, emat Technology",interest_917
embedded hardware,EH,interest_918
embedded systems,ES,interest_919
embedded systems for renewable energy sources and storage,"Clean Energy, ESRESS, Renewable Energy Systems",interest_920
embedded systesm for health care,ESHC,interest_921
emerging contaminants,EC,interest_922
emerging contaminat removal,ECR,interest_923
emerging memories,EM,interest_924
emissions,"emissions Research, emissions Technology",interest_925
emotional design,ED,interest_926
emotions,"emotions Research, emotions Technology",interest_927
empirical macroeconomics,EM,interest_928
enantioselective synthesis,ES,interest_929
enantioseparation,"enantioseparation Research, enantioseparation Technology",interest_930
end-fire antennas,EFA,interest_931
endocrinology,"endocrinology Research, endocrinology Technology",interest_932
energetic oxidizers propalents,EOP,interest_933
energy,"Clean Energy, Renewable Energy Systems",interest_934
energy & environment,"Clean Energy, EE, Renewable Energy Systems",interest_935
energy - electrode electrolyte,"Clean Energy, EEE, Renewable Energy Systems",interest_936
energy analysis of,"Clean Energy, EA, Renewable Energy Systems",interest_937
energy and fuels,"Clean Energy, EF, Renewable Energy Systems",interest_938
energy co,"Clean Energy, EC, Renewable Energy Systems",interest_939
energy conversion,"Clean Energy, EC, Renewable Energy Systems",interest_940
energy conversion & storage,"Clean Energy, ECS, Renewable Energy Systems",interest_941
energy conversion and storage,"Clean Energy, ECS, Renewable Energy Systems",interest_942
energy devices,"Clean Energy, ED, Renewable Energy Systems",interest_943
energy efficiency,"Clean Energy, EE, Renewable Energy Systems",interest_944
energy efficient,"Clean Energy, EE, Renewable Energy Systems",interest_945
energy generation,"Clean Energy, EG, Renewable Energy Systems",interest_946
energy generation and storage,"Clean Energy, EGS, Renewable Energy Systems",interest_947
energy geomechanics,"Clean Energy, EG, Renewable Energy Systems",interest_948
energy harvesting,"Clean Energy, EH, Renewable Energy Systems",interest_949
energy harvesting and storage,"Clean Energy, EHS, Renewable Energy Systems",interest_950
energy harvesting based on 2d/hybrid,"Clean Energy, EHBO2H, Renewable Energy Systems",interest_951
energy harvesting system,"Clean Energy, EHS, Renewable Energy Systems",interest_952
energy infrastructure,"Clean Energy, EI, Renewable Energy Systems",interest_953
energy management systems,"Clean Energy, EMS, Renewable Energy Systems",interest_954
energy materials,"Advanced Materials, Clean Energy, EM, Materials Science, Renewable Energy Systems",interest_955
energy materials for,"Advanced Materials, Clean Energy, EM, Materials Science, Renewable Energy Systems",interest_956
energy policy,"Clean Energy, EP, Renewable Energy Systems",interest_957
energy science & engineering,"Clean Energy, ESE, Renewable Energy Systems",interest_958
energy storage,"Clean Energy, ES, Renewable Energy Systems",interest_959
energy storage and,"Clean Energy, ES, Renewable Energy Systems",interest_960
energy storage and conversion materials,"Advanced Materials, Clean Energy, ESCM, Materials Science, Renewable Energy Systems",interest_961
energy storage capacitors,"Clean Energy, ESC, Renewable Energy Systems",interest_962
energy storage devices,"Clean Energy, ESD, Renewable Energy Systems",interest_963
energy storage materials,"Advanced Materials, Clean Energy, ESM, Materials Science, Renewable Energy Systems",interest_964
energy storage/conversion devices,"Clean Energy, ESCD, Renewable Energy Systems",interest_965
energy storage/harvesting,"Clean Energy, ESH, Renewable Energy Systems",interest_966
energy systems,"Clean Energy, ES, Renewable Energy Systems",interest_967
energy technology,"Clean Energy, ET, Renewable Energy Systems",interest_968
engine control,"Autonomous Systems, EC, Robotics & Automation",interest_969
engineering,"engineering Research, engineering Technology",interest_970
engineering (water and waste water treatment,EWWWT,interest_971
engineering behaviour of jointed rocks and,EBJR,interest_972
engineering geology,EG,interest_973
engineering geology and rock mechanics,EGRM,interest_974
engineering hydrology,EH,interest_975
engineering seismology,ES,interest_976
enhanced oil recovery,EOR,interest_977
entrepreneurship-as-practice,EAP,interest_978
environment,"environment Research, environment Technology",interest_979
environment & health,EH,interest_980
environment and development,ED,interest_981
environment and economics,EE,interest_982
environment and resource economics,ERE,interest_983
environment microbiology,"Biomedical Engineering, Biotechnology, EM",interest_984
environmental and water resources,EWR,interest_985
environmental bioprocess,"Biomedical Engineering, Biotechnology, EB",interest_986
environmental biotechnology,"Biomedical Engineering, Biotechnology, EB",interest_987
environmental biotechnology &,"Biomedical Engineering, Biotechnology, EB",interest_988
environmental chemistry,EC,interest_989
environmental economics,EE,interest_990
environmental engineering,EE,interest_991
environmental engneering,EE,interest_992
environmental flow,EF,interest_993
environmental microbiology,"Biomedical Engineering, Biotechnology, EM",interest_994
environmental nanotechnology,"EN, Nanoscale Science, Nanotechnology",interest_995
environmental pollution,EP,interest_996
environmental remediation,ER,interest_997
environmental science and egg,ESE,interest_998
environmental sciences,ES,interest_999
environmental sustainability,"Artificial Intelligence, ES, Machine Intelligence",interest_1000
enzyme,"enzyme Research, enzyme Technology",interest_1001
enzyme and microbial technology,EMT,interest_1002
enzyme chemistry,EC,interest_1003
enzyme engineering,EE,interest_1004
enzymes,"enzymes Research, enzymes Technology",interest_1005
epigenetics,"epigenetics Research, epigenetics Technology",interest_1006
epitaxial thin films,ETF,interest_1007
epitaxy,"epitaxy Research, epitaxy Technology",interest_1008
ergonomics,"ergonomics Research, ergonomics Technology",interest_1009
erosion wear,EW,interest_1010
estimation theory,ET,interest_1011
etc,"etc Research, etc Technology",interest_1012
ethnic entp,EE,interest_1013
ev chargers & motors,ECM,interest_1014
ev integration,EI,interest_1015
evaporation/condensation of drops,ECD,interest_1016
evolution,"evolution Research, evolution Technology",interest_1017
evolution of multipartite chromosome,EMC,interest_1018
evolutionary algorithms,EA,interest_1019
evop,"evop Research, evop Technology",interest_1020
evs,"evs Research, evs Technology",interest_1021
excited state prototropism,ESP,interest_1022
exoplanets,"exoplanets Research, exoplanets Technology",interest_1023
experimental aerodynamics,EA,interest_1024
experimental condensed matter physics,ECMP,interest_1025
experimental fluid dynamics,EFD,interest_1026
experimental fluid mechanics,EFM,interest_1027
experimental geotechnics,EG,interest_1028
experimental high energy physics,"Clean Energy, EHEP, Renewable Energy Systems",interest_1029
experimental mechanics,EM,interest_1030
experimental methods,EM,interest_1031
experimental phy chem,EPC,interest_1032
experimental physics,EP,interest_1033
explainable & generalization ai,"Artificial Intelligence, EGA, Machine Intelligence",interest_1034
exposure assessment,EA,interest_1035
expt and num analyses in manuf,ENAM,interest_1036
extended reality,ER,interest_1037
extents of reaction,ER,interest_1038
extraction separation and recovery of metals,ESRM,interest_1039
extractive metallurgy,EM,interest_1040
extremal problems,EP,interest_1041
extremum seeking control,"Autonomous Systems, ESC, Robotics & Automation",interest_1042
fabrication,"fabrication Research, fabrication Technology",interest_1043
face recognition,FR,interest_1044
facility design,FD,interest_1045
faecal sludge management,FSM,interest_1046
fame,"fame Research, fame Technology",interest_1047
farm machinery,FM,interest_1048
fast algorithms,FA,interest_1049
fast radio bursts,FRB,interest_1050
fatigue,"fatigue Research, fatigue Technology",interest_1051
fatigue & fracture mechanics,FFM,interest_1052
fatigue & impact,FI,interest_1053
fatigue and fracture,FF,interest_1054
fault diagnosis,FD,interest_1055
fault diagnostic and prognostic,FDP,interest_1056
fault tolerance,FT,interest_1057
fdi,"fdi Research, fdi Technology",interest_1058
fe analysis,FA,interest_1059
fea,"fea Research, fea Technology",interest_1060
fecal sludge and septage management,FSSM,interest_1061
federated learning,"Artificial Intelligence, FL, Machine Intelligence",interest_1062
fem,"fem Research, fem Technology",interest_1063
femtosecond pulse shaping,FPS,interest_1064
ferrites,"ferrites Research, ferrites Technology",interest_1065
ferroelectric,"ferroelectric Research, ferroelectric Technology",interest_1066
ferroelectric fet,FF,interest_1067
ferroelectric liquid crystals,FLC,interest_1068
ferroelectric thin films,FTF,interest_1069
ferroelectrics,"ferroelectrics Research, ferroelectrics Technology",interest_1070
ferroics,"ferroics Research, ferroics Technology",interest_1071
ferrous extraction,FE,interest_1072
fes for stroke & cp children,FSCC,interest_1073
few-shot / zero-shot learning,"Artificial Intelligence, FSZSL, Machine Intelligence",interest_1074
fiber optics,FO,interest_1075
fiber reinforced,FR,interest_1076
field emission,FE,interest_1077
field ion microscopy and atom probe,FIMAP,interest_1078
film studies,FS,interest_1079
filt,"filt Research, filt Technology",interest_1080
filters,"filters Research, filters Technology",interest_1081
finance,"finance Research, finance Technology",interest_1082
finance and accounting,FA,interest_1083
financial cryptography,FC,interest_1084
financial management,FM,interest_1085
financial markets,FM,interest_1086
finite element,FE,interest_1087
finite element analysis,FEA,interest_1088
finite element method,FEM,interest_1089
finite element methods,FEM,interest_1090
finite element model,FEM,interest_1091
finite frame theory and its application to,FFTIA,interest_1092
fire dynamics,FD,interest_1093
fire structural engineering,FSE,interest_1094
firm dynamics,FD,interest_1095
first principles calculations,FPC,interest_1096
fixed point theory,FPT,interest_1097
flapping wing aerodynamics,FWA,interest_1098
flexible & printed electronics,FPE,interest_1099
flexible devices and sensors,FDS,interest_1100
flexible electronics,FE,interest_1101
flexible photodetector,FP,interest_1102
flexible sensors,FS,interest_1103
flexible solar,"Clean Energy, FS, Renewable Energy Systems",interest_1104
flexoelectricity,"flexoelectricity Research, flexoelectricity Technology",interest_1105
flight control,"Autonomous Systems, FC, Robotics & Automation",interest_1106
flight dynamics,FD,interest_1107
flight mechanics,FM,interest_1108
flim/fcs,FF,interest_1109
flipped classroom,FC,interest_1110
flood forecasting using ai/ml,"Artificial Intelligence, FFUAM, Machine Intelligence",interest_1111
flood hydrology,FH,interest_1112
flood risk analysis,FRA,interest_1113
flouroscense,"flouroscense Research, flouroscense Technology",interest_1114
flow instability,FI,interest_1115
flow measurement,FM,interest_1116
flow past deformable solid surfaces,FPDSS,interest_1117
flow through fractured reservoirs  -  eor,FTFRE,interest_1118
flow through porous media,FTPM,interest_1119
fluid dynamics,FD,interest_1120
fluid flow,FF,interest_1121
fluid machinery,FM,interest_1122
fluid mechanics,FM,interest_1123
fluid mechanics and heat transfer,FMHT,interest_1124
fluid turbulence,FT,interest_1125
fluid-structure interaction,FSI,interest_1126
fluidic,"fluidic Research, fluidic Technology",interest_1127
fluidization,"fluidization Research, fluidization Technology",interest_1128
fluidized bed,FB,interest_1129
fluidized bed technology,FBT,interest_1130
fluorescence,"fluorescence Research, fluorescence Technology",interest_1131
fluorescence spectroscopy,FS,interest_1132
fluorinated polymers,FP,interest_1133
fluorogenic drug delivery,FDD,interest_1134
fmpe,"fmpe Research, fmpe Technology",interest_1135
foam concrete,FC,interest_1136
focused ion beams,FIB,interest_1137
fog and edge computing,FEC,interest_1138
food engineering,FE,interest_1139
food packaging,FP,interest_1140
food process engineering,FPE,interest_1141
food safety,FS,interest_1142
food science & technology,FST,interest_1143
food science and technology,FST,interest_1144
forecasting,"forecasting Research, forecasting Technology",interest_1145
forest informatics,FI,interest_1146
forest management & food laws,FMFL,interest_1147
form studies,FS,interest_1148
formal language,FL,interest_1149
formal methods,FM,interest_1150
formative assessment,FA,interest_1151
foundation,"foundation Research, foundation Technology",interest_1152
foundation engineering,FE,interest_1153
fractional calculus,FC,interest_1154
fractional differential equations,FDE,interest_1155
fractional order element,FOE,interest_1156
fracture,"fracture Research, fracture Technology",interest_1157
fracture and damage mechanics,FDM,interest_1158
fracture and fatigue mechanics,FFM,interest_1159
fracture behaviour,FB,interest_1160
fracture mechanics,FM,interest_1161
free-energy simulations,"Clean Energy, FES, Renewable Energy Systems",interest_1162
frequency selective surface,FSS,interest_1163
freshwater macroinvertebrates,FM,interest_1164
fretting,"fretting Research, fretting Technology",interest_1165
friction,"friction Research, friction Technology",interest_1166
friction stir processing,FSP,interest_1167
frp composites,FC,interest_1168
frugal design,FD,interest_1169
fsi,"fsi Research, fsi Technology",interest_1170
fso,"fso Research, fso Technology",interest_1171
fss,"fss Research, fss Technology",interest_1172
fsw/fsp,FF,interest_1173
fuel cell,"Clean Energy, FC, Renewable Energy Systems",interest_1174
fuels and chemicals from renewable,"Clean Energy, FCFR, Renewable Energy Systems",interest_1175
full-duplex radios,FDR,interest_1176
functional,"functional Research, functional Technology",interest_1177
functional biomaterials,"Advanced Materials, Biomedical Engineering, Biotechnology, FB, Materials Science",interest_1178
functional genomics,FG,interest_1179
functional genomics of rice,FGR,interest_1180
functional material- nitride & oxide,"Advanced Materials, FMNO, Materials Science",interest_1181
functional materials,"Advanced Materials, FM, Materials Science",interest_1182
functional organic materials,"Advanced Materials, FOM, Materials Science",interest_1183
fundamental science,FS,interest_1184
fuzzy data envelopment analysis,FDEA,interest_1185
fuzzy geometry,FG,interest_1186
fuzzy logic,FL,interest_1187
fuzzy logic & approximate reasoning,FLAR,interest_1188
fuzzy reliability,FR,interest_1189
galaxy formation and evolution,GFE,interest_1190
gan,"gan Research, gan Technology",interest_1191
gas adsorption and separation,GAS,interest_1192
gas dynamics,GD,interest_1193
gas hydrates,GH,interest_1194
gas sensing,GS,interest_1195
gas sensors,GS,interest_1196
gas separation,GS,interest_1197
gas separation: membranes,GSM,interest_1198
gear engineering,GE,interest_1199
gear fault diagnosis,GFD,interest_1200
gelation and rheology,GR,interest_1201
genai,"Artificial Intelligence, Machine Intelligence",interest_1202
gender,"gender Research, gender Technology",interest_1203
gene therapy,GT,interest_1204
gene therapy: neuro-ophthalmic & blood,GTNOB,interest_1205
general relativity,GR,interest_1206
general theory of relativity and black holes,GTRBH,interest_1207
genetic agorithms,GA,interest_1208
genetics,"genetics Research, genetics Technology",interest_1209
genomics and hiv pathogenesis,GHP,interest_1210
geo-energy systems,"Clean Energy, GES, Renewable Energy Systems",interest_1211
geo-environmental engineering,GEE,interest_1212
geo-mechanics,GM,interest_1213
geoai,"Artificial Intelligence, Machine Intelligence",interest_1214
geochemistry,"geochemistry Research, geochemistry Technology",interest_1215
geochronology,"geochronology Research, geochronology Technology",interest_1216
geoenvironmental eng,GE,interest_1217
geohazards,"geohazards Research, geohazards Technology",interest_1218
geohydrology,"geohydrology Research, geohydrology Technology",interest_1219
geohydrology),"geohydrology) Research, geohydrology) Technology",interest_1220
geoinformatics,"geoinformatics Research, geoinformatics Technology",interest_1221
geology,"geology Research, geology Technology",interest_1222
geometric function theory,GFT,interest_1223
geomorphology,"geomorphology Research, geomorphology Technology",interest_1224
geophysical investigation,GI,interest_1225
geopolymer concrete,GC,interest_1226
geospatial modeling,GM,interest_1227
geosynthetic engineering,GE,interest_1228
geosynthetics,"geosynthetics Research, geosynthetics Technology",interest_1229
geotechnical and geoenvironmental,GG,interest_1230
geotechnical earthquake engineering,GEE,interest_1231
geotechnical eng,GE,interest_1232
geotechnical engineering,GE,interest_1233
gerontology,"gerontology Research, gerontology Technology",interest_1234
gesocience,"gesocience Research, gesocience Technology",interest_1235
gis,"gis Research, gis Technology",interest_1236
gis and remote sensing,GRS,interest_1237
glaciology,"glaciology Research, glaciology Technology",interest_1238
glass-ceramics,GC,interest_1239
glasses and glass-ceramics,GGC,interest_1240
global value chains,"Artificial Intelligence, GVC, Machine Intelligence",interest_1241
glycoscience,"glycoscience Research, glycoscience Technology",interest_1242
gmpe,"gmpe Research, gmpe Technology",interest_1243
gnss remote sensing,GRS,interest_1244
gps,"gps Research, gps Technology",interest_1245
gradient nanostructured alloys,"GNA, Nanoscale Science, Nanotechnology",interest_1246
graft copolymers,GC,interest_1247
grain boundaries,"Artificial Intelligence, GB, Machine Intelligence",interest_1248
granular flows,GF,interest_1249
graph analytics,GA,interest_1250
graph colorings,GC,interest_1251
graph neural network (gnn),"GNNG, Telecommunications, Wireless Systems",interest_1252
graph theory,GT,interest_1253
graphene,"graphene Research, graphene Technology",interest_1254
graphene & 2d systems,G2S,interest_1255
graphene microscopy,GM,interest_1256
graphs and matrices,GM,interest_1257
grasping,"grasping Research, grasping Technology",interest_1258
gravitation and cosmology,GC,interest_1259
gravitational waves,GW,interest_1260
gravity,"gravity Research, gravity Technology",interest_1261
grbs,"grbs Research, grbs Technology",interest_1262
green chemistry,GC,interest_1263
green composites,GC,interest_1264
green energy,"Clean Energy, GE, Renewable Energy Systems",interest_1265
green finance & green energy,"Clean Energy, GFGE, Renewable Energy Systems",interest_1266
green hydrgen,GH,interest_1267
green hydrogen,GH,interest_1268
green materials,"Advanced Materials, GM, Materials Science",interest_1269
green technology,GT,interest_1270
green transition,GT,interest_1271
greenhouse,"greenhouse Research, greenhouse Technology",interest_1272
greenhouse gas,GG,interest_1273
grid 2 vehicle,G2V,interest_1274
grinding,"grinding Research, grinding Technology",interest_1275
ground improvement,GI,interest_1276
ground motion simulation,GMS,interest_1277
ground motion studies,GMS,interest_1278
ground water,GW,interest_1279
groundwater,"groundwater Research, groundwater Technology",interest_1280
groundwater management,GM,interest_1281
groundwater modeling,GM,interest_1282
group dynamics,GD,interest_1283
group technology,GT,interest_1284
growth-defect-diffusionoxide,GDD,interest_1285
guidance & navigation,GN,interest_1286
gut-brain axis,"Artificial Intelligence, GBA, Machine Intelligence",interest_1287
h2 production,HP,interest_1288
h2 storage,HS,interest_1289
halide perovskite,HP,interest_1290
halide perovskites,HP,interest_1291
hand and leg exoskeletons,HLE,interest_1292
haptics,"haptics Research, haptics Technology",interest_1293
harbour,"harbour Research, harbour Technology",interest_1294
hardware,"hardware Research, hardware Technology",interest_1295
hardware design,HD,interest_1296
hardware security,HS,interest_1297
hardware security and trust,HST,interest_1298
harmonic analysis,HA,interest_1299
harmonic mappings,HM,interest_1300
hcci,"hcci Research, hcci Technology",interest_1301
hci,"hci Research, hci Technology",interest_1302
health,"health Research, health Technology",interest_1303
health delivery,HD,interest_1304
health monitoring of hydraulic,HMH,interest_1305
health psychology,HP,interest_1306
health risk,HR,interest_1307
healthcare delivery models for low resource,HDMLR,interest_1308
healthcare interoperability,HI,interest_1309
healthcare management,HM,interest_1310
healthcare nanotechnology,"HN, Nanoscale Science, Nanotechnology",interest_1311
healthcare technology,HT,interest_1312
heat and mass transfer,HMT,interest_1313
heat and moisture transport through saturated,HMTTS,interest_1314
heat exchangers,HE,interest_1315
heat pipes,HP,interest_1316
heat t,HT,interest_1317
heat transfer,HT,interest_1318
heat transfer - radiation,HTR,interest_1319
heat transfer and fluid dynamics,HTFD,interest_1320
heat transfer enhancement,HTE,interest_1321
heat transfer in enclosures,HTE,interest_1322
heat transfer in manufacturing,HTM,interest_1323
heat transfer in microchannels,HTM,interest_1324
heat transfer through insulation systems,HTTIS,interest_1325
heat transport at nanoscale,"HTAN, Nanoscale Science, Nanotechnology",interest_1326
heavy fermions,HF,interest_1327
heavy metal adsorption,HMA,interest_1328
heavy metal removal,HMR,interest_1329
heterocyclic chemistry,HC,interest_1330
heterocylic synthesis,HS,interest_1331
heterogeneous catalysis,HC,interest_1332
heterogeneous photocatalysis,HP,interest_1333
hetrogeneous catalysis,HC,interest_1334
heuristic method in optimization,HMO,interest_1335
hho methods,HM,interest_1336
high energy materials,"Advanced Materials, Clean Energy, HEM, Materials Science, Renewable Energy Systems",interest_1337
high energy particle physics,"Clean Energy, HEPP, Renewable Energy Systems",interest_1338
high energy physics,"Clean Energy, HEP, Renewable Energy Systems",interest_1339
high energy physics phenomenology,"Clean Energy, HEPP, Renewable Energy Systems",interest_1340
high energy theoretical physics,"Clean Energy, HETP, Renewable Energy Systems",interest_1341
high eneryg physics,HEP,interest_1342
high enthalpy flows,HEF,interest_1343
high entropy alloys,HEA,interest_1344
high entropy alloys & intermetallics,HEAI,interest_1345
high entropy oxides,HEO,interest_1346
high entropy oxides (heos),HEOH,interest_1347
high entropy thinfilms,HET,interest_1348
high level synthesis,HLS,interest_1349
high performance computing,HPC,interest_1350
high strain rate deformation,"Artificial Intelligence, HSRD, Machine Intelligence",interest_1351
high strain rate response,"Artificial Intelligence, HSRR, Machine Intelligence",interest_1352
high temperature alloys,HTA,interest_1353
high temperature materials,"Advanced Materials, HTM, Materials Science",interest_1354
high voltage and wireless power transfer,"HVWPT, Telecommunications, Wireless Systems",interest_1355
high-energy astrophysics,"Clean Energy, HEA, Renewable Energy Systems",interest_1356
high-energy phenomena,"Clean Energy, HEP, Renewable Energy Systems",interest_1357
high-k and low loss ceramics and thin films,HKLLCTF,interest_1358
high-speed flows,HSF,interest_1359
high-speed jets,HSJ,interest_1360
high-temperature deformation,HTD,interest_1361
high-throughput dft,HTD,interest_1362
higher education policies,HEP,interest_1363
highly correleted electron,HCE,interest_1364
highway construction and quality control,"Autonomous Systems, HCQC, Robotics & Automation",interest_1365
highway geometric design,HGD,interest_1366
highway materials,"Advanced Materials, HM, Materials Science",interest_1367
highway safety,HS,interest_1368
himalayan tectonics,HT,interest_1369
history of mathematics,HM,interest_1370
hiv-1,H1,interest_1371
holography,"holography Research, holography Technology",interest_1372
homogeneous catalysis,HC,interest_1373
host pathogen interaction,HPI,interest_1374
host-pathogens interactions,HPI,interest_1375
hpc,"hpc Research, hpc Technology",interest_1376
hrm,"hrm Research, hrm Technology",interest_1377
human body thermodynamics and cognition,HBTC,interest_1378
human computer interaction,HCI,interest_1379
human exposure,HE,interest_1380
human factors in transportation,HFT,interest_1381
human haptics,HH,interest_1382
human molecular genetics,HMG,interest_1383
human resource management,HRM,interest_1384
human-centric risk-aware analytics,HCRAA,interest_1385
human-computer interaction,HCI,interest_1386
humanitarian supply chain management,"Artificial Intelligence, HSCM, Machine Intelligence",interest_1387
hybrid,"hybrid Research, hybrid Technology",interest_1388
hybrid nanomaterials,"Advanced Materials, HN, Materials Science, Nanoscale Science, Nanotechnology",interest_1389
hybrid sensors,HS,interest_1390
hybrid supercapacitors,HS,interest_1391
hydraulic control,"Autonomous Systems, HC, Robotics & Automation",interest_1392
hydraulic engineering,HE,interest_1393
hydraulic machines,HM,interest_1394
hydraulic structures,HS,interest_1395
hydraulics,"hydraulics Research, hydraulics Technology",interest_1396
hydro-climatology and extreme events,HCEE,interest_1397
hydroclimate,"hydroclimate Research, hydroclimate Technology",interest_1398
hydroclimatology,"hydroclimatology Research, hydroclimatology Technology",interest_1399
hydrodynamic machines,HM,interest_1400
hydrodynamic stabiilty,HS,interest_1401
hydrodynamics,"hydrodynamics Research, hydrodynamics Technology",interest_1402
hydroelasticity,"hydroelasticity Research, hydroelasticity Technology",interest_1403
hydrogels,"hydrogels Research, hydrogels Technology",interest_1404
hydrogen membrane,HM,interest_1405
hydrogen production,HP,interest_1406
hydrogen storage,HS,interest_1407
hydrogenation,"hydrogenation Research, hydrogenation Technology",interest_1408
hydrogeology,"hydrogeology Research, hydrogeology Technology",interest_1409
hydrologic modeling,HM,interest_1410
hydrological modelling,HM,interest_1411
hydrological processes,HP,interest_1412
hydrology,"hydrology Research, hydrology Technology",interest_1413
hydropower,"hydropower Research, hydropower Technology",interest_1414
hydrovoltaics,"Artificial Intelligence, Machine Intelligence",interest_1415
hyperspectral remote sensing,HRS,interest_1416
hypervalent iodine,HI,interest_1417
i/o psychology,IOP,interest_1418
ibm,"ibm Research, ibm Technology",interest_1419
ic engine,IE,interest_1420
ic engines,IE,interest_1421
ice calibration & testing,ICT,interest_1422
icme,"icme Research, icme Technology",interest_1423
igneous petrology,IP,interest_1424
iit kharagpur,IK,interest_1425
image and video coding,"IVC, Image Analysis, Visual Recognition",interest_1426
image and video quality assessment,"IVQA, Image Analysis, Visual Recognition",interest_1427
image processing,"DIP, Digital Image Processing, IP, Image Analysis, Image Enhancement, Segmentation, Visual Recognition",interest_1428
image processing and computer vision,"IPCV, Image Analysis, Visual Recognition",interest_1429
image processing of digital data,"IPDD, Image Analysis, Visual Recognition",interest_1430
image/video content analysis,"IVCA, Image Analysis, Visual Recognition",interest_1431
image/video processing,"IVP, Image Analysis, Visual Recognition",interest_1432
imaging,"imaging Research, imaging Technology",interest_1433
imapct of led on plant morphogenesis,ILOPM,interest_1434
immunology,"immunology Research, immunology Technology",interest_1435
immunoncology,"immunoncology Research, immunoncology Technology",interest_1436
impact evaluation,IE,interest_1437
impact mechanics,IM,interest_1438
impact of climate change,ICC,interest_1439
impact of distributed generation,IDG,interest_1440
impact on crops and human health,IOCHH,interest_1441
imultiphase flow,IF,interest_1442
in,"in Research, in Technology",interest_1443
in-plane thz photonics,PTP,interest_1444
in-situ composites,SC,interest_1445
in-situ tem studies,STS,interest_1446
in-vivo models,VM,interest_1447
inclusive design,ID,interest_1448
incremental identification,II,interest_1449
india's northeast focus on manipur,ISNFOM,interest_1450
indian modernity,IM,interest_1451
indian monsoon,IM,interest_1452
indian philosophy,IP,interest_1453
indoor air quality,"Artificial Intelligence, IAQ, Machine Intelligence",interest_1454
induction generators,IG,interest_1455
industrial ai,"Artificial Intelligence, IA, Machine Intelligence",interest_1456
industrial automation,IA,interest_1457
industrial ecology,IE,interest_1458
industrial economics,IE,interest_1459
industrial engineering,IE,interest_1460
industrial microbiology,"Biomedical Engineering, Biotechnology, IM",interest_1461
industrial psychology,IP,interest_1462
industry 4.0,I40,interest_1463
inelasticity of materials,"Advanced Materials, IM, Materials Science",interest_1464
infection associated cancer,IAC,interest_1465
infection biology,"Biomedical Engineering, Biotechnology, IB",interest_1466
infectious diseases,ID,interest_1467
inflammasome,"inflammasome Research, inflammasome Technology",interest_1468
inflammation,"inflammation Research, inflammation Technology",interest_1469
information retrieval,IR,interest_1470
information security,IS,interest_1471
information theory,IT,interest_1472
informational retrieval,IR,interest_1473
infrared thermography,IT,interest_1474
infrastructure planning and management,IPM,interest_1475
inhibitory control,"Autonomous Systems, IC, Robotics & Automation",interest_1476
injectable bone cements and value added,IBCVA,interest_1477
innate immune response,IIR,interest_1478
innovation,"innovation Research, innovation Technology",interest_1479
innovative material processing,"Advanced Materials, IMP, Materials Science",interest_1480
inorganic and organometallic chemistry,IOC,interest_1481
inorganic biochemistry,"Biomedical Engineering, Biotechnology, IB",interest_1482
inorganic chemistry,IC,interest_1483
inorganic nanostructures,"IN, Nanoscale Science, Nanotechnology",interest_1484
inorganic physical chemistry,IPC,interest_1485
inorganic synthesis,IS,interest_1486
insitu micro-mechanical testing,IMMT,interest_1487
instability at soft interfaces,IASI,interest_1488
instability-thin film-soft matter,ITFSM,interest_1489
instrumentation,"instrumentation Research, instrumentation Technology",interest_1490
integrated energy systems,"Clean Energy, IES, Renewable Energy Systems",interest_1491
integrated photonics,IP,interest_1492
integrated water management,IWM,interest_1493
integrative genomics,IG,interest_1494
intellectual property,IP,interest_1495
intellectual property management,IPM,interest_1496
intelligent control,"Autonomous Systems, IC, Robotics & Automation",interest_1497
intelligent sensing,IS,interest_1498
intelligent system design,ISD,interest_1499
intelligent systems and control,"Autonomous Systems, ISC, Robotics & Automation",interest_1500
intelligent transportation,IT,interest_1501
intelligent transportation system,ITS,interest_1502
intelligent transportation systems,ITS,interest_1503
interaction design,ID,interest_1504
interconnects,"interconnects Research, interconnects Technology",interest_1505
interface electronics,IE,interest_1506
interfaces,"interfaces Research, interfaces Technology",interest_1507
interfacial electron transfer,IET,interest_1508
interfacial mechanics,IM,interest_1509
interfacial phenomena,IP,interest_1510
interfacial phenomena and phase change,IPPC,interest_1511
interfacial solar steam generation,"Clean Energy, ISSG, Renewable Energy Systems",interest_1512
intergalactic medium,IM,interest_1513
interlayer coupling in multilayers,ICM,interest_1514
internal combustion engines,ICE,interest_1515
international economics,IE,interest_1516
international finance and econometric,IFE,interest_1517
international finance and housing economics,IFHE,interest_1518
international finance and trade,IFT,interest_1519
international trade,IT,interest_1520
internet,"internet Research, internet Technology",interest_1521
internet and blockchain,"Artificial Intelligence, IB, Machine Intelligence",interest_1522
internet of things,IT,interest_1523
internet of things (iot),ITI,interest_1524
internet-of-things,IT,interest_1525
interpretability,"interpretability Research, interpretability Technology",interest_1526
intertial sensors and analytical,ISA,interest_1527
inventory & scm,IS,interest_1528
inventory control,"Autonomous Systems, IC, Robotics & Automation",interest_1529
inventory management,IM,interest_1530
inverse problems,IP,interest_1531
investment casting,IC,interest_1532
io psychology,IP,interest_1533
ion beam physics,IBP,interest_1534
ion channel biology,"Biomedical Engineering, Biotechnology, ICB",interest_1535
ion transport,IT,interest_1536
ionic conductors,IC,interest_1537
ionic liquids,IL,interest_1538
ionic polymer membranes,IPM,interest_1539
ionic solvents,IS,interest_1540
ionosphere,"ionosphere Research, ionosphere Technology",interest_1541
ionotronics,"ionotronics Research, ionotronics Technology",interest_1542
iot,"iot Research, iot Technology",interest_1543
iot networks,"IN, Telecommunications, Wireless Systems",interest_1544
iot/cps communications,"ICC, Telecommunications, Wireless Systems",interest_1545
ip protection,IP,interest_1546
irrigation,"irrigation Research, irrigation Technology",interest_1547
irrigation management,IM,interest_1548
isotope production,IP,interest_1549
issues in high dimensional data analysis,IHDDA,interest_1550
its,"its Research, its Technology",interest_1551
ivd,"ivd Research, ivd Technology",interest_1552
ivhm,"ivhm Research, ivhm Technology",interest_1553
jet impingement,JI,interest_1554
joining of ceramics,JC,interest_1555
just migration,JM,interest_1556
kinetic theory,KT,interest_1557
kinetics,"kinetics Research, kinetics Technology",interest_1558
km,"km Research, km Technology",interest_1559
knowledge representation and reasoning,KRR,interest_1560
kohn sham,KS,interest_1561
l,"l Research, l Technology",interest_1562
lab on chip,LOC,interest_1563
lab-on-a-chip,LOAC,interest_1564
lab-on-a-chip devices,LOACD,interest_1565
label-free imaging,LFI,interest_1566
labour,"labour Research, labour Technology",interest_1567
labour economics,LE,interest_1568
land and water resource management,LWRM,interest_1569
landslide hazard,LH,interest_1570
landslides,"landslides Research, landslides Technology",interest_1571
langauge models,LM,interest_1572
language dynamics,LD,interest_1573
lanthanides,"lanthanides Research, lanthanides Technology",interest_1574
large deformations,LD,interest_1575
large scale structures,LSS,interest_1576
laser ablation,LA,interest_1577
laser and photonics,LP,interest_1578
laser assisted manufacturing and surface,LAMS,interest_1579
laser assisted sensing,LAS,interest_1580
laser diagnostics,LD,interest_1581
laser ignition,LI,interest_1582
laser material processing,"Advanced Materials, LMP, Materials Science",interest_1583
laser material processing & laser additive,"Advanced Materials, LMPLA, Materials Science",interest_1584
laser materials processing,"Advanced Materials, LMP, Materials Science",interest_1585
laser plasma,LP,interest_1586
laser processing,LP,interest_1587
laser processing of alloys,LPA,interest_1588
laser sintering,LS,interest_1589
lasers,"lasers Research, lasers Technology",interest_1590
lattice boltzmann simulations,LBS,interest_1591
lattice dynamics,LD,interest_1592
lattice structure,LS,interest_1593
law,"law Research, law Technology",interest_1594
layered oxide cathodes,LOC,interest_1595
lca,"lca Research, lca Technology",interest_1596
leachate,"leachate Research, leachate Technology",interest_1597
lead free piezoceramics,LFP,interest_1598
leadership and entrepren,LE,interest_1599
learning analytics,"Artificial Intelligence, LA, Machine Intelligence",interest_1600
legal ai,"Artificial Intelligence, LA, Machine Intelligence",interest_1601
legal analytics,LA,interest_1602
legged robots,"Autonomous Systems, LR, Robotics & Automation",interest_1603
lens,"lens Research, lens Technology",interest_1604
les and dns,LD,interest_1605
leukemia,"leukemia Research, leukemia Technology",interest_1606
li ion batteries,LIB,interest_1607
li-ion battery,"Clean Energy, LIB, Renewable Energy Systems",interest_1608
lidar,"lidar Research, lidar Technology",interest_1609
lie group application,LGA,interest_1610
life cycle analysis,LCA,interest_1611
life cycle assessment,"Cradle-to-Grave Analysis, Environmental Impact Assessment, LCA",interest_1612
light alloys,LA,interest_1613
light scattering,LS,interest_1614
light weight aggregate concrete,LWAC,interest_1615
light-emitting diodes,LED,interest_1616
linear algebra,LA,interest_1617
linear and nonlinear stability analsysis,LNSA,interest_1618
lipid bilayers,LB,interest_1619
lipid metabolism,LM,interest_1620
liposomes,"liposomes Research, liposomes Technology",interest_1621
liquefaction,"liquefaction Research, liquefaction Technology",interest_1622
liquefaction hazard,LH,interest_1623
liquid chromatography,LC,interest_1624
liquid crystal thin films,LCTF,interest_1625
liquid crystals,LC,interest_1626
liquid liquid phase separation,LLPS,interest_1627
liquid-liquid phase separation,LLPS,interest_1628
liquid/liquid separation,LLS,interest_1629
lithium,"lithium Research, lithium Technology",interest_1630
llms,"llms Research, llms Technology",interest_1631
local governance,LG,interest_1632
logistics management,LM,interest_1633
low coherence microscopy,LCM,interest_1634
low power,LP,interest_1635
low power design,LPD,interest_1636
low power vlsi,LPV,interest_1637
luminescent probes,LP,interest_1638
machine design,MD,interest_1639
machine intelligence,"Artificial Intelligence, MI, Machine Intelligence",interest_1640
machine learning,"Artificial Intelligence, ML, Machine Intelligence, Pattern Recognition, Predictive Modeling, Statistical Learning, Supervised Learning",interest_1641
machine learning and complex network,"Artificial Intelligence, MLCN, Machine Intelligence, Telecommunications, Wireless Systems",interest_1642
machine learning and deep learning,"Artificial Intelligence, MLDL, Machine Intelligence",interest_1643
machine learning and pattern recognition,"Artificial Intelligence, MLPR, Machine Intelligence",interest_1644
machine learning applications,"Artificial Intelligence, MLA, Machine Intelligence",interest_1645
machine learning augmented compact,"Artificial Intelligence, MLAC, Machine Intelligence",interest_1646
machine learning based life time prediction,"Artificial Intelligence, MLBLTP, Machine Intelligence",interest_1647
machine learning for cad,"Artificial Intelligence, MLC, Machine Intelligence",interest_1648
machine learning in process systems,"Artificial Intelligence, MLPS, Machine Intelligence",interest_1649
machine tools vibration and control,"Autonomous Systems, MTVC, Robotics & Automation",interest_1650
machining,"machining Research, machining Technology",interest_1651
machining (conventional & ntm),MCN,interest_1652
macrocyclic synthesis,MS,interest_1653
macroeconomic interactions,MI,interest_1654
macroeconomic theory and policy,MTP,interest_1655
macroeconomics,"macroeconomics Research, macroeconomics Technology",interest_1656
macroeconomics and policies,MP,interest_1657
magnetic materials,"Advanced Materials, MM, Materials Science",interest_1658
magnetic materials and devices,"Advanced Materials, MMD, Materials Science",interest_1659
magnetic nanoparticles,"MN, Nanoscale Science, Nanotechnology",interest_1660
magnetic nanostructures,"MN, Nanoscale Science, Nanotechnology",interest_1661
magnetic refrigeration,MR,interest_1662
magnetism,"magnetism Research, magnetism Technology",interest_1663
magnetism and spintronics,MS,interest_1664
magneto-transport,MT,interest_1665
magneto-transport properties,MTP,interest_1666
magnetoelectrics,"magnetoelectrics Research, magnetoelectrics Technology",interest_1667
magnetofluidics,"magnetofluidics Research, magnetofluidics Technology",interest_1668
magnon spintronics,MS,interest_1669
magnonics,"magnonics Research, magnonics Technology",interest_1670
main group,"Artificial Intelligence, MG, Machine Intelligence",interest_1671
main group chemistry,"Artificial Intelligence, MGC, Machine Intelligence",interest_1672
maintenance,"Artificial Intelligence, Machine Intelligence",interest_1673
maintenance engineering,"Artificial Intelligence, ME, Machine Intelligence",interest_1674
malaria,"malaria Research, malaria Technology",interest_1675
mammalian cell line development,MCLD,interest_1676
management,"management Research, management Technology",interest_1677
manipulation,"manipulation Research, manipulation Technology",interest_1678
manufacturing,"manufacturing Research, manufacturing Technology",interest_1679
manufacturing automation,MA,interest_1680
manufacturing processes,MP,interest_1681
manufacturing science,MS,interest_1682
manuscriptology,"manuscriptology Research, manuscriptology Technology",interest_1683
marine hydrodynamics,MH,interest_1684
market microstructure,MM,interest_1685
marketing,"marketing Research, marketing Technology",interest_1686
marketing  leadership,ML,interest_1687
marketing/branding,MB,interest_1688
mass transfer,MT,interest_1689
material,"Advanced Materials, Materials Science",interest_1690
material chemistry,"Advanced Materials, MC, Materials Science",interest_1691
material forming and joining,"Advanced Materials, MFJ, Materials Science",interest_1692
material physics,"Advanced Materials, MP, Materials Science",interest_1693
material science,"Advanced Materials, MS, Materials Science",interest_1694
material science and engineering,"Advanced Materials, MSE, Materials Science",interest_1695
materials,"Advanced Materials, Materials Science",interest_1696
materials chemistry,"Advanced Materials, MC, Materials Science",interest_1697
materials design,"Advanced Materials, MD, Materials Science",interest_1698
materials discovery,"Advanced Materials, MD, Materials Science",interest_1699
materials engineering,"Advanced Materials, ME, Materials Science",interest_1700
materials for functional liquid wettability,"Advanced Materials, MFLW, Materials Science",interest_1701
materials informatics,"Advanced Materials, MI, Materials Science",interest_1702
materials modeling,"Advanced Materials, MM, Materials Science",interest_1703
materials modelling,"Advanced Materials, MM, Materials Science",interest_1704
materials physics,"Advanced Materials, MP, Materials Science",interest_1705
materials processing,"Advanced Materials, MP, Materials Science",interest_1706
materials science,"Advanced Materials, MS, Materials Science",interest_1707
materials science and engineering,"Advanced Materials, MSE, Materials Science",interest_1708
materials thermodynamics,"Advanced Materials, MT, Materials Science",interest_1709
maternal/fetal health,MFH,interest_1710
mathematical analysis,MA,interest_1711
mathematical biology,"Biomedical Engineering, Biotechnology, MB",interest_1712
mathematical data science,MDS,interest_1713
mathematical ecology,ME,interest_1714
mathematical ecology and epidemiology,MEE,interest_1715
mathematical epidemiology,ME,interest_1716
mathematical logic,ML,interest_1717
mathematical modeling,MM,interest_1718
mathematical optimization,MO,interest_1719
mathematical physics,MP,interest_1720
mathematical simulation,MS,interest_1721
mathematics education,ME,interest_1722
max phase,MP,interest_1723
max phases & composites,MPC,interest_1724
md,"md Research, md Technology",interest_1725
measurement-error,ME,interest_1726
mechanical bahaviour of materials,"Advanced Materials, MBM, Materials Science",interest_1727
mechanical behavior,MB,interest_1728
mechanical behavior of materials,"Advanced Materials, MBM, Materials Science",interest_1729
mechanical behaviour,MB,interest_1730
mechanical behaviour of materials,"Advanced Materials, MBM, Materials Science",interest_1731
mechanical properties,MP,interest_1732
mechanics,"mechanics Research, mechanics Technology",interest_1733
mechanics of deformation and failure in solids,"Artificial Intelligence, MDFS, Machine Intelligence",interest_1734
mechanisms,"mechanisms Research, mechanisms Technology",interest_1735
mechano-electrochemistry,ME,interest_1736
mechanochromism,"mechanochromism Research, mechanochromism Technology",interest_1737
mechatroni,"mechatroni Research, mechatroni Technology",interest_1738
mechatronics,"mechatronics Research, mechatronics Technology",interest_1739
mechinterp,"mechinterp Research, mechinterp Technology",interest_1740
mechnical behavior of materials,"Advanced Materials, MBM, Materials Science",interest_1741
media studies,MS,interest_1742
medical diagnostics,MD,interest_1743
medical image processing,"Image Analysis, MIP, Visual Recognition",interest_1744
medical imaging,MI,interest_1745
medical technologies,MT,interest_1746
medicinal chemistry,MC,interest_1747
medicinal inorganic chemistry,MIC,interest_1748
meg,"meg Research, meg Technology",interest_1749
membrane,"membrane Research, membrane Technology",interest_1750
membrane biogenesis and signalling,"Biomedical Engineering, Biotechnology, MBS",interest_1751
membrane biology,"Biomedical Engineering, Biotechnology, MB",interest_1752
membrane processes,MP,interest_1753
membrane reactors,MR,interest_1754
membrane sc & technology,MST,interest_1755
membrane science and separation,MSS,interest_1756
membrane separation,MS,interest_1757
membrane technology,MT,interest_1758
memories,"memories Research, memories Technology",interest_1759
memory circuits,MC,interest_1760
memory devices,MD,interest_1761
memristo,"memristo Research, memristo Technology",interest_1762
memristor,"memristor Research, memristor Technology",interest_1763
mems,"mems Research, mems Technology",interest_1764
mems /nems,MN,interest_1765
mems and micro-fluidics,MMF,interest_1766
mems-based sensors,MBS,interest_1767
mental health,MH,interest_1768
mercury,"mercury Research, mercury Technology",interest_1769
meshless analysis,MA,interest_1770
mesoionic carbene,MC,interest_1771
metabolic engineering,ME,interest_1772
metabolic modelling,MM,interest_1773
metabolomics,"metabolomics Research, metabolomics Technology",interest_1774
metagenomics,"metagenomics Research, metagenomics Technology",interest_1775
metal additive manufacturing,MAM,interest_1776
metal and ceramic matrix composites,MCMC,interest_1777
metal casting,MC,interest_1778
metal foam,MF,interest_1779
metal foams,MF,interest_1780
metal forming,MF,interest_1781
metal forming and sheet ma,MFSM,interest_1782
metal hydrides,MH,interest_1783
metal matrix composites,MMC,interest_1784
metal oxides,MO,interest_1785
metal recycling,MR,interest_1786
metal-air & metal-ion batteries,"Artificial Intelligence, MAMIB, Machine Intelligence",interest_1787
metal-organic frameworks,MOF,interest_1788
metallaborane,"metallaborane Research, metallaborane Technology",interest_1789
metallic alloys and thin films,MATF,interest_1790
metallic glasses,MG,interest_1791
metallic materials,"Advanced Materials, MM, Materials Science",interest_1792
metallogels,"metallogels Research, metallogels Technology",interest_1793
metallurgical thermodynamics,MT,interest_1794
metallurgy,"metallurgy Research, metallurgy Technology",interest_1795
metals,"metals Research, metals Technology",interest_1796
metamaterial,"Advanced Materials, Materials Science",interest_1797
metamaterials,"Advanced Materials, Materials Science",interest_1798
metamaterials & metasurfaces,"Advanced Materials, MM, Materials Science",interest_1799
metamaterials for mri,"Advanced Materials, MM, Materials Science",interest_1800
metastable and nanostructured alloys,"MNA, Nanoscale Science, Nanotechnology",interest_1801
metastasis,"metastasis Research, metastasis Technology",interest_1802
metasurface,"metasurface Research, metasurface Technology",interest_1803
metasurfaces,"metasurfaces Research, metasurfaces Technology",interest_1804
method of characteristics,MC,interest_1805
metric learning,"Artificial Intelligence, ML, Machine Intelligence",interest_1806
mg and al technologies,MAT,interest_1807
mhd turbulence,MT,interest_1808
micro & nano fludic,"MNF, Nanoscale Science, Nanotechnology",interest_1809
micro 3d printing,M3P,interest_1810
micro and nano manufacturing,"MNM, Nanoscale Science, Nanotechnology",interest_1811
micro manufacturing,MM,interest_1812
micro nano technologies,"MNT, Nanoscale Science, Nanotechnology",interest_1813
micro-irrigation,MI,interest_1814
micro-manufacturing,MM,interest_1815
micro-nanofabrication,"MN, Nanoscale Science, Nanotechnology",interest_1816
micro-robotic systems,"Autonomous Systems, MRS, Robotics & Automation",interest_1817
microalgae,"microalgae Research, microalgae Technology",interest_1818
microbial biotechnology,"Biomedical Engineering, Biotechnology, MB",interest_1819
microbial enzyme production,MEP,interest_1820
microbial f,MF,interest_1821
microbial fuel cell,"Clean Energy, MFC, Renewable Energy Systems",interest_1822
microbial methods for value added products,MMVAP,interest_1823
microbial surfactants,MS,interest_1824
microbial technology,MT,interest_1825
microbiology,"Biomedical Engineering, Biotechnology",interest_1826
microelectronics,"microelectronics Research, microelectronics Technology",interest_1827
microelectronics nanoelectronics,"MN, Nanoscale Science, Nanotechnology",interest_1828
microfabrication,"microfabrication Research, microfabrication Technology",interest_1829
microfluidics,"microfluidics Research, microfluidics Technology",interest_1830
microfluidics and nanofluidics,"MN, Nanoscale Science, Nanotechnology",interest_1831
microfluidics-microrheology,MM,interest_1832
microgrid,"microgrid Research, microgrid Technology",interest_1833
microgrids,"microgrids Research, microgrids Technology",interest_1834
micromachining,"micromachining Research, micromachining Technology",interest_1835
micromanufacturing,"micromanufacturing Research, micromanufacturing Technology",interest_1836
micromechanics,"micromechanics Research, micromechanics Technology",interest_1837
microporous and mesoporous materials,"Advanced Materials, MMM, Materials Science",interest_1838
microscopy,"microscopy Research, microscopy Technology",interest_1839
microstrip antennas,MA,interest_1840
microstructural modeling,MM,interest_1841
microstructure,"microstructure Research, microstructure Technology",interest_1842
microstructure engineering,ME,interest_1843
microsystems,"microsystems Research, microsystems Technology",interest_1844
microwave,"microwave Research, microwave Technology",interest_1845
microwave absorbers,MA,interest_1846
microwave and mm waves technique,MMWT,interest_1847
microwave antenna,MA,interest_1848
microwave antennas,MA,interest_1849
microwave circuits,MC,interest_1850
microwave imaging and remote sensing,MIRS,interest_1851
microwave materials processing,"Advanced Materials, MMP, Materials Science",interest_1852
microwave-thermal transport,MTT,interest_1853
microwaves,"microwaves Research, microwaves Technology",interest_1854
migration studies,MS,interest_1855
millets,"millets Research, millets Technology",interest_1856
mimo,"mimo Research, mimo Technology",interest_1857
mimo antenna,MA,interest_1858
mimo antennas,MA,interest_1859
mimo channels,MC,interest_1860
mineral beneficiation,MB,interest_1861
mineral processing,MP,interest_1862
mining,"mining Research, mining Technology",interest_1863
ml,"ml Research, ml Technology",interest_1864
ml in thermal sciences,MTS,interest_1865
mmc&coating,MC,interest_1866
mobile networks (5g),"MN5, Telecommunications, Wireless Systems",interest_1867
modal logic,ML,interest_1868
model order reduction,MOR,interest_1869
modeling,"modeling Research, modeling Technology",interest_1870
modeling & management of water systems,MMWS,interest_1871
modeling & simulation,MS,interest_1872
modeling and optimization of novel,MON,interest_1873
modeling and simulation of energy systems,"Clean Energy, MSES, Renewable Energy Systems",interest_1874
modelling,"modelling Research, modelling Technology",interest_1875
modelling and optimization,MO,interest_1876
modelling and simulation,MS,interest_1877
modelling and simulation in free surface,MSFS,interest_1878
modelling and simulation of chemical,MSC,interest_1879
modified binders,MB,interest_1880
modular forms,MF,interest_1881
mof,"mof Research, mof Technology",interest_1882
mofs,"mofs Research, mofs Technology",interest_1883
molecular and cellular parasitology,MCP,interest_1884
molecular and nanoscale materials,"Advanced Materials, MNM, Materials Science, Nanoscale Science, Nanotechnology",interest_1885
molecular biology,"Biomedical Engineering, Biotechnology, MB",interest_1886
molecular biophysics,"Biomedical Engineering, Biotechnology, MB",interest_1887
molecular cages,MC,interest_1888
molecular cell and cancer biology,"Biomedical Engineering, Biotechnology, MCCB",interest_1889
molecular communica,MC,interest_1890
molecular docking,MD,interest_1891
molecular dynamics,MD,interest_1892
molecular electronics,ME,interest_1893
molecular epigenetics,ME,interest_1894
molecular immunology,MI,interest_1895
molecular machines,MM,interest_1896
molecular magnetism,MM,interest_1897
molecular microbiology,"Biomedical Engineering, Biotechnology, MM",interest_1898
molecular motors,MM,interest_1899
molecular pathology of cancers,MPC,interest_1900
molecular self-assembly,MSA,interest_1901
molecular simulation,MS,interest_1902
molecular simulations,MS,interest_1903
molecular spectroscopy,MS,interest_1904
molecular structural biology,"Biomedical Engineering, Biotechnology, MSB",interest_1905
molecular virology,MV,interest_1906
monsoon,"monsoon Research, monsoon Technology",interest_1907
monte-carlo simulations,MCS,interest_1908
morphogenesis,"morphogenesis Research, morphogenesis Technology",interest_1909
mos2,"mos2 Research, mos2 Technology",interest_1910
mosfets and ofets and photovoltaics,"Artificial Intelligence, MOP, Machine Intelligence",interest_1911
motion planning in 3d,MP3,interest_1912
motor current,MC,interest_1913
motor drives,MD,interest_1914
moving boundary problems,MBP,interest_1915
moving load analysis,MLA,interest_1916
msk disorders,MD,interest_1917
multi-armed bandits,MAB,interest_1918
multi-group multicasting,MGM,interest_1919
multi-messenger astronomy,MMA,interest_1920
multi-omics,MO,interest_1921
multi-phase,MP,interest_1922
multi-physics problems,MPP,interest_1923
multi-scale,MS,interest_1924
multi-scale modelling,MSM,interest_1925
multi-wavelength astronomy,MWA,interest_1926
multicomponent alloys,MA,interest_1927
multicomponent reaction,MR,interest_1928
multicomponent reactions,MR,interest_1929
multiferroic,"multiferroic Research, multiferroic Technology",interest_1930
multiferroics,"multiferroics Research, multiferroics Technology",interest_1931
multiferroics and micromagnetics,MM,interest_1932
multiferroics and strongly correlated systems,MSCS,interest_1933
multifunctional composites,MC,interest_1934
multifunctional oxides and devices,MOD,interest_1935
multiheme proteins and enzymes,MPE,interest_1936
multilevel pwm inverters,MPI,interest_1937
multimedia signal processing,MSP,interest_1938
multinuclear complexes,MC,interest_1939
multiobjective optimization,MO,interest_1940
multiphase flow,MF,interest_1941
multiphase flow in microsystems,MFM,interest_1942
multiphase flows,MF,interest_1943
multiphase machines,MM,interest_1944
multiphysics problems,MP,interest_1945
multiscale,"multiscale Research, multiscale Technology",interest_1946
multiscale modeling,MM,interest_1947
multiscale modelling,MM,interest_1948
multivariate and deep learning,"Artificial Intelligence, MDL, Machine Intelligence",interest_1949
municipal solid waste,MSW,interest_1950
music processing,MP,interest_1951
n-heterocyclic carbene catalysis,NHCC,interest_1952
na ion batteries,NIB,interest_1953
na-ion battery,"Clean Energy, NIB, Renewable Energy Systems",interest_1954
nano & energy materials lab,"Advanced Materials, Clean Energy, Materials Science, NEML, Nanoscale Science, Nanotechnology, Renewable Energy Systems",interest_1955
nano and micro indentation,"NMI, Nanoscale Science, Nanotechnology",interest_1956
nano and micro structuring,"NMS, Nanoscale Science, Nanotechnology",interest_1957
nano heterostructures,"NH, Nanoscale Science, Nanotechnology",interest_1958
nano material,"Advanced Materials, Materials Science, NM, Nanoscale Science, Nanotechnology",interest_1959
nano materials,"Advanced Materials, Materials Science, NM, Nanoscale Science, Nanotechnology",interest_1960
nano science,"NS, Nanoscale Science, Nanotechnology",interest_1961
nano technology,"NT, Nanoscale Science, Nanotechnology",interest_1962
nano-hetero-architectures,"NHA, Nanoscale Science, Nanotechnology",interest_1963
nano-materials,"Advanced Materials, Materials Science, NM, Nanoscale Science, Nanotechnology",interest_1964
nano-mechanics,"NM, Nanoscale Science, Nanotechnology",interest_1965
nano/micro machining,"NMM, Nanoscale Science, Nanotechnology",interest_1966
nano/microelectronics,"NM, Nanoscale Science, Nanotechnology",interest_1967
nanobiology,"Biomedical Engineering, Biotechnology, Nanoscale Science, Nanotechnology",interest_1968
nanobiosensing,"Biomedical Engineering, Biotechnology, Nanoscale Science, Nanotechnology",interest_1969
nanobiosensors,"Biomedical Engineering, Biotechnology, Nanoscale Science, Nanotechnology",interest_1970
nanobiotechnology,"Biomedical Engineering, Biotechnology, Nanoscale Science, Nanotechnology",interest_1971
nanocarbons (graphene,"NG, Nanoscale Science, Nanotechnology",interest_1972
nanocellulose,"Nanoscale Science, Nanotechnology",interest_1973
nanoceramics,"Nanoscale Science, Nanotechnology",interest_1974
nanochemistry,"Nanoscale Science, Nanotechnology",interest_1975
nanoclusters,"Nanoscale Science, Nanotechnology",interest_1976
nanocomposite,"Nanoscale Science, Nanotechnology",interest_1977
nanocomposites,"Nanoscale Science, Nanotechnology",interest_1978
nanocrystalline materials,"Advanced Materials, Materials Science, NM, Nanoscale Science, Nanotechnology",interest_1979
nanocrystals,"Nanoscale Science, Nanotechnology",interest_1980
nanoemulsionsroc,"Nanoscale Science, Nanotechnology",interest_1981
nanofabrication,"Nanoscale Science, Nanotechnology",interest_1982
nanoferroelectrics,"Nanoscale Science, Nanotechnology",interest_1983
nanofibers physics education electronics,"NPEE, Nanoscale Science, Nanotechnology",interest_1984
nanofinishing,"Nanoscale Science, Nanotechnology",interest_1985
nanofluids,"Nanoscale Science, Nanotechnology",interest_1986
nanoindentation,"Nanoscale Science, Nanotechnology",interest_1987
nanomagnetic devices,"ND, Nanoscale Science, Nanotechnology",interest_1988
nanomagnetic materials,"Advanced Materials, Materials Science, NM, Nanoscale Science, Nanotechnology",interest_1989
nanomagnetism,"Nanoscale Science, Nanotechnology",interest_1990
nanomaterials,"Advanced Materials, Materials Science, Nanoscale Science, Nanotechnology",interest_1991
nanomaterials for electronic and energy and,"Advanced Materials, Clean Energy, Materials Science, NEE, Nanoscale Science, Nanotechnology, Renewable Energy Systems",interest_1992
nanomechanics,"Nanoscale Science, Nanotechnology",interest_1993
nanomedicine,"Nanoscale Science, Nanotechnology",interest_1994
nanomedicine & theranostics,"NT, Nanoscale Science, Nanotechnology",interest_1995
nanoparticles,"Nanoscale Science, Nanotechnology",interest_1996
nanopatterning,"Nanoscale Science, Nanotechnology",interest_1997
nanophotonics,"Nanoscale Science, Nanotechnology",interest_1998
nanopores,"Nanoscale Science, Nanotechnology",interest_1999
nanoporous materials,"Advanced Materials, Materials Science, NM, Nanoscale Science, Nanotechnology",interest_2000
nanoscale device design and modeling,"NDDM, Nanoscale Science, Nanotechnology",interest_2001
nanoscale device modelling,"NDM, Nanoscale Science, Nanotechnology",interest_2002
nanoscale magnetic imaging,"NMI, Nanoscale Science, Nanotechnology",interest_2003
nanoscale objects and phenomena,"NOP, Nanoscale Science, Nanotechnology",interest_2004
nanoscale physics,"NP, Nanoscale Science, Nanotechnology",interest_2005
nanoscale science,"NS, Nanoscale Science, Nanotechnology",interest_2006
nanoscience,"Nanoscale Science, Nanotechnology",interest_2007
nanoscience and nanotechnology,"NN, Nanoscale Science, Nanotechnology",interest_2008
nanostructured biomaterials,"Advanced Materials, Biomedical Engineering, Biotechnology, Materials Science, NB, Nanoscale Science, Nanotechnology",interest_2009
nanostructured materials,"Advanced Materials, Materials Science, NM, Nanoscale Science, Nanotechnology",interest_2010
nanostructures,"Nanoscale Science, Nanotechnology",interest_2011
nanotechnology,"Nanoscale Science, Nanotechnology",interest_2012
naomaterials,"Advanced Materials, Materials Science",interest_2013
natural and mixed convection flows,NMCF,interest_2014
natural dyes,ND,interest_2015
natural fiber reinforced composites,NFRC,interest_2016
natural gas engineering,NGE,interest_2017
natural language processing,NLP,interest_2018
natural language progrssing,NLP,interest_2019
natural language technology,NLT,interest_2020
natural molecules,NM,interest_2021
natural resources management,NRM,interest_2022
nature based solution,NBS,interest_2023
nature inspired optimization techniques,NIOT,interest_2024
nature-based solutions (nbs),NBSN,interest_2025
navigation and control,"Autonomous Systems, NC, Robotics & Automation",interest_2026
ncds,"ncds Research, ncds Technology",interest_2027
nde,"nde Research, nde Technology",interest_2028
ndt,"ndt Research, ndt Technology",interest_2029
negative-imaginary systems,NIS,interest_2030
network analysis,"NA, Telecommunications, Wireless Systems",interest_2031
network economics,"NE, Telecommunications, Wireless Systems",interest_2032
network information theory,"NIT, Telecommunications, Wireless Systems",interest_2033
network science,"NS, Telecommunications, Wireless Systems",interest_2034
network security,"NS, Telecommunications, Wireless Systems",interest_2035
network security using ai/ml,"Artificial Intelligence, Machine Intelligence, NSUAM, Telecommunications, Wireless Systems",interest_2036
networking,"Telecommunications, Wireless Systems",interest_2037
neural / retinal prosthesis,NRP,interest_2038
neural networks,"NN, Telecommunications, Wireless Systems",interest_2039
neuro-oncology,NO,interest_2040
neurodegeneration,"neurodegeneration Research, neurodegeneration Technology",interest_2041
neurodegenrative diseases,ND,interest_2042
neuroimaging,"neuroimaging Research, neuroimaging Technology",interest_2043
neuroinflammation,"neuroinflammation Research, neuroinflammation Technology",interest_2044
neuromorphic computing,NC,interest_2045
neuronal signal processing,NSP,interest_2046
neuropsychology,"neuropsychology Research, neuropsychology Technology",interest_2047
neurorehabilitati,"neurorehabilitati Research, neurorehabilitati Technology",interest_2048
neuroscience,"neuroscience Research, neuroscience Technology",interest_2049
neutrino physics,NP,interest_2050
neutron star,NS,interest_2051
new product and process development,NPPD,interest_2052
new technologies,NT,interest_2053
nir imaging,NI,interest_2054
nir-quantum dots,NQD,interest_2055
nlp,"nlp Research, nlp Technology",interest_2056
nmr spectroscopy,NS,interest_2057
noc,"noc Research, noc Technology",interest_2058
noise,"noise Research, noise Technology",interest_2059
noise and vibration,NV,interest_2060
non linear dynamics,NLD,interest_2061
non linear vibration,NLV,interest_2062
non local elasticity,NLE,interest_2063
non traditional machining,NTM,interest_2064
non volatile memories,NVM,interest_2065
non-coding rnas,NCR,interest_2066
non-conventional manufacturing,NCM,interest_2067
non-destructive evaluation,NDE,interest_2068
non-equilibrium quantum statistical physics,NEQSP,interest_2069
non-invasive biomarkers and sensors,"Biomedical Engineering, Biotechnology, NIBS",interest_2070
non-linear optics,NLO,interest_2071
non-newtonian fluid flow and heat transfer,NNFFHT,interest_2072
non-newtonian fluids,NNF,interest_2073
non-precious metal catalysis,NPMC,interest_2074
non-stationarity,NS,interest_2075
non-traditional manufacturing,NTM,interest_2076
non-volatile memory,NVM,interest_2077
nonequlibrium processing,NP,interest_2078
nonlinear analysis,,interest_2079
nonlinear computational mechanics,NCM,interest_2080
nonlinear dynamics,ND,interest_2081
nonlinear dynamics & vibrations,NDV,interest_2082
nonlinear optics,NO,interest_2083
nonlinear solid mechanics,NSM,interest_2084
nonlinear spectroscopy,NS,interest_2085
nonlinear vibrations,NV,interest_2086
nonlocal elasticity,NE,interest_2087
non‑contact sensing,NCS,interest_2088
normative ethics,NE,interest_2089
novel antibacterial drug discovery and,NADD,interest_2090
novel materials for magnetism and energy,"Advanced Materials, Clean Energy, Materials Science, NMME, Renewable Energy Systems",interest_2091
novel semiconductors,NS,interest_2092
nrr-her-co2rr catalysts,NHCC,interest_2093
nuclear chemistry,NC,interest_2094
nuclear data,ND,interest_2095
nuclear engineering,NE,interest_2096
nuclear physics,NP,interest_2097
nuclear reaction,NR,interest_2098
nuclear reactor thermal hydraulics,NRTH,interest_2099
nuclear safety,NS,interest_2100
nuclear thermalhydraulics,NT,interest_2101
number theory,NT,interest_2102
numerical analysis,,interest_2103
numerical and mathematical methods,NMM,interest_2104
numerical linear algebra,NLA,interest_2105
numerical methods for pdes,NMP,interest_2106
numerical modeling,NM,interest_2107
numerical modelling in geotechnics,NMG,interest_2108
numerical optimization,NO,interest_2109
numerical schemes for singular perturbation,NSSP,interest_2110
numerical simulation,NS,interest_2111
numerical/digital relays,NDR,interest_2112
nutraceuticals,"nutraceuticals Research, nutraceuticals Technology",interest_2113
nutrient recycling,NR,interest_2114
nv-centres in diamond,NCD,interest_2115
oam,"oam Research, oam Technology",interest_2116
ob,"ob Research, ob Technology",interest_2117
ocean engineering,OE,interest_2118
ocean optics and imaging,OOI,interest_2119
oceanography,"oceanography Research, oceanography Technology",interest_2120
ods alloys,OA,interest_2121
off-road vehicle traction mechanics,ORVTM,interest_2122
offshore structures,OS,interest_2123
oleds,"oleds Research, oleds Technology",interest_2124
olfaction,"olfaction Research, olfaction Technology",interest_2125
oncology,"oncology Research, oncology Technology",interest_2126
online learning,"Artificial Intelligence, Machine Intelligence, OL",interest_2127
open channel flow,OCF,interest_2128
opensource software,OS,interest_2129
operational inflow forecasting,OIF,interest_2130
operational research,OR,interest_2131
operations research,OR,interest_2132
optical coherence,OC,interest_2133
optical communictions,OC,interest_2134
optical imaging,OI,interest_2135
optical interconnects,OI,interest_2136
optical measurements,OM,interest_2137
optical networks,"ON, Telecommunications, Wireless Systems",interest_2138
optical properties,OP,interest_2139
optical spectroscopy,OS,interest_2140
optics,"optics Research, optics Technology",interest_2141
optics-photonics,OP,interest_2142
optimal control theory,"Autonomous Systems, OCT, Robotics & Automation",interest_2143
optimization,"optimization Research, optimization Technology",interest_2144
optimization modelling,OM,interest_2145
optimization of composite structures,OCS,interest_2146
optimization of thermal systems,OTS,interest_2147
optimization theory,OT,interest_2148
opto-electronics,OE,interest_2149
opto-mechatronics system design,OMSD,interest_2150
optoelectronic devices,OD,interest_2151
optoelectronics,"optoelectronics Research, optoelectronics Technology",interest_2152
optogenetics,"optogenetics Research, optogenetics Technology",interest_2153
optomechatronics,"optomechatronics Research, optomechatronics Technology",interest_2154
orbital free density functional theory,OFDFT,interest_2155
organ-on-a-chip,OOAC,interest_2156
organic,"organic Research, organic Technology",interest_2157
organic aerosols,OA,interest_2158
organic and flexible electronics,OFE,interest_2159
organic chemistry,OC,interest_2160
organic chemistry synthesis,OCS,interest_2161
organic electronics,OE,interest_2162
organic farming,OF,interest_2163
organic fluorophores,OF,interest_2164
organic functional material,"Advanced Materials, Materials Science, OFM",interest_2165
organic light-emitting diod,OLED,interest_2166
organic materials chemistry,"Advanced Materials, Materials Science, OMC",interest_2167
organic materials for electronic applications,"Advanced Materials, Materials Science, OMEA",interest_2168
organic optoelectronics,OO,interest_2169
organic photochemistry and supramolecular,OPS,interest_2170
organic semiconductors,OS,interest_2171
organic solar cells,"Clean Energy, OSC, Renewable Energy Systems",interest_2172
organic synthesis,OS,interest_2173
organic synthesis & catalysis,OSC,interest_2174
organisational behaviour,OB,interest_2175
organisational psychology,OP,interest_2176
organizational behavior,OB,interest_2177
organizational behaviour,OB,interest_2178
organizations,"organizations Research, organizations Technology",interest_2179
organometallic chemistry,OC,interest_2180
organometallic chemistry & catalysis,OCC,interest_2181
organometallic chemistry and catalysis,OCC,interest_2182
organometallics,"organometallics Research, organometallics Technology",interest_2183
organometallics and nanoparticle based,"Nanoscale Science, Nanotechnology, ONB",interest_2184
organomettalics and catalysis,OC,interest_2185
organotin chemistry,OC,interest_2186
orthopaedic biomaterial,"Advanced Materials, Biomedical Engineering, Biotechnology, Materials Science, OB",interest_2187
overlaid multicasting,"Artificial Intelligence, Machine Intelligence, OM",interest_2188
oxide multiferroics,OM,interest_2189
oxide semiconductors,OS,interest_2190
oxides,"oxides Research, oxides Technology",interest_2191
p2p networks,"PN, Telecommunications, Wireless Systems",interest_2192
p4,"p4 Research, p4 Technology",interest_2193
packaging,"packaging Research, packaging Technology",interest_2194
packaging technology,PT,interest_2195
paleo-tsunami,PT,interest_2196
paleobiogeography,"Biomedical Engineering, Biotechnology",interest_2197
paleoceanography,"paleoceanography Research, paleoceanography Technology",interest_2198
paleoclimatology,"paleoclimatology Research, paleoclimatology Technology",interest_2199
paleontology,"paleontology Research, paleontology Technology",interest_2200
paleoseismology,"paleoseismology Research, paleoseismology Technology",interest_2201
paper technology,PT,interest_2202
paramaterized complexity,PC,interest_2203
parasitology,"parasitology Research, parasitology Technology",interest_2204
parkinson's disease,PSD,interest_2205
parkinsons disease,PD,interest_2206
participating medium,PM,interest_2207
particle physics,PP,interest_2208
particle physics theory and phenomenology,PPTP,interest_2209
particle science & technology,PST,interest_2210
particle swarm optimization,PSO,interest_2211
particulate matter,PM,interest_2212
partition theory,PT,interest_2213
passive microwave devices,PMD,interest_2214
passivity and dissipativity,PD,interest_2215
patent policy,PP,interest_2216
patenting,"patenting Research, patenting Technology",interest_2217
pathogenesis and antibiotic resistance,"Biomedical Engineering, Biotechnology, PAR",interest_2218
pattern formation,PF,interest_2219
pattern recognition,PR,interest_2220
patterned interfaces,PI,interest_2221
pavement analysis and design,PAD,interest_2222
pavement engineering,PE,interest_2223
pavement geotechnics,PG,interest_2224
pavement materials,"Advanced Materials, Materials Science, PM",interest_2225
pe-catalysis,PC,interest_2226
pedagogy,"pedagogy Research, pedagogy Technology",interest_2227
pedestrian safety,PS,interest_2228
penetration,"penetration Research, penetration Technology",interest_2229
peptide chemistry,PC,interest_2230
peptides and proteins in diseases,PPD,interest_2231
perception stack,PS,interest_2232
performance engineering,PE,interest_2233
performance modelling,PM,interest_2234
peridynamics,"peridynamics Research, peridynamics Technology",interest_2235
perovskite,"perovskite Research, perovskite Technology",interest_2236
perovskite and dye-sensitized solar cells,"Clean Energy, PDSSC, Renewable Energy Systems",interest_2237
perovskite and organic solar photovoltaics,"Artificial Intelligence, Clean Energy, Machine Intelligence, POSP, Renewable Energy Systems",interest_2238
perovskite solar cell,"Clean Energy, PSC, Renewable Energy Systems",interest_2239
perovskite solar cells,"Clean Energy, PSC, Renewable Energy Systems",interest_2240
perovskites,"perovskites Research, perovskites Technology",interest_2241
personalized learning,"Artificial Intelligence, Machine Intelligence, PL",interest_2242
perturbative quantum chromodynamics,PQC,interest_2243
pervious concrete,PC,interest_2244
pesticides,"pesticides Research, pesticides Technology",interest_2245
pet degradation,PD,interest_2246
petroleum engineering,PE,interest_2247
petrology,"petrology Research, petrology Technology",interest_2248
pharmacology,"pharmacology Research, pharmacology Technology",interest_2249
phase change materials,"Advanced Materials, Materials Science, PCM",interest_2250
phase field modeling,PFM,interest_2251
phase separation,PS,interest_2252
phase transformation behavior of materials,"Advanced Materials, Materials Science, PTBM",interest_2253
phase transformations,PT,interest_2254
phase-field models,PFM,interest_2255
phenol,"phenol Research, phenol Technology",interest_2256
phenomenological modeling of ferroelectrics,PMF,interest_2257
philosophy of language,PL,interest_2258
phm,"phm Research, phm Technology",interest_2259
phononics,"phononics Research, phononics Technology",interest_2260
phonons,"phonons Research, phonons Technology",interest_2261
phosphorous containing polymers,"Artificial Intelligence, Machine Intelligence, PCP",interest_2262
phosphors,"phosphors Research, phosphors Technology",interest_2263
photo detectors,PD,interest_2264
photo/electro-catalysis,PEC,interest_2265
photobiology,"Biomedical Engineering, Biotechnology",interest_2266
photocatalysis,"photocatalysis Research, photocatalysis Technology",interest_2267
photocatalysis and nanoparticles,"Nanoscale Science, Nanotechnology, PN",interest_2268
photochemistry,"photochemistry Research, photochemistry Technology",interest_2269
photodetectors,"photodetectors Research, photodetectors Technology",interest_2270
photoelectrocatalysis,"photoelectrocatalysis Research, photoelectrocatalysis Technology",interest_2271
photoelectrochemical water splitting,PWS,interest_2272
photoelectrochemistry,"photoelectrochemistry Research, photoelectrochemistry Technology",interest_2273
photogrammetry,"photogrammetry Research, photogrammetry Technology",interest_2274
photonics,"photonics Research, photonics Technology",interest_2275
photophysics,"photophysics Research, photophysics Technology",interest_2276
photoredox,"photoredox Research, photoredox Technology",interest_2277
photoredox catalysis,PC,interest_2278
photosupercapacitors,"photosupercapacitors Research, photosupercapacitors Technology",interest_2279
photovoltaic,"Artificial Intelligence, Machine Intelligence",interest_2280
photovoltaics,"Artificial Intelligence, Machine Intelligence",interest_2281
physical chemistry,PC,interest_2282
physical chemistry of macomolecules,PCM,interest_2283
physical layer security,PLS,interest_2284
physical metallurgy,PM,interest_2285
physical metallurgy of steels,PMS,interest_2286
physical organic chemistry,POC,interest_2287
physical sicneces   magnetic resonancne,PSMR,interest_2288
physicochemical,"physicochemical Research, physicochemical Technology",interest_2289
physics,"physics Research, physics Technology",interest_2290
physics of graphene and its multilayers,PGIM,interest_2291
physiochemical treatments,PT,interest_2292
physiological modelling,PM,interest_2293
phytofluidics,"phytofluidics Research, phytofluidics Technology",interest_2294
phytomedicine,"phytomedicine Research, phytomedicine Technology",interest_2295
phytoremediation,"phytoremediation Research, phytoremediation Technology",interest_2296
piezoelectric materials,"Advanced Materials, Materials Science, PM",interest_2297
piezoelectric nanogenerator,"Nanoscale Science, Nanotechnology, PN",interest_2298
piezoelectrics,"piezoelectrics Research, piezoelectrics Technology",interest_2299
pile foundations,PF,interest_2300
pinch & techno-economic analysis,PTEA,interest_2301
plant biotechnology,"Biomedical Engineering, Biotechnology, PB",interest_2302
plant functional genomics,PFG,interest_2303
plant image analysis,"Image Analysis, PIA, Visual Recognition",interest_2304
plant metabolomics,PM,interest_2305
plant molecular biology,"Biomedical Engineering, Biotechnology, PMB",interest_2306
plant natural product biotechnology,"Biomedical Engineering, Biotechnology, PNPB",interest_2307
plant pathology,PP,interest_2308
plant science,PS,interest_2309
plant secondary metabolism,PSM,interest_2310
plant tissue culture,PTC,interest_2311
plant tissue culture engineering,PTCE,interest_2312
plant water uptake,PWU,interest_2313
plasma physics,PP,interest_2314
plasma spraying,PS,interest_2315
plasma technology,PT,interest_2316
plasmodium biology,"Biomedical Engineering, Biotechnology, PB",interest_2317
plasmonics,"plasmonics Research, plasmonics Technology",interest_2318
plasmonics & metamaterials,"Advanced Materials, Materials Science, PM",interest_2319
plate girders,PG,interest_2320
polarimetric sar,PS,interest_2321
policy analytics,PA,interest_2322
policy evaluation,PE,interest_2323
polinsar,"polinsar Research, polinsar Technology",interest_2324
pollution abatement,PA,interest_2325
polsar,"polsar Research, polsar Technology",interest_2326
polymer,"polymer Research, polymer Technology",interest_2327
polymer and carbon nanomaterials,"Advanced Materials, Materials Science, Nanoscale Science, Nanotechnology, PCN",interest_2328
polymer blends,PB,interest_2329
polymer blends and alloys,PBA,interest_2330
polymer chemistry,PC,interest_2331
polymer nanocomposites,"Nanoscale Science, Nanotechnology, PN",interest_2332
polymer physics,PP,interest_2333
polymer processing and characterization,PPC,interest_2334
polymer reaction engineering,PRE,interest_2335
polymer science,PS,interest_2336
polymer science & engineering,PSE,interest_2337
polymer science and engineering,PSE,interest_2338
polymer solar cells,"Clean Energy, PSC, Renewable Energy Systems",interest_2339
polymer technology,PT,interest_2340
polymeric biomaterials,"Advanced Materials, Biomedical Engineering, Biotechnology, Materials Science, PB",interest_2341
polymeric materials,"Advanced Materials, Materials Science, PM",interest_2342
polymeric nanofiberous membrane,"Nanoscale Science, Nanotechnology, PNM",interest_2343
polymers,"polymers Research, polymers Technology",interest_2344
polymers and composite materials,"Advanced Materials, Materials Science, PCM",interest_2345
polymorphism,"polymorphism Research, polymorphism Technology",interest_2346
popular culture,PC,interest_2347
porous hofs,PH,interest_2348
porous materials,"Advanced Materials, Materials Science, PM",interest_2349
porous media,PM,interest_2350
porous media combustion,PMC,interest_2351
porous mofs,PM,interest_2352
porous organic frameworks,POF,interest_2353
porous organic materials,"Advanced Materials, Materials Science, POM",interest_2354
porphyrin chemistry,PC,interest_2355
positive psychology,PP,interest_2356
post harvest technology,PHT,interest_2357
post quantum cryptography,PQC,interest_2358
potential energy surface,"Clean Energy, PES, Renewable Energy Systems",interest_2359
powder metallurgy,PM,interest_2360
powder metallurgy & sintering,PMS,interest_2361
power and energy system,"Clean Energy, PES, Renewable Energy Systems",interest_2362
power control centers,"Autonomous Systems, PCC, Robotics & Automation",interest_2363
power electronics,PE,interest_2364
power electronics and drives,PED,interest_2365
power electronics and electric drives,PEED,interest_2366
power electronics applications to power,PEAP,interest_2367
power quality improvement,PQI,interest_2368
power system,PS,interest_2369
power system analysis,PSA,interest_2370
power system control,"Autonomous Systems, PSC, Robotics & Automation",interest_2371
power system monitoring,PSM,interest_2372
power system optimization,PSO,interest_2373
power system protection,PSP,interest_2374
power system security analysis,PSSA,interest_2375
power system state estimation,PSSE,interest_2376
power systems,PS,interest_2377
prebiotics,"Biomedical Engineering, Biotechnology",interest_2378
precipitation microphysics,PM,interest_2379
precision machining,PM,interest_2380
precoding,"precoding Research, precoding Technology",interest_2381
predictions in ungauged basins,PUB,interest_2382
predictive analytics,PA,interest_2383
preparation of block,PB,interest_2384
prestresed concrete,PC,interest_2385
prestressed and reinforced concrete design,PRCD,interest_2386
pricing,"pricing Research, pricing Technology",interest_2387
pricing models in cloud,PMC,interest_2388
printable and flexible electronics,PFE,interest_2389
printable batteries,PB,interest_2390
printed electronics,PE,interest_2391
privacy,"privacy Research, privacy Technology",interest_2392
privacy and security,PS,interest_2393
probabilistic machine learning,"Artificial Intelligence, Machine Intelligence, PML",interest_2394
probabilistic methods,PM,interest_2395
probability and statistics,PS,interest_2396
probiotics,"Biomedical Engineering, Biotechnology",interest_2397
proces simulation & control,"Autonomous Systems, PSC, Robotics & Automation",interest_2398
process biotechnology,"Biomedical Engineering, Biotechnology, PB",interest_2399
process control,"Autonomous Systems, PC, Robotics & Automation",interest_2400
process design and operation of membrane,PDOM,interest_2401
process intensification,PI,interest_2402
process intensifications,PI,interest_2403
process modeling and simulation,PMS,interest_2404
process optimization,PO,interest_2405
process safety,PS,interest_2406
process scale-up,PSU,interest_2407
process systems engineering,PSE,interest_2408
process systems engineering - fuel cell,"Clean Energy, PSEFC, Renewable Energy Systems",interest_2409
processing and characterization of ceramic,PCC,interest_2410
processing machineries development,PMD,interest_2411
product design,PD,interest_2412
product development,PD,interest_2413
production and operations management,POM,interest_2414
productivity,"productivity Research, productivity Technology",interest_2415
program analysis and testing,PAT,interest_2416
project,"project Research, project Technology",interest_2417
project finance,PF,interest_2418
project management,PM,interest_2419
prompt engineering,PE,interest_2420
propulsion,"propulsion Research, propulsion Technology",interest_2421
prostate cancer,PC,interest_2422
protein aggregation,PA,interest_2423
protein and cell patterning,PCP,interest_2424
protein bio-battery,"Biomedical Engineering, Biotechnology, Clean Energy, PBB, Renewable Energy Systems",interest_2425
protein biochemistry,"Biomedical Engineering, Biotechnology, PB",interest_2426
protein biochemistry and biophysics,"Biomedical Engineering, Biotechnology, PBB",interest_2427
protein chemistry,PC,interest_2428
protein misfolding,PM,interest_2429
protein nmr,PN,interest_2430
protein's adsorption and aggregation,PSAA,interest_2431
proteins,"proteins Research, proteins Technology",interest_2432
proteomics,"proteomics Research, proteomics Technology",interest_2433
protocol engineering,PE,interest_2434
proton exchange membranes,PEM,interest_2435
psychobiotics,"Biomedical Engineering, Biotechnology",interest_2436
psychology,"psychology Research, psychology Technology",interest_2437
public health,PH,interest_2438
public health economics,PHE,interest_2439
public private partnerships,PPP,interest_2440
pulp & paper technology,PPT,interest_2441
pulsar,"pulsar Research, pulsar Technology",interest_2442
pulsars,"pulsars Research, pulsars Technology",interest_2443
pv/t spectral splitters,PTSS,interest_2444
pyrolysis,"pyrolysis Research, pyrolysis Technology",interest_2445
qnde,"qnde Research, qnde Technology",interest_2446
quality,"quality Research, quality Technology",interest_2447
quality and reliability engineerin,QRE,interest_2448
quality control,"Autonomous Systems, QC, Robotics & Automation",interest_2449
quality engineering and management,QEM,interest_2450
quality management,QM,interest_2451
quantitative finance,QF,interest_2452
quantitative microscopy,QM,interest_2453
quantum & energy materials,"Advanced Materials, Clean Energy, Materials Science, QEM, Renewable Energy Systems",interest_2454
quantum calculus,QC,interest_2455
quantum chaos,QC,interest_2456
quantum communications,"QC, Telecommunications, Wireless Systems",interest_2457
quantum computation,QC,interest_2458
quantum computing,QC,interest_2459
quantum correlations,QC,interest_2460
quantum cryptography,QC,interest_2461
quantum devices,QD,interest_2462
quantum dots,QD,interest_2463
quantum entanglement,QE,interest_2464
quantum field theory,QFT,interest_2465
quantum foundations,QF,interest_2466
quantum information,QI,interest_2467
quantum information theory,QIT,interest_2468
quantum magnetism,QM,interest_2469
quantum many-body physics,QMBP,interest_2470
quantum materials and superconductors,"Advanced Materials, Materials Science, QMS",interest_2471
quantum networks,"QN, Telecommunications, Wireless Systems",interest_2472
quantum optics,QO,interest_2473
quantum optics        quantum computing,QOQC,interest_2474
quantum photonics,QP,interest_2475
quantum physics,QP,interest_2476
quantum technology,QT,interest_2477
quantum transport,QT,interest_2478
quaternary geology,QG,interest_2479
queueing &  reliability,QR,interest_2480
r&d,RD,interest_2481
radiation hard ics and devices,RHID,interest_2482
radiative cooling,RC,interest_2483
radical chemistry,RC,interest_2484
radical reactions,RR,interest_2485
radio astronomy,RA,interest_2486
radio localization and sensing,RLS,interest_2487
radio transients,RT,interest_2488
radiogenomics,"radiogenomics Research, radiogenomics Technology",interest_2489
railway geotechnics,"Artificial Intelligence, Machine Intelligence, RG",interest_2490
rain attenuation,"Artificial Intelligence, Machine Intelligence, RA",interest_2491
raindrops,"Artificial Intelligence, Machine Intelligence",interest_2492
rainfall thresholds,"Artificial Intelligence, Machine Intelligence, RT",interest_2493
rainfall-runoff-sediment yield modelling,"Artificial Intelligence, Machine Intelligence, RRSYM",interest_2494
rainwater harvesting,"Artificial Intelligence, Machine Intelligence, RH",interest_2495
raman spectroscopy,RS,interest_2496
random matrix theory,RMT,interest_2497
random vector functional link (rvfl),RVFLR,interest_2498
random vibration,RV,interest_2499
ranking and selection,RS,interest_2500
rapid prototyping,RP,interest_2501
rapid prototyping and its applications,RPIA,interest_2502
rapid prototyping and tooling/ 3d printing,RPT3P,interest_2503
rarefied gas dynamics,RGD,interest_2504
reaction dynamics,RD,interest_2505
reaction engineering,RE,interest_2506
reaction kinetics,RK,interest_2507
reactive force field simulations,RFFS,interest_2508
reactor modeling,RM,interest_2509
real time vehicle exhaust emission,RTVEE,interest_2510
reality and applications of machine learning,"Artificial Intelligence, Machine Intelligence, RAML",interest_2511
receptor biology,"Biomedical Engineering, Biotechnology, RB",interest_2512
reclaimed asphalt pavement,"Artificial Intelligence, Machine Intelligence, RAP",interest_2513
recombinant dna technology,RDT,interest_2514
recommendation systems,RS,interest_2515
recommender systems,RS,interest_2516
recycled,"recycled Research, recycled Technology",interest_2517
recycled aggregate,RA,interest_2518
recycled aggregate concrete,RAC,interest_2519
recycling,"recycling Research, recycling Technology",interest_2520
recycling/recovery,RR,interest_2521
reduced order modeling,ROM,interest_2522
reflectance spectroscopy,RS,interest_2523
refrigeration,"refrigeration Research, refrigeration Technology",interest_2524
regenerative biomaterials,"Advanced Materials, Biomedical Engineering, Biotechnology, Materials Science, RB",interest_2525
regenerative medicine,RM,interest_2526
regression,"regression Research, regression Technology",interest_2527
reinforced concrete,RC,interest_2528
reinforced concrete and cementitious,RCC,interest_2529
reinforcement learning,"Artificial Intelligence, Machine Intelligence, RL",interest_2530
reionization,"reionization Research, reionization Technology",interest_2531
reliability,"reliability Research, reliability Technology",interest_2532
reliability analysis,RA,interest_2533
reliability and risk assessment,RRA,interest_2534
reliability based design,RBD,interest_2535
reliability engineering,RE,interest_2536
reliability theory,RT,interest_2537
remanufacturing,"remanufacturing Research, remanufacturing Technology",interest_2538
remediation,"remediation Research, remediation Technology",interest_2539
remote lab,RL,interest_2540
remote sensing,RS,interest_2541
remote sensing & gis,RSG,interest_2542
remote sensing and gis,RSG,interest_2543
renewable chemical,RC,interest_2544
renewable energy,"Clean Energy, RE, Renewable Energy Systems",interest_2545
renewable energy in agriculture,"Clean Energy, REA, Renewable Energy Systems",interest_2546
renewable energy integration,"Clean Energy, REI, Renewable Energy Systems",interest_2547
renewable energy systems,"Clean Energy, RES, Renewable Energy Systems",interest_2548
renewable fuels,"Clean Energy, RF, Renewable Energy Systems",interest_2549
renewable power,RP,interest_2550
repair,"Artificial Intelligence, Machine Intelligence",interest_2551
representation learning,"Artificial Intelligence, Machine Intelligence, RL",interest_2552
reram,"reram Research, reram Technology",interest_2553
research (remote sensing,RRS,interest_2554
reservoir geology,RG,interest_2555
reservoir geomechanics,RG,interest_2556
reservoir operation,RO,interest_2557
resilient systems,RS,interest_2558
resistive switching,RS,interest_2559
resistive temperature detectors,RTD,interest_2560
resource allocation,RA,interest_2561
resource recovery,RR,interest_2562
resource recovery from waste,RRFW,interest_2563
resources and energy economics,"Clean Energy, REE, Renewable Energy Systems",interest_2564
respiratory disorders,RD,interest_2565
responsible ai,"Artificial Intelligence, Machine Intelligence, RA",interest_2566
retaining structures,"Artificial Intelligence, Machine Intelligence, RS",interest_2567
retrofitting of steel structures,RSS,interest_2568
reuse and recycle,RR,interest_2569
reversible and quantum computing,RQC,interest_2570
rf,"rf Research, rf Technology",interest_2571
rf circuits,RC,interest_2572
rf mems,RM,interest_2573
rf metamaterial inspired sensors,"Advanced Materials, Materials Science, RMIS",interest_2574
rheology,"rheology Research, rheology Technology",interest_2575
rheology of complex fluids,RCF,interest_2576
riemannian geometry,RG,interest_2577
risc-v soc,RVS,interest_2578
river basin management,RBM,interest_2579
river engineering,RE,interest_2580
river mechanics,RM,interest_2581
river science,RS,interest_2582
riverine floods,RF,interest_2583
rl,"rl Research, rl Technology",interest_2584
rna biology,"Biomedical Engineering, Biotechnology, RB",interest_2585
road safety,RS,interest_2586
road user behaviour,RUB,interest_2587
robotic & automation,"Autonomous Systems, RA, Robotics & Automation",interest_2588
robotic neurorehabilitation,"Autonomous Systems, RN, Robotics & Automation",interest_2589
robotics,"Autonomous Systems, Robotics & Automation",interest_2590
robotics and automation in agriculture,"Autonomous Systems, RAA, Robotics & Automation",interest_2591
robust control,"Autonomous Systems, RC, Robotics & Automation",interest_2592
rock mechanics,RM,interest_2593
rolling element bearings,REB,interest_2594
rotor dynamics,RD,interest_2595
rough set theory,RST,interest_2596
rough set theory and applications,RSTA,interest_2597
rubber,"rubber Research, rubber Technology",interest_2598
rubber and tpes,RT,interest_2599
rubber nano composites,"Nanoscale Science, Nanotechnology, RNC",interest_2600
rubber technology,RT,interest_2601
rural development,RD,interest_2602
rural roads,RR,interest_2603
safety,"safety Research, safety Technology",interest_2604
safety management,SM,interest_2605
saltwater intrusion,SI,interest_2606
sampling,"sampling Research, sampling Technology",interest_2607
sams,"sams Research, sams Technology",interest_2608
sanitation,"sanitation Research, sanitation Technology",interest_2609
sanskrit computational linguistics,SCL,interest_2610
sar remote sensing,SRS,interest_2611
satellite observational analysis,SOA,interest_2612
satellite oceanography,SO,interest_2613
scheduling,"scheduling Research, scheduling Technology",interest_2614
schrodinger equation,SE,interest_2615
scientific computations,"Computational Science, HPC, High-Performance Computing, Numerical Analysis, SC",interest_2616
scientific computing,SC,interest_2617
sdn,"sdn Research, sdn Technology",interest_2618
sdn/nfv in 5g and beyond,SN5B,interest_2619
seawater intrusion,SI,interest_2620
secondary batteries,SB,interest_2621
security,"security Research, security Technology",interest_2622
sediment transport,ST,interest_2623
sedimentology,"sedimentology Research, sedimentology Technology",interest_2624
seepage,"seepage Research, seepage Technology",interest_2625
seismic,"seismic Research, seismic Technology",interest_2626
seismic design,SD,interest_2627
seismic hazard,SH,interest_2628
seismic hazard assessment,SHA,interest_2629
seismic microzonation,SM,interest_2630
seismic risk,SR,interest_2631
seismic vulnerability,SV,interest_2632
self compacting concrete,SCC,interest_2633
self healing,SH,interest_2634
self-assembly of amino acids,SAAA,interest_2635
self-healing materials,"Advanced Materials, Materials Science, SHM",interest_2636
semiconducting oxide glasses,SOG,interest_2637
semiconductor,"semiconductor Research, semiconductor Technology",interest_2638
semiconductor devices,SD,interest_2639
semiconductors,"semiconductors Research, semiconductors Technology",interest_2640
sensing,"sensing Research, sensing Technology",interest_2641
sensing applications,SA,interest_2642
sensor,"sensor Research, sensor Technology",interest_2643
sensor array signal processing,SASP,interest_2644
sensor development,SD,interest_2645
sensor fusion,SF,interest_2646
sensor interface electronics,SIE,interest_2647
sensors,"sensors Research, sensors Technology",interest_2648
sensors based on zno,SBOZ,interest_2649
sensors for healthcare and environmental,SHE,interest_2650
sensors( bio- and chemical),"Biomedical Engineering, Biotechnology, SBC",interest_2651
sensors-biomedical devices,"Biomedical Engineering, Biotechnology, SBD",interest_2652
separation processes & catalysis,SPC,interest_2653
separation science,SS,interest_2654
sers,"sers Research, sers Technology",interest_2655
service level agreement,SLA,interest_2656
service life,SL,interest_2657
service operations,SO,interest_2658
services computing,SC,interest_2659
services marketing,SM,interest_2660
several complex variables,SCV,interest_2661
shape control,"Autonomous Systems, Robotics & Automation, SC",interest_2662
shape memory,SM,interest_2663
shm,"shm Research, shm Technology",interest_2664
shock wave dynamics,SWD,interest_2665
si heterostructures,SH,interest_2666
si nanodevices,"Nanoscale Science, Nanotechnology, SN",interest_2667
sic mosfet gate driver,SMGD,interest_2668
side channel analysis,SCA,interest_2669
side-channel attacks,SCA,interest_2670
sige,"sige Research, sige Technology",interest_2671
sign language,SL,interest_2672
signal and image processing,"Image Analysis, SIP, Visual Recognition",interest_2673
signal processing,SP,interest_2674
signal processing and embedded systems,SPES,interest_2675
signal transduction,ST,interest_2676
silicate earth evolution,SEE,interest_2677
silicon,"silicon Research, silicon Technology",interest_2678
silicon & glass micromachining,SGM,interest_2679
silicon photonics,SP,interest_2680
simulation,"simulation Research, simulation Technology",interest_2681
simulation optimization,SO,interest_2682
simultaneous wireless information and,"SWI, Telecommunications, Wireless Systems",interest_2683
single cell / single molecule,SCSM,interest_2684
single molecule imaging,SMI,interest_2685
single molecule spectroscopy,SMS,interest_2686
single source molecular precursors,SSMP,interest_2687
single-molecule imaging,SMI,interest_2688
sleep,"sleep Research, sleep Technology",interest_2689
slope stability,SS,interest_2690
sloshing,"sloshing Research, sloshing Technology",interest_2691
sludge,"sludge Research, sludge Technology",interest_2692
small hydro,SH,interest_2693
small hydro power,SHP,interest_2694
small hydropower,SH,interest_2695
small rna in acinetobacter baumannii,SRAB,interest_2696
small-molecule antioxidants,SMA,interest_2697
smart cell technology,SCT,interest_2698
smart cities,SC,interest_2699
smart grid,SG,interest_2700
smart grid/ micro and its application,SGMIA,interest_2701
smart grids,SG,interest_2702
smart manufacturing,SM,interest_2703
smart material and structure and nan,"Advanced Materials, Materials Science, SMSN",interest_2704
smart material structures,"Advanced Materials, Materials Science, SMS",interest_2705
smart materials,"Advanced Materials, Materials Science, SM",interest_2706
smart materials and structures,"Advanced Materials, Materials Science, SMS",interest_2707
smart nanomaterials,"Advanced Materials, Materials Science, Nanoscale Science, Nanotechnology, SN",interest_2708
smart structures,SS,interest_2709
smat,"smat Research, smat Technology",interest_2710
smfret,"smfret Research, smfret Technology",interest_2711
social and organizational psychology,SOP,interest_2712
social computing,SC,interest_2713
social justice,SJ,interest_2714
social media,SM,interest_2715
social media analytics,SMA,interest_2716
social network analysis,"SNA, Telecommunications, Wireless Systems",interest_2717
social protection,SP,interest_2718
social psychology,SP,interest_2719
socially responsible behavior and,SRB,interest_2720
socio-economic,SE,interest_2721
sociology of education,SE,interest_2722
sociology of knowledge,SK,interest_2723
sociology of science,SS,interest_2724
sodium & magnesium ion batteries,SMIB,interest_2725
sodium ion batteries and supercapacitors,SIBS,interest_2726
sodium-ion batteries,SIB,interest_2727
sodium-ion battery,"Clean Energy, Renewable Energy Systems, SIB",interest_2728
sofcs,"sofcs Research, sofcs Technology",interest_2729
soft active materials,"Advanced Materials, Materials Science, SAM",interest_2730
soft and active matter,SAM,interest_2731
soft classification of,SC,interest_2732
soft computing,SC,interest_2733
soft computing applications to thydrology,SCAT,interest_2734
soft condensed matter,SCM,interest_2735
soft condensed matter physics,SCMP,interest_2736
soft electronic,SE,interest_2737
soft lithography,SL,interest_2738
soft materials,"Advanced Materials, Materials Science, SM",interest_2739
soft matter,SM,interest_2740
soft matter physics,SMP,interest_2741
soft robotics,"Autonomous Systems, Robotics & Automation, SR",interest_2742
soft-computing and industrial automation,SCIA,interest_2743
soft-computing techniques in,SCT,interest_2744
software engineering,SE,interest_2745
software-defined networking,"SDN, Telecommunications, Wireless Systems",interest_2746
soil,"soil Research, soil Technology",interest_2747
soil dynamics,SD,interest_2748
soil image analysis,"Image Analysis, SIA, Visual Recognition",interest_2749
soil mechanics,SM,interest_2750
soil quality,SQ,interest_2751
soil reinforcement,SR,interest_2752
soil science,SS,interest_2753
soil science and plant nutrition,SSPN,interest_2754
soil sensors,SS,interest_2755
soil structure interaction,SSI,interest_2756
soil-structure interaction,SSI,interest_2757
sol-gel,SG,interest_2758
solar cell,"Clean Energy, Renewable Energy Systems, SC",interest_2759
solar cells,"Clean Energy, Renewable Energy Systems, SC",interest_2760
solar cells and piezoelectric devices,"Clean Energy, Renewable Energy Systems, SCPD",interest_2761
solar desalination,"Clean Energy, Renewable Energy Systems, SD",interest_2762
solar energy,"Clean Energy, Renewable Energy Systems, SE",interest_2763
solar energy and other renewable energy,"Clean Energy, Renewable Energy Systems, SEORE",interest_2764
solar energy conversion,"Clean Energy, Renewable Energy Systems, SEC",interest_2765
solar energy harvesting and storage,"Clean Energy, Renewable Energy Systems, SEHS",interest_2766
solar fuels & devices,"Clean Energy, Renewable Energy Systems, SFD",interest_2767
solar physics,"Clean Energy, Renewable Energy Systems, SP",interest_2768
solar system,"Clean Energy, Renewable Energy Systems, SS",interest_2769
solar thermal,"Clean Energy, Renewable Energy Systems, ST",interest_2770
solar thermal energy conversion,"Clean Energy, Renewable Energy Systems, STEC",interest_2771
solid adsorbents,SA,interest_2772
solid desiccant cooling,SDC,interest_2773
solid electrolytes,SE,interest_2774
solid mechanics,SM,interest_2775
solid state chemistry,SSC,interest_2776
solid state electrochemistry,SSE,interest_2777
solid state physics,SSP,interest_2778
solid waste,SW,interest_2779
solid waste management,SWM,interest_2780
solidification,"solidification Research, solidification Technology",interest_2781
solitons,"solitons Research, solitons Technology",interest_2782
solute transport,ST,interest_2783
solution and solid state magnetic resonance,SSSMR,interest_2784
solvation dynamics,SD,interest_2785
solvent-free organic liquids,SFOL,interest_2786
source apportionment,SA,interest_2787
space flight vehicles guidance,SFVG,interest_2788
space weather,SW,interest_2789
spark plasma sintering,SPS,interest_2790
sparse optimization,SO,interest_2791
sparse representation theory,SRT,interest_2792
spatial audio,SA,interest_2793
spatial data science,SDS,interest_2794
spatial modulation,SM,interest_2795
spatio temporal modeling,STM,interest_2796
special functions,SF,interest_2797
special values of l-functions,SVLF,interest_2798
spectral finite element method,SFEM,interest_2799
spectral graph theory,SGT,interest_2800
spectroscopy,"spectroscopy Research, spectroscopy Technology",interest_2801
speech / audio signal processing,SASP,interest_2802
speech processing,SP,interest_2803
speech signal processing,SSP,interest_2804
speech synthesis,SS,interest_2805
spiking neural networks,"SNN, Telecommunications, Wireless Systems",interest_2806
spin-orbit coupling,SOC,interest_2807
spin-orbital excitations,SOE,interest_2808
spintr,"spintr Research, spintr Technology",interest_2809
spintronic devices,SD,interest_2810
spintronics,"spintronics Research, spintronics Technology",interest_2811
spr effect,SE,interest_2812
spray forming modeling coating thin films,SFMCTF,interest_2813
sprays,"sprays Research, sprays Technology",interest_2814
sprituality,"sprituality Research, sprituality Technology",interest_2815
sr isotopes,SI,interest_2816
sram,"sram Research, sram Technology",interest_2817
state estimation,SE,interest_2818
statistical computing,SC,interest_2819
statistical data analysis,SDA,interest_2820
statistical inference,SI,interest_2821
statistical mechanics,SM,interest_2822
statistical modeling,SM,interest_2823
statistical modelling specialist | worked on,SMSWO,interest_2824
statistical physics,SP,interest_2825
statistical signal processing,SSP,interest_2826
statistics,"statistics Research, statistics Technology",interest_2827
stealth materials,"Advanced Materials, Materials Science, SM",interest_2828
steel,"steel Research, steel Technology",interest_2829
steel design,SD,interest_2830
steel structures,SS,interest_2831
steel-concrete composites,SCC,interest_2832
steelmaking and process modelling,SPM,interest_2833
stem cell,SC,interest_2834
stem cell biology,"Biomedical Engineering, Biotechnology, SCB",interest_2835
stem cells,SC,interest_2836
stimuli-responsive,SR,interest_2837
stochastic geometry,SG,interest_2838
stochastic hydrology,SH,interest_2839
stochastic mechanics,SM,interest_2840
stochastic process,SP,interest_2841
strainoptronics,"Artificial Intelligence, Machine Intelligence",interest_2842
strategic analysis,SA,interest_2843
strategy,"strategy Research, strategy Technology",interest_2844
strategy-as-practice,SAP,interest_2845
stratospheric ozone,SO,interest_2846
streamflow forecasting,SF,interest_2847
stress analysis,SA,interest_2848
string theory,ST,interest_2849
strong ground motion,SGM,interest_2850
strong motion instrumentation,SMI,interest_2851
strongly correlated electron system (kondo,SCESK,interest_2852
structural & computational biology,"Biomedical Engineering, Biotechnology, SCB",interest_2853
structural analysis and design,SAD,interest_2854
structural and functional applications,SFA,interest_2855
structural and impact mechanics,SIM,interest_2856
structural biology,"Biomedical Engineering, Biotechnology, SB",interest_2857
structural damage detection,SDD,interest_2858
structural dynamics,SD,interest_2859
structural engineering,SE,interest_2860
structural equation modelling,SEM,interest_2861
structural fire engineering,SFE,interest_2862
structural geology,SG,interest_2863
structural health monit,SHM,interest_2864
structural health monitoring,SHM,interest_2865
structural health monitoring and damage,SHMD,interest_2866
structural identification,SI,interest_2867
structural mechanics,SM,interest_2868
structural nanocomposites,"Nanoscale Science, Nanotechnology, SN",interest_2869
structural reliability,SR,interest_2870
structural safety,SS,interest_2871
structural/ earthquake engineering,SEE,interest_2872
structure elucidation of natural products,SENP,interest_2873
structure property relationship,SPR,interest_2874
structure property relationship in organic,SPRO,interest_2875
structure-property relationship,SPR,interest_2876
structures under earthquake and fire,SUEF,interest_2877
sub-2nm devices,S2D,interest_2878
submersible robotics,"Autonomous Systems, Robotics & Automation, SR",interest_2879
superabsorbent superhydrophobi materials,"Advanced Materials, Materials Science, SSM",interest_2880
superalloys,"superalloys Research, superalloys Technology",interest_2881
supercapacitor,"supercapacitor Research, supercapacitor Technology",interest_2882
supercapacitors,"supercapacitors Research, supercapacitors Technology",interest_2883
superconductivity,"superconductivity Research, superconductivity Technology",interest_2884
superconductivity and magnetsim,SM,interest_2885
superconductors,"superconductors Research, superconductors Technology",interest_2886
supercritical fluids,SF,interest_2887
superfinishing,"superfinishing Research, superfinishing Technology",interest_2888
superplasticity,"superplasticity Research, superplasticity Technology",interest_2889
supersonic and hypersonic flows,SHF,interest_2890
supersonic mixing enhancement,SME,interest_2891
supplementary cementitious,SC,interest_2892
supply chain coordination and contract,"Artificial Intelligence, Machine Intelligence, SCCC",interest_2893
supply chain logistics,"Artificial Intelligence, Machine Intelligence, SCL",interest_2894
supply chain management,"Artificial Intelligence, Machine Intelligence, SCM",interest_2895
support vector machines,SVM,interest_2896
supramolecular and materials chemistry,"Advanced Materials, Materials Science, SMC",interest_2897
supramolecular chemistry,SC,interest_2898
supramolecular chirogenesis,SC,interest_2899
supramolecular coordination chemistry,SCC,interest_2900
supramolecular organic chemistry group,SOCG,interest_2901
supramolecular polymers,SP,interest_2902
surface acoustic wave device,SAWD,interest_2903
surface chemistry,SC,interest_2904
surface coating,SC,interest_2905
surface coatings,SC,interest_2906
surface engineering,SE,interest_2907
surface engineering & coating,SEC,interest_2908
surface engineering and coatings,SEC,interest_2909
surface modification,SM,interest_2910
surface mofification,SM,interest_2911
surface science,SS,interest_2912
surfaces and interfaces,SI,interest_2913
surrogate model development for automotive,SMDA,interest_2914
surrogate modelling,SM,interest_2915
surrogate multi-objective optimizati,SMOO,interest_2916
sustainability,"Artificial Intelligence, Machine Intelligence",interest_2917
sustainability and civil engineering,"Artificial Intelligence, Machine Intelligence, SCE",interest_2918
sustainable & precision agriculture,"Artificial Intelligence, Machine Intelligence, SPA",interest_2919
sustainable agricultural mechanization,"Artificial Intelligence, Machine Intelligence, SAM",interest_2920
sustainable agriculture,"Artificial Intelligence, Machine Intelligence, SA",interest_2921
sustainable architecture,"Artificial Intelligence, Machine Intelligence, SA",interest_2922
sustainable bioprocessing,"Artificial Intelligence, Biomedical Engineering, Biotechnology, Machine Intelligence, SB",interest_2923
sustainable building technology,"Artificial Intelligence, Machine Intelligence, SBT",interest_2924
sustainable catalysis,"Artificial Intelligence, Machine Intelligence, SC",interest_2925
sustainable chemistry,"Artificial Intelligence, Machine Intelligence, SC",interest_2926
sustainable construction materials,"Advanced Materials, Artificial Intelligence, Machine Intelligence, Materials Science, SCM",interest_2927
sustainable construction practices,"Artificial Intelligence, Machine Intelligence, SCP",interest_2928
sustainable development,"Artificial Intelligence, Machine Intelligence, SD",interest_2929
sustainable machining,"Artificial Intelligence, Machine Intelligence, SM",interest_2930
sustainable marketing,"Artificial Intelligence, Machine Intelligence, SM",interest_2931
sustainable materials & engineering design,"Advanced Materials, Artificial Intelligence, Machine Intelligence, Materials Science, SMED",interest_2932
sustainable metallurgy,"Artificial Intelligence, Machine Intelligence, SM",interest_2933
sustainable multi-modal transportation,"Artificial Intelligence, Machine Intelligence, SMMT",interest_2934
sustainable technologies for,"Artificial Intelligence, Machine Intelligence, ST",interest_2935
sustainable transport,"Artificial Intelligence, Machine Intelligence, ST",interest_2936
sustained donors of hydrogen sulfide,"Artificial Intelligence, Machine Intelligence, SDHS",interest_2937
swarm intelligence techniques,"Artificial Intelligence, Machine Intelligence, SIT",interest_2938
swelling-shrinkage behaviour of soil,SSBS,interest_2939
switching systems,SS,interest_2940
synchronization,"synchronization Research, synchronization Technology",interest_2941
synchrophasors,"synchrophasors Research, synchrophasors Technology",interest_2942
synchrotron and,"synchrotron and Research, synchrotron and Technology",interest_2943
syntax,"syntax Research, syntax Technology",interest_2944
synthesis,"synthesis Research, synthesis Technology",interest_2945
synthesis and characterization of materials,"Advanced Materials, Materials Science, SCM",interest_2946
synthesis and therapy,ST,interest_2947
synthesis of nanomaterials including,"Advanced Materials, Materials Science, Nanoscale Science, Nanotechnology, SNI",interest_2948
synthetic biology,"Biomedical Engineering, Biotechnology, SB",interest_2949
synthetic coordination/bio-inorganic,"Biomedical Engineering, Biotechnology, SCBI",interest_2950
synthetic materials chemistry,"Advanced Materials, Materials Science, SMC",interest_2951
synthetic methodology,SM,interest_2952
synthetic organic,SO,interest_2953
synthetic organic chemistry,SOC,interest_2954
synthetic organic chemistry and medicinal,SOCM,interest_2955
synthetic polymer chemistry,SPC,interest_2956
sysdl,"sysdl Research, sysdl Technology",interest_2957
system identification,SI,interest_2958
systems analyses for sustainability,"Artificial Intelligence, Machine Intelligence, SAS",interest_2959
systems and control,"Autonomous Systems, Robotics & Automation, SC",interest_2960
systems biology,"Biomedical Engineering, Biotechnology, SB",interest_2961
systems neuroscience,SN,interest_2962
systems science and philosophy,SSP,interest_2963
tag,"tag Research, tag Technology",interest_2964
tailor-made specialty polymers via controlled,"Artificial Intelligence, Autonomous Systems, Machine Intelligence, Robotics & Automation, TMSPVC",interest_2965
tandem solar cells,"Clean Energy, Renewable Energy Systems, TSC",interest_2966
targeted drug delivery and biomedical,"Biomedical Engineering, Biotechnology, TDDB",interest_2967
task interdependence,TI,interest_2968
taylor flow,TF,interest_2969
tdp-43,T4,interest_2970
tea,"tea Research, tea Technology",interest_2971
teacher education,TE,interest_2972
teaching,"teaching Research, teaching Technology",interest_2973
technoeconomic,"technoeconomic Research, technoeconomic Technology",interest_2974
technology and knowledge,TK,interest_2975
technology enhanced learning,"Artificial Intelligence, Machine Intelligence, TEL",interest_2976
technology management,TM,interest_2977
technology management & sustainability,"Artificial Intelligence, Machine Intelligence, TMS",interest_2978
tectonics,"tectonics Research, tectonics Technology",interest_2979
telemedicine,"telemedicine Research, telemedicine Technology",interest_2980
television studies,"Image Analysis, TS, Visual Recognition",interest_2981
terahertz spectroscopy,TS,interest_2982
terhertz spectroscopy and high harmonic,TSHH,interest_2983
testing,"testing Research, testing Technology",interest_2984
testing and synthesis of reversible circuits,TSRC,interest_2985
theoretical and computational chemistry,TCC,interest_2986
theoretical computer science,TCS,interest_2987
theoretical condensed matter physics,TCMP,interest_2988
theoretical high energy physics,"Clean Energy, Renewable Energy Systems, THEP",interest_2989
theoretical linguistics,TL,interest_2990
theoretical particle physics,TPP,interest_2991
theory & simulations,TS,interest_2992
theory of computation,TC,interest_2993
theranostic systems,TS,interest_2994
therapeutic ultrasound,TU,interest_2995
thermal conversion processes,TCP,interest_2996
thermal energy storage,"Clean Energy, Renewable Energy Systems, TES",interest_2997
thermal engineering,TE,interest_2998
thermal fluids,TF,interest_2999
thermal hydraulics,TH,interest_3000
thermal hydraulics in nuclear and fuel cell,"Clean Energy, Renewable Energy Systems, THNFC",interest_3001
thermal lattice boltzmann method,TLBM,interest_3002
thermal management,TM,interest_3003
thermal management of electronics,TME,interest_3004
thermal management systems,TMS,interest_3005
thermal spray coating,TSC,interest_3006
thermal spray processing,TSP,interest_3007
thermal spraying,TS,interest_3008
thermo hydraulics of nuclear reactors,THNR,interest_3009
thermo-chemical water splitting,TCWS,interest_3010
thermo-fluids,TF,interest_3011
thermo-mechanical processing,TMP,interest_3012
thermoacoustic instability,TI,interest_3013
thermoacoustics,"thermoacoustics Research, thermoacoustics Technology",interest_3014
thermochemical cycles,TC,interest_3015
thermochemical technologies,TT,interest_3016
thermodynamics,"thermodynamics Research, thermodynamics Technology",interest_3017
thermoelectric,"thermoelectric Research, thermoelectric Technology",interest_3018
thermoelectric materials,"Advanced Materials, Materials Science, TM",interest_3019
thermoelectricity,"thermoelectricity Research, thermoelectricity Technology",interest_3020
thermoelectrics,"thermoelectrics Research, thermoelectrics Technology",interest_3021
thermomechnical simulation,TS,interest_3022
thermophysical properties,TP,interest_3023
thermoplastic composites,TC,interest_3024
thin film,TF,interest_3025
thin film instability,TFI,interest_3026
thin film solid sate batteries,TFSSB,interest_3027
thin film stability,TFS,interest_3028
thin film transistors,TFT,interest_3029
thin films,TF,interest_3030
thin-walled structures,TWS,interest_3031
thz communication,"TC, Telecommunications, Wireless Systems",interest_3032
time series,TS,interest_3033
time series data mining,TSDM,interest_3034
time-delay systems,TDS,interest_3035
time-series analysis,TSA,interest_3036
tissue engineering,TE,interest_3037
tissue engineering and biomaterials,"Advanced Materials, Biomedical Engineering, Biotechnology, Materials Science, TEB",interest_3038
tissue/organ models,TOM,interest_3039
tomographic sar,TS,interest_3040
tomography,"tomography Research, tomography Technology",interest_3041
tomography error,TE,interest_3042
tools for fluid structure interaction,TFSI,interest_3043
topology optimization,TO,interest_3044
toxicology,"toxicology Research, toxicology Technology",interest_3045
toxins,"toxins Research, toxins Technology",interest_3046
tpes and tpvs,TT,interest_3047
trace contaminant removal,TCR,interest_3048
trace contaminants,TC,interest_3049
trace gases,TG,interest_3050
traffic emission,TE,interest_3051
traffic engineering,TE,interest_3052
traffic flow analysis and modeling,TFAM,interest_3053
traffic flow modeling,TFM,interest_3054
traffic flow theory,TFT,interest_3055
traffic operation and simulation,TOS,interest_3056
traffic operations,TO,interest_3057
traffic safety,TS,interest_3058
transcripion,"transcripion Research, transcripion Technology",interest_3059
transfer processes,TP,interest_3060
transformer,"transformer Research, transformer Technology",interest_3061
transgenic zebrafish,TZ,interest_3062
transition,"transition Research, transition Technology",interest_3063
transition metal-catalysis,TMC,interest_3064
transmitarray,"transmitarray Research, transmitarray Technology",interest_3065
transport,"transport Research, transport Technology",interest_3066
transport modelling,TM,interest_3067
transport phenomena,TP,interest_3068
transportation design,TD,interest_3069
transportation engineering,TE,interest_3070
transportation network modeling,"TNM, Telecommunications, Wireless Systems",interest_3071
transportation safety and,TS,interest_3072
transportation systems,TS,interest_3073
travel behaviour,TB,interest_3074
triarylbismuth reagents,TR,interest_3075
tribal languages of india,TLI,interest_3076
triboelectric nanogenerator,"Nanoscale Science, Nanotechnology, TN",interest_3077
tribology,"tribology Research, tribology Technology",interest_3078
tribology and vibrations,TV,interest_3079
triple-decker,TD,interest_3080
trustworthy ai,"Artificial Intelligence, Machine Intelligence, TA",interest_3081
tuberculosis,"tuberculosis Research, tuberculosis Technology",interest_3082
tumor angiogenesis,TA,interest_3083
tunable nanoplasmonic metadevices,"Nanoscale Science, Nanotechnology, TNM",interest_3084
tundish steelmaking,TS,interest_3085
turan type inequalities,TTI,interest_3086
turbomachinery,"turbomachinery Research, turbomachinery Technology",interest_3087
turbulence,"turbulence Research, turbulence Technology",interest_3088
turbulence modeling,TM,interest_3089
turbulent convection,TC,interest_3090
turbulent flows,TF,interest_3091
two phase flow,TPF,interest_3092
two-dimensional (2d) materials,"Advanced Materials, Materials Science, TD2M",interest_3093
two-phase flow,TPF,interest_3094
two-phase flow and heat transfer,TPFHT,interest_3095
uav applications,UA,interest_3096
uav remote sensing,URS,interest_3097
uhecr sources & properties,USP,interest_3098
ultra high temperature ceramics,UHTC,interest_3099
ultra high temperature ceramics and,UHTC,interest_3100
ultra-precision finishing,UPF,interest_3101
ultrafast  lasers and photonics,ULP,interest_3102
ultrafast cooling,UC,interest_3103
ultrafast cooling methods,UCM,interest_3104
ultrafast devices,UD,interest_3105
ultrafast magnetism,UM,interest_3106
ultrafast spectroscopy,US,interest_3107
ultrafast spectrosocpy,US,interest_3108
ultrasonic,"ultrasonic Research, ultrasonic Technology",interest_3109
ultrasonic/ megasonic fields,UMF,interest_3110
ultrasonics,"ultrasonics Research, ultrasonics Technology",interest_3111
ultrasound imaging,UI,interest_3112
uncertainty modeling,"Artificial Intelligence, Machine Intelligence, UM",interest_3113
uncertainty quantification,"Artificial Intelligence, Machine Intelligence, UQ",interest_3114
uncertainty quantification & stochastic,"Artificial Intelligence, Machine Intelligence, UQS",interest_3115
underactuated hands,UH,interest_3116
underground structures,US,interest_3117
underwater acoustics,UA,interest_3118
unsaturated soil mechanics,USM,interest_3119
urban air quality,"Artificial Intelligence, Machine Intelligence, UAQ",interest_3120
urban air quality management,"Artificial Intelligence, Machine Intelligence, UAQM",interest_3121
urban climate,UC,interest_3122
urban environmental planning,UEP,interest_3123
urban floods,UF,interest_3124
urban modelling,UM,interest_3125
urban transport planning,UTP,interest_3126
urban water,UW,interest_3127
urban water systems,UWS,interest_3128
urfc,"urfc Research, urfc Technology",interest_3129
use of frps in infrastructure,UFI,interest_3130
user experience design,UED,interest_3131
usm,"usm Research, usm Technology",interest_3132
uwb antenna,UA,interest_3133
v2x,"v2x Research, v2x Technology",interest_3134
vaccine,"vaccine Research, vaccine Technology",interest_3135
valence fluctuation),VF,interest_3136
value chain,"Artificial Intelligence, Machine Intelligence, VC",interest_3137
variable angle tow composites,VATC,interest_3138
vascular ageing,VA,interest_3139
vascular biology,"Biomedical Engineering, Biotechnology, VB",interest_3140
vehicle dynamics,VD,interest_3141
ventilation,"ventilation Research, ventilation Technology",interest_3142
vibration,"vibration Research, vibration Technology",interest_3143
vibration & rotor dynamics,VRD,interest_3144
vibration and control,"Autonomous Systems, Robotics & Automation, VC",interest_3145
vibration control,"Autonomous Systems, Robotics & Automation, VC",interest_3146
vibration control of mechatronic systems,"Autonomous Systems, Robotics & Automation, VCMS",interest_3147
vibrations,"vibrations Research, vibrations Technology",interest_3148
vibrations and control,"Autonomous Systems, Robotics & Automation, VC",interest_3149
vibrio,"vibrio Research, vibrio Technology",interest_3150
video understanding,VU,interest_3151
virology,"virology Research, virology Technology",interest_3152
virology and vaccine development,VVD,interest_3153
virtual reality,VR,interest_3154
virtual teams,VT,interest_3155
viscoelastic flows,VF,interest_3156
viscoelasticity,"viscoelasticity Research, viscoelasticity Technology",interest_3157
visible light-based communications,"Telecommunications, VLBC, Wireless Systems",interest_3158
visual culture and narrative systems,VCNS,interest_3159
vitrimer,"vitrimer Research, vitrimer Technology",interest_3160
vlc,"vlc Research, vlc Technology",interest_3161
vlsi,"vlsi Research, vlsi Technology",interest_3162
vlsi and signal processing,VSP,interest_3163
vlsi circuit design,VCD,interest_3164
vlsi circuits and systems,VCS,interest_3165
vlsi design and testing,VDT,interest_3166
vlsi image processing,"Image Analysis, VIP, Visual Recognition",interest_3167
vlsi signal processing,VSP,interest_3168
vortex tube air separation,"Artificial Intelligence, Machine Intelligence, VTAS",interest_3169
vr/ar,VA,interest_3170
walking,"walking Research, walking Technology",interest_3171
wams,"wams Research, wams Technology",interest_3172
warm mix asphalt,WMA,interest_3173
wash,"wash Research, wash Technology",interest_3174
waste,"waste Research, waste Technology",interest_3175
waste and waste wat,WWW,interest_3176
waste incineration etc,WIE,interest_3177
waste plastics and solid wastes to fuels and,"Clean Energy, Renewable Energy Systems, WPSWF",interest_3178
waste utilization in construction,WUC,interest_3179
waste valorization,WV,interest_3180
waste water treatment,WWT,interest_3181
wastewater,"wastewater Research, wastewater Technology",interest_3182
wastewater recycling and reuse,WRR,interest_3183
wastewater remediation,WR,interest_3184
wastewater treatment,WT,interest_3185
wastewater treatment using constructed,WTUC,interest_3186
watar-splitting,WS,interest_3187
watehsed modelling,WM,interest_3188
water,"water Research, water Technology",interest_3189
water & wastewater treatment,WWT,interest_3190
water and sanitation,WS,interest_3191
water and wastewater treatment,WWT,interest_3192
water audit,WA,interest_3193
water electrolysers,"Electrochemical Hydrogen, Hydrogen Generation, PEM Electrolysis, WE, Water Splitting",interest_3194
water governance,WG,interest_3195
water management,WM,interest_3196
water policy,WP,interest_3197
water purification,WP,interest_3198
water quality,WQ,interest_3199
water quality and treatment,WQT,interest_3200
water quality mapping,WQM,interest_3201
water quality monitoring and surveillance,WQMS,interest_3202
water remediation,WR,interest_3203
water res. planning & management,WRPM,interest_3204
water resources,WR,interest_3205
water resources and remote sensing,WRRS,interest_3206
water resources development &,WRD,interest_3207
water resources engg,WRE,interest_3208
water resources engineering,WRE,interest_3209
water resources management,WRM,interest_3210
water safety,WS,interest_3211
water splitting,WS,interest_3212
water treament,WT,interest_3213
water treatment,WT,interest_3214
water waves,WW,interest_3215
watershed hydrology,WH,interest_3216
watershed management,WM,interest_3217
wave hydrodynamics,WH,interest_3218
wave propagation,WP,interest_3219
wave propagation aspects,WPA,interest_3220
wavelet,"wavelet Research, wavelet Technology",interest_3221
wavelets,"wavelets Research, wavelets Technology",interest_3222
wavelets analysis,WA,interest_3223
wax pattern,WP,interest_3224
wear & tribology,WT,interest_3225
wearable,"wearable Research, wearable Technology",interest_3226
wearable robots,"Autonomous Systems, Robotics & Automation, WR",interest_3227
web analytics,WA,interest_3228
web social media,WSM,interest_3229
weed management,WM,interest_3230
weld processing,WP,interest_3231
welding,"welding Research, welding Technology",interest_3232
welding and joining,WJ,interest_3233
welding processes,WP,interest_3234
wetting,"wetting Research, wetting Technology",interest_3235
white leds,WL,interest_3236
wi-fi,WF,interest_3237
wind energy,"Clean Energy, Renewable Energy Systems, WE",interest_3238
wind power,WP,interest_3239
wire arc additive manufacturing,WAAM,interest_3240
wire arc ded,WAD,interest_3241
wireless & sensor networks,"Telecommunications, WSN, Wireless Systems",interest_3242
wireless and mobile communications,"Telecommunications, WMC, Wireless Systems",interest_3243
wireless communication,"Telecommunications, WC, Wireless Systems",interest_3244
wireless communication and signal,"Telecommunications, WCS, Wireless Systems",interest_3245
wireless communications,"Telecommunications, WC, Wireless Systems",interest_3246
wireless mesh networks,"Telecommunications, WMN, Wireless Systems",interest_3247
wireless networks,"Telecommunications, WN, Wireless Systems",interest_3248
wireless power transfer,"Telecommunications, WPT, Wireless Systems",interest_3249
wireless sensor networks,"Telecommunications, WSN, Wireless Systems",interest_3250
wisdom,"wisdom Research, wisdom Technology",interest_3251
women in management,WM,interest_3252
women's health,WSH,interest_3253
word combinatorics,WC,interest_3254
work-family interface,WFI,interest_3255
ws2,"ws2 Research, ws2 Technology",interest_3256
w–mo nanoalloy,"Nanoscale Science, Nanotechnology, WMN",interest_3257
x-ray binaries,XRB,interest_3258
x-ray crystallography,XRC,interest_3259
x-ray detectors,XRD,interest_3260
xafs,"xafs Research, xafs Technology",interest_3261
xfem,"xfem Research, xfem Technology",interest_3262
xr,"xr Research, xr Technology",interest_3263
yagi-uda antennas,YUA,interest_3264
yeast prions,YP,interest_3265
zebrafish models,ZM,interest_3266
