,Name,Affiliation,Interests,Cited By,Profile URL,h-index,i10-index,Research Papers
0,Sanmay Ganguly,"Assistant Professor. Indian Institute of Technology, Kanpur","Machine learning, High Energy Physics, Quantum Computation",295327,https://scholar.google.com/citations?hl=en&user=FacGNwsAAAAJ,259,1316,"['Observation of a new boson at a mass of 125 GeV with the CMS experiment at the LHC', 'Improved luminosity determination in pp collisions at sqrt (s)= 7 TeV using the ATLAS detector at the LHC', 'Particle-flow reconstruction and global event description with the CMS detector', 'Performance of the ATLAS trigger system in 2015', 'Event generator tunes obtained from underlying event and multiparton scattering measurements', 'Description and performance of track and primary-vertex reconstruction with the CMS tracker', 'Combined Measurement of the Higgs Boson Mass in  Collisions at  and 8 TeV with the ATLAS and CMS Experiments', 'Observation of a new boson with mass near 125 GeV in pp collisions at  and 8 TeV', 'Jet energy scale and resolution in the CMS experiment in pp collisions at 8 TeV', 'Electron efficiency measurements with the ATLAS detector using 2012 LHC proton–proton collision data']"
1,Vijay Kumar Jain,Indian Institute of Technology Kanpur India,"Micro-manufacturing, Manufacturing",39876,https://scholar.google.com/citations?hl=en&user=bmQ917cAAAAJ,100,692,"['Advanced machining processes', 'High-accuracy analog measurements via interpolated FFT', 'Design and development of the magnetorheological abrasive flow finishing (MRAFF) process', 'Markov random field for tumor detection in digital mammography', 'Thermal stresses due to electrical discharge machining', 'Experimental investigations into abrasive flow machining (AFM)', 'Modeling of material removal and surface roughness in abrasive flow machining process', 'COVID-19 and applications of smartphone technology in the current pandemic', 'ARIMA forecasting of ambient air pollutants (O3, NO, NO2 and CO)', 'Magnetic field assisted abrasive based micro-/nano-finishing']"
2,Avinash Kumar Agarwal,Indian Institute of Technology Kanpur,"Internal Combustion Engines, Emissions, Biodiesel, Laser Ignition, HCCI",32411,https://scholar.google.com/citations?hl=en&user=cGOyLQsAAAAJ,78,374,"['Biofuels (alcohols and biodiesel) applications as fuels for internal combustion engines', 'IJER editorial: The future of the internal combustion engine', 'Biodiesel development and characterization for use as a fuel in compression ignition engines', 'Performance and emissions characteristics of Jatropha oil (preheated and blends) in a direct injection compression ignition engine', 'Experimental investigations of performance and emissions of Karanja oil and its blends in a single cylinder agricultural diesel engine', 'Effect of fuel injection timing and pressure on combustion, emissions and performance characteristics of a single cylinder diesel engine', 'Evolution, challenges and path forward for low temperature combustion engines', 'Effect of Exhaust Gas Recirculation (EGR) on performance, emissions, deposits and durability of a constant speed compression ignition engine', 'Performance evaluation of a vegetable oil fuelled compression ignition engine', 'Biodiesel development from rice bran oil: Transesterification process optimization and fuel characterization']"
3,Debasis Kundu,"Profess of Department of Mathematics and Statistics, IIT Kanpur","Applied Statistics, Distribution Theory, Statistical Computing, Reliability Analysis, Statistical Signal Processing",23903,https://scholar.google.com/citations?hl=en&user=yq8z1rIAAAAJ,70,267,"['Theory & methods: Generalized exponential distributions', 'Exponentiated exponential family: an alternative to gamma and Weibull distributions', 'Generalized exponential distribution: different method of estimations', 'A new method for generating distributions with an application to exponential distribution', 'Analysis of Type-II progressively hybrid censored data', 'Generalized Rayleigh distribution: different methods of estimations', 'Generalized exponential distribution: Existing results and some recent developments', 'Exact likelihood inference based on Type-I and Type-II hybrid censored samples from the exponential distribution', 'Estimation of P [Y< X] for Weibull distributions', 'Bayesian inference and life testing plan for the Weibull distribution in presence of progressive censoring']"
4,Ashutosh Sharma,"Chemical Engineering, IITK, IIT Kanpur, Indian Institute of Technology Kanpur","nanotechnology, thin film, nanopatterning, adhesion, wetting",23869,https://scholar.google.com/citations?hl=en&user=MmjJMlIAAAAJ,85,344,"['Pattern formation in unstable thin liquid films', 'Instability of thin polymer films on coated substrates: rupture, dewetting, and drop formation', 'Relationship of thin film stability and morphology to macroscopic parameters of wetting in the apolar and polar systems', 'Two-phase electrohydrodynamic simulations using a volume-of-fluid approach', 'Instability and morphology of thin liquid films on chemically heterogeneous substrates', 'Thin film instability induced by long-range forces', 'Recent advances in the synthesis and application of photocatalytic metal–metal oxide core–shell nanoparticles for environmental remediation and their recycling process', 'Electric field induced instability and pattern formation in thin liquid films', 'Comparative study of removal of volatile organic compounds by cryogenic condensation and adsorption by activated carbon fiber', 'Meniscus instability in a thin elastic film']"
5,Ajay Kumar,Distinguished Visiting Professor IIT Kanpur,"Economics of Information Systems, Agglomeration, Economic Geography, Business Administration",22387,https://scholar.google.com/citations?hl=en&user=pEYlXIEAAAAJ,33,202,"['Guidelines for the use and interpretation of assays for monitoring autophagy', 'Aspirin and extended-release dipyridamole versus clopidogrel for recurrent stroke', 'Efficacy and safety of minimally invasive surgery with thrombolysis in intracerebral haemorrhage evacuation (MISTIE III): a randomised, controlled, open-label, blinded endpoint\xa0…', 'The potential application of endophytes in management of stress from drought and salinity in crop plants', 'Phytochemistry, pharmacological activities and uses of traditional medicinal plant Kaempferia galanga L.–An overview', 'Differential expression of three members of the AMT1 gene family encoding putative high‐affinity NH4+ transporters in roots of Oryza sativa subspecies indica', 'Assessing the impacts of climate change on land productivity in Indian crop agriculture: An evidence from panel data analysis', 'Prevalence of Arcobacter spp. in Humans, Animals and Foods of Animal Origin Including Sea Food from India', 'Sustainable telecentres? Two cases from India', 'Activity and kinetic characteristics of glutathione reductase in vitro in reverse micellar waterpool']"
6,Tarun Gupta,"Professor, Indian Institute of Technology Kanpur","Exposure Assessment, Source Apportionment, brown carbon, organic aerosols, aerosol chemistry",21476,https://scholar.google.com/citations?hl=en&user=Ze8k3S0AAAAJ,54,175,"['Global burden of 87 risk factors in 204 countries and territories, 1990–2019: a systematic analysis for the Global Burden of Disease Study 2019', 'Estimates of the global, regional, and national morbidity, mortality, and aetiologies of lower respiratory infections in 195 countries, 1990–2016: a systematic analysis for the\xa0…', 'Nations within a nation: variations in epidemiological transition across the states of India, 1990–2016 in the Global Burden of Disease Study', 'The impact of air pollution on deaths, disease burden, and life expectancy across the states of India: the Global Burden of Disease Study 2017', 'Measuring performance on the Healthcare Access and Quality Index for 195 countries and territories and selected subnational locations: a systematic analysis from the Global\xa0…', 'Spatial, temporal, and demographic patterns in prevalence of smoking tobacco use and attributable disease burden in 204 countries and territories, 1990–2019: a systematic\xa0…', 'Health and economic impact of air pollution in the states of India: the Global Burden of Disease Study 2019', 'The burden of chronic respiratory diseases and their heterogeneity across the states of India: the Global Burden of Disease Study 1990–2016', 'Variability of outdoor fine particulate (PM2. 5) concentration in the Indian Subcontinent: A remote sensing approach', 'Chemical characterization and source apportionment of submicron (PM1) aerosol in Kanpur region, India']"
7,Sudip Ghosh,"DST Young Scientist, IIT-Kanpur","Semiconductor Devices, Compact Modeling, Characterization",18305,https://scholar.google.com/citations?hl=en&user=1zX3dR8AAAAJ,59,310,"['Signal transduction through NF-κB', 'T-cell accumulation and regulated on activation, normal T cell expressed and secreted upregulation in adipose tissue in obesity', 'Deforestation: causes, effects and control strategies', 'Elliptic flow of identified hadrons in Pb-Pb collisions at  TeV', 'Measurement of angular parameters from the decay B0→ K⁎ 0μ+ μ− in proton–proton collisions at s= 8TeV', 'High‐resolution manometry predicts the success of oesophageal bolus transport and identifies clinically important abnormalities not detected by conventional manometry', 'Differential studies of inclusive J/ψ and ψ(2S) production at forward rapidity in Pb-Pb collisions at  TeV', 'Integrative genomics reveals novel molecular pathways and gene networks for coronary artery disease', 'On the entanglement entropy for gauge theories', 'Suppression of Upsilon (1S), Upsilon (2S) and Upsilon (3S) production in PbPb collisions at sqrt (s [NN])= 2.76 TeV']"
8,Vadapalli Chandrasekhar,"Department of Chemistry, Indian Institute of Technology, Kanpur",Chemistry,17200,https://scholar.google.com/citations?hl=en&user=VgfCil4AAAAJ,71,347,"['Organotin assemblies containing Sn\ue5f8 O bonds', 'Recent developments in the synthesis and structure of organosilanols', 'Discrete silanetriols: building blocks for three-dimensional metallasiloxanes', 'Molecular metal phosphonates', 'Linear Trinuclear Mixed-Metal CoII−GdIII−CoII Single-Molecule Magnet:\u2009 [L2Co2Gd][NO3]·2CHCl3 (LH3 = (S)P[N(Me)NCH−C6H3-2-OH-3-OMe]3)', 'Trinuclear Heterobimetallic Ni2Ln complexes [L2Ni2Ln][ClO4](Ln= La, Ce, Pr, Nd, Sm, Eu, Gd, Tb, Dy, Ho, and Er; LH3=(S) P [N (Me) N\ue5fb CH− C6H3-2-OH-3-OMe] 3): From Simple\xa0…', 'Cyclophosphazene-based multi-site coordination ligands', 'Inorganic and organometallic polymers', 'Synthesis, Structure, and Magnetism of Heterobimetallic Trinuclear Complexes {[L2Co2Ln][X]} [Ln = Eu, X = Cl; Ln = Tb, Dy, Ho, X = NO3; LH3 = (S)P[N(Me)N\ue5fbCH−C6H3-2\xa0…', 'Stable cyclic (alkyl)(amino) carbene (cAAC) radicals with main group substituents']"
9,Anantharaj Sengeni,"Assistant Professor (CHM), IIT Kanpur","Electrochemistry, Catalysis at Electrified Interfaces, Materials",16157,https://scholar.google.com/citations?hl=en&user=b2mYUxwAAAAJ,53,99,"['Recent trends and perspectives in electrochemical water splitting with an emphasis on sulfide, selenide, and phosphide catalysts of Fe, Co, and Ni: a review', 'Precision and correctness in the evaluation of electrocatalytic water splitting: revisiting activity parameters with a critical assessment', '“The Fe Effect”: A review unveiling the critical roles of Fe in enhancing OER activity of Ni and Co based catalysts', 'Amorphous catalysts and electrochemical water splitting: an untold story of harmony', 'The pitfalls of using potentiodynamic polarization curves for tafel analysis in electrocatalytic water splitting', 'Strategies and perspectives to catch the missing pieces in energy‐efficient hydrogen evolution reaction in alkaline media', 'Do the evaluation parameters reflect intrinsic activity of electrocatalysts in electrochemical water splitting?', 'The significance of properly reporting turnover frequency in electrocatalysis research', 'Evolution of layered double hydroxides (LDH) as high performance water oxidation electrocatalysts: A review with insights on structure, activity and mechanism', 'Developments and perspectives in 3D transition‐metal‐based electrocatalysts for neutral and near‐neutral water electrolysis']"
10,Sandeep Verma,"Professor of Chemistry, Indian Institute of Technology Kanpur","Chemistry, Chemical Biology",15854,https://scholar.google.com/citations?hl=en&user=2SodcuwAAAAJ,56,360,"['Modified oligonucleotides: synthesis and strategy for users', 'Investigation for the optimal thermohydraulic performance of artificially roughened solar air heaters', 'The many facets of adenine: coordination, crystal patterns, and catalysis', 'Isotopic characteristics of Indian precipitation', 'Tackling the outer membrane: facilitating compound entry into Gram-negative bacterial pathogens', 'Toward green communication in 6G-enabled massive Internet of Things', 'An intrusion detection mechanism for secured IoMT framework based on swarm-neural network', 'Bioinspired design of nanocages by self‐assembling triskelion peptide elements', 'Intelligent and secure clustering in wireless sensor network (WSN)-based intelligent transportation systems', 'Supramolecular photoactivatable anticancer hydrogels']"
11,Ashok Kumar,"Professor, Dept. Biological Sciences and Bioengineering, Indian Institute of Technology …","Regenerative medicine, Tissue engineering and Biomaterials, Environmental biotechnology, Bioprocess engineering, Bioseparation",15725,https://scholar.google.com/citations?hl=en&user=eFMI9XQAAAAJ,69,224,"['Smart polymers: physical forms and bioengineering applications', 'Exosome laden oxygen releasing antioxidant and antibacterial cryogel wound dressing OxOBand alleviate diabetic and infectious wound healing', 'Skin tissue engineering for tissue repair and regeneration', 'Synthesis and characterization of elastic and macroporous chitosan–gelatin cryogels for tissue engineering', 'Bioactive materials for biomedical applications using sol–gel technology', 'Supermacroprous chitosan–agarose–gelatin cryogels: in vitro characterization and in vivo assessment for cartilage tissue engineering', 'Biomaterials and bioengineering tomorrow’s healthcare', 'Advanced biomaterials: fundamentals, processing, and applications', 'Seed treatment with iron pyrite (FeS2) nanoparticles increases the production of spinach', 'Affinity fractionation of lymphocytes using a monolithic cryogel']"
12,AMALENDU CHANDRA,Indian Institute of Technology Kanpur,,14809,https://scholar.google.com/citations?hl=en&user=rTKmquIAAAAJ,54,278,"['Effects of ion atmosphere on hydrogen-bond dynamics in aqueous electrolyte solutions', 'Aqueous basic solutions: hydroxide solvation, structural diffusion, and comparison to the hydrated proton', 'Municipal solid waste characterization and its assessment for potential methane generation: a case study', 'Molecular dynamics simulations of aqueous NaCl and KCl solutions: Effects of ion concentration on the single-particle, pair, and collective dynamical properties of ions and\xa0…', 'Collective orientational relaxation in dense dipolar liquids', 'Emerging 2D metal oxides and their applications', 'Structure and Dynamics of OH-(aq)', 'Dielectric constant of water confined in a nanocavity', 'Encapsulation of γ-Fe2O3 decorated reduced graphene oxide in polyaniline core–shell tubes as an exceptional tracker for electromagnetic environmental pollution', 'Dynamical behavior of anion− water and water− water hydrogen bonds in aqueous electrolyte solutions: A molecular dynamics study']"
13,Rajiv Sinha,IIT Kanpur,"River science, geomorphology, sedimentology",14127,https://scholar.google.com/citations?hl=en&user=VkRcwwEAAAAJ,67,176,"['Tropical rivers', 'Systems and methods for accelerating delivery of a computing environment to a remote user', 'Braiding and meandering parameters', 'The use of semi-structured interviews for the characterisation of farmer irrigation practices', 'River systems and their sediment flux, Indo‐Gangetic plains, Northern Bihar, India', 'Predominant floodplain over mountain weathering of Himalayan sediments (Ganga basin)', 'Flood risk analysis in the Kosi river basin, north Bihar using multi-parametric approach of analytical hierarchy process (AHP)', 'Discontinuity-bounded alluvial sequences of the southern Gangetic Plains, India: aggradation and degradation in response to monsoonal strength', 'Flood risk assessment in the Kosi megafan using multi-criteria decision analysis: A hydro-geomorphic approach', 'Improved provenance tracing of Asian dust sources using rare earth elements and selected trace elements for palaeomonsoon studies on the eastern Tibetan Plateau']"
14,Raju Kumar Gupta,"Professor, Department of Chemical Engineering, IIT Kanpur","Photocatalysis, Water remediation, Perovskite solar cells, Batteries, CO2 capture and conversion",13730,https://scholar.google.com/citations?hl=en&user=nG-H4P8AAAAJ,54,132,"['Recent progress on ferroelectric polymer-based nanocomposites for high energy density capacitors: synthesis, dielectric properties, and future aspects', 'Oil/water separation techniques: a review of recent progresses and future directions', 'Raw natural fiber–based polymer composites', 'Green synthesis of carbon quantum dots from lemon peel waste: applications in sensing and photocatalysis', 'Graphite modified sodium alginate hydrogel composite for efficient removal of malachite green dye', 'Noble metals-TiO2 nanocomposites: from fundamental mechanisms to photocatalysis, surface enhanced Raman scattering and antibacterial applications', 'Antibacterial and antiviral functional materials: chemistry and biological activity toward tackling COVID-19-like pandemics', 'Synthesis of In2O3–ZnO core–shell nanowires and their application in gas sensing', 'Graft copolymers of natural fibers for green composites', 'Surface modification of cellulose using silane coupling agent']"
15,Sanjay Mittal,"Professor of Aerospace Engineering, IIT Kanpur","CFD, Experimental Aerodynamics",13659,https://scholar.google.com/citations?hl=en&user=BmWnCKsAAAAJ,57,123,"['A new strategy for finite element computations involving moving boundaries and interfaces—the deforming-spatial-domain/space-time procedure: II. Computation of free-surface\xa0…', 'Incompressible flow computations with stabilized bilinear and linear equal-order-interpolation velocity-pressure elements', 'Flow past a rotating cylinder', 'Vortex-induced oscillations at low Reynolds numbers: hysteresis and vortex-shedding modes', 'Vortex-induced vibrations of a circular cylinder at low Reynolds numbers', 'Computation of unsteady incompressible flows with the stabilized finite element methods: Space-time formulations, iterative strategies and massively parallel implementations', 'Unsteady incompressible flows past two cylinders in tandem and staggered arrangements', 'Parallel finite-element computation of 3D flows', 'Flow past a square cylinder at low Reynolds numbers', 'Steady separated flow past a circular cylinder at low Reynolds numbers']"
16,Kantesh Balani,"Professor & Head, Materials Science and Engineering, IIT Kanpur","Thermal Spraying, Functional Biomaterials, Ultra High Temperature Ceramics, Coatings, Nanomechanics",13264,https://scholar.google.com/citations?hl=en&user=i8cuAm4AAAAJ,54,189,"['Progress in material selection for solid oxide fuel cell technology: A review', 'Challenges and advances in nanocomposite processing techniques', 'Plasma-sprayed carbon nanotube reinforced hydroxyapatite coatings and their interaction with human osteoblasts in vitro', 'Physical, thermal, and mechanical properties of polymers', 'Advanced structural ceramics', 'Carbon nanotube reinforced aluminum composite coating via cold spraying', 'Biosurfaces: a materials science and engineering perspective', 'Tribological behavior of plasma-sprayed carbon nanotube-reinforced hydroxyapatite coating in physiological solution', 'Ultra-high temperature ceramics: Aspiration to overcome challenges in thermal protection systems', 'Effect of carrier gases on microstructural and electrochemical behavior of cold-sprayed 1100 aluminum coating']"
17,Santosh Kumar Gupta,"Professor of Chemical Engineering, Indian Institute of Technology Kanpur","Modelling and Optimization, Polymer Reaction Engineering, multiobjective optimization, Chemical Engineering",13067,https://scholar.google.com/citations?hl=en&user=QP1IzB4AAAAJ,51,310,"['Applications of multiobjective optimization in chemical engineering', 'Synthesis and characterization of perovskite barium titanate thin film and its application as LPG sensor', 'Multi-objective optimization of an industrial fluidized-bed catalytic cracking unit (FCCU) using genetic algorithm (GA) with the jumping genes operator', 'Reaction engineering of step growth polymerization', 'Numerical methods for engineers', 'Multiobjective optimization of steam reformer performance using genetic algorithm', 'Multi-objective optimization of reverse osmosis desalination units using different adaptations of the non-dominated sorting genetic algorithm (NSGA)', 'Multi-objective optimization of industrial hydrogen plants', 'Chemical-composition of Pinus-caribaea hemicellulose', 'Multiobjective dynamic optimization of an industrial nylon 6 semibatch reactor using genetic algorithm']"
18,Parimal K. Bharadwaj,"Retired Prof of Chemistry IIT Kanpur & Distinguished Visiting Prof of Chemistry, IIT Bombay …",Supramolecular Chemistry,12909,https://scholar.google.com/citations?hl=en&user=VePyXdMAAAAJ,62,221,"['Metal–organic frameworks for the chemical fixation of CO2 into cyclic carbonates', 'Coexistence of water dimer and hexamer clusters in 3D metal− organic framework structures of Ce (III) and Pr (III) with pyridine-2, 6-dicarboxylic acid', 'Ni (II), Cu (II), and Zn (II) cryptate-enhanced fluorescence of a trianthrylcryptand: a potential molecular photonic OR operator', 'A coumarin-derived fluorescence probe selective for magnesium', 'Supramolecular amphiphiles: spontaneous formation of vesicles triggered by formation of a charge‐transfer complex in a host', 'High Proton Conductivity by a Metal–Organic Framework Incorporating Zn8O Clusters with Aligned Imidazolium Groups Decorating the Channels', 'A dodecameric water cluster built around a cyclic quasiplanar hexameric core in an organic supramolecular complex of a cryptand', 'Puckered-Boat Conformation Hexameric Water Clusters Stabilized in a 2D Metal− Organic Framework Structure Built from Cu (II) and 1, 2, 4, 5-Benzenetetracarboxylic Acid', 'Self-assembly of lanthanide helicate coordination polymers into 3D metal-organic framework structures', 'Transition metal (II)/(III), Eu (III), and Tb (III) ions induced molecular photonic OR gates using trianthryl cryptands of varying cavity dimension']"
19,Satyabrata Das,Former Director CSIR AMPRI /Visiting Professor at Department of  Materials Science IITK …,"Solidification, Metal casting, Metal Matrix Composites, Metal Foams, Tribology",12574,https://scholar.google.com/citations?hl=en&user=1KZUtdAAAAAJ,55,197,"['Solidification, structures, and properties of cast metal-ceramic particle composites', 'A comparative corrosion behavior of Mg, AZ31 and AZ91 alloys in 3.5% NaCl solution', 'Convergent evolution of SARS-CoV-2 spike mutations, L452R, E484Q and P681R, in the second wave of COVID-19 in Maharashtra, India', 'Effect of machining parameters on surface roughness and tool wear for 7075 Al alloy SiC composite', 'Specific Recognition and Sensing of CN− in Sodium Cyanide Solution', 'Effect of matrix alloy and influence of SiC particle on the sliding wear characteristics of aluminium alloy composites', 'Microstructure and wear of cast (Al-Si alloy)-graphite composites', 'High temperature stress effects on pollens of rice (Oryza sativa L.) genotypes', 'Review of recent studies in Al matrix composites', 'Development of aluminium alloy composites for engineering applications']"
20,Gautam Biswas FNA or G Biswas,"IIT Guwahati, IIT Kanpur and BITS-Pilani Goa Campus","Fluid Mechanics, Heat Transfer, Boiling, Drops, Bubbles",12493,https://scholar.google.com/citations?hl=en&user=dfvFBBMAAAAJ,60,166,"['Backward-facing step flows for various expansion ratios at low and moderate Reynolds numbers', 'Comparison of volume-of-fluid methods for surface tension-dominant two-phase flows', 'Three-dimensional study of flow past a square cylinder at low Reynolds numbers', 'Two-phase electrohydrodynamic simulations using a volume-of-fluid approach', 'Numerical and experimental determination of flow structure and heat transfer effects of longitudinal vortices in a channel flow', 'Flow past a square cylinder at low Reynolds numbers', 'Heat transfer enhancement in fin-tube heat exchangers by winglet type vortex generators', 'Heat transfer enhancement in fin-tube heat exchangers by winglet type vortex generators', 'Steady separated flow past a circular cylinder at low Reynolds numbers', 'Numerical simulation of bubble growth in film boiling using a coupled level-set and volume-of-fluid method']"
21,SC Srivastava,"Department of Elect. Eng., IIT Kanpur",,12042,https://scholar.google.com/citations?hl=en&user=Uesn2wIAAAAJ,58,187,"['Tillage and residue management effects on soil aggregation, organic carbon dynamics and yield attribute in rice–wheat cropping system under reclaimed sodic soil', 'A non-unit protection scheme for DC microgrid based on local measurements', 'Congestion management in competitive power market: A bibliographical survey', 'A zonal congestion management approach using real and reactive power rescheduling', 'A robust three phase power flow algorithm for radial distribution systems', 'Global occurrence of deoxynivalenol in food commodities and exposure risk assessment in humans in the last decade: A survey', 'Grid integration of small-scale photovoltaic systems in secondary distribution network—A review', 'Control strategies of a DC microgrid for grid connected and islanded operations', 'Optimal reactive power dispatch considering FACTS devices', 'A synchrophasor assisted frequency and voltage stability based load shedding scheme for self-healing of power system']"
22,Vinod K Singh,"Professor of Chemistry, IIT Kanpur",Organic Synthesis,11156,https://scholar.google.com/citations?hl=en&user=4vUdrvEAAAAJ,57,164,"['A stable and easily prepared catalyst for the enantioselective reduction of ketones. Applications to multistep syntheses', 'Highly enantioselective organocatalytic direct aldol reaction in an aqueous medium', 'Practical and useful methods for the enantioselective reduction of unsymmetrical ketones', 'Enantioselective one-pot three-component synthesis of propargylamines', 'An efficient method for acylation reactions', 'Highly enantioselective direct aldol reaction catalyzed by organic molecules', 'Organocatalytic reactions in water', 'Enantioselective organocatalytic aldol reaction using small organic molecules', 'An efficient method for cleavage of epoxides with aromatic amines', 'Highly enantioselective water-compatible organocatalyst for Michael reaction of ketones to nitroolefins']"
23,Bushra Ateeq,"Professor & Senior Fellow, DBT/Wellcome Trust, IIT Kanpur","Cancer Biomarkers, Cancer Genomics, Non-coding RNAs, Drug Targets, Prostate Cancer",11079,https://scholar.google.com/citations?hl=en&user=72n6-0wAAAAJ,38,58,"['The mutational landscape of lethal castration-resistant prostate cancer', 'Genomic loss of microRNA-101 leads to overexpression of histone methyltransferase EZH2 in cancer', 'Identification of targetable FGFR gene fusions in diverse cancers', 'Rearrangements of the RAF kinase pathway in prostate cancer, gastric cancer and melanoma', 'Mechanistic rationale for inhibition of poly (ADP-ribose) polymerase in ETS gene fusion-positive prostate cancer', 'Functionally recurrent rearrangements of the MAST kinase and Notch gene families in breast cancer', 'The role of sarcosine metabolism in prostate cancer progression', 'Coordinated regulation of polycomb group complexes through microRNAs in cancer', 'Clastogenicity of pentachlorophenol, 2, 4-D and butachlor evaluated by Allium root tip test', 'Induction of micronuclei and erythrocyte alterations in the catfish Clarias batrachus by 2, 4-dichlorophenoxyacetic acid and butachlor']"
24,Prof. Dr.-Ing. M. Jaleel Akhtar,"Chair Professor, Dept. of Electrical Engineering, IIT Kanpur","Electromagnetic Theory, Microwave Imaging and Remote Sensing, RF Metamaterial Inspired Sensors",10742,https://scholar.google.com/citations?hl=en&user=A7Bri_4AAAAJ,46,158,"['Engineering electromagnetics', 'Design and application of the CSRR-based planar sensor for noninvasive measurement of complex permittivity', 'Hierarchical carbon nanotube-coated carbon fiber: ultra lightweight, thin, and highly efficient microwave absorber', 'Lightweight and high-performance microwave absorbing heteroatom-doped carbon derived from chicken feather fibers', 'Design of triple band differential rectenna for RF energy harvesting', 'Metamaterial-inspired microwave microfluidic sensor for glucose monitoring in aqueous solutions', 'Design, synthesis, and testing of high coercivity cobalt doped nickel ferrite nanoparticles for magnetic applications', 'A generalized rectangular cavity approach for determination of complex permittivity of materials', 'Improved planar resonant RF sensor for retrieval of permittivity and permeability of materials', 'Multi-band RF planar sensor using complementary split ring resonator for testing of dielectric materials']"
25,Debashish Chowdhury,"Professor, Department of Physics, IIT Kanpur","Statistical Physics, Biological Physics, Molecular machines, Molecular motors",10596,https://scholar.google.com/citations?hl=en&user=punFCLMAAAAJ,39,111,"['Statistical physics of vehicular traffic and some related systems', 'Stochastic transport in complex systems: from molecules to vehicles', 'Particle hopping models for two-lane traffic with two kinds of vehicles: Effects of lane-changing rules', 'Physics of transport and traffic phenomena in biology: from molecular motors and cells to organisms', 'Spin glasses and other frustrated systems', 'Santen, L.—Schadschneider, A.: Statistical physics of vehicular traffic and some related systems', 'Self-organization of traffic jams in cities: Effects of stochastic dynamics and signal periods', 'Stochastic mechano-chemical kinetics of molecular motors: a multidisciplinary enterprise from a physicist’s perspective', 'Intracellular transport of single-headed molecular motors KIF1A', 'A generalized spin model of financial markets']"
26,Ajoy Kanti Ghosh,"professor, IIT Kanpur India","artificial intelligence, flight mechanics, aerodynamics",10579,https://scholar.google.com/citations?hl=en&user=XBXJ_dUAAAAJ,44,237,"['The Fauna of British India: including Ceylon and Burma', 'Free radicals and their role in different clinical conditions: an overview', 'Wetting and wicking in fibrous materials', 'Zingiber officinale: a natural gold.', 'Fused deposition modelling using direct extrusion', 'Intelligent fault diagnosis of rotary machines: Conditional auxiliary classifier GAN coupled with meta learning using limited data', 'Influence of solid lubricants and fibre reinforcement on wear behaviour of polyethersulphone', 'Attributes of climate resilience in fisheries: From theory to practice', 'Small quartz silica spheres induced disorder in octylcyanobiphenyl (8CB) liquid crystals: a thermal study', 'Two new techniques for aircraft parameter estimation using neural networks']"
27,Sameer Khandekar,"Sir M. Visvesvaraya Chair Professor and Head (ME), Indian Institute of Technology Kanpur …","heat transfer, heat pipes, boiling, condensation, thermal management",10379,https://scholar.google.com/citations?hl=en&user=9uMKMBUAAAAJ,50,126,"['Closed loop pulsating heat pipes: Part A: parametric experimental investigations', 'Understanding operational regimes of closed loop pulsating heat pipes: an experimental study', 'Closed loop pulsating heat pipes Part B: visualization and semi-empirical modeling', 'Operational limit of closed loop pulsating heat pipes', 'An insight into thermo-hydrodynamic coupling in closed loop pulsating heat pipes', 'Performance characteristics of pulsating heat pipes as integral thermal spreaders', 'Engineering applications of ferrofluids: A review', 'Thermal performance of closed two-phase thermosyphon using nanofluids', 'Nano-cutting fluid for enhancement of metal cutting performance', 'Thermofluid dynamic study of flat-plate closed-loop pulsating heat pipes']"
28,Yogesh S. Chauhan,"Fellow of IEEE, IASc & INAE; Professor & Head/EE - IIT Kanpur","ASM GaN HEMT, Compact Model, BSIM SPICE Model, Cryogenic Transistor Modeling, Ferroelectric FET",9872,https://scholar.google.com/citations?hl=en&user=USq58a0AAAAJ,50,224,"['FinFET modeling for IC simulation and design', 'Analysis and compact modeling of negative capacitance transistor with high ON-current and negative output differential resistance—Part II: Model validation', 'Analytical modeling of surface-potential and intrinsic charges in AlGaN/GaN HEMT devices', 'ASM GaN: Industry standard model for GaN RF and power devices—Part 1: DC, CV, and RF model', 'Numerical investigation of short-channel effects in negative capacitance MFIS and MFMIS transistors: Subthreshold behavior', 'BSIM6: Analog and RF compact model for bulk MOSFET', 'BSIM—SPICE models enable FinFET and UTB IC designs', 'Robust surface-potential-based compact model for GaN HEMT IC design', 'Physical insights on negative capacitance transistors in nonhysteresis and hysteresis regimes: MFMIS versus MFIS structures', 'First demonstration of in-memory computing crossbar using multi-level cell FeFET']"
29,Goutam Deo,"Professor of Chemical Engineering, Indian Institute of Technology Kanpur","Chemical Engineering, Reaction Engineering, Heterogeneous Catalysis",9816,https://scholar.google.com/citations?hl=en&user=fK9RH9EAAAAJ,52,97,"['Reactivity of supported vanadium oxide catalysts: The partial oxidation of methanol', 'Predicting molecular structures of surface metal oxide species on oxide supports under ambient conditions', 'Vapor− liquid phase coexistence, critical properties, and surface tension of confined alkanes', 'Reactivity of V2O5catalysts for the selective catalytic reduction of NO by NH3: Influence of vanadia loading, H2O, and SO2', 'Supported vanadium oxide catalysts: molecular structural characterization and reactivity properties', 'In situ IR, Raman, and UV-Vis DRS spectroscopy of supported vanadium oxide catalysts during methanol oxidation', 'Selective catalytic reduction of NO with NH3over supported vanadia catalysts', 'Characterization of titania silicalites', 'Effect of additives on the structure and reactivity of the surface vanadium oxide phase in V2O5/TiO2 catalysts', 'Effect of water vapor on the molecular structures of supported vanadium oxide catalysts at elevated temperatures']"
30,Mohit Bhardwaj,Indian Institute of Technology Kanpur,"Radio Astronomy, Fast Radio Bursts, Astrophysical Transients, Multi-Messenger Astronomy, Applied",9774,https://scholar.google.com/citations?hl=en&user=T7u0EccAAAAJ,49,85,"['A bright millisecond-duration radio burst from a Galactic magnetar', 'The first CHIME/FRB fast radio burst catalog', 'A repeating fast radio burst source localized to a nearby spiral galaxy', 'The CHIME fast radio burst project: system overview', 'Periodic activity from a fast radio burst source', 'A second source of repeating fast radio bursts', 'A repeating fast radio burst source in a globular cluster', 'Fast radio burst morphology in the first CHIME/FRB catalog', 'A nearby repeating fast radio burst in the direction of M81', 'Observations of fast radio bursts at frequencies down to 400 megahertz']"
31,Nishith Verma,"Professor of Chemical Engineering, Indian Institute of Technology Kanpur","Synthesis of nanomaterials including …, Environmental remediation, Energy materials, Sensors, Microbial f",9719,https://scholar.google.com/citations?hl=en&user=pwNT4HkAAAAJ,55,168,"['Removal of volatile organic compound by activated carbon fiber', 'Removal of volatile organic compounds by cryogenic condensation followed by adsorption', 'Comparative study of removal of volatile organic compounds by cryogenic condensation and adsorption by activated carbon fiber', 'Wall effects in flow past a circular cylinder in a plane channel: a numerical study', 'Removal of SO2 by activated carbon fibers in the presence of O2 and H2O', 'Copper/zinc bimetal nanoparticles-dispersed carbon nanofibers: A novel potential antibiotic material', 'Synthesis of novel PVA–starch formulation-supported Cu–Zn nanoparticle carrying carbon nanofibers as a nanofertilizer: controlled release of micronutrients', 'Carbon nanofibers as a micronutrient carrier in plants: efficient translocation and controlled release of Cu nanoparticles', 'Catalytic oxidation of NO by activated carbon fiber (ACF)', 'Development of bi-metal doped micro-and nano multi-functional polymeric adsorbents for the removal of fluoride and arsenic (V) from wastewater']"
32,Avinash Singh,indian institute of technology kanpur,"Correlated Electrons, Quantum Magnetism, Spin-Orbital Excitations",9659,https://scholar.google.com/citations?hl=en&user=1BwzHHEAAAAJ,42,264,"['The fast, luminous ultraviolet transient AT2018cow: extreme supernova, or disruption of a star by an intermediate-mass black hole?', 'Efficacy of plant essential oils as antimicrobial agents against Listeria monocytogenes in hotdogs', 'Optical‐acoustic two‐phonon relaxation in spin systems', 'Nano-crystalline Fe2O3 thin films for ppm level detection of H2S', 'Collective excitations in a doped antiferromagnet', 'Cold rolling texture in AISI 304 stainless steel', 'Electrochemical, ToF-SIMS and computational studies of 4-amino-5-methyl-4H-1, 2, 4-triazole-3-thiol as a novel corrosion inhibitor for copper in 3.5% NaCl', 'Membrane-damaging potential of natural L-(−)-usnic acid in Staphylococcus aureus', 'Mpi-a message passing interface standard', 'SN 2017gmr: An energetic Type II-P supernova with asymmetries']"
33,Kumar Vaibhav Srivastava,"Professor of Department of Electrical Engineering, Indian Institute of Technology, Kanpur …","Metamaterials, Microwave Absorbers, Microwave Antenna, Cloaking",9303,https://scholar.google.com/citations?hl=en&user=nBSF9qUAAAAJ,48,170,"['A compact microstrip-fed triple band-notched UWB monopole antenna', 'Triple band polarization-independent metamaterial absorber with bandwidth enhancement at X-band', 'An ultrawideband ultrathin metamaterial absorber based on circular split rings', 'Triple band polarization-independent ultra-thin metamaterial absorber using electric field-driven LC resonator', 'An equivalent circuit model of FSS-based metamaterial absorber using coupled line theory', 'Design, characterisation and fabrication of a broadband polarisation‐insensitive multi‐layer circuit analogue absorber', 'Broadband substrate integrated waveguide cavity-backed bow-tie slot antenna', 'Transparent broadband metamaterial absorber based on resistive films', 'Bandwidth-enhanced polarization-insensitive microwave metamaterial absorber and its equivalent circuit model', 'Broadband polarization-insensitive tunable frequency selective surface for wideband shielding']"
34,Arvind K Sinha,"Professor of Psychology (OB Area), Dept of HSS, Indian Institute of Technology Kanpur …","Organizational Behavior, I/O Psychology, Social Psychology",9288,https://scholar.google.com/citations?hl=en&user=SMSi2fwAAAAJ,42,206,"['Uterine artery embolization for symptomatic uterine fibroids', 'Interaction and nanotoxic effect of ZnO and Ag nanoparticles on mesophilic and halophilic bacterial cells', 'The “tamponade test” in the management of massive postpartum hemorrhage', 'General health in organizations: Relative relevance of emotional intelligence, trust, and organizational support.', 'Studies on mercury bioremediation by alginate immobilized mercury tolerant Bacillus cereus cells', 'Dynamic state estimator using ANN based bus load prediction', 'Mercury bioaccumulation and simultaneous nanoparticle synthesis by Enterobacter sp. cells', 'Incorporating nonlinearities of measurement function in power system dynamic state estimation', 'Updates on uterine artery embolization', 'Rapidly destructive osteoarthritis of the hip joint: a case series']"
35,Krishanu Biswas,Indian Institute of Technology Kanpur,Materials Science and Engineering,8938,https://scholar.google.com/citations?hl=en&user=KTKaS6AAAAAJ,49,174,"['High-Entropy Alloys as Catalysts for the CO2 and CO Reduction Reactions: Experimental Realization', 'A perspective on the catalysis using the high entropy alloys', 'Low-cost high entropy alloy (HEA) for high-efficiency oxygen evolution reaction (OER)', 'Powder metallurgical processing of equiatomic AlCoCrFeNi high entropy alloy: Microstructure and mechanical properties', 'High-entropy alloys and metallic nanocomposites: Processing challenges, microstructure development and property enhancement', 'High entropy alloys: Key issues under passionate debate', 'Five decades of research on the development of eutectic as engineering materials', 'In the quest of single phase multi-component multiprincipal high entropy alloys', 'Cryomilling: An environment friendly approach of preparation large quantity ultra refined pure aluminium nanoparticles', 'Deciphering micro-mechanisms of plastic deformation in a novel single phase fcc-based MnFeCoNiCu high entropy alloy using crystallographic texture']"
36,Prof. Janakarajan Ramkumar,"Professor (HAG), Department of Mechanical Engineering, and Design, IIT Kanpur","Micro and nano manufacturing, Additive Manufacturing, New product and process development",8713,https://scholar.google.com/citations?hl=en&user=8X9rXe0AAAAJ,47,194,"['Nano-cutting fluid for enhancement of metal cutting performance', 'Transparent broadband metamaterial absorber based on resistive films', 'Rheological characterization of styrene-butadiene based medium and its finishing performance using rotational abrasive flow finishing process', 'Effect of carbonaceous reinforcements on the mechanical and tribological properties of friction stir processed Al6061 alloy', 'An optically transparent broadband microwave absorber using interdigital capacitance', 'Experimental investigations into rotating workpiece abrasive flow finishing', 'Performance evaluation and rheological characterization of newly developed butyl rubber based media for abrasive flow machining process', 'Aluminum substituted cobalt ferrite (Co− Al− Fe) nano adsorbent for arsenic adsorption in aqueous systems and detailed redox behavior study with XPS', 'Rotational abrasive flow finishing (R-AFF) process and its effects on finished surface topography', 'A new multi-objective Jaya algorithm for optimization of modern machining processes']"
37,Anantha Ramakrishna,"Professor of Physics, IIT Kanpur","Optics, Photonics, Metamaterials, Nano and Micro structuring",8706,https://scholar.google.com/citations?hl=en&user=tebIaWQAAAAJ,38,101,"['Physics of negative refractive index materials', 'Limitations on subdiffraction imaging with a negative refractive index slab', 'Acoustic metamaterials for sound focusing and confinement', 'Physics and applications of negative refractive index materials', 'Removal of absorption and increase in resolution in a near-field lens via optical gain', 'Imaging the near field', 'Focusing light using negative refraction', 'Near-infrared photonic band gaps and nonlinear effects in negative magnetic metamaterials', 'The asymmetric lossy near-perfect lens', 'Near-field lenses in two dimensions']"
38,Ashish Garg,Indian Institute of Technology Kanpur,"Ferroics, Multiferroics, Memories, Energy harvesting, Perovskite and Organic Solar Photovoltaics",8454,https://scholar.google.com/citations?hl=en&user=S7si0-cAAAAJ,47,160,"['Development of high strength hydroxyapatite by solid-state-sintering process', 'A review on quantum dot sensitized solar cells: Past, present and future towards carrier multiplication with a possibility for higher efficiency', 'Phase evolution, magnetic and electrical properties in Sm-doped bismuth ferrite', 'Effect of samarium doping on the properties of solid-state synthesized multiferroic bismuth ferrite', 'In situ high-temperature phase transformation studies on pyrite', 'Multiferroic memories', 'Orientation dependence of ferroelectric properties of pulsed-laser-ablated  films', 'Significantly Enhanced Energy Density by Tailoring the Interface in Hierarchically Structured TiO2–BaTiO3–TiO2 Nanofillers in PVDF-Based Thin-Film Polymer\xa0…', 'Flexible and robust piezoelectric polymer nanocomposites based energy harvesters', 'Relation between open circuit potential and polarization resistance with rust and corrosion monitoring of mild steel']"
39,Amit Agarwal,"Department of Physics, Indian Institute of Technology, Kanpur (India)","Theoretical condensed matter physics, Quantum transport",8364,https://scholar.google.com/citations?hl=en&user=WcVpbRwAAAAJ,52,157,"['Layer Hall effect in a 2D topological axion antiferromagnet', 'Analysis and compact modeling of negative capacitance transistor with high ON-current and negative output differential resistance—Part II: Model validation', 'Electric field induced gap modification in ultrathin blue phosphorous', 'Realization of an intrinsic ferromagnetic topological state in MnBi8Te13', 'Berry curvature dipole senses topological transition in a moiré superlattice', 'Intrinsic nonlinear conductivities induced by the quantum metric', 'Numerical investigation of short-channel effects in negative capacitance MFIS and MFMIS transistors: Subthreshold behavior', 'Observation of bulk states and spin-polarized topological surface states in transition metal dichalcogenide Dirac semimetal candidate', 'Physical insights on negative capacitance transistors in nonhysteresis and hysteresis regimes: MFMIS versus MFIS structures', '3D Dirac Plasmons in the Type-II Dirac Semimetal']"
40,Anindya Chatterjee,"Professor, Department of Mechanical Engineering, Indian Institute of Technology, Kanpur",Applied Mechanics,8313,https://scholar.google.com/citations?hl=en&user=MJ5tZLsAAAAJ,35,87,"['An introduction to the proper orthogonal decomposition', 'The simplest walking model: stability, complexity, and scaling', 'Efficiency, speed, and scaling of two-dimensional passive-dynamic walking', 'Motions of a rimless spoked wheel: a simple three-dimensional system with impacts', 'A new algebraic rigid-body collision law based on impulse space considerations', 'Asymptotic solution for solitary waves in a chain of elastic spheres', 'Multiple scales without center manifold reductions for delay differential equations near Hopf bifurcations', 'A dynamical systems approach to damage evolution tracking, part 1: description and experimental application', 'Climate trends', 'Self-interrupted regenerative metal cutting in turning']"
41,Laxmidhar Behera,IIT Kanpur,"Intelligent Systems and Control, Robotics, Soft Computing",8246,https://scholar.google.com/citations?hl=en&user=QWTcyP8AAAAJ,45,192,"['Event-triggered finite-time integral sliding mode controller for consensus-based formation of multirobot systems with disturbances', 'On adaptive learning rate that guarantees convergence in feedforward networks', 'Automatic facial expression recognition system using deep network-based data fusion', 'A novel vision-based tracking algorithm for a human-following mobile robot', 'Emotion recognition from geometric facial features using self-organizing map', 'Quantum neural network-based EEG filtering for a brain–computer interface', 'A Distributed Task Allocation Algorithm for a Multi-Robot System in Healthcare Facilities', 'EEG-based mobile robot control through an adaptive brain–robot interface', 'Intelligent systems and control principles and applications', ""Evolution of cooperation in a spatial prisoner's dilemma""]"
42,Saikat Chakrabarti,Indian Institute of Technology Kanpur,"Power System State Estimation, Synchrophasors, Smart Grid, Microgrid, EV Integration",8114,https://scholar.google.com/citations?hl=en&user=XrUg8HwAAAAJ,41,123,"['Optimal placement of phasor measurement units for power system observability', 'Placement of synchronized measurements for power system observability', 'A non-unit protection scheme for DC microgrid based on local measurements', 'Reconfiguration of power distribution systems considering reliability and power loss', 'Networked microgrids: State-of-the-art and future perspectives', 'Droop control of converter-interfaced microsources in rural distributed generation', 'Grid-forming control for solar PV systems with power reserves', 'Inclusion of PMU current phasor measurements in a power system state estimator', 'Measurements get together', 'A constrained formulation for hybrid state estimation']"
43,Piyush Rai,IIT Kanpur,"machine learning, probabilistic machine learning, artificial intelligence",8073,https://scholar.google.com/citations?hl=en&user=D50grEgAAAAJ,40,81,"['Co-regularized multi-view spectral clustering', 'Generalized zero-shot learning via synthesized examples', 'A Deep Generative Framework for Paraphrase Generation', 'A Simple Exponential Family Framework for Zero-Shot Learning', 'DiffuseVAE: Efficient, controllable and high-fidelity generation from low-dimensional latents', 'Hetconv: Heterogeneous kernel-based convolutions for deep cnns', 'Domain adaptation meets active learning', 'Multiview clustering with incomplete views', 'Few-shot lifelong learning', 'Zero-shot learning via class-conditioned deep generative models']"
44,Dhirendra Katti,"Professor of Biological Sciences and Bioengineering, Indian Institute of Technology Kanpur","Tissue Engineering, Drug Delivery, Nanomedicine, Biomaterials, Bioengineering",7862,https://scholar.google.com/citations?hl=en&user=X0mSDMMAAAAJ,37,63,"['Nanofibers and their applications in tissue engineering', 'Bioresorbable nanofiber‐based systems for wound healing and drug delivery: Optimization of fabrication parameters', 'Polycaprolactone as biomaterial for bone scaffolds: Review of literature', 'Toxicity, biodegradation and elimination of polyanhydrides', 'Biodegradable polyphosphazenes for drug delivery applications', 'Improved biomaterials for tissue engineering applications: surface modification of polymers', 'Advanced biomaterials: fundamentals, processing, and applications', 'Electrospraying: a facile technique for synthesis of chitosan‐based micro/nanospheres for drug delivery applications', 'Novel polymer‐synthesized ceramic composite–based system for bone repair: An in vitro evaluation', 'Growth factor-delivery systems for tissue engineering: a materials perspective']"
45,Jarugu  Narasimha Moorthy,"Department of Chemistry, Indian Institute of Technology Kanpur (IITK)","Physical Organic Chemistry, Organic Photochemistry and Supramolecular …",7808,https://scholar.google.com/citations?hl=en&user=XN3cVvIAAAAJ,48,152,"['Biginelli reaction: an overview', ""Characterization of a planar cyclic form of water hexamer in an organic supramolecular complex: An unusual self-assembly of bimesityl-3, 3'-dicarboxylic acid"", 'Steric inhibition of π-stacking: 1, 3, 6, 8-tetraarylpyrenes as efficient blue emitters in organic light emitting diodes (OLEDs)', 'Facile and Highly Selective Conversion of Nitriles to Amides via Indirect Acid-Catalyzed Hydration Using TFA or AcOH−H2SO4', 'Remarkably selective and enantiodifferentiating sensing of histidine by a fluorescent homochiral Zn-MOF based on pyrene-tetralactic acid', 'Photodimerization of coumarins in solid cyclodextrin inclusion complexes', 'Corundum, Diamond, and PtS Metal–Organic Frameworks with a Difference: Self‐Assembly of a Unique Pair of 3‐Connecting D2d‐Symmetric 3,3′,5,5\xa0…', 'Small molecular hole-transporting materials (HTMs) in organic light-emitting diodes (OLEDs): structural diversity and classification', 'Orthogonal self-assembly of a trigonal triptycene triacid: signaling of exfoliation of porous 2D metal–organic layers by fluorescence and selective CO2 capture by\xa0…', 'Enantioselective organocatalytic Biginelli reaction: dependence of the catalyst on sterics, hydrogen bonding, and reinforced chirality']"
46,Narayanan Srinivasan,Indian Institute of Technology Kanpur,"Cognitive Science, Consciousness, Attention, Emotions, Decision making",7299,https://scholar.google.com/citations?hl=en&user=oL4UaqcAAAAJ,49,114,"['Cardiac arrhythmia classification using autoregressive modeling', 'Parasite stress and pathogen avoidance relate to distinct dimensions of political ideology across 30 nations', 'Registered replication report: Rand, greene, and nowak (2012)', 'Theta activity and meditative states: spectral changes during concentrative meditation', 'Explaining effervescence: Investigating the relationship between shared social identity and positive experience in crowds', 'The exploration of meditation in the neuroscience of attention and consciousness', 'Participation in mass gatherings can benefit well-being: Longitudinal and control data from a North Indian Hindu pilgrimage event', 'Cognitive neuroscience of creativity: EEG based approaches', 'Concentrative meditation enhances preattentive processing: a mismatch negativity study', 'Global-happy and local-sad: Perceptual processing affects emotion identification']"
47,Navaneeth Poonthottathil,"Indian Institute of Technology, Kanpur","Experimental High Energy Physics, Particle Physics, Neutrino Physics",7080,https://scholar.google.com/citations?hl=en&user=MnIEpv0AAAAJ,32,48,"['Deep Underground Neutrino Experiment (DUNE): Far detector technical design report. Volume III. DUNE far detector technical coordination', 'Volume I. introduction to DUNE', 'The NuMI neutrino beam', 'Combined Analysis of  Disappearance and  Appearance in MINOS Using Accelerator and Atmospheric Neutrinos', 'Long-baseline neutrino oscillation physics potential of the DUNE experiment', 'Deep underground neutrino experiment (DUNE) near detector conceptual design report', 'Supernova neutrino burst detection with the deep underground neutrino experiment: DUNE Collaboration', 'Prospects for beyond the standard model physics searches at the deep underground neutrino experiment: Dune collaboration', 'Search for sterile neutrinos in MINOS and MINOS+ using a two-detector fit', 'The DUNE far detector interim design report volume 1: physics, technology and strategies']"
48,Malay Banerjee,"Professor, IIT Kanpur","Mathematical Ecology, Mathematical Epidemiology, Nonlinear Dynamics, Pattern Formation",6859,https://scholar.google.com/citations?hl=en&user=OJDQHlcAAAAJ,45,146,"['A stochastic SIRS epidemic model with infectious force under intervention strategies', 'Ratio-dependent predator–prey model: effect of environmental fluctuation and stability', 'Bifurcation analysis of a ratio-dependent prey–predator model with the Allee effect', 'Dynamical analysis of toxin producing phytoplankton–zooplankton interactions', 'Self-organised spatial patterns and chaos in a ratio-dependent predator–prey system', 'On a quarantine model of coronavirus infection and data analysis', 'Turing instabilities and spatio-temporal chaos in ratio-dependent Holling–Tanner model', 'A stochastic epidemic model incorporating media coverage', 'Stochastic persistence and stationary distribution in a Holling–Tanner type prey–predator model', 'Modeling the drug therapy for HIV infection']"
49,Sudhir K Jain,Indian Institute of Technology,"Earthquake engineering, structural engineering, civil engineering, seismic",6759,https://scholar.google.com/citations?hl=en&user=HOPvsyIAAAAJ,39,100,"['Stress-strain characteristics of clay brick masonry under uniaxial compression', 'Analysis of buried pipelines subjected to reverse fault motion', 'Beneficial influence of masonry infill walls on seismic performance of RC frame buildings', 'Lateral stiffness of masonry infilled reinforced concrete (RC) frames with central opening', 'Code Approaches to Seismic Design of Masonry‐Infilled Reinforced ConcreteFrames: A State‐of‐the‐Art Review', 'Seismic response of RC frame buildings with soft first storeys', 'A proposed rapid visual screening procedure for seismic evaluation of RC-frame buildings in India', 'Effectiveness of reinforcement details in exterior reinforced concrete beam-column joints for earthquake resistance', 'Uniaxial compressive stress–strain model for clay brick masonry', 'The 1993 Killari earthquake in central India: A new fault in Mesozoic basalt flows?']"
50,K. Muralidhar,"Professor of Mechanical Engineering, Indian Institute of Technology Kanpur India","interfacial phenomena, gas hydrates, biomedical fluid flow, optical measurements",6566,https://scholar.google.com/citations?hl=en&user=4eNH3jgAAAAJ,42,134,"['Three-dimensional study of flow past a square cylinder at low Reynolds numbers', 'Turbulent flows: fundamentals, experiments and modeling', 'Cooling of high-power LEDs by liquid sprays: Challenges and prospects', 'Schlieren and shadowgraph methods in heat and mass transfer', 'Experimental study of flow past a square cylinder at high Reynolds numbers', 'Dropwise condensation on inclined textured surfaces', 'Flow past a transversely oscillating square cylinder in free stream at low Reynolds numbers', 'Dropwise condensation underneath chemically textured surfaces: simulation and experiments', 'Influence of the orientation of a square cylinder on the wake properties', 'Experimental investigation of flow past a square cylinder at an angle of incidence']"
51,mukesh sharma,Indian institute of technology Kanpur,,6506,https://scholar.google.com/citations?hl=en&user=trvFYtYAAAAJ,36,86,"['Ammonia in the atmosphere: a review on emission sources, atmospheric chemistry and deposition on terrestrial bodies', 'Investigating the potential role of ammonia in ion chemistry of fine particulate matter formation for an urban environment', 'Assessment of ambient air PM10 and PM2. 5 and characterization of PM10 in the city of Kanpur, India', 'Role of atmospheric ammonia in the formation of inorganic secondary particulate matter: a study at Kanpur, India', 'Characterization of exhaust particulates from diesel engine', 'Reconstructing Primary and Secondary Components of PM2.5 Composition for an Urban Atmosphere', 'Dust events in Kanpur, northern India: Chemical evidence for source and implications to radiative forcing', 'Particulate emission characterization of a biodiesel vs diesel-fuelled compression ignition transport engine: A comparative study', 'Polycyclic aromatic hydrocarbons, elemental and organic carbon emissions from tire-wear', 'Monthly and spatially resolved black carbon emission inventory of India: uncertainty analysis']"
52,YD Vankar,Indian Institute of Technology Kanpur,chemistry,6442,https://scholar.google.com/citations?hl=en&user=TTSULBsAAAAJ,42,142,"['Synthetic Methods and Reactions. 63: Pyridinium Poly (hydrogen fluoride)(30% Pyridine–70% Hydrogen Fluoride): A Convenient Reagent for Organic Fluorination Reactions', 'Recent developments in design and synthesis of bicyclic azasugars, carbasugars and related molecules as glycosidase inhibitors', 'Protic Acid (HClO4 Supported on Silica Gel)-Mediated Synthesis of 2,3-Unsaturated-O-glucosides and a Chiral Furan Diol from 2,3-Glycals', 'Chemistry of glycosphingolipids—carbohydrate molecules of biological significance', 'Synthesis of β-O-glycosides using enol ether and imidate derived leaving groups. Emphasis on the use of nitriles as a solvent', 'N-Halosuccinimide/AgNO3-Efficient Reagent Systems for One-Step Synthesis of 2-Haloglycals from Glycals: Application in the Synthesis of 2C-Branched Sugars\xa0…', 'Ceric ammonium nitrate-catalyzed tetrahydropyranylation of alcohols and synthesis of 2-deoxy-O-glycosides', 'The Synthesis of Hybrids of D‐Galactose with 1‐Deoxynojirimycin Analogues as Glycosidase Inhibitors', '2-Nitroglycals as powerful glycosyl donors: application in the synthesis of biologically important molecules', 'Nafion-H catalyzed acetylation of alcohols']"
53,Zakir Hossain,"Professor of Physics, Indian Institute of Technology Kanpur","Strongly correlated electron system (Kondo …, Heavy fermions, Valence fluctuation), Superconductivity and Magnetsim, Spintr",6439,https://scholar.google.com/citations?hl=en&user=QurdkMcAAAAJ,39,132,"['Bulk superconductivity at an elevated temperature (≊12 K) in a nickel containing alloy system Y-Ni-B-C', 'Magnetic order and crystal structure in the superconducting C materials', 'High-temperature superconductivity in', 'Electrical resistivity and specific heat of single-crystalline : A magnetic homologue of', 'Evidence for a reentrant superconducting state in  under pressure', 'Neutron-diffraction study of antiferromagnetic order in the magnetic superconductor C', 'Structural, superconducting, and magnetic properties of C and C', 'Exchange bias and spin glass states driven by antisite disorder in the double perovskite compound', 'Antiferromagnetism, valence fluctuation, and heavy-fermion behavior in', 'Yb-based heavy-fermion metal situated close to a quantum critical point']"
54,Rabindranath Mukherjee,"Former Professor of Chemistry, Indian Institute of Technology Kanpur","Coordination Chemistry, Bioinorganic Chemistry",6410,https://scholar.google.com/citations?hl=en&user=atapw6wAAAAJ,46,127,"['Coordination chemistry with pyrazole-based chelating ligands: molecular structural aspects', 'Chemistry of ruthenium. 12. Reactions of bidentate ligands with diaquabis [2-(arylazo) pyridine] ruthenium (II) cation. Stereoretentive synthesis of tris chelates and their\xa0…', 'Catecholase activity of dinuclear copper (II) complexes with variable endogenous and exogenous bridge', 'Bivalent, trivalent, and tetravalent nickel complexes with a common tridentate deprotonated pyridine bis-amide ligand. Molecular structures of nickel (II) and nickel (IV) and\xa0…', 'First Systematic Investigation of C\uf8ff H⋅⋅⋅ Cl Hydrogen Bonding Using Inorganic Supramolecular Synthons: Lamellar, Stitched Stair‐Case, Linked‐Ladder, and Helical Structures', 'Highly Stabilized Low-Spin Iron(III) and Cobalt(III) Complexes of a Tridentate Bis-Amide Ligand 2,6-Bis(N-phenylcarbamoyl)pyridine. Novel Nonmacrocyclic\xa0…', 'Coordination chemistry with pyridine/pyrazine amide ligands. Some noteworthy results', 'Angle dependence of the properties of the [Fe2X] 4+ bridge unit (X= O, S): structures, antiferromagnetic coupling, and properties in solution', 'Modeling Tyrosinase and Catecholase Activity Using New m-Xylyl-Based Ligands with Bidentate Alkylamine Terminal Coordination', 'Modeling tyrosinase monooxygenase activity. Spectroscopic and magnetic investigations of products due to reactions between copper (I) complexes of xylyl-based dinucleating\xa0…']"
55,Soumyabrata Roy,"Assistant Professor, Indian Institute of Technology Kanpur","Materials, CO2 Capture & Utilization, Catalysis, Energy Conversion & Storage, Solar Fuels & Devices",6319,https://scholar.google.com/citations?hl=en&user=9H30M4kAAAAJ,37,64,"['Structure, properties and applications of two‐dimensional hexagonal boron nitride', 'Seawater Electrolysis for Hydrogen Production: A Solution Looking for a Problem?', 'Thermochemical CO2 Hydrogenation to Single Carbon Products: Scientific and Technological Challenges', 'High-Density Cobalt Single-Atom Catalysts for Enhanced Oxygen Evolution Reaction', 'Multifunctional bio‐nanocomposite coatings for perishable fruits', 'Structure‐Tailored Surface Oxide on Cu–Ga Intermetallics Enhances CO2 Reduction Selectivity to Methanol at Ultralow Potential', 'Graphene Supported MoS2 Structures with High Defect Density for an Efficient HER Electrocatalysts', 'Engineered two-dimensional transition metal dichalcogenides for energy conversion and storage', 'Biomass Derived Hierarchical Porous Carbon for Supercapacitor Application and Dilute Stream CO2 Capture', 'Amine Functionalized Carbon Nanodots Electrocatalysts Converting Carbon Dioxide to Methane']"
56,Ravi Pratap Singh,Department of Physics IIT Kanpur,"Plasma physics, optics",6315,https://scholar.google.com/citations?hl=en&user=MqM-OEMAAAAJ,28,163,"['HAWK and HARRIER: phase 3, multicenter, randomized, double-masked trials of brolucizumab for neovascular age-related macular degeneration', 'Head and Neck Cancer: United Kingdom National Multidisciplinary Guidelines, –ERRATUM', 'Craters and nanostructures with laser ablation of metal/metal alloy in air and liquid', 'Effect of Elevated CO2 and Temperature on Nitrogen Dynamics and Microbial Activity During Wheat (Triticum aestivum L.) Growth on a Subtropical Inceptisol in India', ""Comparative evaluation of early vs. deferred vitrectomy in Eales' disease"", 'Effect of potassium level and foliar application of nutrient on growth and yield of late sown chickpea (Cicer arietinum L.)', 'Evaluation of vermicompost doses for management of root-rot disease complex in Coleus forskohlii under organic field conditions', 'Role of antiferromagnetic interlayer coupling on magnetic properties of', 'Impact of bee pollination on seed yield, carbohydrate composition and lipid composition of mustard seed', 'Effect of nitrogen, bulb size and plant density on growth, flowering and yield of tuberose']"
57,Nishchal K Verma,Indian Institute of Technology Kanpur,"Artificial Intelligence, LLMs, PHM, Computer Vision, Soft-computing and Industrial Automation",6125,https://scholar.google.com/citations?hl=en&user=Iir1EBsAAAAJ,38,154,"['CNN-based transformer model for fault detection in power system networks', 'Intelligent condition based monitoring using acoustic signals for air compressors', 'Intelligent fault diagnosis of rotary machines: Conditional auxiliary classifier GAN coupled with meta learning using limited data', 'Transfer learning for molecular cancer classification using deep neural networks', 'Adaptive type-2 fuzzy approach for filtering salt and pepper noise in grayscale images', 'Generating feature sets for fault diagnosis using denoising stacked auto-encoder', 'Intelligent condition based monitoring of rotating machines using sparse auto-encoders', 'A wide-area damping controller considering network input and output delays and packet drop', 'Adaptive critic-based event-triggered control for HVAC system', 'Event-triggered sliding mode control for trajectory tracking of nonlinear systems']"
58,Anjali Pandey,"Indian Institute of Technology, Kanpur","Microbiology, Toxins, Enzymes",6107,https://scholar.google.com/citations?hl=en&user=TtF2KckAAAAJ,28,91,"['Bacterial decolorization and degradation of azo dyes', 'Third imo ghg study 2014', 'Third IMO greenhouse gas study 2014', 'Tamarind seed powder and palm kernel cake: two novel agro residues for the production of tannase under solid state fermentation by Aspergillus niger ATCC 16620', 'Antibiotic adjuvants: synergistic tool to combat multi-drug resistant pathogens', 'Lutzomyia whitmani (Diptera: Psychodidae) as vector of Leishmania (V.) braziliensis in Paraná state, southern Brazil', 'Impacts of increasing ozone on Indian plants', 'Late Quaternary tectonic evolution of Dun in fault bend/propagated fold system, Garhwal Sub-Himalaya', 'The frequency of live bacteria in gallstones', 'Study about the storage stability of guava beverages.']"
59,Durgesh Rai,Indian Institute of Technology Kanpur,Structural/ Earthquake Engineering,6103,https://scholar.google.com/citations?hl=en&user=ZBglEkoAAAAJ,39,89,"['Stress-strain characteristics of clay brick masonry under uniaxial compression', 'Seismic design guide for low-rise confined masonry buildings', 'Code Approaches to Seismic Design of Masonry‐Infilled Reinforced ConcreteFrames: A State‐of‐the‐Art Review', 'Effect of in-plane damage on out-of-plane strength of unreinforced masonry walls', 'Effectiveness of reinforcement details in exterior reinforced concrete beam-column joints for earthquake resistance', 'Uniaxial compressive stress–strain model for clay brick masonry', 'Seismic evaluation and upgrading of chevron braced frames', 'Effectiveness of some strengthening options for masonry-infilled RC frames with open first story', 'Seismic strengthening of RC columns using external steel cage', 'Design and evaluation of seismic strengthening techniques for reinforced concrete frames with soft ground story']"
60,Arjun Bagchi,"Professor at Indian Institute of Technology, Kanpur.","Holography, String Theory.",6036,https://scholar.google.com/citations?hl=en&user=SdvKG-kAAAAJ,40,65,"['Galilean conformal algebras and AdS/CFT', 'Correspondence between asymptotically flat spacetimes and nonrelativistic conformal field theories', 'Holography of 3D flat cosmological horizons', 'Flat Holography: Aspects of the dual field theory', 'Scattering Amplitudes: Celestial and Carrollian', 'BMS/GCA redux: towards flatspace holography from non-relativistic symmetries', 'GCA in 2d', 'Entanglement entropy in Galilean conformal field theories and flat holography', 'Flat-space chiral gravity', 'Spin-3 gravity in three-dimensional flat space']"
61,Mainak Das,"Professor, Deaprtment of Design, Indian Institute of Technology Kanpur","Bio-Electricity, Bio-Electrodes, Protein Bio-Battery, Sustainable Agriculture",5978,https://scholar.google.com/citations?hl=en&user=ZeV2Vk8AAAAJ,40,66,"['Auto-catalytic ceria nanoparticles offer neuroprotection to adult rat spinal cord neurons', 'Inkjet printing for high-throughput cell patterning', 'Heavily nitrogen doped, graphene supercapacitor from silk cocoon', 'Seed treatment with iron pyrite (FeS2) nanoparticles increases the production of spinach', 'Cerium oxide nanoparticles protect rodent lungs from hypobaric hypoxia-induced oxidative stress and inflammation', 'Electrophysiological characterization of embryonic hippocampal neurons cultured in a 3D collagen hydrogel', 'Embryonic motoneuron-skeletal muscle co-culture in a defined system', 'A defined long-term in vitro tissue engineered model of neuromuscular junctions', 'Measurement of contractile stress generated by cultured rat muscle on silicon cantilevers for toxin detection and muscle performance enhancement', 'Differentiation of skeletal muscle and integration of myotubes with silicon microstructures using serum-free medium and a synthetic silane substrate']"
62,Amit Dutta,"Professor of Physics, IIT Kanpur",condensed matter physics,5958,https://scholar.google.com/citations?hl=en&user=mCMDe6MAAAAJ,37,80,"['quantun ising phases and transitions in transverse Ising models', 'Quantum phase transitions in transverse field spin models: from statistical physics to quantum information', 'Quantum annealing: An overview', 'Floquet generation of Majorana end modes and topological invariants', 'Quantum thermal machines and batteries', 'Phase transitions in the quantum Ising and rotor models with a long-range interaction', 'Quenching dynamics of a quantum XY spin-1 2 chain in a transverse field', 'Mixed state dynamical quantum phase transitions', 'Slow quenches in a quantum Ising chain: dynamical phase transitions and topology', 'Probing the role of long-range interactions in the dynamics of a long-range Kitaev chain']"
63,Basker SUNDARARAJU FRSC,"Professor, Department of chemistry, IIT, kanpur","Organometallic chemistry, catalysis",5941,https://scholar.google.com/citations?hl=en&user=sVsWTFcAAAAJ,44,69,"['Transition metal catalyzed nucleophilic allylic substitution: activation of allylic alcohols via π-allylic species', 'A functional-group-tolerant catalytic trans hydrogenation of alkynes', 'A trans‐Selective Hydroboration of Internal Alkynes', 'Cobalt (III)‐Catalyzed Dehydrative [4+ 2] Annulation of Oxime with Alkyne by C\uf8ff H and N\uf8ff OH Activation', 'Light‐driven hydrogen generation: efficient iron‐based water reduction catalysts', 'sp3 C–H Bond Activation with Ruthenium(II) Catalysts and C(3)-Alkylation of Cyclic Amines', 'Cp* Co (III)-Catalyzed C (sp3)–H Bond Activation: A Highly Stereoselective and Regioselective Alkenylation of 8‑Methylquinoline with Alkynes', 'Cobalt catalyzed C–H and N–H bond annulation of sulfonamide with terminal and internal alkynes', 'Weak-coordination in C–H bond functionalizations catalyzed by 3d metals', 'Cp*CoIII‐Catalyzed C(sp3)−H Bond Amidation of 8‐Methylquinoline']"
64,NAMDEO S. GAJBHIYE,Indian Institute of Technology Kanpur,"Material Science, Nano-materials, Magnetic Nanoparticles",5675,https://scholar.google.com/citations?hl=en&user=sMtYYwcAAAAJ,45,114,"['Induction heating studies of Fe3O4 magnetic nanoparticles capped with oleic acid and polyethylene glycol for hyperthermia', 'Magnetic studies of nanosized nickel ferrite particles synthesized by the citrate precursor technique', 'Synthesis, electron transport properties of transition metal nitrides and applications', 'Magnetic properties of interacting single domain Fe3O4 particles', 'Synthesis, characterization and studies on magnetic and electrical properties of Mg ferrite with Cr substitution', 'Electronic properties of 4-nm FePt particles', 'Innovative synthesis of citrate-coated superparamagnetic Fe3O4 nanoparticles and its preliminary applications', 'Synthesis and characterization of single-crystalline α-MoO3 nanofibers for enhanced Li-ion intercalation applications', 'EPR evidence for activation of trap centers in PTCR BaTiO3 ceramics', 'Re-dispersible Li+ and Eu3+ Co-doped nanocrystalline ZnO: Luminescence and EPR studies']"
65,NP GURAO,"Materials Science and Engineering, Indian Institute of Technology Kanpur, India","crystallographic texture, mechanical bahaviour of materials, diffraction, crystal plasticity, in",5632,https://scholar.google.com/citations?hl=en&user=UDlLqHoAAAAJ,43,101,"['Crystallographic texture in materials', 'Deformation behaviour of commercially pure titanium at extreme strain rates', 'Powder metallurgical processing of equiatomic AlCoCrFeNi high entropy alloy: Microstructure and mechanical properties', 'Effect of strain path change on the evolution of texture and microstructure during rolling of copper and nickel', 'Deciphering micro-mechanisms of plastic deformation in a novel single phase fcc-based MnFeCoNiCu high entropy alloy using crystallographic texture', 'The effect of Al addition on solid solution strengthening in CoCrFeMnNi: Experiment and modelling', 'In-situ study of crack initiation and propagation in a dual phase AlCoCrFeNi high entropy alloy', 'Role of impinging powder particles on melt pool hydrodynamics, thermal behaviour and microstructure in laser-assisted DED process: a particle-scale DEM–CFD–CA approach', 'Effect of rolling mode and annealing temperature on microstructure and texture of commercially pure-titanium', 'High strain rate compression behaviour of single phase CoCuFeMnNi high entropy alloy']"
66,NP Gurao,"Materials Science and Engineering, Indian Institute of Technology  Kanpur","crystallographic texture, mechanical behaviour of materials, materials processing, synchrotron and",5621,https://scholar.google.com/citations?hl=en&user=yo6MHBcAAAAJ,43,100,"['Crystallographic texture in materials', 'Deformation behaviour of commercially pure titanium at extreme strain rates', 'Powder metallurgical processing of equiatomic AlCoCrFeNi high entropy alloy: Microstructure and mechanical properties', 'Effect of strain path change on the evolution of texture and microstructure during rolling of copper and nickel', 'Deciphering micro-mechanisms of plastic deformation in a novel single phase fcc-based MnFeCoNiCu high entropy alloy using crystallographic texture', 'The effect of Al addition on solid solution strengthening in CoCrFeMnNi: Experiment and modelling', 'In-situ study of crack initiation and propagation in a dual phase AlCoCrFeNi high entropy alloy', 'Role of impinging powder particles on melt pool hydrodynamics, thermal behaviour and microstructure in laser-assisted DED process: a particle-scale DEM–CFD–CA approach', 'Effect of rolling mode and annealing temperature on microstructure and texture of commercially pure-titanium', 'High strain rate compression behaviour of single phase CoCuFeMnNi high entropy alloy']"
67,Prabha Sharma,"Professor of Mathematics and Statistics, IIT Kanpur","Algorithm Designing, Machine Learning, Deep Learniing, Optimization",5608,https://scholar.google.com/citations?hl=en&user=p0zmShAAAAAJ,33,112,"['Zero prevalence of diabetes in camel milk consuming Raica community of north-west Rajasthan, India', 'Noninvasive routes of proteins and peptides drug delivery', 'A study for development of emission factors for trace gases and carbonaceous particulate species from in situ burning of wheat straw in agricultural fields in India', 'ParDOCK: an all atom energy based Monte Carlo docking protocol for protein-ligand complexes', 'Chemical analysis of drinking water of villages of Sanganer Tehsil, Jaipur District', 'Antibiotic adjuvants: synergistic tool to combat multi-drug resistant pathogens', 'Phytochemical analysis and evaluation of antioxidant activities of hydro-ethanolic extract of Moringa oleifera Lam. pods', 'Methane and nitrous oxide emission from bovine manure management practices in India', 'Active Himalayan frontal fault, main boundary thrust and Ramgarh Thrust in southern Kumaun', 'Agronomy of sugarbeet cultivation-a review.']"
68,Sounak Choudhury,"Professor of Mechanical Engineering, Indian Institute of Technology Kanpur","Conventional and Unconventional Machining, Machine Tools Vibration and Control, Hydraulic Control, Manufacturing Automation",5605,https://scholar.google.com/citations?hl=en&user=-FhQMRMAAAAJ,38,68,"['State of the art in hard turning', 'Machining of hardened steel—experimental investigations, performance modeling and cooling techniques: a review', 'Investigation of tool wear and cutting force in cryogenic machining using design of experiments', 'Role of temperature and surface finish in predicting tool wear using neural network and design of experiments', 'Experimental investigation and empirical modeling of the dry electric discharge machining process', 'On the machining of alumina and glass', 'Effect of work material hardness and cutting parameters on performance of coated carbide tool when turning hardened steel: An optimization approach', 'Effect of cutting parameters on cutting force and surface roughness during finish hard turning AISI52100 grade steel', 'Investigations on machinability aspects of hardened AISI 4340 steel at different levels of hardness using coated carbide tools', 'Hard turning using HiPIMS-coated carbide tools: Wear behavior under dry and minimum quantity lubrication (MQL)']"
69,Anand Singh,"Department of Chemistry, IIT Kanpur",,5596,https://scholar.google.com/citations?hl=en&user=XzwsMREAAAAJ,31,115,"['High-resolution mapping, cloning and molecular characterization of the Pi-kh gene of rice, which confers resistance to Magnaporthe grisea', 'Antibacterial and antiviral functional materials: chemistry and biological activity toward tackling COVID-19-like pandemics', 'A Diastereo- and Enantioselective Synthesis of α-Substituted syn-α,β-Diamino Acids', 'Chiral proton catalysis: enantioselective Brønsted acid catalyzed additions of nitroacetic acid derivatives as glycine equivalents', 'Advanced spectroscopic techniques for characterizing defects in perovskite solar cells', 'Oxidative Annulations Involving DMSO and Formamide: K2S2O8 Mediated Syntheses of Quinolines and Pyrimidines', 'Spectrum of opportunistic infections in AIDS cases.', 'The effect of dimensionality on the charge carrier mobility of halide perovskites', 'Mindfulness-based treatment of aggression in individuals with mild intellectual disabilities: A waiting list control study', 'Progress in tailoring perovskite based solar cells through compositional engineering: Materials properties, photovoltaic performance and critical issues']"
70,Dr. Sudheer Kumar,NCFlexE IIT Kanpur,"Flexible Electronics, Flexible Solar, Displays, Printable Batteries, Dimond like carbon films",5434,https://scholar.google.com/citations?hl=en&user=cIOGVQcAAAAJ,28,141,"['Free radicals and antioxidants: human and food system.', 'Developmental toxicity of cadmium in infants and children: a review', 'Recycling of carbon fiber with epoxy composites by chemical recycling for future perspective: a review', 'A review of the chemistry and biological activity of Pongamia pinnata', 'Anticorrosive and electromagnetic shielding response of a graphene/TiO2–epoxy nanocomposite with enhanced mechanical properties', 'Integrated management of Jatropha root rot caused by Rhizoctonia bataticola', 'Role of strain-induced anisotropy on magnetic enhancement in mechanically alloyed  nanoparticle', 'Sources of preventable errors related to transfusion', 'Iridoid glycosides from Lonicera quinquelocularis', 'Taxanes from in vitro cultures of the Himalayan yew Taxus wallichiana']"
71,Somnath Bhowmick,"Inian Institute of Technology, Kanpur","Materials Science, Condensed matter physics",5409,https://scholar.google.com/citations?hl=en&user=FHwqOJUAAAAJ,28,57,"['Symmetry-dependent phonon renormalization in monolayer MoS transistor', 'Polymorphism of two-dimensional boron', 'BN white graphene with “colorful” edges: The energies and morphology', 'Electric field induced gap modification in ultrathin blue phosphorus', 'Effect of strain on the thermal conductivity of solids', 'Quantum dots and nanoroads of graphene embedded in hexagonal boron nitride', 'Resonance energy transfer from a fluorescent dye to a metal nanoparticle', 'Doping Strategies for Monolayer MoS2 via Surface Adsorption: A Systematic Study', 'Edge state magnetism of single layer graphene nanostructures', 'Thickness and electric-field-dependent polarizability and dielectric constant in phosphorene']"
72,Padma S Vankar,"Indian Institute of Technology, Kanpur","Natural dyes, Environmental pollution, Structure elucidation of Natural products",5368,https://scholar.google.com/citations?hl=en&user=uOT1uJwAAAAJ,40,83,"['Chemistry of natural dyes', 'Biosynthesis of silver nanoparticles using lemon leaves extract and its application for antimicrobial finish on fabric', 'Enzymatic natural dyeing of cotton and silk fabrics without metal mordants', 'Ecofriendly sonicator dyeing of cotton with Rubia cordifolia Linn. using biomordant', 'Essential oils and fragrances from natural sources', 'Preparation of gold nanoparticles from Mirabilis jalapa flowers', 'Handbook on natural dyes for industrial applications', 'Ultrasonic dyeing of cotton fabric with aqueous extract of Eclipta alba', 'Natural dyeing with anthocyanins from Hibiscus rosa sinensis flowers', 'Ecofriendly ultrasonic natural dyeing of cotton fabric with enzyme pretreatments']"
73,Sri Sivakumar,Indian Institute of Technology Kanpur,"Nanomaterials, drug delivery, bioimaging, photoelectrochemical water splitting, catalysis",5361,https://scholar.google.com/citations?hl=en&user=W0-t6HUAAAAJ,35,98,"['Bright White Light through Up-Conversion of a Single NIR Source from Sol−Gel-Derived Thin Film Made with Ln3+-Doped LaF3 Nanoparticles', 'Silica‐Coated Ln3+‐Doped LaF3 Nanoparticles as Robust Down‐ and Upconverting Biolabels', 'Liquid crystal emulsions as the basis of biological sensors for the optical detection of bacteria and viruses', 'Near-Infrared (NIR) to Red and Green Up-Conversion Emission from Silica Sol−Gel Thin Films Made with La0.45Yb0.50Er0.05F3 Nanoparticles, Hetero-Looping\xa0…', 'Degradable, surfactant‐free, monodisperse polymer‐encapsulated emulsions as anticancer drug carriers', 'Size‐dependent ordering of liquid crystals observed in polymeric capsules with micrometer and smaller diameters', 'General and convenient method for making highly luminescent sol− gel derived silica and alumina films by using LaF3 nanoparticles doped with lanthanide ions (Er3+, Nd3+, and Ho3+)', 'Purine-stabilized green fluorescent gold nanoclusters for cell nuclei imaging applications', 'Structurally stable hollow mesoporous graphitized carbon nanofibers embedded with NiMoO4 nanoparticles for high performance asymmetric supercapacitors', 'Dual-sensitized luminescent europium (III) and terbium (III) complexes as bioimaging and light-responsive therapeutic agents']"
74,Vinod Tare,"Professor of Civil Engineering, IIT Kanpur","Physicochemical, Biological and Ecological processes, Water and wastewater treatment",5342,https://scholar.google.com/citations?hl=en&user=lch6W_4AAAAJ,39,69,"['Variability of aerosol parameters over Kanpur, northern India', 'Aerosol black carbon radiative forcing at an industrial city in northern India', 'Extent of oxidation of Cr (III) to Cr (VI) under various conditions pertaining to natural environment', 'Oxidation of Cr (III) in tannery sludge to Cr (VI): field observations and theoretical assessment', 'Vermicomposting of source-separated human faeces for nutrient recycling', 'Vermistabilization of primary sewage sludge', 'Four-year measurements of trace gases (SO2, NOx, CO, and O3) at an urban location, Kanpur, in Northern India', 'Secondary organic aerosol: a comparison between foggy and nonfoggy days', 'Transformation and availability of nutrients and heavy metals during integrated composting–vermicomposting of sewage sludges', 'Optimizing vermistabilization of waste activated sludge using vermicompost as bulking material']"
75,Ashu Jain,"Former-Professor, Department of Civil Engineering, IIT Kanpur","Hydrology, Modeling & Management of Water Systems …",5332,https://scholar.google.com/citations?hl=en&user=ylLVp8QAAAAJ,21,35,"['Methods used for the development of neural networks for the prediction of water resource variables in river systems: Current status and future directions', 'Hybrid neural network models for hydrologic time series forecasting', 'Short-term water demand forecast modelling at IIT Kanpur using artificial neural networks', 'A comparative analysis of training methods for artificial neural network rainfall–runoff models', 'Comparison of static-feedforward and dynamic-feedback neural networks for rainfall–runoff modeling', 'Development of effective and efficient rainfall‐runoff models using integration of deterministic, real‐coded genetic algorithms and artificial neural network techniques', 'Identification of physical processes inherent in artificial neural network rainfall runoff models', 'Short‐term water demand forecast modeling techniques—CONVENTIONAL METHODS VERSUS AI', 'Comparative analysis of event-based rainfall-runoff modeling techniques—deterministic, statistical, and artificial neural networks', 'Identification of unknown groundwater pollution sources using artificial neural networks']"
76,Ruchi Singh,"Indian Institute of Technology, Kanpur","Supramolecular chemistry, Coordination Polymers, X-ray crystallography",5089,https://scholar.google.com/citations?hl=en&user=tkEawzQAAAAJ,30,146,"['High-temperature photocurrent mechanism of β-Ga2O3 based metal-semiconductor-metal solar-blind photodetectors', 'Coordination polymers built with a linear bis-imidazole and different dicarboxylates: Unusual entanglement and emission properties', 'Identification of the best multi-model combination for simulating river discharge', 'Emulgel: A recent approach for topical drug delivery system', 'Impact of anthropogenic emissions and open biomass burning on carbonaceous aerosols in urban and rural environments of Indo-Gangetic Plain', 'Coordination polymers of copper and zinc ions with a linear linker having imidazole at each end and an azo moiety in the middle: pedal motion, gas adsorption, and emission studies', 'Effects of both diffuse and collimated incident radiation on phototactic bioconvection', 'Phytosome: recent advance research for novel drug delivery system', 'Cavernous sinus syndrome: a prospective study of 73 cases at a tertiary care centre in Northern India', 'Effect of potassium level and foliar application of nutrient on growth and yield of late sown chickpea (Cicer arietinum L.)']"
77,BV .Rathish Kumar,Indian Institute of Technology Kanpur,"Numerical Methods for PDEs, CFD, Biomechnics, heat and mass transfer",5080,https://scholar.google.com/citations?hl=en&user=KtZfBNcAAAAJ,32,131,"['Peristaltic motion of micropolar fluid in circular cylindrical tubes: Effect of wall properties', 'A review on UREX processes for nuclear spent fuel reprocessing', 'Effects of addition of electrolyte and ascorbic acid in feed during heat stress in buffaloes', 'A study of free convection induced by a vertical wavy surface with heat flux in a porous enclosure', 'Natural convection heat transfer from a horizontal wavy surface in a porous enclosure', 'Analytical and numerical solutions of a coupled non-linear system arising in a three-dimensional rotating flow', 'A review on biological activities of hydrazone derivatives', 'Free convection in a non-Darcian wavy porous enclosure', 'A numerical study of peristaltic flows', 'Natural convection in a thermally stratified wavy vertical porous enclosure']"
78,Roop Aparajita Subhra Purushottam,IIT Kanpur,Machine Learning,5030,https://scholar.google.com/citations?hl=en&user=MNXz0AoAAAAJ,29,40,"['Non-convex optimization for machine learning', 'Large-scale multi-label learning with missing labels', 'Sparse local embeddings for extreme multi-label classification', 'Random feature maps for dot product kernels', 'On iterative hard thresholding methods for high-dimensional m-estimation', 'Robust regression via hard thresholding', 'On context-dependent clustering of bandits', 'The extreme classification repository: Multi-label datasets and code', 'Compilation error repair: for the student programs, from the student programs', 'Consistent robust regression']"
79,Shobit Omar,Indian Institute of Technology Kanpur,"Ceramics, Ionic Conductors, SOFCs",5024,https://scholar.google.com/citations?hl=en&user=ZTb7HLYAAAAJ,31,59,"['Progress in material selection for solid oxide fuel cell technology: A review', 'Higher conductivity Sm3+ and Nd3+ co-doped ceria-based electrolyte materials', 'Crystal structure–ionic conductivity relationships in doped ceria systems', 'Recent progress and prospects of NASICON framework electrodes for Na-ion batteries', 'A co-doping approach towards enhanced ionic conductivity in fluorite-based electrolytes', 'Higher ionic conductive ceria-based electrolytes for solid oxide fuel cells', 'Electrical Conductivity of 10\xa0mol% Sc2O3–1\xa0mol% M2O3–ZrO2 Ceramics', 'Designing High Ionic Conducting NASICON-type Na3Zr2Si2PO12 Solid-Electrolytes for Na-Ion Batteries', 'Improving the Electrochemical Performance of Na3V2(PO4)3 Cathode in Na-Ion Batteries by Si-Doping', 'Scandia stabilized zirconia-ceria solid electrolyte (xSc1CeSZ, 5< x< 11) for IT-SOFCs: Structure and conductivity studies']"
80,Raghvendra Kumar Chaudhary,"Associate Professor, IIT Kanpur","Metamaterials, Antennas, Absorbers, FSS, Dielectric Resonator Antenna",4946,https://scholar.google.com/citations?hl=en&user=MhZTqLsAAAAJ,38,134,"['Isolation Enhancement and Radar Cross Section Reduction of MIMO Antenna With Frequency Selective Surface', 'An investigation on compact ultra-thin triple band polarization independent metamaterial absorber for microwave frequency applications', 'Four-Port MIMO Cognitive Radio System for Mid-Band 5G Applications', 'A Wideband Circularly Polarized Cubic Dielectric Resonator Antenna Excited with Modified Microstrip Feed', 'Design and analysis of polarization independent conformal wideband metamaterial absorber using resistor loaded sector shaped resonators', 'Wideband Ring Dielectric Resonator Antenna with Annular-Shaped Microstrip Feed', 'A Compact Zeroth-order Resonating Wideband Antenna with Dual-band Characteristics', 'Mu-negative metamaterial filter-based isolation technique for MIMO antennas', 'Integration of MIMO and Cognitive Radio for Sub-6 GHz 5G Applications', 'Epsilon Negative CPW-fed Zeroth Order Resonating Antenna with Backed Ground Plane for Extended Bandwidth and Miniaturization']"
81,Mahendra Verma,Indian Institute of Technology Kanpur,"Turbulence, Turbulent Convection, Fluid Dynamics, MHD Turbulence, Nonlinear Dynamics",4927,https://scholar.google.com/citations?hl=en&user=JlH3fYMAAAAJ,37,107,"['Statistical theory of magnetohydrodynamic turbulence: recent results', 'Physics Of Buoyant Flows: From Instabilities To Turbulence', 'Characterization of the Second Wave of COVID-19 in India', 'Energy transfer in two-dimensional magnetohydrodynamic turbulence: formalism and numerical results', 'Energy transfers in fluid flows', 'Flow reversals in turbulent convection via vortex reconnections', 'Dynamics and symmetries of flow reversals in turbulent convection', 'Turbulent heating and temperature evolution in the solar wind plasma', 'Phenomenology of buoyancy-driven turbulence: recent results', 'Benchmarking and scaling studies of pseudospectral code Tarang for turbulence simulations']"
82,mohan kadalbajoo,"department of mathematics ,IIT Kanpur",Numerical Analysis,4904,https://scholar.google.com/citations?hl=en&user=8xF0V5AAAAAJ,39,94,"['A brief survey on numerical methods for solving singularly perturbed problems', 'A survey of numerical techniques for solving singularly perturbed ordinary differential equations', 'A numerical method based on Crank-Nicolson scheme for Burgers’ equation', 'Singularly perturbed problems in partial differential equations: a survey', 'Numerical analysis of singularly perturbed delay differential equations with layer behavior', 'Asymptotic and numerical analysis of singular perturbation problems: a survey', 'A numerical method based on finite difference for boundary value problems for singularly perturbed delay differential equations', 'A cubic B-spline collocation method for a numerical solution of the generalized Black–Scholes equation', 'A parameter-uniform numerical method for time-dependent singularly perturbed differential-difference equations', 'Numerical treatment of a mathematical model arising from a model of neuronal variability']"
83,Manindra Agrawal,"Professor of Computer Science, IIT Kanpur","Theory of Computation, Complexity Theory",4900,https://scholar.google.com/citations?hl=en&user=UBXqggoAAAAJ,27,51,"['PRIMES is in P', 'Arithmetic circuits: A chasm at depth four', 'Primality and identity testing via Chinese remaindering', 'Proving lower bounds via pseudo-random generators', 'Jacobian hits circuits: hitting-sets, lower bounds for depth-d occur-k formulas & depth-3 transcendence degree-k circuits', 'On TC0, AC0, and arithmetic circuits', 'Annals of Mathematics', 'Hitting-sets for ROABP and sum of set-multilinear circuits', 'Approximate verification of the symbolic dynamics of Markov chains', 'Quasi-polynomial hitting-set for set-depth-Δ formulas']"
84,Debabrata Goswami,"Professor, IIT Kanpur","Nonlinear Spectroscopy, Femtosecond Pulse Shaping, Microscopy, Coherent Control, Quantum Computing",4884,https://scholar.google.com/citations?hl=en&user=OZ651FIAAAAJ,33,100,"['Femtosecond laser pulse shaping by use of microsecond radio-frequency pulses', 'Optical pulse shaping approaches to coherent control', 'Adiabatic population transfer with frequency‐swept laser pulses', 'Ultrafast pulse shaping: amplification and characterization', 'Core-modified expanded porphyrins with large third-order nonlinear optical response', 'Zinc (II)-and copper (I)-mediated large two-photon absorption cross sections in a bis-cinnamaldiminato Schiff base', 'Nonlinear absorption in tetrathia[22]porphyrin(2.1.2.1)s: visualizing strong reverse saturable absorption at non-resonant excitation', 'Solvent effect on two-photon absorption and fluorescence of rhodamine dyes', 'Stable optical trapping of latex nanoparticles with ultrashort pulsed illumination', 'Laser-enhanced NMR spectroscopy']"
85,Subramaniam Ganesh,"Biological Sciences & Bioengineering, Indian Institute of Technology - Kanpur [India]","Human Molecular Genetics, Neuroscience",4876,https://scholar.google.com/citations?hl=en&user=N62RSf8AAAAJ,38,84,"['Mutations in EFHC1 cause juvenile myoclonic epilepsy', 'Targeted disruption of the Epm2a gene causes formation of Lafora inclusion bodies, neurodegeneration, ataxia, myoclonus epilepsy and impaired behavioral\xa0…', 'Laforin, defective in the progressive myoclonus epilepsy of Lafora type, is a dual-specificity phosphatase associated with polyribosomes', 'Recent advances in the molecular basis of Lafora’s progressive myoclonus epilepsy', 'Lafora progressive myoclonus epilepsy: A meta‐analysis of reported mutations in the first decade following the discovery of the EPM2A and NHLRC1 genes', 'Association of gene polymorphism with genetic susceptibility to stroke in Asian populations: a meta-analysis', 'The malin–laforin complex suppresses the cellular toxicity of misfolded proteins by promoting their degradation through the ubiquitin–proteasome system', 'The SCN1A gene variants and epileptic encephalopathies', 'Advances in the genetics of progressive myoclonus epilepsy', ""Genotype–phenotype correlations for EPM2A mutations in Lafora's progressive myoclonus epilepsy: exon 1 mutations associate with an early-onset cognitive\xa0…""]"
86,Tajdarul Hassan Syed,"Professor, Department of Earth Sciences, IIT Kanpur",Water Resources and Remote Sensing,4856,https://scholar.google.com/citations?hl=en&user=Ar-vvNMAAAAJ,30,38,"[""Satellites measure recent rates of groundwater depletion in California's Central Valley"", 'Analysis of terrestrial water storage changes from GRACE and GLDAS', 'Total basin discharge for the Amazon and Mississippi River basins from GRACE and a land‐atmosphere water balance', 'Satellite-based global-ocean mass balance estimates of interannual variability and emerging trends in continental freshwater discharge', 'GRACE-based estimates of terrestrial freshwater discharge from basin to continental scales', 'Improving parameter estimation and water table depth simulation in a land surface model using GRACE water storage and estimated base flow data', 'Assessment of potentially toxic trace elements contamination in groundwater resources of the coal mining area of the Korba Coalfield, Central India', 'Characterizing drought in India using GRACE observations of terrestrial water storage deficit', 'Assessment of vulnerability to seawater intrusion and potential remediation measures for coastal aquifers: a case study from eastern India', 'Utilizing combined deviations of precipitation and GRACE-based terrestrial water storage as a metric for drought characterization: A case study over major Indian river basins']"
87,Jayandharan GR,"Professor, IIT Kanpur","Gene therapy: Neuro-ophthalmic & Blood …, Cancer gene therapy, Human molecular genetics",4769,https://scholar.google.com/citations?hl=en&user=zWb0RrYAAAAJ,35,72,"['Novel properties of tyrosine-mutant AAV2 vectors in the mouse retina', 'Tyrosine-phosphorylation of AAV2 vectors and its consequences on viral intracellular trafficking and transgene expression', 'Basic biology of adeno-associated virus (AAV) vectors used in gene therapy', 'Innate immune responses to AAV vectors', 'Genetic diagnosis of haemophilia and other inherited bleeding disorders', 'High-efficiency transduction and correction of murine hemophilia B using AAV2 vectors devoid of multiple surface-exposed tyrosines', 'Adeno‐associated virus (AAV) vectors in gene therapy: immune challenges and strategies to circumvent them', 'Human hepatocyte growth factor receptor is a cellular coreceptor for adeno-associated virus serotype 3', 'Post‐translational modifications in capsid proteins of recombinant adeno‐associated virus (AAV) 1‐rh10 serotypes', 'Bioengineering of AAV2 Capsid at Specific Serine, Threonine, or Lysine Residues Improves Its Transduction Efficiency in Vitro and in Vivo']"
88,Rajeev Gupta,"Physics, IIT Kanpur","condensed matter, materials science, optical spectroscopy",4743,https://scholar.google.com/citations?hl=en&user=UPo_8dUAAAAJ,34,66,"['Laser-induced Fano resonance scattering in silicon nanowires', 'Raman study of stoichiometric and Zn-doped Fe 3 O 4', 'Surface optical phonons in gallium phosphide nanowires', 'Diameter-selective resonant Raman scattering in double-wall carbon nanotubes', 'Multiferroic memories', 'Chemically doped double-walled carbon nanotubes: cylindrical molecular capacitors', 'In vitro biocompatibility and antimicrobial activity of wet chemically prepared Ca10− xAgx (PO4) 6 (OH) 2 (0.0≤ x≤ 0.5) hydroxyapatites', 'Temperature-dependent electron paramagnetic resonance studies of charge-ordered', 'Room Temperature Nanoscale Ferroelectricity in Magnetoelectric  Epitaxial Thin Films', 'Origin of the unusual dependence of Raman D band on excitation wavelength in graphite-like materials']"
89,Nitin Saxena,"N.Rama.Rao.Professor (HAG) & JCBose.Fellow, CSE & WSAIS, IIT Kanpur; FNA FASc …","Complexity theory, Algebra, Number theory, Algebraic geometry, Algebraic combinatorics",4742,https://scholar.google.com/citations?hl=en&user=1Yl1h_YAAAAJ,26,46,"['PRIMES is in P', 'Progress on Polynomial Identity Testing.', 'Parameters of integral circulant graphs and periodic quantum dynamics', 'Polynomial identity testing for depth 3 circuits', 'Diagonal circuit identity testing and lower bounds', 'Algebraic independence and blackbox identity testing', 'Jacobian hits circuits: hitting-sets, lower bounds for depth-d occur-k formulas & depth-3 transcendence degree-k circuits', ""Blackbox identity testing for bounded top fanin depth-3 circuits: the field doesn't matter"", 'From sylvester-gallai configurations to rank bounds: Improved blackbox identity test for depth-3 circuits', 'Progress on polynomial identity testing-II']"
90,Sankar Prasad Rath,"Professor, Department of Chemistry, Indian Institute of Technology Kanpur, India","Bioinorganic chemistry, Multiheme Proteins and Enzymes, Supramolecular Chirogenesis, Chemical",4709,https://scholar.google.com/citations?hl=en&user=58SbCG8AAAAJ,43,121,"['Pyramidalization of Gd3N inside a C80 cage. The synthesis and structure of Gd3N@C80', 'Hydrogen‐Bonding Interactions Trigger a Spin‐Flip in Iron (III) Porphyrin Complexes', 'Synthesis and Characterization of anti-bisFe (III) Porphyrins, syn-bisFe (III)-μ-oxo Porphyrin, and syn-bisFe (III)-μ-oxo Porphyrin Cation Radical', 'Oxo-and hydroxo-bridged diiron (III) porphyrin dimers: Inorganic and bio-inorganic perspectives and effects of intermacrocyclic interactions', 'A remarkably bent diiron (III)-μ-hydroxo bisporphyrin: unusual stabilization of two spin states of iron in a single molecular framework', 'Remarkably bent, ethane-linked, diiron (III) μ-oxobisporphyrin: synthesis, structure, conformational switching, and photocatalytic oxidation', 'Synthesis, structure and photocatalytic activity of a remarkably bent, cofacial ethene-linked diiron (III) μ-oxobisporphyrin', 'Modulation of metal displacements in a saddle distorted macrocycle: synthesis, structure, and properties of high-spin Fe (III) porphyrins and implications for the hemoproteins', 'An ethane-bridged porphyrin dimer as a model of di-heme proteins: inorganic and bioinorganic perspectives and consequences of heme–heme interactions', 'Encapsulation of tcnq and the acridinium ion within a bisporphyrin cavity: synthesis, structure, and photophysical and HOMO–LUMO‐gap‐mediated electron‐transfer properties']"
91,"Yogesh M. Joshi,","JC Bose Fellow and Professor of Chemical Engineering, Indian Institute of Technology …","Soft Matter, Rheology",4708,https://scholar.google.com/citations?hl=en&user=2j_DCnkAAAAJ,39,93,"['Thermal performance of closed two-phase thermosyphon using nanofluids', 'Chemical stability of Laponite in aqueous media', 'Dynamics of Colloidal Glasses and Gels', 'Rheological characterization of styrene-butadiene based medium and its finishing performance using rotational abrasive flow finishing process', 'Rheological behaviour of aqueous suspensions of laponite: new insights into the ageing phenomena', 'Microstructure and soft glassy dynamics of an aqueous laponite dispersion', 'Yield stress fluids and ageing', 'Physicochemical Effects in Aging Aqueous Laponite Suspensions', 'Irreversible aging dynamics and generic phase behavior of aqueous suspensions of laponite', 'Polyaniline–sodium montmorillonite clay nanocomposites: effect of clay concentration on thermal, structural, and electrical properties']"
92,Jitendra Bera,"Professor of Chemistry, IIT Kanpur","Sustainable Catalysis, Energy, Organometallic Chemistry",4690,https://scholar.google.com/citations?hl=en&user=oruUJikAAAAJ,38,98,"['Anion template effect on the self-assembly and interconversion of metallacyclophanes', 'Chain compounds based on transition metal backbones: new life for an old topic', 'A highly efficient catalyst for selective oxidative scission of olefins to aldehydes: abnormal-NHC–Ru (II) complex in oxidation chemistry', 'Catalytic conversion of alcohols to carboxylic acid salts and hydrogen with alkaline water', 'Recent progress in transition-metal-catalyzed asymmetric reductive amination', 'Double dehydrogenation of primary amines to nitriles by a ruthenium complex featuring pyrazole functionality', 'Metal–ligand cooperation on a diruthenium platform: selective imine formation through acceptorless dehydrogenative coupling of alcohols with amines', 'Acceptorless dehydrogenation of alcohols on a diruthenium (II, II) platform', 'Anion-controlled nuclearity and metal− metal distances in copper (I)− dppm complexes (dppm= Bis (diphenylphosphino) methane)', 'Bifunctional water activation for catalytic hydration of organonitriles']"
93,Sabuj Kundu,"Professor at Department of Chemistry, IIT Kanpur",Organometallic Chemistry and Catalysis,4682,https://scholar.google.com/citations?hl=en&user=F32CmMcAAAAJ,36,87,"['Alkane metathesis by tandem alkane-dehydrogenation–olefin-metathesis catalysis and related chemistry', 'Recent advances in sustainable synthesis of N-heterocycles following acceptorless dehydrogenative coupling protocol using alcohols', 'Net oxidative addition of C (sp3)-F bonds to iridium via initial CH bond activation', 'Rational design and synthesis of highly active pincer-iridium catalysts for alkane dehydrogenation', 'Highly active and recyclable heterogeneous iridium pincer catalysts for transfer dehydrogenation of alkanes', 'Cobalt complex catalyzed atom-economical synthesis of quinoxaline, quinoline and 2-alkylaminoquinoline derivatives', 'Ruthenium (II)‐NNN‐Pincer‐Complex‐Catalyzed Reactions Between Various Alcohols and Amines for Sustainable C− N and C− C Bond Formation', 'Cooperative iridium complex-catalyzed synthesis of quinoxalines, benzimidazoles and quinazolines in water', 'Cobalt-catalyzed dehydrogenative functionalization of alcohols: Progress and future prospect', 'Synthesis and Reactivity of New Ni, Pd, and Pt 2,6-Bis(di-tert-butylphosphinito)pyridine Pincer Complexes']"
94,Arvind Kumar,"Professor, Dept. of Mechanical Engineering, Indian Institute of Technology Kanpur","Additive manufacturing, Heat transfer in manufacturing, Casting and Welding, Surface coating",4615,https://scholar.google.com/citations?hl=en&user=N_lSNZ8AAAAJ,41,105,"['Flameless combustion with liquid fuel: A review focusing on fundamentals and gas turbine application', 'Numerical and experimental analysis of the effect of volumetric energy absorption in powder layer on thermal-fluidic transport in selective laser melting of Ti6Al4V', 'Performance evaluation of nano-enhanced phase change materials during discharge stage in waste heat recovery', 'An operator splitting scheme for coupling macroscopic transport and grain growth in a two-phase multiscale solidification model: Part II - Application of the model', 'Call for contributions to a numerical benchmark problem for 2D columnar solidification of binary alloys', 'Friction and wear durability study of epoxy-based polymer (SU-8) composite coatings with talc and graphite as fillers', 'Role of impinging powder particles on melt pool hydrodynamics, thermal behaviour and microstructure in laser-assisted DED process: A particle-scale DEM–CFD–CA approach', 'Impact of Climate change on Milk production of Murrah buffaloes', 'Selective Laser Melting of 316L Stainless Steel: Physics of Melting Mode Transition and Its Influence on Microstructural and Mechanical Behavior: Aggarwal, Patel, and Kumar', 'Effect of cell size and wall thickness on the compression performance of triply periodic minimal surface based AlSi10Mg lattice structures']"
95,Ethirajan Rathakrishnan,IIT Kanpur,"Gas Dynamics, High-speed Jets, High Enthalpy Flows",4594,https://scholar.google.com/citations?hl=en&user=uQf2I_sAAAAJ,36,123,"['Applied gas dynamics', 'Instrumentation, measurements, and experiments in fluids', 'Experimental investigation on spiked body in hypersonic flow', 'Active control of suddenly expanded flows from overexpanded nozzles', 'Control of suddenly expanded flows with micro-jets', 'Gas dynamics', 'Experimental studies on the limiting tab', 'Active control of suddenly expanded flows from underexpanded nozzles', 'Drag reduction for spike attached to blunt-nosed body at Mach 6', 'Control of suddenly expanded flow']"
96,Pratik Sen,Indian Institute of Technology Kanpur,"Ultrafast Spectroscopy, Single Molecule Spectroscopy",4520,https://scholar.google.com/citations?hl=en&user=74IKbUEAAAAJ,38,121,"['Synthesis of β-Carboline-Based N-Heterocyclic Carbenes and Their Antiproliferative and Antimetastatic Activities against Human Breast Cancer Cells', 'Novel chemosensor for the visual detection of copper (II) in aqueous solution at the ppm level', 'A review of the LIBS analysis for the plasma-facing components diagnostics', 'Excited state proton transfer of pyranine in a γ-cyclodextrin cavity', 'Fluorescence anisotropy decay and solvation dynamics in a nanocavity: Coumarin 153 in methyl β-cyclodextrins', 'A femtosecond study of excitation wavelength dependence of solvation dynamics in a PEO-PPO-PEO triblock copolymer micelle', 'Communication: Quantitative estimate of the water surface pH using heterodyne-detected electronic sum frequency generation', 'Excited State Relaxation Dynamics of Model Green Fluorescent Protein Chromophore Analogs: Evidence for Cis–Trans Isomerism', 'Chickpea peel waste as sustainable precursor for synthesis of fluorescent carbon nanotubes for bioimaging application', 'Dynamics of anthracene excimer formation within a water-soluble nanocavity at room temperature']"
97,Pradipta Kumar Panigrahi,"Mechanical Engineering Department, IIT Kanpur",Fluid Mechanics and Heat Transfer,4507,https://scholar.google.com/citations?hl=en&user=ajXBk0UAAAAJ,34,91,"['Stability of nanofluid: A review', 'Schlieren and shadowgraph methods in heat and mass transfer', 'Local hydrodynamics of flow in a pulsating heat pipe: a review', 'Influence of the orientation of a square cylinder on the wake properties', 'Experimental investigation of flow past a square cylinder at an angle of incidence', 'Effect of magnetic field on laminar convective heat transfer characteristics of ferrofluid flowing through a circular stainless steel tube', 'Numerical prediction of flow and heat transfer in a channel in the presence of a built-in circular tube with and without an integral wake splitter', 'Hydrogen addition to acetylene–air laminar diffusion flames: studies on soot formation under different flow arrangements', 'A review on coolant selection for thermal management of electronics and implementation of multiple-criteria decision-making approach', 'Flow and heat transfer in the wake of a surface-mounted rib with a slit']"
98,asima pradhan,"Professor of Physics , IIT Kanpur","Optics, Spectroscopy, Biophotonics",4448,https://scholar.google.com/citations?hl=en&user=UsbY8DcAAAAJ,33,91,"['Fluorescence spectra from cancerous and normal human breast and lung tissues', 'Optical spectroscopic diagnosis of cancer and normal breast tissues', 'Steady state and time-resolved fluorescence properties of metastatic and non-metastatic malignant cells from different species', 'Spectroscopic differences between human cancer and normal lung and breast tissues', 'Mueller decomposition images for cervical tissue: Potential for discriminating normal and dysplastic states', 'In situ micro-Raman investigation of dehydration mechanism in natural gypsum', 'Method for determining if tissue is malignant as opposed to non-malignant using time-resolved fluorescence spectroscopy', 'Effects of crystallite size distribution on the Raman-scattering profiles of silicon nanostructures', 'Method for determining if tissue is malignant as opposed to non-malignant using time-resolved fluorescence spectroscopy', 'Recovery of turbidity free fluorescence from measured fluorescence: an experimental approach']"
99,K Subramanya,"Retired Professor, IIT Kanpur, India","Engineering Hydrology, Open Channel Flow, Fluid Mechanics, Hydraulic Machines",4379,https://scholar.google.com/citations?hl=en&user=wTTE2QwAAAAJ,18,28,"['Engineering Hydrology, 4e', 'Flow in open channels', 'Spatially varied flow over side-weirs', 'Flow equation for the sluice gate', 'Study of scour around spur-dikes', 'Fluid mechanics with engineering applications', 'Hydraulic jumps below abrupt symmetrical expansions', 'Profile of the hydraulic jump', 'Plane turbulent reattached wall jets', 'Flow immediately below submerged sluice gate']"
100,Shalabh,"Indian Institute of Technology Kanpur, India","statistics, econometrics, regression, measurement-error, sampling",4377,https://scholar.google.com/citations?hl=en&user=EubboyAAAAAJ,23,48,"['Linear models and generalizations: least squares and alternatives', 'Introduction to Statistics and Data Analysis - With Exercises, Solutions and Applications in R', 'Coefficient of Determination for Multiple Measurement Error Models', 'Statistical Analysis of Designed Experiments', 'Linear models and generalizations', 'Manipulating the alpha level cannot cure significance testing', 'Role of Categorical Variables in Multicollinearity in Linear Regression Model', 'Amputation versus imputation of missing values through ratio method in sample surveys', 'Ratio method of estimation in the presence of measurement errors', 'Predictive Performance of the Methods of Restricted and Mixed Regression Estimators']"
101,Dipak Mazumdar,"Emeritus Professor,  Materials Sc. &Engg., IIT KANPUR",STEELMAKING and PROCESS MODELLING,4363,https://scholar.google.com/citations?hl=en&user=ldtmm4YAAAAJ,33,80,"['The physical and mathematical modelling of gas stirred ladle systems', 'The physical and mathematical modelling of continuous casting tundish systems', 'Modeling of steelmaking processes', 'Mixing models for gas stirred metallurgical reactors', 'Hydrodynamic modeling of some gas injection procedures in ladle metallurgy operations', 'Modeling of fluid flow and residence time distribution in a four-strand tundish for enhancing inclusion removal', 'Mathematical modelling of heat transfer phenomena in continuous casting of steel', 'Macroscopic models for gas stirred ladles', 'Modeling of slag eye area in argon stirred ladles', 'Review, analysis, and modeling of continuous casting tundish systems']"
102,sandeep shukla,IIT Kanpur,molecular dynamics,4360,https://scholar.google.com/citations?hl=en&user=AESK-u4AAAAJ,26,120,"['Algorithms for power savings', 'Machine learning in cybersecurity: A review', 'Online strategies for dynamic power management in systems with multiple power-saving states', 'Pharmacological control of inflammation in wound healing', 'Competitive analysis of dynamic power management strategies for systems with multiple power saving states', 'Water sorption through a semi-interpenetrating polymer network (IPN) with hydrophilic and hydrophobic chains', 'Malware classification using image representation', 'Snow cover area variability assessment in the upper part of the Satluj river basin in India', 'Malware Classification using Early Stage Behavioral Analysis', 'Constructive polychronous systems']"
103,Abhas Singh,Indian Institute of Technology Kanpur,Environmental Engineering,4309,https://scholar.google.com/citations?hl=en&user=yJj7UlcAAAAJ,28,99,"['High-resolution mapping, cloning and molecular characterization of the Pi-kh gene of rice, which confers resistance to Magnaporthe grisea', 'Nanoscale size effects on uranium (VI) adsorption to hematite', 'Removal of hexavalent chromium upon interaction with biochar under acidic conditions: mechanistic insights and application', 'Molecular-scale structure of uranium (VI) immobilized with goethite and phosphate', 'Impact of phosphate on U (VI) immobilization in the presence of goethite', 'Dissolution of Biogenic and Synthetic UO2 under Varied Reducing Conditions', 'Immunologic predictors of coronary artery calcium progression in a contemporary HIV cohort', 'Review of recent progress in tropical cyclone track forecasting and expression of uncertainties', 'Bat pluripotent stem cells reveal unusual entanglement between host and viruses', 'Recent progress in chemistry and biology of indazole and its derivatives: A brief review']"
104,Bhaskar Dasgupta,Indian Institute of Technology Kanpur,"Robotics, CAD, Optimization, Molecular Docking, Applied Mathematics",4266,https://scholar.google.com/citations?hl=en&user=V6ddZSkAAAAJ,18,23,"['The Stewart platform manipulator: a review', 'A Newton-Euler formulation for the inverse dynamics of the Stewart platform manipulator', 'Closed-form dynamic equations of the general Stewart platform through the Newton–Euler approach', 'A general strategy based on the Newton–Euler approach for the dynamic formulation of parallel manipulators', 'Force redundancy in parallel manipulators: theoretical and practical issues', 'Design and development of a Stewart platform based force–torque sensor', 'Singularity-free path planning for the Stewart platform manipulator', 'Variational approach for singularity-free path-planning of parallel manipulators', 'A canonical formulation of the direct position kinematics problem for a general 6-6 Stewart platform', 'A constrained optimization algorithm based on the simplex search method']"
105,Koushik Pal,"Assistant Professor of Physics, IIT Kanpur","Theory & Simulations, Quantum & Energy Materials, Phonons, High-throughput DFT, Machine Learning",4223,https://scholar.google.com/citations?hl=en&user=8_BONbIAAAAJ,35,53,"['Intrinsic Rattler-Induced Low Thermal Conductivity in Zintl Type TlInTe2', 'The origin of ultralow thermal conductivity in InTe: lone‐pair‐induced anharmonic rattling', 'Particlelike Phonon Propagation Dominates Ultralow Lattice Thermal Conductivity in Crystalline', 'High-throughput study of lattice thermal conductivity in binary rocksalt and zinc blende compounds including higher-order anharmonicity', 'Localized Vibrations of Bi Bilayer Leading to Ultralow Lattice Thermal Conductivity and High Thermoelectric Performance in Weak Topological Insulator n-Type BiSe', 'Intrinsically Ultralow Thermal Conductivity in Ruddlesden–Popper 2D Perovskite Cs2PbI2Cl2: Localized Anharmonic Vibrations and Dynamic Octahedral\xa0…', 'Accelerated discovery and design of ultralow lattice thermal conductivity materials using chemical bonding principles', 'Sharp Raman Anomalies and Broken Adiabaticity at a Pressure Induced Transition <?format ?>from Band to Topological Insulator in', 'Glassy thermal conductivity in Cs3Bi2I6Cl3 single crystal', 'Bonding heterogeneity and lone pair induced anharmonicity resulted in ultralow thermal conductivity and promising thermoelectric properties in n-type AgPbBiSe3']"
106,Sanjay Kumar Bose,"Professor (Retired), IIT Kanpur","Computer Networks, Performance Modelling",4167,https://scholar.google.com/citations?hl=en&user=BR6HchkAAAAJ,31,102,"['An introduction to queueing systems', 'Survivable elastic optical networks: survey and perspective', 'Distance adaptive dynamic routing and spectrum allocation in elastic optical networks with shared backup path protection', 'Optimal design for shared backup path protected elastic optical networks under single-link failure', 'Sparse placement of electronic switching nodes for low blocking in translucent optical networks', 'Method for random-access radio-frequency data communications', 'Performance study on a WDM packet switch with limited-range wavelength converters', 'Method and apparatus for data transmission using chirped frequency-shift-keying modulation', 'Demand response in data centers through energy-efficient scheduling and simple incentivization', 'Efficient heuristic algorithms for light-path routing and wavelength assignment in WDM networks under dynamically varying loads']"
107,PRABODH BAJPAI,Indian Institute of Technology Kanpur,Power and energy system,4149,https://scholar.google.com/citations?hl=en&user=3YmwzZAAAAAJ,26,60,"['Hybrid renewable energy systems for power generation in stand-alone applications: A review', 'A novel metric to quantify and enable resilient distribution system using graph theory and choquet integral', 'Power management control strategy for a stand-alone solar photovoltaic-fuel cell–battery hybrid system', 'Fuzzy adaptive particle swarm optimization for bidding strategy in uniform price spot market', 'A fault detection technique for the series-compensated line during power swing', 'Small signal modeling and decoupled controller design for a triple active bridge multiport DC–DC converter', 'Issues and solution approaches in PHEV integration to smart grid', 'New voltage control strategies for VSC-based DG units in an unbalanced microgrid', 'Power management of hybrid energy storage system in a standalone DC microgrid', 'Adaptive distance relaying for distribution lines connecting inverter-interfaced solar PV plant']"
108,Anshu Gaur,Indian Institute of Technology Kanpur,"AOS, CNT, Graphene, Device Physics",4122,https://scholar.google.com/citations?hl=en&user=4_5_fDAAAAAJ,18,21,"['Solution casting and transfer printing single-walled carbon nanotube films', 'Polymer imprint lithography with molecular-scale resolution', 'High-performance n-and p-type single-crystal organic transistors with free-space gate dielectrics', 'Guided growth of large‐scale, horizontally aligned arrays of single‐walled carbon nanotubes and their use in thin‐film transistors', 'P-channel, n-channel thin film transistors and p− n diodes based on single wall carbon nanotube networks', 'Polymer electrolyte gating of carbon nanotube network transistors', 'Soft lithography using acryloxy perfluoropolyether composite stamps', 'Organic nanodielectrics for low voltage carbon nanotube thin film transistors and complementary logic gates', 'Electronically selective chemical functionalization of carbon nanotubes: Correlation between Raman spectral and electrical responses', 'Fano lineshape and phonon softening in single isolated metallic carbon nanotubes']"
109,Debajyoti Paul,"Professor, Earth Sciences, Indian Institute of Technology Kanpur, India","geochemistry, petrology, silicate earth evolution",4115,https://scholar.google.com/citations?hl=en&user=ZXxSO7kAAAAJ,35,72,"['Normalization of measured stable isotopic compositions to isotope reference scales–a review', 'Isotherms, kinetics and thermodynamics of hexavalent chromium removal using biochar', 'Counter-intuitive influence of Himalayan river morphodynamics on Indus Civilisation urban settlements', 'Surface functionalized biomass for adsorption and recovery of gold from electronic scrap and refinery wastewater', 'Removal of hexavalent chromium upon interaction with biochar under acidic conditions: mechanistic insights and application', 'Assessment of carbonate-phosphoric acid analytical technique performed using GasBench II in continuous flow isotope ratio mass spectrometry', 'Photocatalytic reduction of organic pollutant under visible light by green route synthesized gold nanoparticles', 'δ13C analyses of calcium carbonate: comparison between the GasBench and elemental analyzer techniques', 'Error propagation in normalization of stable isotope data: a Monte Carlo analysis', 'Geochemistry of buried river sediments from Ghaggar Plains, NW India: Multi-proxy records of variations in provenance, paleoclimate, and paleovegetation patterns in the Late\xa0…']"
110,nalini sankararamakrishnan,"centre for environmental science and engineering, IIT kanpur","environmental chemistry, water treament, bioremediation",4106,https://scholar.google.com/citations?hl=en&user=ghkIXzAAAAAJ,33,51,"['Preparation and evaluation of iron–chitosan composites for removal of As (III) and As (V) from arsenic contaminated real life groundwater', 'Organochlorine and organophosphorous pesticide residues in ground water and surface waters of Kanpur, Uttar Pradesh, India', 'Removal of hexavalent chromium using a novel cross linked xanthated chitosan', 'Zerovalent iron encapsulated chitosan nanospheres–A novel adsorbent for the removal of total inorganic Arsenic from aqueous systems', 'Preparation and characterization of a novel xanthated chitosan', 'Development of bi-metal doped micro-and nano multi-functional polymeric adsorbents for the removal of fluoride and arsenic (V) from wastewater', 'Ground water geochemistry of Ballia district, Uttar Pradesh, India and mechanism of arsenic release', 'Enhanced sorption of mercury from compact fluorescent bulbs and contaminated water streams using functionalized multiwalled carbon nanotubes', 'Composite nanofloral clusters of carbon nanotubes and activated alumina: An efficient sorbent for heavy metal removal', 'Removal of cadmium and hexavalent chromium from electroplating waste water using thiocarbamoyl chitosan']"
111,Javed N Malik,"Professor, Department of Earth Sciences, IIT Kanpur","Earth Sciences, Paleoseismology, Paleo-tsunami",4055,https://scholar.google.com/citations?hl=en&user=aI17no0AAAAJ,34,71,"['Predecessors of the giant 1960 Chile earthquake', 'Active faults and related Late Quaternary deformation along the northwestern Himalayan Frontal Zone, India', 'Active tectonic influence on the evolution of drainage and landscape: geomorphic signatures from frontal and hinterland areas along the Northwestern Himalaya, India', 'A repository of earth resource information–CORONA satellite programme', 'Paleoseismic evidence from trench investigation along Hajipur fault, Himalayan Frontal Thrust, NW Himalaya: implications of the faulting pattern on landscape evolution and\xa0…', 'Calcretes in semi-arid alluvial systems: formative pathways and sinks', 'Modern and historic seismicity of Kachchh Peninsula, western India', 'Sedimentology of the Narmada alluvial fan, western India', 'Active fault, fault growth and segment linkage along the Janauri anticline (frontal foreland fold), NW Himalaya, India', 'Paleoseismic evidence of the CE 1505 (?) and CE 1803 earthquakes from the foothill zone of the Kumaon Himalaya along the Himalayan Frontal Thrust (HFT), India']"
112,Amitabha Bandyopadhyay,Indian Institute of Technology Kanpur,Developental Biology,4038,https://scholar.google.com/citations?hl=en&user=lgVuQfcAAAAJ,26,37,"['BMP2 activity, although dispensable for bone formation, is required for the initiation of fracture healing', 'Genetic analysis of the roles of BMP2, BMP4, and BMP7 in limb patterning and skeletogenesis', 'The Hedgehog-inducible ubiquitin ligase subunit WSB-1 modulates thyroid hormone activation and PTHrP secretion in the developing growth plate', 'Mammalian translation initiation factor eIF1 functions with eIF1A and eIF3 in the formation of a stable 40 S preinitiation complex', 'BMP signaling in development and diseases: a pharmacological perspective', 'Role of the Tsc1-Tsc2 Complex in Signaling and Transport Across the Cell Membrane in the Fission Yeast Schizosaccharomyces pombe', 'Precise spatial restriction of BMP signaling is essential for articular cartilage differentiation', 'BMP4 is dispensable for skeletogenesis and fracture-healing in the limb', 'Chondrocyte hypertrophy in osteoarthritis: mechanistic studies and models for the identification of new therapeutic strategies', 'Elucidating role of silk-gelatin bioink to recapitulate articular cartilage differentiation in 3D bioprinted constructs']"
113,Venkitanarayanan Parameswaran,"Professor, Department of Mechanical Engineering, Indian Institute of Technology Kanpur …","Experimental Mechanics, Dynamic Fracture, High Strain Rate Response",4026,https://scholar.google.com/citations?hl=en&user=j2x0fREAAAAJ,34,71,"['Improvement in surface degradation properties of polymer composites due to pre-processed nanometric alumina fillers', 'Experimental and numerical investigation on the uni-axial tensile response and failure of fiber metal laminates', 'Epoxy composites using functionalized alumina platelets as reinforcements', 'Processing and characterization of a model functionally gradient material', 'Crack-tip stress fields for dynamic fracture in functionally gradient materials', 'Comparison of quasi-static and dynamic compression behavior of closed-cell aluminum foam', 'Degradation of polymer dielectrics with nanometric metal-oxide fillers due to surface discharges', 'Simulation of asphalt materials using finite element micromechanical model with damage mechanics', 'Study of dynamic underwater implosion mechanics using digital image correlation', 'Microstructural simulation of asphalt materials: Modeling and experimental studies']"
114,Sarvesh Chandra,"Former Professor of Civil Engineering, IIT Kanpur",Geotechnical Engineering,3815,https://scholar.google.com/citations?hl=en&user=szfwkgIAAAAJ,32,75,"['Green synthesis of gold nanoparticles using marine algae and evaluation of their catalytic activity', 'Long-term farmyard manure application effects on properties of a silty clay loam soil under irrigated wheat–soybean rotation', 'Production, purification and characterization of pectinase from a Bacillus sp. DT7', 'Steady-state response of an elastically supported infinite beam to a moving load', 'Synergistic effect of phosphate solubilizing rhizobacteria and arbuscular mycorrhiza on growth and yield of wheat plants', 'Generalized model for geosynthetic-reinforced granular fill-soft soil with stone columns', 'A generalized mechanical model for geosynthetic-reinforced foundation soil', 'Response of multilayer geosynthetic-reinforced bed resting on soft soil with stone columns', 'The effect of prestressing on the settlement characteristics of geosynthetic-reinforced soil', 'Fertilization effects on yield sustainability and soil properties under irrigated wheat–soybean rotation of an Indian Himalayan upper valley']"
115,Ashwani Kumar Thakur,"Biological Sciences and Bioengineering Department, Indian Institute of Technology, Kanpur …","Self-assembly of amino acids, peptides and proteins in diseases, biopharmaceuticals and material design",3813,https://scholar.google.com/citations?hl=en&user=wNB41PgAAAAJ,25,47,"['Polyglutamine disruption of the huntingtin exon 1 N terminus triggers a complex aggregation mechanism', 'The toxicological mechanisms of environmental soot (black carbon) and carbon black: focus on oxidative stress and inflammatory pathways', 'Oligoproline effects on polyglutamine conformation and aggregation', 'Mutational analysis of the structural organization of polyglutamine aggregates', 'Slow amyloid nucleation via α-helix-rich oligomeric intermediates in short polyglutamine-containing huntingtin fragments', 'Polyglutamine aggregation nucleation: thermodynamics of a highly unfavorable protein folding reaction', 'Kinetics and thermodynamics of amyloid assembly using a high‐performance liquid chromatography–based sedimentation assay', 'Therapeutic implication of L-phenylalanine aggregation mechanism and its modulation by D-phenylalanine in phenylketonuria', 'Understanding the self-assembly of Fmoc–phenylalanine to hydrogel formation', 'Fmoc-phenylalanine displays antibacterial activity against Gram-positive bacteria in gel and solution phases']"
116,VISHAL GOVIND RAO,"Associate Professor, Department of Chemistry, IIT Kanpur","Photocatalysis, Plasmonics, Single molecule Spectroscopy, Interfacial Electron Transfer, Dye",3742,https://scholar.google.com/citations?hl=en&user=v6tyWUIAAAAJ,31,70,"['Catalytic conversion of solar to chemical energy on plasmonic metal nanostructures', 'Plasmon-induced hot-hole generation and extraction at nano-heterointerfaces for photocatalysis', 'Chemical requirement for extracting energetic charge carriers from plasmonic metal nanoparticles to perform electron-transfer reactions', 'Ionic liquid-based surfactant science: formulation, characterization, and applications', 'An understanding of the modulation of photophysical properties of curcumin inside a micelle formed by an ionic liquid: a new possibility of tunable drug delivery system', 'Designing a new strategy for the formation of IL-in-oil microemulsions', 'Pluronic micellar aggregates loaded with gold nanoparticles (Au NPs) and fluorescent dyes: A study of controlled nanometal surface energy transfer', 'The pivotal role of hot carriers in plasmonic catalysis of C− N bond forming reaction of amines', 'Ionic liquid containing microemulsions: probe by conductance, dynamic light scattering, diffusion-ordered spectroscopy NMR measurements, and study of solvent relaxation dynamics', 'Microemulsions with surfactant TX100, cyclohexane, and an ionic liquid investigated by conductance, DLS, FTIR measurements, and study of solvent and rotational relaxation\xa0…']"
117,Anamika Kushwaha,"PostDoc, Indian Institute of Technology Kanpur","Environment microbiology, PET degradation, Resource recovery, Biopolymer, Bioremediation",3693,https://scholar.google.com/citations?hl=en&user=0l9EkF0AAAAJ,31,59,"['A critical review on speciation, mobilization and toxicity of lead in soil-microbe-plant system and bioremediation strategies', 'Heavy metal detoxification and tolerance mechanisms in plants: implications for phytoremediation', 'Nanomaterial-Based Therapy for Wound Healing', 'Selenium in soil-microbe-plant systems: Sources, distribution, toxicity, tolerance, and detoxification', 'A critical review on prospects of bio-refinery products from second and third generation biomasses', 'Surface Modification of Biochar for Dye Removal from Wastewater', 'Biodegradation of poly (ethylene terephthalate): Mechanistic insights, advances, and future innovative strategies', 'Waste management in fashion and textile industry: Recent advances and trends, life-cycle assessment, and circular economy', 'Adsorption kinetics and molecular interactions of lead [Pb (II)] with natural clay and humic acid', 'A new insight to adsorption and accumulation of high lead concentration by exopolymer and whole cells of lead-resistant bacterium Acinetobacter junii L. Pb1\xa0…']"
118,Satyendra Kumar,Indian Institute of Technology Kanpur,"Solar Energy, silicon, ellipsometry, diamond",3685,https://scholar.google.com/citations?hl=en&user=hDP5bWIAAAAJ,26,51,"['Effect of hydrogen plasma treatment on transparent conducting oxides', 'Fiber optic sensing of liquid refractive index', 'Influence of crystallite size distribution on the micro-Raman analysis of porous Si', 'Internal photoemission of holes and the mobility gap of hydrogenated amorphous silicon', 'A real time ellipsometry study of the growth of amorphous silicon on transparent conducting oxides', 'I n\u2008situ spectroscopic ellipsometry study of the growth of microcrystalline silicon', 'Effects of crystallite size distribution on the Raman-scattering profiles of silicon nanostructures', 'I n\u2008situ investigation of the optoelectronic properties of transparent conducting oxide/amorphous silicon interfaces', 'Influence of surface states on the photoluminescence from silicon nanostructures', 'A critical investigation of a-Si: H photoconductivity generated by subgap absorption of light']"
119,Santosh K. Misra,"Associate Professor, Dept of Biological Sciences & Bioengineering, Indian Institute of …",Biomedical materials and devices,3681,https://scholar.google.com/citations?hl=en&user=qP9e2NYAAAAJ,38,69,"['3D‐printed multidrug‐eluting stent from graphene‐nanoplatelet‐doped biodegradable polymer composite', 'Why is less cationic lipid required to prepare lipoplexes from plasmid DNA than linear DNA in gene therapy?', 'How does the spacer length of cationic gemini lipids influence the lipoplex formation with plasmid DNA? Physicochemical and biochemical characterizations and their relevance in\xa0…', 'Paper-Based analytical biosensor chip designed from graphene-nanoplatelet-amphiphilic-diblock-co-polymer composite for cortisol detection in human saliva', 'Advances in chemistry and composition of soft materials for drug releasing contact lenses', 'Orthogonal self-assembly of an organoplatinum (II) metallacycle and cucurbit [8] uril that delivers curcumin to cancer cells', 'Graphene as a nanocarrier for tamoxifen induces apoptosis in transformed cancer cell lines of different origins', 'A cationic cholesterol based nanocarrier for the delivery of p53-EGFP-C3 plasmid to cancer cells', 'Stabilization and structural alteration of the G-quadruplex DNA made from the human telomeric repeat mediated by Troger’s base based novel benzimidazole derivatives', 'Trimodal therapy: combining hyperthermia with repurposed bexarotene and ultrasound for treating liver cancer']"
120,Aditya Kiran Jagannatham,Professor IIT Kanpur,"Wireless Communication, AI, ML",3680,https://scholar.google.com/citations?hl=en&user=o1FPSU0AAAAJ,32,105,"['Whitening-rotation-based semi-blind MIMO channel estimation', 'Quasi-static and time-selective channel estimation for block-sparse millimeter wave hybrid MIMO systems: Sparse Bayesian learning (SBL) based approaches', 'Outage probability analysis for NOMA downlink and uplink communication systems with generalized fading channels', 'Bayesian learning aided sparse channel estimation for orthogonal time frequency space modulated systems', 'Cramér-Rao lower bound for constrained complex parameters', 'Bayesian learning aided simultaneous row and group sparse channel estimation in orthogonal time frequency space modulated MIMO systems', 'Cognitive decode-and-forward MIMO-RF/FSO cooperative relay networks', 'Semi-blind, training, and data-aided channel estimation schemes for MIMO-FBMC-OQAM systems', 'Selective DF protocol for MIMO STBC based single/multiple relay cooperative communication: End-to-end performance and optimal power allocation', 'Principles of modern wireless communication systems']"
121,Archana Gupta,Department of mechanical engineering IIT kanpur,Electrohydrodynamics,3631,https://scholar.google.com/citations?hl=en&user=-nA-oS8AAAAJ,26,88,"['An international outbreak of salmonellosis associated with raw almonds contaminated with a rare phage type of Salmonella Enteritidis', 'Smart crop prediction using IoT and machine learning', 'Clubfoot controversies: complications and causes for failure.', 'Pore formation in cast metals and alloys', 'Carbazole: It’s biological activity', 'Damping subsynchronous resonance in power systems', 'Airline baggage tracking and notification system', 'Production, partial purification and characterization of alkaline protease from Bacillus aryabhattai K3', 'Hole scattering mechanisms in Hg1−xCdxTe', 'Pulse oximetry screening to detect cyanotic congenital heart disease in sick neonates in a neonatal intensive care unit']"
122,Partha Chakroborty,"Professor of Civil Engineering, IIT Kanpur, INDIA",,3537,https://scholar.google.com/citations?hl=en&user=e9mu8QUAAAAJ,25,47,"['Comparison of pedestrian fundamental diagram across cultures', 'Car-following model based on fuzzy inference system', 'Genetic algorithms for optimal urban transit network design', 'Optimal route network design for transit systems using genetic algorithms', 'Evaluation of the general motors based car-following models and a proposed fuzzy inference model', 'Optimal scheduling of urban transit systems using genetic algorithms', 'Principles of transportation engineering', 'Using bus travel time data to estimate travel times on urban corridors', 'Optimum assignment of trains to platforms under partial schedule compliance', 'Place of possibility theory in transportation analysis']"
123,Vivek Verma,"Professor of Materials Science and Engineering, Indian Institute of Technology Kanpur","Biodegradable polymers, Biomaterials, Drug delivery, Protein and cell patterning",3530,https://scholar.google.com/citations?hl=en&user=tvzz0Q8AAAAJ,31,67,"['Physical, thermal, and mechanical properties of polymers', 'Current progress on the production, modification, and applications of bacterial cellulose', 'Biosurfaces: a materials science and engineering perspective', 'Crosslinking of polyvinyl alcohol (PVA) and effect of crosslinker shape (aliphatic and aromatic) thereof', 'Crosslinking of agarose bioplastic using citric acid', 'Beta-phase enhancement in polyvinylidene fluoride through filler addition: comparing cellulose with carbon nanotubes and clay', 'Flexible agar-sericin hydrogel film dressing for chronic wounds', 'Agarose bioplastic‐based drug delivery system for surgical and wound dressings', 'Adipose-derived stem cells (ADSCs) loaded gelatin-sericin-laminin cryogels for tissue regeneration in diabetic wounds', 'Biocompatible, breathable and degradable microbial cellulose based triboelectric nanogenerator for wearable transient electronics']"
124,Saikat Ghosh,"Associate Professor of Physics, IIT-Kanpur","Quantum Optics, Atomic Physics, Graphene Microscopy",3526,https://scholar.google.com/citations?hl=en&user=S7d6XNYAAAAJ,28,48,"['Tumor glycolysis, an essential sweet tooth of tumor cells', 'Low-light-level optical interactions with rubidium vapor in a photonic band-gap fiber', 'Resonant optical interactions with molecules confined in photonic band-gap fibers', 'p53 amyloid formation leading to its loss of function: implications in cancer pathogenesis', 'Single-photon bus connecting spin-wave quantum memories', 'Kinetic competition between elongation rate and binding of NELF controls promoter-proximal pausing', 'Heralded single-magnon quantum memory for photon polarization states', 'Observation of quantum phase synchronization in spin-1 atoms', 'Time-reversal symmetry breaking in Re-based superconductors', 'Amyloid formation of growth hormone in presence of zinc: Relevance to its storage in secretory granules']"
125,Amit Verma,"Department of Electrical Engineering, Indian Institute of Technology Kanpur","Semiconductors, Devices, Epitaxy, Thin Films, Transport",3509,https://scholar.google.com/citations?hl=en&user=OykKaoYAAAAJ,23,41,"['Anisotropic thermal conductivity in single crystal β-gallium oxide', 'Intrinsic electron mobility limits in beta-Ga2O3', 'High-voltage field effect transistors with wide-bandgap β-Ga2O3 nanomembranes', 'Adsorption-controlled growth of La-doped BaSnO3 by molecular-beam epitaxy', 'Intrinsic Mobility Limiting Mechanisms in Lanthanum-doped Strontium Titanate', 'Inductively-coupled-plasma reactive ion etching of single-crystal β-Ga2O3', 'Polarization-induced GaN-on-insulator E/D mode p-channel heterostructure FETs', 'Compact Modeling of Drain Current, Charges, and Capacitances in Long-Channel Gate-All-Around Negative Capacitance MFIS Transistor', 'Tunnel-injection GaN quantum dot ultraviolet light-emitting diodes', 'Room temperature microwave oscillations in GaN/AlN resonant tunneling diodes with peak current densities up to 220 kA/cm2']"
126,Suresh Kumar,"Department of Biological Sciences and Bioengineering, Indian Institute of Technology …",Autophagy,3508,https://scholar.google.com/citations?hl=en&user=oW16WtYAAAAJ,30,37,"['TRIMs and Galectins Globally Cooperate and TRIM16 and Galectin-3 Co-direct Autophagy in Endomembrane Damage Homeostasis.', 'Dedicated SNAREs and specialized TRIM cargo receptors mediate secretory autophagy', 'Galectins control mTOR in response to endomembrane damage', 'Mechanism of Stx17 recruitment to autophagosomes via IRGM and mammalian Atg8 proteins', 'Phosphorylation of syntaxin 17 by TBK1 controls autophagy initiation', 'Galectins control MTOR and AMPK in response to lysosomal damage to induce autophagy', 'Purification and Characterization of Glutaminase Free Asparaginase from Enterobacter cloacae: In-Vitro Evaluation of Cytotoxic Potential against Human Myeloid Leukemia HL-60 Cells', 'Cellular and molecular mechanism for secretory autophagy', 'Mammalian hybrid pre-autophagosomal structure HyPAS generates autophagosomes', 'Mammalian Atg8 proteins and the autophagy factor IRGM control mTOR and TFEB at a regulatory node critical for responses to pathogens']"
127,Sudhanshu Shekhar Singh,IIT Kanpur,"Laser Processing of alloys, Mechnical behavior of materials, Corrosion, nanoindentation",3503,https://scholar.google.com/citations?hl=en&user=N-snNaUAAAAJ,34,88,"['Machine-learning and high-throughput studies for high-entropy materials', 'Effective properties of a fly ash geopolymer: Synergistic application of X-ray synchrotron tomography, nanoindentation, and homogenization models', '3D microstructural characterization and mechanical properties of constituent particles in Al 7075 alloys using X-ray synchrotron tomography and nanoindentation', 'Anisotropy, size, and aspect ratio effects on micropillar compression of AlSiC nanolaminate composites', 'In situ X-ray synchrotron tomographic imaging during the compression of hyper-elastic polymeric materials', 'A study on selective laser melting (SLM) of TiC and B4C reinforced IN718 metal matrix composites (MMCs)', 'Recent progress in oxidation behavior of high-entropy alloys: A review', 'Mechanical properties of intermetallic inclusions in Al 7075 alloys by micropillar compression', 'In situ experimental techniques to study the mechanical behavior of materials using X-ray synchrotron tomography', '3D time-resolved observations of corrosion and corrosion-fatigue crack initiation and growth in peak-aged Al 7075 using synchrotron X-ray tomography']"
128,Purnendu Bose,IIT Kanpur,Environmental Engineering,3439,https://scholar.google.com/citations?hl=en&user=OGPhvW4AAAAJ,28,54,"['Role of iron in controlling speciation and mobilization of arsenic in subsurface environment', 'Extent of oxidation of Cr (III) to Cr (VI) under various conditions pertaining to natural environment', 'Oxidation of Cr (III) in tannery sludge to Cr (VI): field observations and theoretical assessment', 'Critical evaluation of treatment strategies involving adsorption and chelation for wastewater containing copper, zinc and cyanide', 'Challenges, opportunities and progress in solid waste management during COVID-19 pandemic', 'The effect of ozonation on natural organic matter removal by alum coagulation', 'Zero-valent iron-assisted autotrophic denitrification', 'Case studies on biological treatment of tannery effluents in India', 'Degradation of RDX by various advanced oxidation processes: I. Reaction rates', 'Mineralization of some natural refractory organic compounds by biodegradation and ozonation']"
129,Joydeep Chakrabortty,"Professor, IIT Kanpur",Theoretical Particle Physics,3364,https://scholar.google.com/citations?hl=en&user=eg1qeFoAAAAJ,31,55,"['FCC-hh: The hadron collider: Future circular collider conceptual design report volume 3', 'Physics at a 100 TeV pp collider: Higgs and EW symmetry breaking studies', 'Physics at a 100 TeV pp collider: beyond the Standard Model phenomena', 'CoDEx: Wilson coefficient calculator connecting SMEFT to UV theory', 'Neutrinoless double-β decay in TeV scale Left-Right symmetric models', 'Copositive criteria and boundedness of the scalar potential', 'A note on dimension-5 operators in GUTs and their impact', 'Left-right symmetry and the charged Higgs bosons at the LHC', 'Unification, proton decay, and topological defects in non-SUSY GUTs with thresholds', 'Left-right symmetry at LHC and precise 1-loop low energy data']"
130,Arun K Saha,"Professor of Mechanical Engineering, Indian Institute of Technology Kanpur, Kanpur, India",… and Computational Fluid Dynamics and Heat …,3359,https://scholar.google.com/citations?hl=en&user=Ysp4S9sAAAAJ,33,64,"['Three-dimensional study of flow past a square cylinder at low Reynolds numbers', 'Turbulent Flows: Fundamentals, Experiments and Modeling', 'Experimental study of flow past a square cylinder at high Reynolds numbers', 'Unsteady flow past a finite square cylinder mounted on a wall at low Reynolds number', 'Transition and chaos in two-dimensional flow past a square cylinder', 'Three-dimensional numerical simulations of the transition of flow past a cube', 'Parametric study of unsteady flow and heat transfer in a pin-fin heat exchanger', 'Far-wake characteristics of two-dimensional flow past a normal flat plate', 'Numerical study of fully developed flow and heat transfer in a wavy passage', 'Vortex structures and kinetic energy budget in two-dimensional flow past a square cylinder']"
131,Nitin Gupta,"Professor, Biological Sciences and Bioengineering, Indian Institute of Technology Kanpur","Systems neuroscience, olfaction, mental health",3348,https://scholar.google.com/citations?hl=en&user=CgfmObUAAAAJ,27,38,"['Spectral probabilities and generating functions of tandem mass spectra: a strike against decoy databases', 'Does trypsin cut before proline?', 'False discovery rates of protein identifications: a strike against the two-peptide rule', 'Whole proteome analysis of post-translational modifications: applications of mass-spectrometry for proteogenomic annotation', 'Target-decoy approach and false discovery rate: when things may go wrong', 'The road not taken: creative solutions require avoidance of high-frequency responses', 'N-terminal protein processing: A comparative proteogenomic analysis', 'Comparative proteogenomics: combining mass spectrometry and comparative genomics to analyze multiple genomes', 'Functional analysis of a higher olfactory center, the lateral horn', 'QNet: a tool for querying protein interaction networks']"
132,Ashis K. Patra,"Department of Chemistry, Indian Institute of Technology Kanpur, Kanpur 208016, Uttar …","lanthanides, luminescent probes, medicinal inorganic chemistry",3342,https://scholar.google.com/citations?hl=en&user=z13hFQkAAAAJ,35,65,"['DNA Cleavage by New Oxovanadium(IV) Complexes of N-Salicylidene α-Amino Acids and Phenanthroline Bases in the Photodynamic Therapy Window', 'Synthesis, crystal structure, DNA binding and photo-induced DNA cleavage activity of (S-methyl-l-cysteine) copper (II) complexes of heterocyclic bases', 'Copper(II) Complexes of l-Arginine as Netropsin Mimics Showing DNA Cleavage Activity in Red Light', 'Synthesis, structure, DNA binding and DNA cleavage activity of oxovanadium (IV) N-salicylidene-S-methyldithiocarbazate complexes of phenanthroline bases', 'Synthesis, structure, DNA binding and oxidative cleavage activity of ternary (L-leucine/isoleucine) copper (II) complexes of heterocyclic bases', 'Metal-assisted red light-induced DNA cleavage by ternary L-methionine copper (II) complexes of planar heterocyclic bases', 'Synthesis, crystal structures, DNA binding and cleavage activity of L-glutamine copper (II) complexes of heterocyclic bases', 'DNA binding and oxidative cleavage activity of ternary (L-proline) copper (II) complexes of heterocyclic bases', 'Dual-sensitized luminescent europium (III) and terbium (III) complexes as bioimaging and light-responsive therapeutic agents', 'Anaerobic photocleavage of DNA in red light by dicopper (II) complexes of 3, 3′-dithiodipropionic acid']"
133,Prabir Kumar Basudhar,IIT Kanpur,,3319,https://scholar.google.com/citations?hl=en&user=KomrXwQAAAAJ,28,71,"['Undrained lateral load capacity of piles in clay using artificial neural network', 'Circular footings resting on geotextile-reinforced sand bed', 'Prediction of residual friction angle of clays using artificial neural network', 'Modeling of soil–woven geotextile interface behavior from direct shear test results', 'Generalized model for geosynthetic-reinforced granular fill-soft soil with stone columns', 'Uplift capacity of single piles: predictions and performance', 'Optimum design of nailed soil slopes', 'Finite element analysis of geotextile-reinforced sand-bed subjected to strip loading', 'A generalized procedure for predicting optimal lower bound break-out factors of strip anchors', 'Response of multilayer geosynthetic-reinforced bed resting on soft soil with stone columns']"
134,Mangal Kothari,"Senior Principal Engineer, ADASI | Aerospace GNC | Former Professor, IIT Kanpur","Flight Control, Guidance & Navigation, Flight Dynamics, Autonomous Aerospace Systems",3295,https://scholar.google.com/citations?hl=en&user=cbtKb54AAAAJ,29,63,"['Chance constrained rrt for probabilistic robustness to environmental uncertainty', 'A probabilistically robust path planning algorithm for UAVs using rapidly-exploring random trees', 'Model Predictive Static Programming: A Computationally Efficient Technique For Suboptimal Control Design', 'Adaptive Optimal Path Following for High Wind Flights', 'Pursuit-evasion games of high speed evader', 'Multi-UAV path planning in obstacle rich environments using rapidly-exploring random trees', 'Biplane-quadrotor tail-sitter uav: Flight dynamics and control', 'Pursuit strategy to capture high-speed evaders using multiple pursuers', 'Uav path following in windy urban environments', 'A Suboptimal Path Planning Algorithm Using Rapidly-exploring Random Trees.']"
135,Tanmoy Maiti,"Professor, IIT Kanpur","Thermoelectrics, Perovskite Solar Cell, Nanophotonics, Electronic Materials & Devices",3221,https://scholar.google.com/citations?hl=en&user=KP1phTkAAAAJ,30,56,"['Structure‐Property Phase Diagram of BaZrxTi1− xO3 System', 'High-Entropy Perovskites: An Emergent Class of Oxide Thermoelectrics with Ultralow Thermal Conductivity', 'Double perovskite (Sr 2 B′ B ″O 6) oxides for high-temperature thermoelectric power generation—A review', 'Electric field dependent dielectric properties and high tunability of  relaxor ferroelectrics', 'Evaluation of Experimental Resume of BaZrxTi1-xO3 with Perspective to Ferroelectric Relaxor Family: An Overview', 'Raman spectral studies of Zr4+‐rich BaZrxTi1− xO3 (0.5⩽ x⩽ 1.00) phase diagram', 'Enhanced electric field tunable dielectric properties of  relaxor ferroelectrics', 'The evolution of relaxor behavior in Ti doped BaZrO ceramics', 'A facile pot synthesis of (Ti3AlC2) MAX phase and its derived MXene (Ti3C2Tx)', 'High performance (ZT> 1) n-type oxide thermoelectric composites from earth abundant materials']"
136,Nisanth N. Nair,Indian Institute of Technology Kanpur,chemistry,3206,https://scholar.google.com/citations?hl=en&user=yR99mt8AAAAJ,30,70,"['High Proton Conductivity by a Metal–Organic Framework Incorporating Zn8O Clusters with Aligned Imidazolium Groups Decorating the Channels', 'Charge Localization Dynamics Induced by Oxygen Vacancies on the  Surface', 'Glycine at the Pyrite− Water interface: the role of surface defects', 'Rh1/γ‐Al2O3 Single‐Atom Catalysis of O2 Activation and CO Oxidation: Mechanism, Effects of Hydration, Oxidation State, and Cluster Size', 'Soft-sphere continuum solvation in electronic-structure calculations', 'Twist Does a Twist to the Reactivity: Stoichiometric and Catalytic Oxidations with Twisted Tetramethyl-IBX', 'Challenges in modelling homogeneous catalysis: new answers from ab initio molecular dynamics to the controversy over the Wacker process', 'Aggregation-induced chemical reactions: Acid dissociation in growing water clusters', 'Excited State Relaxation Dynamics of Model Green Fluorescent Protein Chromophore Analogs: Evidence for Cis–Trans Isomerism', 'Peptide synthesis in aqueous environments: the role of extreme conditions and pyrite mineral surfaces on formation and hydrolysis of peptides']"
137,Arnab Bhattacharya,"Computer Science and Engineering, Indian Institute of Technology, Kanpur","Databases, Data Mining, Natural Language Processing, Information Retrieval, Artificial Intelligence",3186,https://scholar.google.com/citations?hl=en&user=Sk-JV9QAAAAJ,29,73,"['ILDC for CJPE: Indian legal documents corpus for court judgment prediction and explanation', 'Optimization of enzymatic saccharification of water hyacinth biomass for bio-ethanol: comparison between artificial neural network and response surface methodology', 'HD-Index: Pushing the Scalability-Accuracy Boundary for Approximate kNN Search in High-Dimensional Spaces', 'Finding the bias and prestige of nodes in networks based on trust scores', 'FIRE 2019 AILA track: artificial intelligence for legal assistance', 'Semantic segmentation of legal documents via rhetorical roles', 'A continuous query system for dynamic route planning', 'Spotspam: Intention analysis–driven sms spam detection using bert embeddings', 'Distorted wurtzite unit cells: Determination of lattice parameters of nonpolar a-plane AlGaN and estimation of solid phase Al content', 'FTDP-17 mutations in Tau alter the regulation of microtubule dynamics']"
138,Pramod Subramanyan,Indian Institute of Technology Kanpur,"formal methods, security",3167,https://scholar.google.com/citations?hl=en&user=D1Harq4AAAAJ,22,27,"['Evaluating the security of logic encryption algorithms', 'Functional analysis attacks on logic locking', 'A formal foundation for secure remote execution of enclaves', 'Reverse engineering digital circuits using structural and functional analyses', 'Malware detection using machine learning based analysis of virtual memory access patterns', 'Wordrev: Finding word-level structures in a sea of bit-level gates', 'Reverse engineering digital circuits using functional analysis', 'A formal approach to secure speculation', 'Instruction-level abstraction (ila) a uniform specification for system-on-chip (soc) verification', 'UCLID5: Integrating modeling, verification, synthesis and learning']"
139,Ashutosh Modi,Indian Institute of Technology Kanpur,"NLP, MechInterp, Affective Computing, Legal AI, Sign Language",3146,https://scholar.google.com/citations?hl=en&user=AWu6f60AAAAJ,30,50,"['ILDC for CJPE: Indian legal documents corpus for court judgment prediction and explanation', 'Towards measuring and modeling “culture” in LLMs: A survey', 'COGMEN: COntextualized GNN based multimodal emotion recognitioN', 'Affect-driven dialog generation', 'MCScript: A Novel Dataset for Assessing Machine Comprehension Using Script Knowledge', 'Semeval-2018 task 11: Machine comprehension using commonsense knowledge', 'Corpus for automatic structuring of legal documents', 'Inducing neural models of script knowledge', 'Semantic segmentation of legal documents via rhetorical roles', 'Event Embeddings for Semantic Script Modeling']"
140,Siddhartha Panda,"Department of Chemical Engineering, IIT Kanpur, India",Chemical sensors,3121,https://scholar.google.com/citations?hl=en&user=gZsYdE8AAAAJ,30,74,"['Silicon nitride etching methods', 'Silicon nitride etching methods', 'Dual stress liner for high performance sub-45nm gate length SOI CMOS manufacturing', 'Modeling the synthesis of aluminum particles by evaporation-condensation in an aerosol flow reactor', 'Anisotropic etching of polymer films by high energy (∼ 100s of eV) oxygen atom neutral beams', 'Stressed field effect transistors on hybrid orientation substrate', 'Stressed field effect transistors on hybrid orientation substrate', 'Stressed field effect transistors on hybrid orientation substrate', 'Integration and optimization of embedded-SiGe, compressive and tensile stressed liner films, and stress memorization in advanced SOI CMOS technologies', 'High performance 65 nm SOI technology with dual stress liner and low capacitance SRAM cell']"
141,Prabhat K Dwivedi,"Centre for Nnaosciences, Indian Institute of Technology Kanpur, India-208016","Material science, micro-nanofabrication, Chemical/bio sensing",3080,https://scholar.google.com/citations?hl=en&user=WmWgP8IAAAAJ,33,73,"['One-step maskless grayscale lithography for the fabrication of 3-dimensional structures in SU-8', 'Silver nanoparticles decorated reduced graphene oxide (rGO) SERS sensor for multiple analytes', 'Application of electrochemical impedance spectroscopy in bio-fuel cell characterization: A review', 'High index contrast waveguides in chalcogenide glass and polymer', 'Fabrication of nanobeads structured perovskite type neodymium iron oxide film: its structural, optical, electrical and LPG sensing investigations', 'Microstructural, optical and electrical investigations of Sb-SnO2 thin films deposited by spray pyrolysis', 'Investigation on effects of surface morphologies on response of LPG sensor based on nanostructured copper ferrite system', 'Ultra-sensitive reusable SERS sensor for multiple hazardous materials detection on single platform', 'Paper based low-cost flexible SERS sensor for food adulterant detection', 'Effect of internal competitive work environment on working smart and emotional exhaustion: the moderating role of time management']"
142,Ramasubbu Sankararamakrishnan,"Department of Biological Sciences and Bioengineering, Indian Institute of Technology …",,3045,https://scholar.google.com/citations?hl=en&user=L-wotv8AAAAJ,32,56,"['Genome-wide analysis of major intrinsic proteins in the tree plant Populus trichocarpa: Characterization of XIP subfamily of aquaporins from evolutionary perspective', 'Lone pair··· π interactions between water oxygens and aromatic residues: Quantum chemical studies based on high‐resolution protein structures and model compounds', 'Water in channel-like cavities: structure and dynamics', 'Homology modeling of major intrinsic proteins in rice, maize and Arabidopsis: comparative analysis of transmembrane helix association and aromatic/arginine\xa0…', 'Parallel helix bundles and ion channels: molecular modeling via simulated annealing and restrained molecular dynamics', 'Close Contacts between Carbonyl Oxygen Atoms and Aromatic Centers in Protein Structures: π⊙⊙⊙ π or Lone-Pair⊙⊙⊙ π Interactions?', 'Molecular dynamics simulations of water within models of ion channels', 'ATCUN‐like metal‐binding motifs in proteins: Identification and characterization by crystal structure and sequence analysis', 'Geometry of proline‐containing alpha‐helices in proteins', 'The pore domain of the nicotinic acetylcholine receptor: molecular modeling, pore dimensions, and electrostatics']"
143,Rajesh M Hegde,Professor at Indian Institute of Technology Kanpur,"Federated Learning, Sensor Array Signal Processing, Wireless Networks, Spatial Audio",3009,https://scholar.google.com/citations?hl=en&user=tmcYDIMAAAAJ,28,75,"['Significance of the modified group delay feature in speech recognition', 'Near-field acoustic source localization and beamforming in spherical harmonics domain', 'Gaussian process regression for fingerprinting based localization', 'Application of the modified group delay function to speaker identification and discrimination', 'Low-latency and energy-balanced data transmission over cognitive small world WSN', 'Segmentation of speech into syllable-like units', 'Extubation in the operating room after cardiac surgery in children: a prospective observational study with multidisciplinary coordinated approach', 'A deep learning framework for robust DOA estimation using spherical harmonic decomposition', 'Automatic identification of bird calls using spectral ensemble average voice prints', 'Robust multi-source localization over planar arrays using MUSIC-group delay spectrum']"
144,Pankaj Wahi,"Mechanical Engineering, IIT Kanpur","Nonlinear Dynamics, Reduced order modeling, Vibration Control, Time-delay systems",3006,https://scholar.google.com/citations?hl=en&user=-Ww271QAAAAJ,30,68,"['Route to chaos for combustion instability in ducted laminar premixed flames', 'Bifurcation analysis of thermoacoustic instability in a horizontal Rijke tube', 'Bifurcations of self-excited ducted laminar premixed flames', 'Self-interrupted regenerative metal cutting in turning', 'Averaging oscillations with small fractional damping and delayed terms', 'Modelling of frictional chatter in metal cutting', 'Global axial–torsional dynamics during rotary drilling', 'Galerkin projections for delay differential equations', 'Subcritical bifurcation and bistability in thermoacoustic systems', 'Regenerative tool chatter near a codimension 2 Hopf point using multiple scales']"
145,Anupam Saxena,"Mechanical Engineering, Indian Institute of Technology Kanpur",Compliant Mechanisms And Robotic Systems,3001,https://scholar.google.com/citations?hl=en&user=WAU8tVUAAAAJ,28,56,"['On an optimal property of compliant topologies', 'Topology synthesis of compliant mechanisms for nonlinear force-deflection and curved path specifications', 'A simple and accurate method for determining large deflections in compliant mechanisms subjected to end forces and moments', 'Topology design of large displacement compliant mechanisms with multiple materials and multiple output ports', 'Synthesis of compliant mechanisms for path generation using genetic algorithm', 'Computer aided engineering design', 'Synthesis of path generating compliant mechanisms using initially curved frame elements', 'A computational approach to the number of synthesis of linkages', 'A material-mask overlay strategy for continuum topology optimization of compliant mechanisms using honeycomb discretization', 'TOPOLOGY OPTIMIZATION OF COMPLIANT MECHANISMS WITH STRENGTH CONSIDERATIONS*']"
146,Sukumar Vellakkal,"Associate Professor of Economics, IIT Kanpur","Macroeconomics and policies, Social protection, Public health economics, NCDs, Impact evaluation",2948,https://scholar.google.com/citations?hl=en&user=7bu1CpAAAAAJ,27,34,"['The impact of health insurance schemes for the informal sector in low-and middle-income countries: a systematic review', 'Averting obesity and type 2 diabetes in India through sugar-sweetened beverage taxation: an economic-epidemiologic modeling study', 'Socioeconomic inequalities in non-communicable diseases prevalence in India: disparities between self-reported diagnoses and standardized measures', 'Non communicable disease multimorbidity and associated health care utilization and expenditures in India: cross-sectional study', 'Equity impacts of price policies to promote healthy behaviours', 'Impact of national health insurance for the poor and the informal sector in low-and middle-income countries', 'Are estimates of socioeconomic inequalities in chronic disease artefactually narrowed by self-reported measures of prevalence in low-income and middle-income countries\xa0…', ""A qualitative study of factors impacting accessing of institutional delivery care in the context of India's cash incentive program"", 'Do girls have a nutritional disadvantage compared with boys? Statistical Models of breastfeeding and food consumption inequalities among Indian Siblings', 'Has India’s national rural health mission reduced inequities in maternal health services? A pre-post repeated cross-sectional study']"
147,Alpna singh,IIT Kanpur,"Image Processing, Fuzzy Logic, Face Recognition",2942,https://scholar.google.com/citations?hl=en&user=YvXozZAAAAAJ,22,72,"['Microwave synthesis, characterization, and photoluminescence properties of nanocrystalline zirconia', ""Iran's family planning program: responding to a nation's needs"", 'A lightweight neural network with multiscale feature enhancement for liver CT segmentation', 'Candidates for Twin Chiral Bands in', 'A sustained ocean observing system in the Indian Ocean for climate related scientific knowledge and societal needs', 'Quality assessment of groundwater for drinking and irrigation use in semi-urban area of Tripura, India', 'Endoscopic ultrasound miniprobe-guided steroid injection for treatment of refractory esophageal strictures', 'Analysis of uncertainties in measurement of rotor blade tip clearance in gas turbine engine under dynamic condition', 'Integrated management of white rot and root rot-wilt disease complex of pea', 'Climate-smart deficit irrigation and nutrient management strategies to conserve energy, greenhouse gas emissions, and the profitability of fodder maize seed production']"
148,Uday Shanker Racherla,"Professor of Innovation & Intellectual Property Management, Indian Institute of Technology …","Strategy, Innovation, Intellectual Property Management, Technology Management & Sustainability",2934,https://scholar.google.com/citations?hl=en&user=iW2JXucAAAAJ,22,38,"['Chiral synthesis via organoboranes. 27. Remarkably rapid and exceptionally enantioselective (approaching 100% ee) allylboration of representative aldehydes at-100. degree\xa0…', 'Efficient manganese catalysts for low-temperature bleaching', 'Organoboranes. 53. A high-field variable-temperature proton and boron-11 NMR study of the effects of solvent and structure on reactivity in allylboration', 'Chiral synthesis via organoboranes. 24. B-allylbis (2-isocaranyl) borane as a superior reagent for the asymmetric allylboration of aldehydes', 'Organoboranes. 44. A convenient, highly efficient synthesis of triorganylboranes via a modified organometallic route', 'Chiral Synthesis via Organoboranes. 39. A Facile Synthesis of. gamma.-Substituted-. gamma.-butyrolactones in Exceptionally High Enantiomeric Purity', 'Improved highly efficient synthesis of α, β-acetylenic ketones. Nature of the intermediate from the reaction of lithium acetylide with boron trifluoride etherate', 'Chiral synthesis via organoboranes. 36. Exceptionally enantioselective allylborations of representative heterocyclic aldehydes at-100. degree. C under salt-free conditions', 'Detergent compositions containing polyethyleneimines for enhanced stain removal', 'Chiral synthesis via organoboranes. 35. Simple procedures for the efficient recycling of the terpenyl chiral auxiliaries and convenient isolation of the homoallylic alcohols in\xa0…']"
149,Bishakh Bhattacharya,"Professor, Department of Mechanical Engineering IIT Kanpur","Vibration Control, Structural Health Monitoring, Energy Harvesting System, CSI in Flexible Body Motion, Intelligent System Design",2909,https://scholar.google.com/citations?hl=en&user=No3sAKkAAAAJ,28,79,"['Large deflection of cantilever beams with geometric non-linearity: Analytical and numerical approaches', 'Analysis and design optimization of a robotic gripper using multiobjective genetic algorithm', 'A review on shape memory alloy reinforced polymer composite materials and structures', 'PZT–PDMS composite for active damping of vibrations', 'ARX model-based damage sensitive features for structural damage localization using output-only measurements', 'Pipe inspection robots for structural health and condition monitoring', 'Voltage-dependent modulation of elastic moduli in lattice metamaterials: Emergence of a programmable state-transition capability', 'Design of shape memory alloy actuated intelligent parabolic antenna for space applications', 'Investigations on the suitability of PEEK material under space environment conditions and its application in a parabolic space antenna', 'Simultaneous energy harvesting and vibration attenuation in piezo-embedded negative stiffness metamaterial']"
150,Jishnu Bhattacharya,"Mechanical Engineering, IIT Kanpur, India","Li-ion battery, Computational material science, solar energy harvesting and storage, thermal management",2908,https://scholar.google.com/citations?hl=en&user=DX1mC9oAAAAJ,23,38,"['Understanding Li diffusion in Li-intercalation compounds', 'Linking the electronic structure of solids to their thermodynamic and kinetic properties', 'Phase stability and nondilute Li diffusion in spinel Li 1+ x Ti 2 O 4', 'Manganese dissolution from spinel cathode: few unanswered questions', 'Designing the next generation high capacity battery electrodes', 'Understanding the thermal runaway behavior of Li-ion batteries through experimental techniques', 'Evaluation of accuracy for Bernardi equation in estimating heat generation rate for continuous and pulse-discharge protocols in LFP and NMC based Li-ion batteries', 'First-principles study of competing mechanisms of nondilute Li diffusion in spinel Li x TiS 2', 'Coupled electrochemical-abuse-heat-transfer model to predict thermal runaway propagation and mitigation strategy for an EV battery module', 'Relative stability of normal vs. inverse spinel for 3d transition metal oxides as lithium intercalation cathodes']"
151,Animangsu Ghatak,"Professor, Department of Chemical Engineering, IIT Kanpur","Adhesion, friction, wetting, instability at soft interfaces, elastocapillary effect",2899,https://scholar.google.com/citations?hl=en&user=F3Zn-Y4AAAAJ,26,43,"['Meniscus instability in a thin elastic film', 'Interfacial rate processes in adhesion and friction', 'Peeling from a biomimetically patterned thin elastic film', 'Adhesion-induced instability patterns in thin confined elastic film', 'Embedded template-assisted fabrication of complex microchannels in PDMS and design of a microfluidic adhesive', 'Microfluidic adhesion induced by subsurface microstructures', 'Fibrillar elastomeric micropatterns create tunable adhesion even to rough surfaces', 'Measuring the work of adhesion between a soft confined film and a flexible plate', 'Dynamics and morphology of holes in dewetting of thin films', 'Kink instability of a highly deformable elastic cylinder']"
152,Peeyush Chandra,"Professor ( Retired), Department of Mathematics & Statistics, IIT Kanpur","Mathematical Biology, Biofluid Mechanics, Fluid Mechanics",2886,https://scholar.google.com/citations?hl=en&user=slwXhB4AAAAJ,30,57,"['Bifurcation analysis of modified Leslie–Gower predator–prey model with Michaelis–Menten type prey harvesting', 'A model for fishery resource with reserve area', 'Peristaltic motion of micropolar fluid in circular cylindrical tubes: Effect of wall properties', 'Modeling the dynamics of HIV and CD4+ T cells during primary infection', 'Modeling the drug therapy for HIV infection', 'Modelling the spread of carrier-dependent infectious diseases with environmental effect', 'A resource dependent fishery model with optimal harvesting policy', 'Mathematical modeling and analysis of the depletion of dissolved oxygen in eutrophied water bodies affected by organic pollutants', 'Modeling and analysis of the algal bloom in a lake caused by discharge of nutrients', 'DYNAMICAL COMPLEXITY OF A PREY-PREDATOR MODEL WITH NONLINEAR PREDATOR HARVESTING.']"
153,Ashoke De,Indian Institute of Technology Kanpur,"CFD, IBM, Multi-phase, FSI, High-speed flows",2845,https://scholar.google.com/citations?hl=en&user=9EKv4ZAAAAAJ,28,76,"['Numerical simulation of delft-jet-in-hot-coflow (djhc) flames using the eddy dissipation concept model for turbulence–chemistry interaction', 'Progress in Materials Science Additive manufacturing of metallic components–Process, structure and properties', 'Parametric study of upstream flame propagation in hydrogen-enriched premixed combustion: Effects of swirl, geometry and premixedness', 'Investigation of strut-ramp injector in a Scramjet combustor: Effect of strut geometry, fuel and jet diameter on mixing characteristics', 'Vortex-induced vibrations of a confined circular cylinder for efficient flow power extraction', 'Assessment of turbulence-chemistry interaction models in MILD combustion regime', 'Passive control of the onset of vortex shedding in flow past a circular cylinder using slit', 'Dynamics of upstream flame propagation in a hydrogen-enriched premixed flame', 'Effect of grid sensitivity on the performance of wall adapting SGS models for LES of swirling and separating–reattaching flows', 'Investigation of mixing characteristics in strut injectors using modal decomposition']"
154,Prof Debi  Prasad Mishra,"Professor, IIT Kanpur","Combustion, Propulsion, Heat transfer, Materials, Image Processing",2833,https://scholar.google.com/citations?hl=en&user=BFqFI9sAAAAJ,31,69,"['Gel propellants', 'Fundamentals of rocket propulsion', 'Experimental studies of flame stability and emission characteristics of simple LPG jet diffusion flame', 'An experimental study of flammability limits of LPG/air mixtures☆', 'Effects of gellant concentration on the burning and flame structure of organic gel propellant droplets', 'Flame structure of LPG-air Inverse Diffusion Flame in a backstep burner', 'Fundamentals of combustion', 'Numerical simulation of cavity flow structure in an axisymmetric trapped vortex combustor', 'Flame stability and emission characteristics of turbulent LPG IDF in a backstep burner', 'Rice leaf disease identification and classification using machine learning techniques: A comprehensive review']"
155,Monica Katiyar,"Professor of Materials Science and Engineering, IIT Kanpur","Electronic materials, semiconductors, organic electronics, printable and flexible electronics",2832,https://scholar.google.com/citations?hl=en&user=UIQXo8oAAAAJ,28,54,"['Thermal conductivity of a-Si:H thin films', 'An analysis of the difference in behavior of top and bottom contact organic thin film transistors using device simulation', 'Understanding the formation of PEDOT: PSS films by ink-jet printing for organic solar cell applications', 'Large area inkjet-printed OLED fabrication with solution-processed TADF ink', 'Highly Emissive Luminogens Based on Imidazo[1,2‐a]pyridine for Electroluminescent Applications', 'Various approaches to white organic light emitting diodes and their recent advancements', 'Hydrogen‐surface reactions during the growth of hydrogenated amorphous silicon by reactive magnetron sputtering: A real time kinetic study by in situ infrared\xa0…', 'Review of mechanical characterization techniques for thin films used in flexible electronics', 'Processing temperature dependent morphological and optical properties of ZnO nanorods', 'Structure of ZnO films prepared by oxidation of metallic Zinc']"
156,Ashutosh Kumar Tripathi,"R&D Team Leader, Indian Institute of Technology Kanpur","Semiconductors, ferroelectric, flexible electronics, thin film transistors, wearable",2789,https://scholar.google.com/citations?hl=en&user=R3EFU6QAAAAJ,25,33,"['Mechanical and electronic properties of thin‐film transistors on plastic, and their integration in flexible electronic applications', 'Organic RFID transponder chip with data rate compatible with electronic product coding', 'Space charge limited transport and time of flight measurements in tetracene single crystals: A comparative study', 'Kramers-Kronig-consistent optical functions of anisotropic crystals: generalized spectroscopic ellipsometry on pentacene', 'Optical properties of pentacene thin films and single crystals', 'Transport physics and device modeling of zinc oxide thin-film transistors part I: Long-channel devices', 'Design and realization of a flexible QQVGA AMOLED display with organic TFTs', 'Charge transport in amorphous InGaZnO thin-film transistors', 'Multilevel information storage in ferroelectric polymer memories', 'Enantiotropic polymorphism in di-indenoperylene']"
157,Manoj K. Harbola,"Professor, Department of Physics, Indian Institute of Technology, Kanpur","Electronic structure, density-functional theory",2788,https://scholar.google.com/citations?hl=en&user=ZK5Ro8MAAAAJ,30,73,"['Quantum-mechanical interpretation of the exchange-correlation potential of Kohn-Sham density-functional theory', 'Aspects of the softness and hardness concepts of density‐functional theory', 'Magic numbers for metallic clusters and the principle of maximum hardness.', 'Analysis of the local-density approximation of density-functional theory', 'Atomic structure in the Pauli-correlated approximation', 'Relationship between the highest occupied Kohn-Sham orbital eigenvalue and ionization energy', 'Hydrodynamic approach to time-dependent density functional theory; response properties of metal clusters', 'Structure of the Fermi hole at surfaces', 'Theories of electronic structure in the Pauli-correlated approximation', 'Ground-state energies and highest occupied eigenvalues of atoms in exchange-only density-functional theory']"
158,Prakash Chandra Mondal,"Associate Professor of Chemistry, IIT Kanpur","Molecular electronics, organic electronics, electrochromics, nanofabrication, coordination chemistry",2773,https://scholar.google.com/citations?hl=en&user=9oAP73YAAAAJ,27,48,"['Spin-Dependent Transport through Chiral Molecules Studied by Spin-Dependent Electrochemistry', 'Chiral Conductive Polymers as Spin Filters', 'Spin Selectivity in Photoinduced Charge-Transfer Mediated by Chiral Molecules', 'Nanoscale molecular rectifiers', 'Field and Chirality Effects on Electrochemical Charge-Transfer Rates: Spin Dependent Electrochemistry', 'Non-magnetic organic/inorganic spin injector at room temperature', 'Ferrocene as an iconic redox marker: From solution chemistry to molecular electronic devices', 'The Importance of Electrical Impedance Spectroscopy and Equivalent Circuit Analysis on Nanoscale Molecular Electronic Devices', 'Metal-organic Frameworks in Semiconductor Devices', 'Photo-spintronics: Magnetic field-controlled photoemission and light-controlled spin transport in hybrid chiral oligopeptide-nanoparticle structures']"
159,Dr. Madhusree Kole,IIT Kanpur,"Nanotechnology, Thermophysical Properties, Soft Condensed Matter Physics, Experimental Physics",2725,https://scholar.google.com/citations?hl=en&user=tkoJdKsAAAAJ,14,15,"['Viscosity of alumina nanoparticles dispersed in car engine coolant', 'Effect of aggregation on the viscosity of copper oxide–gear oil nanofluids', 'Engineering applications of ferrofluids: A review', 'Investigation of thermal conductivity, viscosity, and electrical conductivity of graphene based nanofluids', 'Thermal conductivity and viscosity of Al2O3 nanofluid based on car engine coolant', 'Thermal performance of screen mesh wick heat pipes using water-based copper nanofluids', 'Effect of prolonged ultrasonication on the thermal conductivity of ZnO–ethylene glycol nanofluids', 'Role of interfacial layer and clustering on the effective thermal conductivity of CuO–gear oil nanofluids', 'Enhanced thermophysical properties of copper nanoparticles dispersed in gear oil', 'Thermophysical and pool boiling characteristics of ZnO-ethylene glycol nanofluids']"
160,Wasim Ahmad,"Associate Professor, Indian Institute of Technology Kanpur","Macroeconomics, International Finance and Econometric …",2702,https://scholar.google.com/citations?hl=en&user=qXu4zDMAAAAJ,23,32,"['A new forecasting model with wrapper-based feature selection approach using multi-objective optimization technique for chaotic crude oil time series', 'On the dynamic dependence and investment performance of crude oil and clean energy stocks', 'Eurozone crisis and BRIICKS stock markets: contagion or market interdependence?', 'Optimal hedge ratios for clean energy equities', 'Financial connectedness of BRICS and global sovereign bond markets', 'Economic growth, energy consumption and CO2 emissions in India: a disaggregated causal analysis', 'Black swan events and COVID-19 outbreak: Sector level evidence from the US, UK, and European stock markets', 'An investigation of price discovery and volatility spillovers in India’s foreign exchange market', 'The US equity sectors, implied volatilities, and COVID-19: What does the spillover analysis reveal?', 'The Eurozone Crisis and its Contagion Effects on the European Stock Markets']"
161,Anupam Sharma,Post Doctoral Fellow IIT Kanpur,fixed point theory,2666,https://scholar.google.com/citations?hl=en&user=LSi7JywAAAAJ,21,81,"['High frequency abrupt shifts in the Indian summer monsoon since Younger Dryas in the Himalaya', 'Generating STR profile from “Touch DNA”', 'Global 30-day outcomes after bariatric surgery during the COVID-19 pandemic (GENEVA): an international cohort study', 'Epigenetic modification: A key tool for secondary metabolite production in microorganisms', 'The effect of calcination temperatures on the structural and optical properties of zinc oxide nanoparticles and their influence on the photocatalytic degradation of leather dye', 'Study of effects of dopants on structure of vitreous semiconductors (GeSe3. 5) 100-xMx (M= Bi, Sb) using high pressure techniques', 'Effect of thrombotic microangiopathy on clinical outcomes in Indian patients with lupus nephritis', 'Modified step-cut osteotomy for post-traumatic cubitus varus: our experience with 14 children', 'Security and privacy requirements for IoMT-based smart healthcare system: challenges, solutions, and future scope', 'Post‐infectional dynamics of leaf spot disease in Withania somnifera']"
162,V. Shankar,"Professor of Chemical Engineering, Indian Institute of Technology, Kanpur, India","Hydrodynamic stabiilty, flow past deformable solid surfaces, viscoelastic flows",2652,https://scholar.google.com/citations?hl=en&user=7b6Q1LoAAAAJ,28,51,"['Perspectives on viscoelastic flow instabilities and elastic turbulence', 'Instability of the interface between thin fluid films subjected to electric fields', 'Viscoelastic pipe flow is linearly unstable', 'Understanding viscoelastic flow instabilities: Oldroyd-B and beyond', 'The center-mode instability of viscoelastic plane Poiseuille flow', 'Continuous Pathway between the Elasto-Inertial and Elastic Turbulent States in Viscoelastic Channel Flow', 'Linear Instability of Viscoelastic Pipe Flow', 'Theory of linear viscoelasticity of semiflexible rods in dilute solution', 'Numerical simulation of mixing at 1–1 and 1–2 microfluidic junctions', 'Viscoelasticity of dilute solutions of semiflexible polymers']"
163,Sumit Basu,Indian Institute of Technology Kanpur,Mechanics of deformation and failure in solids,2651,https://scholar.google.com/citations?hl=en&user=bWWPNVQAAAAJ,25,71,"['Improvement in surface degradation properties of polymer composites due to pre-processed nanometric alumina fillers', 'Effect of carbon nanotube length and density on the properties of carbon nanotube-coated carbon fiber/polyester composites', 'Degradation of polymer dielectrics with nanometric metal-oxide fillers due to surface discharges', 'Investigations into the origins of plastic flow and strain hardening in amorphous glassy polymers', 'Numerical simulation of mechanical behaviour of asphalt mix', 'Correlations between axial stiffness and microstructure of a species of bamboo', 'Effect of cooking on physical, biochemical, bacteriological characteristics and fatty acid profile of Tilapia (Oreochromis mossambicus) fish steaks', 'Micromechanics of the growth of a craze fibril in glassy polymers', 'Void nucleation and disentanglement in glassy amorphous polymers', 'Investigations into crazing in glassy amorphous polymers through molecular dynamics simulations']"
164,Samit Ray Chaudhuri,"Professor, Dept of Civil Engineering, Indian Institute of Technology Kanpur","Earthquake engineering, Structural damage detection",2644,https://scholar.google.com/citations?hl=en&user=LHvaAggAAAAJ,28,55,"['Simulation of nonstationary stochastic processes by spectral representation', 'Fundamental mode shape and its derivatives in structural damage localization', 'Effect of building nonlinearity on seismic response of nonstructural components: a parametric study', 'Probabilistic assessment for seismic performance of port structures', 'Effect of nonlinearity of frame buildings on peak horizontal floor acceleration', 'A review of stress concentration factors in tubular and non-tubular joints for design of offshore installations', 'Shape-memory-alloy supplemented lead rubber bearing (SMA-LRB) for seismic isolation', 'ARX model-based damage sensitive features for structural damage localization using output-only measurements', 'Characterizing frictional behavior for use in predicting the seismic response of unattached equipment', 'Seismic vulnerability of skew bridges under bi-directional ground motions']"
165,Dr. SATYABRATA SUBUDHI,"Postdoctoral Researcher, IIT KANPUR","Material chemistry, MOF, COF, Photocatalysis",2636,https://scholar.google.com/citations?hl=en&user=mDL7EXcAAAAJ,26,31,"['MOF derived nano-materials: A recent progress in strategic fabrication, characterization and mechanistic insight towards divergent photocatalytic applications', 'UiO-66-NH2 Metal–Organic Frameworks with Embedded MoS2 Nanoflakes for Visible-Light-Mediated H2 and O2 Evolution', 'Mixed-valence bimetallic Ce/Zr MOF-based nanoarchitecture: a visible-light-active photocatalyst for ciprofloxacin degradation and hydrogen evolution', 'Hydrolytically stable citrate capped Fe3O4@ UiO-66-NH2 MOF: A hetero-structure composite with enhanced activity towards Cr (VI) adsorption and photocatalytic H2 evolution', 'Metal oxide integrated metal organic frameworks (MO@ MOF): rational design, fabrication strategy, characterization and emerging photocatalytic applications', 'HPW-Anchored UiO-66 Metal–Organic Framework: A Promising Photocatalyst Effective toward Tetracycline Hydrochloride Degradation and H2 Evolution via Z‑Scheme Charge Dynamics', 'A type-II interband alignment heterojunction architecture of cobalt titanate integrated UiO-66-NH2: A visible light mediated photocatalytic approach directed towards\xa0…', 'A mechanistic approach towards the photocatalytic organic transformations over functionalised metal organic frameworks: a review', 'The fabrication of Au/Pd plasmonic alloys on UiO-66-NH2: an efficient visible light-induced photocatalyst towards the Suzuki Miyaura coupling reaction under\xa0…', 'Highlights of the characterization techniques on inorganic, organic (COF) and hybrid (MOF) photocatalytic semiconductors']"
166,Animesh Biswas,Indian Institute of Technology Kanpur,"RF, Microwave and MM waves Technique",2623,https://scholar.google.com/citations?hl=en&user=WkcdYfUAAAAJ,24,72,"['Broadband substrate integrated waveguide cavity-backed bow-tie slot antenna', 'Design of self-diplexing substrate integrated waveguide cavity-backed slot antenna', 'Substrate integrated waveguide cavity-backed dumbbell-shaped slot antenna for dual-frequency applications', 'Dielectric Image Line-Based Leaky-Wave Antenna for Wide Range of Beam Scanning Through Broadside', 'Composite right/left-handed based compact and high gain leaky-wave antenna using complementary spiral resonator on HMSIW for Ku band applications', 'Wideband multiple-input–multiple-output dielectric resonator antenna', 'Design of dual band and dual-polarised dual band SIW cavity backed bow-tie slot antennas', 'Realization of split beam antenna using transmission-type coding metasurface and planar lens', 'Microwave beam steering of planar antennas by hybrid phase gradient metasurface structure under spherical wave illumination', 'A‐shaped wideband dielectric resonator antenna for wireless communication systems and its MIMO implementation']"
167,Dr. Shailesh Kumar Shivakumar,IIT Kanpur,"Software Engineering, Performance Engineering, Web Analytics",2574,https://scholar.google.com/citations?hl=en&user=8VmTqC4AAAAJ,14,59,"['Calculating trust score on web based platform', 'Building digital experience platforms', 'Enterprise content and search management for building digital platforms', 'Complete guide to digital project management: From pre-sales to post-production', 'Steroids up-regulate p66Shc longevity protein in growth regulation by inhibiting its ubiquitination', 'Build a next-generation digital workplace: Transform legacy intranets to employee experience platforms', 'Transforming legacy banking applications to banking experience platforms', 'Genetic analysis of different components of crop duration in chickpea.', 'Architecting high performing, scalable and available enterprise web applications', 'Modern web performance optimization']"
168,Sumit Ganguly,"Indian Institute of Technology, Kanpur",Computer Science,2529,https://scholar.google.com/citations?hl=en&user=XwNzJl0AAAAJ,27,43,"['Query optimization for parallel execution', 'Bifocal sampling for skew-resistant join size estimation', 'A framework for the parallel processing of datalog queries', 'Simpler algorithm for estimating frequency moments of data streams', 'Processing set expressions over continuous update streams', 'Streaming algorithms for robust, real-time detection of ddos attacks', 'Method for distinct count estimation over joins of continuous update stream', 'Design and analysis of parametric query optimization algorithms', 'Minimum and maximum predicates in logic programming', 'Distributed set-expression cardinality estimation']"
169,Indranil Saha,Professor at Indian Institute of Technology Kanpur,"Cyber-Physical Systems, Formal Methods, Artificial Intelligence, Robotics",2528,https://scholar.google.com/citations?hl=en&user=F6QSFGkAAAAJ,23,42,"['Artificial neural networks in hardware: A survey of two decades of progress', 'Automated composition of motion primitives for multi-robot systems from safe LTL specifications', 'Drona: A framework for safe distributed mobile robotics', 'Automatic verification of control system implementations', 'Linear temporal logic motion planning for teams of underactuated robots using satisfiability modulo convex programming', 'Symbolic robustness analysis', 'Implan: scalable incremental motion planning for multi-robot systems', 'Scalable lazy SMT-based motion planning', 'Synthesis of fixed-point programs', 'Performance-aware scheduler synthesis for control systems']"
170,Vaibhav Arghode,Indian Institute of Technology - Kanpur,"Combustion, Heat Transfer, Fluid Mechanics, Experimental Methods, Computational Fluid Dynamics",2506,https://scholar.google.com/citations?hl=en&user=Rsgsi4EAAAAJ,26,42,"['Effect of flow field for colorless distributed combustion (CDC) for gas turbine combustion', 'Flame characteristics of hydrogen-enriched methane–air premixed swirling flames', 'Hydrogen addition effects in a confined swirl-stabilized methane-air flame', 'High intensity colorless distributed combustion for ultra low emissions and enhanced performance', 'Development of high intensity CDC combustor for gas turbine engines', 'Thermal characteristics of open and contained data center cold aisle', 'Investigation of forward flow distributed combustion for gas turbine application', 'Investigation of reverse flow distributed combustion for gas turbine application', 'Low calorific value fuelled distributed combustion with swirl for gas turbine applications', 'Role of thermal intensity on operational characteristics of ultra-low emission colorless distributed combustion']"
171,Shubham Sahay,"Associate Professor, Department of Electrical Engineering, IIT Kanpur","Nanoscale Device Design and Modeling, Neuromorphic Computing, Hardware Security",2502,https://scholar.google.com/citations?hl=en&user=Ggj-hOQAAAAJ,27,47,"['Controlling the drain side tunneling width to reduce ambipolar current in tunnel FETs using heterodielectric BOX', 'Junctionless field-effect transistors: design, modeling, and simulation', 'Nanotube junctionless FET: proposal, design, and investigation', 'Insight into lateral band-to-band-tunneling in nanowire junctionless FETs', 'A complementary two-dimensional material-based one instruction set computer', 'Controlling L-BTBT and volume depletion in nanowire JLFETs using core–shell architecture', 'Diameter dependence of leakage current in nanowire junctionless field effect transistors', 'Realizing efficient volume depletion in SOI junctionless FETs', 'Spacer design guidelines for nanowire FETs from gate-induced drain leakage perspective', 'Nanotube tunneling FET with a core source for ultrasteep subthreshold swing: A simulation study']"
172,Prof. Maddali LN Rao,"Department of Chemistry, IIT Kanpur, Kanpur-208016, INDIA","Organometallics, Cross-coupling reactions, Triarylbismuth reagents, Organic Synthesis, Green Chemistry",2487,https://scholar.google.com/citations?hl=en&user=-cju2JoAAAAJ,28,72,"['Pd-catalyzed domino synthesis of internal alkynes using triarylbismuths as multicoupling organometallic nucleophiles', 'Atom-efficient cross-coupling reactions of triarylbismuths with acyl chlorides under Pd (0) catalysis', '5,6,7,12‐Tetrahydrodibenz[c,f][1,5]azabismocines: Highly Reactive and Recoverable Organobismuth Reagents for Cross‐Coupling Reactions with Aryl Bromides', 'Palladium-catalyzed cross-coupling reaction of triarylbismuths with aryl halides and triflates', 'Isolation of Dinuclear (μ‐Silylene)(silyl)nickel Complexes and Si−Si Bond Formation on a Dinuclear Nickel Framework', 'Palladium complex-catalyzed cross-coupling reaction of organobismuth dialkoxides with triflates', 'Microwave-mediated solvent free Rap–Stoermer reaction for efficient synthesis of benzofurans', 'A new palladium catalyzed protocol for atom-efficient cross-coupling reactions of triarylbismuths with aryl halides and triflates', 'Reaction of 1, 2-Disilylbenzene with Bis [1, 2-bis (dimethylphosphino) ethane] nickel (0). Isolation and Characterization of the First Silylnickel (IV) Complex', 'Palladium catalyzed atom-efficient cross-coupling reactions of triarylbismuths with aryl iodides and aryl triflates']"
173,Priyanka Ghosh,"Professor, Indian Institute of Technology Kanpur","Geotechnical Engineering, Method of characteristics, Soil dynamics, Geotechnical earthquake engineering",2484,https://scholar.google.com/citations?hl=en&user=Vb-NjlwAAAAJ,29,63,"['Ultimate bearing capacity of two interfering rough strip footings', 'Bearing capacity factor N γ for ring footings using the method of characteristics', 'Seismic active earth pressure behind a nonvertical retaining wall using pseudo-dynamic analysis', 'Seismic bearing capacity for embedded footings on sloping ground', 'Upper bound solutions of bearing capacity of strip footing by pseudo-dynamic approach', 'Seismic passive earth pressure behind non-vertical retaining wall using pseudo-dynamic analysis', 'Upper bound limit analysis for finding interference effect of two nearby strip footings on sand', 'Experimental investigation on interaction problem of two nearby circular footings on layered cohesionless soil', 'Interference effect of two nearby strip footings on layered soil: theory of elasticity approach', 'Seismic active earth pressure on walls with bilinear backface using pseudo-dynamic approach']"
174,Joydeep Dutta,"Professor, Department of Economic Sciences, Indian Institute of Technology, Kanpur, India",optimization theory,2461,https://scholar.google.com/citations?hl=en&user=9nnSY5EAAAAJ,27,41,"['Is bilevel programming a special case of a mathematical program with complementarity constraints?', 'New necessary optimality conditions in optimistic bilevel programming', 'Optimality conditions in convex optimization: a finite-dimensional view', 'Approximate KKT points and a proximity measure for termination', 'Principles of optimization theory', 'Lagrange Multipliers for ε-Pareto Solutions in Vector Optimization with Nonsolid Cones in Banach Spaces', 'Convexifactors, generalized convexity and vector optimization', 'Convexifactors, generalized convexity, and optimality conditions', 'Generalized Nash equilibrium problem, variational inequality and quasiconvexity', 'On approximate minima in vector optimization']"
175,Apparao Draksharapu,"Associate Professor at IIT Kanpur, Inida","Bio-Inorganic chemistry, Spectroscopy, Electrocatalysis",2445,https://scholar.google.com/citations?hl=en&user=uYvTcDkAAAAJ,25,53,"['Novel artificial metalloenzymes by in vivo incorporation of metal-binding unnatural amino acids', 'Reactivity of a Nickel(II) Bis(amidate) Complex with meta‐Chloroperbenzoic Acid: Formation of a Potent Oxidizing Species', 'Spectroscopic and DFT Characterization of a Highly Reactive Nonheme FeV–Oxo Intermediate', 'H2O2 oxidation by FeIII–OOH intermediates and its effect on catalytic efficiency', 'Ligand Exchange and Spin State Equilibria of FeII(N4Py) and Related Complexes in Aqueous Media', 'Crystallographic Evidence for a Sterically Induced Ferryl Tilt in a Non‐Heme Oxoiron (IV) Complex that Makes it a Better Oxidant', 'Sc3+ (or HClO4) activation of a nonheme FeIII–OOH intermediate for the rapid hydroxylation of cyclohexane and benzene', 'Rapid hydrogen and oxygen atom transfer by a high-valent nickel–oxygen species', 'Spectroscopic and Reactivity Comparisons of a Pair of bTAML Complexes with FeV\ue5fbO and FeIV\ue5fbO Units', 'Binding of copper(ii) polypyridyl complexes to DNA and consequences for DNA-based asymmetric catalysis']"
176,Veejendra K Yadav,Indian Institute of Technology Kanpur,Organic Chemistry,2441,https://scholar.google.com/citations?hl=en&user=vnTu9gwAAAAJ,29,57,"['Silylmethyl-substituted aziridine and azetidine as masked 1, 3-and 1, 4-dipoles for formal [3+ 2] and [4+ 2] cycloaddition reactions', 'Mercuric Triflate−(TMU)3-Catalyzed Cyclization of ω-Arylalkyne Leading to Dihydronaphthalenes', 'Formal [3+ 2] addition of acceptor-substituted cyclopropylmethylsilanes with aryl acetylenes', 'Silicon-assisted ring opening of Donor− Acceptor substituted cyclopropanes. An expedient entry to substituted dihydrofurans', 'Highly stereoselective prins cyclization of silylmethyl-substituted cyclopropyl carbinols to 2, 4, 6-trisubstituted tetrahydropyrans', 'KF–Al2O3 is an efficient solid support reagent for the acetylation of amines, alcohols, and phenols. Impeding effect of solvent on the reaction rate', 'Mercuric triflate catalyzed hydroxylative carbocyclization of 1, 6-enynes', 'Cyclopentane synthesis and annulation: intramolecular radical cyclization of acetals', '1, 8-diazabicyclo [5.4. 0] undec-7-ene: A remarkable base in the epoxidation of α, β-unsaturated-δ-lactones and other enones with anhydrous t-BuOOH', 'A remarkably efficient Markovnikov hydrochlorination of olefins and transformation of nitriles into imidates by use of AcCl and an alcohol']"
177,Amitangshu Pal,"Assistant Professor, IIT Kanpur","Wireless & Sensor Networks, CPS-IoT & Smart Environments",2425,https://scholar.google.com/citations?hl=en&user=ggI0kmMAAAAJ,24,58,"['Localization algorithms in wireless sensor networks: Current approaches and future challenges.', 'IoT-based sensing and communications infrastructure for the fresh food supply chain', 'Smart sensing, communication, and control in perishable food supply chain', 'Communication for underwater sensor networks: A comprehensive summary', 'Internet of perishable logistics: Building smart fresh food supply chain networks', 'Using blockchain for provenance and traceability in internet of things-integrated food logistics', 'Collaborative machine learning: Schemes, robustness, and privacy', 'NFMI: Near field magnetic induction based communication', 'An RSSI based localization scheme for wireless sensor networks to mitigate shadowing effects', 'DC-PoET: proof-of-elapsed-time consensus with distributed coordination for blockchain networks']"
178,S. Sarkar,"Professor, Mechanical Engineering, Indian Institute of Technology Kanpur","Turbomachinery, CFD, Transition, Turbulence, LES and DNS.",2420,https://scholar.google.com/citations?hl=en&user=BIg1NqAAAAAJ,26,43,"['On the convergence of approximate message passing with arbitrary matrices', 'Vortex dynamics of a cylinder wake in proximity to a wall', 'Comparison of winglet-type vortex generators periodically deployed in a plate-fin heat exchanger–A synergy based analysis', 'Large-eddy simulation of unsteady surface pressure over a low-pressure turbine blade due to interactions of passing wakes and inflexional boundary layer', 'Large-eddy simulation of wake and boundary layer interactions behind a circular cylinder', 'Identification of flow structures on a LP turbine blade due to periodic passing wakes', 'Vortex-induced instability of an incompressible wall-bounded shear layer', 'Plug-in estimation in high-dimensional linear inverse problems: A rigorous analysis', 'Solving the pooling problem using generalized reduced gradient and successive linear programming algorithms', 'Influence of wake structure on unsteady flow in a low pressure turbine blade passage']"
179,Chandra Upadhyay,IIT Kanpur,"finite element analysis, composites, damage",2407,https://scholar.google.com/citations?hl=en&user=5ND4bdQAAAAJ,23,46,"['Validation of a posteriori error estimators by numerical approach', 'A model study of the quality of a posteriori error estimators for linear elliptic problems. Error estimation in the interior of patchwise uniform grids of triangles', 'A posteriori estimation and adaptive control of the pollution error in the h‐version of the finite element method', 'Development of an RVE and its stiffness predictions based on mathematical homogenization theory for short fibre composites', ""Computer‐based proof of the existence of superconvergence points in the finite element method; superconvergence of the derivatives in finite element solutions of Laplace's\xa0…"", 'Probabilistic failure of laminated composite plates using the stochastic finite element method', 'Pollution error in the h-version of the finite element method and the local quality of the recovered derivatives', 'Pollution-error in the h-version of the finite-element method and the local quality of a-posteriori error estimators', 'A model study of the quality of a posteriori error estimators for finite element solutions of linear elliptic problems, with particular reference to the behavior near the boundary', 'Stochastic finite element buckling analysis of laminated plates with circular cutout under uniaxial compression']"
180,Abheejeet Mohapatra,Indian Institute of Technology Kanpur,"Power System Optimization, Power System Protection, Power System Control",2394,https://scholar.google.com/citations?hl=en&user=0FWEIHoAAAAJ,21,44,"['Repeated wavelet transform based ARIMA model for very short-term wind speed forecasting', 'Coordinated control of OLTC and energy storage for voltage regulation in distribution network with high PV penetration', 'Online estimation of system inertia in a power network utilizing synchrophasor measurements', 'Data driven day-ahead electrical load forecasting through repeated wavelet transform assisted SVM model', 'Centralized and decentralized pricing strategies for optimal scheduling of electric vehicles', 'A Multi-Machine Equivalent Model of a Wind Farm Considering LVRT Characteristic and Wake Effect', 'An efficient modular optimization scheme for unbalanced active distribution networks with uncertain EV and PV penetrations', 'Demand response with volt/var optimization for unbalanced active distribution systems', 'An efficient hybrid approach for volt/var control in distribution systems', 'Optimal planning of fast EV charging stations in a coupled transportation and electrical power distribution network']"
181,Neeraj Misra,"Professor, Indian Institute of Technology Kanpur",Statistics,2381,https://scholar.google.com/citations?hl=en&user=sPpt278AAAAJ,26,53,"['Nearest neighbor estimates of entropy', 'Reliability properties of reversed residual lifetime', 'On redundancy allocations in systems', 'On stochastic properties of m-spacings', 'Estimation of the entropy of a multivariate normal distribution', 'Optimal allocation of active spares in series systems and comparison of component and system redundancies', 'Stochastic properties of residual life and inactivity time at a random time', 'Preservation of some aging properties and stochastic orders by weighted distributions', 'Standby redundancy allocations in series and parallel systems', 'On estimating the scale parameter of the selected gamma population under the scale invariant squared error loss function']"
182,Manish Kulkarni,"IIT, Kanpur","Materials Science, polymers, sol-gel, aerogels, nanotechnology",2364,https://scholar.google.com/citations?hl=en&user=b8Hi8sMAAAAJ,21,33,"['Superhydrophobic silica aerogels based on methyltrimethoxysilane precursor', 'Surface chemical modification of silica aerogels using various alkyl-alkoxy/chloro silanes', 'Transport of liquids using superhydrophobic aerogels', 'Hydrophobic properties of TMOS/TMES-based silica aerogels', 'Influence of gel aging and Na2SiO3/H2O molar ratio on monolithicity and physical properties of water–glass-based aerogels dried at atmospheric pressure', 'Silver nanoparticles decorated reduced graphene oxide (rGO) SERS sensor for multiple analytes', 'Tuning molecular relaxation for vertical orientation in cylindrical block copolymer films via sharp dynamic zone annealing', 'Effect of glycerol additive on physical properties of hydrophobic silica aerogels', 'Carbon microelectromechanical systems as a substratum for cell growth', 'PZT–PDMS composite for active damping of vibrations']"
183,Ashish Dutta,"Professor of Mechanical Engineering, IIT Kanpur","motion planning in 3D, grasping, biped locomotion, hand and leg exoskeletons, BCI for robot control",2343,https://scholar.google.com/citations?hl=en&user=L_yBwIIAAAAJ,26,60,"['New potential field method for rough terrain path planning using genetic algorithm for a 6-wheel rover', 'Active physical practice followed by mental practice using BCI-driven hand exoskeleton: a pilot trial for clinical effectiveness and usability', 'An EEG-EMG correlation-based brain-computer interface for hand orthosis supported neuro-rehabilitation', 'SCARA based peg-in-hole assembly using compliant IPMC micro gripper', 'Online covariate shift detection-based adaptive brain–computer interface to trigger hand exoskeleton feedback for neuro-rehabilitation', 'Control of an optimal finger exoskeleton based on continuous joint angle estimation from EMG signals', 'Toward optimization of gaze-controlled human–computer interaction: Application to hindi virtual keyboard for stroke patients', 'Two IPMC fingers based micro gripper for handling', 'Kraton based ionic polymer metal composite (IPMC) actuator', 'Vision based tactile sensor using transparent elastic fingertip for dexterous handling']"
184,Anand Kumar Jha,"Indian Institute of Technology Kanpur, India","Quantum Optics, Optical Coherence, Quantum Entanglement",2334,https://scholar.google.com/citations?hl=en&user=1tLGPxcAAAAJ,21,33,"['Quantum correlations in optical angle–orbital angular momentum variables', 'Violation of a Bell inequality in two-dimensional orbital angular momentum state-spaces', 'Single-shot measurement of the orbital-angular-momentum spectrum of light', 'Supersensitive measurement of angular displacements using entangled photons', 'Phase matching in β-barium borate crystals for spontaneous parametric down-conversion', 'Fourier relationship between the angle and angular momentum of entangled photons', 'Spatial two-photon coherence of the entangled field produced by down-conversion using a partially spatially coherent pump beam', 'Effects of atmospheric turbulence on the entanglement of spatial two-qubit states', 'Angular two-photon interference and angular two-qubit states', 'Quantum key distribution in a high-dimensional state space: exploiting the transverse degree of freedom of the photon']"
185,Kanwar Nalwa,"Associate Professor, Department of Sustainable Energy Engineering, IIT Kanpur","Organic solar cells, Perovskite Solar cells, Energy storage materials",2301,https://scholar.google.com/citations?hl=en&user=tTBFbS8AAAAJ,22,31,"['Phase evolution, magnetic and electrical properties in Sm-doped bismuth ferrite', 'Effect of samarium doping on the properties of solid-state synthesized multiferroic bismuth ferrite', 'A new architecture for transparent electrodes: relieving the trade‐off between electrical conductivity and optical transmittance', 'Memristive behavior in thin anodic titania', 'Enhanced charge separation in organic photovoltaic films doped with ferroelectric dipoles', 'Advanced spectroscopic techniques for characterizing defects in perovskite solar cells', 'BiFeO3 ceramics synthesized by mechanical activation assisted versus conventional solid-state-reaction process: A comparative study', 'On realizing higher efficiency polymer solar cells using a textured substrate platform', 'The effect of dimensionality on the charge carrier mobility of halide perovskites', 'Polythiophene-fullerene based photodetectors: Tuning of spectral response and application in photoluminescence based (bio) chemical sensors']"
186,Dr. Nihar Ranjan Patra,IIT Kanpur,"Soil Mechanics, Geotechnical Engineering, Geotechnical earthquake engineering, Foundation",2274,https://scholar.google.com/citations?hl=en&user=rqPb0_kAAAAJ,25,53,"['Effect of arching on active earth pressure for rigid retaining walls considering translation mode', 'Behavior of expansive soil treated with steel slag, rice husk ash, and lime', 'Ultimate lateral resistance of pile groups in sand', 'Uplift capacity of single piles: predictions and performance', 'Geotechnical characterization of Panki and Panipat pond ash in India', 'Static and cyclic properties of clay subgrade stabilised with rice husk ash and Portland slag cement', 'Ground response analysis of Kanpur soil along Indo-Gangetic Plains', 'Effect of arching on uplift capacity of pile groups in sand', 'Cyclic behavior and liquefaction potential of Indian pond ash located in seismic zones III and IV', 'Buckling of piles under liquefied soil conditions']"
187,Mohua Banerjee,IIT Kanpur,"Rough set theory and applications, Mathematical Logic",2273,https://scholar.google.com/citations?hl=en&user=naPuR7cAAAAJ,21,40,"['Roughness of a fuzzy set', 'Rough fuzzy MLP: Knowledge encoding and classification', 'Rough sets through algebraic logic', 'Evolutionary rough feature selection in gene expression data', 'Algebras from rough sets', 'Rough consequence and rough algebra', 'Formal reasoning with rough sets in multiple-source approximation systems', 'A simple logic for reasoning about incomplete knowledge', 'Rough sets and 3-valued Lukasiewicz logic', 'A simple modal logic for reasoning about revealed beliefs']"
188,Prabhat Munshi,Indian Institute of Technology Kanpur,"Tomography, Nuclear Safety, Tomography Error, Nuclear Engineering, NDT",2257,https://scholar.google.com/citations?hl=en&user=fX8XRcwAAAAJ,23,82,"['A robust MART algorithm for tomographic applications', 'Performance of iterative tomographic algorithms applied to non-destructive evaluation with limited data', 'Error analysis of tomographic filters. I: Theory', 'Error estimates for tomographic inversion', 'Design of an isotopic CT scanner for two phase flow measurements', 'Error analysis of tomographic filters II: results', 'Experimental study of Rayleigh–Benard convection at intermediate Rayleigh numbers using interferometric tomography', 'Gas hold-up in three phase co-current bubble columns', 'Performance evaluation of fringe thinning algorithms for interferometric tomography', 'Beam-hardening in simulated X-ray tomography']"
189,Yatindra Nath Singh,"Professor (HAG), EE, IIT Kanpur; Mentor- YRRNA Systems Lab (www.yrrna.com)","P2P Networks, Overlaid Multicasting, wireless sensor networks, Optical Networks, Switching Systems",2233,https://scholar.google.com/citations?hl=en&user=iX849jIAAAAJ,24,71,"['A review of indoor optical wireless systems', 'p-cycles: An overview', 'Improving Routing Performance in AODV with Link Prediction in Mobile Adhoc Networks', 'Feedback fiber delay lines and AWG based optical packet switch architecture', 'Design analysis of optical loop memory', 'Nonlinear Spread of Rumor and Inoculation Strategies in the Nodes With Degree Dependent Tie Strength in Complex Networks', 'Internet of things technology, research, and challenges: a survey', 'A constant gain Kalman filter approach to target tracking in wireless sensor networks', 'Generic correlation model for wireless sensor network applications', 'Exact and approximate analytical modeling of an FLBM-based all-optical packet switch']"
190,Gopalakrishna M. Kamath,"Indian Institute of Technology, Kanpur","IVHM, Structural Health Monitoring, Composites",2224,https://scholar.google.com/citations?hl=en&user=UvtzmuQAAAAJ,18,25,"['Idealized hysteresis modeling of electrorheological and magnetorheological dampers', 'Analysis and testing of Bingham plastic behavior in semi-active electrorheological fluid dampers', 'A nonlinear viscoelastic-plastic model for electrorheological fluids', 'Characterization of magnetorheological helicopter lag dampers', 'Characterization and analysis of magnetorheological damper behavior under sinusoidal loading', 'Nonlinear viscoelastic-plastic mechanisms-based model of an electrorheological damper', 'Analysis and testing of a linear stroke magnetorheological damper', 'Dynamic characterization and analysis of magnetorheological damper behavior', 'Analysis and testing of a model-scale magnetorheological fluid helicopter lag mode damper', 'Hysteresis modeling of semi-active magnetorheological helicopter dampers']"
191,Surender Baswana,"Professor, Department of Computer Science and Engineering, IIT Kanpur, INDIA.",Design and analysis of algorithms,2220,https://scholar.google.com/citations?hl=en&user=U42j5MkAAAAJ,22,31,"['A simple and linear time randomized algorithm for computing sparse spanners in weighted graphs', 'Additive spanners and (α, β)-spanners', 'Fully Dynamic Maximal Matching in  Update Time (Corrected Version)', 'Faster algorithms for all-pairs approximate shortest paths in undirected graphs', 'Approximate distance oracles for unweighted graphs in expected O (n 2) time', 'Fully dynamic randomized algorithms for graph spanners', 'Improved decremental algorithms for maintaining transitive closure and all-pairs shortest paths', 'Centralized admissions for engineering colleges in India', 'Streaming algorithm for graph spanners? single pass and constant processing time per edge', 'Approximate shortest paths avoiding a failed vertex: Near optimal data structures for undirected unweighted graphs']"
192,Krishnacharya Khare,"Department of Physics, Indian Institute of Technology Kanpur",Soft Matter Physics,2217,https://scholar.google.com/citations?hl=en&user=Vtdlw6oAAAAJ,22,33,"['Harnessing surface wrinkle patterns in soft matter', 'Microfluidic technologies for miniaturized analysis systems', 'Tunable open-channel microfluidics on soft poly (dimethylsiloxane)(PDMS) substrates with sinusoidal grooves', 'Adhesion selectivity using rippled surfaces', 'Switching liquid morphologies on linear grooves', 'Uniting superhydrophobic, superoleophobic and lubricant infused slippery behavior on copper oxide nano-structured substrates', 'High coercivity α-Fe 2 O 3 nanoparticles prepared by continuous spray pyrolysis', 'Adhesive contact between a rippled elastic surface and a rigid spherical indenter: from partial to full contact', 'Wetting morphologies and their transitions in grooved substrates', 'Mobility of Aqueous and Binary Mixture Drops on Lubricating Fluid Coated Slippery Surfaces']"
193,"Alok K Mishra, PhD","Ramanujan Faculty, Indian Institute of Technology, Kanpur, India","Molecular cell and cancer biology, Immunoncology",2208,https://scholar.google.com/citations?hl=en&user=7jHIGPwAAAAJ,13,14,"['Next-generation sequencing technology: current trends and advancements', 'Emerging trends in immunotherapy for cancer', 'Macrophages as a potential immunotherapeutic target in solid cancers', 'Next-generation sequencing technology: current trends and advancements. Biology (Basel) 12: 997', 'Advancing cellular immunotherapy with macrophages', 'ESAT-6 regulates autophagous response through SOD-2 and as a result induces intracellular survival of Mycobacterium bovis BCG', 'Evaluation of isoprinosine to be repurposed as an adjunct anti-tuberculosis chemotherapy', 'Correction: Satam et al. Next-Generation Sequencing Technology: Current Trends and Advancements. Biology 2023, 12, 997', 'Targeting the GPI transamidase subunit GPAA1 abrogates the CD24 immune checkpoint in ovarian cancer', 'Dual phosphorylation in response regulator protein PrrA is crucial for intracellular survival of mycobacteria consequent upon transcriptional activation']"
194,P Sensarma,Indian Institute of Technology Kanpur,"Power Electronics, Renewable Energy",2184,https://scholar.google.com/citations?hl=en&user=KCx9B3MAAAAJ,25,43,"['Analysis and performance evaluation of a distribution STATCOM for compensating voltage fluctuations', 'Accurate ZVS analysis for magnetic design and efficiency improvement of full-bridge LLC resonant converter', 'A four-switch single-stage single-phase buck–boost inverter', 'Ripple-free input current high voltage gain DC–DC converters with coupled inductors', 'Design of Ćuk-derived transformerless common-grounded PV microinverter in CCM', 'A comprehensive method for optimal expansion planning using particle swarm optimization', 'Self-excitation and control of an induction generator in a stand-alone wind energy conversion system', 'Maximum power point tracking of variable speed wind turbines with flexible shaft', 'Step-by-step design and control of LCL filter based three phase grid-connected inverter', 'Frequency domain analysis and optimal design of isolated bidirectional series resonant converter']"
195,"Srinivas Dharavath, Associate Professor, Chemistry",Indian Institute of Technology Kanpur (IITK),"High Energy Materials, Bio active molecule, MOFs, COFs, Energetic Oxidizers Propalents",2163,https://scholar.google.com/citations?hl=en&user=vnKnLcMAAAAJ,26,55,"['Energetic Salts Based on 3, 5-Bis (dinitromethyl)-1, 2, 4-triazole Monoanion and Dianion: Controllable Preparation, Characterization and High Performance', 'Promising thermally stable energetic materials with the combination of pyrazole–1, 3, 4-oxadiazole and pyrazole–1, 2, 4-triazole backbones: facile synthesis and energetic\xa0…', '5-(Dinitromethyl)-3-(trinitromethyl)-1,2,4-triazole and Its Derivatives: A New Application of Oxidative Nitration Towards Gem-trinitro-based Energetic Materials', 'Facile synthesis of nitroamino-1, 3, 4-oxadiazole with azo linkage: a new family of high-performance and biosafe energetic materials', 'Facile fabrication of functionalized pyrimidine derivatives: constructing a new family of high performance and less sensitive energetic compounds', 'Synthesis of nitrogen-rich imidazole, 1, 2, 4-triazole and tetrazole-based compounds', 'Unfolding the chemistry of FOX-7: Unique energetic material and precursor with numerous possibilities', 'Tetraanionic Nitrogen‐Rich Tetrazole‐Based Energetic Salts', 'High-performing, insensitive and thermally stable energetic materials from zwitterionic gem-dinitromethyl substituted C–C bonded 1,2,4-triazole and 1,3,4-oxadiazole', 'Genetic and chemical screening in human blood serum reveals unique antibacterial targets and compounds against Klebsiella pneumoniae']"
196,Sudeep Bhattacharjee,"Professor of Physics, Indian Institute of Technology, Kanpur","Plasma physics, Ion beam physics, Focused ion beams, Nanoscale physics",2163,https://scholar.google.com/citations?hl=en&user=gGHa4IgAAAAJ,21,55,"['Folded waveguide traveling-wave tube sources for terahertz radiation', 'Accurate parametric modeling of folded waveguide circuits for millimeter-wave traveling wave tubes', 'Experimental study of space-charge-limited flows in a nanogap', 'Experimental investigation of transition from Fowler–Nordheim field emission to space-charge-limited flows in a nanogap', 'Production of pulsed microwave plasma in a tube with a radius below the cut-off value', 'Generation of chaotic radiation in a driven traveling wave tube amplifier with time-delayed feedback', 'Surface conductivity dependent dynamic behaviour of an ultrafine atmospheric pressure plasma jet for microscale surface processing', 'Subcutoff microwave driven plasma ion sources for multielemental focused ion beam systems', 'Production of microwave plasma in narrow cross sectional tubes: Effect of the shape of cross section', 'Microwave guiding and intense plasma generation at subcutoff dimensions for focused ion beams']"
197,Siddhant S. Singh,Student at IIT Kanpur,"NLP, RL, Bayesian Statistics, GenAI, AGI",2140,https://scholar.google.com/citations?hl=en&user=tAvSaIEAAAAJ,19,47,"['Towards measuring and modeling “culture” in LLMs: A survey', 'An overview on molecular docking', 'Squamous cell carcinoma arising from a congenital duplication cyst of the esophagus in a young adult', 'The formation of dark-coloured clay-organic complexes in black soils.', 'Standardization and stability studies of neuroprotective lipid soluble fraction obtained from Curcuma longa', 'Pharmacokinetics and in-situ absorption studies of a new anti-allergic compound 73/602 in rats', 'Appendicitis risk prediction models in children presenting with right iliac fossa pain (RIFT study): a prospective, multicentre validation study', 'CdZnTe background measurements at balloon altitudes', 'Permeability prediction using artificial neural network (ANN): a case study of Uinta Basin', 'Beneficial effects of biochar application on mitigating the drought and salinity stress implications on plants']"
198,Ketan Rajawat,IIT Kanpur,"Optimization, Signal Processing",2129,https://scholar.google.com/citations?hl=en&user=56rGYOYAAAAJ,26,60,"['Online learning with inexact proximal online gradient descent algorithms', 'Stem: A stochastic two-sided momentum algorithm achieving near-optimal sample and communication complexities for federated learning', 'Resource allocation and fairness in wireless powered cooperative cognitive radio networks', 'Asynchronous optimization over heterogeneous networks via consensus ADMM', 'FedNew: A communication-efficient and privacy-preserving Newton-type method for federated learning', 'Tracking moving agents via inexact online gradient descent algorithm', 'Online learning over dynamic graphs via distributed proximal gradient algorithm', 'Asynchronous online learning in multi-agent systems with proximity constraints', 'Dynamic network cartography: Advances in network health monitoring', 'Consistent online gaussian process regression without the sample complexity bottleneck']"
199,DISHANT SHARMA,"Student at Civil Engineering, IIT Kanpur",Hydraulic Engineering,2100,https://scholar.google.com/citations?hl=en&user=cDRCD9wAAAAJ,23,45,"['Administration of estradiol and progesterone modulate the activities of antioxidant enzyme and aminotransferases in naturally menopausal rats', 'Integrated management systems in Indian manufacturing organizations: some key findings from an empirical study', 'Identifying and ranking critical success factors for implementation of total quality management in the Indian manufacturing industry using TOPSIS', 'Paleofloods records in Himalaya', 'Carbon‐nanotube‐based materials for electrochemical sensing of the neurotransmitter dopamine', 'Quality management in Indian manufacturing organizations: some observations and results from a pilot survey', 'Enhancing customer experience using technological innovations: A study of the Indian hotel industry', 'Estradiol and progesterone treatments change the lipid profile in naturally menopausal rats from different age groups', 'Mortality and risk factors of disease in Nepal: Trend and projections from 1990 to 2040', 'Pigment production from Trichoderma spp. for dyeing of silk and wool']"
200,Rajesh Srivastava,"Former Professor of Civil Engineering, Indian Institute of Technology Kanpur",Flow through porous media,2074,https://scholar.google.com/citations?hl=en&user=8a0etmcAAAAJ,21,39,"['Analytical solutions for one‐dimensional, transient infiltration toward the water table in homogeneous and layered soils', 'Using flow interruption to identify factors causing nonideal contaminant transport', 'A numerical model for water flow and chemical transport in variably saturated porous media', 'A three-dimensional numerical model for water flow and transport of chemically reactive solute through porous media under variably saturated conditions', 'Nonideal transport of reactive solutes in heterogeneous porous media: 1. Numerical model development and moments analysis', 'Nonideal transport of reactive solutes in heterogeneous porous media 2. Quantitative analysis of the Borden natural-gradient field experiment', 'Identification and mapping of chromium (VI) plume in groundwater for remediation: A case study at Kanpur, Uttar Pradesh', 'Implications of using approximate expressions for well function', 'Observational and numerical analysis based dynamics of the Uttarkashi cloudburst', 'Exact solutions for normal depth problem']"
201,Nilay Kundu,"Dept. of Physics, IIT Kanpur, India","Gravity, QFT, AdS/CFT correspondence",2029,https://scholar.google.com/citations?hl=en&user=ChIzZiAAAAAJ,19,21,"['Liouville action as path-integral complexity: from continuous tensor networks to AdS/CFT', 'Anti–de Sitter Space from Optimization of Path Integrals in Conformal Field Theories', 'Holographic Fermi and non-Fermi liquids with transitions in dilaton gravity', 'Conformal invariance and the four point scalar correlator in slow-roll inflation', 'Path-integral complexity for perturbed CFTs', 'Constraints from conformal symmetry on the three point scalar correlator in inflation', 'Ward identities for scale and special conformal transformations in inflation', 'Bianchi attractors: a classification of extremal black brane geometries', 'A strongly coupled anisotropic fluid from dilaton driven holography', 'Extremal horizons with reduced symmetry: hyperscaling violation, stripes, and a classification for the homogeneous case']"
202,Pradip Sircar,"Professor of Electrical Engineering, Indian Institute of Technology Kanpur","Signal Processing, Systems Theory, Communications, Computations",2021,https://scholar.google.com/citations?hl=en&user=P6AOW3sAAAAJ,20,38,"['RETRACTED ARTICLE: A novel approach for automated detection of focal EEG signals using empirical wavelet transform', 'Automated emotion recognition based on higher order statistics and deep learning algorithm', 'EEG signal analysis using FB expansion and second-order linear TVAR process', 'A new technique to reduce cross terms in the Wigner distribution', 'Analysis of multicomponent AM-FM signals using FB-DESA method', 'Continuous wavelet transform based speech emotion recognition', 'Seizures classification based on higher order statistics and deep neural network', 'Content based color image classification using SVM', 'Parametric modelling of non-stationary signals: A unified approach', 'Automated focal EEG signal detection based on third order cumulant function']"
203,Gopakumar Thiruvancheril,Indian Institute of Technology Kanpur,"surface science, molecular electronics, STM",2004,https://scholar.google.com/citations?hl=en&user=Wm4GC8YAAAAJ,24,44,"['Electron-induced spin crossover of single molecules in a bilayer on gold', 'Spin‐Crossover Complex on Au (111): Structural and Electronic Differences Between Mono‐and Multilayers', 'Adsorption of palladium phthalocyanine on graphite: STM and LEED study', 'Coverage-driven electronic decoupling of Fe-phthalocyanine from a Ag (111) substrate', 'Polymorphism driven by concentration at the solid–liquid interface', 'Tunneling voltage polarity dependent submolecular contrast of naphthalocyanine on graphite. A STM study of close-packed monolayers under ultrahigh-vacuum conditions', 'Transfer of Cl ligands between adsorbed iron tetraphenylporphyrin molecules', 'Influence of solvophobic effects on self-assembly of trimesic acid at the liquid− solid interface', 'Effect of cross-linking on the performance of polymer inclusion membranes (PIMs) for the extraction, transport and separation of Zn (II)', 'Scanning Tunneling Microscopy and Scanning Tunneling Spectroscopy Studies of Planar and Nonplanar Naphthalocyanines on Graphite (0001). Part 1: Effect of Nonplanarity on the\xa0…']"
204,Gautam Sengupta,"Department. of Physics, IIT Kanpur","String Theory, Quantum Gravity, AdS-CFT Correspondence",1977,https://scholar.google.com/citations?hl=en&user=4zs5pkwAAAAJ,26,46,"['On the thermodynamic geometry of BTZ black holes', 'Thermodynamic geometry, phase transitions, and the Widom line', 'On the thermodynamic geometry and critical phenomena of AdS black holes', 'Thermodynamic geometry and phase transitions in Kerr-Newman-AdS black holes', 'Holographic quantum entanglement negativity', 'Islands for entanglement negativity', 'Thermodynamic geometry and extremal black holes in string theory', 'Entanglement negativity, holography and black holes', 'Thermodynamic geometry and phase transitions of dyonic charged AdS black holes', 'Holographic entanglement negativity conjecture for adjacent intervals in AdS3/CFT2']"
205,Gurunath Ramanathan,IIT Kanpur,"Protein and peptide chemistry, Environmental Biochemistry",1974,https://scholar.google.com/citations?hl=en&user=LpkJXAEAAAAJ,24,44,"['Thioredoxin, a redox enzyme released in infection and inflammation, is a unique chemoattractant for neutrophils, monocytes, and T cells', 'Truncated thioredoxin is a mitogenic cytokine for resting human peripheral blood mononuclear cells and is present in human plasma', 'Truncated thioredoxin (Trx80) induces production of interleukin-12 and enhances CD14 expression in human monocytes', 'Facile transition between 310‐ and α‐helix: Structures of 8‐, 9‐, and 10‐residue peptides containing the ‐(Leu‐Aib‐Ala)2‐Phe‐Aib‐fragment', 'Excited State Relaxation Dynamics of Model Green Fluorescent Protein Chromophore Analogs: Evidence for Cis–Trans Isomerism', 'Biomineralization of N, N-dimethylformamide by Paracoccus sp. strain DMF', 'Truncated thioredoxin (Trx80) exerts unique mitogenic cytokine effects via a mechanism independent of thiol oxido‐reductase activity', 'Biomineralization of 3-nitrotoluene by Diaphorobacter species', 'Peptide design. Structural evaluation of potential nonhelical segments attached to helical modules.', 'Bioremediation of nitroaromatic compounds']"
206,Angshuman Karmakar,"Assistant Professor, Department of Computer Science and Engineering, IIT Kanpur","Cryptography, Computer Security",1961,https://scholar.google.com/citations?hl=en&user=Ddlv5TwAAAAJ,20,30,"['Saber: Module-LWR based key exchange, CPA-secure encryption and CCA-secure KEM', 'Saber', 'A side-channel-resistant implementation of SABER', 'Saber on ARM: CCA secure module lattice based key encapsulation on ARM', 'Time-memory trade-off in Toom-Cook multiplication: an application to module-lattice based cryptography', 'Side-channel analysis of lattice-based post-quantum cryptography: Exploiting polynomial multiplication', 'Constant-time discrete gaussian sampling', 'Compact domain-specific co-processor for accelerating module lattice-based key encapsulation mechanism', 'Efficient lattice-based inner-product functional encryption', 'SABER: Mod-LWR based KEM (round 3 submission)']"
207,KP Rajeev,"Professor of Physics, IIT Kanpur","Condensed Matter Physics, Low Energy Nuclear Reactions",1956,https://scholar.google.com/citations?hl=en&user=kKDuAkgAAAAJ,23,35,"['Low-temperature electronic properties of a normal conducting perovskite oxide (LaNiO3)', 'Signatures of spin-glass freezing in NiO nanoparticles', 'Magnetic properties of NiO nanoparticles', 'Quantum corrections to the conductivity in a perovskite oxide: A low-temperature study of LaNi 1− x Co x O 3 (0≤ x≤ 0.75)', 'Low-temperature electrical transport in La0. 7A0. 3MnO3,(A: Ca, Sr, Ba)', 'Effect of oxygen stoichiometry on the electrical resistivity behaviour of NdNiO3− δ', 'Memory and aging effects in NiO nanoparticles', 'Effect of distributed particle magnetic moments on the magnetization of NiO nanoparticles', 'Anomalous magnetic behavior of CuO nanoparticles', 'Metal-insulator transition in perovskite oxides: Tunneling experiments']"
208,Ramesh Ramapanicker,"Professor of Chemistry, Indian Institute of Technology Kanpur","Organic Chemistry, Bioorganic Chemistry, Peptide Science",1949,https://scholar.google.com/citations?hl=en&user=24EDuDUAAAAJ,16,31,"['A new method for water desalination using microbial desalination cells', 'A highly efficient catalyst for selective oxidative scission of olefins to aldehydes: abnormal-NHC–Ru (II) complex in oxidation chemistry', 'Development and characterization of lysine based tripeptide analogues as inhibitors of Sir2 activity', 'Energy funneling from water-dispersed perovskites to chromophores', 'Design principle of a water-dispersed photocatalytic perovskite through ligand deconstruction', 'Perovskite photocatalysis: realizing long-lived charge-separated states at the interface of CsPbBr3 nanocrystals and functionalized ferrocene molecules', 'Click chemistry: mechanistic and synthetic perspectives', 'Binding Strength-Guided Shuttling of Charge Carriers from Perovskite Nanocrystals to Molecular Acceptors', 'Diastereoselective Synthesis of 1-Deoxygalactonojirimycin, 1-Deoxyaltronojirimycin, and N-Boc-(2S,3S)-3-Hydroxypipecolic Acid via Proline Catalyzed α\xa0…', 'Powerful protein binders from designed polypeptides and small organic molecules—a general concept for protein recognition']"
209,Munish Kumar Upadhyay,"Indo-Belgium Postdoctoral Fellow at IIT Kanpur, India; Ph.D (BHU-Varanasi), India","Arsenic, Chromium, Groundwater, Wastewater, Crop-Soil science",1944,https://scholar.google.com/citations?hl=en&user=HEe1T2YAAAAJ,23,28,"['A review of arsenic in crops, vegetables, animals and food products', 'An assessment of arsenic hazard in groundwater–soil–rice system in two villages of Nadia district, West Bengal, India', 'Utilizing the potential of microorganisms for managing arsenic contamination: a feasible and sustainable approach', 'Selenium–An environmentally friendly micronutrient in agroecosystem in the modern era: An overview of 50-year findings', 'Arsenic in rice agro-ecosystem: Solutions for safe and sustainable rice production', 'Cellular and subcellular phosphate transport machinery in plants', 'Arsenic dynamics and flux assessment under drying-wetting irrigation and enhanced microbial diversity in paddy soils: A four year study in Bengal delta plain', 'Biotechnological strategies for remediation of arsenic-contaminated soils to improve soil health and sustainable agriculture', 'Elemental (As, Zn, Fe and Cu) analysis and health risk assessment of rice grains and rice based food products collected from markets from different cities of Gangetic basin, India', 'Ultra-structure alteration via enhanced silicon uptake in arsenic stressed rice cultivars under intermittent irrigation practices in Bengal delta basin']"
210,SS Banerjee,"Department of Physics, IIT Kanpur","Superconductivity, magnetism, Topological Insulators, Transport in biological systems",1921,https://scholar.google.com/citations?hl=en&user=PZH2sWkAAAAJ,24,48,"['Anomalous peak effect in CeRu_ {2} and 2H-NbSe_ {2}: Fracturing of a flux line lattice', 'Melting of “porous” vortex matter', 'Disorder, metastability, and history dependence in transformations of a vortex lattice', 'Manifestation of history-dependent critical currents via dc and ac magnetization measurements in single crystals of  and', 'First-order phase transition from the vortex liquid to an amorphous solid', 'Vortex nanoliquid in high-temperature superconductors', 'Disorder-induced phase coexistence in bulk doped manganites and its suppression in nanometer-sized crystals: The case of', 'Peak effect, plateau effect, and fishtail anomaly: The reentrant amorphization of vortex matter in', 'Metastability and switching in the vortex state of 2H-NbSe2', 'Disordered type-II superconductors: a universal phase diagram for low-Tc systems']"
211,Srinivas K. Yadavalli,IIT Kanpur,"Materials Science, Solar Cells, Materials Processing, Mechanics, Batteries",1908,https://scholar.google.com/citations?hl=en&user=Gif-le8AAAAJ,16,16,"['Interfacial toughening with self-assembled monolayers enhances perovskite solar cell reliability', 'Interpenetrating interfaces for efficient perovskite solar cells with high operational stability and mechanical robustness', 'Thermo-mechanical behavior of organic-inorganic halide perovskites for solar cells', 'Understanding the electro-chemo-mechanics of Li plating in anode-free solid-state batteries with operando 3D microscopy', 'Subgrain special boundaries in halide perovskite thin films restrict carrier diffusion', 'Facile healing of cracks in organic–inorganic halide perovskite thin films', 'High-performance methylammonium-free ideal-band-gap perovskite solar cells', 'Effect of grain size on the fracture behavior of organic-inorganic halide perovskite thin films for solar cells', 'Effect of grain boundaries on charge transport in methylammonium lead iodide perovskite thin films', 'Direct characterization of carrier diffusion in halide-perovskite thin films using transient photoluminescence imaging']"
212,Deshdeep Sahdev,"Professor of Physics, IIT, Kanpur","High energy physics, cosmology, microscopy",1875,https://scholar.google.com/citations?hl=en&user=0_C5beIAAAAJ,15,17,"['Magnetic Moment of Weak Bosons Produced in  and  Collisions', 'W±Z 0 and W±γ pair production in ν e, pp, and p¯ p collisions', 'Towards a realistic Kaluza-Klein cosmology', 'Evolving Lorentzian wormholes', 'Perfect-fluid higher-dimensional cosmologies', 'W+/-Z0 and W+/-γ pair production in νe, pp, and p¯p collisions', 'Restricted class of traversable wormholes with traceless matter', 'Resonances in the transmission of massless scalar waves in a class of wormholes', 'The infinite-dimensional gauge structure of Kaluza-Klein theories I: D= 1+ 4', 'Dimensional reduction of symmetric higher spin actions i: Bosons']"
213,Vivek Verma,Assistant Professor at Indian Institute of Technology (IIT) Kanpur,"e-waste, recycling, Hydrometallurgy, bulk X-ray characterization, Aqueous Batteries",1862,https://scholar.google.com/citations?hl=en&user=o9AfQKcAAAAJ,19,23,"['Undesired reactions in aqueous rechargeable zinc ion batteries', 'Progress in rechargeable aqueous zinc‐and aluminum‐ion battery electrodes: challenges and outlook', 'Direct recycling of Li‐ion batteries from cell to pack level: Challenges and prospects on technology, scalability, sustainability, and economics', 'Layered VOPO4 as a Cathode Material for Rechargeable Zinc-Ion Battery: Effect of Polypyrrole Intercalation in the Host and Water Concentration in the Electrolyte', 'Investigating FeVO4 as a cathode material for aqueous aluminum-ion battery', 'Boosting Zn-Ion Storage Performance of Bronze-Type VO2 via Ni-Mediated Electronic Structure Engineering', ""Water in rechargeable multivalent‐ion batteries: an electrochemical Pandora's box"", 'Bronze-type vanadium dioxide holey nanobelts as high performing cathode material for aqueous aluminium-ion batteries', 'Hybrid Electrolyte Design for High‐Performance Zinc–Sulfur Battery', 'Chelating ligands as electrolyte solvent for rechargeable zinc-ion batteries']"
214,R Ramkumar PhD,"Sr. Project Executive Officer, MFCEM, Dept. of BSBE, Indian Institute of Technology Kanpur","Gene Therapy for type 2 diabetes, aquaculture diseases",1833,https://scholar.google.com/citations?hl=en&user=5bFMo3AAAAAJ,16,18,"['Green synthesis of gold nanoparticles using seed aqueous extract of Abelmoschus esculentus and its antifungal activity', 'The Green synthesis of gold nanoparticles using an aqueous root extract of Morinda citrifolia L', 'Effect of sub-acute exposure to nickel nanoparticles on oxidative stress and histopathological changes in Mozambique tilapia, Oreochromis mossambicus', 'Structural characterization, antioxidant and anticancer properties of gold nanoparticles synthesized from leaf extract (decoction) of Antigonon leptopus Hook. & Arn.', 'Structural characterization, antioxidant and in vitro cytotoxic properties of seagrass, Cymodocea serrulata (R. Br.) Asch. & Magnus mediated silver nanoparticles', 'Structural characterization and evaluation of mosquito-larvicidal property of silver nanoparticles synthesized from the seaweed, Turbinaria ornata (Turner) J\xa0…', 'Mukia maderaspatana (Cucurbitaceae) extract-mediated synthesis of silver nanoparticles to control Culex quinquefasciatus and Aedes aegypti (Diptera: Culicidae)', 'Larvicidal activity of titanium dioxide nanoparticles synthesized using Morinda citrifolia root extract against Anopheles stephensi, Aedes aegypti and Culex quinquefasciatus\xa0…', 'GC–MS analysis of bioactive components and synthesis of gold nanoparticle using Chloroxylon swietenia DC leaf extract and its larvicidal activity', 'Description of Providencia vermicola isolated from diseased Indian major carp, Labeo rohita (Hamilton, 1822)']"
215,Partha Ghoshdastidar,"Professor of Dept. of Mechanical Engineering, Indian Institute of Technology Kanpur",Computational Heat Transfer,1832,https://scholar.google.com/citations?hl=en&user=5r6Qh9QAAAAJ,23,37,"['A coupled level-set and volume-of-fluid method for the buoyant rise of gas bubbles in liquids', 'Nanofinishing of flat workpieces using rotational–magnetorheological abrasive flow finishing (R-MRAFF) process', 'Fluid flow analysis of magnetorheological abrasive flow finishing (MRAFF) process', 'Computational investigation on bubble detachment from submerged orifice in quiescent liquid under normal and reduced gravity', 'Nano-finishing of stainless-steel tubes using rotational magnetorheological abrasive flow finishing process', 'Analysis of magnetorheological abrasive flow finishing (MRAFF) process', 'Bubble generation in quiescent and co-flowing liquids', 'Computer simulation of transport processes during injection mold-filling and optimization of the molding conditions', 'Computer simulation of flow and heat transfer', 'The out-of-roundness of the internal surfaces of stainless steel tubes finished by the rotational–magnetorheological abrasive flow finishing process']"
216,Santanu Misra,Indian Institute of Technology Kanpur,"Structural Geology, Rock Mechanics, Rheology, Rock Physics",1831,https://scholar.google.com/citations?hl=en&user=QU9R-I8AAAAJ,24,52,"['A review of experimental research on Enhanced Coal Bed Methane (ECBM) recovery via CO2 sequestration', 'Social networks in the context of community response to disaster: Study of a cyclone-affected community in Coastal West Bengal, India', 'Formation of Riedel shear fractures in granular materials: Findings from analogue shear experiments and theoretical analyses', 'Impact of obesity and the metabolic syndrome on risk factors in African American stroke survivors: a report from the AAASPS', 'The mechanical and microstructural behaviour of calcite-dolomite composites: An experimental investigation', 'Microscopic anatomy of a “hot-on-cold” shear zone: Insights from quartzites of the Main Central Thrust in the Alaknanda region (Garhwal Himalaya)', 'Mechanisms of deformation localization at the tips of shear fractures: Findings from analogue experiments and field evidence', 'Mechanics of kink-bands during torsion deformation of muscovite aggregate', 'Localization of plastic zones in rocks around rigid inclusions: Insights from experimental and theoretical models', 'Strain localization and melt segregation in deforming metapelites']"
217,amitabha mukerjee,IIT Kanpur,"machine learning, computer vision, Artificial intelligence, cognitive science, robotics",1793,https://scholar.google.com/citations?hl=en&user=6lD1AscAAAAJ,20,42,"['A qualitative model for space', 'Multi–objective evolutionary algorithms for the risk–return trade–off in bank loan management', 'Non-linear dimensionality reduction by locally linear isomaps', 'Self-calibration in robot manipulators', 'Detecting complex predicates in hindi using pos projection across parallel corpora', 'Conceptual description of visual scenes from linguistic models', 'Contextual rnn-gans for abstract reasoning diagram generation', 'Anomaly localization in topic-based analysis of surveillance videos', 'Efficient occlusion handling for multiple agent tracking by reasoning with surveillance event primitives', 'Confidence based updation of motion conspicuity in dynamic scenes']"
218,Braj Bhushan,IIT Kanpur,"Cognitive Neuropsychology, Emotion Science, Trauma Psychology, Cognitive Design",1792,https://scholar.google.com/citations?hl=en&user=C2iVFoQAAAAJ,23,41,"['Posttraumatic stress and growth among Tibetan refugees: The mediating role of cognitive‐emotional regulation strategies', 'Psychology of meditation and health: Present status and future directions', 'Active physical practice followed by mental practice using BCI-driven hand exoskeleton: a pilot trial for clinical effectiveness and usability', 'Posttraumatic growth experiences among Tibetan refugees: A qualitative investigation', 'Cultural factors promoting coping among Tibetan refugees: A qualitative investigation', 'Statistics for social sciences: With SPSS application', 'Emotional distress and posttraumatic stress in children surviving the 2004 tsunami', 'Tears evoke the intention to offer social support: A systematic investigation of the interpersonal effects of emotional crying across 41 countries', 'Cultural variation in hemifacial asymmetry of emotion expressions', 'Short-term enhancement of cognitive functions and music: A three-channel model']"
219,Dr. Dinesh De,IIT Kanpur,"Metal Organic Framework, Heterogeneous Catalysis, Cryptand",1774,https://scholar.google.com/citations?hl=en&user=dZd3BIQAAAAJ,23,25,"['Metal–organic frameworks for the chemical fixation of CO2 into cyclic carbonates', 'A Versatile CuII Metal–Organic Framework Exhibiting High Gas Storage Capacity with Selectivity for CO2: Conversion of CO2 to Cyclic Carbonate and Other\xa0…', 'Flexible Zn-MOF Exhibiting Selective CO2 Adsorption and Efficient Lewis Acidic Catalytic Activity', 'An Amine Functionalized Metal–Organic Framework as an Effective Catalyst for Conversion of CO2 and Biginelli Reactions', 'A Partially Fluorinated, Water-Stable Cu(II)–MOF Derived via Transmetalation: Significant Gas Adsorption with High CO2 Selectivity and Catalysis of Biginelli\xa0…', 'Significant Gas Adsorption and Catalytic Performance by a Robust CuII–MOF Derived through Single‐Crystal to Single‐Crystal Transmetalation of a Thermally Less‐Stable Zn\xa0…', 'Metal-organic frameworks as heterogeneous catalysts for the chemical conversion of carbon dioxide', 'A Cu(ii)-MOF capable of fixing CO2 from air and showing high capacity H2 and CO2 adsorption', 'From Zn(II)-Carboxylate to Double-Walled Zn(II)-Carboxylato Phosphate MOF: Change in the Framework Topology, Capture and Conversion of CO2, and Catalysis\xa0…', 'A Cu(ii) metal–organic framework with significant H2 and CO2 storage capacity and heterogeneous catalysis for the aerobic oxidative amination of C(sp3)–H\xa0…']"
220,Dr. Baghendra Singh,Indian Institute of Technology Kanpur,"MOF-derived catalysts, PBA-based materials, Energy Conversion, Hybrid water electrolysis",1765,https://scholar.google.com/citations?hl=en&user=hZsFmycAAAAJ,23,43,"['Prussian blue-and Prussian blue analogue-derived materials: progress and prospects for electrochemical energy conversion', 'Modulating electronic structure of metal-organic framework derived catalysts for electrochemical water oxidation', 'Realizing electrochemical transformation of a metal–organic framework precatalyst into a metal hydroxide–oxy (hydroxide) active catalyst during alkaline water oxidation', 'Deciphering ligand controlled structural evolution of prussian blue analogues and their electrochemical activation during alkaline water oxidation', 'Electrochemical transformation of Prussian blue analogues into ultrathin layered double hydroxide nanosheets for water splitting', 'Designing Self‐Supported Metal‐Organic Framework Derived Catalysts for Electrochemical Water Splitting', 'Tuning the properties of CoFe-layered double hydroxide by vanadium substitution for improved water splitting activity', 'Electrochemical Transformation of Metal Organic Framework into Ultrathin Metal Hydroxide-(oxy) hydroxide Nanosheets for Alkaline Water Oxidation', 'Introduction of high valent Mo6+ in Prussian blue analog derived Co-layered double hydroxide nanosheets for improved water splitting', 'Surface and interface engineering in transition metal–based catalysts for electrochemical water oxidation']"
221,Rajesh Sathiyamoorthy,"Professor of Civil Engineering, Indian Institute of Technology Kanpur",Geotechnical Engineering,1764,https://scholar.google.com/citations?hl=en&user=ytKPYOcAAAAJ,26,46,"['Physical and numerical modelling of strip footing on geogrid reinforced transparent sand', 'Centrifuge modeling of geosynthetic-encased stone column-supported embankment over soft clay', 'Centrifuge model tests on clay based engineered barriers subjected to differential settlements', 'Deformation behavior of clay cap barriers of hazardous waste containment systems: Full-scale and centrifuge tests', 'Centrifuge model tests on the deformation behavior of geosynthetic-encased stone column supported embankment under undrained condition', 'Time-dependent behaviour of fully and partially penetrated geosynthetic encased stone columns', 'Hydro-mechanical behavior of geogrid reinforced soil barriers of landfill cover systems', 'Time-dependent behavior of embankment resting on soft clay reinforced with encased stone columns', 'Enhanced engineering characteristics of soils by electro-osmotic treatment: an overview', 'Evaluation of geogrid as a reinforcement layer in clay based engineered barriers']"
222,Sudib K Mishra,"Professor, Department of Civil Engineering, Indian Institute of Technology Kanpur","Structural Dynamics and Vibration, Structural Monitoring, Probabilistic Safety Assessment, Structural Instability, Computational",1763,https://scholar.google.com/citations?hl=en&user=mKQFR2MAAAAJ,25,47,"['An improved tuned mass damper (SMA-TMD) assisted by a shape memory alloy spring', 'Reliability-based-design-optimization of base isolated buildings considering stochastic system parameters subjected to random earthquakes', 'Performance assessment of buildings isolated by shape‐memory‐alloy rubber bearing: comparison with elastomeric bearing under near‐fault earthquakes', 'Shape-memory-alloy supplemented lead rubber bearing (SMA-LRB) for seismic isolation', 'A compliant tuned liquid damper for controlling seismic vibration of short period structures', 'Response of bridges isolated by shape memory–alloy rubber bearing', 'Tuned liquid column ball damper for seismic vibration control', 'Modeling the coupling of reaction kinetics and hydrodynamics in a collapsing cavity', 'Thermally modulated shape memory alloy friction pendulum (tmSMA‐FP) for substantial near‐fault earthquake structure protection', 'Multi-objective stochastic-structural-optimization of shape-memory-alloy assisted pure-friction bearing for isolating building against random earthquakes']"
223,Bharat Lohani,"Civil Engineering, IIT Kanpur,","LiDAR, Laser Scanning, Remote Sensing, GIS, Surveying",1751,https://scholar.google.com/citations?hl=en&user=Eyt5YqoAAAAJ,22,46,"['Airborne LiDAR technology: A review of data collection and processing systems', 'A repository of earth resource information–CORONA satellite programme', 'Application of airborne scanning laser altimetry to the study of tidal channel geomorphology', 'Extraction of road surface from mobile LiDAR data of complex road environment', 'Construction of a digital elevation model of the Holderness coast using the waterline method and airborne thematic mapper data', 'A review of land consolidation in the state of Uttar Pradesh, India: Qualitative approach', 'Recent advancements in AI-enabled smart electronics packaging for structural health monitoring', 'Cooperative localization of unmanned aerial vehicles using GNSS, MEMS inertial, and UWB sensors', 'Identification of pole-like structures from mobile lidar data of complex road environment', 'Airborne altimetric LIDAR: Principle, data collection, processing and applications']"
224,Prishati Raychowdhury,"Department of Civil Engineering, Indian Institute of Technology Kanpur",Geotechnical Earthquake Engineering,1751,https://scholar.google.com/citations?hl=en&user=Vewed7cAAAAJ,22,32,"['Performance evaluation of a nonlinear Winkler‐based shallow foundation model using centrifuge test results', 'Seismic response of low-rise steel moment-resisting frame (SMRF) buildings incorporating nonlinear soil–structure interaction (SSI)', 'Nonlinear Winkler-based shallow foundation model for performance assessment of seismically loaded structures', 'Application and validation of practical tools for nonlinear soil-foundation interaction analysis', 'Numerical models for analysis and performance-based design of shallow foundations subjected to seismic loading', 'Effect of soil parameter uncertainty on seismic demand of low-rise steel buildings on dense silty sand', 'Seismic response analysis of a nuclear reactor structure considering nonlinear soil-structure interaction', 'Performance of seismically loaded shearwalls on nonlinear shallow foundations', 'Nonlinear material models for Winkler-based shallow foundation response evaluation', 'Cyclic behavior and liquefaction potential of Renusagar pond ash reinforced with geotextiles']"
225,"Deepak Dhingra, Ph.D.","Dept. of Earth Sciences, Indian Institute of Technology Kanpur","Moon, Lunar Spectroscopy, Impact Melt Mineralogy, Mg-Spinel, Enceladus Plumes",1747,https://scholar.google.com/citations?hl=en&user=PRnGX-IAAAAJ,18,29,"['The Moon Mineralogy Mapper (M3) imaging spectrometer for lunar science: Instrument description, calibration, on‐orbit measurements, science data calibration\xa0…', 'Mg‐spinel lithology: A new rock type on the lunar farside', 'The mineralogy of late stage lunar volcanism as observed by the Moon Mineralogy Mapper on Chandrayaan‐1', 'M3 spectral analysis of lunar swirls and the link between optical maturation and surface hydroxyl formation at magnetic anomalies', 'The distribution of Mg-spinel across the Moon and constraints on crustal origin', 'Pink Moon: The petrogenesis of pink spinel anorthosites and implications concerning Mg-suite magmatism', 'Compositional diversity at Theophilus Crater: Understanding the geological context of Mg‐spinel bearing central peaks', 'Geological mapping of impact melt deposits at lunar complex craters Jackson and Tycho: Morphologic and topographic diversity and relation to the cratering process', 'Optical maturity variation in lunar spectra as measured by Moon Mineralogy Mapper data', 'Large mineralogically distinct impact melt feature at Copernicus crater–Evidence for retention of compositional heterogeneity']"
226,Tarun Kanti Ghosh,"Professor, Department of Physics, IIT-Kanpur, India","Topology in Condensed Matter Physics, spin-orbit coupled systems, 2D materials, quantum gases",1739,https://scholar.google.com/citations?hl=en&user=dCMScdEAAAAJ,20,40,"['Conductance quantization and snake states in graphene magnetic waveguides', 'Effect of electron-hole asymmetry on optical conductivity in 8-Pmmn borophene', 'Floquet topological phase transition in the α-T3 lattice', 'Magnetotransport properties of the α-T3 model', 'Photoinduced valley and electron-hole symmetry breaking in - lattice: The role of a variable Berry phase', 'Sound velocity and multibranch Bogoliubov spectrum in a superfluid Fermi gas along the BEC-BCS crossover', 'Unconventional phases in Haldane model of dice lattice', 'Exact solutions for a Dirac electron in an exponentially decaying magnetic field', 'Vortex formation in a fast rotating Bose-Einstein condensate', 'Dynamics of a quasiparticle in the α-T3 model: Role of pseudospin polarization and transverse magnetic field on zitterbewegung']"
227,ARNAB GHOSH,Indian Institute of Technology Kanpur,"Quantum Thermodynamics, Quantum Transport, Nonequilibrium Statistical Mechanics",1729,https://scholar.google.com/citations?hl=en&user=eGh5KAQAAAAJ,15,20,"['Thermodynamic principles and implementations of quantum machines', 'Quantum engine efficiency bound beyond the second law of thermodynamics', 'Enhanced precision bound of low-temperature quantum thermometry via dynamical control', 'Two-level masers as heat-to-work converters', 'Quantum brownian motion in a spin bath', 'Floquet quantum thermal transistor', 'Catalysis of heat-to-work conversion in quantum machines', 'Are quantum thermodynamic machines better than their classical counterparts?', 'Fermionic oscillator in a fermionic bath', 'Statistical generalization of regenerative bosonic and fermionic Stirling cycles']"
228,Appu Kumar Singh,IIT Kanpur,Structural Biology of membrane proteins,1720,https://scholar.google.com/citations?hl=en&user=mP9j66UAAAAJ,16,21,"['Crystal structure of the epithelial calcium channel TRPV6', 'Opening of the human epithelial calcium channel TRPV6', 'Structure and gating mechanism of the transient receptor potential channel TRPV3', 'Structural bases of noncompetitive inhibition of AMPA-subtype ionotropic glutamate receptors by antiepileptic drugs', 'Structural bases of TRP channel TRPV6 allosteric modulation by 2-APB', 'Structural basis of temperature sensation by the TRP channel TRPV3', 'Mechanism of calmodulin inactivation of the calcium-selective TRP channel TRPV6', 'Cryo-EM structure of human GPR158 receptor coupled to the RGS7-Gβ5 signaling complex', 'Swapping of transmembrane domains in the epithelial calcium channel TRPV6', 'Inactivation-mimicking block of the epithelial calcium channel TRPV6']"
229,Sayak Ray Chowdhury,"Assistant Professor of Computer Science and Engineering, Indian Institute of Technology …","Bandits, RL, Alignment, Privacy, Fairness",1691,https://scholar.google.com/citations?hl=en&user=Q0_CaxYAAAAJ,17,23,"['On kernelized multi-armed bandits', 'Provably robust dpo: Aligning language models with noisy feedback', 'Provably sample efficient rlhf via active preference optimization', 'Misspecified linear bandits', 'Online learning in kernelized markov decision processes', 'Gar-meets-rag paradigm for zero-shot information retrieval', 'Shuffle private linear contextual bandits', 'Bayesian optimization under heavy-tailed payoffs', 'No-regret algorithms for multi-task bayesian optimization', 'Differentially private regret minimization in episodic markov decision processes']"
230,Debtosh Chowdhury,"Department of Physics, IIT Kanpur","Theoretical Particle Physics, Cosmology",1690,https://scholar.google.com/citations?hl=en&user=L51KRaQAAAAJ,18,23,"['Les Houches 2013: physics at TeV colliders: new physics working group report', 'HEPfit: a code for the combination of indirect and direct constraints on high energy physics models', 'Update of global two-Higgs-doublet model fits', 'Charge and color breaking constraints in MSSM after the Higgs discovery at LHC', 'Global fits of the two-loop renormalized Two-Higgs-Doublet model with soft Z 2 breaking', 'Next-to-leading order unitarity fits in Two-Higgs-Doublet models with soft ℤ 2 breaking', 'Explaining the lepton non-universality at the LHCb and CMS within a unified framework', 'Moduli portal dark matter', 'SuSeFLAV 1.2: Program for supersymmetric mass spectra with seesaw mechanism and rare lepton flavor violating decays', 'Proposal for generalised Supersymmetry Les Houches Accord for see-saw models and PDG numbering scheme']"
231,Rohit Medwal,"Assistant Professor, Indian Institute of Technology Kanpur","Nanomagnetism, Spin Pumping, Spintronics, THz spintronics, Operando TEM",1679,https://scholar.google.com/citations?hl=en&user=c7_mR2gAAAAJ,24,53,"['Volatile ultrafast switching at multilevel nonvolatile states of phase change material for active flexible terahertz metadevices', 'Generalized Brewster angle effect in thin-film optical absorbers and its application for graphene hydrogen sensing', 'Temperature dependent Raman scattering and electronic transitions in rare earth SmFeO3', 'Dynamic color generation with electrically tunable thin film optical coatings', 'Ultrafast Photo‐Thermal Switching of Terahertz Spin Currents', 'Important role of magnetization precession angle measurement in inverse spin Hall effect induced by spin pumping', 'Tailoring oxygen sensing characteristics of Co3O4 nanostructures through Gd doping', 'Electrically tunable singular phase and Goos–Hänchen shifts in phase‐change‐material‐based thin‐film coatings as optical absorbers', 'Enhanced Spin Hall Effect in S‐Implanted Pt', 'Nickel ferrite embedded polyvinylidene fluoride composite based flexible magneto-electric systems']"
232,Amarendra Singh,IIT Kanpur,"Solidification, ICME, Steel Refining and Casting",1677,https://scholar.google.com/citations?hl=en&user=smI8kc8AAAAJ,21,40,"['Structure–property linkages using a data science approach: application to a non-metallic inclusion/steel composite system', 'An inverse, decision-based design method for integrated design exploration of materials, products, and manufacturing processes', 'Ladle furnace on-line reckoner for prediction and control of steel temperature and composition', 'Inclusions in steel: micro–macro modelling approach to analyse the effects of inclusions on the properties of steel', 'Multiphase modeling of bottom-stirred ladle for prediction of slag–steel interface and estimation of desulfurization behavior', 'An explicit–implicit time stepping scheme for solidification models', 'Robust concept exploration of materials, products, and associated manufacturing processes', 'Role of appropriate permeability model on numerical prediction of macrosegregation', 'Modelling of convection during solidification of metal and alloys', 'CFD Based Operational Thermal Efficiency Improvement of a Production Data Center']"
233,Ganapathi Anantharaman,"Deparment of Chemistry, IIT Kanpur","Main group, Coordination and Organometallic Chemistry",1676,https://scholar.google.com/citations?hl=en&user=TnmlVXwAAAAJ,25,39,"['Aluminum substituted cobalt ferrite (Co− Al− Fe) nano adsorbent for arsenic adsorption in aqueous systems and detailed redox behavior study with XPS', 'Synthesis, Spectral Characterization, and Structural Studies of 2-Aminobenzoate Complexes of Divalent Alkaline Earth Metal Ions:\u2009 X-ray Crystal Structures of [Ca(2-aba)2(OH2)3]∞, [{Sr(2-aba)2(OH2)2}·H2O]∞, and [Ba(2-aba\xa0…', 'Reactions of 2-mercaptobenzoic acid with divalent alkaline earth metal ions: synthesis, spectral studies, and single-crystal x-ray structures of calcium, strontium, and barium\xa0…', 'Assembly of Lipophilic Tetranuclear (Cu4 and Zn4) Molecular Metallophosphonates from 2,4,6-Triisopropylphenylphosponic Acid and Pyrazole Ligands', 'Control of molecular topology and metal nuclearity in multimetallic assemblies: Designer metallosiloxanes derived from silanetriols', 'Polyhedral ferrous and ferric siloxanes', 'Organoaluminum chemistry with low valent aluminum—recent developments', 'A nanoscopic molecular cadmium phosphonate wrapped in a hydrocarbon sheath', 'Redox synergistic Mn-Al-Fe and Cu-Al-Fe ternary metal oxide nano adsorbents for arsenic remediation with environmentally stable As (0) formation', 'Aluminum substituted nickel ferrite (Ni–Al–Fe): a ternary metal oxide adsorbent for arsenic adsorption in aqueous medium']"
234,Narendra K Sharma,"Former Professor of psychology/Management, iit kanpur","cognitive psychology, Marketing, Multivariate Analysis",1673,https://scholar.google.com/citations?hl=en&user=depp7eQAAAAJ,18,32,"['Service quality, corporate brand image, and switching behavior: The mediating role of customer satisfaction and repurchase intention', 'Bilingualism  and lexical representation', ""The impact of perceived crowding on consumers' store patronage intentions: Role of optimal stimulation level and shopping motivation"", 'The role of script and phonology in lexical  representation', 'A typology of Indian hypermarket shoppers based on shopping motivation', 'Cognitive load and task condition in event-and time-based prospective memory: an experimental investigation', 'Consumer attitude towards brand-extension incongruity: The moderating role of need for cognition and need for change', ""Compliance with bases of power and subordinates' perception of superiors: moderating effect of quality of interaction."", 'Effect of cognitive load and paradigm on time perception', 'Consumer attitude towards brand extension: A comparative study of fast moving consumer goods, durable goods and services']"
235,Shakti S Gupta,"Indian Institute of Technology Kanpur, Kanpur, India",Engineering science and mechanics,1669,https://scholar.google.com/citations?hl=en&user=5dZryMIAAAAJ,17,29,"['Wave propagation in single-walled carbon nanotube under longitudinal magnetic field using nonlocal Euler–Bernoulli beam theory', 'Free vibration analysis of functionally graded elliptical cylindrical shells using higher-order theory', 'Wall thickness and elastic moduli of single-walled carbon nanotubes from frequencies of axial, torsional and inextensional modes of vibration', 'Elastic properties and frequencies of free vibrations of single-layer graphene sheets', 'Continuum structures equivalent in normal mode vibrations to single-walled carbon nanotubes', 'Wall thickness and radial breathing modes of single-walled carbon nanotubes', 'Investigation of Planar and Helical Bend Losses in Single and Few-Mode Optical Fibers', 'Thermo-flexural analysis of thick laminates of bimodulus composite materials', 'Free flexural vibration behavior of bimodular material angle-ply laminated composite plates', 'Inextensional vibration of zig-zag single-walled carbon nanotubes using nonlocal elasticity theories']"
236,Namrata Singh,Indian Institute of Technology Kanpur,"Material Chemistry, Nanocatalysis, Bioinorganic Chemistry, Chemical Biology",1665,https://scholar.google.com/citations?hl=en&user=Qysbm08AAAAJ,10,10,"[""A redox modulatory Mn3O4 nanozyme with multi‐enzyme activity provides efficient cytoprotection to human cells in a Parkinson's disease model"", 'A Cerium Vanadate Nanozyme with Specific Superoxide Dismutase Activity Regulates Mitochondrial Function and ATP Synthesis in Neuronal Cells', 'Antioxidant and Prooxidant Nanozymes: from cellular redox regulation to Next‐generation therapeutics', 'Manganese‐based nanozymes: multienzyme redox activity and effect on the nitric oxide produced by endothelial nitric oxide synthase', 'A manganese oxide nanozyme prevents the oxidative damage of biomolecules without affecting the endogenous antioxidant system', 'CeVO4 nanozymes catalyze the reduction of dioxygen to water without releasing partially reduced oxygen species', 'Synthesis of novel luminescent copper nanoclusters with substituent driven self-assembly and aggregation induced emission (AIE)', 'A redox modulatory SOD mimetic nanozyme prevents the formation of cytotoxic peroxynitrite and improves nitric oxide bioavailability in human endothelial cells', 'Antioxidant metal oxide nanozymes: role in cellular redox homeostasis and therapeutics', 'Highly stable pyrimidine based luminescent copper nanoclusters with superoxide dismutase mimetic and nitric oxide releasing activity']"
237,Dharmaraja Allimuthu,"Assistant Professor, IIT Kanpur",Chemical Biology and Drug Discovery,1656,https://scholar.google.com/citations?hl=en&user=yqeC5O8AAAAJ,17,20,"['Role of reactive oxygen species (ROS) in therapeutics and drug resistance in cancer and bacteria', 'Accumulation of 8, 9-unsaturated sterols drives oligodendrocyte formation and remyelination', 'Mycobacterium tuberculosis has diminished capacity to counteract redox stress induced by elevated levels of endogenous superoxide', 'Facile synthesis of nitroamino-1, 3, 4-oxadiazole with azo linkage: a new family of high-performance and biosafe energetic materials', 'Diverse chemical scaffolds enhance oligodendrocyte formation by inhibiting CYP51, TM7SF2, or EBP', '2-Chloropropionamide as a low-reactivity electrophile for irreversible small-molecule probe identification', 'Arylboronate ester based diazeniumdiolates (BORO/NO), a class of hydrogen peroxide inducible nitric oxide (NO) donors', 'Design, synthesis and evaluation of small molecule reactive oxygen species generators as selective Mycobacterium tuberculosis inhibitors', 'A small molecule for controlled generation of reactive oxygen species (ROS)', 'Mercury (II)–methylene blue interactions: Complexation and metallate formation']"
238,Vishal Agarwal,Indian Institute of Technology Kanpur,"Heterogeneous catalysis, Renewable Energy, DFT Calculations, Rare-event simulations",1653,https://scholar.google.com/citations?hl=en&user=gzF99IMAAAAJ,15,20,"['Catalytic molten metals for the direct conversion of methane to hydrogen and separable carbon', 'Ab initio dynamics of cellulose pyrolysis: Nascent decomposition pathways at 327 and 600 C', 'Simulating infrared spectra and hydrogen bonding in cellulose Iβ at elevated temperatures', 'Solute precipitate nucleation: A review of theory and simulation advances', 'Oxygen Vacancy Formation on α‑MoO3 Slabs and Ribbons', 'Simultaneous production of diacetone alcohol and mesityl oxide from acetone using reactive distillation', 'Spectroscopic signatures of nitrogen-substituted zeolites', 'Aldol condensation of acetone with reactive distillation using water as a selectivity enhancer', 'DFT study of nitrided zeolites: Mechanism of nitrogen substitution in HY and silicalite', 'Attainable regions of reactive distillation—Part I. Single reactant non-azeotropic systems']"
239,Lalit M. Pant,"Assistant Professor, Indian Institute of Technology Kanpur","Hydrogen Energy, electrochemical systems, electrolysis, fuel cells, numerical modeling",1643,https://scholar.google.com/citations?hl=en&user=-HCCrGsAAAAJ,20,21,"['Absolute permeability and Knudsen diffusivity measurements in PEMFC gas diffusion layers and micro porous layers', 'Continuum modeling of porous electrodes for electrochemical synthesis', 'Analysis of catalyst layer microstructures: from imaging to performance', 'Interfacial analysis of a PEM electrolyzer using X-ray computed tomography', 'Experimental study of mass transport in PEMFCs: Through plane permeability and molecular diffusivity in GDLs', 'Method—practices and pitfalls in voltage breakdown analysis of electrochemical energy-conversion systems', 'Along-the-channel impacts of water management and carbon-dioxide contamination in hydroxide-exchange-membrane fuel cells: a modeling study', 'Stochastic reconstruction using multiple correlation functions with different-phase-neighbor-based pixel selection', 'Multi scale characterization of coal structure for mass transport', 'Knudsen diffusivity and permeability of PEMFC microporous coated gas diffusion layers for different polytetrafluoroethylene loadings']"
240,Nalinaksh S. Vyas,"Professor of Mechanical Engineering, Indian Institute of Technology Kanpur","Rotor Dynamics, Parameter Estimation, Neural Networks, Railway Dynamics, Deep Learning",1642,https://scholar.google.com/citations?hl=en&user=SFCcy7kAAAAJ,23,33,"['What is engineering asset management?', 'Artificial neural network design for fault identification in a rotor-bearing system', 'Development of a cutting tool condition monitoring system for high speed turning operation by vibration and strain analysis', 'Non-linear parameter estimation with Volterra series using the method of recursive iteration through harmonic probing', 'Non-linear parameter estimation in multi-degree-of-freedom systems using multi-input Volterra series', 'Convergence analysis of Volterra series response of nonlinear systems subjected to harmonic excitation', 'Estimation of non-linear stiffness parameters of rolling element bearings from random response of rotor-bearing systems', 'Rail-wheel contact forces and track irregularity estimation from on-board accelerometer data', 'Dynamic stress analysis and a fracture mechanics approach to life prediction of turbine blades', 'Single and multi-label fault classification in rotors from unprocessed multi-sensor data through deep and parallel CNN architectures']"
241,Pranamesh Chakraborty,"Assistant Professor, IIT Kanpur","Transportation, Machine Learning, Computer Vision, Big Data",1638,https://scholar.google.com/citations?hl=en&user=NimM6-gAAAAJ,15,18,"['The 7th ai city challenge', 'Applications of deep learning in intelligent transportation systems', 'Traffic congestion detection from camera images using deep convolution neural networks', 'Evaluating the Reliability, Coverage, and Added Value of Crowdsourced Traffic Incident Reports from Waze', 'The 2019 AI city challenge.', 'The 2018 nvidia ai city challenge', 'The 8th ai city challenge', 'Deep convolutional generative adversarial networks for traffic data imputation encoding time series as images', 'A review of driver gaze estimation and application in gaze behavior understanding', 'Data-driven parallelizable traffic incident detection using spatio-temporally denoised robust thresholds']"
242,Ajay V. Singh,"Associate Professor, Indian Institute of Technology Kanpur","Combustion and Reacting Flows, Fire Dynamics, Flame Synthesis, Soot, Detonations",1630,https://scholar.google.com/citations?hl=en&user=WR7-qWwAAAAJ,19,36,"['Isolating the effect of induction length on detonation structure: Hydrogen–oxygen detonation promoted by ozone', 'A methodology for estimation of local heat fluxes in steady laminar boundary layer diffusion flames', 'Temperature', 'The effect of flow and geometry on concurrent flame spread', 'Flame-formed carbon nanoparticles exhibit quantum dot behaviors', 'The distillation curve and sooting propensity of a typical jet fuel', 'Sensitizing gaseous detonations for hydrogen/ethylene-air mixtures using ozone and H2O2 as dopants for application in rotating detonation engines', 'Estimation of local mass burning rates for steady laminar boundary layer diffusion  flames', 'Inhibition of hydrogen–oxygen/air gaseous detonations using CF3I, H2O, and CO2', 'Soot particle size distributions in premixed stretch-stabilized flat ethylene–oxygen–argon flames']"
243,Dr. Trailokya Saud,"National Aerosol Facility, IIT Kanpur",Atmospheric & Physical Sciences,1628,https://scholar.google.com/citations?hl=en&user=oR8XMfkAAAAJ,21,26,"['Emissions estimates of PAH from biomass fuels used in rural sector of Indo-Gangetic Plains of India', 'Variation of OC, EC, WSIC and trace metals of PM10 in Delhi, India', 'Stable carbon and nitrogen isotopic composition of bulk aerosols over India and northern Indian Ocean', 'Study of temporal variation in ambient air quality during Diwali festival in India', 'Emission estimates of organic and elemental carbon from household biomass fuel used over the Indo-Gangetic Plain (IGP), India', 'Emission estimates of particulate matter (PM) and trace gases (SO2, NO and NO2) from biomass fuels used in rural sector of Indo-Gangetic Plain, India', 'Seasonal variability of ambient NH3, NO, NO2 and SO2 over Delhi', 'Variation of ambient SO2 over Delhi', 'Spatial variation of chemical constituents from the burning of commonly used biomass fuels in rural areas of the Indo-Gangetic Plain (IGP), India', 'High seasonal variation of atmospheric C and particle concentrations in Delhi, India']"
244,Satish C Agarwal,"Emeritus Scientist, Physics Department, IIT Kanpur","Condensed Matter Physics, Semiconductors, Amorphous, nano crystallinr and crystalline",1627,https://scholar.google.com/citations?hl=en&user=d848H5IAAAAJ,17,31,"['Reversible photodarkening of amorphous arsenic chalcogens', 'Application of Bond Constraint Theory to the Switchable Optical Memory Material', 'Nature of localized states in amorphous semiconductors—a study by electron spin resonance', 'Fluorinated amorphous silicon-germanium alloys deposited from disilane-germane mixture', 'Persistent photoconductivity in doping-modulated multilayers and compensated thin films of hydrogenated amorphous silicon', 'AC conductivity in amorphous germanium', 'The Meyer–Neldel rule and hopping conduction', 'Thin film light emitting diode, photonic circuit employing said diode imager employing said circuits', 'Persistent photoconductivity in a− Si: H/a− Si N x: H layered structures', 'Attempts to measure thermally stimulated currents in chalcogenide glasses']"
245,Yashowanta N Mohapatra,Indian Institute of Technology Kanpur,"Semiconductors, Electronic Materials, Condesed Matter Experimental Physics",1614,https://scholar.google.com/citations?hl=en&user=Yoqn56gAAAAJ,23,48,"['Fatigue resistance in lead zirconate titanate thin ferroelectric films: Effect of cerium doping and frequency dependence', 'Mobility determination using frequency dependence of imaginary part of impedance (Im Z) for organic and polymeric thin films', 'White organic light-emitting diodes based on spectral broadening in electroluminescence due to formation of interfacial exciplexes', 'Dielectric constant of thin film graphitic carbon nitride (g-C3N4) and double dielectric Al2O3/g-C3N4', 'Electrical characterization of MeV heavy-ion-induced damage in silicon: Evidence for defect migration and clustering', 'Diffusive capacitance in space charge limited organic diodes: Analysis of peak in capacitance-voltage characteristics', 'Leakage mechanism of Ba0. 8Sr0. 2TiO3/ZrO2 multilayer thin films', 'Compound formation under local thermal spikes during ion-beam mixing: model and its experimental verification', 'Optical and microstructural characterization of sol/gel derived cerium-doped PZT thin films', 'Temperature‐time duality and deep level spectroscopies']"
246,Sai Prasad Pydi,"Assistant Professor, BSBE, IIT-Kanpur, India","GPCR Biology, Diabetes, Obesity, and  Drug Discovery",1605,https://scholar.google.com/citations?hl=en&user=VLWGR5gAAAAJ,25,34,"['Amino acid derivatives as bitter taste receptor (T2R) blockers', 'Bitter taste receptor T2R1 is activated by dipeptides and tripeptides', 'Structural basis of activation of bitter taste receptor T2R1 and comparison with Class A G-protein-coupled receptors (GPCRs)', 'Abscisic acid acts as a blocker of the bitter taste G protein-coupled receptor T2R4', 'Adipocyte β-arrestin-2 is essential for maintaining whole body glucose and energy homeostasis', 'Metabolic roles of G protein‐coupled receptor signaling in obesity and type 2 diabetes', 'Metabolic functions of G protein-coupled receptors in hepatocytes—potential applications for diabetes and NAFLD', 'Adipocyte Gi signaling is essential for maintaining whole-body glucose homeostasis and insulin sensitivity', 'The third intracellular loop plays a critical role in bitter taste receptor activation', 'Dextromethorphan mediated bitter taste receptor activation in the pulmonary circuit causes vasoconstriction']"
247,Jagdish Prasad Sahoo,"Professor, Department of Civil Engineering, Indian Institute of Technology Kanpur, India","Foundation Engineering, Stability of slopes and underground openings, Earth retaining structures",1602,https://scholar.google.com/citations?hl=en&user=7zZPgJQAAAAJ,21,45,"['Rutting prediction models for flexible pavement structures: A review of historical and recent developments', 'Stability of long unsupported twin circular tunnels in soils', 'Effect of lime stabilized soil cushion on strength behaviour of expansive soil', 'Stability of a circular tunnel in presence of pseudostatic seismic body forces', 'Seismic stability of a long unsupported circular tunnel', 'Upper bound solution for pullout capacity of vertical anchors in sand using finite elements and limit analysis', 'Bearing capacity of strip foundations reinforced with geogrid sheets by using upper bound finite‐element limit analysis', 'Analysis and design of two layered flexible pavement systems: A new mechanistic approach', 'Stability of unsupported vertical circular excavations', 'Support pressure for stability of circular tunnels driven in granular soil under water table']"
248,Amey Karkare,"Faculty, Department of Computer Science, IIT Kanpur","Compilers, Programming Languages, Program Synthesis",1599,https://scholar.google.com/citations?hl=en&user=WPLq_rQAAAAJ,15,19,"['Compiler error messages considered unhelpful: The landscape of text-based programming error message research', 'Program synthesis using natural language', 'A feasibility study of using automated program repair for introductory programming assignments', 'Compilation error repair: for the student programs, from the student programs', 'Automatic grading and feedback using program repair for introductory programming courses', 'Automatically Generating Problems and Solutions for Natural Deduction.', 'Heap reference analysis using access graphs', 'Scrawld: A dataset of real world ethereum smart contracts labelled with vulnerabilities', 'Targeted example generation for compilation errors', 'Characterizing the pedagogical benefits of adaptive feedback for compilation errors by novice programmers']"
249,Shashank Shekhar,"Professor, IIT Kanpur","physical metallurgy, grain boundary, triple junction, machining, severe plastic deformation",1594,https://scholar.google.com/citations?hl=en&user=nuk_RT0AAAAJ,23,48,"['Development of gradient microstructure in mild steel and grain size dependence of its electrochemical response', 'What does it mean to be special? The significance and application of the Brandon criterion', 'Microstructural inhomogeneity in constrained groove pressed Cu-Zn alloy sheet', 'Fretting wear of Mg–Li–Al based alloys', 'Influence of Si content on the microstructure and mechanical properties of silicon stainless steel', 'Nanotwinned microstructures from low stacking fault energy brass by high-rate severe plastic deformation', 'Mapping subgrain sizes resulting from severe simple shear deformation', 'Strain fields and energies of grain boundary triple junctions', 'Effect of severe plastic deformation in machining elucidated via rate-strain-microstructure mappings', 'Effect of machining configuration on the corrosion of mild steel']"
