Name,Affiliation,Interests,Cited By,Profile URL,h-index,i10-index,Research Papers
Prof Prafulla Kumar  Behera,"Professor of Physics, Indian Institute of Technology Madras",Experimental High Energy Physics,289929,https://scholar.google.com/citations?hl=en&user=mScZ5g4AAAAJ,239,1538,"['Observation of a new particle in the search for the Standard Model Higgs boson with the ATLAS detector at the LHC', 'The ATLAS simulation infrastructure', 'Luminosity determination in pp collisions at  = 8 TeV using the ATLAS detector at the LHC', 'Performance of the ATLAS trigger system in 2015', 'Particle-flow reconstruction and global event description with the CMS detector', 'Jet energy measurement with the ATLAS detector in proton-proton collisions at sqrt (s)= 7 TeV', 'The belle detector', 'Expected performance of the ATLAS experiment-detector, trigger and physics', 'Electron performance measurements with the ATLAS detector using the 2010 LHC proton-proton collision data', 'Extraction and validation of a new set of CMS PYTHIA8 tunes from underlying-event measurements']"
Chandra Kant Mishra IITM,IIT Madras,Gravitational waves,133952,https://scholar.google.com/citations?hl=en&user=t_Vg41AAAAAJ,113,218,"['Observation of gravitational waves from a binary black hole merger', 'GW170817: observation of gravitational waves from a binary neutron star inspiral', 'Advanced ligo', 'GWTC-1: a gravitational-wave transient catalog of compact binary mergers observed by LIGO and Virgo during the first and second observing runs', 'Tests of general relativity with GW150914', 'GWTC-3: Compact binary coalescences observed by LIGO and Virgo during the second part of the third observing run', 'Gravitational waves and gamma-rays from a binary neutron star merger: GW170817 and GRB 170817A', 'GWTC-2: Compact binary coalescences observed by LIGO and Virgo during the first half of the third observing run', 'GW170817: Measurements of neutron star radii and equation of state', 'GW170104: observation of a 50-solar-mass binary black hole coalescence at redshift 0.2']"
Mukesh Doble,"Distinguished Prof, Saveetha Dental college, Retd Prof IITM","Drug design, Biomaterials, Bioengineering",48509,https://scholar.google.com/citations?hl=en&user=Uywm3i4AAAAJ,76,285,"['Perry’s chemical engineers’ handbook', 'Synergism between natural products and antibiotics against infectious diseases', 'Biodegradation of polyethylene and polypropylene', 'Marine microbe-mediated biodegradation of low-and high-density polyethylenes', 'Biodegradation of aliphatic and aromatic polycarbonates', 'Biofilm formation, bacterial adhesion and host response on polymeric implants—issues and prevention', 'Design of biocomposite materials for bone tissue regeneration', 'Potential synergism of natural products in the treatment of cancer', 'Mechanism of action of natural products used in the treatment of diabetes mellitus', 'Synergistic interaction of eugenol with antibiotics against Gram negative bacteria']"
Thalappil Pradeep,Indian Institute of Technology Madras,Molecular and nanoscale materials,47274,https://scholar.google.com/citations?hl=en&user=CKZsjjcAAAAJ,98,509,"['Nanofluids: science and technology', 'Atomically precise clusters of noble metals: emerging link between atoms and nanoparticles', 'Effect of nanoscale zinc oxide particles on the germination, growth and yield of peanut', 'Potential of silver nanoparticle‐coated polyurethane foam as an antibacterial water filter', 'Coalescence of Nanoclusters and Formation of Submicron Crystallites Assisted by Lactobacillus Strains', 'Thermal conductivities of naked and monolayer protected metal nanoparticle based nanofluids: Manifestation of anomalous enhancement and chemical effects', 'Noble metal nanoparticles for water purification: a critical review', 'Model for heat conduction in nanofluids', 'Anisotropic nanomaterials: structure, growth, assembly, and functions', 'Reduced graphene oxide–metal/metal oxide composites: facile synthesis and application in water purification']"
BS Murty,IIT Madras,Nano Materials,31992,https://scholar.google.com/citations?hl=en&user=2roOB5gAAAAJ,83,391,"['High-entropy alloys', 'Grain refinement of aluminium and its alloys by heterogeneous nucleation and alloying', 'Decomposition in multi-component AlCoCrCuFeNi high-entropy alloy', 'Novel materials synthesis by mechanical alloying/milling', 'High-entropy alloys by mechanical alloying: A review', 'Bulk tracer diffusion in CoCrFeNi and CoCrFeMnNi high entropy alloys', 'Alloying behavior in multi-component AlCoCrCuFe and NiCoCrCuFe high entropy alloys', 'Synthesis and characterization of nanocrystalline AlFeTiCrZnCu high entropy solid solution by mechanical alloying', 'Thermal spray high-entropy alloy coatings: a review', 'Tensile and wear behaviour of in situ Al–7Si/TiB2 particulate composites']"
Sarit Kumar Das,"Institute Professor, IIT Madras","BioMicrofluidics, Nanofluids, Battery cooling, Multiphase flow in microsystems, Thermal hydraulics in nuclear and fuel cell …",29970,https://scholar.google.com/citations?hl=en&user=lhVJay4AAAAJ,63,214,"['Temperature dependence of thermal conductivity enhancement for nanofluids', 'Nanofluids', 'Heat transfer in nanofluids—a review', 'Pool boiling characteristics of nano-fluids', 'A benchmark study on the thermal conductivity of nanofluids', 'Natural convection of nano-fluids', 'Computationally guided photothermal tumor therapy using long-circulating gold nanorod antennas', 'Thermal conductivities of naked and monolayer protected metal nanoparticle based nanofluids: Manifestation of anomalous enhancement and chemical effects', 'Effect of particle size on the convective heat transfer in nanofluid in the developing region', 'Model for heat conduction in nanofluids']"
S. Subramanian,Indian Institute of Technology Madras,Physical sicneces   Magnetic resonancne …,28603,https://scholar.google.com/citations?hl=en&user=iDTlsngAAAAJ,81,429,"['Sensitivity-enhanced two-dimensional heteronuclear shift correlation NMR spectroscopy', 'Porous Solids by Design: [Zn(4,4′‐bpy)2(SiF6)]n·xDMF, a Single Framework Octahedral Coordination Polymer with Large Square Channels', 'A Tlr7 translocation accelerates systemic autoimmunity in murine lupus', 'Exploitation of the hydrogen bond: recent developments in the context of crystal engineering', 'The DNA sequence and biological annotation of human chromosome 1', 'Extracellular polymeric substances (EPS) producing bacterial strains of municipal wastewater sludge: isolation, molecular identification, EPS characterization and performance\xa0…', 'Interwoven two- and three-dimensional coordination polymers through self-assembly of CuI cations with linear bidentate ligands', 'Overhauser enhanced magnetic resonance imaging for tumor oximetry: coregistration of tumor anatomy and tissue oxygen concentration', 'COVID-19: Impact analysis and recommendations for power sector operation', 'Nitrates in the environment: A critical review of their distribution, sensing techniques, ecological effects and remediation']"
Balasubramanian Viswanathan,"Indian Institute of Technology, Madras",Catalysis,23254,https://scholar.google.com/citations?hl=en&user=f3U_p4QAAAAJ,78,314,"['Synthesis, characterization, electronic structure, and photocatalytic activity of nitrogen-doped TiO2 nanocatalyst', 'Biosynthesis of silver nanoparticles using Citrus sinensis peel extract and its antibacterial activity', 'Anode catalysts for direct methanol fuel cells in acidic media: do we have any alternative for Pt or Pt–Ru?', 'Mesoporous carbon nitrides: synthesis, functionalization, and applications', 'Ferrite materials: science and technology', 'Magnesium and magnesium alloy hydrides', 'Alternate synthetic strategy for the preparation of CdS nanoparticles and its exploitation for water splitting', 'Effect of surface area, pore volume and particle size of P25 titania on the phase transformation of anatase to rutile', 'Surface acidity of MCM-41 by in situ IR studies of pyridine adsorption', 'Thermal decomposition as route for silver nanoparticles']"
M. Michael Gromiha,Indian Institute of Technology Madras,,18597,https://scholar.google.com/citations?hl=en&user=8LsqFdUAAAAJ,68,272,"['CUPSAT: prediction of protein stability upon point mutations', 'ProTherm and ProNIT: thermodynamic databases for proteins and protein–nucleic acid interactions', 'ProTherm, version 4.0: thermodynamic database for proteins and mutants', 'Computational studies of drug repurposing and synergism of lopinavir, oseltamivir and ritonavir binding with SARS-CoV-2 protease against COVID-19', 'COVID-19 outbreak: history, mechanism, transmission, structural studies and therapeutics', 'Analysis and prediction of DNA-binding proteins and their binding residues based on composition, sequence and structural information', 'Inter-residue interactions in protein folding and stability', 'Comparison between long-range interactions and contact order in determining the folding rate of two-state proteins: application of long-range order to folding rate prediction', 'Prediction of RNA binding sites in a protein using SVM and PSSM profile', 'Identification of DNA-binding proteins using support vector machines and evolutionary profiles']"
chandrasekharan rajendran,IIT Madras,"Production and Operations Management, Quality Management",17908,https://scholar.google.com/citations?hl=en&user=xBzpRysAAAAJ,66,163,"['The relationship between service quality and customer satisfaction–a factor specific approach', 'Determinants of customer‐perceived service quality: a confirmatory factor analysis approach', 'Ant-colony algorithms for permutation flowshop scheduling to minimize makespan/total flowtime of jobs', 'Customer perceptions of service quality: A critique', 'Patient‐perceived dimensions of total quality service in healthcare', 'A comparative study of dispatching rules in dynamic flowshops and jobshops', 'A holistic model for total quality service', 'Efficient dispatching rules for scheduling in a job shop', 'Service quality and its impact on customer satisfaction in Indian hospitals: Perspectives of patients and their attendants', 'A conceptual model for total quality management in service organizations']"
Raghunathan Rengaswamy,"Professor of Chemical Engineering, IIT Madras",Process Systems Engineering - Fuel Cell …,16906,https://scholar.google.com/citations?hl=en&user=WOCWpzwAAAAJ,49,148,"['A review of process fault detection and diagnosis: Part I: Quantitative model-based methods', 'A review of process fault detection and diagnosis: Part III: Process history based methods', 'A review of process fault detection and diagnosis: Part II: Qualitative models and search strategies', 'A syntactic pattern-recognition approach for process monitoring and fault diagnosis', 'A review of solid oxide fuel cell (SOFC) dynamic models', 'Fault diagnosis using dynamic trend analysis: A review and recent developments', 'Locating sensors in complex chemical plants based on fault diagnostic observability criteria', 'Robust and reliable estimation via unscented recursive nonlinear dynamic data reconciliation', 'Application of signed digraphs-based analysis for fault diagnosis of chemical process flowsheets', 'Fuzzy-logic based trend classification for fault diagnosis of chemical processes']"
Venkatesan Subramanian,Indian Institute of Technology Madras,"Theoretical and Computational Chemistry, Biophysics of Collagen, Biomacromolecules Structure",15663,https://scholar.google.com/citations?hl=en&user=o7ttu1gAAAAJ,61,242,"['Bader’s theory of atoms in molecules (AIM) and its applications to chemical bonding', 'Electrophilicity-based charge transfer descriptor', 'Electrophilicity index as a possible descriptor of biological activity', 'Hydrogen bonding without borders: an atoms-in-molecules perspective', 'Application of quantum chemical descriptor in quantitative structure activity and structure property relationship', 'Intermolecular reactivity through the generalized philicity concept', 'Interaction of DNA with [Cr (Schiff base)(H2O) 2] ClO4', 'Comparison of global reactivity descriptors calculated using various density functionals: a QSAR perspective', 'Electrophilicity as a possible descriptor for toxicity prediction', 'Stabilization of collagen using plant polyphenol: role of catechin']"
Ashok Kumar Mishra,"Professor of Physical Chemistry, Indian Institute of Technology-Madras","Fluorescence Spectroscopy, Excited state prototropism, Analytical Photochemistry, Chemometrics, Fiber Optics",15299,https://scholar.google.com/citations?hl=en&user=N_rqztMAAAAJ,57,355,"['Inner filter effect in fluorescence spectroscopy: As a problem and as a solution', 'Recent developments in multicomponent synchronous fluorescence scan analysis', 'Technology Adoption and Off-Farm Household Income: The Case ofHerbicide-Tolerant Soybeans', 'the Economic Well-Being of Farm Households', 'Off-farm income, technology adoption, and farm economic performance', 'Health status and health care access of farm and rural populations', 'Fluorescence spectroscopic study of serum albumin–bromadiolone interaction: fluorimetric determination of bromadiolone', 'Role of fungi in the deterioration of wall paintings', 'Safety of ashwagandha root extract: a randomized, placebo-controlled, study in healthy volunteers', 'Total synchronous fluorescence scan spectra of petroleum products']"
Manu Santhanam,"Professor, IIT Madras","Cement chemistry and microstructure, concrete durability",15294,https://scholar.google.com/citations?hl=en&user=bCnS1poAAAAJ,55,129,"['Mechanical properties and durability performance of concretes with Limestone Calcined Clay Cement (LC3)', 'Mechanical properties of high strength concrete reinforced with metallic and non-metallic fibres', 'Sulfate attack research—whither now?', 'Mechanism of sulfate attack: A fresh look: Part 1: Summary of experimental results', '3D printable concrete: Mixture design and test methods', 'Mechanism of sulfate attack: a fresh look: Part 2. Proposed mechanisms', 'Performance evaluation of sugarcane bagasse ash blended cement in concrete', 'Service life and life cycle assessment of reinforced concrete systems with limestone calcined clay cement (LC3)', 'Assessment of pore structure evolution in the limestone calcined clay cementitious system and its implications for performance', 'Sustainable materials for 3D concrete printing']"
RadhaKrishna Ganti,"Assistant Professor, IIT Madras, Chennai","Communication Systems, Cellular Networks, Stochastic geometry, Information Theory, Full-duplex radios",14859,https://scholar.google.com/citations?hl=en&user=ZKOZPcEAAAAJ,31,62,"['A tractable approach to coverage and rate in cellular networks', 'Stochastic geometry and wireless networks', 'Modeling and analysis of K-tier downlink heterogeneous cellular networks', 'Interference in large wireless networks', 'Analytical evaluation of fractional frequency reuse for OFDMA cellular networks', 'A primer on spatial modeling and analysis in wireless networks', 'Interference and Outage in Clustered Wireless Ad Hoc Networks', 'Towards understanding the fundamentals of mobility in cellular networks', 'Comparison of fractional frequency reuse approaches in the OFDMA cellular downlink', 'On the throughput cost of physical layer security in decentralized wireless networks']"
KG Pradeep,"Indian Institute of Technology Madras, Chennai","Combinatorial Alloy Design, Magnetic materials, Field ion Microscopy and Atom Probe …, Amorphous and Nanocrystalline ma",14283,https://scholar.google.com/citations?hl=en&user=oEtyMLIAAAAJ,41,77,"['Metastable high-entropy dual-phase alloys overcome the strength–ductility trade-off', 'Decomposition of the single-phase high-entropy alloy CrMnFeCoNi after prolonged anneals at intermediate temperatures', 'Design of a twinning-induced plasticity high entropy alloy', 'A TRIP-assisted dual-phase high-entropy alloy: grain size and phase fraction effects on deformation behavior', 'A novel, single phase, non-equiatomic FeMnNiCoCr high-entropy alloy with exceptional phase stability and tensile ductility', 'Bulk tracer diffusion in CoCrFeNi and CoCrFeMnNi high entropy alloys', 'High-Entropy Alloys as Catalysts for the CO2 and CO Reduction Reactions: Experimental Realization', 'Thermal stability and grain boundary strengthening in ultrafine-grained CoCrFeNi high entropy alloy composite', 'Phase stability of non-equiatomic CoCrFeMnNi high entropy alloys', 'Non-equiatomic high entropy alloys: Approach towards rapid alloy screening and property-oriented design']"
G. Ranga Rao,"Professor of Chemistry, Indian Institute of Technology Madras","Materials Chemistry, Heterogeneous Catalysis, Solid State Electrochemistry, Energy storage and",13342,https://scholar.google.com/citations?hl=en&user=tHlEUtoAAAAJ,57,162,"['Ultralayered Co3O4 for high-performance supercapacitor applications', 'Rh-loaded CeO2-ZrO2 solid-solutions as highly efficient oxygen exchangers: dependence of the reduction behavior and the oxygen storage capacity on the structural-properties', 'Microwave-mediated synthesis for improved morphology and pseudocapacitance performance of nickel oxide', 'Tuning of capacitance behavior of NiO using anionic, cationic, and nonionic surfactants by hydrothermal synthesis', 'Nanoscale morphology dependent pseudocapacitance of NiO: Influence of intercalating anions during synthesis', 'Effect of microwave on the nanowire morphology, optical, magnetic, and pseudocapacitance behavior of Co3O4', 'Reduction of NO over Partially Reduced Metal-Loaded CeO2–ZrO2 Solid Solutions', 'XRD and UV-Vis diffuse reflectance analysis of CeO 2-ZrO 2 solid solutions synthesized by combustion method', 'Pine-cone morphology and pseudocapacitive behavior of nanoporous nickel oxide', 'Construction of ternary hybrid layered reduced graphene oxide supported g-C3N4-TiO2 nanocomposite and its photocatalytic hydrogen production activity']"
Reddy KS,"Professor, Department of Mechanical Engineering, IIT Madras","Solar Energy, Energy & Environment, Heat Transfer",13341,https://scholar.google.com/citations?hl=en&user=PwkbWWAAAAAJ,63,184,"['A review of solar energy driven desalination technologies', 'Review of latent heat thermal energy storage for improved material stability and effective load management', 'COVID-19: Impact analysis and recommendations for power sector operation', 'Solar resource estimation using artificial neural networks and comparison with other correlation models', 'Thermal analysis of solar parabolic trough with porous disc receiver', 'Nano-enhanced Phase Change Material for thermal management of BICPV', '4-E (Energy, Exergy, Environment, and Economic) analysis of solar thermal aided coal-fired power plants', 'A review of Integration, Control, Communication and Metering (ICCM) of renewable energy based smart grid', 'Performance enhancement of a Building-Integrated Concentrating Photovoltaic system using phase change material', 'Experimental investigation of porous disc enhanced receiver for solar parabolic trough collector']"
Rajnish Kumar,"Professor, Department of Chemical Engineering; Indian Institute of Technology Madras","CO2 Capture & Sequestration, Direct Air Capture, Gas Hydrates, Water Purification, Hydrogen Storage",13129,https://scholar.google.com/citations?hl=en&user=P21tbTMAAAAJ,59,123,"['A review of the hydrate based gas separation (HBGS) process for carbon dioxide pre-combustion capture', 'The clathrate hydrate process for post and pre-combustion capture of carbon dioxide', 'Synthesis of biodiesel in supercritical fluids', 'Hydrogen storage in clathrate hydrates: Current state of the art and future directions', 'Role of surfactants in promoting gas hydrate formation', 'Gas hydrate formation from hydrogen/carbon dioxide and nitrogen/carbon dioxide gas mixtures', 'A new apparatus to enhance the rate of gas hydrate formation: Application to capture of carbon dioxide', 'Rapid methane hydrate formation to develop a cost effective large scale energy storage system', 'Pre-combustion capture of carbon dioxide in a fixed bed reactor using the clathrate hydrate process', 'Influence of contact medium and surfactants on carbon dioxide clathrate hydrate kinetics']"
Tanmay Basak,"Professor, Chemical Engineering, Indian Insttitute of Technology Madras","Computational Thermo-Fluids, Convection-Energy Flow, Convection-Bifurcation, Finite Element, Microwave-Thermal Transport",12902,https://scholar.google.com/citations?hl=en&user=eFEoz98AAAAJ,54,196,"['Microwave food processing—A review', 'A review on the susceptor assisted microwave processing of materials', 'Effects of thermal boundary conditions on natural convection flows within a square cavity', 'Natural convection in a square cavity filled with a porous medium: effects of various thermal boundary conditions', 'Microwave material processing—a review', 'Studies on natural convection within enclosures of various (non-square) shapes–A review', 'Finite element analysis of natural convection flows in a square cavity with non-uniformly heated wall (s)', 'Heatline analysis on natural convection for nanofluids confined within square cavities with various thermal boundary conditions', 'Analysis of mixed convection flows within a square cavity with uniform and non-uniform heating of bottom wall', 'Heat flow analysis for natural convection within trapezoidal enclosures based on heatline concept']"
Ganapathy Krishnamurthi,Professor at IIT-Madras,medical imaging,12729,https://scholar.google.com/citations?hl=en&user=TXjlCH4AAAAJ,33,52,"['Deep learning techniques for automatic MRI cardiac multi-structures segmentation and diagnosis: is the problem solved?', 'Identifying the best machine learning algorithms for brain tumor segmentation, progression assessment, and overall survival prediction in the BRATS challenge', 'The liver tumor segmentation benchmark (lits)', 'Fully convolutional multi-scale residual DenseNets for cardiac segmentation and automated cardiac diagnosis using ensemble of classifiers', 'Longitudinal multiple sclerosis lesion segmentation: resource and challenge', 'A generalized deep learning framework for whole-slide image segmentation and analysis', '2018 robotic scene segmentation challenge', 'PAIP 2019: Liver cancer segmentation challenge', 'Densely connected fully convolutional network for short-axis cardiac cine MR image segmentation and heart diagnosis using random forest', 'Data mining framework for fatty liver disease classification in ultrasound: a hybrid feature extraction paradigm']"
Aravind Kumar Chandiran,"Associate Prof. - Chem. Engg., Head - Hyundai HTWO Innovation Centre - A CoE in …","Green Hydrogen, Water splitting, Photovoltaics, Photoelectrochemistry, Solar energy",12550,https://scholar.google.com/citations?hl=en&user=D18I3fcAAAAJ,27,42,"['Porphyrin-sensitized solar cells with cobalt (II/III)–based redox electrolyte exceed 12 percent efficiency', 'Mesoscopic CH3NH3PbI3/TiO2 Heterojunction Solar Cells', 'Analysis of Electron Transfer Properties of ZnO and TiO2 Photoanodes for Dye-Sensitized Solar Cells', 'Subnanometer Ga2O3 Tunnelling Layer by Atomic Layer Deposition to Achieve 1.1 V Open-Circuit Potential in Dye-Sensitized Solar Cells', 'Yttrium-substituted nanocrystalline TiO2 photoanodes for perovskite based heterojunction solar cells', 'Doping a TiO2 Photoanode with Nb5+ to Enhance Transparency and Charge Collection Efficiency in Dye-Sensitized Solar Cells', 'Sub-nanometer conformal TiO2 blocking layer for high efficiency solid-state perovskite absorber solar cells', 'The role of insulating oxides in blocking the charge carrier recombination in dye‐sensitized solar cells', 'Controlled synthesis of TiO2 nanoparticles and nanospheres using a microwave assisted approach for their application in dye-sensitized solar cells', 'Cs2PtI6 Halide Perovskite is Stable to Air, Moisture, and Extreme pH: Application to Photoelectrochemical Solar Water Oxidation']"
KP SUDHEER,Indian Institute of Technology Madras,"Hydrologic Modeling, Predictions in Ungauged Basins, Soft computing applications to thydrology",12345,https://scholar.google.com/citations?hl=en&user=4Su88eYAAAAJ,51,121,"['Methods used for the development of neural networks for the prediction of water resource variables in river systems: Current status and future directions', 'A neuro-fuzzy computing technique for modeling hydrological time series', 'A data‐driven algorithm for constructing artificial neural network rainfall‐runoff models', 'Groundwater level forecasting in a shallow aquifer using artificial neural network approach', 'Sensitivity and identifiability of stream flow generation parameters of the SWAT model', 'Short‐term flood forecasting with a neurofuzzy model', 'Estimating actual evapotranspiration from limited climatic data using neural computing technique', 'Rainfall‐runoff modelling using artificial neural networks: comparison of network types', 'Modelling evaporation using an artificial neural network algorithm', 'Fitting of hydrologic models: a close look at the Nash–Sutcliffe index']"
Ramesh L. Gardas,"Professor, Indian Institute of Technology Madras","Chemical Sciences, Physical Chemistry, Ionic Liquids, Thermodynamics, Sustainability",12039,https://scholar.google.com/citations?hl=en&user=XMS4hv0AAAAJ,56,201,"['Mutual solubilities of water and hydrophobic ionic liquids', 'High-pressure densities and derived thermodynamic properties of imidazolium-based ionic liquids', 'Revisiting the physicochemical properties and applications of deep eutectic solvents', 'Mutual solubilities of water and the [C n mim][Tf2N] hydrophobic ionic liquids', 'Group contribution methods for the prediction of thermophysical and transport properties of ionic liquids', 'A group contribution method for viscosity estimation of ionic liquids', 'PρT Measurements of Imidazolium-Based Ionic Liquids', 'Extension of the Ye and Shreeve group contribution method for density estimation of ionic liquids in a wide range of temperatures and pressures', 'Densities and derived thermodynamic properties of imidazolium-, pyridinium-, pyrrolidinium-, and piperidinium-based ionic liquids', 'Thermophysical properties of ionic liquids']"
Sundararajan Natarajan,"Department of Mechanical Engineering, Indian Institute of Technology-Madras","Computational Mechanics, moving boundary problems, multi-physics problems",11588,https://scholar.google.com/citations?hl=en&user=-JHtQpIAAAAJ,56,204,"['NURBS-based finite element analysis of functionally graded plates: static bending, vibration, buckling and flutter', 'Strain smoothing in FEM and XFEM', 'Bending and vibration of functionally graded material sandwich plates using an accurate theory', 'Size-dependent free flexural vibration behavior of functionally graded nanoplates', 'Phase field modelling of crack propagation in functionally graded materials', 'Numerical integration over arbitrary polygonal domains based on Schwarz–Christoffel conformal mapping', 'Nonlinear free flexural vibrations of functionally graded rectangular and skew plates under thermal environments', 'An adaptive singular ES-FEM for mechanics problems with singular field of arbitrary order', 'A review of the scaled boundary finite element method for two-dimensional linear elastic fracture mechanics', 'Application of higher-order structural theory to bending and free vibration analysis of sandwich plates with CNT reinforced composite facesheets']"
Ligy Philip,Indian Institute of Technology Madras,"Water and wastewater treatment, Reuse and recycle, Emerging contaminat removal, sanitation",11466,https://scholar.google.com/citations?hl=en&user=sDQxkIAAAAAJ,57,165,"['Manganese-oxide-coated alumina: a promising sorbent for defluoridation of water', 'Enhanced fluoride removal from drinking water by magnesia-amended activated alumina granules', 'Electron competition among nitrogen oxides reduction during methanol-utilizing denitrification in wastewater treatment', 'Photocatalytic degradation of lindane under UV and visible light using N-doped TiO2', 'Biosorption of chromium species by aquatic weeds: kinetics and mechanism studies', 'Bioremediation of chromium contaminated soil: optimization of operating parameters under laboratory conditions', 'Adsorption and desorption characteristics of hydrophobic pesticide endosulfan in four Indian soils', 'Bioremediation of Cr (VI) in contaminated soils', 'Biosorption of hexavalent and trivalent chromium by palm flower (Borassus aethiopum)', 'Cr(VI) Reduction by Bacillus coagulans Isolated from Contaminated Soils']"
Krishna Moorthy Sivalingam,"Professor, Indian Institute of Technology Madras",Computer Networks,11141,https://scholar.google.com/citations?hl=en&user=mn54pyMAAAAJ,44,129,"['Data gathering in sensor networks using the energy delay metric', 'Data gathering algorithms in sensor networks using energy metrics', 'A survey of energy efficient network protocols for wireless networks', 'Wireless sensor networks', 'CDMA mobile station wireless transmission power management with adaptive scheduling priorities based on battery power level', 'Dynamic resource allocation schemes during handoff for mobile multimedia wireless networks', 'A comparison of MAC protocols for wireless local networks based on battery power consumption', 'Optical WDM networks: Principles and practice', 'Adaptive frequency channel assignment based on battery power level in wireless access protocols', 'Call admission control for voice/data integrated cellular networks: performance analysis and comparative study']"
Krishnan Balasubramaniam,Indian Institute of Technology,"Non-destructive Evaluation, NDT, NDE, QNDE, Ultrasonics",11138,https://scholar.google.com/citations?hl=en&user=yYFBxAwAAAAJ,57,245,"['Review of Progress in Quantitative Nondestructive Evaluation', 'Functionalized graphene reinforced thermoplastic nanocomposites as strain sensors in structural health monitoring', 'Interaction of the primary anti-symmetric Lamb mode (Ao) with symmetric delaminations: numerical and experimental studies', 'Laser ultrasonic inspection of additive manufactured components', 'Creep damage assessment in titanium alloy using a nonlinear ultrasonic technique', 'Waveguide technique for the simultaneous measurement of temperature dependent properties of materials', 'One-pot synthesis of conducting graphene–polymer composites and their strain sensing application', 'Interaction of guided Lamb waves with an asymmetrically located delamination in a laminated composite plate', 'Structural health monitoring of composite structures using Lamb wave tomography', 'Automatic defect identification using thermal image analysis for online weld quality monitoring']"
Jitendra Sangwai,"Fellow, INAE, NASc & Professor, Chemical Engineering, IIT Madras; Associate Editor …","Petroleum Engineering, Natural Gas Engineering, CCUS, Environmental Engineering, Nanotechnology",11042,https://scholar.google.com/citations?hl=en&user=pO3TYREAAAAJ,59,184,"['Effect of CuO and ZnO nanofluids in xanthan gum on thermal, electrical and high pressure rheology of water-based drilling fluids', 'Silica nanofluids in an oilfield polymer polyacrylamide: interfacial properties, wettability alteration, and applications for chemical enhanced oil recovery', 'Comprehensive review on the role of surfactants in the chemical enhanced oil recovery process', 'Thermal stability of oil-in-water Pickering emulsion in the presence of nanoparticle, surfactant, and polymer', 'A review of the supercritical CO2 fluid applications for improved oil and gas production and associated carbon storage', 'Effect of a novel clay/silica nanocomposite on water-based drilling fluids: Improvements in rheological and filtration properties', 'Formation and dissociation kinetics of methane hydrates in seawater and silica sand', 'Effect of nanofluids of CuO and ZnO in polyethylene glycol and polyvinylpyrrolidone on the thermal, electrical, and filtration-loss properties of water-based drilling fluids', 'Effect of silica sand size on the formation kinetics of CO2 hydrate in porous media in the presence of pure water and seawater relevant for CO2 sequestration', 'Energy recovery from simulated clayey gas hydrate reservoir using depressurization by constant rate gas release, thermal stimulation and their combinations']"
"K.Ramamurthy, Ph.D.,","Building Tech.& Const. Mgt Div., Dept. of Civil Engg., IIT Madras, Chennai, India","Foam concrete, Aerated concrete, Light weight aggregate concrete, Sustainable Building Technology",10986,https://scholar.google.com/citations?hl=en&user=FHVpuHsAAAAJ,47,74,"['A classification of studies on properties of foam concrete', 'Structure and properties of aerated concrete: a review', 'Influence of parent concrete on the properties of recycled aggregate concrete', 'Air‐void characterisation of foam concrete', 'Influence of filler type on the properties of foam concrete', 'Sorption characteristics of foam concrete', 'Models relating mixture composition to the density and strength of foam concrete using response surface methodology', 'Fresh state characteristics of foam concrete', 'Microstructural investigations on aerated concrete', 'Influence of binders on properties of sintered fly ash aggregate']"
Dr. R. JAYAGANTHAN,"Professor, Department of Engineering Design, IIT Madras","Additive Manufacturing, Fatigue & Fracture Mechanics, Impact Mechanics, FEA, Machine Learning Based Life Time Prediction …",10963,https://scholar.google.com/citations?hl=en&user=7tJDBfAAAAAJ,58,229,"['A study on the mechanical properties of cryorolled Al–Mg–Si alloy', 'Hot corrosion behavior of detonation gun sprayed Cr3C2–NiCr coatings on Ni and Fe-based superalloys in Na2SO4–60% V2O5 environment at 900° C', 'Effect of ageing on microstructure and mechanical properties of bulk, cryorolled, and room temperature rolled Al 7075 alloy', 'Evaluation of cyclic hot corrosion behaviour of detonation gun sprayed Cr3C2–25% NiCr coatings on nickel-and iron-based superalloys', 'Microstructural characterizations of magnetron sputtered Ti films on glass substrate', 'Structural characterizations of magnetron sputtered nanocrystalline TiN thin films', 'A study on sliding and erosive wear behaviour of atmospheric plasma sprayed conventional and nanostructured alumina coatings', 'Mechanical properties and microstructural evolution of Al 6061 alloy processed by multidirectional forging at liquid nitrogen temperature', 'Development of ultrafine grained high strength age hardenable Al 7075 alloy by cryorolling', 'Influence of working environment and built orientation on the tensile properties of selective laser melted AlSi10Mg alloy']"
Dr TS Sampath Kumar,"Professor Emeritus, Medical Materials Laboratory, Indian Institute of Technology Madras","Nanostructured biomaterials, antimicrobial ceramics and delivery systems, injectable bone cements and value added …",10841,https://scholar.google.com/citations?hl=en&user=TiNVPS4AAAAJ,53,159,"['Nano-based drug delivery systems: Conventional drug delivery routes, recent developments and future prospects', 'Design of biocomposite materials for bone tissue regeneration', 'Antibacterial nanosized silver substituted hydroxyapatite: synthesis and characterization', 'Development of hydroxyapatite derived from Indian coral', 'A novel route for synthesis of nanocrystalline hydroxyapatite from eggshell waste', 'Mineralization of osteoblasts with electrospun collagen/hydroxyapatite nanofibers', 'Biocomposite nanofibres and osteoblasts for bone tissue engineering', 'Microwave-assisted copper-catalyzed preparation of diaryl chalcogenides', 'Strontium‐substituted calcium deficient hydroxyapatite nanoparticles: synthesis, characterization, and antibacterial properties', 'Effect of deacetylation time on the preparation, properties and swelling behavior of chitosan films']"
Aamod V. Desai,IIT Madras,"Metal-Organic Frameworks, Porous Materials, Sustainable Chemistry",10749,https://scholar.google.com/citations?hl=en&user=DD3gTy4AAAAJ,44,71,"['Metal–organic frameworks: functional luminescent and photonic materials for sensing applications', 'A fluorescent metal–organic framework for highly selective detection of nitro explosives in the aqueous phase', 'Hydrogen‐bonded organic frameworks (HOFs): a new class of porous crystalline proton‐conducting materials', 'Advanced porous materials for sensing, capture and detoxification of organic pollutants toward water remediation', 'A water‐stable cationic metal–organic framework as a dual adsorbent of oxoanion pollutants', '2021 roadmap for sodium-ion batteries', 'Selective and sensitive aqueous‐phase detection of 2, 4, 6‐trinitrophenol (TNP) by an amine‐functionalized metal–organic framework', 'Ionic metal-organic frameworks (iMOFs): Design principles and applications', 'Guest-responsive metal–organic frameworks as scaffolds for separation and sensing applications', 'Engineering metal–organic frameworks for aqueous phase 2, 4, 6-trinitrophenol (TNP) sensing']"
Sujith RI,Indian Institute of Technology Madras,"Thermoacoustic instability, Complex systems theory",10668,https://scholar.google.com/citations?hl=en&user=ChR5YpEAAAAJ,54,185,"['Sensitivity and nonlinearity of thermoacoustic oscillations', 'Deep learning for early warning signals of tipping points', 'Intermittency route to thermoacoustic instability in turbulent combustors', 'Thermoacoustic instability in a Rijke tube: Non-normality and nonlinearity', 'Nonlinear self-excited thermoacoustic oscillations: intermittency and flame blowout', 'Multifractality in combustion noise: predicting an impending combustion instability', 'Route to chaos for combustion instability in ducted laminar premixed flames', 'Loss of chaos in combustion noise as a precursor of impending combustion instability', 'Non-normality and nonlinearity in combustion-acoustic interactions in diffusion flames', 'Exact solutions for the longitudinal vibration of non-uniform rods']"
Ravindra Gettu,IIT Madras,Civil Engineering,10557,https://scholar.google.com/citations?hl=en&user=Q-uy3fUAAAAJ,47,136,"['Mechanical properties and durability performance of concretes with Limestone Calcined Clay Cement (LC3)', 'Test and design methods for steel fibre reinforced concrete', 'Study of the behavior of concrete under triaxial compression', 'Service life and life cycle assessment of reinforced concrete systems with limestone calcined clay cement (LC3)', 'Sustainable materials for 3D concrete printing', 'Fracture properties and brittleness of high-strength concrete.', 'Rate effects and load relaxation in static fracture of concrete', 'Study of the distribution and orientation of fibers in SFRC specimens', 'On the characterization of flexural toughness in fiber reinforced concretes', 'Influence of supplementary cementitious materials on the sustainability parameters of cements and concretes in the Indian context']"
Vinu Ravikrishnan,"Professor, Chemical Engineering, Indian Institute of Technology Madras, India","Thermochemical technologies, biomass conversion, waste plastics and solid wastes to fuels and …",10162,https://scholar.google.com/citations?hl=en&user=gAIc9hEAAAAJ,57,145,"['Development of novel chitosan–lignin composites for adsorption of dyes and metal ions from wastewater', 'A mechanistic model of fast pyrolysis of glucose-based carbohydrates to predict bio-oil composition', 'Environmental remediation by photocatalysis', 'Microwave assisted co-pyrolysis of biomasses with polypropylene and polystyrene for high quality bio-oil production', 'Technical challenges in scaling up the microwave technology for biomass processing', 'Unraveling reaction pathways and specifying reaction kinetics for complex systems', 'Investigation of dye functional group on the photocatalytic degradation of dyes by nano-TiO2', 'Mechanistic understanding of thermochemical conversion of polymers and lignocellulosic biomass', 'Kinetics of Simultaneous Photocatalytic Degradation of Phenolic Compounds and Reduction of Metal Ions with Nano-TiO2', 'Kinetics of Sonophotocatalytic Degradation of Anionic Dyes with Nano-TiO2']"
A Jayakrishnan,"Former Professor, Department of Biotechnology, Indian Institute of Technology Madras …","Biomaterials, Drug Delivery, Polymers",10095,https://scholar.google.com/citations?hl=en&user=a8Fqx7MAAAAJ,49,97,"['Evaluation of an in situ forming hydrogel wound dressing based on oxidized alginate and gelatin', 'Self-cross-linking biopolymers as injectable in situ forming biodegradable scaffolds', 'Glutaraldehyde as a fixative in bioprostheses and drug delivery matrices', 'Glutaraldehyde cross-linked chitosan microspheres as a long acting biodegradable drug delivery vehicle: studies on the in vitro release of mitoxantrone and in vivo degradation\xa0…', 'Self-crosslinked oxidized alginate/gelatin hydrogel as injectable, adhesive biomimetic scaffolds for cartilage regeneration', 'Cross‐linked chitosan microspheres: preparation and evaluation as a matrix for the controlled release of pharmaceuticals', 'Progesterone-loaded chitosan microspheres: a long acting biodegradable controlled delivery system', 'A floating-type oral dosage form for piroxicam based on hollow polycarbonate microspheres: in vitro and in vivo evaluation in rabbits', 'Oral sustained‐release drug delivery systems using polycarbonate microspheres capable of floating on the gastric fluid', 'A novel injectable tissue adhesive based on oxidized dextran and chitosan']"
AN Rajagopalan,Indian Institute of Technology Madras,Image Processing and Computer Vision,9812,https://scholar.google.com/citations?hl=en&user=jXTZEw4AAAAJ,51,136,"['Identification of humans using gait', 'Spatially-attentive patch-hierarchical network for adaptive motion deblurring', 'Depth from defocus: a real aperture imaging approach', 'Gait analysis for human identification', 'Gait-based recognition of humans using continuous HMMs', 'Off-line signature verification using DTW', 'Super-resolution of face images using kernel PCA-based prior', 'Spatially-adaptive image restoration using distortion-guided networks', 'Pirm challenge on perceptual image enhancement on smartphones: Report', 'Depth estimation and image restoration using defocused stereo pairs']"
Chandra Sekhar C,Indian Institute of Technology Madras,"Machine learning, Deep learning, Metric learning",9773,https://scholar.google.com/citations?hl=en&user=W5sQEeQAAAAJ,40,65,"['It is time to address airborne transmission of COVID-19', 'How can airborne transmission of COVID-19 indoors be minimised?', 'Development of the ASHRAE global thermal comfort database II', 'Dismantling myths on the airborne transmission of severe acute respiratory syndrome coronavirus-2 (SARS-CoV-2)', 'A paradigm shift to combat indoor respiratory infection', 'Airflow dynamics of human jets: sneezing and breathing-potential sources of infectious aerosols', 'Thermal comfort evaluation of naturally ventilated public housing in Singapore', 'k-Shape clustering algorithm for building energy usage patterns analysis and forecasting model accuracy improvement', 'Experimental investigation of the human convective boundary layer in a quiescent indoor environment', 'Energy analysis of the personalized ventilation system in hot and humid climates']"
Mitesh Khapra,Indian Institute of Technology Madras,"Natural Language Processing, Machine Learning",9721,https://scholar.google.com/citations?hl=en&user=DV8z8DYAAAAJ,45,111,"['IndicNLPSuite: Monolingual corpora, evaluation benchmarks and pre-trained multilingual language models for Indian languages', 'Plotqa: Reasoning over scientific plots', 'A survey of evaluation metrics used for NLG systems', 'An autoencoder approach to learning bilingual word representations', 'Show me your evidence-an automatic method for context dependent evidence detection', 'A survey of adversarial defenses and robustness in nlp', 'Complex sequential question answering: Towards learning to converse over linked question answer pairs with a knowledge graph', 'Indictrans2: Towards high-quality and accessible machine translation models for all 22 scheduled indian languages', 'Diversity driven attention model for query-based abstractive summarization', 'Samanantar: The Largest Publicly Available Parallel Corpora Collection for 11 Indic Languages']"
MS Ramachandra Rao,IIT Madras,"Diamondtronics and Oxide electronics …, NV-centres in diamond, Diamond coatings for tec",9632,https://scholar.google.com/citations?hl=en&user=rwQixokAAAAJ,50,221,"['The 2016 oxide electronic materials and oxide interfaces roadmap', 'Tunable bandgap in BiFeO3 nanoparticles: the role of microstrain and oxygen defects', 'Structure, microstructure and physical properties of ZnO based materials in various forms: bulk, thin film and nano', 'Structural, magnetic, and electrical studies on polycrystalline transition-metal-doped BiFeO3  thin films', 'Color tuning of Y3Al5O12: Ce phosphor and their blend for white LEDs', 'Optical and electrical resistivity studies of isovalent and aliovalent  transition metal ion doped ZnO', 'Epitaxial  thin films: A spintronic material with tunable electrical and magnetic properties', 'Charge transfer and electronic transitions in polycrystalline', 'ZnO@MnO2 Core–Shell Nanofiber Cathodes for High Performance Asymmetric Supercapacitors', 'Low temperature magnetocaloric effect in polycrystalline BiFeO3 ceramics']"
Saminathan Ponnusamy,"Professor, Indian Institute of Technology Madras, Chennai 600036","Geometric Function Theory, Harmonic mappings, Special Functions, Turan type inequalities",9545,https://scholar.google.com/citations?hl=en&user=u5T0rO0AAAAJ,55,237,"['Asymptotic expansions and inequalities for hypergeometric function', 'Starlikeness and convexity of generalized Bessel functions', ""Improved version of Bohr's inequality"", 'Univalence and convexity properties for Gaussian hypergeometric functions', ""Bohr's inequalities for the analytic functions with lacunary series and harmonic functions"", 'On the Bohr inequality with a fixed zero coefficient', 'Bohr radius for locally univalent harmonic mappings', 'Complex variables with applications', 'On the Bohr inequality', 'Bohr inequality for odd analytic functions']"
G Srinivasan,Indian Institute of Technology Madras,"Cellular manufacturing, Group Technology, Scheduling, Supply Chain Management",9272,https://scholar.google.com/citations?hl=en&user=e_Nv-yEAAAAJ,43,151,"['Impact of climate change on Indian agriculture: a review', 'Vulnerability of rice and wheat yields in NW India to future changes in climate', 'An assignment model for the part-families problem in group technology', 'Genetic distance based on simple sequence repeats and heterosis in tropical maize populations', 'GRAFICS—a nonhierarchical clustering algorithm for group technology', 'Two-generation marker-aided backcrossing for rapid conversion of normal maize lines to quality protein maize (QPM)', 'Tolerance to excess moisture in maize (Zea mays L.): susceptible crop stages and identification of tolerant genotypes', 'Growth and yield responses of soybean in Madhya Pradesh, India to climate variability and change', 'Planning for sustainable solid waste management in urban India', 'A clustering algorithm for machine cell formation in group technology using minimum spanning trees']"
Balaraman Ravindran,"Professor of Data Science and AI, Wadhwani School of Data Science and AI, IIT Madras","Reinforcement Learning, Data Mining, Network Analysis, Responsible AI",9167,https://scholar.google.com/citations?hl=en&user=nGUcGrYAAAAJ,53,147,"['Epopt: Learning robust neural network policies using model ensembles', 'An autoencoder approach to learning bilingual word representations', 'A Survey of Adversarial Defences and Robustness in NLP', 'Efficient computation of the Shapley value for game-theoretic network centrality', 'Diversity driven attention model for query-based abstractive summarization', 'Correlational neural networks', 'Latent dirichlet allocation based multi-document summarization', 'SMDP homomorphisms: An algebraic approach to abstraction in semi markov decision processes', 'An algebraic approach to abstraction in reinforcement learning', 'Learning to repeat: Fine grained action repetition for deep reinforcement learning']"
Sandeep Kumar,Indian Institute of Technology Madras,"Artificial Intelligence, Automated Planning, Machine Learning",9063,https://scholar.google.com/citations?hl=en&user=E_zeLPIAAAAJ,38,168,"['An experimental study of a novel dew point evaporative cooling system', 'Nutritional contents and medicinal properties of wheat: a review', 'Numerical study of a novel dew point evaporative cooling system', 'Soil dehydrogenase enzyme activity in natural and mine soil-a review', 'Estimation of total phenols and flavonoids in extracts of Actaea spicata roots and antioxidant activity studies', 'Direct characterization of Blastocystis from faeces by PCR and evidence of zoonotic potential', 'Effect of reinforcement size and volume fraction on the abrasive wear behaviour of AA7075 Al/SiCp P/M composites—a statistical analysis', 'Molecular aspects of pesticide degradation by microorganisms', 'Free radical scavenging and analgesic activities of Cucumis sativus L. fruit extract', 'Developing a mathematical model to evaluate wear rate of AA7075/SiCp powder metallurgy composites']"
M Kamaraj,Indian Institute of Technology Madras,"Tribology, Surface Coatings, Creep, Materials",9048,https://scholar.google.com/citations?hl=en&user=5HB96vcAAAAJ,52,165,"['Synthesis and characterization of nanocrystalline AlFeTiCrZnCu high entropy solid solution by mechanical alloying', 'Processing and properties of nanocrystalline CuNiCoZnAlTi high entropy alloys by mechanical alloying', 'Rafting in single crystal nickel-base superalloys—An overview', 'Effect of weld cooling rate on Laves phase formation in Inconel 718 fusion zone', 'Tribological and corrosion properties of Al–12Si produced by selective laser melting', 'Dry sliding wear behaviour of zinc oxide reinforced magnesium matrix nano-composites', 'The microstructure and high temperature wear performance of a nickel base hardfaced coating', 'Formation and stability of equiatomic and nonequiatomic nanocrystalline CuNiCoZnAlTi high-entropy alloys by mechanical alloying', 'Hot consolidation and mechanical properties of nanocrystalline equiatomic AlFeTiCrZnCu high entropy alloy after mechanical alloying', 'Microstructural aspects of plasma transferred arc surfaced Ni-based hardfacing alloy']"
Srinivasa Rao Bakshi,Indian Institute of Technology Madras,"Surface engineering and coatings, in-situ composites, ultra high temperature ceramics and …, carbon nanotubes and graph",9006,https://scholar.google.com/citations?hl=en&user=7LjSLCIAAAAJ,45,84,"['Carbon nanotube reinforced metal matrix composites-a review', 'An analysis of the factors affecting strengthening in carbon nanotube reinforced aluminum composites', 'Carbon nanotubes: reinforced metal matrix composites', 'Boron nitride nanotube reinforced polylactide–polycaprolactone copolymer composite: Mechanical properties and cytocompatibility with osteoblasts and macrophages in vitro', 'Carbon nanotube reinforced aluminum composite coating via cold spraying', 'Aluminum-based cast in situ composites: a review', 'Aluminum composite reinforced with multiwalled carbon nanotubes from plasma spraying of spray dried powders', 'Tensile properties of carbon nanotubes reinforced aluminum matrix composites: A review', 'Effect of different carbon nano-fillers on rheological properties and lap shear strength of epoxy adhesive joints', 'Synthesis and characterization of multiwalled carbon nanotube reinforced ultra high molecular weight polyethylene composite by electrostatic spraying technique']"
Rajagopalan Srinivasan,Indian Institute of Technology Madras,"Process Systems Engineering, Energy Systems, AI & ML, Process Safety",8760,https://scholar.google.com/citations?hl=en&user=LItoQlMAAAAJ,55,152,"['Agent-based supply chain management—1: framework', 'Data-driven soft sensor approach for quality prediction in a refining process', 'Sustainability trends in the process industries: A text mining-based analysis', 'A new continuous-time formulation for scheduling crude oil operations', 'Agent-based supply chain management—2: a refinery application', 'Novel solution approach for optimizing crude oil operations', 'A statistical approach for evaluating inherent benign-ness of chemical process routes in early design stages', 'Text mining of accident reports using semi-supervised keyword extraction and topic modeling', 'Expert system for the design of inherently safer processes. 1. Route selection stage', 'Online monitoring of multi-phase batch processes using phase-based multivariate statistical process control']"
Balaji C,"TT Narendran Institute Chair Professor, Department of Mechanical Engineering, IIT Madras …","Heat Transfer, Optimization, Atmospheric Science, Inverse Problems, ML in Thermal Sciences",8751,https://scholar.google.com/citations?hl=en&user=JNIgB64AAAAJ,48,166,"['Experimental investigations on phase change material based finned heat sinks for electronic equipment cooling', 'Thermal optimization of PCM based pin fin heat sinks: an experimental study', 'Experimental investigations on thermal performance enhancement and effect of orientation on porous matrix filled PCM based heat sink', 'Interaction of surface radiation with free convection in a square cavity', 'Method to improve geometry for heat transfer enhancement in PCM composite heat sinks', 'Convection heat transfer from aluminium and copper foams in a vertical channel–An experimental study', 'Thermal management of 18650 Li-ion battery using novel fins–PCM–EG composite heat sinks', 'Thermal performance of a PCM heat sink under different heat loads: an experimental study', 'Experimental and numerical investigations on the effect of porosity and PPI gradients of metal foams on the thermal performance of a composite phase change material heat sink', 'Conjugate turbulent natural convection with surface radiation in air filled rectangular enclosures']"
Velmurugan R,Indian Institute of Technology Madras,"Impact mechanics, Composite materials, FE Analysis, Nanomaterials",8641,https://scholar.google.com/citations?hl=en&user=dQ_hsaAAAAAJ,52,186,"['Mechanical properties of palmyra/glass fiber hybrid composites', 'Energy absorption characteristics of additively manufactured plate-lattices under low-velocity impact loading', 'Effect of high strain rate on glass/carbon/hybrid fiber reinforced epoxy laminated composites', 'Improvements in Mode I interlaminar fracture toughness and in-plane mechanical properties of stitched glass/polyester composites', 'Reliability analysis of tensile strengths using Weibull distribution in glass/epoxy and carbon/epoxy composites', 'Study of filament wound grid-stiffened composite cylindrical structures', 'Statistical analysis of the tensile strength of GFRP, CFRP and hybrid composites', 'Quasi-static and dynamic compression behaviors of a novel auxetic structure', 'Effect of nanoclay addition on vibration properties of glass fibre reinforced vinyl ester composites', 'Comparative study of impact strength characteristics of treated and untreated sisal polyester composites']"
Masilamani Jeganmohan,"Associate Professor, Department of Chemistry, Indian Institute of Technology Madras",Organic Synthesis,8622,https://scholar.google.com/citations?hl=en&user=4tsmRTQAAAAJ,56,135,"['Rhodium-catalyzed one-pot synthesis of substituted pyridine derivatives from α, β-unsaturated ketoximes and alkynes', 'Ruthenium-Catalyzed Ortho-Alkenylation of Aromatic Ketones with Alkenes by C–H Bond Activation', 'Ruthenium-catalyzed highly regioselective cyclization of ketoximes with alkynes by C–H bond activation: A practical route to synthesize substituted isoquinolines', 'Highly Regio- and Stereoselective Ruthenium(II)-Catalyzed Direct ortho-Alkenylation of Aromatic and Heteroaromatic Aldehydes with Activated Alkenes under\xa0…', 'Regioselective synthesis of isocoumarins by ruthenium-catalyzed aerobic oxidative cyclization of aromatic acids with alkynes', 'Cobalt‐and nickel‐catalyzed regio‐and stereoselective reductive coupling of alkynes, allenes, and alkenes with alkenes', 'Recent advances in the ruthenium-catalyzed hydroarylation of alkynes with aromatics: synthesis of trisubstituted alkenes', 'Recent advances in the ruthenium (II)-catalyzed chelation-assisted C–H olefination of substituted aromatics, alkenes and heteroaromatics with alkenes via the deprotonation pathway', 'Ruthenium-Catalyzed ortho Alkenylation of Aromatics with Alkenes at Room Temperature with Hydrogen Evolution', 'Alkylation, Annulation, and Alkenylation of Organic Molecules with Maleimides by Transition‐Metal‐Catalyzed C‐H Bond Activation']"
Rohit Batra,Assistant Professor IIT Madras,"Materials informatics, Density functional theory, Machine learning, Materials discovery",8579,https://scholar.google.com/citations?hl=en&user=HYOLn6IAAAAJ,34,48,"['Machine learning in materials informatics: recent applications and prospects', 'Machine learning force fields: construction, validation, and outlook', 'Emerging materials intelligence ecosystems propelled by machine learning', 'Physically informed artificial neural networks for atomistic modeling of materials', 'Solving the electronic structure problem with machine learning', 'Machine-learning predictions of polymer properties with Polymer Genome', 'Polymer informatics: Current status and critical next steps', 'Polymer design using genetic algorithm and machine learning', 'Dopants promoting ferroelectricity in hafnia: Insights from a comprehensive chemical space exploration', 'A universal strategy for the creation of machine learning-based atomistic force fields']"
Sachin S. Gunthe,"Dept of Civil Engineering, IIT Madras","Aerosol, Atmospheric Chemistry and pollution, Climate, Health, Human body thermodynamics and cognition",8441,https://scholar.google.com/citations?hl=en&user=9WJ5i-MAAAAJ,41,73,"['Bioaerosols in the Earth system: Climate, health, and ecosystem interactions', 'Rainforest aerosols as biogenic nuclei of clouds and precipitation in the Amazon', 'Calibration and measurement uncertainties of a continuous-flow cloud condensation nuclei counter (DMT-CCNC): CCN activation of ammonium sulfate and sodium chloride aerosol\xa0…', 'Cloud condensation nuclei in pristine tropical rainforest air of Amazonia: size-resolved measurements and modeling of atmospheric aerosol composition and CCN activity', 'Aerosol-and updraft-limited regimes of cloud droplet formation: influence of particle number, size and hygroscopicity on the activation of cloud condensation nuclei (CCN)', 'Biogenic potassium salt particles as seeds for secondary organic aerosol in the Amazon', 'On the widespread enhancement in fine particulate matter across the Indo-Gangetic Plain towards winter', 'Size distributions and temporal variations of biological aerosol particles in the Amazon rainforest characterized by microscopy and real-time UV-APS fluorescence techniques\xa0…', 'An overview of the Amazonian aerosol characterization experiment 2008 (AMAZE-08)', 'Indian summer monsoon rainfall: implications of contrasting trends in the spatial variability of means and extremes']"
Dr. Mohanasankar Sivaprakasam,"Professor of Electrical Engineering, IIT Madras","Affordable healthcare technologies, Biomedical instrumentation, Healthcare delivery models for low resource …",7852,https://scholar.google.com/citations?hl=en&user=udQcaS4AAAAJ,47,138,"['Design and analysis of an adaptive transcutaneous power telemetry for biomedical implants', 'VerSe: a vertebrae labelling and segmentation benchmark for multi-detector CT images', 'An optimal design methodology for inductive power link with class-E amplifier', 'A 128-channel 6mw wireless neural recording ic with on-the-fly spike sorting and uwb tansmitter', 'Psi-Net: Shape and boundary aware joint multi-task deep network for medical image segmentation', 'A variable range bi-phasic current stimulus driver circuitry for an implantable retinal prosthetic device', 'Local pulse wave velocity: theory, methods, advancements, and clinical applications', 'Design optimization for integrated neural recording systems', 'A dual band wireless power and data telemetry for retinal prosthesis', 'Joint optic disc and cup segmentation using fully convolutional and adversarial networks']"
Shiva Nagendra SM,"Professor of Civil Engineering, Indian Institute of Technology Madras","Urban Air Quality Management, Indoor Air Quality, Real Time Vehicle Exhaust Emission …, Source Apportionment",7768,https://scholar.google.com/citations?hl=en&user=lFVg7bQAAAAJ,48,118,"['Urban air quality management-A review', 'PM2. 5-related health and economic loss assessment for 338 Chinese cities', 'Passive alternatives to mechanical air conditioning of building: A review', 'Analysis and interpretation of particulate matter–PM10, PM2. 5 and PM1 emissions from the heterogeneous traffic near an urban roadway', 'Indoor air quality investigations in a naturally ventilated school building located close to an urban roadway in Chennai, India', 'Source characterization of PM10 and PM2. 5 mass using a chemical mass balance model at urban roadside', 'Ozone pollution in Chinese cities: Assessment of seasonal variation, health effects and economic burden', 'Application of multiple-path particle dosimetry model for quantifying age specified deposition of particulate matter in human airway', 'Thermal comfort in traditional buildings composed of local and modern construction materials', 'Artificial neural network approach for modelling nitrogen dioxide dispersion from vehicular exhaust emissions']"
K.Shanti Swarup,"Professor, Department of Electrical Engineering, Indian Institute of Technology Madras","Energy Management Systems, Smart Grids, Automation, Digital-Numerical Protection, Computational Intelligence",7645,https://scholar.google.com/citations?hl=en&user=nNiRqpIAAAAJ,45,145,"['Multi-objective harmony search algorithm for optimal power flow problem', 'Unit commitment solution methodology using genetic algorithm', 'Electricity price forecasting using artificial neural networks', 'Solving multi-objective optimal power flow using differential evolution', 'Differential evolutionary algorithm for optimal reactive power dispatch', 'Environmental/economic dispatch using multi-objective harmony search algorithm', 'Differential evolution approach for optimal reactive power dispatch', 'Particle swarm optimization based K-means clustering approach for security assessment in power systems', 'Multi-objective biogeography based optimization for optimal PMU placement', 'Wavelet transform based digital protection for transmission lines']"
Subramshu S. Bhattacharya,"Professor of MME, IIT Madras","High entropy oxides (HEOs), Nanoceramics, Superplasticity",7441,https://scholar.google.com/citations?hl=en&user=drZz4a0AAAAJ,30,62,"['High‐entropy oxides: fundamental aspects and electrochemical properties', 'High entropy oxides for reversible energy storage', 'Multi-anionic and-cationic compounds: new high entropy materials for advanced Li-ion batteries', 'Multicomponent equiatomic rare earth oxides', 'Nanocrystalline multicomponent entropy stabilised transition metal oxides', 'Multicomponent equiatomic rare earth oxides with a narrow band gap and associated praseodymium multivalency', 'High entropy oxides as anode material for Li-ion battery applications: A practical approach', 'High entropy spinel metal oxide (CoCrFeMnNi) 3O4 nanoparticles as a high-performance supercapacitor electrode material', 'On the homogeneity of high entropy oxides: An investigation at the atomic scale', 'Lithium containing layered high entropy oxide structures']"
Pazhamalai Anbarasan,"Professor of Chemistry, IIT Madras",Organic Synthesis,7363,https://scholar.google.com/citations?hl=en&user=I8hSXYMAAAAJ,38,90,"['Recent developments and perspectives in palladium-catalyzed cyanation of aryl halides: synthesis of benzonitriles', 'From noble metal to Nobel prize: palladium‐catalyzed coupling reactions as key methods in organic synthesis', 'Integration of chemical catalysis with extractive fermentation to produce fuels', 'Well-defined iron catalyst for improved hydrogenation of carbon dioxide and bicarbonate', 'A general and efficient catalyst for palladium-catalyzed C− O coupling reactions of aryl halides with primary alcohols', 'A general rhodium‐catalyzed cyanation of aryl and alkenyl boronic acids', '1, 2, 3-Triazole and its analogues: new surrogates for diazo compounds', 'Recent advances in transition-metal-catalyzed denitrogenative transformations of 1, 2, 3-triazoles and related compounds', 'Palladium catalyzed aryl (alkyl) thiolation of unactivated arenes', 'Palladium-catalyzed carbonylative CH activation of heteroarenes']"
Sundargopal Ghosh,"Professor, Department of Chemistry, Indian Institute of Technology Madras","Boron, Main Group, Metallaborane, Cluster, Triple-decker",7322,https://scholar.google.com/citations?hl=en&user=xLXfN-IAAAAJ,55,176,"['Synthesis and characterization of hypoelectronic rhenaboranes. Analysis of the geometric and electronic structures of species following neither borane nor metal cluster\xa0…', 'Ferrocene and Triazole-Appended Rhodamine Based Multisignaling Sensors for Hg2+ and Their Application in Live Cell Imaging', 'Borylene-based direct functionalization of organic substrates: synthesis, characterization, and photophysical properties of novel π-conjugated borirenes', 'Boron Beyond the Icosahedral Barrier: A 16‐Vertex Metallaborane', 'Synthesis of [(Cp*Re)2BnHn] n=8–10: Metal Boride Particles That Stretch the Cluster Structure Paradigms', 'Synthesis, Structure, Bonding, and Reactivity of Metal Complexes Comprising Diborane(4) and Diborene(2): [{Cp*Mo(CO)2}2{μ‐η2:η2‐B2H4}] and [{Cp*M(CO)2}2B2H2M(CO)4], M=Mo,W', 'Reactivity of diruthenium and dirhodium analogues of pentaborane (9): agostic versus boratrane complexes', 'Metallaboranes of the Early Transition Metals: Direct Synthesis and Characterization of [{(η5‐C5Me5) Ta} 2BnHm](n= 4, m= 10; n= 5, m= 11),[{(η5‐C5Me5) Ta} 2B5H10 (C6H4CH3\xa0…', 'Sensitive and selective redox, chromogenic, and “turn-on” fluorescent probe for Pb (II) in aqueous environment', 'Supraicosahedral polyhedra in metallaboranes: synthesis and structural characterization of 12-, 15-, and 16-vertex rhodaboranes']"
ROHIT KUMAR SINGH,"PhD in Physics, IIT Madras",High Energy Physics,7280,https://scholar.google.com/citations?hl=en&user=ibYbHsYAAAAJ,39,140,"['Internet of Things (IoT) adoption barriers of smart cities’ waste management: An Indian context', 'Performance of the CMS high-level trigger during LHC Run 2', 'Search for new physics in high-mass diphoton events from proton-proton collisions at  = 13 TeV', 'Synthetic and organic mulching and nitrogen effect on winter wheat (Triticum aestivum L.) in a semi-arid environment', 'Long-range angular correlations of π, K and p in p-Pb collisions at√ sNN= 5.02 TeV', 'Neutral pion production at midrapidity in pp and Pb–Pb collisions at', 'Investigation of the p–Σ0 interaction via femtoscopy in pp collisions', 'Observation of a pseudoscalar excess at the top quark pair production threshold', 'ALICE collaboration', 'Measurements of polarization and spin correlation and observation of entanglement in top quark pairs using  events from proton-proton collisions at\xa0…']"
Ashis Kumar Sen,IIT Madras,Microfluidics,7256,https://scholar.google.com/citations?hl=en&user=nm69QSQAAAAJ,39,160,"['Particle separation and sorting in microfluidic devices', 'Effect of surface energy and roughness on cell adhesion and growth–facile surface modification for enhanced cell culture', 'Facile fabrication and characterization of a PDMS-derived candle soot coated stable biocompatible superhydrophobic and superhemophobic surface', 'Analytical modeling, simulations and experimental studies of a PZT actuated planar valveless PDMS micropump', 'Localized surface plasmon resonance (LSPR) biosensor based on thermally annealed silver nanostructures with on-chip blood-plasma separation for the detection of dengue non\xa0…', 'Capillary flow-driven microfluidic device with wettability gradient and sedimentation effects for blood plasma separation', 'Self-driven droplet transport: Effect of wettability gradient and confinement', 'Acoustic impedance based label-free isolation of circulating tumour cells from blood using acoustophoresis', 'Facile fabrication and mechanistic understanding of a transparent reversible superhydrophobic – superhydrophilic surface', 'Hydrodynamic resistance and mobility of deformable objects in microfluidic channels']"
G Sekar,"Professor of Chemistry, IIT Madras, India","Organic Chemistry, Asymmetric Synthesis, Catalysis",7133,https://scholar.google.com/citations?hl=en&user=X23iSgMAAAAJ,50,145,"['Cu-catalyzed one-pot synthesis of unsymmetrical diaryl thioethers by coupling of aryl halides using a thiol precursor', 'An efficient method for cleavage of epoxides with aromatic amines', 'Aerobic, Chemoselective Oxidation of Alcohols to Carbonyl Compounds Catalyzed by a DABCO‐Copper Complex under Mild Conditions', 'Asymmetric Kharasch Reaction:\u2009 Catalytic Enantioselective Allylic Oxidation of Olefins Using Chiral Pyridine Bis(diphenyloxazoline)−Copper Complexes and tert-Butyl\xa0…', 'General, mild, and intermolecular Ullmann-type synthesis of diaryl and alkyl aryl ethers catalyzed by diol− copper (I) complex', 'Straightforward strategies for the preparation of NH-sulfoximines: a serendipitous story', 'Metal-catalyzed C–S bond formation using sulfur surrogates', 'Catalytic enantioselective cyclopropanation of olefins using carbenoid chemistry', 'Recent applications of α-carbonyl sulfoxonium ylides in rhodium-and iridium-catalyzed C–H functionalizations', 'An efficient copper (II)-catalyzed synthesis of benzothiazoles through intramolecular coupling-cyclization of N-(2-chlorophenyl) benzothioamides']"
Professor Satyajit Roy,Indian Institute of Technology Madras,"Computational Fluid Dynamics, Boundary Layer theory",7098,https://scholar.google.com/citations?hl=en&user=68l0YcsAAAAJ,48,119,"['Effects of thermal boundary conditions on natural convection flows within a square cavity', 'Natural convection in a square cavity filled with a porous medium: effects of various thermal boundary conditions', 'Finite element analysis of natural convection flows in a square cavity with non-uniformly heated wall (s)', 'Analysis of mixed convection flows within a square cavity with uniform and non-uniform heating of bottom wall', 'Heat flow analysis for natural convection within trapezoidal enclosures based on heatline concept', 'Steady natural convection flow in a square cavity filled with a porous medium for linearly heated side wall (s)', 'Steady natural convection flows in a square cavity with linearly heated side wall (s)', 'Natural convection flows in a trapezoidal enclosure with uniform and non-uniform heating of bottom wall', 'Unsteady mixed convection flow on a rotating cone in a rotating fluid', 'Finite element analysis of natural convection in a triangular enclosure: effects of various thermal boundary conditions']"
Sivakumar KC IITM,Indian Institute of Technology Madras,,7081,https://scholar.google.com/citations?hl=en&user=eqlcHWsAAAAJ,43,176,"['A sufficient condition for nonvanishing of determinants', 'Effect of heat treatment on mechanical and ballistic properties of a high strength armour steel', 'Darboux transformation and perturbation of linear functionals', 'Doubly diagonally dominant matrices', 'On Two-Sided Bounds Related to Weakly Diagonally Dominant M-Matrices with Application to Digital Circuit Dynamics', 'Minimal spectrally arbitrary sign patterns', 'Principal pivot transforms: properties and applications', 'A mathematical model for the dynamics of HIV-1 during the typical course of infection', 'Free vibration of laminated composite plates with cutout', 'Reachability and holdability of nonnegative states']"
A Ramesh,"Institute Chair Professor, Dept. of Mechanical Engineering, Indian Institute of Technology","Internal Combustion Engines, Alternative fuels, automotive engineering, Engine control, hybrid",7004,https://scholar.google.com/citations?hl=en&user=SPA7o6QAAAAJ,39,104,"['An experimental comparison of methods to use methanol and Jatropha oil in a compression ignition engine', 'Use of hydrogen to enhance the performance of a vegetable oil fuelled compression ignition engine', 'Investigation on the effect of concentration of methane in biogas when used as a fuel for a spark ignition engine', 'Effect of hydrogen addition on the performance of a biogas fuelled spark ignition engine', 'Parametric studies for improving the performance of a Jatropha oil-fuelled compression ignition engine', 'An experimental study of the biogas–diesel HCCI mode of engine operation', 'Effect of compression ratio on the performance and combustion of a biogas fuelled spark ignition engine', 'Hydrogen fueled spark ignition engine with electronically controlled manifold injection: An experimental study', 'Effect of water injection and spark timing on the nitric oxide emission and combustion parameters of a hydrogen fuelled spark ignition engine', 'Experimental investigation of the factors affecting the performance of a LPG-diesel dual fuel engine']"
Rama Verma,"Retered Director MNNIT,Retired Professor in Biotechnology, IIT, Madras, Chennai and …","Stem Cell, Molecular Biology, Receptor Biology, Immunology, Membrane Biology",6974,https://scholar.google.com/citations?hl=en&user=LrxrULcAAAAJ,47,142,"['The mesenchymal stem cell secretome: A new paradigm towards cell-free therapeutic mode in regenerative medicine', 'Strategies for targeted drug delivery in treatment of colon cancer: current trends and future perspectives', 'Nanomaterials for early detection of cancer biomarker with special emphasis on gold nanoparticles in immunoassays/sensors', 'Humanized immunotoxins: a new generation of immunotoxins for targeted cancer therapy', 'An improved protocol for primary culture of cardiomyocyte from neonatal mice', 'Antibacterial activity of plants used in Indian herbal medicine', 'Therapeutic potential of anticancer immunotoxins', 'Hepatocyte growth factor is secreted by osteoblasts and cooperatively permits the survival of haematopoietic progenitors', 'Therapeutic targets and recent advances in protein immunotoxins', 'Organotypic cancer tissue models for drug screening: 3D constructs, bioprinting and microfluidic chips']"
Subramanya Sarma Vadlamani,"Professor, Department of Metallurgical and Materials Engineering, Indian Institute of …","Materials Processing, Microstructure, Grain Boundaries, Mechanical Properties",6940,https://scholar.google.com/citations?hl=en&user=gz8LMM4AAAAJ,46,107,"['Tensile and wear behaviour of in situ Al–7Si/TiB2 particulate composites', 'On the Hall–Petch relationship in a nanostructured Al–Cu alloy', 'Development of ultrafine grained high strength Al–Cu alloy by cryorolling', 'A study on microstructural evolution and dynamic recrystallization during isothermal deformation of a Ti-modified austenitic stainless steel', 'Role of stacking fault energy in strengthening due to cryo-deformation of FCC metals', 'A critical evaluation on efficacy of recrystallization vs. strain induced boundary migration in achieving grain boundary engineered microstructure in a Ni-base superalloy', 'Effect of strain rate on the dynamic recrystallization behavior in a nitrogen-enhanced 316L (N)', 'Role of twinning on dynamic recrystallization and microstructure during moderate to high strain rate hot deformation of a Ti-modified austenitic stainless steel', 'Hot deformation characteristics and processing map of a phosphorous modified super austenitic stainless steel', 'High strength and ductile ultrafine grained Cu-Ag alloy through bimodal grain size, dislocation density and solute distribution']"
Vimalraj Selvaraj,"Assistant Professor (DST-INSPIRE Faculty, SERB-SRS) Dept. of Appl. Mech & Biomed. Eng …","Tumor angiogenesis, Transgenic Zebrafish, Bone biology, Stem cell biology, Biomaterials and tissue",6937,https://scholar.google.com/citations?hl=en&user=ZFTqPpYAAAAJ,36,67,"['Alkaline phosphatase: Structure, expression and its function in bone mineralization', 'Global burden of 292 causes of death in 204 countries and territories and 660 subnational locations, 1990–2023: a systematic analysis for the Global Burden of Disease Study 2023', 'Burden of 375 diseases and injuries, risk-attributable burden of 88 risk factors, and healthy life expectancy in 204 countries and territories, including 660 subnational\xa0…', 'Runx2: Structure, function, and phosphorylation in osteoblast differentiation', 'Flavonoids: classification, function, and molecular mechanisms involved in bone remodelling', 'A review on injectable chitosan/beta glycerophosphate hydrogels for bone tissue regeneration', 'A concise review of VEGF, PDGF, FGF, Notch, angiopoietin, and HGF signalling in tumor angiogenesis with a focus on alternative approaches and future directions', 'Type 1 collagen: Synthesis, structure and key functions in bone mineralization', 'Bioactive Zinc (II) complex incorporated PCL/gelatin electrospun nanofiber enhanced bone tissue regeneration', 'A positive role of microRNA‐15b on regulation of osteoblast differentiation']"
Mathava Kumar,"Department of Civil Engineering, Indian Institute of Technology Madras","Water Purification, Wastewater Treatment, Biorememdiation",6820,https://scholar.google.com/citations?hl=en&user=Wan6DykAAAAJ,44,90,"['Co-composting of green waste and food waste at low C/N ratio', 'Co-existence of anammox and denitrification for simultaneous nitrogen and carbon removal—strategies and issues', 'Simultaneous partial nitrification, anaerobic ammonium oxidation and denitrification (SNAD) in a full-scale landfill-leachate treatment plant', 'Microalgae biomass from swine wastewater and its conversion to bioenergy', 'Adsorption and desorption characteristics of hydrophobic pesticide endosulfan in four Indian soils', 'Microbial fuel cell-based biosensor for online monitoring wastewater quality: A critical review', 'Development of simultaneous partial nitrification, anammox and denitrification (SNAD) process in a sequential batch reactor', 'Evaluation of single-component and multi-component adsorption of metronidazole, phosphate and nitrate on activated carbon from Prosopıs julıflora', 'Problematic effects of antibiotics on anaerobic treatment of swine wastewater', 'Antagonistic and synergistic analysis of antibiotic adsorption on Prosopis juliflora activated carbon in multicomponent systems']"
Anurag Mittal,"Professor of Computer Science and Engg., IIT Madras, INDIA","Computer Vision, Image Processing",6502,https://scholar.google.com/citations?hl=en&user=mB9AZSAAAAAJ,35,60,"['Motion-based background subtraction using adaptive kernel density estimation', 'Background modeling and subtraction of dynamic scenes', 'M2tracker: A multi-view approach to segmenting and tracking people in a cluttered scene', 'A generative model for zero shot learning using conditional variational autoencoders', 'Automated feature extraction for early detection of diabetic retinopathy in fundus images', 'A zero-shot framework for sketch based image retrieval', 'M2tracker: A multi-view approach to segmenting and tracking people in a cluttered scene using region-based stereo', 'Scene modeling for wide area surveillance and image synthesis', 'A generative approach to zero-shot and few-shot action recognition', 'Co-segmentation inspired attention networks for video-based person re-identification']"
Varadaraju Upadhyayula,IIT Madras,"Solid State Chemistry, Materials Chemistry, Materials Science, Condensed Matter, Electrochemical Energy Systems",6400,https://scholar.google.com/citations?hl=en&user=uApUuykAAAAJ,43,129,"['Photoluminescence Studies on Eu2+-Activated Li2SrSiO4a Potential Orange-Yellow Phosphor for Solid-State Lighting', 'Nitrogen containing carbon nanotubes as supports for Pt–Alternate anodes for fuel cell applications', 'Room temperature synthesis and Li insertion into nanocrystalline rutile TiO2', 'Thermal expansion behaviour of some rare earth oxide pyrochlores', 'White-Light Generation in  Sr2SiO4\u2009:\u2009Eu2\u2009+\u2009,  Ce3\u2009+\u2009 under Near-UV Excitation: A Novel Phosphor for Solid-State Lighting', 'Synthesis, phase transition and photoluminescence studies on Eu3+-substituted double perovskites—A novel orange-red phosphor for solid-state lighting', 'Intense red-emitting phosphors for white light emitting diodes', 'Enhanced nanoscale conduction capability of a MoO2/Graphene composite for high performance anodes in lithium ion batteries', 'Structural stability and superior electrochemical performance of Sc-doped LiMn2O4 spinel as cathode for lithium ion batteries', 'Fabrication and characterization of uniform TiO2 nanotube arrays by sol--gel template method.']"
Dr. Sushanta Kumar Panigrahi,"Professor, Mechanical Engineering Department, IIT Madras, Chennai, India","Innovative Material Processing, Mg and Al Technologies, Advanced Casting, Metal Forming and Sheet Ma",6367,https://scholar.google.com/citations?hl=en&user=NY2YuLMAAAAJ,47,94,"['Effects of grain size on the corrosion resistance of wrought magnesium alloys containing neodymium', 'Influence of grain size and texture on Hall–Petch relationship for a magnesium alloy', 'Corrosion behavior of a friction stir processed rare-earth added magnesium alloy', 'Effect of ageing on microstructure and mechanical properties of bulk, cryorolled, and room temperature rolled Al 7075 alloy', 'Development of ultrafine grained high strength age hardenable Al 7075 alloy by cryorolling', 'Effect of rolling temperature on microstructure and mechanical properties of 6063 Al alloy', 'Effect of plastic deformation conditions on microstructural characteristics and mechanical properties of Al 6063 alloy', 'Microstructure and texture evolution in cryorolled Al 7075 alloy', 'Synthesis, characterization and mechanical properties of in-situ (TiC-TiB2) reinforced magnesium matrix composite', 'Effect of cryorolling on microstructure of Al–Mg–Si alloy']"
Sathyanarayana N. Gummadi,IIT Madras,"Bio process engineering, protein biochemistry, membrane biogenesis and signalling",6294,https://scholar.google.com/citations?hl=en&user=xC2McNUAAAAJ,40,128,"['Purification and biochemical properties of microbial pectinases—a review', 'Phospholipid scramblases: an overview', 'Nano-remediation of toxic heavy metal contamination: Hexavalent chromium [Cr (VI)]', 'Microbial and enzymatic methods for the removal of caffeine', 'Lignocellulosic biomass pre-treatment using low-cost ionic liquid for bioethanol production: an economically viable method for wheat straw fractionation', 'Production of pectolytic enzymes–a review', 'Catabolic pathways and biotechnological applications of microbial caffeine degradation', 'Chlorpyrifos in environment and food: a critical review of detection methods and degradation pathways', 'Studies on pH and thermal deactivation of pectolytic enzymes from Aspergillus niger', 'L-asparaginase from marine derived fungal endophytes of seaweeds']"
Hema A Murthy,"Professor of Computer Science and Engineering, IIT Madras","speech processing, speech synthesis, music processing, neuronal signal processing, machine learning",6270,https://scholar.google.com/citations?hl=en&user=AQ8w2uEAAAAJ,37,149,"['A generative model for zero shot learning using conditional variational autoencoders', 'Transformation of formants for voice conversion using artificial neural networks', 'Significance of the modified group delay feature in speech recognition', 'The modified group delay function and its application to phoneme recognition', 'Significance of group delay functions in spectrum estimation', 'Robust text-independent speaker identification over telephone channels', 'Group delay functions and its applications in speech technology', 'Feature selection for text classification based on gini coefficient of inequality', 'Formant extraction from group delay function', 'Automatic segmentation of continuous speech using minimum phase group delay functions']"
Ramesh K,"Professor of Applied Mechanics, IIT Madras and Formerly Professor of Mechanical Engg. IIT …","Stress analysis, Digital Photoelasticity, Fracture Mechanics",6182,https://scholar.google.com/citations?hl=en&user=T1XFjTkAAAAJ,39,126,"['Digital photoelasticity', 'Experimental stress analysis', 'Evaluation of stress field parameters in fracture mechanics by photoelasticity—revisited', 'Magnetically separable CuFe2O4 nano particles catalyzed multicomponent synthesis of 1, 4-disubstituted 1, 2, 3-triazoles in tap water using ‘click chemistry’', 'Digital photoelasticity: Recent developments and diverse applications', 'Digital photoelasticity–A comprehensive review', 'Whole field evaluation of stress components in digital photoelasticity—Issues, implementation and application', 'Three fringe photoelasticity‐use of colour image processing hardware to automate ordering of isochromatics', 'Digital photoelasticity of glass: A comprehensive review', 'Adaptive quality guided phase unwrapping algorithm for whole‐field digital photoelastic parameter estimation of complex models']"
Somnath C Roy,"Professor, Department of Physics, IIT Madras",,6106,https://scholar.google.com/citations?hl=en&user=d-UUwoQAAAAJ,31,89,"['Toward solar fuels: photocatalytic conversion of carbon dioxide to hydrocarbons', 'A review of photocatalysis, basic principles, processes, and materials', 'Synthesis and applications of electrochemically self-assembled titania nanotube arrays', 'Theory, instrumentation and applications of magnetoelastic resonance sensors: a review', 'The effect of TiO2 nanotubes in the enhancement of blood clotting for the control of hemorrhage', 'Highly sensitive SnO2 thin film NO2 gas sensor operating at low temperature', 'Effect of Fe doping on the gas sensing properties of nano-crystalline SnO2 thin films', 'Structure, microstructure and photoluminescence properties of Fe doped SnO2 thin films', 'Photocatalytic reduction of carbon dioxide using graphene oxide wrapped TiO2 nanotubes', 'Solar spectrum photocatalytic conversion of CO2 and water vapor into hydrocarbons using TiO2 nanoparticle membranes']"
Shweta Agrawal,Indian Institute of Technology Madras,Cryptography,6103,https://scholar.google.com/citations?hl=en&user=uLkJ5_4AAAAJ,37,59,"['Efficient lattice (H) IBE in the standard model', 'Lattice basis delegation in fixed dimension and shorter-ciphertext hierarchical IBE', 'Fully secure functional encryption for inner products, from standard assumptions', 'Homomorphic MACs: MAC-based integrity for network coding', 'Functional encryption for inner product predicates from learning with errors', 'Functional encryption: New perspectives and lower bounds', 'Functional encryption for threshold functions (or fuzzy IBE) from lattices', 'Optimal broadcast encryption from pairings and LWE', 'Indistinguishability obfuscation without multilinear maps: new methods for bootstrapping and instantiation', 'Practical, round-optimal lattice-based blind signatures']"
"C Sudakar, Sudakar Chandran","Department of Physics, IIT Madras","defect-structure property correlations, oxides, thin films, energy storage and conversion materials",6007,https://scholar.google.com/citations?hl=en&user=pss7hxgAAAAJ,44,130,"['Tunable bandgap in BiFeO3 nanoparticles: the role of microstrain and oxygen defects', 'Highly dispersed phase of SnO2 on TiO2 nanoparticles synthesized by polyol-mediated route: photocatalytic activity for hydrogen generation', 'Structural, magnetic, and electrical studies on polycrystalline transition-metal-doped BiFeO3  thin films', 'Ferromagnetism induced by planar nanoscale CuO inclusions in Cu-doped ZnO thin films', 'Wet chemical synthesis of multicomponent hexaferrites by gel-to-crystallite conversion and their magnetic properties', 'Raman spectroscopic studies of oxygen defects in Co-doped ZnO films exhibiting room-temperature ferromagnetism', 'Enhanced photocatalytic activity of indium and nitrogen co-doped TiO2–Pd nanocomposites for hydrogen generation', 'Hyperthermia controlled rapid drug release from thermosensitive magnetic microgels', 'Effect of anions on the phase stability of γ-FeOOH nanoparticles and the magnetic properties of gamma-ferric oxide derived from lepidocrocite', 'Ferromagnetism and spin-polarized charge carriers in  thin films']"
Kesavan Venkitasamy,Indian Institute of Technology Madras,"Asymmetric catalysis, Medicinal chemistry",5949,https://scholar.google.com/citations?hl=en&user=ppkkq78AAAAJ,30,54,"['Therapeutic silencing of an endogenous gene by systemic administration of modified siRNAs', 'Modified iRNA agents', 'Chemically modified oligonucleotides', 'Catalytic aerobic oxidation of cycloalkanes with nanostructured amorphous metals and alloys', 'Facile ring opening of oxiranes with aromatic amines in fluoro alcohols', 'Enantioselective Synthesis of Dihydrospiro[indoline-3,4′-pyrano[2,3-c]pyrazole] Derivatives via Michael/Hemiketalization Reaction', 'Oxidation in fluoro alcohols: mild and efficient preparation of disulfides from thiols', 'Fluoro alcohol as reaction medium: one-pot synthesis of β-hydroxy sulfoxides from epoxides', 'Efficient copper (II) acetate catalyzed homo-and heterocoupling of terminal alkynes at ambient conditions', 'Single-stranded and double-stranded oligonucleotides comprising a 2-arylpropyl moiety']"
Narayanan S,"Retired Professor of Mechanical Engineering and Applied Mechanics, IIT Madras","Vibration, Acoustics, Random Vibration, Nonlinear Dynamics, Smart Structures",5930,https://scholar.google.com/citations?hl=en&user=51f2PX4AAAAJ,39,89,"['Multi-fault diagnosis of rolling bearing elements using wavelet analysis and hidden Markov model based fault recognition', 'Finite element modelling of piezolaminated smart structures for active vibration control with distributed sensors and actuators', 'Active vibration control of beams with optimal placement of piezoelectric sensor/actuator pairs', 'Applications of random vibrations', 'Bifurcation and chaos in geared rotor bearing system by incremental harmonic balance method', 'Solution of Fokker-Planck equation by finite element and finite difference methods for nonlinear systems', 'Shell finite element for smart piezoelectric composite plate/shell structures and its application to the study of active vibration control', 'Optimal semi-active preview control response of a half car vehicle model with magnetorheological damper', 'The optimal location of piezoelectric actuators and sensors for vibration control of plates', 'The analysis of piezomagnetoelastic energy harvesters under broadband random excitations']"
Pratyush Kumar,"Microsoft Research, IIT Madras","SysDL, NLP, AI for social good",5922,https://scholar.google.com/citations?hl=en&user=4pr87jAAAAAJ,37,68,"['IndicNLPSuite: Monolingual corpora, evaluation benchmarks and pre-trained multilingual language models for Indian languages', 'Evaluating and informing the design of chatbots', 'Plotqa: Reasoning over scientific plots', 'Farmchat: a conversational agent to answer farmer queries', 'Indictrans2: Towards high-quality and accessible machine translation models for all 22 scheduled indian languages', 'Include: A large scale dataset for indian sign language recognition', 'IndicBART: A pre-trained model for indic natural language generation', 'Energy efficient DVFS scheduling for mixed-criticality systems', 'Ai4bharat-indicnlp corpus: Monolingual corpora and word embeddings for indic languages', 'Mahalakshmi J, Divyanshu Kakwani, Navneet Kumar, Aswin Pradeep, Srihari Nagaraj, Kumar Deepak, Vivek Raghavan, Anoop Kunchukuttan, Pratyush Kumar, and Mitesh Shantadevi Khapra\xa0…']"
Indumathi Nambi,Indian Institute of Technology Madras,"Environment, Water, Remediation, solid waste",5878,https://scholar.google.com/citations?hl=en&user=AuntPtQAAAAJ,40,103,"['Enhanced fluoride removal from drinking water by magnesia-amended activated alumina granules', 'Toward a comprehensive strategy to mitigate dissemination of environmental sources of antibiotic resistance', 'Long-read metagenomic sequencing reveals shifts in associations of antibiotic resistance genes with mobile genetic elements from sewage to activated sludge', 'Advanced oxidation processes for the treatment of tannery wastewater', 'Development of a novel graphene/Co3O4 composite for hybrid capacitive deionization system', 'Human health risk assessment of ground water contaminated with petroleum PAHs using Monte Carlo simulations: a case study of an Indian metropolitan city', 'Environmental impacts of the Chennai oil spill accident–A case study', 'Antibiotic usage, residues and resistance genes from food animals to human and environment: An Indian scenario', 'Treatment of petroleum oil spill sludge using the combined ultrasound and Fenton oxidation process', 'Mass transfer correlations for nonaqueous phase liquid dissolution from regions with high initial saturations']"
C.Pandu Rangan,"Professor, Department of Computer Science and Engg, IIT-Madras, India.","Algorithms, Cryptology, Theoretical Computer Science",5818,https://scholar.google.com/citations?hl=en&user=begDaeQAAAAJ,40,155,"['A unified approach to domination problems on interval graphs', 'Linear algorithm for optimal path cover problem on interval graphs', 'Algorithmic aspects of clique-transversal and clique-independent sets', 'Optimal perfectly secure message transmission', 'Focused Access to XML Documents: 6th International Workshop of the Initiative for the Evaluation of XML Retrieval, INEX 2007, Dagstuhl Castle, Germany, December 17-19, 2007\xa0…', 'Round-optimal and efficient verifiable secret sharing', 'On perfectly secure communication over arbitrary networks', 'Rational secret sharing with repeated games', 'Efficient and provably secure certificateless multi-receiver signcryption', 'Tree 3-spanners on interval, permutation and regular bipartite graphs']"
Suresh Rayala,IIT Madras,Cancer Biology,5694,https://scholar.google.com/citations?hl=en&user=uizsn0EAAAAJ,40,78,"['MicroRNA-7, a homeobox D10 target, inhibits p21-activated kinase 1 and regulates its functions', ""Pak1 phosphorylation of snail, a master regulator of epithelial-to-mesenchyme transition, modulates snail's subcellular localization and functions"", 'Nanomedicine: towards development of patient-friendly drug-delivery systems for oncological applications', 'PAK signaling in oncogenesis', 'Epithelial to mesenchymal transition in head and neck squamous carcinoma: association of Src activation with E‐cadherin down‐regulation, vimentin expression, and aggressive\xa0…', 'Association between Pak1 expression and subcellular localization and tamoxifen resistance in breast cancer patients', 'Insulin-like growth factor receptor as a therapeutic target in head and neck cancer', 'P21-activated kinase 1 regulation of estrogen receptor-α activation involves serine 305 activation linked with serine 118 phosphorylation', 'Molecular mechanism of anti-cancer activity of phycocyanin in triple-negative breast cancer cells', 'Signaling-dependent and coordinated regulation of transcription, splicing, and translation resides in a single coregulator, PCBP1']"
Suraj Pandey,"IIT Madras,(Indian Institute of Technology Madras)",Artificial Intelligence,5685,https://scholar.google.com/citations?hl=en&user=WPhgmKcAAAAJ,30,52,"['A particle swarm optimization-based heuristic for scheduling workflow applications in cloud computing environments', 'High-performance cloud computing: A view of scientific applications', 'Cloudbus toolkit for market-oriented cloud computing', 'An autonomic cloud environment for hosting ECG data analysis services', 'Megahertz serial crystallography', 'Semeval-2020 task 9: Overview of sentiment analysis of code-mixed tweets', 'Time-resolved serial femtosecond crystallography at the European XFEL', 'Enzyme intermediates captured “on the fly” by mix-and-inject serial crystallography', 'A privacy leakage upper bound constraint-based approach for cost-effective privacy preserving of intermediate data sets in cloud', 'System, method, and recording medium for risk optimization through equipment, user, and site modeling']"
TSChandra,"Professor  of Biotechnology ,Dept of Biotechnology ,IIT Madras , Chennai  India","Microbiology, biotechnology, millets, electrospinning",5654,https://scholar.google.com/citations?hl=en&user=olcYljIAAAAJ,41,75,"['Changes in carbohydrate, free amino acids, organic acids, phytate and HCl extractability of minerals during germination and fermentation of finger millet (Eleusine coracana)', 'Development of carbon nanotubes and nanofluids based microbial fuel cell', 'Effects of the antioxidant properties of millet species on oxidative stress and glycemic status in alloxan-induced rats', 'ESR spectroscopic study reveals higher free radical quenching potential in kodo millet (Paspalum scrobiculatum) compared to other millets', 'Antinutrient reduction and enhancement in protein, starch, and mineral availability in fermented flour of finger millet (Eleusine coracana)', 'The effect of finger millet feeding on the early responses during the process of wound healing in diabetic rats', 'Effect of Fermentation on the Primary Nutrients in Finger Millet (Eleusine coracana)', 'Production of surfactant and detergent-stable, halophilic, and alkalitolerant alpha-amylase by a moderately halophilic Bacillus sp. Strain TSCVKK', 'ESR spectroscopic studies on free radical quenching action of finger millet (Eleusine coracana)', 'Statistical optimization of medium components for enhanced riboflavin production by a UV-mutant of Eremothecium ashbyii']"
Shanthi Pavan,"NT Alexander Institute-Chair Professor of Electrical Engineering, IIT Madras; Fellow, IEEE",analog mixed signal integrated circuit design,5623,https://scholar.google.com/citations?hl=en&user=9eb0wrwAAAAJ,39,100,"['Understanding delta-sigma data converters', 'Widely programmable high-frequency continuous-time filters in digital CMOS technology', 'A Power Optimized Continuous-Time  ADC for Audio Applications', 'Low power design techniques for single-bit audio continuous-time delta sigma ADCs using FIR feedback', 'Design Techniques for Wideband Single-Bit Continuous-Time  Modulators With FIR Feedback DACs', 'Analysis and design of continuous-time delta–sigma converters incorporating chopping', 'Next-generation delta-sigma converters: Trends and perspectives', 'Fundamental limitations of continuous-time delta–sigma modulators due to clock jitter', 'Power reduction in continuous-time delta-sigma modulators using the assisted opamp technique', 'A dual-mode 700-Msamples/s 6-bit 200-Msamples/s 7-bit A/D converter in a 0.25-/spl mu/m digital CMOS process']"
Arockiarajan Arunachalakasi,"Professor, IIT Madras","Smart materials, Composites, Bio-materials",5522,https://scholar.google.com/citations?hl=en&user=-9DCDvgAAAAJ,36,153,"['Parameters influencing the impact response of fiber-reinforced polymer matrix composite materials: A critical review', 'Carbon nanotube characteristics and enhancement effects on the mechanical features of polymer-based materials and structures – A review', 'Defects in composite structures: Its effects and prediction methods–A comprehensive review', 'A comprehensive review on biocompatible thin films for biomedical application', 'Recent progress in flexible magnetoelectric composites and devices for next generation wearable electronics', 'Influence of water content on the mechanical behavior of gelatin based hydrogels: Synthesis, characterization, and modeling', 'Modeling and design of a class of hybrid bistable symmetric laminates with cantilever boundary configuration', 'Effect of grain size on piezoelectric, ferroelectric and dielectric properties of PMN-PT ceramics', 'Thin film metallic glasses for bioimplants and surgical tools: A review', 'Magneto-elastic oscillator: Modeling and analysis with nonlinear magnetic interaction']"
LS Ganesh,"Professor (retired), Department of Management Studies, Indian Institute of Technology …","Systems Science and Philosophy, Decision Making, Project Management, Technology and Knowledge",5468,https://scholar.google.com/citations?hl=en&user=6jE55CEAAAAJ,36,58,"[""Group preference aggregation methods employed in AHP: An evaluation and an intrinsic process for deriving members' weightages"", 'Research on knowledge transfer in organizations: a morphology', 'Criticality analysis of spare parts using the analytic hierarchy process', 'Energy resource allocation incorporating qualitative and quantitative criteria: An integrated model using goal programming and AHP', 'Modelling and assessment of critical risks in BOT road projects', 'A morphological analysis of research literature on Lean Six Sigma for services', 'Using AHP for resource allocation problems', 'Balancing knowledge strategy: codification and personalization during product development', 'Sustainability integration in the management of construction projects: A morphological analysis of over two decades’ research literature', 'Quality 4.0–a review of and framework for quality management in the digital era']"
Tapobrata Panda (T Panda),"Retired Professor of Chemical Engineering, Indian Institute of Technology Madras, India","Bioprocess Engineering, Biochemical Engineering, Bioprocess optimization",5406,https://scholar.google.com/citations?hl=en&user=wEmXlfQAAAAJ,38,91,"['Purification and biochemical properties of microbial pectinases—a review', 'Production and applications of esterases', 'Studies on applications of chitin and its derivatives', 'Biosynthesis of silver nanoparticles', 'Understanding the morphology of fungi', 'Production of pectolytic enzymes–a review', 'Regulation and cloning of microbial chitinase genes', 'Electroporation: basic principles, practical considerations and applications in molecular biology', 'Studies on pH and thermal deactivation of pectolytic enzymes from Aspergillus niger', 'Production of microbial chitinases–A revisit']"
Prakash M Maiya,Indian Institute of Technology,"refrigeration, Air conditioning, ventilation, metal hydrides, energy",5246,https://scholar.google.com/citations?hl=en&user=2AdnRAMAAAAJ,40,94,"['Passive alternatives to mechanical air conditioning of building: A review', 'Experiments on a metal hydride-based hydrogen storage device', 'Performance simulation of metal hydride hydrogen storage device with embedded filters and heat exchanger tubes', 'A comprehensive review of liquid desiccant air conditioning system', 'Thermal comfort in traditional buildings composed of local and modern construction materials', 'Application of desiccant wheel to control humidity in air-conditioning systems', 'Thermodynamic comparison of water-based working fluid combinations for a vapour absorption refrigeration system', 'The stability and thermophysical properties of Al2O3-graphene oxide hybrid nanofluids for solar energy applications: application of robust autoregressive modern machine\xa0…', 'The effect of pH on stability and thermal performance of graphene oxide and copper oxide hybrid nanofluids for heat transfer applications: application of novel machine learning\xa0…', 'Effects of heat exchanger design on the performance of a solid state hydrogen storage device']"
Suresh Kumar Govindarajan,"Professor (HAG) - Reservoir Simulation Laboratory, Petroleum Engineering Programme,   IIT …",Flow through Fractured Reservoirs  -  EOR …,5190,https://scholar.google.com/citations?hl=en&user=e7sOg_0AAAAJ,36,127,"['Thermal stability of oil-in-water Pickering emulsion in the presence of nanoparticle, surfactant, and polymer', 'Weathering of oil spill: modeling and analysis', 'Human health risk assessment of ground water contaminated with petroleum PAHs using Monte Carlo simulations: a case study of an Indian metropolitan city', 'Changes in fracture aperture and fluid pressure due to thermal stress and silica dissolution/precipitation induced by heat extraction from subsurface rocks', 'Comparative effectiveness of production performance of Pickering emulsion stabilized by nanoparticle–surfactant–polymerover surfactant–polymer (SP) flooding for enhanced oil\xa0…', 'Mechanical earth modeling for a vertical well drilled in a naturally fractured tight carbonate gas reservoir in the Persian Gulf', 'Removal of lead and fluoride from contaminated water using exhausted coffee grounds based bio-sorbent', 'Enhanced oil recovery using oil-in-water (o/w) emulsion stabilized by nanoparticle, surfactant and polymer in the presence of NaCl', 'Viscoelastic properties of oil-in-water (o/w) Pickering emulsion stabilized by surfactant–polymer and nanoparticle–surfactant–polymer systems', 'Numerical modeling of non-isothermal quartz dissolution/precipitation in a coupled fracture–matrix system']"
Vemuri Rama Krishna Murthy,Indian Institute of Technology Madras,"Dielectrics, Ferroelectrics, Multiferroics",5155,https://scholar.google.com/citations?hl=en&user=rllgEnUAAAAJ,38,112,"['Ferrite materials: science and technology', 'Dielectric properties of some nickel‐zinc ferrites at radio frequency', 'Effect of silver incorporation into PVDF-barium titanate composites for EMI shielding applications', 'Crystal structure refinement and microwave dielectric properties of new low dielectric loss AZrNb2O8 (A: Mn, Zn, Mg and Co) ceramics', 'Structural investigations on Pb (ZrxT1− x) O3 solid solutions using the X-ray Rietveld method', 'Electrical conductivity of some nickel‐zinc ferrites', 'Conducting polymer based nanocomposites for supercapacitor applications: A review of recent advances, challenges and future prospects', 'Structural, magnetic and electrical properties of NiCuZn ferrites prepared by microwave sintering method suitable for MLCI applications', 'Influence of copper substitution on magnetic and electrical properties of MgCuZn ferrite prepared by microwave sintering method', 'Electrical conductivity and thermoelectric power measurements of some lithium–titanium ferrites']"
Karthik Raman,"Professor, Department of Data Science and AI, Wadhwani School of Data Science and AI, IIT …","Computational Biology, Systems Biology, Synthetic Biology, Biological Networks, Metabolic Modelling",5137,https://scholar.google.com/citations?hl=en&user=qkn2yIIAAAAJ,31,66,"['Flux balance analysis of biological systems: applications and challenges', 'Machine Learning Applications for Mass Spectrometry-Based Metabolomics', 'Assessment of network module identification across complex diseases', 'SBML Level 3: an extensible format for the exchange and reuse of biological models', 'targetTB: a target identification pipeline for Mycobacterium tuberculosis through an interactome, reactome and genome-scale structural analysis', 'Construction and analysis of protein–protein interaction networks', 'Flux balance analysis of mycolic acid pathway: targets for anti-tubercular drugs', 'Metagenome-wide association analysis identifies microbial determinants of post-antibiotic ecological recovery in the gut', 'The organisational structure of protein networks: revisiting the centrality–lethality hypothesis', 'Mycobacterium tuberculosis interactome analysis unravels potential pathways to drug resistance']"
A Seshadri Sekhar,"Professor of Mechanical Engineering, IIT Madras","Rotor dynamics, Condition monitoring, Tribology and Vibrations",5067,https://scholar.google.com/citations?hl=en&user=ka_t0OgAAAAJ,39,83,"['Application of discrete wavelet transform for detection of ball bearing race faults', 'Fault detection in rotor bearing systems using time frequency techniques', 'Multiple cracks effects and identification', 'Identification of unbalance in a rotor bearing system', 'Vibration characteristics of a cracked rotor with two open cracks', 'Vibration based damage detection of rotor blades in a gas turbine engine', 'Crack identification in a rotor system: a model-based approach', 'Hilbert–Huang transform for detection and monitoring of crack in a transient rotor', 'Condition monitoring of cracked rotors through transient response', 'Transient analysis of a cracked rotor passing through critical speed']"
S. Mohan,"Professor, Envvironmental and Water Resources Engineering, Indian Institute of Technology …","Reservoir Operation, Heavy Metal Removal, Municipal Solid Waste, Heavy Metal Adsorption, Leachate",5066,https://scholar.google.com/citations?hl=en&user=f_MK-gkAAAAJ,34,84,"['Removal of heavy metal ions from municipal solid waste leachate using coal fly ash as an adsorbent', 'Urban bus transit route network design using genetic algorithm', 'Parameter estimation of nonlinear Muskingum models using genetic algorithm', 'Transit route network design using frequency coded genetic algorithm', 'Fixed bed column study for heavy metal removal using phosphate treated rice husk', 'Intermittent water supply under water scarcity situations', 'Fuzzy logic water quality index and importance of water quality parameters', 'Optimal water distribution network design with honey-bee mating optimization', 'Development of nanoporous textile sludge based adsorbent for the dye removal from industrial textile effluent', 'Extended period simulation for pressure-deficient water distribution network']"
Ravi Sankar Kottada,Professor at Indian Institute of Technology Madras,"Creep, High-temperature Deformation, Additive Manufacturing, Superalloys, High Entropy Alloys",5046,https://scholar.google.com/citations?hl=en&user=Fw2eT30AAAAJ,31,54,"['Alloying behavior in multi-component AlCoCrCuFe and NiCoCrCuFe high entropy alloys', 'Thermal Spray High-Entropy Alloy Coatings: A Review', 'Alloying, thermal stability and strengthening in spark plasma sintered AlxCoCrCuFeNi high entropy alloys', 'Thermal stability and grain boundary strengthening in ultrafine-grained CoCrFeNi high entropy alloy composite', 'Plasma-sprayed high entropy alloys: microstructure and properties of AlCoCrFeNi and MnCoCrFeNi', 'Exceptional resistance to grain growth in nanocrystalline CoCrFeNi high entropy alloy at high homologous temperatures', 'Multiscale mechanical performance and corrosion behaviour of plasma sprayed AlCoCrFeNi high-entropy alloy coatings', 'Additive manufacturing of an aluminum matrix composite reinforced with nanocrystalline high-entropy alloy particles', 'Phase formation in mechanically alloyed AlxCoCrCuFeNi (x= 0.45, 1, 2.5, 5 mol) high entropy alloys', 'Understanding the microstructural evolution of high entropy alloy coatings manufactured by atmospheric plasma spray processing']"
Vallam Sundar,Indian Institute of Technology Madras,"Harbour, Coastal and Ocean Engineering",5046,https://scholar.google.com/citations?hl=en&user=BFgXPowAAAAJ,38,124,"['Mooring forces and motion responses of pontoon-type floating breakwaters', 'Effects of bottom profile of an oscillating water column device on its hydrodynamic characteristics', 'Baseline study on microplastics in Indian rivers under different anthropogenic influences', 'Assessment of wave energy potential and its harvesting approach along the Indian coast', 'Performance of an array of oscillating water column devices integrated with an offshore detached breakwater', 'Interaction of regular waves with a group of dual porous circular cylinders', 'Integration of wave energy and other marine renewable energy sources with the needs of coastal societies', 'Reflection characteristics of permeable seawalls', 'Current-induced scour around a vertical pile in cohesive soil', 'Diffraction–radiation of multiple floating structures in directional waves']"
Boby George,"Professor, Department of Electrical Engineering, IIT Madras","Sensors, Non‑contact Sensing, Sensor Interface Electronics, Biomedical Instrumentation",5041,https://scholar.google.com/citations?hl=en&user=iOmLCnkAAAAJ,36,123,"['Technologies and applications of angle sensors: A review', 'Use of fourier series analysis for motion artifact reduction and data compression of photoplethysmographic signals', 'Advances in capacitive, eddy current, and magnetic displacement sensors and corresponding interfaces', 'A Wide-Range Capacitive Sensor for Linear and Angular Displacement Measurement', 'A multiple inductive loop vehicle detection system for heterogeneous and lane-less traffic', 'A combined inductive–capacitive proximity sensor for seat occupancy detection', 'Improved single-element resistive sensor-to-microcontroller interface', 'A novel calibration-free method of measurement of oxygen saturation in arterial blood', 'Design and Development of a New Non-Contact Inductive Displacement Sensor', 'Analysis of the switched-capacitor dual-slope capacitance-to-digital converter']"
Kothandaraman Ramanujam (RK Raman),"Professor, Indian Institute of Technology",Electrocatalyst for Energy Systems,5033,https://scholar.google.com/citations?hl=en&user=8MvVXi8AAAAJ,35,131,"['An alkaline direct borohydride fuel cell with hydrogen peroxide as oxidant', 'Carbon-supported Pt–Fe alloy as a methanol-resistant oxygen-reduction catalyst for direct methanol fuel cells', 'Methanol-resistant oxygen-reduction catalysts for direct methanol fuel cells', 'A high output voltage direct borohydride fuel cell', 'Non-precious oxygen reduction catalysts prepared by high-pressure pyrolysis for low-temperature fuel cells', 'Advances in redox flow batteries–A comprehensive review on inorganic and organic electrolytes and engineering perspectives', 'Retracted Article: Novel ethynyl-pyrene substituted phenothiazine based metal free organic dyes in DSSC with 12% conversion efficiency', 'A 28-W portable direct borohydride–hydrogen peroxide fuel-cell stack', 'A direct borohydride/hydrogen peroxide fuel cell with reduced alkali crossover', 'Tailoring a Pt–Ru catalyst for enhanced methanol electro-oxidation']"
Lelitha Devi Vanajakshi,"Department of Civil Engineering, Indian Institute of Technology Madras","Traffic flow modeling, Intelligent Transportation Systems, Traffic operations",4983,https://scholar.google.com/citations?hl=en&user=NFQxp20AAAAJ,31,89,"['Short-term traffic flow prediction using seasonal ARIMA model with limited input data', 'Travel time prediction under heterogeneous traffic conditions using global positioning system data from buses', 'A comparison of the performance of artificial neural networks and support vector machines for the prediction of traffic speed', 'Support vector machine technique for the short term prediction of travel time', 'A multiple inductive loop vehicle detection system for heterogeneous and lane-less traffic', 'Bus travel time prediction using a time-space discretization approach', 'Data fusion-based traffic density estimation and prediction', 'Bus arrival time prediction: A spatial Kalman filter approach', 'Development of a real-time bus arrival prediction system for Indian traffic conditions', 'Real time bus travel time prediction using k-NN classifier']"
Nitin Muralidharan,Indian Institute of Technology Madras,"Materials Science, Energy Storage, Batteries, Cobalt-free, Mechano-Electrochemistry",4753,https://scholar.google.com/citations?hl=en&user=8riV1tIAAAAJ,36,50,"['Energy and environmental aspects in recycling lithium-ion batteries: Concept of Battery Identity Global Passport', 'Valuation of surface coatings in high-energy density lithium-ion battery cathode materials', 'Anode-free sodium battery through in situ plating of sodium metal', 'A sugar-derived room-temperature sodium sulfur battery with long term cycling stability', ""Next‐generation cobalt‐free cathodes–a prospective solution to the battery industry's cobalt problem"", 'Durable potassium ion battery electrodes from high-rate cointercalation into graphitic carbons', 'Sustainable direct recycling of lithium‐ion batteries via solvent recovery of electrode materials', 'Polysulfide Anchoring Mechanism Revealed by Atomic Layer Deposition of V2O5 and Sulfur-Filled Carbon Nanotubes for Lithium–Sulfur Batteries', 'Sustainable recycling of cathode scraps via Cyrene-based separation', 'Lithium Iron Aluminum Nickelate, LiNixFeyAlzO2—New Sustainable Cathodes for Next‐Generation Cobalt‐Free Li‐Ion Batteries']"
V Srinivasa Chakravarthy,Indian Institute of Technology Madras,"Computational neuroscience, computational cardiology, pattern recognition...",4675,https://scholar.google.com/citations?hl=en&user=4PqxB3gAAAAJ,32,89,"['Motor symptoms in Parkinson’s disease: A unified framework', 'What do the basal ganglia do? A modeling perspective', 'Neurodegenerative diseases–is metabolic deficiency the root cause?', 'Scale-based clustering using the radial basis function network', 'Conductivity anisotropy estimation method for inversion processing of measurements made by a transverse electromagnetic induction logging instrument', 'Online handwritten character recognition of Devanagari and Telugu Characters using support vector machines', 'Online handwriting recognition for Tamil', 'Informational dynamics of vasomotion in microvascular networks: a review.', 'Exploring the cognitive and motor functions of the basal ganglia: an integrative review of computational cognitive neuroscience models', 'A spiking Basal Ganglia model of synchrony, exploration and decision making']"
TJKamalanabhan,"Professor, Dept of Management studies, Indian Insitute of Technology Madras","Human Resource Management, Organisational Behaviour, Industrial Psychology",4602,https://scholar.google.com/citations?hl=en&user=UGbGgQgAAAAJ,32,64,"['Customer perceptions of service quality: A critique', 'Measuring service quality in higher education: Development of a hierarchical model (HESQUAL)', 'Higher education service quality, student satisfaction and loyalty: Validating the HESQUAL scale and testing an improved structural model', 'An instrument for measuring total quality management implementation in manufacturing-based business units in India', 'Internal corporate communication and its impact on internal branding: Perception of Indian public sector employees', 'Impact of human resource management practices on employee turnover intentions: Moderating role of psychological contract breach', 'The impact of cynicism on ethical intentions of Indian managers: The moderating role of seniority', 'Work/life balance reflections on employee satisfaction', 'Employee engagement and job satisfaction in the information technology industry', 'Unethical employee behaviour: a review and typology']"
Ganapati Dash,"Doctoral Student, IIT Madras",Experimental High Energy Physics,4590,https://scholar.google.com/citations?hl=en&user=yRHi2VwAAAAJ,28,63,"['The CMS Statistical Analysis and Combination Tool: Combine', 'Search for new physics in high-mass diphoton events from proton-proton collisions at  = 13 TeV', 'Performance of the CMS high-level trigger during LHC Run 2', 'New structures in the J/ψJ/ψ mass spectrum in proton-proton collisions at√ s= 13 TeV', 'Review of searches for vector-like quarks, vector-like leptons, and heavy neutral leptons in proton–proton collisions at√ s= 13 TeV at the CMS experiment', 'Observation of quantum entanglement in top quark pair production in proton–proton collisions at s= 13 TeV', 'Measurement of the inclusive cross sections for W and Z boson production in proton-proton collisions at  = 5.02 and 13 TeV', 'Enriching the physics program of the CMS experiment via data scouting and data parking', 'Observation of a pseudoscalar excess at the top quark pair production threshold', 'Measurements of polarization and spin correlation and observation of entanglement in top quark pairs using  events from proton-proton collisions at\xa0…']"
Dillip Kumar Chand,"Professor of Chemistry, IIT Madras",Supramolecular Coordination Chemistry,4552,https://scholar.google.com/citations?hl=en&user=uSR69fkAAAAJ,36,97,"['Synthesis and characterization of curcumin loaded PLA—Hyperbranched polyglycerol electrospun blend for wound dressing applications', 'Self-assembled coordination complexes from various palladium (II) components and bidentate or polydentate ligands', 'Selective oxidation of sulfides to sulfoxides and sulfones at room temperature using H2O2 and a Mo (VI) salt as catalyst', 'Dynamic Self‐Assembly of an M3L6 Molecular Triangle and an M4L8 Tetrahedron from Naked PdII Ions and Bis(3‐pyridyl)‐Substituted Arenes', 'Palladium nanoparticles catalyzed Suzuki cross-coupling reactions in ambient conditions', 'Polyaromatic molecular peanuts', 'Self-assembled conjoined-cages', 'Palladium (II)‐Based Self‐Assembled Heteroleptic Coordination Architectures: A Growing Family', 'Multi-Stimuli-Responsive Metallogel Molded from a Pd2L4‑Type Coordination Cage: Selective Removal of Anionic Dyes', 'DOSY Study on Dynamic Catenation: Self‐Assembly of a [3] Catenane as a Meta‐Stable Compound from Twelve Simple Components']"
Madivala G. Basavaraj,"Professor, Department of Chemical Engineering, IIT-Madras",Colloids and Interface Science,4544,https://scholar.google.com/citations?hl=en&user=iJI-8rkAAAAJ,33,81,"['Exploiting particle shape in solid stabilized emulsions', 'Self-assembly and rheology of ellipsoidal particles at interfaces', 'Packing, flipping, and buckling transitions in compressed monolayers of ellipsoidal latex particles', 'Shape anisotropic colloids: synthesis, packing behavior, evaporation driven assembly, and their application in emulsion stabilization', 'Control over coffee-ring formation in evaporating liquid drops containing ellipsoids', 'Role of electrostatic interactions in the adsorption kinetics of nanoparticles at fluid–fluid interfaces', 'Stabilization of Pickering emulsions with oppositely charged latex particles: influence of various parameters and particle arrangement around droplets', 'Tailoring pore distribution in polymer films via evaporation induced phase separation', 'Evaporation of Sessile Drops Containing Colloidal Rods: Coffee-ring and Order-Disorder Transition', 'A model for the prediction of droplet size in Pickering emulsions stabilized by oppositely charged particles']"
Venkatachalam Subramanian,"Indian Institute of Technology, Madras","Microwave, Materials",4539,https://scholar.google.com/citations?hl=en&user=8WqfOY4AAAAJ,34,114,"['Electrospinning of continuous aligned polymer fibers', 'Electrical conductivity of a single electrospun fiber of poly (methyl methacrylate) and multiwalled carbon nanotube nanocomposite', 'Structural refinement, optical and microwave dielectric properties of BaZrO3', 'Enhanced electromagnetic interference shielding in a Au–MWCNT composite nanostructure dispersed PVDF thin films', 'Electrochemical treatment of simulated textile effluent', 'Ag induced electromagnetic interference shielding of Ag-graphite/PVDF flexible nanocomposites thinfilms', 'Magnetic structure and magnetodielectric effect of YFe0. 5Cr0. 5O3', 'Polar nano regions in lead free (Na0. 5Bi0. 5) TiO3-SrTiO3-BaTiO3 relaxors: An impedance spectroscopic study', 'Structural, microwave dielectric properties and dielectric resonator antenna studies of Sr (ZrxTi1− x) O3 ceramics', 'Magnetic, dielectric and magnetodielectric properties of PVDF-La0. 7Sr0. 3MnO3 polymer nanocomposite film']"
P Murugavel,"Professor of Department of Physics, Indian Institute of Technology Madras",Materials Physics,4510,https://scholar.google.com/citations?hl=en&user=kUO8BdMAAAAJ,34,80,"['The single-phase multiferroic oxides: from bulk to thin film', 'Role of oxygen vacancy and Fe–O–Fe bond angle in compositional, magnetic, and dielectric relaxation on Eu-substituted BiFeO3 nanoparticles', 'Magnetoelectric effects of nanoparticulate Pb (Zr0. 52Ti0. 48) O3–NiFe2O4 composite films', 'Ferroelectricity Driven by Y -ness with Rehybridization in', 'Electronic structures of hexagonal  (, Tb, Dy, and Ho) thin films: Optical spectroscopy and first-principles calculations', 'Epitaxial stabilization of a new multiferroic hexagonal phase of TbMnO3 thin films', 'Investigating Size- and Temperature-Dependent Coercivity and Saturation Magnetization in PEG Coated Fe3O4 Nanoparticles', 'Origin of metal–insulator transition temperature enhancement in underdoped lanthanum manganite films', 'Multiferroic properties of epitaxially stabilized hexagonal DyMnO3 thin films', 'Interface Control of Ferroelectricity in an SrRuO3/BaTiO3/SrRuO3 Capacitor and its Critical Thickness']"
KC Hari Kumar,"Professor of Metallurgical & Materials Engineering, IIT Madras","Materials Thermodynamics, Computational Materials Science, Physical Metallurgy, Extractive Metallurgy",4500,https://scholar.google.com/citations?hl=en&user=cDoas4sAAAAJ,37,78,"['Surface oxidation of NiTi shape memory alloy', 'Thermodynamic optimization of the B–Fe system', 'Thermodynamic assessment of the Ni-Ti phase diagram', 'Development of high strength Al–Mg–Si AA6061 alloy through cold rolling and ageing', 'Thermodynamic assessment of the Ti\ue5f8 Zr system and calculation of the Nb\ue5f8 Ti\ue5f8 Zr phase diagram', 'Thermodynamic optimisation of the Cu-Ti system', 'Analysis of phase formation in multi-component alloys', 'Thermodynamic calculation of Nb-Ti-V phase diagram', 'Thermodynamic evaluation of Fe-Sn phase diagram', 'Localized corrosion of an ultrafine grained Al–4Zn–2Mg alloy produced by cryorolling']"
Anju Chadha,"Professor of Bioorganic Chemistry, IITMadras","Biocatalysis and Enzyme Mechanisms, Biosensors, Microbial methods for value added products, Green Chemistry",4478,https://scholar.google.com/citations?hl=en&user=Qrx7m3YAAAAJ,37,88,"['Preparation of biodiesel from crude oil of Pongamia pinnata', 'Covalent nucleoside adducts of benzo [a] pyrene 7, 8-diol 9, 10-epoxides: structural reinvestigation and characterization of a novel adenosine adduct on the ribose moiety', 'Porous silicon based potentiometric triglyceride biosensor', 'Metabolism of geraniol and linalool in the rat and effects on liver and lung microsomal enzymes', 'Covalent bonding of bay-region diol epoxides to nucleic acids', 'H-Bonding controls the emission properties of functionalized carbon nano-dots', 'Kinetic study of the base‐catalyzed transesterification of monoglycerides from pongamia oil', 'Asymmetric reduction of aryl imines using Candida parapsilosis ATCC 7330', 'Biocatalytic deracemisation of α-hydroxy esters: high yield preparation of (S)-ethyl 2-hydroxy-4-phenylbutanoate from the racemate', 'Covalent immobilization of Pseudomonas cepacia lipase on semiconducting materials']"
Dr. CHIDAMBARAM M,Indian Institute of Technology Madras,Process Control,4450,https://scholar.google.com/citations?hl=en&user=XfIWI-EAAAAJ,39,92,"['A simple method of tuning PID controllers for integrator/dead-time processes', 'A simple method of tuning PID controllers for stable and unstable FOPTD systems', 'Direct synthesis-based controller design for integrating processes with time delay', 'Design of P and PI controllers for unstable first-order plus time delay systems', 'Control of unstable systems', 'Controller design for MIMO processes based on simple decoupled equivalent transfer functions and simplified decoupler', 'Simple analytical design of modified Smith predictor with improved performance for unstable first-order plus time delay (FOPTD) processes', 'Centralized PI controllers for interacting multivariable processes by synthesis method', 'Enhanced two-degrees-of-freedom control strategy for second-order unstable processes with time delay', 'Applied process control']"
Sumesh P Thampi,"Department of Chemical Engineering, Indian Institute of Technology Madras","Soft and active matter, Surfaces and interfaces, Complex fluids, Lattice Boltzmann simulations.",4430,https://scholar.google.com/citations?hl=en&user=PGXe1vkAAAAJ,30,50,"['Topological defects in epithelia govern cell death and extrusion', 'Velocity correlations in an active nematic', 'Stabilization of active matter by flow-vortex lattices and defect ordering', 'Defect-mediated morphologies in growing cell colonies', 'Instabilities and topological defects in active nematics', 'Vorticity, defects and correlations in active turbulence', 'Biphasic, lyotropic, active nematics', 'Active turbulence in active nematics', ""Celebrating Soft Matter's 10th Anniversary: Cell division: a source of active stress in cellular monolayers"", 'Isotropic discrete Laplacian operators from lattice hydrodynamics']"
Ramanathan Srinivasan,"Department of Chemical Engineering, Indian Institute of Technology - Madras, India",Electrochemistry,4423,https://scholar.google.com/citations?hl=en&user=gId5PLwAAAAJ,31,58,"['Microwave food processing—A review', 'Microwave material processing—a review', 'Experimental and theoretical investigation on microwave melting of metals', 'Shallow trench isolation chemical mechanical planarization: a review', 'Nonlinear electrochemical impedance spectroscopy', 'Microwave heating characteristics of graphite based powder mixtures', 'Facile fabrication of robust superhydrophobic aluminum surfaces with enhanced corrosion protection and antifouling properties', 'Chemical mechanical planarization of copper in alkaline slurry with uric acid as inhibitor', 'An Introduction to Electrochemical Impedance Spectroscopy', 'The effect of hydrogen peroxide on polishing removal rate in CMP with various abrasives']"
Natarajan Srinivasan T,Professor of Physics IIT Madras,Nanofibers physics education electronics …,4412,https://scholar.google.com/citations?hl=en&user=4kHkl2gAAAAJ,29,41,"['Study on UV-LED/TiO2 process for degradation of Rhodamine B dye', 'Influence of TiO2 morphology on the photocatalytic efficiency of direct Z-scheme g-C3N4/TiO2 photocatalysts for isoniazid degradation', 'Photocatalytic degradation of methylene blue dye using ultraviolet light emitting diodes', 'Photocatalytic reactor based on UV-LED/TiO2 coated quartz tube for degradation of dyes', 'Visible light driven redox-mediator-free dual semiconductor photocatalytic systems for pollutant degradation and the ambiguity in applying Z-scheme concept', 'Enhanced photocatalytic activity of bismuth-doped TiO2 nanotubes under direct sunlight irradiation for degradation of Rhodamine B dye', 'Energy Efficient UV-LED Source and TiO2 Nanotube Array-Based Reactor for Photocatalytic Application', 'Electrospun NiO nanofibers as cathode materials for high performance asymmetric supercapacitors', 'Preferential adsorption behavior of methylene blue dye onto surface hydroxyl group enriched TiO2 nanotube and its photocatalytic regeneration', 'Synthesis of multiwall carbon nanotubes/TiO2 nanotube composites with enhanced photocatalytic decomposition efficiency']"
S. Ganesh Sundara Raman,"Professor, Dept. of Metall. Mater. Engg., IIT Madras, Chennai, India","Mechanical Properties, Fatigue, Fretting, Coatings, Thermal Spray Processing",4358,https://scholar.google.com/citations?hl=en&user=tV-5M0oAAAAJ,37,78,"['Thermal oxidation of Ti6Al4V alloy: Microstructural and electrochemical characterization', 'Synthesis and evaluation of hardness and sliding wear resistance of electrodeposited nanocrystalline Ni–W alloys', 'Corrosion behaviour of electrodeposited nanocrystalline Ni–W and Ni–Fe–W alloys', 'Thermal oxidation of CP Ti—An electrochemical and structural characterization', 'Thermal oxidation of CP-Ti: Evaluation of characteristics and corrosion resistance as a function of treatment time', 'Surface modification of CP-Ti to improve the fretting-corrosion resistance: Thermal oxidation vs. anodizing', 'Correlation of microstructure with mechanical properties of TIG weldments of Ti–6Al–4V made with and without current pulsing', 'Effect of contact pressure on fretting fatigue behaviour of Al–Mg–Si alloy AA6061', 'Influence of weld cooling rate on microstructure and mechanical properties of alloy 718 weldments', 'Microstructure and mechanical properties of friction welded alloy 718']"
Gnanamoorthy R,"Department of Mechanical Engineering, Indian Institute of Technology Madras, Chennai …","Sustainable Materials & Engineering Design, Additive Manufacturing, Tribology, Fatigue and Fracture",4352,https://scholar.google.com/citations?hl=en&user=PRMqUOngfrgC,38,91,"['Sliding wear performance of polyamide 6–clay nanocomposites in water', 'Effect of rotational speed on the performance of unreinforced and glass fiber reinforced Nylon 6 spur gears', 'Tribological behaviour of clay–thermoset polyester nanocomposites', 'Damage mechanisms in injection molded unreinforced, glass and carbon reinforced nylon 66 spur gears', 'Impact force of low velocity liquid droplets measured using piezoelectric PVDF film', 'Damping characteristics of unreinforced, glass and carbon fiber reinforced nylon 6/6 spur gears', 'Effect of gear tooth fillet radius on the performance of injection molded Nylon 6/6 gears', 'Effect of nanoclay reinforcement on tensile and tribo behaviour of Nylon 6', 'Dry sliding friction and wear characteristics of Fe–C–Cu alloy containing molybdenum di sulphide', 'Effect of short fibre reinforcement on the friction and wear behaviour of nylon 66']"
Arvind Kumar,IIT Madras,Surface acoustic wave device,4254,https://scholar.google.com/citations?hl=en&user=_mD2pjYAAAAJ,22,106,"['Fatal road traffic accidents and their relationship with head injuries: An epidemiological survey of five years', 'Analysis of Indian mint (Mentha spicata) for essential, trace and toxic elements and its antioxidant behaviour', 'Assessing the impacts of climate change on land productivity in Indian crop agriculture: An evidence from panel data analysis', 'Discrete simulation application-scheduling staff for the emergency room', 'Experimental investigation and study of HVOF sprayed WC-12Co, WC-10Co-4Cr and Cr3C2-25NiCr coating on its sliding wear behaviour', 'Nuclear DNA Amounts in Some Tropical Hardwoods', 'Exogenous Cytokinin Application Increases Cell Membrane and Chlorophyll Stability in Wheat (Triticum aestivum L.)', 'Substrate integrated waveguide cavity‐backed slot antenna with low cross‐polarization over the full bandwidth', 'Prevalence of urinary tract infection, bacteremia, and meningitis among febrile infants aged 8 to 60 days with SARS-CoV-2', 'Prototyping and performance study of a single crystal diamond detector for operation at high temperatures']"
BN Rao,"Professor (HAG) of Civil Engineering, IIT Madras","Computational solid mechanics, finite element analysis, meshless analysis, computer-aided design, structural reliability",4206,https://scholar.google.com/citations?hl=en&user=gklEogwAAAAJ,35,82,"['An efficient meshless method for fracture analysis of cracks', 'Mesh-free analysis of cracks in isotropic functionally graded materials', 'A coupled meshless-finite element method for fracture analysis of cracks', 'High‐dimensional model representation for structural reliability analysis', 'A perturbation method for stochastic meshless analysis in elastostatics', 'Non-uniform time-to-corrosion initiation in steel reinforced concrete under chloride environment', 'An enriched meshless method for non‐linear fracture mechanics', 'An interaction integral method for analysis of cracks in orthotropic functionally graded materials', 'Assessment of high dimensional model representation techniques for reliability analysis', 'Non-uniform corrosion states of rebar in concrete under chloride environment']"
BN Rao,Indian Institute of Technology Madras,"Computational mechanics, structural reliability, stochastic mechanics, structural engineering",4186,https://scholar.google.com/citations?hl=en&user=Vsw1ttMAAAAJ,35,81,"['An efficient meshless method for fracture analysis of cracks', 'Mesh-free analysis of cracks in isotropic functionally graded materials', 'A coupled meshless-finite element method for fracture analysis of cracks', 'High‐dimensional model representation for structural reliability analysis', 'A perturbation method for stochastic meshless analysis in elastostatics', 'Non-uniform time-to-corrosion initiation in steel reinforced concrete under chloride environment', 'An enriched meshless method for non‐linear fracture mechanics', 'An interaction integral method for analysis of cracks in orthotropic functionally graded materials', 'Assessment of high dimensional model representation techniques for reliability analysis', 'Non-uniform corrosion states of rebar in concrete under chloride environment']"
Balaji Narasimhan,Indian Institute of Technology Madras,"Hydrological Modelling, GIS and remote sensing",4110,https://scholar.google.com/citations?hl=en&user=UHFAtUkAAAAJ,27,57,"['Development and evaluation of Soil Moisture Deficit Index (SMDI) and Evapotranspiration Deficit Index (ETDI) for agricultural drought monitoring', 'Combining Sentinel-1 and Sentinel-2 data for improved land use and land cover mapping of monsoon regions', 'Development and verification of a non-linear disaggregation method (NL-DisTrad) to downscale MODIS land surface temperature to the spatial scale of Landsat thermal data to\xa0…', 'An improved bias correction method of daily rainfall data using a sliding window technique for climate change impact assessment', 'Role of dams on the floods of August 2018 in Periyar River Basin, Kerala', 'Dynamic integration of land use changes in a hydrologic assessment of a rapidly developing Indian catchment', 'Spatial mapping of agricultural water productivity using the SWAT model in Upper Bhima Catchment, India', 'Estimation of long-term soil moisture using a distributed parameter hydrologic model and verification using remotely sensed data', 'Comparing the effects of dynamic versus static representations of land use change in hydrologic impact assessments', 'An automated cloud detection method for daily NOAA-14 AVHRR data for Texas, USA']"
Jayaraj Joseph,"Associate Professor, Dept. of Electrical Engineering, IIT Madras","Healthcare technology, Biomedical instrumentation, Vascular ageing, Cuffless blood pressure, IVD",4072,https://scholar.google.com/citations?hl=en&user=jkACmbEAAAAJ,33,98,"['Psi-Net: Shape and boundary aware joint multi-task deep network for medical image segmentation', 'Local pulse wave velocity: theory, methods, advancements, and clinical applications', 'Non-contact sensing of neonatal pulse rate using camera-based imaging: a clinical feasibility study', 'Ecgnet: Deep network for arrhythmia classification', 'Fast body part segmentation and tracking of neonatal video data using deep learning', 'Single-source PPG-based local pulse wave velocity measurement: a potential cuffless blood pressure estimation technique', 'Bi-modal arterial compliance probe for calibration-free cuffless blood pressure estimation', 'Arterial blood pressure estimation from local pulse wave velocity using dual-element photoplethysmograph probe', 'RPnet: A Deep Learning approach for robust R Peak detection in noisy ECG', 'RespNet: A deep learning model for extraction of respiration from photoplethysmogram']"
Bhyrappa P,"Professor of Chemistry, Indian Institute of Technology Madras, Chennai, India","Bioinorganic, Supramolecular and Materials Chemistry, Perovskite and Dye-Sensitized Solar Cells",4000,https://scholar.google.com/citations?hl=en&user=jlJ82fcAAAAJ,26,50,"['Microporous porphyrin solids', 'Dendrimer-metalloporphyrins: Synthesis and catalysis', 'Octabromotetraphenylporphyrin and its metal derivatives: Electronic structure and electrochemical properties', 'Buckminsterfulleride (1-) salts: synthesis, EPR, and the Jahn-Teller distortion of C60(-)', 'Hydrogen-bonded porphyrinic solids: Supramolecular networks of octahydroxy porphyrins', 'The C60(2-) fulleride ion', 'Shape selective epoxidation of alkenes by metalloporphyrin-dendrimers', 'Mixed Substituted Porphyrins:\u2009 Structural and Electrochemical Redox Properties', 'An improved protocol for the synthesis of antipodal β-tetrabromo-tetraphenylporphyrin and the crystal structure of its Zn (II) complex', 'Shape-Selective Ligation to Dendrimer−Metalloporphyrins']"
Palanisamy Shanmugam,"Professor of Ocean Engineering, Indian Institute of Technology Madras","Ocean optics and Imaging, Satellite Oceanography",3984,https://scholar.google.com/citations?hl=en&user=uJdn1rMAAAAJ,32,92,"['Detecting the red tide algal blooms from satellite ocean color observations in optically complex Northeast-Asia Coastal waters', 'A comparison of the classification of wetland characteristics by linear spectral mixture modelling and traditional hard classifiers on multispectral remotely sensed imagery in\xa0…', 'Satellite detection of harmful algal bloom occurrences in Korean waters', 'Assessment of the levels of coastal marine pollution of Chennai city, Southern India', 'A new bio‐optical algorithm for the remote sensing of algal blooms in complex ocean waters', 'Satellite remote sensing of a low-salinity water plume in the East China Sea', 'A theoretical study on the impact of particle scattering on the channel characteristics of underwater optical communication system', 'Classification of algal bloom species from remote sensing data using an extreme gradient boosted decision tree model', 'Ship recognition by integration of SAR and AIS', 'Application of satellite infrared data for mapping of thermal plume contamination in coastal ecosystem of Korea']"
PB Sunil Kumar,"Professor, Department of Physics, Indian Institute of Technology Madras","Soft Condensed matter, Biological Physics",3938,https://scholar.google.com/citations?hl=en&user=Zi9SWo8AAAAJ,33,63,"['Rheology of complex fluids', 'Dynamics of domain growth in self-assembled fluid vesicles', 'Budding dynamics of multicomponent membranes', 'Domain growth, budding, and fission in phase-separating self-assembled fluid bilayers', 'Phase behavior of multicomponent membranes: Experimental and computational techniques', 'Membrane-mediated aggregation of curvature-inducing nematogens and membrane tubulation', 'Modulated phases in multicomponent fluid membranes', 'Monte Carlo simulations of fluid vesicles with in-plane orientational ordering', 'Membrane invagination induced by Shiga toxin B-subunit: from molecular structure to tube formation', 'Autonomous motility of active filaments due to spontaneous flow-symmetry breaking']"
Nandita DasGupta,"Professor, IIT Madras",Semiconductor Devices,3930,https://scholar.google.com/citations?hl=en&user=0OnkLi4AAAAJ,30,68,"['A micro-convection model for thermal conductivity of nanofluids', 'A micro-convection model for thermal conductivity of nanofluids', 'The 2016 oxide electronic materials and oxide interfaces roadmap', 'Gate leakage mechanisms in AlGaN/GaN and AlInN/GaN HEMTs: comparison and modeling', ""Subthreshold current model of FinFETs based on analytical solution of 3-D Poisson's equation"", 'Analytical model of subthreshold current and slope for asymmetric 4-T and 3-T double-gate MOSFETs', 'Pulsed laser deposition of TiO2 for MOS gate dielectric', 'Trapping effects on AlGaN/GaN HEMT characteristics', 'An analytical expression for sheet carrier concentration vs gate voltage for HEMT modelling', ""Threshold voltage model for mesa-isolated small geometry fully depleted SOI MOSFETs based on analytical solution of 3-D Poisson's equation""]"
Ravinder David Koilpillai,IIT Madras,"Wireless Communications, 5G, DSP techniques in Communications, Optical Communictions",3910,https://scholar.google.com/citations?hl=en&user=xFTI3oYAAAAJ,29,66,"['Cosine-modulated FIR filter banks satisfying perfect reconstruction', 'Protocol and mechanism for primary and mutter mode communication for asset tracking', 'Software radio issues in cellular base stations', 'The theory and design of arbitrary-length cosine-modulated filter banks and wavelets, satisfying perfect reconstruction', 'Eigenfilter approach for the design of allpass filters approximating a given phase response', 'Doppler spread estimation in mobile radio systems', 'Systems and methods for locating remote terminals in radiocommunication systems', 'Unequal error protection in coded modulation schemes', 'Optical heterodyne analog radio-over-fiber link for millimeter-wave wireless systems', 'Some results in the theory of crosstalk-free transmultiplexers']"
Murty Bhallamudi,Professor of IIT Madras,"Hydraulic Engineering, Water Resources, Environmental Engineering",3894,https://scholar.google.com/citations?hl=en&user=N_lqsRgAAAAJ,37,69,"['Numerical modeling of aggradation and degradation in alluvial channels', 'Role of dams on the floods of August 2018 in Periyar River Basin, Kerala', 'Simulation and state estimation of transient flow in gas pipeline networks using a transfer function model', 'Dynamic integration of land use changes in a hydrologic assessment of a rapidly developing Indian catchment', 'Multiobjective optimal waste load allocation models for rivers using nondominated sorting genetic algorithm-II', 'Conjunctive use of surface and groundwater for coastal and deltaic systems', 'Computation of flows in open-channel transitions', 'Comparing the effects of dynamic versus static representations of land use change in hydrologic impact assessments', 'Optimal design of water distribution systems using an NLP method', 'Optimal estimation of roughness in open-channel flows']"
Prof. Ravi Kumar NV,Indian Institute of Technology Madras,"Processing and characterization of ceramic …, ceramics from molecular precursors, structural and functional applications",3888,https://scholar.google.com/citations?hl=en&user=FgCkem8AAAAJ,32,76,"['Viscosity and fragility of the supercooled liquids and melts from the Fe-Co-B-Si-Nb and Fe-Mo-PCB-Si glass-forming alloy systems', 'Step‐by‐Step Guide for Synthesis and Delamination of Ti3C2Tx MXene', 'Dominating role of crystal structure over defect chemistry in black and white zirconia on visible light photocatalytic activity', 'Quasi-static uni-axial compression behaviour of hollow glass microspheres/epoxy based syntactic foams', 'Crystallization and creep behavior of Si–B–C–N ceramics', 'Unveiling and understanding the remarkable enhancement in the catalytic activity by the defect creation in UIO-66 during the catalytic transfer hydrodeoxygenation of vanillin\xa0…', 'Mechanical behaviour of polymer derived ceramics–a review', 'Microstructure and mechanical characterization of friction stir welded high strength low alloy steels', 'Processing, crystallization and characterization of polymer derived nano-crystalline Si–B–C–N ceramics', 'Design of nanoscaled heterojunctions in precursor-derived t-ZrO 2/SiOC (N) nanocomposites: Transgressing the boundaries of catalytic activity from UV to visible light']"
Manu Jaiswal,Professor at Indian Institute of Technology Madras,"Experimental Condensed Matter Physics, Graphene & 2D systems, Transport Phenomena, Flexible Electronics, Confined water",3886,https://scholar.google.com/citations?hl=en&user=NwWOOHgAAAAJ,28,46,"['Colossal enhancement of spin–orbit coupling in weakly hydrogenated graphene', 'Observation of long spin-relaxation times in bilayer graphene at room temperature', 'Polymer electronic materials: a review of charge transport', 'Toward wafer scale fabrication of graphene based spin valve devices', 'Giant spin Hall effect in graphene grown by chemical vapour deposition', 'A bioelectronic platform using a graphene− lipid bilayer interface', 'High-gain graphene-titanium oxide photoconductor made from inkjet printable ionic solution', 'Flow sensing of single cell by graphene transistor in a microfluidic channel', 'Controlled hydrogenation of graphene sheets and nanoribbons', 'Correlation of morphology and charge transport in poly (3, 4-ethylenedioxythiophene)–polystyrenesulfonic acid (PEDOT–PSS) films']"
Sannasiraj SA,"Professor of Ocean Engineering, Indian Institute of Technology Madras","Ocean engineering, coastal engineering, wave hydrodynamics, breakwaters, Climate change",3840,https://scholar.google.com/citations?hl=en&user=_xUK9iMAAAAJ,33,88,"['Mooring forces and motion responses of pontoon-type floating breakwaters', 'Effects of bottom profile of an oscillating water column device on its hydrodynamic characteristics', 'Baseline study on microplastics in Indian rivers under different anthropogenic influences', 'Assessment of wave energy potential and its harvesting approach along the Indian coast', 'Performance of an array of oscillating water column devices integrated with an offshore detached breakwater', 'Interaction of regular waves with a group of dual porous circular cylinders', 'Integration of wave energy and other marine renewable energy sources with the needs of coastal societies', 'Diffraction–radiation of multiple floating structures in directional waves', 'Numerical simulation of 2D sloshing waves due to horizontal and vertical random excitation', 'Simulation of 2-D nonlinear waves using finite element method with cubic spline approximation']"
Pawan Labhasetwar,"Professor of Practice, Department of Civil Engineering, IIT Madras, Chennai 600036, India","water safety, water treatment, water quality monitoring and surveillance, water resources management",3826,https://scholar.google.com/citations?hl=en&user=mzJdAlkAAAAJ,35,69,"['Prediction modeling and mapping of groundwater fluoride contamination throughout India', 'Membrane distillation using low-grade energy for desalination: A review', 'Water conservation due to greywater treatment and reuse in urban setting with specific context to developing countries', 'Membrane distillation crystallization technology for zero liquid discharge and resource recovery: Opportunities, challenges and futuristic perspectives', 'Greywater reuse in residential schools in Madhya Pradesh, India—A case study of cost–benefit analysis', 'Global fluoride occurrence, available technologies for fluoride removal, and electrolytic defluoridation: a review', 'Removal of iron and manganese from drinking water supply', 'Distribution network assessment using EPANET for intermittent and continuous water supply', 'Assessment of the impact of on-site sanitation systems on groundwater pollution in two diverse geological settings—a case study from India', 'Deterioration in water quality from supply chain to household and appropriate storage in the context of intermittent water supplies']"
Balasubramanian M,"Professor of Metallurgical & Materials Engineering, IIT Madras",Ceramics and Composites,3795,https://scholar.google.com/citations?hl=en&user=6TdvkLkAAAAJ,31,71,"['Composite materials and Processing', 'Processing and properties of copper-coated carbon fibre reinforced aluminium alloy composites', 'Effect of intermediate heat treatment on mechanical properties of SiCf/SiC composites with BN interphase prepared by ICVI', 'Tribological behaviour of clay–thermoset polyester nanocomposites', 'Synthesis of barium titanate nanopowder using polymeric precursor method', 'Sol–gel processing of alumina fibres', 'Joining methods for Fiber Reinforced Polymer (FRP) composites− A critical review', 'Mullite from clay–reactive alumina for insulating substrate application', 'Mullitisation behaviour of calcined clay–alumina mixtures', 'Size effect on the magnetic property of CoAl2O4 nanopowders prepared by reverse micelle processing']"
Dhamodharan,"Professor of Chemistry, Indian Institute of Technology Madras",Polymer Chemistry,3789,https://scholar.google.com/citations?hl=en&user=9GL5l00AAAAJ,34,78,"['Surface segregation studies of fluorine-containing diblock copolymers', 'Biocompatible hydrogels of chitosan-alkali lignin for potential wound healing applications', 'Polymer Brushes via ATRP: Role of Activator and Deactivator in the Surface‐Initiated ATRP of Styrene on Planar Substrates', 'Advances in chitosan-based hydrogels: Evolution from covalently crosslinked systems to ionotropically crosslinked superabsorbents', 'Controlled growth of PMMA brushes on silicon surfaces at room temperature', 'Facile synthesis of ABC and CBABC multiblock copolymers of styrene, tert-butyl acrylate, and methyl methacrylate via room temperature ATRP of MMA', 'Super water absorbing polymeric gel from chitosan, citric acid and urea: Synthesis and mechanism of water absorption', 'Pretreatment in hot glycerol for facile and green separation of chitin from prawn shell waste', 'Ambient temperature polymerization of styrene by single electron transfer initiation, followed by reversible addition fragmentation chain transfer control', 'Synthesis of polymer grafted magnetite nanoparticle with the highest grafting density via controlled radical polymerization']"
"Debashis Chakraborty, Dr.rer.nat., AFIChemE, FIAAM, FSFRC, FICS, MIScT, CSci","Professor, Department of Chemistry, Indian Institute of Technology Madras","Organometallic Chemistry, Homogeneous Catalysis, Inorganic Synthesis",3764,https://scholar.google.com/citations?hl=en&user=Ew4eclUAAAAJ,38,89,"['Synthesis and characterization of curcumin loaded PLA—Hyperbranched polyglycerol electrospun blend for wound dressing applications', 'Salen complexes of zirconium and hafnium: synthesis, structural characterization, controlled hydrolysis, and solvent-free ring-opening polymerization of cyclic esters and lactides', 'Neutral, three-coordinate, chelating diamide aluminum complexes: catalysts/initiators for synthesis of telechelic oligomers and high polymers', 'Fully alternating and regioselective ring-opening copolymerization of phthalic anhydride with epoxides using highly active metal-free Lewis pairs as a catalyst', 'Catalytic ring-opening polymerization of propylene oxide by organoborane and aluminum Lewis acids', 'Silver nitrate-catalyzed oxidation of aldehydes to carboxylic acids by H2O2', 'Cu (II)-catalyzed oxidation of sulfides', 'Chiral amido aluminum and zinc alkyls: a synthetic, structural, and polymerization study', 'Environmentally benign process for bulk ring opening polymerization of lactones using iron and ruthenium chloride catalysts', 'Progress in metal-free cooperative catalysis for the ring-opening copolymerization of cyclic anhydrides and epoxides']"
Rupashree Baral,"Professor (HR&OB), Department of Management Studies, IIT Madras, India","Work-Family Interface, Socially Responsible Behavior and …, Women in Management, Leadership and Entrepren",3763,https://scholar.google.com/citations?hl=en&user=eirhKpUAAAAJ,30,52,"['Work‐family enrichment as a mediator between organizational interventions for work‐life balance and job outcomes', 'Adoption of ERP system: An empirical study of factors influencing the usage of ERP and its impact on end user', 'Antecedents and consequences of work-family enrichment among Indian managers', 'Examining the moderating influence of gender on the relationships between work‐family antecedents and work‐family enrichment', 'HR interventions for work-life balance: evidences from organisations in India', 'A framework for gamification in the metaverse era: How designers envision gameful experience', 'Predictors of work‐family enrichment: Moderating effect of core self‐evaluations', 'Mechanism of gamification: Role of flow in the behavioral and emotional pathways of engagement in management education', 'Women entrepreneurs in India: a systematic literature review', 'The effects of expert power and referent power on knowledge sharing and knowledge hiding']"
Gopalakrishnan Srinivasan,Assistant Professor at IIT Madras,"RISC-V SoC, AI Accelerator Architectures, Deep Learning, Spiking Neural Networks",3758,https://scholar.google.com/citations?hl=en&user=ynJrDpAAAAAJ,24,27,"['Enabling spike-based backpropagation for training deep neural network architectures', 'Rmp-snn: Residual membrane potential neuron for enabling deeper high-accuracy and low-latency spiking neural network', 'Enabling deep spiking neural networks with hybrid conversion and spike timing dependent backpropagation', 'Training deep spiking convolutional neural networks with STDP-based unsupervised pre-training followed by supervised fine-tuning', 'Magnetic tunnel junction based long-term short-term stochastic synapse for a spiking neural network with on-chip STDP learning', 'Deep spiking convolutional neural network trained with unsupervised spike-timing-dependent plasticity', 'Xcel-RAM: Accelerating binary neural networks in high-throughput SRAM compute arrays', 'Proposal for a leaky-integrate-fire spiking neuron based on magnetoelectric switching of ferromagnets', 'Restocnet: Residual stochastic binary convolutional spiking neural network for memory-efficient neuromorphic computing', 'Analysis of liquid ensembles for enhancing the performance and accuracy of liquid state machines']"
Prof. Shankar Krishnapillai,Indian Institute of Technology Madras,"Vibrations, Dynamics, Optimization, Machine design",3755,https://scholar.google.com/citations?hl=en&user=S239vaEAAAAJ,35,95,"['Effect of high strain rate on glass/carbon/hybrid fiber reinforced epoxy laminated composites', 'Reliability analysis of tensile strengths using Weibull distribution in glass/epoxy and carbon/epoxy composites', 'Substructural identification method without interface measurement', 'Statistical analysis of the tensile strength of GFRP, CFRP and hybrid composites', 'Heat extraction from non-convective and lower convective zones of the solar pond: a transient study', 'Multi-objective optimization of the two-stage helical gearbox with tribological constraints', 'Vibration of simply supported beams under a single moving load: A detailed study of cancellation phenomenon', 'Energy flow predictions in a structure of rigidly joined beams using receptance theory', 'High-velocity impact response of titanium-based fiber metal laminates. Part I: experimental investigations', 'Application of a hybrid of particle swarm and genetic algorithm for structural damage detection']"
Radhakrishna G Pillai,"Professor, Dept. of Civil Engineering, IIT Madras, Chennai, India","Concrete, durability, corrosion, repair, service life",3749,https://scholar.google.com/citations?hl=en&user=x8cgSOkAAAAJ,29,54,"['Mechanical properties and durability performance of concretes with Limestone Calcined Clay Cement (LC3)', 'Service life and life cycle assessment of reinforced concrete systems with limestone calcined clay cement (LC3)', 'The effect of the steel–concrete interface on chloride-induced corrosion initiation in concrete: a critical review by RILEM TC 262-SCI', 'Accelerated chloride threshold testing: part I-ASTM A 615 and A 706 reinforcement', 'Sustainability-based decision support framework for choosing concrete mixture proportions', 'Surface condition effects on critical chloride threshold of steel reinforcement', 'Carbonation model for concretes with fly ash, slag, and limestone calcined clay-using accelerated and five-year natural exposure data', 'Accelerated chloride threshold testing—Part II: Corrosion-resistant reinforcement', 'Investigation on the polarization resistance of steel embedded in highly resistive cementitious systems–An attempt and challenges', 'Parameters Influencing Corrosion and Tension Capacity of Post-Tensioning Strands.']"
Meiyappan Lakshmanan,"Assistant Professor, Indian Institute of Technology Madras","Biotherapeutics manufacturing, Bioprocessing data analytics, Mammalian cell line development",3737,https://scholar.google.com/citations?hl=en&user=FrZ4LXAAAAAJ,29,49,"['MEMOTE for standardized genome-scale metabolic model testing', 'Recon 2.2: from reconstruction to model of human metabolism', 'A consensus genome-scale reconstruction of Chinese hamster ovary cell metabolism', 'Genome and evolution of the shade‐requiring medicinal herb Panax ginseng', 'Mammalian systems biotechnology reveals global cellular adaptations in a recombinant CHO cell line', 'Kinetic modeling of mammalian cell culture bioprocessing: the quest to advance biomanufacturing', 'Software applications for flux balance analysis', 'Ginseng Genome Database: an open-access platform for genomics of Panax ginseng', 'Harnessing the potential of machine learning for advancing “quality by design” in biomanufacturing', 'Genome-scale model-driven strain design for dicarboxylic acid production in Yarrowia lipolytica']"
Rajagopal Karpurapu,Indian Institute of Technology Madras,geotechnical engineering,3726,https://scholar.google.com/citations?hl=en&user=VNw8hAMAAAAJ,22,30,"['Geosynthetic-encased stone columns: numerical evaluation', 'Behaviour of sand confined with single and multiple geocells', 'Large-scale triaxial compression testing of geocell-reinforced granular soils', 'Behaviour of geosynthetic reinforced soil retaining walls using the finite element method', 'Model studies on geocell supported embankments constructed over a soft clay foundation', 'Performance of different geosynthetic reinforcement materials in sand foundations', 'Experimental and theoretical investigations on geocell-supported embankments', 'Parametric finite element analyses of geocell-supported embankments', 'Numerical simulation of the behavior of geocell reinforced sand in foundations', 'Numerical investigation of controlled yielding of soil-retaining wall structures']"
Anusree Vijay,Indian Institute of Technology Madras,"Experimental High Energy Physics, Detector development and Instrumentation",3718,https://scholar.google.com/citations?hl=en&user=xQv2MhEAAAAJ,30,66,"['Performance of the CMS high-level trigger during LHC Run 2', 'Search for new physics in high-mass diphoton events from proton-proton collisions at  = 13 TeV', 'Measurement of the inclusive cross sections for W and Z boson production in proton-proton collisions at  = 5.02 and 13 TeV', 'Enriching the physics program of the CMS experiment via data scouting and data parking', 'Observation of a pseudoscalar excess at the top quark pair production threshold', 'Review of searches for vector-like quarks, vector-like leptons, and heavy neutral leptons in proton–proton collisions at√ s= 13 TeV at the CMS experiment', 'Measurements of polarization and spin correlation and observation of entanglement in top quark pairs using  events from proton-proton collisions at\xa0…', 'High-precision measurement of the W boson mass with the CMS experiment', 'Elsevier BV: Dark sector searches with the CMS experiment', 'Search for new particles in final states with a boosted top quark and missing transverse momentum in proton-proton collisions at  = 13 TeV with the ATLAS detector']"
sanjib senapati,"Department of Biotechnology, IIT Madras",Computational Biophysics,3702,https://scholar.google.com/citations?hl=en&user=cHTZ_tYAAAAJ,35,84,"['Dielectric constant of water confined in a nanocavity', 'Molecular dynamics simulations of sodium dodecyl sulfate micelle in water: the behavior of water', 'Groove binding mechanism of ionic liquids: a key factor in long-term stability of DNA in hydrated ionic liquids?', 'Computer simulation study of the interface width of the liquid/liquid interface', 'Water structure and dynamics in phosphate fluorosurfactant based reverse micelle: A computer simulation study', 'Structure of phosphate fluorosurfactant based reverse micelles in supercritical carbon dioxide', 'Molecular dynamics simulation studies of polyether and perfluoropolyether surfactant based reverse micelles in supercritical carbon dioxide', 'Prevalence of clinically detectable gynaecological morbidity in India: Results of four community based studies', 'Self-Assembled Inverted Micelles Stabilize Ionic Liquid Domains in Supercritical CO2', 'Natural compounds with anti-BACE1 activity as promising therapeutic drugs for treating Alzheimerʼs disease']"
Abhijit P Deshpande,"Professor of Chemical Engineering, Indian Institute of Technology Madras, Chennai; 91-44 …","gelation and rheology, ionic polymer membranes, polymers and composite materials",3677,https://scholar.google.com/citations?hl=en&user=4jX1YIoAAAAJ,29,66,"['Rheology of complex fluids', 'Extraction of bamboo fibers and their use as reinforcement in polymeric composites', 'Flow distribution and pressure drop in parallel-channel configurations of planar fuel cells', 'Pressure losses in laminar flow through serpentine channels in fuel cell stacks', 'Effect of different carbon nano-fillers on rheological properties and lap shear strength of epoxy adhesive joints', 'Pressure drop and flow distribution in multiple parallel-channel configurations used in proton-exchange membrane fuel cell stacks', 'Effect of carbon nano-filler addition on the degradation of epoxy adhesive joints subjected to hygrothermal aging', 'Micellar characterisation of saponin from Sapindus mukorossi', 'An improved serpentine flow field with enhanced cross-flow for fuel cell applications', 'Dynamics of drop spreading on fibrous porous media']"
Anand Krishnasamy,"Professor, Indian Institute of Technology Madras","Surrogate Model Development for Automotive …, Advanced Diesel Combustion Modes, Alternative Fuel",3650,https://scholar.google.com/citations?hl=en&user=UOTSfegAAAAJ,33,78,"['Experimental investigations on combustion, performance and emissions characteristics of neat karanji biodiesel and its methanol blend in a diesel engine', 'Surrogate model development for fuels for advanced combustion engines', 'Estimation of a lower heating value of vegetable oil and biodiesel fuel', 'A comprehensive approach for estimating thermo-physical properties of biodiesel fuels', 'Biodiesel NOx penalty and control measures-a review', 'A critical review on available models to predict engine fuel properties of biodiesel', 'Effects of biodiesel composition on its long term storage stability', 'A comprehensive review of biodiesel property prediction models for combustion modeling studies', 'Predicting the cetane number of biodiesel fuels from their fatty acid methyl ester composition', 'Comparison of different low temperature combustion strategies in a light duty air cooled diesel engine']"
Abdus Samad,"Professor and Head, Department of Ocean Engineering, Indian Institute of Technology …","Renewable Energy, Fluid Machinery, Design Optimization, Fluid Machinery, Artificial Intellegence",3645,https://scholar.google.com/citations?hl=en&user=CPKT6FQAAAAJ,32,96,"['Multiple surrogate modeling for axial compressor blade shape optimization', 'Shape optimization of an axial compressor blade by multi-objective genetic algorithm', 'Design Optimization of Low Speed Axial Flow Fan Blade with Three Dimensional RANS Analysis', 'Improved design of a Wells turbine for higher operating range', 'Surrogate based optimization techniques for aerodynamic design of turbomachinery', 'High performance ocean energy harvesting turbine design–A new casing treatment scheme', 'Multiple surrogate based optimization of a bidirectional impulse turbine for wave energy conversion', 'Numerical optimization of Wells turbine for wave energy extraction', 'Optimal design of air turbines for oscillating water column wave energy systems: A review', 'Optimal design of swept, leaned and skewed blades in a transonic axial compressor']"
Shaikh Faruque Ali,"Associate Professor, IIT-Madras","Vibrations and Control, Energy Harvesting",3645,https://scholar.google.com/citations?hl=en&user=pArQVAMAAAAJ,32,68,"['Non-linear piezoelectric vibration energy harvesting from a vertical cantilever beam with tip mass', 'Analysis of energy harvesters for highway bridges', 'Energy harvesting dynamic vibration absorbers', 'An account of chronological developments in control of distributed parameter systems', 'The analysis of piezomagnetoelastic energy harvesters under broadband random excitations', 'Piezoelectric energy harvesting with parametric uncertainty', 'Energy harvesting from chaos in base excited double pendulum', 'Energy generation in a hybrid harvester under harmonic excitation', 'Optimal fuzzy logic control for MDOF structural systems using evolutionary algorithms', 'Optimal blood glucose regulation of diabetic patients using single network adaptive critics']"
Ramamurthy Nagarajan,"Professor of Chemical Engineering, Indian Institute of Technology Madras","Particle Science & Technology, Process Intensification, Ultrasonic/ Megasonic Fields, Nanoemulsionsroc",3645,https://scholar.google.com/citations?hl=en&user=agD1z5kAAAAJ,34,59,"['Effect of CuO and ZnO nanofluids in xanthan gum on thermal, electrical and high pressure rheology of water-based drilling fluids', 'Cancer nanomedicine: a review of nano-therapeutics and challenges ahead', 'Effect of nanofluids of CuO and ZnO in polyethylene glycol and polyvinylpyrrolidone on the thermal, electrical, and filtration-loss properties of water-based drilling fluids', 'A study on the influence of nanofluids on gas hydrate formation kinetics and their potential: Application to the CO2 capture process', 'Formation and characterization of thermal and electrical properties of CuO and ZnO nanofluids in xanthan gum', 'Preparation of celery essential oil-based nanoemulsion by ultrasonication and evaluation of its potential anticancer and antibacterial activity', 'Synergistic effect of mixed anionic and cationic surfactant systems on the interfacial tension of crude oil-water and enhanced oil recovery', 'Anticancer and antibacterial effects of a clove bud essential oil-based nanoscale emulsion system', 'Kinetics of methane hydrate formation in the presence of activated carbon and nano-silica suspensions in pure water', 'Ultrasonic coal-wash for de-sulfurization']"
Yasir Iqbal,"Associate Professor, Department of Physics, Indian Institute of Technology Madras, Chennai …",Theoretical Condensed Matter Physics,3625,https://scholar.google.com/citations?hl=en&user=CZXzse4AAAAJ,31,56,"['Gapless spin-liquid phase in the kagome spin-1/2 Heisenberg antiferromagnet', 'Spin liquid nature in the Heisenberg  triangular antiferromagnet', 'Nature of Unconventional Pairing in the Kagome Superconductors  ()', 'Projected wave function study of  Z2  spin liquids on the kagome lattice for the spin-1/2  quantum Heisenberg antiferromagnet', 'Vanishing spin gap in a competing spin-liquid phase in the kagome Heisenberg antiferromagnet', 'Evidence for a three-dimensional quantum spin liquid in PbCuTe2O6', 'Quantum and classical phases of the pyrochlore Heisenberg model with competing interactions', 'Spin- Heisenberg  antiferromagnet on the kagome lattice', 'Paramagnetism in the kagome compounds', 'Valence-bond crystal in the extended kagome spin- quantum Heisenberg antiferromagnet: A variational Monte Carlo approach']"
Mahiuddin Baidya,"Professor, Department of Chemistry, IIT Madras","Catalysis, Organic Synthesis",3614,https://scholar.google.com/citations?hl=en&user=uYDdGz8AAAAJ,35,83,"['DABCO and DMAP-Why are they different in organocatalysis?', 'Copper-catalyzed 8-aminoquinoline-directed selenylation of arene and heteroarene C–H bonds', 'Scales of Lewis basicities toward C-centered Lewis acids (carbocations)', 'Ruthenium (II)-catalyzed hydroarylation of maleimides using carboxylic acids as a traceless directing group', 'Nucleophilicities and carbon basicities of DBU and DBN', 'Ruthenium(II)-Catalyzed ortho-C–H Chalcogenation of Benzoic Acids via Weak O-Coordination: Synthesis of Chalcogenoxanthones', 'Visible Light‐Induced Synthetic Approach for Selenylative Spirocyclization of N‐Aryl Alkynamides with Molecular Oxygen as Oxidant', 'Nucleophilic reactivities of tertiary alkylamines', 'Catalytic Enantioselective O–Nitrosocarbonyl Aldol Reaction of β–Dicarbonyl Compounds', 'Nucleophilicities and Lewis basicities of imidazoles, benzimidazoles, and benzotriazoles']"
Manikandan (Mani) Narayanan,"Associate Professor, Dept. of Computer Science & Engg., Indian Institute of Technology (IIT) …","Bioinformatics, Computational Biology, Systems Biology, Biological networks, Integrative genomics",3599,https://scholar.google.com/citations?hl=en&user=f5gTDzAAAAAJ,17,19,"['Integrated Systems Approach Identifies Genetic Nodes and Networks in Late-Onset Alzheimer’s Disease', 'Global analyses of human immune variation reveal baseline predictors of postvaccination responses', 'Common dysregulation network in the human prefrontal cortex underlies two neurodegenerative diseases', 'Lineage relationship of CD8+ T cell subsets is revealed by progressive changes in the epigenetic landscape', 'Comparing protein interaction networks via a graph match-and-split algorithm', 'Shared mechanisms among neurodegenerative diseases: from genetic factors to gene networks', 'Meta-analysis of inter-species liver co-expression networks elucidates traits associated with common human diseases', 'Simultaneous clustering of multiple gene expression and physical interaction datasets', 'Simultaneous clustering of multiple gene expression and physical interaction datasets', 'Characterization of functional reprogramming during osteoclast development using quantitative proteomics and mRNA profiling']"
BENNY RAPHAEL,"Professor, IIT Madras","Optimization, Machine learning, Computer aided engineering",3596,https://scholar.google.com/citations?hl=en&user=WPU0sr8AAAAJ,35,63,"['A direct stochastic algorithm for global search', 'A bounded index for cluster validity', 'Fundamentals of computer-aided engineering', 'Performance evaluation of a novel personalized ventilation–personalized exhaust system for airborne infection control', 'Model identification of bridges using measurement data', 'System identification through model composition and stochastic search', 'Empirical analysis of the determinants of organizational flexibility in the construction business', 'A comprehensive validity index for clustering', 'Dependence of damping correction factors for response spectra on duration and numbers of cycles', 'Data mining techniques for improving the reliability of system identification']"
CV Krishnamurthy,"Associate Professor, Department of Physics, IIT Madras","computational and experimental …, acoustics and ultrasonics, Infrared thermography, Non-destructive evaluation, l",3586,https://scholar.google.com/citations?hl=en&user=eDQ4-JkAAAAJ,31,79,"['Interaction of the primary anti-symmetric Lamb mode (Ao) with symmetric delaminations: numerical and experimental studies', 'Interaction of guided Lamb waves with an asymmetrically located delamination in a laminated composite plate', 'Structural health monitoring of composite structures using Lamb wave tomography', 'Automatic defect identification using thermal image analysis for online weld quality monitoring', 'Modelling of attenuation of Lamb waves using Rayleigh damping: Numerical and experimental studies', 'Simulation of ultrasonic phased array technique for imaging and sizing of defects using longitudinal waves', 'A phase reconstruction algorithm for Lamb wave based structural health monitoring of anisotropic multilayered composite plates', 'A single transmitter multi-receiver (STMR) PZT array for guided ultrasonic wave based structural health monitoring of large isotropic plate structures', 'Genetic algorithm based reconstruction of the elastic moduli of orthotropic plates using an ultrasonic guided wave single-transmitter-multiple-receiver SHM array', 'Ultrasonic goniometry immersion techniques for the measurement of elastic moduli']"
Chandan Sarangi,"Indian Institute of Technology, Madras","Aerosol's role in regional climate change, modelling, data analyis, satellite observational analysis",3580,https://scholar.google.com/citations?hl=en&user=ZSS1YMIAAAAJ,29,43,"['Anthropogenic land use and land cover changes—A review on its environmental consequences and climate change', 'Urbanization impact on regional climate and extreme weather: Current understanding, uncertainties, and future research directions', 'Atmospheric river tracking method intercomparison project (ARTMIP): Project goals and experimental design', 'The atmospheric river tracking method intercomparison project (ARTMIP): Quantifying uncertainties in atmospheric river climatology', 'Dust dominates high-altitude snow darkening and melt over high-mountain Asia', 'Increases in future AR count and size: Overview of the ARTMIP Tier 2 CMIP5/6 experiment', 'Investigation of the aerosol–cloud–rainfall association over the Indian summer monsoon region', 'Aerosol characteristics from earth observation systems: A comprehensive investigation over South Asia (2000–2019)', 'Aerosol-induced intensification of cooling effect of clouds during Indian summer monsoon', 'Reduction in human activity can enhance the urban heat island: Insights from the COVID-19 lockdown']"
Sivaram Ambikasaran,IIT Madras,"Numerical Linear Algebra, Computational Mathematics, Scientific Computing, Fast Algorithms",3573,https://scholar.google.com/citations?hl=en&user=h2hgRJoAAAAJ,18,23,"['Fast and scalable Gaussian process modeling with applications to astronomical time series', 'Fast Direct Methods for Gaussian Processes', 'An O(N log N) Fast Direct Solver for Partial Hierarchically Semi-Separable Matrices', 'A fast block low-rank dense solver with applications to finite-element matrices', 'Deterministic matrices matching the compressed sensing phase transitions of Gaussian random matrices', 'The inverse fast multipole method', 'Untruncated infinite series superposition method for accurate flexural analysis of isotropic/orthotropic rectangular plates with arbitrary edge conditions', 'Large-scale stochastic linear inversion using hierarchical matrices: Illustrated with an application to crosswell tomography in seismic imaging', 'A fast direct solver for high frequency scattering from a large cavity in two dimensions', 'Fast algorithms for dense numerical linear algebra and applications']"
Gandham Phanikumar,"Professor, Dept of Metallurgical and Materials Engineering, Indian Institute of Technology …","Solidification, Welding, ICME, Additive Manufacturing, High Performance Computing",3568,https://scholar.google.com/citations?hl=en&user=ky4vsWkAAAAJ,35,88,"['Microstructure and tensile properties of friction welded aluminum alloy AA7075-T6', 'Microstructural evolution during friction surfacing of tool steel H13', 'Hot deformation behaviour and processing map of Co-Cu-Fe-Ni-Ti eutectic high entropy alloy', 'Friction surfaced tool steel (H13) coatings on low carbon steel: A study on the effects of process parameters on coating characteristics and integrity', 'Dendrite growth velocity in levitated undercooled nickel melts', 'Experimental and finite element simulation studies on hot deformation behaviour of AlCoCrFeNi2. 1 eutectic high entropy alloy', 'Characterization of a continuous CO2 laser-welded Fe-Cu dissimilar couple', 'Modelling of transport phenomena in laser surface alloying with distributed species mass source', 'Modelling of transport phenomena in laser welding of dissimilar metals', 'Accelerated design of high entropy alloys by integrating high throughput calculation and machine learning']"
Pushpavanam Subramaniam,Indian Institute of Technology,"Mathematical modeling, Non linear dynamics, bifurcation theory",3567,https://scholar.google.com/citations?hl=en&user=EoJfD6sAAAAJ,30,95,"['A longer and healthier life with TOR down-regulation: genetics and drugs', 'Fabrication of laser printed microfluidic paper-based analytical devices (LP-µPADs) for point-of-care applications', 'CO2 utilization for gasification of carbonaceous feedstocks: a thermodynamic analysis', 'Experimental and numerical investigations of two-phase (liquid− liquid) flow behavior in rectangular microchannels', 'Synthesis and characterization of chitosan-TiO2: Cu nanocomposite and their enhanced antimicrobial activity with visible light', 'Comparison of liquid-liquid extraction in batch systems and micro-channels', 'Removal of trace hexavalent chromium from aqueous solutions by ion foam fractionation', 'Generalized thermodynamic analysis of methanol synthesis: Effect of feed composition', 'Nonlinear behavior of an ideal reactor separator network with mass recycle', 'Generalized analysis of gasifier performance using equilibrium modeling']"
Sachin Kumar Jain,IIT Madras,"Microfluidics, Magnetofluidics",3520,https://scholar.google.com/citations?hl=en&user=dn_iwVwAAAAJ,27,62,"['Diagnostic criteria for Takayasu arteritis', 'GGE biplot analysis to evaluate genotype, environment and their interactions in sorghum multi-location data', 'Radiological and neurophysiological changes in Japanese encephalitis.', 'Systemic manifestations of Takayasu arteritis: the expanding spectrum', 'High mortality in systemic fungal infections following renal transplantation in third-world countries', 'Influence of N‐fertilization and fungicide strategies on Fusarium head blight severity and mycotoxin content in winter wheat', 'Pattern of renal amyloidosis in Indian patients', 'Renal vein thrombosis in nephrotic syndrome--a prospective study and review', 'A possible role of sex in determining distribution of lesions in Takayasu arteritis', 'Fluoride geochemistry and exposure risk through groundwater sources in northeastern parts of Rajasthan, India']"
Amitava DasGupta,"Professor, IIT Madras","Microelectronics, MEMS, GaN",3519,https://scholar.google.com/citations?hl=en&user=1zFmNSQAAAAJ,29,69,"['A micro-convection model for thermal conductivity of nanofluids', 'Gate leakage mechanisms in AlGaN/GaN and AlInN/GaN HEMTs: comparison and modeling', ""Subthreshold current model of FinFETs based on analytical solution of 3-D Poisson's equation"", 'Analytical model of subthreshold current and slope for asymmetric 4-T and 3-T double-gate MOSFETs', 'Pulsed laser deposition of TiO2 for MOS gate dielectric', 'Trapping effects on AlGaN/GaN HEMT characteristics', 'An analytical expression for sheet carrier concentration vs gate voltage for HEMT modelling', ""Threshold voltage model for mesa-isolated small geometry fully depleted SOI MOSFETs based on analytical solution of 3-D Poisson's equation"", 'Deep-level traps in AlGaN/GaN-and AlInN/GaN-based HEMTs with different buffer doping technologies', 'Gate leakage mechanisms in AlInN/GaN and AlGaN/GaN MIS-HEMTs and its modeling']"
Chandrasekaran Srinivasan,"Professor (HAG), IIT Madras, Visiting Professor, Uni of Naples, Italy","Offshore structures, Reliability and Risk assessment, structural dynamics, earthquake engineering",3512,https://scholar.google.com/citations?hl=en&user=LsBjvFEAAAAJ,32,100,"['Dynamic analysis and design of offshore structures', 'Wire arc additive manufacturing of functionally graded material for marine risers', 'Dynamic behaviour of square and triangular offshore tension leg platforms under regular wave loads', 'Triangular configuration tension leg platform behaviour under random sea wave loads', 'Time-domain analysis of a bean-shaped multi-body floating wave energy converter with a hydraulic power take-off using WEC-Sim', 'Stability analysis of TLP tethers', 'Advanced marine structures', 'Ocean structures: Construction, materials, and operations', 'Numerical analysis of a new multi-body floating wave energy converter with a linear power take-off system', 'Functionally graded materials for marine risers by additive manufacturing for high-temperature applications: Experimental investigations']"
Sankaran Shanmugam,IIT MADRAS,Mechanical behaviour of materials,3508,https://scholar.google.com/citations?hl=en&user=A-_CBhIAAAAJ,32,58,"['Microstructure and high strength–toughness combination of a new 700 MPa Nb-microalloyed pipeline steel', 'Tensile properties of carbon nanotubes reinforced aluminum matrix composites: A review', 'Effect of cooling rate on the microstructure and mechanical properties of Nb-microalloyed steels', 'Microstructure of high strength niobium-containing pipeline steel', 'Impact toughness and microstructure relationship in niobium-and vanadium-microalloyed steels processed with varied cooling rates to similar yield strength', 'High strength microalloyed CMn (V–Nb–Ti) and CMn (V–Nb) pipeline steels processed through CSP thin-slab technology: Microstructure, precipitation and mechanical properties', 'Low cycle fatigue behavior of a multiphase microalloyed medium carbon steel: comparison between ferrite–pearlite and quenched and tempered microstructures', 'Grain boundary diffusion and grain boundary structures of a Ni-Cr-Fe-alloy: Evidences for grain boundary phase transitions', 'High cycle fatigue behaviour of a multiphase microalloyed medium carbon steel: a comparison between ferrite–pearlite and tempered martensite microstructures', 'Precipitation in V bearing microalloyed steel containing low concentrations of Ti and Nb']"
Kamalesh Hatua,IIT Madras,"Power Electronics, Motor Drives, SiC MOSFET Gate driver",3477,https://scholar.google.com/citations?hl=en&user=4A9AkSUAAAAJ,29,62,"['Solid-state transformer and MV grid tie applications enabled by 15 kV SiC IGBTs and 10 kV SiC MOSFETs based multilevel converters', 'Active Damping of OutputFilter Resonance for Vector-Controlled VSI-Fed AC Motor Drives', 'A Transformerless Intelligent Power Substation: A three-phase SST enabled by a 15-kV SiC IGBT', 'Active gate driving technique for a 1200 V SiC MOSFET to minimize detrimental effects of parasitic inductance in the converter layout', 'Parasitic inductance and capacitance-assisted active gate driving technique to minimize switching loss of SiC MOSFET', 'Design considerations of a 15-kV SiC IGBT-based medium-voltage high-frequency isolated DC–DC converter', 'Design considerations and performance evaluation of 1200-V 100-A SiC MOSFET-based two-level voltage source converter', 'Transformer less Intelligent Power Substation design with 15kV SiC IGBT for grid interconnection', 'Direct torque control schemes for split-phase induction machine', 'Digitally controlled gate current source-based active gate driver for silicon carbide MOSFETs']"
Sayan Gupta,Indian Institute of Technology Madras,"Nonlinear dynamics, Complex networks, Uncertainty quantification & stochastic …, Multiphysics problems, Machine learning",3465,https://scholar.google.com/citations?hl=en&user=gKGXvSUAAAAJ,31,72,"['An improved response surface method for the determination of failure probability and importance measures', 'The critical soil moisture content in the underground corrosion of mild steel', 'Cancelled operations: a 7-day cohort study of planned adult inpatient surgery in 245 UK National Health Service hospitals', 'Energy harvesting from chaos in base excited double pendulum', 'Radiology of pancreatic tuberculosis: a report of three cases.', 'Symptom clusters in a community with chronic exposure to chemicals in two superfund sites', 'Bifurcation analysis of a stochastically excited vibro-impact Duffing-Van der Pol oscillator with bilateral rigid barriers', 'Precursors to flutter instability by an intermittency route: a model free approach', 'Stochastic bifurcations in a vibro-impact Duffing–Van der Pol oscillator', 'Rain-flow fatigue damage for transformed Gaussian loads']"
Thenmozhi M,"Professor, Department of Management Studies, Indian Institute of Technology Madras …","Corporate finance, Financial markets, Market Microstructure, Forecasting, Asset Pricing",3462,https://scholar.google.com/citations?hl=en&user=W-EhR2YAAAAJ,29,70,"['Forecasting stock index movement: A comparison of support vector machines and random forest', 'Deep learning model for real-time image compression in Internet of Underwater Things (IoUT)', 'Forecasting Stock Index Returns using ARIMA-SVM, ARIMA-ANN, and ARIMA-Random Forest Hybrid Models', 'An intensive healthcare monitoring paradigm by using IoT based machine learning strategies', 'Does quality of innovation, culture and governance drive FDI?: Evidence from emerging markets', 'Futures trading, information and spot price volatility of NSE-50 index futures contract', 'Fintech and financial sector: ADO analysis and future research agenda', 'On asymmetric relationship of India volatility index (India VIX) with stock market return and risk management', 'Forecasting stock index returns using neural networks', 'Intrusion detection system based on GA‐fuzzy classifier for detecting malicious attacks']"
L. Sriramkumar,"Centre for Strings, Gravitation and Cosmology, Department of Physics, IIT Madras",Gravitation and Cosmology,3408,https://scholar.google.com/citations?hl=en&user=P29A2noAAAAJ,32,63,"['Generating PBHs and small-scale GWs in two-field models of inflation', 'Primordial black holes and secondary gravitational waves from ultraslow roll and punctuated inflation', 'Finite-time response of inertial and uniformly accelerated Unruh-DeWitt detectors', 'Punctuated inflation and the low CMB multipoles', 'Primordial features due to a step in the inflaton potential', 'BINGO: A code for the efficient computation of the scalar bi-spectrum', 'Probes of the vacuum structure of quantum fields in classical backgrounds', 'Tensor-to-scalar ratio in punctuated inflation', 'Decoding the phases of early and late time reheating through imprints on primordial gravitational waves', 'Initial state of matter fields and trans-Planckian physics: Can CMB observations disentangle the two?']"
Tuhin Subhra Santra,"Associate Professor, Dept. of Engineering Design, Indian Institute of Technology Madras","Lab-on-a-Chip, Organ-on-a-Chip, Bio-Chips, Bio-NEMS/MEMS, Bio-Microfluidics",3405,https://scholar.google.com/citations?hl=en&user=umV8gYwAAAAJ,35,81,"['Nanocellulose, a versatile platform: From the delivery of active molecules to tissue engineering applications', 'Microfluidic nanomaterials: From synthesis to biomedical applications', 'Additive manufacturing of Mg alloys for biomedical applications: Current status and challenges', 'Current Trends of Microfluidic Single Cell Technologies', 'Single-cell electroporation: current trends, applications and future prospects', 'Recent trends on micro/nanofluidic single cell electroporation', 'Liposomal Cytarabine as Cancer Therapy: From Chemistry to Medicine', 'A Review of Single‐Cell Adhesion Force Kinetics and Applications', 'Oxygenated graphene quantum dots (GQDs) synthesized using laser ablation for long-term real-time tracking and imaging', 'Characterization of diamond-like nanocomposite thin films grown by plasma enhanced chemical vapor deposition']"
DM Darsha Kumar,"Indian Institute of Technology, Madras","State Estimation, Fault Diagnosis, Extents of reaction, Incremental Identification",3383,https://scholar.google.com/citations?hl=en&user=-wOirsQAAAAJ,25,78,"['New approaches in breast cancer therapy through green nanotechnology and nano-ayurvedic medicine–pre-clinical and pilot human clinical investigations', 'Endoprosthetic replacement of the proximal humerus: long-term results', 'Systematic Review and Meta-Analysis of Method Comparison Studies of Masimo Pulse Co-Oximeters (Radical-7™ or Pronto-7™) and HemoCue® Absorption\xa0…', 'Sol–gel derived aluminum doped zinc oxide for application as anti-reflection coating in terrestrial silicon solar cells', 'Medicinal plants of Muzaffarnagar district used in treatment of urinary tract and kidney stones', 'Artificial intelligence (AI) applications in drug discovery and drug delivery: revolutionizing personalized medicine. Pharmaceutics. 2024; 16 (10): 1328', 'Complex fracture-dislocation of the proximal interphalangeal joint of the hand: Results of a modified pins and rubbers traction system', 'Green nanotechnology of MGF-AuNPs for immunomodulatory intervention in prostate cancer therapy', 'Drilling of composite laminates with solid and hollow drill point geometries', 'A theory for ferromagnetic lubrication']"
Kanikrishnan Sethupathi,Professor of Physics IIT Madras,"experimental condensed matter physics, superconductivity, cryogenic insulation, semiconducting oxide glasses",3360,https://scholar.google.com/citations?hl=en&user=TwOmUCgAAAAJ,31,86,"['Investigation of spillover mechanism in palladium decorated hydrogen exfoliated functionalized graphene', 'Colossal magnetoresistance in the double perovskite oxide La2CoMnO6', 'Facile synthesis of triangular shaped palladium nanoparticles decorated nitrogen doped graphene and their catalytic study for renewable energy applications', 'A glucose biosensor based on deposition of glucose oxidase onto crystalline gold nanoparticle modified carbon nanotube electrode', 'Catalytic activity of platinum–cobalt alloy nanoparticles decorated functionalized multiwalled carbon nanotubes for oxygen reduction reaction in PEMFC', 'Synthesis and hydrogen storage properties of carbon nanotubes', 'Exchange bias and memory effect in double perovskite Sr2FeCoO6', 'Complex ferromagnetic state and magnetocaloric effect in single crystalline', 'Experimental signatures of quantum and topological states in frustrated magnetism', 'Band gap, piezoelectricity and temperature dependence of differential permittivity and energy storage density of PZT with different Zr/Ti ratios']"
Murali Krishnan,"Professor, Dept. of Civil Engineering, Indian Institute of Technology Madras, Chennai","Bituminous Materials, Pavement Engineering, Viscoelasticity",3313,https://scholar.google.com/citations?hl=en&user=llGBARsAAAAJ,26,71,"['Rheology of complex fluids', 'Ageing in modified bitumen using FTIR spectroscopy', 'Review of the uses and modeling of bitumen from ancient to modern times', 'Characterization of cement stabilized pond ash using FTIR spectroscopy', 'On the mechanical behavior of asphalt', 'Thermodynamic framework for the constitutive modeling of asphalt concrete: Theory and applications', 'A note on the flow of a Burgers’ fluid in an orthogonal rheometer', 'Permeability and bleeding of asphalt concrete using mixture theory', 'Mechanics of air voids reduction of asphalt concrete using mixture theory', 'Triaxial testing and stress relaxation of asphalt concrete']"
SOUMYA RANJAN MISHRA,IIT MADRAS,"Material Science, Energy Materials, supercapacitors, thermoelectric, electrocatalysis",3292,https://scholar.google.com/citations?hl=en&user=NkWhoD0AAAAJ,11,11,"['Recent trends and perspectives in electrochemical water splitting with an emphasis on sulfide, selenide, and phosphide catalysts of Fe, Co, and Ni: a review', 'One step synthesis of Ni/Ni(OH)2 nano sheets (NSs) and their application in asymmetric supercapacitors', 'Synthesis of PVDF/CNT and their functionalized composites for studying their electrical properties to analyze their applicability in actuation & sensing', 'Influence of Al content on thermal stability of nanocrystalline AlxCoCrFeNi high entropy alloys at low and intermediate temperatures', 'Iron hydroxyphosphate and Sn-incorporated iron hydroxyphosphate: efficient and stable electrocatalysts for oxygen evolution reaction', 'Shape-selective synthesis of Sn(MoO4)2 nanomaterials for catalysis and supercapacitor applications', 'Thermoelectric properties of a high entropy half-Heusler alloy processed by a fast powder metallurgy route', 'Low-Lattice Thermal Conductivity in Zr-Doped Ti2NiCoSnSb Thermoelectric Double Half-Heusler Alloys', 'Influence of Cu and Co addition on metallurgical and wear characteristics of AlCrFeNi high entropy alloy', 'Lowering thermal conductivity in thermoelectric Ti2−xNiCoSnSb half Heusler high entropy alloys']"
Raghu Kanth STG,"Professor(HAG), IIT Madras","Earthquake engineering, Probability and Statistics",3286,https://scholar.google.com/citations?hl=en&user=IHJm9WAAAAAJ,30,82,"['Estimation of seismic spectral acceleration in peninsular India', 'Attenuation of strong ground motion in peninsular India', 'Seismic hazard estimation for Mumbai city', 'Ground motion prediction model using artificial neural network', 'Intrinsic mode functions and a strategy for forecasting Indian monsoon rainfall', 'Seismic hazard map of India and neighbouring regions', 'Modeling of Strong-Motion Data in Northeastern India: Q, Stress Drop, and Site Amplification', 'Ground motion estimation at Guwahati city for an Mw 8.1 earthquake in the Shillong plateau', 'Ground motion relations for active regions in India', 'Recent seismicity in Valles Marineris, Mars: Insights from young faults, landslides, boulder falls and possible mud volcanoes']"
Koshy Varghese,"Professor of Civil Engineering, IIT Madras","Construction Project Management, Computer Integrated Project Delivery",3281,https://scholar.google.com/citations?hl=en&user=YIFGHMcAAAAJ,29,71,"['Use of salient features for the design of a multistage framework to extract roads from high-resolution multispectral satellite images', 'Computer vision-based construction progress monitoring', 'Accelerometer-based activity recognition in construction', 'Collision free path planning of cooperative crane manipulators using genetic algorithm', 'Automated path planning of cooperative crane lifts using heuristic search', 'Project scheduling using dependency structure matrix', 'Automated path planning for mobile crane lifts', 'Application of dependency structure matrix for activity sequencing in concurrent engineering projects', 'Routing large vehicles on industrial construction sites', 'Automated recognition of construction labour activity using accelerometers in field situations']"
Arumugam Rajavelu,"Indian Institute of Technology, Madras","Molecular Epigenetics, Plasmodium biology, Malaria, Vaccine, Drug Discovery",3273,https://scholar.google.com/citations?hl=en&user=MaB43LkAAAAJ,27,34,"['The Dnmt3a PWWP domain reads histone 3 lysine 36 trimethylation and guides DNA methylation', 'Chromatin methylation activity of Dnmt3a and Dnmt3a/3L is guided by interaction of the ADD domain with the histone H3 tail', 'Targeted methylation and gene silencing of VEGF-A in human cells by using a designed Dnmt3a–Dnmt3L single-chain fusion protein with increased DNA methylation activity', 'Oligomerization and binding of the Dnmt3a DNA methyltransferase to parallel DNA molecules: heterochromatic localization and role of Dnmt3L', 'Synthesis and Evaluation of Analogues of N-Phthaloyl-l-tryptophan (RG108) as Inhibitors of DNA Methyltransferase 1', 'C5‐DNA methyltransferase inhibitors: from screening to effects on zebrafish embryo development', 'Regulation of DNA methylation patterns by CK2-mediated phosphorylation of Dnmt3a', 'The inhibition of the mammalian DNA methyltransferase 3a (Dnmt3a) by dietary black tea and coffee polyphenols', 'Rapid synthesis of new DNMT inhibitors derivatives of procainamide', 'Genetic and epigenetic mechanisms in the development of arteriovenous malformations in the brain']"
Nitish R. Mahapatra,"Professor, Department of Biotechnology, Indian Institute of Technology Madras","Molecular Biology, Genetics, Cardiovascular/Metabolic Diseases",3272,https://scholar.google.com/citations?hl=en&user=jfqJvNQAAAAJ,35,63,"['Hypertension from targeted ablation  of chromogranin A can be rescued  by the human ortholog', 'Both rare and common polymorphisms contribute functional variation at CHGA, a regulator of catecholamine physiology', 'Catestatin is a novel endogenous peptide that regulates cardiac function and blood pressure', 'The catecholamine release-inhibitory “catestatin” fragment of chromogranin a: naturally occurring human variants with different potencies for multiple chromaffin cell nicotinic\xa0…', 'Catecholamine secretory vesicle stimulus-transcription coupling in vivo: demonstration by a novel transgenic promoter/photoprotein reporter and inhibition of secretion and\xa0…', 'Identification of a novel sorting determinant for the regulated pathway in the secretory protein chromogranin A', 'Catestatin: a master regulator of cardiovascular functions', 'Organic anion transporter 3 contributes to the regulation of blood pressure', 'Common genetic mechanisms of blood pressure elevation in two independent rodent models of human essential hypertension', 'Enhancement in the efficiency of polymerase chain reaction by TiO2  nanoparticles: crucial role of enhanced thermal conductivity']"
Krishna Pillutla,IIT Madras,"Machine Learning, Artificial Intelligence",3271,https://scholar.google.com/citations?hl=en&user=xUUEAG4AAAAJ,18,24,"['Robust Aggregation for Federated Learning', 'MAUVE: Measuring the Gap Between Neural Text and Human Text using Divergence Frontiers', 'Federated Learning with Partial Model Personalization', 'Federated Learning with Superquantile Aggregation for Heterogeneous Data', 'User Inference Attacks on Large Language Models', 'Learning with user-level differential privacy under fixed compute budgets', 'MAUVE Scores for Generative Models: Theory and Practice', 'A Markov Chain Theory Approach to Characterizing the Minimax Optimality of Stochastic Gradient Descent (for Least Squares)', 'Unleashing the Power of Randomization in Auditing Differentially Private ML', 'Efficient and Near-Optimal Noise Generation for Streaming Differential Privacy']"
Mahalingam S IITM,"Professor  Biotechnology, IIT Madras, Chennai","Cancer Biology, genomics and HIV pathogenesis",3256,https://scholar.google.com/citations?hl=en&user=xtfkBZsAAAAJ,29,52,"['HIV-1 Vpr suppresses immune activation and apoptosis through regulation of nuclear factor κB', 'Modulation of amplitude and direction of in vivo immune responses by co‐administration of cytokine gene expression cassettes with DNA immunogens', 'Engineering of in vivo immune responses to DNA immunization via codelivery of costimulatory molecule genes', 'Nuclear import, virion incorporation, and cell cycle arrest/differentiation are mediated by distinct functional domains of human immunodeficiency virus type 1 Vpr', 'HIV-1 Vpr interacts with a human 34-kDa mov34 homologue, a cellular factor linked to the G2/M phase transition of the mammalian cell cycle', 'Functional analysis of HIV-1 Vpr: identification of determinants essential for subcellular localization', 'Identification of residues in the N-terminal acidic domain of HIV-1 Vpr essential for virion incorporation', 'Molecular and immunological analysis of genetic prostate specific antigen (PSA) vaccine', 'Mutagenesis of the putative alpha-helical domain of the Vpr protein of human immunodeficiency virus type 1: effect on stability and virion incorporation.', 'HIV-1 Vpr transactivates LTR-directed expression through sequences present within− 278 to− 176 and increases virus replication in vitro']"
SUDHARSANAN SRINIVASAN,"Indian Institute of Technology, Madras","Silicon Photonics, Diode Lasers",3249,https://scholar.google.com/citations?hl=en&user=lykwbtgAAAAJ,29,41,"['Hybrid silicon photonic integrated circuit technology', 'Heterogeneous silicon photonic integrated circuits', 'Quantum dot lasers for silicon photonics', 'Widely tunable narrow-linewidth monolithically integrated external-cavity semiconductor lasers', 'Low threshold and high speed short cavity distributed feedback hybrid silicon lasers', 'Design of integrated hybrid silicon waveguide optical gyroscope', 'Low threshold electrically-pumped hybrid silicon microring lasers', 'Recent advances in silicon photonic integrated circuits', 'An energy-efficient and bandwidth-scalable DWDM heterogeneous silicon photonics integration platform', 'Widely-tunable ring-resonator semiconductor lasers']"
Gitakrishnan Ramadurai,"Professor, Department of Data Science and AI, Indian Institute of Technology, Madras","Dynamic Traffic Assignment, Transportation Network Modeling, Pedestrian Safety, ITS",3229,https://scholar.google.com/citations?hl=en&user=iAkcJ2oAAAAJ,31,52,"['The role of built environment on pedestrian crash frequency', 'Calibration of VISSIM for Indian heterogeneous traffic conditions', 'A comparison of online and in-person activity engagement: The case of shopping and eating meals', 'Electric vehicle routing problem with non-linear charging and load-dependent discharging', 'Development of driving cycles for passenger cars and motorcycles in Chennai, India', 'Linear complementarity formulation for single bottleneck model with heterogeneous commuters', 'Heterogeneous traffic flow modelling using second-order macroscopic continuum model', 'Data fusion-based traffic density estimation and prediction', 'A robust transportation signal control problem accounting for traffic dynamics', 'Determinants of changes in mobility and travel patterns in developing countries: Case study of Chennai, India']"
Kaushik Mitra,"Department of Electrical Engineering, IIT Madras","Computational Imaging, Computer Vision, Machine Learning",3229,https://scholar.google.com/citations?hl=en&user=cZBq_9MAAAAJ,30,50,"['Ntire 2020 challenge on spectral reconstruction from an rgb image', 'Light field denoising, light field superresolution and stereo camera based refocussing using a GMM light field patch prior', 'Image processing apparatus, image processing method, and program', 'Improving resolution and depth-of-field of light field cameras using a hybrid imaging system', 'Flatnet: Towards photorealistic scene reconstruction from lensless measurements', 'Joint optic disc and cup segmentation using fully convolutional and adversarial networks', 'Restoring extremely dark images in real time', 'A hierarchical approach for human age estimation', 'Fully convolutional networks for monocular retinal depth estimation and optic disc-cup segmentation', 'Unsupervised single image underwater depth estimation']"
Ashwin Mahalingam,"Professor of Civil Engineering, Indian Institute of Technology, Madras","Project Management, Organizations, Engineering",3208,https://scholar.google.com/citations?hl=en&user=16cF2KYAAAAJ,27,50,"['Applying institutional theories to managing megaprojects', 'Institutional theory as a framework for analyzing conflicts on global projects', 'An evaluation of the applicability of 4D CAD on construction projects', 'PPP experiences in Indian cities: Barriers, enablers, and the way forward', 'Investigating the role of lean practices in enabling BIM adoption: Evidence from two Indian cases', 'Branding and governmentality for infrastructure megaprojects: The role of social media', 'External stakeholder management strategies and resources in megaprojects: an organizational power perspective', 'Safety issues on global projects', 'Comparative evaluation of land acquisition and compensation processes across the world', 'Unpacking the path‐dependent process of institutional change for PPPs']"
Niket Kaisare,Indian Institute of Technology Madras,,3194,https://scholar.google.com/citations?hl=en&user=VCXAPWMAAAAJ,29,62,"['A review on microcombustion: Fundamentals, devices and applications', 'Incorporating delayed and infrequent measurements in Extended Kalman Filter based nonlinear state estimation', 'Stability and performance of catalytic microreactors: Simulations of propane catalytic combustion on Pt', 'Optimal reactor dimensions for homogeneous combustion in small channels', 'Hierarchical multiscale model-based design of experiments, catalysts, and reactors for fuel processing', 'Generalized thermodynamic analysis of methanol synthesis: Effect of feed composition', 'Choice of approximator and design of penalty function for an approximate dynamic programming based control approach', 'Optimal control of a fed-batch bioreactor using simulation-based approximate dynamic programming', 'Kinetic stability of surfactant stabilized water-in-diesel emulsion fuels', 'Methane steam reforming at microscales: Operation strategies for variable power output at millisecond contact times']"
Sourav Biswas,"Assistant Professor, Department of Chemistry,  IIT Madras","Nanoclusters, Nanoparticles, Polymer Nanocomposites",3174,https://scholar.google.com/citations?hl=en&user=FX3uDOUAAAAJ,31,64,"['High frequency millimetre wave absorbers derived from polymeric nanocomposites', 'Absorption Dominated Electromagnetic Wave Suppressor Derived from Ferrite Doped Cross-linked Graphene Framework and Conducting Carbon', 'FeCo-Anchored Reduced Graphene Oxide Framework-Based Soft Composites containing Carbon Nanotubes as Highly Efficient Microwave Absorbers with Excellent Heat Dissipation Ability', 'Tailoring the dispersion of multiwall carbon nanotubes in co-continuous PVDF/ABS blends to design materials with enhanced electromagnetic interference shielding', 'Engineering nanostructured polymer blends with controlled nanoparticle location for excellent microwave absorption: a compartmentalized approach', 'Tailor-made distribution of nanoparticles in blend structure toward outstanding electromagnetic interference shielding', 'Tailored distribution of nanoparticles in bi-phasic polymeric blends as emerging materials for suppressing electromagnetic radiation: challenges and prospects', 'Microwave absorbers designed from PVDF/SAN blends containing multiwall carbon nanotubes anchored cobalt ferrite via a pyrene derivative', 'Progress and prospects in the design of functional atomically-precise Ag (I)-thiolate nanoclusters and their assembly approaches', 'Tuning the Shape Anisotropy and Electromagnetic Screening Ability of Ultrahigh Magnetic Polymer and Surfactant-Capped FeCo Nanorods and Nanocubes in Soft Conducting Composites']"
Prabhu Rajagopal,"Professor, Department of Mechanical Engineering, IIT Madras, TN, India","Acoustics, Ultrasonics, Phononics, NDE, Submersible Robotics",3170,https://scholar.google.com/citations?hl=en&user=RSHzl7cAAAAJ,28,76,"['On the use of absorbing layers to simulate the propagation of elastic waves in unbounded isotropic media using commercially available finite element packages', 'Laser ultrasonic inspection of additive manufactured components', 'Statistics-based baseline-free approach for rapid inspection of delamination in composite structures using ultrasonic guided waves', 'Outlier analysis for defect detection using sparse sampling in guided wave structural health monitoring', 'Scattering of the fundamental shear horizontal guided wave by a part-thickness crack in an isotropic plate', 'Short range scattering of the fundamental shear horizontal guided wave mode normally incident at a through-thickness crack in an isotropic plate', 'Analysis of biomimetic caudal fin shapes for optimal propulsive efficiency', 'Interaction of low-frequency axisymmetric ultrasonic guided waves with bends in pipes of arbitrary bend angle and general bend radius', 'Holey-structured metamaterial lens for subwavelength resolution in ultrasonic characterization of metallic components', 'Deep subwavelength ultrasonic imaging using optimized holey structured metamaterials']"
Pallab Sinha Mahapatra,"Associate Professor, Mechanical Engineering, IIT Madras","Multiphase Flows, Surface engineering, Wetting, Active fluids, Collective dynamics",3161,https://scholar.google.com/citations?hl=en&user=7ewFP_UAAAAJ,32,71,"['Key design and operating parameters for enhancing dropwise condensation through wettability patterning', 'Patterning wettability for open-surface fluidic manipulation: fundamentals and applications', 'Analysis of heat transfer and pumping power for bottom-heated porous cavity saturated with Cu-water nanofluid', 'A comparative study of flow regimes and thermal performance between flat plate pulsating heat pipe and capillary tube pulsating heat pipe', 'Self-driven droplet transport: Effect of wettability gradient and confinement', 'Enhanced thermal energy transport using adiabatic block inside lid-driven cavity', 'Heat Transfer Enhancement and Entropy Generation in a Square Enclosure in the Presence of Adiabatic and Isothermal Blocks', 'Fundamentals and applications of surface wetting', 'Rapid, self-driven liquid mixing on open-surface microfluidic platforms', 'Liquid Wicking in a Paper Strip: An Experimental and Numerical Study']"
Arul Lakshminarayan,"Professor of Physics, IIT Madras","Quantum Chaos, Quantum Information, Random Matrix Theory, Complex Systems",3149,https://scholar.google.com/citations?hl=en&user=LfokqNQAAAAJ,31,72,"['Entangling power of quantized chaotic systems', 'Testing statistical bounds on entanglement using quantum chaos', 'Entanglement production in coupled chaotic systems: Case of the kicked tops', 'Entanglement, avoided crossings, and quantum chaos in an Ising model with a tilted magnetic field', 'Multipartite entanglement in a one-dimensional time-dependent Ising model', 'Thirty-six entangled officers of Euler: Quantum solution to a classically impossible problem', 'From dual-unitary to quantum Bernoulli circuits: Role of the entangling power in constructing a quantum ergodic hierarchy', 'Entanglement sharing in one-particle states', 'Tripartite mutual information, entanglement, and scrambling in permutation symmetric systems with an application to quantum chaos', 'Entangling power of time-evolution operators in integrable and nonintegrable many-body systems']"
Sivakumar M. Srinivasan,"Department of Applied Mechanics, Indian Institute of Technology Madras, Chennai.  INDIA","inelasticity of materials, smart material structures, solid mechanics, constitutive modeling and",3126,https://scholar.google.com/citations?hl=en&user=CGfKWusAAAAJ,30,72,"['Parameters influencing the impact response of fiber-reinforced polymer matrix composite materials: A critical review', 'Shot peening simulation using discrete and finite element methods', 'Large deflection of constant curvature cantilever beam under follower load', 'Self-centering of shape memory alloy fiber reinforced cement mortar members subjected to strong cyclic loading', 'Analysis of machining of FRPs using FEM', 'Dislocation density based crystal plasticity model incorporating the effect of precipitates in IN718 under monotonic and cyclic deformation', 'NUMERICAL AND EXPERIMENTAL STUDY OF BUCKLING OF ADVANCED FIBER COMPOSITE CYLINDERS UNDER AXIAL COMPRESSION', 'An evaluation of multiaxial fatigue life assessment methods for engineering components', 'Optimization of the fatigue strength of materials due to shot peening: A Survey', 'Influence of patch lay-up configuration and hybridization on low velocity impact and post-impact tensile response of repaired glass fiber reinforced plastic composites']"
Anil Prabhakar,IIT Madras,"Quantum Optics, Lasers, Magnonics, Assistive Technologies",3120,https://scholar.google.com/citations?hl=en&user=vQhknA0AAAAJ,20,35,"['Spin waves', 'Proposal for a standard micromagnetic problem: Spin wave dispersion in a magnonic waveguide', 'Absorbing boundary layers for spin wave micromagnetics', 'A low-cost 3D printed microfluidic bioreactor and imaging chamber for live-organoid imaging', 'Automatic identification of bird calls using spectral ensemble average voice prints', 'Coherent microwave generation by spintronic feedback oscillator', 'Evolution of quantum states in an electro-optic phase modulator', 'Estimation of stiction force from electrical and optical measurements on cantilever beams', 'Multiplexed fluorescence and scatter detection with single cell resolution using on-chip fiber optics for droplet microfluidic applications', 'A microfluidic flow analyzer with integrated lensed optical fibers']"
Shankar C Subramanian,"Professor of Engineering Design, Indian Institute of Technology Madras","Automotive Systems, Vehicle Dynamics, Control, Transportation Systems",3111,https://scholar.google.com/citations?hl=en&user=V74fqo0AAAAJ,28,82,"['Travel time prediction under heterogeneous traffic conditions using global positioning system data from buses', 'Bus travel time prediction using a time-space discretization approach', 'Modeling the pneumatic subsystem of an S-cam air brake system', 'Cooperative control of regenerative braking and friction braking for a hybrid electric vehicle', 'A diagnostic system for air brakes in commercial vehicles', 'Development of a real-time bus arrival prediction system for Indian traffic conditions', 'Estimation of bus travel time incorporating dwell time for APTS applications', 'Prediction of traffic density for congestion analysis under Indian traffic conditions', 'Traffic density estimation under heterogeneous traffic conditions using data fusion', 'Comparison of model based and machine learning approaches for bus arrival time prediction']"
Prasad Patnaik BSV,"Professor, Dept. of Applied Mechanics and  Biomedical  Engineering, IIT Madras, Chennai …","Tools for Fluid Structure Interaction, Computational Fluid Dynamics, Heat Transfer, Bio-Fluid",3083,https://scholar.google.com/citations?hl=en&user=L_sLG_QAAAAJ,30,64,"['A new benchmark quality solution for the buoyancy-driven cavity by discrete singular convolution', 'Efficient numerical algorithm for multiphase field simulations', 'Numerical simulation of parametric liquid sloshing in a horizontally baffled rectangular container', 'Numerical simulation of vortex shedding past a circular cylinder under the influence of buoyancy', 'An active flow control strategy for the suppression of vortex structures behind a circular cylinder', 'CFD investigation and assessment of wall heat flux partitioning model for the prediction of high pressure subcooled flow boiling', 'Discrete singular convolution–finite subdomain method for the solution of incompressible viscous flows', 'Controlling wake turbulence', 'CFD simulations on the dynamics of liquid sloshing and its control in a storage tank for spent fuel applications', 'Numerical simulation of vortex induced vibrations and its control by suction and blowing']"
Greeshma Thrivikraman,"Assistant Professor, Department of Biotechnology, IIT Madras","Regenerative biomaterials, Tissue engineering, Stem cells",3071,https://scholar.google.com/citations?hl=en&user=CzsnlTsAAAAJ,24,27,"['Unraveling the mechanistic effects of electric field stimulation towards directing stem cell fate and function: A tissue engineering perspective', 'Photopolymerization of cell-laden gelatin methacryloyl hydrogels using a dental curing light for regenerative dentistry', 'A dentin-derived hydrogel bioink for 3D bioprinting of cell laden scaffolds for regenerative dentistry', 'Biomaterials for craniofacial bone regeneration', 'Rapid fabrication of vascularized and innervated cell-laden bone models with biomimetic intrafibrillar collagen mineralization', 'Intermittent electrical stimuli for guidance of human mesenchymal stem cell lineage commitment towards neural-like cells on electroconductive substrates', 'In vitro/In vivo assessment and mechanisms of toxicity of bioceramic materials and its wear particulates', 'In vitro evaluation of electrospun PCL/nanoclay composite scaffold for bone tissue engineering', 'Carvacrol/β-cyclodextrin inclusion complex inhibits cell proliferation and migration of prostate cancer cells', 'Interplay of substrate conductivity, cellular microenvironment, and pulsatile electrical stimulation toward osteogenesis of human mesenchymal stem cells in vitro']"
Samuel GL,IIT Madras,Manufacturing,3037,https://scholar.google.com/citations?hl=en&user=gQKR-UAAAAAJ,25,41,"['Some studies on hard turning of AISI 4340 steel using multilayer coated carbide tool', 'Machinability investigations on hardened AISI 4340 steel using coated carbide insert', 'Surface texturing for tribology enhancement and its application on drill tool for the sustainable machining of titanium alloy', 'Evaluation of circularity from coordinate and form data using computational geometric techniques', 'Evaluation of straightness and flatness error using computational geometric techniques', 'Drilling performance of micro textured tools under dry, wet and MQL condition', 'Theoretical and experimental investigations of ultra-short pulse laser interaction on Ti6Al4V alloy', 'State-of-the-art research in machinability of hardened steels', 'Pulse train data analysis to investigate the effect of machining parameters on the performance of wire electro discharge turning (WEDT) process', 'Multi-objective optimization of material removal rate and surface roughness in wire electrical discharge turning']"
Prashanth LA,"Associate Professor, Department of Computer Science and Engg., IIT Madras","Reinforcement learning, simulation optimization, multi-armed bandits",3002,https://scholar.google.com/citations?hl=en&user=Q1YXWpoAAAAJ,22,37,"['Stochastic Recursive Algorithms for Optimization: Simultaneous Perturbation Methods', 'Reinforcement Learning With Function Approximation for Traffic Signal Control', 'Actor-critic algorithms for risk-sensitive MDPs', 'Cumulative prospect theory meets reinforcement learning: Prediction and control', 'Reinforcement learning with average cost for adaptive control of traffic lights at intersections', 'Variance-Constrained Actor-Critic Algorithms for Discounted and Average Reward MDPs', 'Policy gradients for CVaR-constrained MDPs', 'Risk-sensitive reinforcement learning via policy gradient search', 'Two-timescale algorithms for learning Nash equilibria in general-sum stochastic games', 'Concentration bounds for CVaR estimation: The cases of light-tailed and heavy-tailed distributions']"
Chinthaka Pasan Gooneratne,"Department of Electrical Engineering, Indian Institute of Technology Madras","Sensors, IoT",2937,https://scholar.google.com/citations?hl=en&user=fY50B-sAAAAJ,27,64,"['Giant magnetoresistance (GMR) sensors', 'Technique for rapid detection of phthalates in water and beverages', 'A novel planar-type biosensor for noninvasive meat inspection', 'Electrochemical impedance spectroscopy based MEMS sensors for phthalates detection in water and juices', 'Drilling in the Fourth Industrial Revolution—Vision and Challenges', 'A low-cost sensing system for quality monitoring of dairy products', 'A review of sensing technologies for landmine detection: Unmanned vehicle based approach', 'Detection of bacterial endotoxin in food: New planar interdigital sensors based approach', 'Rapid and molecular selective electrochemical sensing of phthalates in aqueous solution', 'Downhole applications of magnetic sensors']"
Anand K Kanjarla,"Professor, IIT Madras",Computational crystal plasticity,2921,https://scholar.google.com/citations?hl=en&user=3xxImbQAAAAJ,22,36,"['An elasto-viscoplastic formulation based on fast Fourier transforms for the prediction of micromechanical fields in polycrystalline materials', 'Numerical study of the stress state of a deformation twin in magnesium', 'Polycrystal plasticity: comparison between grain-scale observations of deformation and simulations', 'Stochastic modeling of twin nucleation in polycrystals: An application in hexagonal close-packed metals', 'Novel microstructure quantification framework for databasing, visualization, and analysis of microstructure data', 'Multiscale modelling of the plastic anisotropy and deformation texture of polycrystalline materials', 'Assessment of plastic heterogeneity in grain interaction models using crystal plasticity finite element method', 'Study of internal lattice strain distributions in stainless steel using a full-field elasto-viscoplastic formulation based on fast Fourier transforms', 'Hot deformation characteristics and microstructure evolution of Hastelloy C-276', 'Dislocation density based crystal plasticity model incorporating the effect of precipitates in IN718 under monotonic and cyclic deformation']"
Ramasubba Reddy M,"Professor, Dept. of Applied Mechanics, IIT Madras, Chennai, India","Biomedical Instrumentation, Biomedical Signal and Image Processing, Physiological Modelling",2914,https://scholar.google.com/citations?hl=en&user=1fLpjlIAAAAJ,25,64,"['Slowing and loss of complexity in Alzheimer′ s EEG: Two sides of the same coin?', 'High nitrous oxide fluxes from rice indicate the need to manage water for both long-and short-term climate impacts', ""A transform domain SVD filter for suppression of muscle noise artefacts in exercise ECG's"", 'Characterization of biomechanical properties of agar based tissue mimicking phantoms for ultrasound stiffness imaging techniques', 'Acoustic analysis and detection of hypernasality using a group delay function', 'A two-dimensional approach for lossless EEG compression', 'A novel multiple frequency stimulation method for steady state VEP based brain computer interfaces', 'Proarrhythmic Response to Potassium Channel Blockade: Numerical Studies of Polymorphic Tachyarrhythmias', 'Multichannel EEG compression: Wavelet-based image and volumetric coding approach', 'Near-lossless multichannel EEG compression based on matrix and tensor decompositions']"
Uday Chakkingal,"Professor, Dept of Metallurgical and Materials Engineering, IIT Madras, Chennai 600 036 …",Materials Engineering,2911,https://scholar.google.com/citations?hl=en&user=8D6NH4EAAAAJ,28,48,"['Production of ultrafine grain sizes in aluminium sheets by severe plastic deformation using the technique of groove pressing', 'Study of channel angle influence on material flow and strain inhomogeneity in equal channel angular pressing using 3D finite element simulation', 'Applicability of the groove pressing technique for grain refinement in commercial purity copper', 'The development of microstructure and the influence of processing route during equal channel angular drawing of pure aluminum', 'Friction stir processing of magnesium–nanohydroxyapatite composites with controlled in vitro degradation behavior', 'In vitro and in vivo studies of biodegradable fine grained AZ31 magnesium alloy produced by equal channel angular pressing', 'Processing and mechanical behavior of lamellar structured degradable magnesium–hydroxyapatite implants', 'Nano-hydroxyapatite reinforced AZ31 magnesium alloy by friction stir processing: a solid state processing for biodegradable metal matrix composites', 'Role of biomineralization on the degradation of fine grained AZ31 magnesium alloy processed by groove pressing', 'Severe plastic deformation and strain localization in groove pressing']"
Dr. Srirama Srinivas,"Professor, Dept. of Electrical Engg., Indian Institute of Technology Madras","Power Electronics and Drives, Multilevel PWM Inverters, Renewable energy, EV Chargers & Motors",2908,https://scholar.google.com/citations?hl=en&user=OYRV66IAAAAJ,25,41,"['Dynamic energy management of renewable grid integrated hybrid energy storage system', 'Bearing currents and shaft voltage reduction in dual-inverter-fed open-end winding induction motor with reduced CMV PWM methods', 'Effect of zero-vector placement in a dual-inverter fed open-end winding induction-motor drive with a decoupled space-vector PWM strategy', 'Dynamic energy management of hybrid energy storage system with high-gain PV converter', 'Discontinuous decoupled PWMs for reduced current ripple in a dual two-level inverter fed open-end winding induction motor drive', 'Multifunctional VSC controlled microgrid using instantaneous symmetrical components theory', 'Pulse width-modulated switching strategy for the dynamic balancing of zero-sequence current for a dual-inverter fed open-end winding induction motor drive', 'Effect of zero-vector placement in a dual-inverter fed open-end winding induction motor drive with alternate sub-hexagonal center PWM switching scheme', 'Theoretical and experimental analysis for current in a dual-inverter-fed open-end winding induction motor drive with reduced switching PWM', 'Space-vector-based PWM switching strategies for a three-level dual-inverter-fed open-end winding induction motor drive and their comparative evaluation']"
Madhulika Dixit,"Faculty, Department of Biotechnology, IIT Madras",Vascular Biology,2888,https://scholar.google.com/citations?hl=en&user=mnLqb6cAAAAJ,27,37,"['Role of polyphenols and other phytochemicals on molecular signaling', 'Role of PECAM-1 in the shear-stress-induced activation of Akt and the endothelial nitric oxide synthase (eNOS) in endothelial cells', 'Astaxanthin inhibits JAK/STAT-3 signaling to abrogate cell proliferation, invasion and angiogenesis in a hamster model of oral cancer', 'Platelet Sarcoplasmic Endoplasmic Reticulum Ca2+-ATPase and μ-Calpain Activity Are Altered in Type 2 Diabetes Mellitus and Restored by Rosiglitazone', 'Gab1, SHP2, and protein kinase A are crucial for the activation of the endothelial NO synthase by fluid shear stress', 'Ellagic acid inhibits VEGF/VEGFR2, PI3K/Akt and MAPK signaling cascades in the hamster cheek pouch carcinogenesis model', 'Reduced graphene oxide-loaded nanocomposite scaffolds for enhancing angiogenesis in tissue engineering applications', 'Shear stress-induced activation of the AMP-activated protein kinase regulates FoxO1a and angiopoietin-2 in endothelial cells', 'Nitric oxide–induced motility in aortic smooth muscle cells: role of protein tyrosine phosphatase SHP-2 and GTP-binding protein Rho', 'Reprint of: effect of fermentation parameters, elicitors and precursors on camptothecin production from the endophyte Fusarium solani']"
Nilesh Vasa,"Professor, Department of Engineering Design, IIT Madras","Laser assisted sensing, micromanufacturing, optomechatronics",2873,https://scholar.google.com/citations?hl=en&user=ZOSTIh0AAAAJ,27,79,"['Influence of working environment and built orientation on the tensile properties of selective laser melted AlSi10Mg alloy', 'Advances in mid-infrared spectroscopy-based sensing techniques for exhaled breath diagnostics', 'Multiwavelength distributed-feedback dye laser array and its application to spectroscopy', 'A review on the fatigue behaviour of AlSi10Mg alloy fabricated using laser powder bed fusion technique', 'Investigation on generation of laser assisted dimples on piston ring surface and influence of dimple parameters on friction', 'Wide-wavelength-range operation of a distributed-feedback dye laser with a plastic waveguide', 'Study on the fatigue behaviour of selective laser melted AlSi10Mg alloy', 'Fabrication of Bi-doped YIG optical thin film for electric current sensor by pulsed laser deposition', 'Effect of build atmosphere on the mechanical properties of AlSi10Mg produced by selective laser melting', 'Differential absorption lidar at 1.67 µm for remote sensing of methane leakage']"
Athi N Naganathan,"Professor, Indian Institute of Technology Madras, Chennai, India","Protein Structure-Function-Folding, Statistical Models, Molecular Simulations, Spectroscopy",2853,https://scholar.google.com/citations?hl=en&user=pjt5NdAAAAAJ,31,64,"['Scaling of folding times with protein size', 'Protein folding kinetics: Barrier effects in chemical and thermal denaturation experiments', 'Insights into protein folding mechanisms from large scale analysis of mutational effects', 'Modulation of allosteric coupling by mutations: from protein dynamics and packing to altered native ensembles and function', 'Dynamics, energetics, and structure in protein folding', 'Robustness of downhill folding: guidelines for the analysis of equilibrium folding experiments on small proteins', 'Dynamics of one-state downhill protein folding', 'Direct measurement of barrier heights in protein folding', 'The need to implement FAIR principles in biomolecular simulations', 'Modern analysis of protein folding by differential scanning calorimetry']"
Dr. Shivananju  Bannur Nanjunda,"Assistant Professor, Indian Institute of Technology Madras, India","Photonics, Quantum Technology, Two-dimensional Materials, Optical Sensors, Biochemical Sensing",2853,https://scholar.google.com/citations?hl=en&user=FxgzlWwAAAAJ,22,30,"['Ultrasensitive detection of miRNA with an antimonene-based surface plasmon resonance sensor', 'Two-Dimensional CH3NH3PbI3 Perovskite Nanosheets for Ultrafast Pulsed Fiber Lasers', 'Highly efficient and air-stable infrared photodetector based on 2D layered graphene–black phosphorus heterostructure', 'The roadmap of graphene‐based optical biochemical sensors', 'Fundamentals and sensing applications of 2D materials', 'High performance photodetector based on 2D CH3NH3PbI3 perovskite nanosheets', 'Effects of edge on graphene plasmons as revealed by infrared nanoimaging', 'CO2 sensing at room temperature using carbon nanotubes coated core fiber Bragg grating', 'Flexible Broadband Graphene Photodetectors Enhanced by Plasmonic Cu3−xP Colloidal Nanocrystals', 'Detection limit of etched fiber Bragg grating sensors']"
BVSSS Prasad,"Professor of Mechanical Engineering, Indian Institute of Technology Madras","Heat Transfer, Turbine blade cooling, Thermo fluid Sciences, Fluidized bed, Gas turbine",2846,https://scholar.google.com/citations?hl=en&user=fMhbCDEAAAAJ,33,78,"['Influence of surface evaporation on stratification in liquid hydrogen tanks of different aspect ratios', 'Computational flow and heat transfer of a row of circular jets impinging on a concave surface', 'CFD investigation and assessment of wall heat flux partitioning model for the prediction of high pressure subcooled flow boiling', 'Flow and heat transfer characteristics in an annulus wrapped with a helical wire', 'Thermal stratification in ribbed liquid hydrogen storage tanks', 'Rotordynamic characteristics of rotating labyrinth gas turbine seal with centrifugal growth', 'Conjugate heat transfer from a flat plate with combined impingement and film cooling', 'Pressure drop, heat transfer and performance of a helically coiled tubular exchanger', 'CFD modeling of critical heat flux in flow boiling: Validation and assessment of closure models', 'Experimental studies on the microstructure and hardness of laser-treated steel specimens']"
Pradeep Kiran Sarvepalli,Indian Institute of Technology Madras,"Quantum computation, coding theory, quantum cryptography",2816,https://scholar.google.com/citations?hl=en&user=nwlYJ5MAAAAJ,23,35,"['Nonbinary stabilizer codes over finite fields', 'On quantum and classical BCH codes', 'Asymmetric quantum codes: constructions, bounds and performance', 'Primitive quantum BCH codes over finite fields', 'Efficient decoding of topological color codes', 'Nonbinary quantum reed-muller codes', 'Asymmetric quantum LDPC codes', 'Nonthreshold quantum secret-sharing schemes in the graph-state formalism', 'Sharing classical secrets with Calderbank-Shor-Steane codes', 'Subsystem codes']"
Birabar Nanda,"Professor of Physics, IIT Madras",Condensed Matter Physics,2810,https://scholar.google.com/citations?hl=en&user=Rt4G2hgAAAAJ,28,72,"['Electronic structure and magnetism in half-Heusler compounds', ""Electronic structure of the substitutional vacancy in graphene: density-functional and Green's function studies"", 'Effects of strain on orbital ordering and magnetism at perovskite oxide interfaces:', 'Strain and electric field modulation of the electronic structure of bilayer graphene', 'Density Functional Theory Studies of Si2BN Nanosheets as Anode Materials for Magnesium-Ion Batteries', 'Electron Leakage and Double-Exchange Ferromagnetism at the Interface <?format ?>between a Metal and an Antiferromagnetic Insulator:', 'Electronic and magnetic structure of the  superlattices', 'Giant photovoltaic response in band engineered ferroelectric perovskite', 'Spin-polarized two-dimensional electron gas at oxide interfaces', 'Mn substitution controlled Li-diffusion in single crystalline nanotubular LiFePO4 high rate-capability cathodes: experimental and theoretical studies']"
Sharma SRKC Yamijala,"Indian Institute of Technology, Madras","Nonadiabatic Dynamics, Theoretical Chemistry, Computational Chemistry, DFTB, Solar Energy Harvesting",2810,https://scholar.google.com/citations?hl=en&user=IglNkREAAAAJ,25,45,"['Freestanding Borophene and Its Hybrids', 'Non-proteinaceous Hydrolase Comprised of a Phenylalanine Metallo-supramolecular Amyloid-like Structure', 'Single amino acid bionanozyme for environmental remediation', 'A machine learning approach for predicting defluorination of per-and polyfluoroalkyl substances (PFAS) for their efficient treatment and removal', 'Degradation of per-and polyfluoroalkyl substances with hydrated electrons: a new mechanism from first-principles calculations', 'Borophene via micromechanical exfoliation', 'Improved Band Gaps and Structural Properties from Wannier–Fermi–Löwdin Self-interaction Corrections for Periodic Systems', 'Linear and Nonlinear Optical Properties of Graphene Quantum Dots: A Computational Study', 'Alpha Lead Oxide (α‐PbO): A New 2D Material with Visible Light Sensitivity', 'Real-time Degradation Dynamics of Hydrated Per-and Polyfluoroalkyl Substances (PFASs) in the Presence of Excess Electrons']"
Raghavendra Sai VV (or VVR Sai),"Professor, Biomedical Engineering, Indian Institute of Technology Madras, Chennai, India","Chemical and Bio Sensors for Healthcare, Environment and Pharma",2795,https://scholar.google.com/citations?hl=en&user=y3Ef8NAAAAAJ,28,41,"['Novel U-bent fiber optic probe for localized surface plasmon resonance based biosensor', 'Dendrimers in biosensors: Concept and applications', 'Development of LSPR based U-bent plastic optical fiber sensors', 'Evanescent wave absorbance based fiber optic biosensor for label-free detection of E. coli at 280 nm wavelength', 'P-FAB: a fiber-optic biosensor device for rapid detection of COVID-19', 'Label-free fiber optic biosensor based on evanescent wave absorbance at 280 nm', 'Optimal design for U-bent fiber-optic LSPR sensor probes', 'Gold sputtered U-bent plastic optical fiber probes as SPR-and LSPR-based compact plasmonic sensors', 'Immobilization of antibodies on polyaniline films and its application in a piezoelectric immunosensor', 'Nanomaterials based optical and electrochemical sensing of histamine: Progress and perspectives']"
Chandramouli Padmanabhan,"Professor, Indian Institute of Technology Madras","Noise & Vibration, Non-linear Dynamics",2792,https://scholar.google.com/citations?hl=en&user=R8_bzI4AAAAJ,30,50,"['Vibration and acoustic response of a composite plate with inherent material damping in a thermal environment', 'Linear thermoelastic buckling and free vibration behavior of functionally graded truncated conical shells', 'Finite element analysis of fluid–structure interaction in pipeline systems', 'Vibration and acoustic response of an isotropic plate in a thermal environment', 'Linear dynamic analysis of multi-mesh transmissions containing external, rigid gears', 'Analysis of periodically excited non-linear systems by a parametric continuation technique', 'Longitudinal dynamics of a tracked vehicle: Simulation and experiment', 'Computational issues associated with gear rattle analysis', 'A new finite element formulation based on the velocity of flow for water hammer problems', 'A fixed–free interface component mode synthesis method for rotordynamic analysis']"
Preeti Aghalayam,"Professor of Chemical Engineering, IIT Madras",Chemical Reaction Engineering,2759,https://scholar.google.com/citations?hl=en&user=WWBpj8AAAAAJ,30,45,"['Underground coal gasification: A new clean coal utilization technique for India', 'A C1 mechanism for methane oxidation on platinum', 'The role of radical wall quenching in flame stability and wall heat flux: hydrogen-air mixtures', 'Catalysis', 'Laboratory studies on combustion cavity growth in lignite coal blocks in the context of underground coal gasification', 'Laboratory studies on cavity growth and product gas composition in the context of underground coal gasification', 'Construction and optimization of complex surface‐reaction mechanisms', 'A Generalized Approach for Predicting Coverage-Dependent Reaction Parameters of Complex Surface Reactions:\u2009 Application to H2 Oxidation over Platinum', 'Experiments and Kinetic Modeling for CO2 Gasification of Indian Coal Chars in the Context of Underground Coal Gasification', 'Synergetic and inhibition effects in carbon dioxide gasification of blends of coals and biomass fuels of Indian origin']"
Dr. V.Jagadeesh Kumar,"Professor of Electrical Engineering, Indian Institute of Technology Madras","Measurements, Instrumentation, Biomedical engineering",2748,https://scholar.google.com/citations?hl=en&user=BUJAfqIAAAAJ,26,73,"['Use of fourier series analysis for motion artifact reduction and data compression of photoplethysmographic signals', 'A twin unidirectional impulse turbine topology for OWC based wave energy plants', ""A transform domain SVD filter for suppression of muscle noise artefacts in exercise ECG's"", 'Improved Single-Element Resistive Sensor-to-Microcontroller Interface', 'A novel calibration-free method of measurement of oxygen saturation in arterial blood', 'Motion artifact reduction in photoplethysmographic signals using singular value decomposition', 'Online cage rotor fault detection using air-gap torque spectra', 'Online cage rotor fault detection using air-gap torque spectra', 'Analysis of the switched-capacitor dual-slope capacitance-to-digital converter', 'A Linearizing Digitizer for Wheatstone Bridge Based Signal Conditioning of Resistive Sensors']"
Boominathan Adimoolam,"Professor of Civil Engineering, Indian Institute of Technology Madras","Soil Dynamics, Geotechnical Earthquake Engineering, Seismic SSI",2746,https://scholar.google.com/citations?hl=en&user=JC4FMf0AAAAJ,27,61,"['Use of surface waves in statistical correlations of shear wave velocity and penetration resistance of Chennai soils', 'Group interaction effects on laterally loaded piles in clay', 'Liquefaction strength of fly ash reinforced with randomly distributed fibers', 'Seismic hazard assessment of Chennai city considering local site effects', 'Static and large- strain dynamic properties of sand-rubber tire shred mixtures', 'Response of low-rise building with geotechnical seismic isolation system', 'An experimental study on static and dynamic bending behaviour of piles in soft clay', 'Effect of Microfabric on Undrained Static and Cyclic Behavior of Kaolin Clay', 'Engineering properties of sand–rubber tire shred mixtures', 'Seismic site classification and site period mapping of Chennai City using geophysical and geotechnical data']"
Atmanand,"Indian Institute of Technology, Madras","Deep Sea Technology, Ocean Observations, Ocean Energy, Technological Project Management",2711,https://scholar.google.com/citations?hl=en&user=meLMlLsAAAAJ,28,64,"['Review of unconventional hydrocarbon resources in major energy consuming countries and efforts in realizing natural gas hydrates as a future source of energy', 'Future vision for autonomous ocean observations', 'In situ ocean subsurface time-series measurements from OMNI buoy network in the Bay of Bengal', 'Developmental tests on the underwater mining system using flexible riser concept', 'Innovative deep ocean mining concept based on flexible riser and self-propelled mining machines', 'Performance of an impulse turbine based wave energy plant', 'Development and testing of underwater mining systems for long term operations using flexible riser concept', 'Qualification tests on underwater mining system with manganese nodule collection and crushing devices', 'Best practices for the ocean moored observatories', 'Assessment of methane gas production from Indian gas hydrate petroleum systems']"
Sunil Kumar Boda,"Assistant Professor, Department of Medical Science and Technology, IIT Madras",Biomaterials and Tissue Engineering,2710,https://scholar.google.com/citations?hl=en&user=LiDLHy4AAAAJ,24,26,"['Unraveling the mechanistic effects of electric field stimulation towards directing stem cell fate and function: A tissue engineering perspective', 'Electrospraying an enabling technology for pharmaceutical and biomedical applications: A review', 'Biomaterials for craniofacial bone regeneration', 'High Antibacterial Activity of Functionalized Chemically Exfoliated MoS2', 'Emerging roles of electrospun nanofibers in cancer research', 'Binary doping of strontium and copper enhancing osteogenesis and angiogenesis of bioactive glass nanofibers while suppressing osteoclast activity', 'Mineralized nanofiber segments coupled with calcium-binding BMP-2 peptides for alveolar bone regeneration', 'Novel 3D hybrid nanofiber aerogels coupled with BMP‐2 peptides for cranial bone regeneration', 'Cytotoxicity of ultrasmall gold nanoparticles on planktonic and biofilm encapsulated gram‐positive staphylococci', 'Electrospraying electrospun nanofiber segments into injectable microspheres for potential cell delivery']"
Arnab Rit,"Assistant Professor, Department of Chemistry, IIT Madras","Organometallic Chemistry, Inorganic Chemistry, Homogenous Catalysis, Main group chemistry, Small molecule activation",2709,https://scholar.google.com/citations?hl=en&user=y3xPPPoAAAAJ,27,50,"['Self-Assembly of Molecular Cylinders from Polycarbene Ligands and AgI or AuI', 'Supramolecular structures from polycarbene ligands and transition metal ions', 'A stable heavier group 14 analogue of vinylidene', 'A systematic study of structure and E− H bond activation chemistry by sterically encumbered germylene complexes', 'A Cationic Zinc Hydride Cluster Stabilized by an N‐Heterocyclic Carbene: Synthesis, Reactivity, and Hydrosilylation Catalysis', 'Facile reversibility by design: tuning small molecule capture and activation by single component frustrated Lewis pairs', 'Ruthenium (II) complexes of heteroditopic N-heterocyclic carbene ligands: efficient catalysts for C–N bond formation via a hydrogen-borrowing strategy under solvent-free conditions', 'Catalytic B–N dehydrogenation using frustrated Lewis pairs: evidence for a chain-growth coupling mechanism', 'Polynuclear architectures with di-and tricarbene ligands', 'Molecular zinc dihydride stabilized by N-heterocyclic carbenes.']"
Dillip K. Satapathy,"Professor, Department of Physics, Indian Institute of Technology (IIT) Madras, 600 036","Polymer Physics, Colloid Science, Soft Actuators, Organic Thermoelectrics",2703,https://scholar.google.com/citations?hl=en&user=n07nOTsAAAAJ,29,78,"['Diffractive imaging for periodic samples: retrieving one-dimensional concentration profiles across microfluidic channels', 'Magnetic Proximity Effect in YBa_ {2} Cu_ {3} O_ {7}/La_ {2/3} Ca_ {1/3} MnO_ {3} and YBa_ {2} Cu_ {3} O_ {7}/LaMnO_ {3+ δ} Superlattices', 'Role of particle shape anisotropy on crack formation in drying of colloidal suspension', 'Capturing dynamics with Eiger, a fast-framing X-ray detector', 'Pulsed laser deposition growth of heteroepitaxial YBaCuO/LaCaMnO superlattices on NdGaO and SrLaAlTaO substrates', 'Rapid Moisture-Responsive Silk Fibroin Actuators', 'Long-range order in thin epitaxial Fe3Si films grown on GaAs(001)', 'Swelling kinetics and electrical charge transport in PEDOT:PSS thin  films exposed to water vapor', 'Tailoring crack morphology in coffee-ring deposits via substrate heating', 'Depth profile of the ferromagnetic order in a YBaCuO/LaCaMnO superlattice on a LSAT substrate: A polarized neutron reflectometry study']"
Praveen Kumar,e3 Labs Incubated @ Indian Institute of Science. Former Research Scientist @ IIT Madras,"Nanofluids, Heat transfer, PCMs, Hydrogen storage, Dual fuel engines",2690,https://scholar.google.com/citations?hl=en&user=AxHBixoAAAAJ,31,59,"['The stability and thermophysical properties of Al2O3-graphene oxide hybrid nanofluids for solar energy applications: application of robust autoregressive modern machine\xa0…', 'Synthesis, characterization, stability, and thermal properties of graphene oxide based hybrid nanofluids for thermal applications: experimental approach', 'Experimental investigation on the performance of RT-44HC-nickel foam-based heat sinks for thermal management of electronic gadgets', 'The effect of pH on stability and thermal performance of graphene oxide and copper oxide hybrid nanofluids for heat transfer applications: application of novel machine learning\xa0…', 'Viscosity and rheological behavior of Al2O3-Fe2O3/water-EG based hybrid nanofluid: a new correlation based on mixture ratio', 'Experimental and computational determination of heat transfer, entropy generation and pressure drop under turbulent flow in a tube with fly ash-Cu hybrid nanofluid', 'Thermophysical profile of graphene oxide and MXene hybrid nanofluids for sustainable energy applications: Model prediction with a Bayesian optimized neural network with K-cross\xa0…', 'Thermal performance enhancement of metal hydride reactor for hydrogen storage with graphene oxide nanofluid: model prediction with machine learning', 'Experimental investigation on thermo-hydraulic performance of water-based fly ash–Cu hybrid nanofluid flow in a pipe at various inlet fluid temperatures', 'Effect of particle size on second law of thermodynamics analysis of Al2O3 nanofluid: application of XGBoost and gradient boosting regression for prognostic analysis']"
Palaniappan Ramu,"Professor, Dept. Engineering Design, Indian Institute of Technology Madras","Optimization, Uncertainty Quantification, Engineering Analytics, Data Visualization",2664,https://scholar.google.com/citations?hl=en&user=2dliVdkAAAAJ,24,48,"['Modelling with stakeholders–next generation', 'Modeling, analysis, and optimization under uncertainties: a review', 'Imperceptibility–Robustness Tradeoff Studies for ECG Steganography Using Continuous Ant Colony Optimization', 'A survey of machine learning techniques in structural and multidisciplinary optimization', 'Discrete wavelet transform and singular value decomposition based ECG steganography for secured patient information transmission.', 'ECG steganography using curvelet transform', 'A convex hull approach for the reliability-based design optimization of nonlinear transient dynamic problems', 'Microstructure and mechanical behavior of Al 7075-T6 subjected to shallow cryogenic treatment', 'Curvelets‐based ECG steganography for data security', 'Inverse reliability measures and reliability-based design optimisation']"
Prof. Veeraragavan Amirthalingam,"Former Professor, Indian Institute of Technology Madras",Pavement Engineering and Road Safety,2655,https://scholar.google.com/citations?hl=en&user=QUUlb5EAAAAJ,26,68,"['Behavior of asphalt concrete mixtures with reclaimed polyethylene as additive', 'Random Parameter Models for Accident Prediction on Two-Lane Undivided Highways in India', 'An investigation on the interface bond strength of geosynthetic-reinforced asphalt concrete using Leutner shear test', 'Influence of geometric design characteristics on safety under heterogeneous traffic flow', 'Behavior of reclaimed polyethylene modified asphalt cement for paving purposes', 'Utilization of waste plastic bags in bituminous mix for improved performance of roads', 'Dynamic mechanical characterization of asphalt concrete mixes with modified asphalt binders', 'Laboratory investigation of open-graded friction-course mixtures containing polymers and cellulose fibers', 'Development of a methodology and a tool for the assessment of vulnerability of roadways to flood‐induced damage', 'Characterization of OGFC mixtures containing reclaimed polyethylene fibers']"
Subash Sasidharan,"Professor, Department of Humanities & Social Sciences, Indian Institute of Technology …","Foreign Direct Investment, Innovation and Technological Change, Small Firms and Industrial",2619,https://scholar.google.com/citations?hl=en&user=qO2OmwYAAAAJ,27,43,"['Gender, small firm ownership, and credit access: Some insights from India', 'Financing constraints and investments in R&D: Evidence from Indian manufacturing firms', 'Foreign direct investment and R&D: Substitutes or complements—A case of Indian manufacturing after 1991 reforms', 'Does Digitalization Spur Global Value Chain Participation? Firm-Level Evidence from Emerging Markets', 'Heterogeneous MNC subsidiaries and technological spillovers: Explaining positive and negative effects in India', 'Foreign direct investment and spillovers: Evidence from Indian manufacturing', 'Firm Innovation and Global Value Chain Participation', 'Financial Constraints, Government Support, and Firm Innovation: Empirical Evidence from Developing Economies', 'MNEs, technological efforts and channels of export spillover: An analysis of Indian manufacturing industries', 'The impact of R&D and FDI on firm growth in emerging-developing countries: Evidence from Indian manufacturing industries']"
Raviraj Joshi,Indian Institute of Technology Madras,"computer science, machine learning, natural language processing",2606,https://scholar.google.com/citations?hl=en&user=6Zf_5SAAAAAJ,27,53,"['Compact language models via pruning and knowledge distillation', 'Evaluating deep learning approaches for covid19 fake news detection', 'Llm pruning and distillation in practice: The minitron approach', 'L3cube-hindbert and devbert: Pre-trained bert transformer models for devanagari based hindi and marathi languages', 'L3cubeMahaSent: A Marathi tweet-based sentiment analysis dataset', 'L3cube-MahaCorpus and MahaBERT: Marathi monolingual corpus, Marathi BERT language models, and resources', 'L3Cube-HingCorpus and HingBERT: A code mixed Hindi-English dataset and BERT language models', 'Nemotron-h: A family of accurate and efficient hybrid mamba-transformer models', 'Mono vs multilingual bert for hate speech detection and text classification: A case study in marathi', 'L3cube-mahahate: A tweet-based marathi hate speech detection dataset and bert models']"
Manivannan Muniyandi,"Professor, Dept. of Applied Mechanics Biomedical Engineering, Indian Institute of …","Haptics, Virtual Reality, Medical Simulations, Clinical Skills Training, Computational Physiology",2602,https://scholar.google.com/citations?hl=en&user=-a9uJFYAAAAJ,25,56,"['Haptics in minimally invasive surgical simulation and training', 'Transatlantic touch: A study of haptic collaboration over long distance', 'Breath Rate Variability (BRV) - A novel measure to study the meditation effects', 'Vibrotactile Sensitivity Threshold: Nonlinear Stochastic Mechanotransduction Model of Pacinian Corpuscle', 'Physically realistic virtual surgery using the point-associated finite field (PAFF) approach', 'Haptic Feedback in Needle Insertion Modeling and Simulation: Review', 'Multiscale Layered Biomechanical Model of Pacinian Corpuscle', 'Force JND for Right Index Finger using Contra-Lateral Force Matching Paradigm', 'Changes in Two Point Discrimination and the law of mobility in Diabetes Mellitus patients', 'DC motor damping: A strategy to increase passive stiffness of haptic devices']"
Dr. Senthilnathan Jaganathan,"EWRE Division, Department of Civil Engineering, IIT Madras",,2593,https://scholar.google.com/citations?hl=en&user=t4PcfHAAAAAJ,25,32,"['Carbon nanomaterials', 'Photocatalytic degradation of lindane under UV and visible light using N-doped TiO2', 'Role of peroxide ions in formation of graphene nanosheets by electrochemical exfoliation of graphite', 'Ferrocene functionalized graphene based electrode for the electro− Fenton oxidation of ciprofloxacin', 'Emerging perspectives on VOC emissions from landfill sites: Impact on tropospheric chemistry and local air quality', 'Soft processing of graphene nanosheets by glycine‐bisulfate ionic‐complex‐assisted electrochemical exfoliation of graphite for reduction catalysis', 'An innate quinone functionalized electrochemically exfoliated graphene/Fe3O4 composite electrode for the continuous generation of reactive oxygen species', 'Nanocatalysts in Fenton based advanced oxidation process for water and wastewater treatment', 'Application of the phycoremediation process for tertiary treatment of landfill leachate and carbon dioxide mitigation', 'Photodegradation of methyl parathion and dichlorvos from drinking water with N-doped TiO2 under solar radiation']"
Babji Srinivasan,Indian Institute of Technology Madras,"Human-In-The-Loop Cyber Physical Systems, AI & ML, Behavioral Informatics, Control Systems",2568,https://scholar.google.com/citations?hl=en&user=VZg52LwAAAAJ,29,48,"['Measuring smart grid resilience: Methods, challenges and opportunities', 'Selective transformations between nanoparticle superlattices via the reprogramming of DNA-mediated interactions', 'Quantifying situation awareness of control room operators using eye-gaze behavior', 'Eye gaze movement studies of control room operators: A novel approach to improve process safety', 'Control loop performance assessment using detrended fluctuation analysis (DFA)', 'Designing DNA-grafted particles that self-assemble into desired crystalline structures using the genetic algorithm', ""Dynamic assessment of control room operator's cognitive workload using Electroencephalography (EEG)"", 'Data-driven approaches for diagnosis of incipient faults in DC motors', 'Automatic oscillation detection and characterization in closed-loop systems', 'Pupillometry based real-time monitoring of operator’s cognitive workload to prevent human error during abnormal situations']"
M Singaperumal,"Professor Emeritus (Retired), Indian Institute of Technology Madras","Fluid Power, Mechatronics, System Simulation, Bond Graph, Amesim",2542,https://scholar.google.com/citations?hl=en&user=7k5UqAUAAAAJ,25,50,"['Critical review of current trends in shape memory alloy actuators for intelligent robots', 'Design, analysis and simulation of magnetostrictive actuator and its application to high dynamic servo valve', 'Review on electro hydrostatic actuator for flight control', 'Characterization of surface topography by confocal microscopy: I. Principles and the measurement system', 'Numerical generation of anisotropic 3D non-Gaussian engineering surfaces with specified 3D surface roughness parameters', 'Recent advances in nonlinear control technologies for shape memory alloy actuators', 'Mathematical modelling and experimental characterization of a high dynamic servo valve integrated with piezoelectric actuator', 'Theoretical investigations on the effect of system parameters in series hydraulic hybrid system with hydrostatic regenerative braking', 'Generation and characterization of copper nanoparticles using micro-electrical discharge machining', 'Characterization of surface topography by confocal microscopy: II. The micro and macro surface irregularities']"
Solomon Benjamin,"IIT Madras, Humanities and Social Sciences Department","Urbanization, India, Land, Urban Economics, Urban Politics",2541,https://scholar.google.com/citations?hl=en&user=La3b9WsAAAAJ,21,30,"['Occupancy urbanism: Radicalizing politics and economy beyond policy and programs', 'Governance, economic settings and poverty in Bangalore', 'Urban land transformation for pro-poor economies', 'Bhoomi:‘E–governance’, or, an anti–politics machine necessary to globalize Bangalore?', 'Democracy, inclusive governance and poverty in Bangalore', 'Illegible claims, legal titles, and the worlding of Bangalore', 'Touts, pirates and ghosts', 'Occupancy Urbanism: Ten Theses', 'Urban futures of poor groups in Chennai and Bangalore: How these are shaped by the relationships between parastatals and local bodies', 'What is the evidence on top-down and bottom-up approaches in improving access to water, sanitation and electricity services in low-income or informal settlements']"
Surender Singh,"Associate Professor, Indian Institute of Technology Madras, IIT Madras, Chennai","Concrete Pavements, Pavement Recycling, Construction and Demolition Waste, Roller Compacted Concrete",2535,https://scholar.google.com/citations?hl=en&user=3yGdfzcAAAAJ,29,38,"['Feasibility of roller compacted concrete pavement containing different fractions of reclaimed asphalt pavement', 'An economical processing technique to improve RAP inclusive concrete properties', 'Utilization of industrial and agricultural wastes for productions of sustainable roller compacted concrete pavement mixes containing reclaimed asphalt pavement aggregates', 'Utilization of reclaimed asphalt pavement aggregates containing waste from Sugarcane Mill for production of concrete mixes', 'Effect of mineral admixtures on fresh, mechanical and durability properties of RAP inclusive concrete', 'Feasibility study of RAP aggregates in cement concrete pavements', 'Can flexible pavements’ waste (RAP) be utilized in cement concrete pavements?–A critical review', 'Laboratory investigation of RAP aggregates for dry lean concrete mixes', 'Laboratory investigation on the fresh, mechanical, and durability properties of roller compacted concrete pavement containing reclaimed asphalt pavement aggregates', 'Effect of long-term ageing on properties of RAP inclusive WMA mixes']"
Hariharan Krishnaswamy,"Professor, Mech.Engg, IIT Madras","sheet metal, fatigue",2528,https://scholar.google.com/citations?hl=en&user=TIVwUlAAAAAJ,29,68,"['Electric current–assisted deformation behavior of Al-Mg-Si alloy under uniaxial tension', 'Electroplastic behaviour in an aluminium alloy and dislocation density based modelling', 'Stress relaxation and its effect on tensile deformation of steels', 'Decoupling thermal and electrical effect in an electrically assisted uniaxial tensile test using finite element analysis', 'Time dependent ductility improvement of stainless steel SS 316 using stress relaxation', 'Dislocation density based constitutive model for ultrasonic assisted deformation', 'High temperature deformation behavior of Mg-5wt.% Y binary alloy: Constitutive analysis and processing maps', 'Development of combined groove pressing and rolling to produce ultra-fine grained Al alloys and comparison with cryorolling', 'Dislocation density based modelling of electrically assisted deformation process by finite element approach', 'Microstructure dependent electroplastic effect in AA 6063 alloy and its nanocomposites']"
V. Radhakrishnan,Formerly with IIT Madras as Professor,… finish grinding stylus ultrasonic hardness e …,2523,https://scholar.google.com/citations?hl=en&user=v4G8UEIAAAAJ,23,61,"['Analysis of process parameters in surface grinding with graphite as lubricant based on the Taguchi method', 'Evaluation of surface roughness by vision system', 'An investigation on surface grinding using graphite as lubricant', 'Effect of stylus radius on the roughness values measured with tracing stylus instruments', 'An experimental investigation on the basic mechanisms involved in ultrasonic machining', 'An investigation on solid lubricant moulded grinding wheels', 'Investigations on laser dressing of grinding wheels—part I: preliminary study', 'Investigations on laser dressing of grinding wheels—part II: grinding performance of a laser dressed aluminum oxide wheel', 'Fine finishing of internal surfaces using elastic abrasives', 'Analysis and synthesis of surface profiles using Fourier series']"
Balkrishna C Rao,"Professor, IIT Madras, Institute of Machine Design and Tribology (IMKT), Leibniz University …","Additive-Manufacturing, Sustainable-Manufacturing, Frugal-Design & Frugal-Engineering (https:/",2520,https://scholar.google.com/citations?hl=en&user=yaby15EAAAAJ,22,38,"['How disruptive is frugal?', 'Analysis on high-speed face-milling of 7075-T6 aluminum using carbide and diamond cutters', 'An experimental and numerical study on the face milling of Ti–6Al–4V alloy: Tool performance and surface integrity', 'A comprehensive dynamic cutting force model for chatter prediction in turning', 'Severe plastic deformation (SPD) of titanium at near-ambient temperature', 'Large strain deformation and ultra-fine grained materials by machining', 'Severe plastic deformation (SPD) and nanostructured materials by machining', 'Advances in science and technology through frugality', 'On the performance of modified Zerilli-Armstrong constitutive model in simulating the metal-cutting process', 'Friction and wear of nanostructured metals created by large strain extrusion machining']"
Sheetal Kalyani,"Professor, Electrical Engineering, IIT Madras","statistical learning theory and robust statistics, special functions, 6G communications, deep learning, extreme value theory",2509,https://scholar.google.com/citations?hl=en&user=NFyY2QIAAAAJ,28,63,"['Backpropagating through the air: Deep learning at physical layer without channel models', 'Taming non-stationary bandits: A Bayesian approach', 'Spectrum access in cognitive radio using a two-stage reinforcement learning approach', 'Statistics-based baseline-free approach for rapid inspection of delamination in composite structures using ultrasonic guided waves', 'Outlier analysis for defect detection using sparse sampling in guided wave structural health monitoring', 'Intelligent reflecting surface assisted beam index-modulation for millimeter wave communication', 'Cognitive interference management in heterogeneous femto-macro cell networks', 'Performance Analysis of Cooperative Spectrum Sensing OverShadowed Fading', 'Deep reinforcement learning based blind mmWave MIMO beam alignment', 'Secrecy Capacity of   Shadowed Fading Channels']"
Dhiman Chatterjee,"Indian Institute Technolgy Madras, Indian Institute of Science, University of Delaware","bubble, cavitation, micropump, turbine, turbulence",2501,https://scholar.google.com/citations?hl=en&user=RDwsv2cAAAAJ,25,46,"['Characterization of ultrasound contrast microbubbles using in vitro experiments and viscous and viscoelastic interface models for encapsulation', 'A Newtonian rheological model for the interface of microbubble contrast agents', 'Material characterization of the encapsulation of an ultrasound contrast microbubble and its subharmonic response: Strain-softening interfacial elasticity model', 'Study on the characteristics of hydrogen bubble formation and its transport during electrolysis of water', 'Influence of duct geometry on the performance of Darrieus hydroturbine', 'Numerical prediction of the performance of radial inflow turbine designed for ocean thermal energy conversion system', 'Ultrasound-mediated destruction of contrast microbubbles used for medical imaging and drug delivery', 'On the suitability of broadband attenuation measurement for characterizing contrast microbubbles', 'Experimental characterization of silt erosion of 16Cr–5Ni steels and prediction using artificial neural network', 'Erosion characteristics of nanoparticle-reinforced polyurethane coatings on stainless steel substrate']"
G Markandeyulu,"Professor of Physics, Indian Institute of Technology Madras","Magnetic Materials, Solid State Physics",2497,https://scholar.google.com/citations?hl=en&user=Jpz9wD8AAAAJ,27,57,"['Structural, magnetic, electrical, and magnetoelectric properties of Sm-and Ho-substituted nickel ferrites', 'Magnetoelectric properties of Gd and Nd-doped nickel ferrite', 'Effect of Al, Cu, Ga, and Nb additions on the magnetic properties and microstructural features of sintered NdFeB', 'Magnetocapacitance in Dy-doped Ni ferrite', 'Impedance spectroscopic characterization of Sm and Ho doped Ni ferrites', 'Mössbauer studies and enhanced electrical properties of R (R= Sm, Gd and Dy) doped Ni ferrite', 'Effect of Co, Dy and Ga on the magnetic properties and the microstructure of powder metallurgically processed Nd–Fe–B magnets', 'Novel rare-earth and transition metal-based entropy stabilized oxides with spinel structure', 'Structural, magnetic and transport properties of half-metallic ferrimagnet Mn2VGa', 'First-Principles Calculation and Experimental Investigations on Full-Heusler Alloy CoFeGe']"
Saumendra Bajpai,"Assistant Professor, IIT Madras",Physics of Cancer,2495,https://scholar.google.com/citations?hl=en&user=dPtv4xQAAAAJ,14,17,"['Hypoxia-inducible factor 1 (HIF-1) promotes extracellular matrix remodeling under hypoxic conditions by inducing P4HA1, P4HA2, and PLOD2 expression in fibroblasts', 'Arterial stiffening precedes systolic hypertension in diet-induced obesity', 'RETRACTED: Collagen prolyl hydroxylases are essential for breast cancer metastasis', 'Procollagen lysyl hydroxylase 2 is essential for hypoxia-induced breast cancer metastasis', 'The distinct roles of the nucleus and nucleus-cytoskeleton connections in three-dimensional cell migration', 'The Arp2/3 complex mediates multigeneration dendritic protrusions for efficient 3-dimensional cancer cell migration', 'α-Catenin mediates initial E-cadherin-dependent cell–cell recognition and subsequent bond strengthening', 'Loss of α-catenin decreases the strength of single E-cadherin bonds between human cancer cells', 'Investigation of magnetoelectric properties and biocompatibility of CoFe2O4-BaTiO3 core-shell nanoparticles for biomedical applications', 'Measurement of viscoelastic properties of the cellular cytoplasm using optically trapped brownian probes']"
Arvind Pattamatta,Professor at the Indian Institute of Technology Madras,"Thermal sciences, cooling techniques, micro and nano scale heat transfer",2484,https://scholar.google.com/citations?hl=en&user=fFfT9ZMAAAAJ,29,69,"['A comparative study of flow regimes and thermal performance between flat plate pulsating heat pipe and capillary tube pulsating heat pipe', 'Effect of flow maldistribution on the thermal performance of parallel microchannel cooling systems', 'Scaling analysis for the investigation of slip mechanisms in nanofluids', 'Fundamentals and applications of surface wetting', 'Three-objective shape optimization and parametric study of a micro-channel heat sink with discrete non-uniform heat flux boundary conditions', 'The role of percolation and sheet dynamics during heat conduction in poly-dispersed graphene nanofluids', 'Superior dielectric breakdown strength of graphene and carbon nanotube infused nano-oils', 'Modeling heat transfer in Bi2Te3–Sb2Te3 nanostructures', 'Investigation on flow maldistribution in parallel microchannel systems for integrated microelectronic device cooling', 'An experimental investigation into the spread and heat transfer dynamics of a train of two concentric impinging droplets over a heated surface']"
Prahallad Padhan,"Professor, IIT Madras",Interface physics : Artificial materials and …,2467,https://scholar.google.com/citations?hl=en&user=xyV4hUsAAAAJ,27,45,"['A facile thermolysis route to monodisperse ferrite nanocrystals', 'Formation Mechanism and Shape Control of Monodisperse Magnetic CoFe2O4 Nanocrystals', 'Dielectric relaxation and magnetodielectric response in epitaxial thin films of La2NiMnO6', 'Laser induced structural phase transformation of cobalt oxides nanostructures', 'Electronic structure and optical band gap of CoFe2O4 thin films', 'Current switching effects induced by electric and magnetic fields in Sr-substituted  films', 'Frequency-dependent magnetoresistance and magnetocapacitance properties of magnetic tunnel junctions with MgO tunnel barrier', 'Temperature-dependent Raman study of multiferroic  thin films', 'Enhanced magnetoresistance in ferromagnetic Pr0. 85Ca0. 15MnO3∕ ferroelectric Ba0. 6Sr0. 4TiO3 superlattice films', 'Magnetocaloric effect and improved relative cooling power in (La0.7Sr0.3MnO3/SrRuO3) superlattices']"
Dr. Ratna Kumar Annabattula,"Department of Mechanical Engineering, Indian Institute of Technology Madras","Stimuli-Responsinve Systems, Mechanics of Materials, Granular Mechanics, Coupled Problems in Mechanics",2447,https://scholar.google.com/citations?hl=en&user=5oiU2GsAAAAJ,26,59,"['Phase field modelling of crack propagation in functionally graded materials', 'Adaptive phase-field modeling of brittle fracture using the scaled boundary finite element method', 'Adaptive phase field method for quasi-static brittle fracture using a recovery based error indicator and quadtree decomposition', 'Modeling crack propagation in variable stiffness composite laminates using the phase field method', 'A FEniCS implementation of the phase field method for quasi-static brittle fracture', 'Design and applications of light responsive liquid crystal polymer thin films', 'Light‐Driven Continual Oscillatory Rocking of a Polymer Film', 'Status of ceramic breeder pebble bed thermo-mechanics R&D and impact on breeder material mechanical strength', 'Wrinkled-up nanochannel networks: long-range ordering, scalability, and X-ray investigation', 'Phase change material thermal energy storage design of packed bed units']"
Keerthi Ram,"Lead engineer, HTIC, IIT Madras","retinal image analysis, medical image processing",2429,https://scholar.google.com/citations?hl=en&user=IUk8C0MAAAAJ,21,33,"['Brain-wide maps reveal stereotyped cell-type-based cortical architecture and subcortical sexual dimorphism', 'Psi-Net: Shape and boundary aware joint multi-task deep network for medical image segmentation', 'A successive clutter-rejection-based approach for early detection of diabetic retinopathy', 'Joint optic disc and cup segmentation using fully convolutional and adversarial networks', 'Ecgnet: Deep network for arrhythmia classification', 'Fully convolutional networks for monocular retinal depth estimation and optic disc-cup segmentation', 'A high-throughput neurohistological pipeline for brain-wide mesoscale connectivity mapping of the common marmoset', 'RespNet: A deep learning model for extraction of respiration from photoplethysmogram', 'Early detection of retinopathy of prematurity stage using deep learning approach', 'Semantic segmentation of microscopic neuroanatomical data by combining topological priors with encoder–decoder deep networks']"
Balaji Srinivasan,"Professor, Mechanical Engineering, Wadhwani School of AI, IIT Madras","Computational Fluid Dynamics, Turbulence, Hyperbolic Conservation Laws, Scientific Computing",2417,https://scholar.google.com/citations?hl=en&user=VVo2n5sAAAAJ,21,45,"['Physics informed extreme learning machine (pielm)–a rapid method for the numerical solution of partial differential equations', 'A generalized deep learning framework for whole-slide image segmentation and analysis', 'Recent trends in computation of turbulent jet impingement heat transfer', 'Distributed learning machines for solving forward and inverse problems in partial differential equations', 'Comparison of various integration to wall (ITW) RANS models for predicting turbulent slot jet impingement heat transfer', 'An improved gas-kinetic BGK finite-volume method for three-dimensional transonic flow', 'Distributed physics informed neural network for data-efficient solution to partial differential equations', 'Solving inverse heat transfer problems without surrogate models: a fast, data-sparse, physics informed neural network approach', 'Heat transfer engineering: fundamentals and techniques', 'An adaptive mesh strategy for singularly perturbed convection diffusion problems']"
G. Venkatarathnam,Indian Institute of Technology Madras,"cryogenic and Refrigeration process, Refrigerant mixtures, Cryogenic Engg., Heat Exchangers, Phase",2410,https://scholar.google.com/citations?hl=en&user=VQvQUi8AAAAJ,25,50,"['Cryogenic mixed refrigerant processes', 'Occurrence of pinch points in condensers and evaporators for zeotropic refrigerant mixtures', 'A review of refrigeration methods in the temperature range 4–300 K', 'Influence of surface evaporation on stratification in liquid hydrogen tanks of different aspect ratios', 'Matrix heat exchangers and their application in cryogenic systems', 'Effect of mixture composition on the formation of pinch points in condensers and evaporators for zeotropic refrigerant mixtures: Influence des compositions de mélanges\xa0…', 'Performance of a counterflow heat exchanger with heat loss through the wall at the cold end', 'A method for estimating the composition of the mixture to be charged to get the desired composition in circulation in a single stage JT refrigerator operating with mixtures', 'Refrigerants for vapour compression refrigeration systems', 'Comparison of performance of a vapor absorption refrigeration system operating with some hydrofluorocarbons and hydrofluoroolefins as refrigerants along with ionic liquid [hmim\xa0…']"
Santanu Sarkar,"Professor, IIT Madras","Cryptology, Computational Number Theory",2409,https://scholar.google.com/citations?hl=en&user=yIZ9xYIAAAAJ,27,76,"['A differential fault attack on the grain family of stream ciphers', 'Differential Fault Attack against Grain family with very few faults and minimal assumptions', '(Non-) Random Sequences from (Non-) Random Permutations—Analysis of RC4 Stream Cipher', 'Improved analysis for reduced round Salsa and Chacha', 'Small secret exponent attack on RSA variant with modulus N= p^ rq', 'Revisiting Wiener’s attack–new weak keys in RSA', 'A differential fault attack on the grain family under reasonable assumptions', 'Key Recovery from State Information of Sprout: Application to Cryptanalysis and Fault Attack.', 'Revamped Differential-Linear Cryptanalysis on Reduced Round ChaCha', 'A chosen IV related key attack on Grain-128a']"
Mani A,"Professor of Mechanical Engineering, Indian Institute of Technology","absorption refrigeration, jet refrigeration, desalination, heat and mass transfer",2402,https://scholar.google.com/citations?hl=en&user=ugb-RSQAAAAJ,25,50,"['Performance comparison of vapour jet refrigeration system with environment friendly working fluids', 'Experimental investigation on R134a vapour ejector refrigeration system', 'Analysis of an ejector with environment friendly refrigerants', 'Analysis of a vapour ejector refrigeration system with environment friendly refrigerants', 'Experimental investigations on ejector refrigeration system with ammonia', 'Heat transfer characteristics in horizontal tube bundles for falling film evaporation in multi-effect desalination system', 'Experimental investigations on a two-phase jet pump used in desalination systems', 'Analysis of a jet-pump-assisted vacuum desalination system using power plant waste heat', 'Experimental studies on an ammonia ejector refrigeration system', 'Falling film thickness measurement using air-coupled ultrasonic transducer']"
Titas Chanda,"Assistant Professor, Indian Institute of Technology Madras, India","Quantum Information, Condensed Matter Theory, Quantum Simulations, Ultra-cold Atoms, Tensor Networks",2388,https://scholar.google.com/citations?hl=en&user=bLe2znoAAAAJ,23,37,"['Enhancement in the performance of a quantum battery by ordered and disordered interactions', 'Cold atoms meet lattice gauge theory', 'Fast charging of a quantum battery assisted by noise', 'Many-Body Magic Via Pauli-Markov Chains—From Criticality to Gauge Theories', 'Quantifying nonstabilizerness through entanglement spectrum flatness', 'Confinement and lack of thermalization after quenches in the bosonic Schwinger model', 'Delineating incoherent non-Markovian dynamics using quantum coherence', 'Time dynamics with matrix product states: Many-body localization transition of large systems revisited', 'The separability versus entanglement problem', 'Finite-size scaling analysis of the many-body localization transition in quasiperiodic spin chains']"
"Vidya Kishore, PhD","CTO, CIL Centre for Sustainable Energy, IIT Madras I Former- Oak Ridge National …","Large Area Additive Manufacturing, Polymers & Composites, Sustainable Energy Technologies",2366,https://scholar.google.com/citations?hl=en&user=Q_TgQzAAAAAJ,22,26,"['What makes a material printable? A viscoelastic model for extrusion-based 3D printing of polymers', 'Infrared preheating to improve interlayer strength of big area additive manufacturing (BAAM) components', 'Recycling of natural fiber composites: Challenges and opportunities', 'Material extrusion additive manufacturing of wood and lignocellulosic filled composites', 'Determination of melt processing conditions for high performance amorphous thermoplastics for large format additive manufacturing', 'Additive manufacturing of high performance semicrystalline thermoplastics and their composites', 'High-performance molded composites using additively manufactured preforms with controlled fiber and pore morphology', 'The influence of dynamic rheological properties on carbon fiber-reinforced polyetherimide for large-scale extrusion-based additive manufacturing', 'Rheological survey of carbon fiber-reinforced high-temperature thermoplastics for big area additive manufacturing tooling applications', 'Controlling substrate temperature with infrared heating to improve mechanical properties of large-scale printed parts']"
Dr. Giridhar K,"Professor of Electrical Engineering, Indian Institute of Technology Madras","Digital Communications, Wireless Systems, Adaptive Signal Processing",2360,https://scholar.google.com/citations?hl=en&user=WAZimrsAAAAJ,25,55,"['Improving channel estimation in OFDM systems for sparse multipath channels', 'Nonlinear techniques for the joint estimation of cochannel signals', 'Bayesian algorithms for blind equalization using parallel adaptive filtering', 'Single snapshot spatial smoothing with improved effective array aperture', 'Robust timing synchronization for OFDM based wireless LAN system', 'Performance enhancement of space-time trellis codes when encountering AWGN and Ricean channels', 'Precoding for single transmission streams in multiple antenna systems', 'Joint estimation algorithms for cochannel signal demodulation', 'Joint demodulation of cochannel signals using MLSE and MAPSD algorithms', 'Exploiting hopping pilots for parametric channel estimation in OFDM systems']"
Krishna Kumar Ramarathnam,Indian Institute of Technology Madras,"Automobile tires, cardiac mechanics, tire mechanics",2354,https://scholar.google.com/citations?hl=en&user=Z5Ef3aMAAAAJ,28,53,"['Dynamic analysis of the aortic valve using a finite element model', 'Finite element analysis of a subtrochanteric fractured femur with dynamic hip screw, dynamic condylar screw, and proximal femur nail implants—a comparative study', 'Investigation of fatigue crack growth characteristics of NR/BR blend based tyre tread compounds', 'A comparative evaluation of the theoretical failure criteria for workability in cold forging', 'A comparison of various algorithms to extract Magic Formula tyre model coefficients for vehicle dynamics simulations', 'Settlement of reinforced sand in foundations', 'Decision fusion-based fetal ultrasound image plane classification using convolutional neural networks', 'Further insights into normal aortic valve function: role of a compliant aortic root on leaflet opening and valve orifice area', 'Simultaneous optimization of flame spraying process parameters for high quality molybdenum coatings using Taguchi methods', 'Influence of lumen shape and vessel geometry on plaque stresses: possible role in the increased vulnerability of a remodelled vessel and the “shoulder” of a plaque']"
Sukhendu Das,"Professor of Computer Science and Engg., IIT Madras, Chennai, India","Computer Vision, Pattern Recognition, Computer Graphics",2344,https://scholar.google.com/citations?hl=en&user=nqDmEHUAAAAJ,22,50,"['A survey of decision fusion and feature fusion strategies for pattern classification', 'Use of salient features for the design of a multistage framework to extract roads from high-resolution multispectral satellite images', 'Real-time upper-body human pose estimation using a depth camera', 'See the sound, hear the pixels', 'Temporal Coherency based Criteria for Predicting Video Frames using Deep Multi-stage Generative Adversarial Networks', 'Rv-gan: Recurrent gan for unconditional video generation', 'Indoor versus outdoor scene classification using probabilistic neural network', 'Where to look?: Mining complementary image regions for weakly supervised object localization', 'What’s there in the dark', 'Mutual variation of information on transfer-CNN for face recognition with degraded probe samples']"
Nandigana Vishal,"Associate Professor, ME Department, IIT Madras","micro nanofluidics, nanopore measurement, Area Average model, electrochemical characterization",2344,https://scholar.google.com/citations?hl=en&user=duGIdGEAAAAJ,11,14,"['Single-layer MoS2 nanopores as nanopower generators', '2D materials as an emerging platform for nanopore-based power generation', 'Mechanisms for hydrolysis of silicon nanomembranes as used in bioresorbable electronics', 'Experimental study on forced convective heat transfer with low volume fraction of CuO/water nanofluid', 'Evaluation of the significant renewable energy resources in India using Analytical Hierarchy Process', 'Understanding anomalous current–voltage characteristics in microchannel–nanochannel interconnect devices', 'Asymmetric-fluidic-reservoirs induced high rectification nanofluidic diode', 'Controlling the ionic current rectification factor of a nanofluidic/microfluidic interface with symmetric nanocapillary interconnects', 'Characterization of electrochemical properties of a micro–nanochannel integrated system using computational impedance spectroscopy (CIS)', 'Convolutional neural networks for heat conduction']"
Aslam Kunhi Mohamed,IIT Madras,"Computational Materials Science, Molecular Modeling, Building Materials",2338,https://scholar.google.com/citations?hl=en&user=GmEhLhEAAAAJ,14,15,"['Advances in understanding cement hydration mechanisms', 'The atomic-level structure of cementitious calcium silicate hydrate', 'cemff: A force field database for cementitious materials including validations, applications and opportunities', 'The atomic-level structure of cementitious calcium aluminate silicate hydrate', 'An atomistic building block description of CSH-Towards a realistic CSH model', 'Advances in hydration and thermodynamics of cementitious systems', 'Atomic-level and surface structure of calcium silicate hydrate nanofoils', 'Atomic-level structure of zinc-modified cementitious calcium silicate hydrate', 'Molecular modeling of chemical admixtures; opportunities and challenges', 'Atomistic simulations of silicate species interaction with portlandite surfaces']"
Shaligram Tiwari,Indian Institute of Technology Madras,"Fluid mechanics, heat transfer, vortex dynamics, non-linear dynamics",2331,https://scholar.google.com/citations?hl=en&user=u6HI-qsAAAAJ,29,64,"['Heat transfer enhancement in cross-flow heat exchangers using oval tubes and multiple delta winglets', 'Effect of blockage ratio on wake transition for flow past square cylinder', 'Numerical prediction of flow and heat transfer in a channel in the presence of a built-in circular tube with and without an integral wake splitter', 'Numerical investigations on heat transfer characteristics of curved rectangular winglet placed in a channel', 'Effect of skewness on flow and heat transfer characteristics of a wavy channel', 'Heat transfer characteristics of sinusoidal wavy channel with secondary corrugations', 'Influence of flow and thermal characteristics on thermal comfort inside an automobile cabin under the effect of solar radiation', 'Effect of winglet location on performance of fin-tube heat exchangers with inline tube arrangement', 'Performance characterisation of liquid desiccant columns for a hybrid air-conditioner', 'Thermal performance analysis of fin-tube heat exchanger with staggered tube arrangement in presence of rectangular winglet pairs']"
Raghuram Chetty,Indian Institute of Technology Madras,"Fuel cells, electrocatalyst, photocatalysis, carbon dioxide sequestration, wastewater treatment.",2325,https://scholar.google.com/citations?hl=en&user=1vNsdnAAAAAJ,26,52,"['PtRu nanoparticles supported on nitrogen-doped multiwalled carbon nanotubes as catalyst for methanol electrooxidation', 'Effect of crystal structure and grain size on corrosion properties of AlCoCrFeNi high entropy alloy', 'Effect of reduction temperature on the preparation and characterization of Pt− Ru nanoparticles on multiwalled carbon nanotubes', 'Effect of ZnO morphology on GO-ZnO modified polyamide reverse osmosis membranes for desalination', 'Morphological effect of ZnO nanostructures on desalination performance and antibacterial activity of thin-film nanocomposite (TFN) membrane', 'Electrochemical reduction of carbon dioxide on zinc-modified copper electrodes', 'Direct ethanol fuel cells with catalysed metal mesh anodes', 'Effect of pyrolysis temperature on cobalt phthalocyanine supported on carbon nanotubes for oxygen reduction reaction', 'Recent advances in electrocatalysts, mechanism, and cell architecture for direct formic acid fuel cells', 'Electrochemical reduction of CO2 on electrodeposited Cu electrodes crystalline phase sensitivity on selectivity']"
Amal Kanti Bera,Indian Institute of Technology Madras,"Neuroscience, Ion Channel, Electrophysiology, Pannexin, LRRC8",2319,https://scholar.google.com/citations?hl=en&user=CCXWPFgAAAAJ,29,49,"['SLC7A11/xCT is a target of miR-5096 and its restoration partially rescues miR-5096-mediated ferroptosis and anti-tumor effects in human breast cancer cells', 'GABAA receptor M2–M3 loop secondary structure and changes in accessibility during channel gating', 'RGS proteins provide biochemical control of agonist-evoked [Ca2+] i oscillations', 'P2X7 Receptor–Pannexin 1 Hemichannel Association: Effect of Extracellular Calcium on Membrane Permeabilization', 'Mitochondrial VDAC can be phosphorylated by cyclic AMP-dependent protein kinase', 'Hopping-mediated anion transport through a mannitol-based rosette ion channel', 'Pannexins form gap junctions with electrophysiological and pharmacological properties distinct from connexins', 'Hemichannels: permeants and their effect on development, physiology and death', 'Heterologous Facilitation of G Protein-Activated K+ Channels by β-Adrenergic Stimulation via Camp-Dependent Protein Kinase', 'Natural compounds with anti-BACE1 activity as promising therapeutic drugs for treating Alzheimerʼs disease']"
