Name,Affiliation,Interests,Cited By,Profile URL,h-index,i10-index,Research Papers
Zillur Rahman,"Professor, Department of Management Studies, IIT Roorkee","Marketing, Consumer Behaviour, Services Marketing, Branding, New Technologies",27985,https://scholar.google.com/citations?hl=en&user=9nWkKXAAAAAJ,86,177,"['Factors Affecting Green Purchase Behaviour and Future Research Directions', 'Measuring Consumer Perception of Social Media Marketing Activities in E-Commerce Industry: Scale Development & Validation', 'The impact of online brand community characteristics on customer engagement: An application of Stimulus-Organism-Response paradigm', 'The Influence of Social Media Marketing Activities on Customer Loyalty: A Study of E-commerce Industry', 'Corporate sustainability performance and firm performance research: literature review and future research agenda', 'Consumer engagement in online brand communities: A solicitation of congruity theory', 'Customer engagement in the service context: An empirical investigation of the construct, its antecedents and consequences', 'An empirical investigation of relationship between total quality management practices and quality performance in Indian service companies', 'Analysis of interaction among the barriers to total quality management implementation using interpretive structural modeling approach', 'Consumers’ Sustainable Purchase Behaviour: Modelling the Impact of Psychological Factors']"
Ankit Jain,IIT Roorkee,"Optimization, Strategic Analysis",26363,https://scholar.google.com/citations?hl=en&user=jBNI1EUAAAAJ,52,225,"['Data clustering: 50 years beyond K-means', 'Experimental investigations and optimization of surface roughness in turning of en 36 alloy steel using response surface methodology and genetic algorithm', 'Clinical significance of histological classification of idiopathic interstitial pneumonia', 'Production scheduling/rescheduling in flexible manufacturing', '3d Printing: Basic principles and applications', 'Generating Images from Light Fields Utilizing Virtual Viewpoints', 'Simultaneous anterior decompression and posterior instrumentation of the tuberculous spine using an anterolateral extrapleural approach', 'Systems and methods for stereo imaging with camera arrays', 'Nine loci for ocular axial length identified through genome-wide association studies, including shared loci with refractive error', 'Multimodal biometric authentication methods: a COTS approach']"
Vimal Chandra srivastava,"Professor of Chemical Egineering, Indian Institute of Technology Roorkee, Roorkee","Separation Processes & Catalysis, Pollution Abatement, Desulfurization, CO2 Utilization & Alternative Fuels, Nanomaterials",24196,https://scholar.google.com/citations?hl=en&user=vXB9eOwAAAAJ,76,235,"['Adsorptive removal of phenol by bagasse fly ash and activated carbon: equilibrium, kinetics and thermodynamics', 'Removal of Orange-G and Methyl Violet dyes by adsorption onto bagasse fly ash—kinetic study and equilibrium isotherm analyses', 'Removal of congo red from aqueous solution by bagasse fly ash and activated carbon: kinetic study and equilibrium isotherm analyses', 'An evaluation of desulfurization technologies for sulfur removal from liquid fuels', 'Characterization of mesoporous rice husk ash (RHA) and adsorption kinetics of metal ions from aqueous solution onto RHA', 'Adsorptive removal of malachite green dye from aqueous solution by bagasse fly ash and activated carbon-kinetic study and equilibrium isotherm analyses', 'Kinetic and equilibrium isotherm studies for the adsorptive removal of Brilliant Green dye from aqueous solution by rice husk ash', 'Rice husk ash as an effective adsorbent: Evaluation of adsorptive characteristics for Indigo Carmine dye', 'Equilibrium modelling of single and binary adsorption of cadmium and nickel onto bagasse fly ash', 'Characterization and utilization of mesoporous fertilizer plant waste carbon for adsorptive removal of dyes from aqueous solution']"
RP Saini,"HRED, IIT Roorkee","Small Hydro Power, Solar Energy and Other Renewable Energy …",21234,https://scholar.google.com/citations?hl=en&user=InISv4QAAAAJ,76,179,"['A review on Integrated Renewable Energy System based power generation for stand-alone applications: Configurations, storage options, sizing methodologies and control', 'Social, economical and environmental impacts of renewable energy systems', 'Heat transfer and friction factor correlations for a solar air heater duct roughened artificially with multiple v-ribs', 'A review on planning, configurations, modeling and optimization techniques of hybrid renewable energy systems for off grid applications', 'Integrated renewable energy systems for off grid rural electrification of remote area', 'Study of cavitation in hydro turbines—A review', 'Development of correlations for Nusselt number and friction factor for solar air heater with roughened duct having arc-shaped wire as artificial roughness', 'Heat transfer and friction factor correlations for a duct having dimple-shape artificial roughness for solar air heaters', 'A review on packed bed solar energy storage systems', 'A review on hydropower plant models and control']"
Pradeep Kumar,"Professor, Mechanical & Industrial Engineering, IIT Roorkee","Nano/Micro Machining, Industry 4.0, Business Process Reengineering & Supply …, Quality and Reliability Engineerin",20964,https://scholar.google.com/citations?hl=en&user=sJy047QAAAAJ,79,288,"['Risk analysis in green supply chain using fuzzy AHP approach: a case study', 'Parametric optimization of powder mixed electrical discharge machining by response surface methodology', 'A goal programming model for paper recycling system', 'Systematic failure mode effect analysis (FMEA) using fuzzy linguistic modelling', ""Optimizing power consumption for CNC turned parts using response surface methodology and Taguchi's technique—A comparative analysis"", 'Technology and research developments in powder mixed electric discharge machining (PMEDM)', 'Effect of silicon powder mixed EDM on machining rate of AISI D2 die steel', 'Some studies on P91 steel and their weldments', 'Evaluating factors in implementation of successful green supply chain management using DEMATEL: a case study', 'Mitigate risks in perishable food supply chains: Learning from COVID-19']"
Mahendra Pal Sharma,"Professor ,Department of Hydro and Renewable Energy, IIT Roorkee, Uttarakhand, India","Renewable Energy, Bio energy, Water Quality Mapping, Conservation of lakes and rivers, Induction Generators",17604,https://scholar.google.com/citations?hl=en&user=P3RVZy4AAAAJ,60,182,"['Prospects of biodiesel production from vegetable oils in India', 'Social, economical and environmental impacts of renewable energy systems', 'Review of process parameters for biodiesel production from different feedstocks', 'Prospects of biodiesel from Jatropha in India: a review', 'Stability of biodiesel and its blends: a review', 'Integrated renewable energy systems for off grid rural electrification of remote area', 'A review on configurations, control and sizing methodologies of hybrid energy systems', 'Effect of particle size on biogas generation from biomass residues', 'Optimal allocation of combined DG and capacitor for real power loss minimization in distribution networks', 'Impact of alcohol on biodiesel production and properties']"
Sanjay Kumar,"Indian Institute of Technology Roorkee, India.","Condensed Matter Physics (Theory), Physics of Graphene and its multilayers",16976,https://scholar.google.com/citations?hl=en&user=vBH2TyEAAAAJ,43,150,"['The World Health Organization quality of life assessment (WHOQOL): position paper from the World Health Organization', 'Character and spatial distribution of OH/H2O on the surface of the Moon seen by M3 on Chandrayaan-1', 'Diagnostic performance of body mass index to identify obesity as defined by body adiposity in children and adolescents: a systematic review and meta‐analysis', 'International myeloma working group consensus statement and guidelines regarding the current role of imaging techniques in the diagnosis and monitoring of multiple Myeloma', 'Management of relapsed multiple myeloma: recommendations of the International Myeloma Working Group', 'Whole-exome sequencing of cell-free DNA and circulating tumor cells in multiple myeloma', 'ABT-737, an inhibitor of Bcl-2 family proteins, is a potent inducer of apoptosis in multiple myeloma cells', 'Pituitary apoplexy: retrospective review of 30 patients—is surgical intervention always necessary?', 'Prevalence of myeloma precursor state monoclonal gammopathy of undetermined significance in 12372 individuals 10–49 years old: a population-based study from the National Health\xa0…', 'Effect of thalidomide therapy on bone marrow angiogenesis in multiple myeloma']"
Dr. Surendra Kumar Mishra,"Professor (HAG), Dept. of Water Resources Development and Management, IIT Roorkee","Rainfall-runoff-sediment yield modelling, dam break analysis, water audit, EIA/EMP studies",15406,https://scholar.google.com/citations?hl=en&user=r8ps9gUAAAAJ,64,246,"['Soil conservation service curve number (SCS-CN) methodology', 'Physically based soil erosion and sediment yield models revisited', 'Comparison of infiltration models', 'Another look at SCS-CN method', 'SCS-CN-based modeling of sediment yield', 'Long‐term hydrological simulation based on the Soil Conservation Service curve number', 'Prioritizing erosion-prone area through morphometric analysis: an RS and GIS perspective', 'Soil erosion modeling of a Himalayan watershed using RS and GIS', 'Evaluation of the SCS-CN-based model incorporating antecedent moisture', 'An Improved IaS Relation Incorporating Antecedent Moisture in SCS-CN Methodology']"
B. Prasad,"Professor, Department of Chemical Engineering, Indian institute of Technology Roorkee …","Biomass energy, air and water pollution",14131,https://scholar.google.com/citations?hl=en&user=o-EDdTsAAAAJ,55,272,"['Adsorptive removal of phenol by bagasse fly ash and activated carbon: equilibrium, kinetics and thermodynamics', 'A focus to green synthesis of metal/metal based oxide nanoparticles: Various mechanisms and applications towards ecological approach', 'Advancement and challenges in MOSFET scaling', 'Electrochemical degradation of pulp and paper mill wastewater. Part 1. COD and color removal', 'Pretreatment of petrochemical wastewater by coagulation and flocculation and the sludge characteristics', 'Optimization of process parameters for acrylonitrile removal by a low-cost adsorbent using Box–Behnken design', 'Oil field effluent water treatment for safe disposal by electroflotation', 'Adsorptive removal of acrylonitrile by commercial grade activated carbon: Kinetics, equilibrium and thermodynamics', 'Global degradation kinetics of pine needles in air', 'Batch adsorption of zinc on tea factory waste']"
Rajendra Goyal,"Ex. Professor of Chemistry, IIT Roorkee","Sensors, electroanalytical chemistry",13847,https://scholar.google.com/citations?hl=en&user=k7K_xFEAAAAJ,56,182,"['Factors associated with death in critically ill patients with coronavirus disease 2019 in the US', 'Voltammetric biosensors for the determination of paracetamol at carbon nanotube modified pyrolytic graphite electrode', 'Conducting polymer-based electrochemical biosensors for neurotransmitters: A review', 'Fullerene-C60-modified electrode as a sensitive voltammetric sensor for detection of nandrolone—an anabolic steroid used in doping', 'AKI treated with renal replacement therapy in critically ill patients with COVID-19', 'Electrochemical Sensor for the Determination of Dopamine in Presence of High Concentration of Ascorbic Acid Using a Fullerene‐C60 Coated Gold Electrode', 'Differential pulse voltammetric determination of paracetamol at nanogold modified indium tin oxide electrode', 'Voltammetric determination of paracetamol at C60-modified glassy carbon electrode', 'A sensitive voltammetric sensor for determination of synthetic corticosteroid triamcinolone, abused for doping', 'Fullerene-C60-modified edge plane pyrolytic graphite electrode for the determination of dexamethasone in pharmaceutical formulations and human biological fluids']"
KRISHNA KUMAR GUPTA 24908014,INDIAN INSTITUTE OF  TECHNOLOGY ROORKEE,ENERGY STORAGE,13833,https://scholar.google.com/citations?hl=en&user=ZStDNXAAAAAJ,53,200,"['Antibacterial effect of human mesenchymal stem cells is mediated in part from secretion of the antimicrobial peptide LL-37', 'Allogeneic human mesenchymal stem cells for treatment of E. coli endotoxin-induced acute lung injury in the ex vivo perfused human lung', 'Potential of macroencapsulated PCM for thermal energy storage in buildings: A comprehensive review', 'Mesenchymal stem cells enhance survival and bacterial clearance in murine Escherichia coli pneumonia', 'Human mesenchymal stem cells reduce mortality and bacteremia in gram-negative sepsis in mice in part by enhancing the phagocytic activity of blood monocytes', 'Thermal performance of the building envelope integrated with phase change material for thermal energy storage: an updated review.', 'Potential of microencapsulated PCM for energy savings in buildings: A critical review', 'An experimental evaluation of thermal behavior of the building envelope using macroencapsulated PCM for energy savings', 'Synthesis, antibacterial and antiviral properties of curcumin bioconjugates bearing dipeptide, fatty acids and folic acid', 'Soil organic carbon and aggregation under poplar based agroforestry system in relation to tree age and soil type']"
Naseem Ahmed,"Professor, Department of Chemistry, IIT Roorkee","Organic Chemistry, Biomedical",13600,https://scholar.google.com/citations?hl=en&user=ov17FrkAAAAJ,50,342,"['Timing of surgery following SARS‐CoV‐2 infection: an international prospective cohort study', 'The outbreak of Coronavirus Disease 2019 (COVID-19)—An emerging global health threat', 'Increased oxidative stress and altered levels of antioxidants in asthma', 'COVID-19 digital contact tracing applications and techniques: A review post initial deployments', 'Synthesis and antibacterial and antifungal evaluation of some chalcone based sulfones and bisulfones', 'Voluntary tax compliance behavior of individual taxpayers in Pakistan', 'Application of TOPSIS method for decision making', 'TaBr5-catalyzed Biginelli reaction: one-pot synthesis of 3, 4-dihydropyrimidin-2-(1H)-ones/thiones under solvent-free conditions', 'Current smoking and prognosis after acute ST-segment elevation myocardial infarction: new pathophysiological insights', 'Magnetic field enhanced detection of heavy metals in soil using laser induced breakdown spectroscopy']"
Vinod K. Shahi,"CSIR-CSMCRI ...Bhavnagar (Gujarat), Present: Department of Polymer and Process …","Water, Fuel Cell, Membrane Science and Separation …",12836,https://scholar.google.com/citations?hl=en&user=sVDvwNUAAAAJ,58,179,"['Recent developments on ion-exchange membranes and electro-membrane processes', 'Membrane-based techniques for the separation and purification of proteins: An overview', 'Organic–inorganic nanocomposite polymer electrolyte membranes for fuel cell applications', 'Crosslinked chitosan/polyvinyl alcohol blend beads for removal and recovery of Cd (II) from wastewater', 'Polymer thin films embedded with metal nanoparticles for electrochemical biosensors applications', 'Preparation and characterization of mono-valent ion selective polypyrrole composite ion-exchange membranes', 'Organic− inorganic hybrid membrane: thermally stable cation-exchange membrane prepared by the sol− gel method', 'Preparation and electrochemical characterization of cation-and anion-exchange/polyaniline composite membranes', 'Membrane distillation using low-grade energy for desalination: A review', 'Sulfonated poly (ether ether ketone)/polyaniline composite proton-exchange membrane']"
Ashok Kumar Singh,"Professor, Department of Chemistry, Indian Institute of Technology Roorkee","Macrocyclic synthesis, chemical sensors",12812,https://scholar.google.com/citations?hl=en&user=4i56bO4AAAAJ,49,257,"['Thiazole Schiff base turn-on fluorescent chemosensor for Al3+ ion', 'Neutral carriers based polymeric membrane electrodes for selective determination of mercury (II)', 'A cobalt (II)-selective PVC membrane based on a Schiff base complex of N, N′-bis (salicylidene)-3, 4-diaminotoluene', 'A reversible fluorescence “off–on–off” sensor for sequential detection of aluminum and acetate/fluoride ions', 'Chromium (III) selective membrane sensors based on Schiff bases as chelating ionophores', 'Selective naked-eye detection of magnesium (II) ions using a coumarin-derived fluorescent probe', 'A cerium (III) selective polyvinyl chloride membrane sensor based on a Schiff base complex of N, N′-bis [2-(salicylideneamino) ethyl] ethane-1, 2-diamine', 'Schiff bases as cadmium (II) selective ionophores in polymeric membrane electrodes', 'Nano level detection of Cd (II) using poly (vinyl chloride) based membranes of Schiff bases', 'Design development and testing of a solar PV pump based drip system for orchards']"
Patit Paban Kundu,"Professor of Chemical Engineering, Indian Institute of Technology, Roorkee","Membrane Sc & Technology, Microbial Fuel Cell, DMFC, URFC, drug delivery",12394,https://scholar.google.com/citations?hl=en&user=0oUMSG0AAAAJ,60,221,"['Addition polymers from natural oils—A review', 'Condensation polymers from natural oils', 'pH-sensitive chitosan/alginate core-shell nanoparticles for efficient and safe oral insulin delivery', 'Acid catalysed cross-linking of poly vinyl alcohol (PVA) by glutaraldehyde: effect of crosslink density on the characteristics of PVA membranes used in single chambered\xa0…', 'Strategies for effective oral insulin delivery with modified chitosan nanoparticles: a review', 'A review on the synthesis of graft copolymers of chitosan and their potential applications', 'Alginate coated chitosan core-shell nanoparticles for efficient oral delivery of naringenin in diabetic animals—An in vitro and in vivo approach', 'pH sensitive N-succinyl chitosan grafted polyacrylamide hydrogel for oral insulin delivery', 'Biocatalysts in microbial fuel cells', 'Preparation, characterization and in vivo evaluation of pH sensitive, safe quercetin-succinylated chitosan-alginate core-shell-corona nanoparticle for diabetes treatment']"
Sharad K Jain,"Visiting Professor, Civil Engg., Indian Institute of Technology, Gandhinagar, Ex -IIT Roorkee …","Hydrology, Water resources, water governance, impact of climate change, environment",12313,https://scholar.google.com/citations?hl=en&user=269avwoAAAAJ,49,117,"['Analysis of long-term rainfall trends in India', 'Trend analysis of rainfall and temperature data for India', 'Hydrology and Water Resources of India', 'Analysis of rainfall and temperature trends in northeast India', 'Application of ANN for reservoir inflow prediction and operation', 'Water resources systems planning and management', 'A Brief review of flood forecasting techniques and their applications', 'Development of integrated sediment rating curves using ANNs', 'Rainfall‐runoff modelling using artificial neural networks: Comparison of network types', 'Basin perspectives on the water–energy–food security nexus']"
Debrupa Lahiri,"Professor, Metallurgical and Materials Engineering, IIT Roorkee","Biomaterials, Nano-mechanics, Composites and Nanomaterials for Structural …",11880,https://scholar.google.com/citations?hl=en&user=3dz-GbMAAAAJ,55,132,"['Carbon nanotube reinforced metal matrix composites‐a review', 'Graphene reinforced metal and ceramic matrix composites: a review', 'Carbon Nanotubes: Reinforced Metal Matrix Composites', 'Synthesis and properties of bulk graphene nanoplatelets consolidated by spark plasma sintering', 'Boron nitride nanotube reinforced polylactide–polycaprolactone copolymer composite: Mechanical properties and cytocompatibility with osteoblasts and macrophages in vitro', 'Strengthening mechanism in graphene nanoplatelets reinforced aluminum composite fabricated through spark plasma sintering', 'Boron nitride nanotube reinforced hydroxyapatite composite: mechanical and tribological performance and in-vitro biocompatibility to osteoblasts', 'Carbon nanotube toughened hydroxyapatite by spark plasma sintering: Microstructural evolution and multiscale tribological properties', 'Carbon nanotube reinforced hydroxyapatite composite for orthopedic application: A review', 'Tensile properties of carbon nanotube reinforced aluminum nanocomposite fabricated by plasma spray forming']"
Millie Pant,"Professor, mathematics and computer, Indian Institute of Technology, Roorkee","Numerical Optimization, Evolutionary Algorithms, Swarm Intelligence Techniques",11832,https://scholar.google.com/citations?hl=en&user=VEAXM8IAAAAJ,48,185,"['Differential Evolution: A review of more than two decades of research', 'A comprehensive review on NSGA-II for multi-objective combinatorial optimization problems', 'Particle swarm optimization: Hybridization perspectives and experimental illustrations', 'Brain tumor segmentation and classification from magnetic resonance images: Review of selected methods from 2014 to 2019', 'An efficient differential evolution based algorithm for solving multi-objective optimization problems', 'Blockchain technology in food supply chains: Review and bibliometric analysis', 'A robust image watermarking technique using SVD and differential evolution in DCT domain', 'Optimal coordination of over-current relays using modified differential evolution algorithms', 'A Review on the 40 Years of Existence of Data Envelopment Analysis Models: Historic Development and Current Trends: A. Panwar et al.', 'A review of selected weighing methods in MCDM with a case study']"
Balasubramanian Raman,"Professor (HAG) & Head of Computer Science and Engineering, IIT Roorkee","Computer Vision, Image Processing, Artificial Intelligence, Machine Learning, Deep Learning",11732,https://scholar.google.com/citations?hl=en&user=QU2O6JMAAAAJ,53,209,"['Local tetra patterns: a new feature descriptor for content-based image retrieval', 'A new robust reference watermarking scheme based on DWT-SVD', 'Computing hierarchical curve-skeletons of 3D objects', 'A modified LSTM model for continuous sign language recognition using leap motion', 'Local Maximum Edge Binary Patterns: A New Descriptor for Image Retrieval and Object Tracking', 'Accurate prediction of COVID-19 using chest X-ray images through deep feature learning model with SMOTE and machine learning classifiers', 'MIFH: A machine intelligence framework for heart disease diagnosis', 'Directional local extrema patterns: a new descriptor for content based image retrieval', 'A chaotic system based fragile watermarking scheme for image tamper detection', 'Local neighborhood difference pattern: A new feature descriptor for natural and texture image retrieval']"
Sparsh Mittal,"Associate Professor at ECE and Mehta Family School of DS&AI, IIT Roorkee","Deep learning, Computer vision, Machine learning, Computer architecture, non-volatile memory",11478,https://scholar.google.com/citations?hl=en&user=Hz44YrEAAAAJ,49,121,"['A survey of techniques for approximate computing', 'A survey of CPU-GPU heterogeneous computing techniques', 'A survey of FPGA-based accelerators for convolutional neural networks', 'A survey on optimized implementation of deep learning models on the nvidia jetson platform', 'A survey of software techniques for using non-volatile memories for storage and main memory systems', 'A survey of methods for analyzing and improving GPU energy efficiency', 'A survey of techniques for improving energy efficiency in embedded computing systems', 'A survey of techniques for optimizing deep learning on GPUs', 'A survey of ReRAM-based architectures for processing-in-memory and neural networks', 'A survey on modeling and improving reliability of DNN algorithms and accelerators']"
"Dr. KR Justin Thomas, FRSC","HAG Professor, Department of Chemistry, Indian Institute of Technology Roorkee, Roorkee …","Organic materials for electronic applications, structure property relationship in organic …, organic light-emitting diod",11348,https://scholar.google.com/citations?hl=en&user=Rrmc3gcAAAAJ,60,177,"['Light-emitting carbazole derivatives: potential electroluminescent materials', 'Organic dyes incorporating low-band-gap chromophores for dye-sensitized solar cells', '2, 3-Disubstituted thiophene-based organic dyes for solar cells', 'Color tuning in benzo [1, 2, 5] thiadiazole‐based small molecules by amino conjugation/deconjugation: bright red‐light‐emitting diodes', 'Chromophore-labeled quinoxaline derivatives as efficient electroluminescent materials', 'Organic dyes containing carbazole as donor and π-linker: optical, electrochemical, and photovoltaic properties', 'Energy and electron transfer in bifunctional non-conjugated dendrimers', 'Efficient red-emitting cyclometalated iridium (III) complexes containing lepidine-based ligands', 'Organic dyes containing thienylfluorene conjugation for solar cells', 'Dipolar compounds containing fluorene and a heteroaromatic ring as the conjugating bridge for high‐performance dye‐sensitized solar cells']"
Partha Roy,Indian Institute of Technology Roorkee,"Biotechnology, Endocrinology, Pharmacology, Toxicology, Material Science",11315,https://scholar.google.com/citations?hl=en&user=7fNSHoQAAAAJ,55,230,"['Hypoglycemic and hypolipidemic effects of flavonoid rich extract from Eugenia jambolana seeds on streptozotocin induced diabetic rats', 'Alteration of testicular steroidogenesis and histopathology of reproductive system in male rats treated with triclosan', 'Anti-diabetic potential of alkaloid rich fraction from Capparis decidua on diabetic mice', 'Microbial delignification and hydrolysis of lignocellulosic biomass to enhance biofuel production: an overview and future prospect', 'Effects of flavonoid-rich extract from seeds of Eugenia jambolana (L.) on carbohydrate and lipid metabolism in diabetic mice', 'In vitro evaluation of the cytotoxic, anti-proliferative and anti-oxidant properties of pterostilbene isolated from Pterocarpus marsupium', 'Mechanical, corrosion and biocompatibility behaviour of Mg-3Zn-HA biodegradable composites for orthopaedic fixture accessories', 'Evaluation of a Schiff base copper complex compound as potent anticancer molecule with multiple targets of action', 'Optimization of microwave and NaOH pretreatments of wheat straw for enhancing biofuel yield', 'Anti-androgenic endocrine disrupting activities of chlorpyrifos and piperophos']"
Brajesh Kumar Kaushik,"Professor of Electronics and Communication Engg., IIT-Roorkee","Spintronics, VLSI Image processing, Interconnects, Biosensors",10806,https://scholar.google.com/citations?hl=en&user=k8ZqlzYAAAAJ,52,221,"['Recent advancements in optical biosensors for cancer detection', 'Organic thin film transistors: structures, models, materials, fabrication, and applications: a review', 'Perspectives and challenges for organic thin film transistors: Materials, devices, processes and applications', 'MoS_2 Functionalized Multicore Fiber Probes for Selective Detection of Shigella Bacteria Based on Localized Plasmon', 'Review of recent progress on silicon nitride-based photonic integrated circuits', 'Quantum computing: fundamentals, implementations and applications', 'Etched multicore fiber sensor using copper oxide and gold nanoparticles decorated graphene oxide structure for cancer cells detection', 'Novel wearable optical sensors for vital health monitoring systems—a review', 'Silicene: From material to device applications', 'Water pollutants p-cresol detection based on Au-ZnO nanoparticles modified tapered optical fiber']"
Bhupinder Singh,"Associate Professor of Civil Engineering, Indian Institute of Technology Roorkee","Reinforced Concrete, Recycled Aggregate Concrete, Sustainable Development, Self Compacting Concrete, Structures under Earthquake and Fire",10643,https://scholar.google.com/citations?hl=en&user=uMWkJMYAAAAJ,47,255,"['Effect of activator concentration on the strength, ITZ and drying shrinkage of fly ash/slag geopolymer concrete', 'Rice husk ash', 'Durability of self-compacting concrete made with Recycled Concrete Aggregates and mineral admixtures', 'Red complex: Polymicrobial conglomerate in oral flora: A review', 'Bond behaviour of deformed steel bars embedded in recycled aggregate concrete', 'Metal tolerance in plants: Molecular and physicochemical interface determines the “not so heavy effect” of heavy metals', 'In vitro screening of plant extracts to enhance the efficiency of utilization of energy and nitrogen in ruminant diets', 'Cowpea and its improvement: key to sustainable mixed crop/livestock farming systems in West Africa', 'Unit commitment in electrical power system-a literature review', 'Studies on the development of high-protein biscuits from composite flours']"
Ramesh Chandra,"Professor, Institute Instrumentation Centre, IIT Roorkee","Physics, Material Science, Thin Films, Nanomaterials",10642,https://scholar.google.com/citations?hl=en&user=VOwGOJQAAAAJ,55,214,"['Entomotoxic effect of silica nanoparticles against Sitophilus oryzae (L.)', 'Synthesis of nanocrystalline material by sputtering and laser ablation at low temperatures', 'Preparation and pool boiling characteristics of copper nanofluids over a flat plate heater', 'Removal of hexavalent chromium ions using CuO nanoparticles for water purification applications', 'Structural and optical characterization of ZnO nanocrystalline films deposited by sputtering', 'Microstructural characterizations of magnetron sputtered Ti films on glass substrate', 'Hierarchal growth of MoS2@CNT heterostructure for all solid-state symmetric supercapacitor: Insights into the surface science and storage mechanism', 'Structural characterizations of magnetron sputtered nanocrystalline TiN thin films', 'Highly sensitive and selective hydrogen gas sensor using sputtered grown Pd decorated MnO2 nanowalls', 'Nanotwinning and structural phase transition in CdS quantum dots']"
Dr. Gopinath Packirisamy,"Professor,Department of Biosciences and Bioengineering,Indian Institute of Technology …","Biomedical nanotechnology, Drug delivery, Bioimaging, Tissue engineering",10632,https://scholar.google.com/citations?hl=en&user=AiSVvYsAAAAJ,57,147,"['Green synthesis of multifunctional carbon dots from coriander leaves and their potential application as antioxidants, sensors and bioimaging agents', 'Green Fluorescent Protein-Expressing Escherichia coli as a Model System for Investigating the Antimicrobial Activities of Silver Nanoparticles', 'Antibacterial activity and mechanism of Ag–ZnO nanocomposite on S. aureus and GFP-expressing antibiotic resistant E. coli', 'Recent advances in 3D printing technologies for wearable (bio) sensors', 'Implications of silver nanoparticle induced cell apoptosis for in vitro gene therapy', 'Signaling gene cascade in silver nanoparticle induced apoptosis', 'Facile and green synthesis of multicolor fluorescence carbon dots from curcumin: in vitro and in vivo bioimaging and other applications', 'Biofunctionalized graphene quantum dots based fluorescent biosensor toward efficient detection of small cell lung cancer', 'Enhanced photocatalytic activity of hierarchical three dimensional metal oxide@ CuO nanostructures towards the degradation of Congo red dye under solar radiation', 'Efficient adsorption and antibacterial properties of electrospun CuO-ZnO composite nanofibers for water remediation']"
RP Gupta,"Professor of Earth Resource Technology, IIT Roorkee",Remote Sensing,10590,https://scholar.google.com/citations?hl=en&user=hhFZxpYAAAAJ,37,63,"['Applied hydrogeology of fractured rocks', 'Remote sensing geology', 'A comparative study of conventional, ANN black box, fuzzy and combined neural and fuzzy weighting procedures for landslide susceptibility zonation in Darjeeling Himalayas', 'GIS-based landslide hazard zonation in the Bhagirathi (Ganga) valley, Himalayas', 'An approach for GIS-based statistical landslide susceptibility zonation—with a case study in the Himalayas', 'Landslide hazard zoning using the GIS approach—a case study from the Ramganga catchment, Himalayas', 'Land-use mapping and change detection in a coal mining area-a case study in the Jharia coalfield, India', 'Landslide Susceptibility Zonation (LSZ) Mapping–A Review.', 'An artificial neural network approach for landslide hazard zonation in the Bhagirathi (Ganga) Valley, Himalayas', 'Synergistic approach for mapping debris-covered glaciers using optical–thermal remote sensing data with inputs from geomorphometric parameters']"
Sushil Auluck,"National  Physical Laboratory and IIT Roorkee,Kanpur,Delhi,India","DFT, Interfaces, Ferroelectrics, Thermoelectricity, Optical properties",10546,https://scholar.google.com/citations?hl=en&user=0UTfboAAAAAJ,55,219,"['On the Penn gap in semiconductors', 'Optical properties of the group-IVB refractory metal compounds', 'Ferroelectric polarization promoted bulk charge separation for highly efficient CO2 photoreduction of SrBi4Ti4O15', 'Mg3Sb2-based Zintl compound: a non-toxic, inexpensive and abundant thermoelectric material for power generation', 'Optical properties of graphite from first-principles calculations', 'Linear, non-linear optical susceptibilities and the hyperpolarizability of the mixed crystals Ag0.5Pb1.75Ge(S1−xSex)4: experiment and theory', 'Doping and temperature dependence of thermoelectric properties in Mg(Si,Sn)', 'Dispersion of linear and nonlinear optical susceptibilities and the hyperpolarizability of 3-methyl-4-phenyl-5-(2-pyridyl)-1, 2, 4-triazole', 'Investigation of the Linear and Nonlinear Optical Susceptibilities of KTiOPO4 Single Crystals: Theory and Experiment', 'Interband optical properties of Al']"
Kusum Deep,"Retired Emeritus Professor, Department of Mathematics, Indian Institute of Technology …","Nature Inspired Optimization Techniques, Genetic Agorithms, Particle Swarm Optimization, Soft Computing, Evolutionary Algorithms",10413,https://scholar.google.com/citations?hl=en&user=ByQN_c0AAAAJ,44,132,"['A real coded genetic algorithm for solving integer and mixed integer optimization problems', 'An exhaustive review of the metaheuristic algorithms for search and optimization: taxonomy, applications, and open challenges: K. Rajwar et al.', 'A new crossover operator for real coded genetic algorithms', 'A new mutation operator for real coded genetic algorithms', 'A novel random walk grey wolf optimizer', 'A hybrid self-adaptive sine cosine algorithm with opposition based learning', 'A modified binary particle swarm optimization for knapsack problems', 'Optimal coordination of over-current relays using modified differential evolution algorithms', 'Improved sine cosine algorithm with crossover scheme for global optimization', 'A memory-based grey wolf optimizer for global optimization tasks']"
Yuvraj Singh Negi,"IIT Roorkee, Uttrakhand","Polymer Science, Nano Materials, Drug Delivery, Ferroelectric Liquid Crystals, Materials Science",10059,https://scholar.google.com/citations?hl=en&user=jbG3s9IAAAAJ,48,133,"['Recent development in natural fiber reinforced polypropylene composites', 'Melt–solid polycondensation of lactic acid and its biodegradability', 'Organic thin film transistors: structures, models, materials, fabrication, and applications: a review', 'Chitosan film incorporated with citric acid and glycerol as an active packaging material for extension of green chilli shelf life', 'Chitosan films incorporated with Apricot (Prunus armeniaca) kernel essential oil as active food packaging material', 'Studies on cellulose nanocrystals isolated from groundnut shells', 'Ethylene scavengers for active packaging of fresh food produce', 'Recycling of polystyrene', 'Perspectives and challenges for organic thin film transistors: Materials, devices, processes and applications', 'Synthesis and modification of poly (ether ether ketone) and their properties: a review']"
AA Kazmi,"Associate Professor, IIT Roorkee","Water and wastewater treatment, water quality, solid waste management, composting",10009,https://scholar.google.com/citations?hl=en&user=ZKfXrvEAAAAJ,54,163,"['Corporate sustainability performance and firm performance research: Literature review and future research agenda', 'Evolution of sustainability as marketing strategy: Beginning of new era', 'Conductive material engineered direct interspecies electron transfer (DIET) in anaerobic digestion: mechanism and application', 'Sustainability marketing strategy: An analysis of recent literature', 'Sustainable options of post treatment of UASB effluent treating sewage: a review', 'Rotary drum composting of vegetable waste and tree leaves', 'A review on full-scale decentralized wastewater treatment systems: techno-economical approach', 'Effects of turning frequency on compost stability and some chemical characteristics in a rotary drum composter', 'Retrospective of ecological approaches to excess sludge reduction', 'Stability evaluation of compost by respiration techniques in a rotary drum composter']"
Suraj P Harsha,"Indian Railways Chair Professor at MIED, IIT Roorkee",Vibration and Control,9843,https://scholar.google.com/citations?hl=en&user=dM_9ghIAAAAJ,48,181,"['Fault diagnosis of ball bearings using machine learning methods', 'Fault diagnosis of rolling element bearing with intrinsic mode function of acoustic emission data using APF-KNN', 'Fault diagnosis of ball bearings using continuous wavelet transform', 'Rolling element bearing fault diagnosis using wavelet transform', 'Non-linear dynamic behaviors of rolling element bearings due to surface waviness', 'The effect of speed of balanced rotor on nonlinear vibrations associated with ball bearings', 'Evaluation and prediction of blast-induced ground vibration using support vector machine', 'Nonlinear dynamic analysis of a high-speed rotor supported by rolling element bearings', 'Stability analysis of a rotor bearing system due to surface waviness and number of balls', 'Nonlinear dynamic response of a balanced rotor supported by rolling element bearings due to radial internal clearance effect']"
Vikas Pruthi,"Professor, Department of Biotechnology, IIT Roorkee",microbial technology,9482,https://scholar.google.com/citations?hl=en&user=5Td0uvkAAAAJ,59,122,"['Potential applications of ferulic acid from natural sources', 'Sustainable biodiesel production from oleaginous yeasts utilizing hydrolysates of various non-edible lignocellulosic biomasses', 'Rapid efficient synthesis and characterization of silver, gold, and bimetallic nanoparticles from the medicinal plant Plumbago zeylanica and their application in\xa0…', 'Assessment of fuel properties on the basis of fatty acid profiles of oleaginous yeast for potential biodiesel production', 'Microalgae: An emerging source of energy based bio-products and a solution for environmental issues', 'Biodiesel production from non-edible lignocellulosic biomass of Cassia fistula L. fruit pulp using oleaginous yeast Rhodosporidium kratochvilovae HIMPA1', 'Rapid identification of biosurfactant-producing bacterial strains using a cell surface hydrophobicity technique', 'Prevention of Candida albicans biofilm by plant oils', 'Synergistic dynamics of nitrogen and phosphorous influences lipid productivity in Chlorella minutissima for biodiesel production', 'Oily sludge degradation by bacteria from Ankleshwar, India']"
Kirtiraj K. Gaikwad,HoD & Associate Professor @ Indian Institute of Technology Roorkee (IIT Roorkee),"Packaging Technology, Food Safety",9412,https://scholar.google.com/citations?hl=en&user=4UnJxWgAAAAJ,50,126,"['Edible films and coatings for food packaging applications: A review', 'Ethylene scavengers for active packaging of fresh food produce', 'Recent trends in the application of essential oils: The next generation of food preservation and food packaging', 'Moisture absorbers for food packaging applications', 'Oxygen scavenging films in food packaging', 'Natural antimicrobial and antioxidant compounds for active food packaging applications', 'Bio-based materials for barrier coatings on paper packaging', 'Pineapple peel extract incorporated poly (vinyl alcohol)-corn starch film for active food packaging: Preparation, characterization and antioxidant activity', 'Development and characterization of PVA-starch incorporated with coconut shell extract and sepiolite clay as an antioxidant film for active food packaging applications', 'Development of polyvinyl alcohol and apple pomace bio-composite film with antioxidant properties for active food packaging application']"
Mannar R. Maurya,"Professor of Chemistry, IIT Roorkee","Inorganic chemistry, Catalysis",8968,https://scholar.google.com/citations?hl=en&user=t0jyjIMAAAAJ,55,170,"['Development of the coordination chemistry of vanadium through bis (acetylacetonato) oxovanadium (IV): synthesis, reactivity and structural aspects', 'Synthesis, characterization, and application of vanadium− salan complexes in oxygen transfer reactions', 'Coordination chemistry of Schiff base complexes of molybdenum', 'Vanadium complexes immobilized on solid supports and their use as catalysts for oxidation and functionalization of alkanes and alkenes', 'Hydroxyquinoline derived vanadium (IV and V) and copper (II) complexes as potential anti-tuberculosis and anti-tumor agents', 'Synthesis, characterization, reactivity, and catalytic potential of model vanadium (IV, V) complexes with benzimidazole-derived ONN donor ligands', 'Zeolite-Y encapsulated metal complexes of oxovanadium (VI), copper (II) and nickel (II) as catalyst for the oxidation of styrene, cyclohexane and methyl phenyl sulfide', 'Dioxo-and oxovanadium (V) complexes of thiohydrazone ONS donor ligands: synthesis, characterization, reactivity, and antiamoebic activity', 'Dioxo‐ and Oxovanadium(V) Complexes of Biomimetic Hydrazone ONO Donor Ligands: Synthesis, Characterisation, and Reactivity', 'Oxidation of phenol, styrene and methyl phenyl sulfide with H2O2 catalysed by dioxovanadium (V) and copper (II) complexes of 2-aminomethylbenzimidazole-based ligand\xa0…']"
Surendra Pal Singh,"Professor, Paper Technology, IIT Roorkee","Paper Technology, Chemical Engineering",8856,https://scholar.google.com/citations?hl=en&user=rDdXFfsAAAAJ,41,203,"['Outbreak investigation of Nipah virus disease in Kerala, India, 2018', 'Congruent strategies for carbohydrate sequencing. 1. Mining structural details by MSn', 'Building supply chain risk resilience: Role of big data analytics in supply chain disruption mitigation', 'Recent advances in production of bioethanol from lignocellulosic biomass', 'Binding of high-mannose-type oligosaccharides and synthetic oligomannose clusters to human antibody 2G12: implications for HIV-1 vaccine design', 'In vivo Raman spectroscopic identification of premalignant lesions in oral buccal mucosa', 'Congruent strategies for carbohydrate sequencing. 2. FragLib: an MSn spectral library', 'Nanotechnology in wastewater treatment: A review', 'Glycosidases—a great synthetic tool', 'Synthesis of maleimide-activated carbohydrates as chemoselective tags for site-specific glycosylation of peptides and proteins']"
Dinesh Kumar,"Mechanical and Industrial engg Dept. , IIT Roorkee","supply chain management, healthcare management, reliability, maintenance engineering, financial management",8720,https://scholar.google.com/citations?hl=en&user=1o6y0YMAAAAJ,40,205,"['Systematic failure mode effect analysis (FMEA) using fuzzy linguistic modelling', 'An integrated model to identify and classify the key criteria and their role in the assessment of 3PL services providers', 'Manufacturing excellence through TPM implementation: a practical analysis', 'FLM to select suitable maintenance strategy in process industries using MISO model', ""Modeling the logistics outsourcing relationship variables to enhance shippers' productivity and competitiveness in logistical supply chain"", 'Availability analysis of steam and power generation systems in the thermal power plant', 'Multi-factor failure mode critically analysis using TOPSIS', 'Evaluating the effect of key performance indicators of vaccine supply chain on sustainable development of mission indradhanush: A structural equation modeling approach', 'Perspectives Envisaging Employee Loyalty-A Case Analysis', 'Possibilities of mesoporous materials in catalysis']"
Inderdeep Singh,"Professor, Indian Institute of Technology Roorkee","Composite Materials, Manufacturing, Characterization, Natural Fiber Reinforced Composites, Green Composites",8656,https://scholar.google.com/citations?hl=en&user=-O4pphgAAAAJ,51,144,"['Development and characterization of PLA-based green composites: A review', 'Tribological Behaviour of Natural fiber reinforced PLA Composites', 'Drilling of uni-directional glass fiber reinforced plastics: Experimental and finite element study', 'PLA/banana fiber based sustainable biocomposites: A manufacturing perspective', 'Comparative studies of mechanical and morphological properties of polylactic acid and polypropylene based natural fiber composites', 'A review of modeling and control during drilling of fiber reinforced plastic composites', 'Recyclability analysis of PLA/Sisal fiber biocomposites', 'Sliding wear properties of jute fabric reinforced polypropylene composites', 'Drilling of uni-directional glass fiber reinforced plastic (UD-GFRP) composite laminates', 'Drilling characteristics of sisal fiber-reinforced epoxy and polypropylene composites']"
Ashish Pandey,"Bharat Singh Chair Professor, and Former Head, Dept. WRD&M, IIT Roorkee","Hydrology, Water Resources, Irrigation Management",8647,https://scholar.google.com/citations?hl=en&user=YFimKCQAAAAJ,48,119,"['Identification of critical erosion prone areas in the small agricultural watershed using USLE, GIS and remote sensing', 'Soil erosion assessment in a hilly catchment of North Eastern India using USLE, GIS and remote sensing', 'Statistical analysis of long term spatial and temporal trends of precipitation during 1901–2002 at Madhya Pradesh, India', 'Physically based soil erosion and sediment yield models revisited', 'Modeling of daily pan evaporation in sub tropical climates using ANN, LS-SVR, Fuzzy Logic, and ANFIS', 'Prioritizing erosion-prone area through morphometric analysis: an RS and GIS perspective', 'Runoff and sediment yield modeling from a small agricultural watershed in India using the WEPP model', 'Soil erosion modeling of a Himalayan watershed using RS and GIS', 'Evaluation of best management practices for sediment and nutrient loss control using SWAT model', 'Landslide hazard zonation using remote sensing and GIS: a case study of Dikrong river basin, Arunachal Pradesh, India']"
devendra singh,indian institute of technology roorkee,spray forming modeling coating thin films,8566,https://scholar.google.com/citations?hl=en&user=7u_DSSEAAAAJ,41,187,"['Association of electroencephalogram trajectories during emergence from anaesthesia with delirium in the postanaesthesia care unit: an early sign of postoperative complications', 'The effect of salinity on growth, hormones and mineral elements in leaf and fruit of tomato cultivar PKM1', 'Beneficial role of endophytes in biofortification of Zn in wheat genotypes varying in nutrient use efficiency grown in soils sufficient and deficient in Zn', 'Potential of microbes in the biofortification of Zn and Fe in dietary food grains. A review', 'Chemical synthesis and visible photoluminescence emission from monodispersed ZnO nanoparticles', 'Handling memory pressure in an in-database sharded queue', 'Synthesis and characterization of complexes of cyclohexadeca-6, 8, 14, 16-tetraene and their biological screening', 'Emissions and fuel consumption characteristics of a heavy duty diesel engine fueled with hydroprocessed renewable diesel and biodiesel', 'Origin of the Enhanced Reactivity of μ‑Nitrido-Bridged Diiron (IV)-Oxo Porphyrinoid Complexes over Cytochrome P450 Compound I', 'Prospecting endophytes from different Fe or Zn accumulating wheat genotypes for their influence as inoculants on plant growth, yield, and micronutrient content']"
KL Yadav,"Professor [HAG], Indian Institute of Technology Roorkee","Smart Nanomaterials, Biomaterials, Supercapacitors, Batteries",8377,https://scholar.google.com/citations?hl=en&user=piTGPrUAAAAJ,51,166,"['Study of room temperature magnetoelectric coupling in Ti substituted bismuth ferrite system', 'Pulsed laser deposited Al-doped ZnO thin films for optical applications', 'Structural, dielectric, magnetic, magnetodielectric and impedance spectroscopic studies of multiferroic BiFeO3-BaTiO3 ceramics', 'Multiferroic, magnetoelectric and optical properties of Mn doped BiFeO3 nanoparticles', 'Rapid liquid phase sintered Mn doped BiFeO3 ceramics with enhanced polarization and weak magnetization', 'Study of dielectric, magnetic and ferroelectric properties in Bi< sub> 1− x</sub> Gd< sub> x</sub> FeO< sub> 3</sub>', 'Structural, dielectric, vibrational and magnetic properties of Sm doped BiFeO3 multiferroic ceramics prepared by a rapid liquid phase sintering method', 'Pr doped bismuth ferrite ceramics with enhanced multiferroic properties', 'Thermo-mechanical and anti-corrosive properties of MWCNT/epoxy nanocomposite fabricated by innovative dispersion technique', 'Observation of the room temperature magnetoelectric effect in Dy doped BiFeO3']"
"csp ojha,chandra sp ojha, chandra shekhar ojha, CSP Ojha, Chandra shekhar prasad Ojha, CPOjha","Professor of Civil Engineering, IIT Roorkee","water resources, environmental engneering",8326,https://scholar.google.com/citations?hl=en&user=4Ij6fogAAAAJ,50,188,"['Air pollution: health and environmental impacts', 'Drag coefficient and fall velocity of nonspherical particles', 'Determination of critical head in soil piping', 'Pretreatment methods to enhance solubilization and anaerobic biodegradability of lignocellulosic biomass (wheat straw): Progress and challenges', 'Untangling the water-food-energy-environment nexus for global change adaptation in a complex Himalayan water resource system', 'Population growth, land use and land cover transformations, and water quality nexus in the Upper Ganga River basin', 'Suitability of Gamma, Chi-square, Weibull, and Beta distributions as synthetic unit hydrographs', 'The Brahmaputra basin water resources', 'Statistical parameters of hydrometeorological variables: standard deviation, SNR, skewness and kurtosis', 'Modeling of suspended sediment concentration at Kasol in India using ANN, fuzzy logic, and decision tree algorithms.']"
Apurbba Kumar Sharma,"Professor of Mechanical and Industrial Engineering, Indian Institute of Technology Roorkee","Surface Engineering, Advanced Manufacturing Processes, Microwave Materials Processing, Hybrid",8313,https://scholar.google.com/citations?hl=en&user=1jkHT0gAAAAJ,49,123,"['Microwave–material interaction phenomena: Heating mechanisms, challenges and opportunities in material processing', 'Microwave Processing of Materials and Applications in Manufacturing Industries: A Review', 'A Review of Research Trends in Microwave Processing of Metal-Based Materials and Opportunities in Microwave Metal Casting', 'A new approach to joining of bulk copper using microwave energy', 'Development and microstructural characterization of microwave cladding on austenitic stainless steel', 'A review on material removal mechanism in electrochemical discharge machining (ECDM) and possibilities to enhance the material removal rate', 'Investigation on microstructural and mechanical properties of microwave processed dissimilar joints', 'Development and characterisations of WC–12Co microwave clad', 'Behavior of Kevlar/epoxy composite plates under ballistic impact', 'On mechanism of in-situ microwave casting of aluminium alloy 7039 and cast microstructure']"
Durga Toshniwal,Indian Institute of Technology Roorkee India,"Artificial Intelligence and Machine Learning, Data Mining, Intelligent Transportation Systems, Time Series Data Mining, privacy",8155,https://scholar.google.com/citations?hl=en&user=2RfI0fkAAAAJ,38,104,"['Deep learning framework to forecast electricity demand', 'Deep learning models for solar irradiance forecasting: A comprehensive review', 'RDD2022: A multi‐national image dataset for automatic road damage detection', 'Deep learning-based road damage detection and classification for multiple countries', 'Long short term memory–convolutional neural network based deep hybrid approach for solar irradiance forecasting', 'Extreme gradient boosting and deep neural network based ensemble learning approach to forecast hourly solar irradiance', 'Hybrid prediction model for type-2 diabetic patients', 'Impact of lockdown measures during COVID-19 on air quality–A case study of India', 'Impact of lockdown on air quality over major cities across the globe during COVID-19 pandemic', 'A data mining approach to characterize road accident locations']"
Saurabh S Sharma,"PHD, IIT ROORKEE","MOLECULAR DYNAMICS, NUCLEAR PHYSICS",8139,https://scholar.google.com/citations?hl=en&user=7gcjCDAAAAAJ,40,223,"[""Role of mitochondrial dysfunction, oxidative stress and autophagy in progression of Alzheimer's disease"", 'Sustainable innovations in the food industry through artificial intelligence and big data analytics', 'The effect of shape and size of ZnO nanoparticles on their antimicrobial and photocatalytic activities: a green approach', 'Eco-friendly Ocimum tenuiflorum green route synthesis of CuO nanoparticles: Characterizations on photocatalytic and antibacterial activities', 'Temporal changes in biochemical indicators of soil quality in response to tillage, crop residue and green manure management in a rice-wheat system', 'Plant secondary metabolites: An introduction of their chemistry and biological significance with physicochemical aspect', 'Layered double hydroxides: an insight into the role of hydrotalcite-type anionic clays in energy and environmental applications with current progress and recent prospects', 'Comparison of guanidine hydrochloride (GdnHCl) and urea denaturation on inactivation and unfolding of human placental cystatin (HPC)', 'Recent advances in biopolymer-based hemostatic materials', 'Liposomes: an overview']"
Sunil Bajpai,"Department of Earth Sciences, IIT Roorkee, India","paleontology, geology, evolution, paleobiogeography",8121,https://scholar.google.com/citations?hl=en&user=I-6v6xsAAAAJ,50,126,"['Whales originated from aquatic artiodactyls in the Eocene epoch of India', '40K–40Ar dating of the Main Deccan large igneous province: Further evidence of KTB age and short duration', 'Vestibular evidence for the evolution of aquatic behaviour in early cetaceans', 'From land to water: the origin of whales, dolphins, and porpoises', 'Main Deccan volcanism phase ends near the K–T boundary: evidence from the Krishna–Godavari Basin, SE India', 'K–T transition in Deccan Traps of central India marks major marine Seaway across India', 'Developmental basis for hind-limb loss in dolphins and origin of the cetacean bodyplan', 'A new Eocene archaeocete (Mammalia, Cetacea) from India and the time of origin of whales', 'Cretaceous extinctions: multiple causes', 'Early Eocene warming events and the timing of terrestrial faunal exchange between India and Asia']"
Deepak Khare,"Professor, WRDM,IIT Roorkee","Water Res. Planning & Management, Groundwater, Urban Water, Climate Change",7873,https://scholar.google.com/citations?hl=en&user=MjGrfksAAAAJ,46,105,"['Monitoring and modelling of urban sprawl using remote sensing and GIS techniques', 'Spatial and temporal trends of mean and extreme rainfall and temperature for the 33 urban centers of the arid and semi-arid state of Rajasthan, India', 'Spatial and temporal analysis of rainfall and temperature trend of India: A. Mondal et al.', 'Analyses of land use and land cover change dynamics using GIS and remote sensing during 1984 and 2015 in the Beressa Watershed Northern Central Highland of Ethiopia', 'Spatial soil organic carbon (SOC) prediction by regression kriging using remote sensing data', 'Modelling of urban growth using spatial analysis techniques: a case study of Ajmer city (India)', 'Past, present and future land use changes and their impact on water balance', 'Modeling runoff–sediment response to land use/land cover changes using integrated GIS and SWAT model in the Beressa watershed', 'Individual and combined impacts of future climate and land use changes on the water balance', 'Hydrological modelling of ungauged urban watershed using SWAT model']"
Dr Madhu Jain,"Professor, Department of Mathematics, Indian Institute of Technology Roorkee Roorkee","Stochastic Process, AI & Machine Learning, Queueing &  Reliability, Inventory & SCM, Soft Computing",7797,https://scholar.google.com/citations?hl=en&user=3FG971wAAAAJ,39,224,"['Unreliable Server Machine Repair Problem with Second Optional Service, Mixed Spares and Multi-Phase Repair', 'Optimal configuration selection for reconfigurable manufacturing system using NSGA II and TOPSIS', 'Development of overall pavement condition index for urban road network', 'Working vacations queueing model with multiple types of server breakdowns', 'A novel methodology to measure the responsiveness of RMTs in reconfigurable manufacturing system', 'A comprehensive approach to operation sequence similarity based part family formation in the reconfigurable manufacturing system', 'N-policy for a machine repair system with spares and reneging', 'Markovian working vacation queue with imperfect service, balking and retrial', 'Cost Optimization of an Unreliable server queue with two stage service process under hybrid vacation policy', 'Optimal replacement policy for a repairable system with multiple vacations and imperfect fault coverage']"
prasenjit mondal,IIT Roorkee,"… engineering (water and waste water treatment …, energy co",7781,https://scholar.google.com/citations?hl=en&user=sBIcB9gAAAAJ,44,119,"['Laboratory based approaches for arsenic remediation from contaminated water: recent developments', 'Syngas production through gasification and cleanup for downstream applications—Recent developments', 'Pyrolysis of sugarcane bagasse in semi batch reactor: Effects of process parameters on product yields and characterization of products', 'Effects of adsorbent dose, its particle size and initial arsenic concentration on the removal of arsenic, iron and manganese from simulated ground water by Fe3+ impregnated\xa0…', 'Pyrolysis of wood sawdust: Effects of process parameters on products yield and characterization of products', 'Simultaneous arsenic and fluoride removal from synthetic and real groundwater by electrocoagulation process: parametric and cost evaluation', 'A laboratory study for the treatment of arsenic, iron, and manganese bearing ground water using Fe3+ impregnated activated carbon: effects of shaking time, pH and temperature', 'Biological Treatment of Cyanide Containing Wastewater', 'Biofuels production from pine needles via pyrolysis: Process parameters modeling and optimization through combined RSM and ANN based approach', 'Physicochemical characterization and pyrolysis kinetic study of sugarcane bagasse using thermogravimetric analysis']"
Indra Vir Singh,"Professor, Indian Institute of Technology Roorkee","Fracture and Damage Mechanics, Fatigue, Mechanical Behaviour of Materials, Composites, XFEM",7683,https://scholar.google.com/citations?hl=en&user=mgZmcSkAAAAJ,48,154,"['The numerical simulation of fatigue crack growth using extended finite element method', 'An adaptive multiscale phase field method for brittle fracture', 'Numerical simulation of functionally graded cracked plates using NURBS based XIGA under different loads and boundary conditions', 'Meshless element free Galerkin method for unsteady nonlinear heat transfer problems', 'Fatigue crack growth simulations of 3-D problems using XFEM', 'Fatigue crack growth simulations of interfacial cracks in bi-layered FGMs using XFEM', 'A numerical solution of composite heat transfer problems using meshless method', 'A comparative study and ABAQUS implementation of conventional and localizing gradient enhanced damage models', 'A homogenized XFEM approach to simulate fatigue crack growth problems', 'A new framework based on continuum damage mechanics and XFEM for high cycle fatigue crack growth simulations']"
Dheerendra Kumar Dwivedi,"IIT ROORKEE, INDIA, PIN: 247667","Manufacturing, Welding, Surface modification, Mechanical properties, Microstructure",7649,https://scholar.google.com/citations?hl=en&user=gpTmDd4AAAAJ,50,137,"['Adhesive wear behaviour of cast aluminium–silicon alloys: Overview', 'Effect of welding parameters on microstructure and mechanical properties of friction stir welded joints of AA7039 aluminum alloy', 'The microstructure and mechanical properties of friction stir welded Al–Zn–Mg alloy in as welded and heat treated conditions', 'Activating flux tungsten inert gas welding for enhanced weld penetration', 'Some investigations on microstructure and mechanical properties of submerged arc welded HSLA steel joints', 'Effect of post weld heat treatments on microstructure and mechanical properties of friction stir welded joints of Al–Zn–Mg alloy AA7039', 'Effect of La2O3 addition on the microstructure, hardness and abrasive wear behavior of flame sprayed Ni based coatings', 'Dissimilar metal welding of P91 steel-AISI 316L SS with Incoloy 800 and Inconel 600 interlayers by using activated TIG welding process and its effect on the microstructure and\xa0…', 'A study on corrosion behavior of friction stir welded and tungsten inert gas welded AA2014 aluminium alloy', 'Wear behaviour of cast hypereutectic aluminium silicon alloys']"
BR Gurjar,"Professor (HAG), Former Dean of Resources & Alumni Affairs, IIT Roorkee, India","Sustainable transport, Atmospheric emissions, Air Quality, Health Risk, Environmental sustainability",7591,https://scholar.google.com/citations?hl=en&user=9M9vBUEAAAAJ,41,99,"['Evaluation of emissions and air quality in megacities', 'Human health risks in megacities due to air pollution', 'Air pollution trends over Indian megacities and their local-to-global implications', 'Emission estimates and trends (1990–2000) for megacity Delhi and implications', 'Role of meteorology in seasonality of air pollution in megacity Delhi, India', 'Air pollution: health and environmental impacts', 'Water pollution, human health and remediation', 'Assessment of urban heat island effect for different land use–land cover from micrometeorological measurements and remote sensing data for megacity Delhi', 'Microalgae: An emerging source of energy based bio-products and a solution for environmental issues', 'The representation of emissions from megacities in global emission inventories']"
PROFESSOR DAVINDER KAUR,"PROFESSOR HAG, INSTITUTE CHAIR PROFESSOR,  DEPT. OF PHYSICS, INDIAN …","Nanotechnology, Thin Films, MEMS, Sensors, Memory Devices",7489,https://scholar.google.com/citations?hl=en&user=dm-ZzwMAAAAJ,43,184,"['Shape memory alloy thin films and heterostructures for MEMS applications: A review', 'In situ high temperature XRD studies of ZnO nanopowder prepared via cost effective ultrasonic mist chemical vapour deposition', 'Effect of Mg content on structural, electrical and optical properties of Zn1− xMgxO nanocomposite thin films', 'Growth and characterization of ZnO nanocrystalline thin films and nanopowder via low-cost ultrasonic spray pyrolysis', 'Structural and optical characterization of ZnO nanocrystalline films deposited by sputtering', 'Mn-doped ZnO nanocrystalline thin films prepared by ultrasonic spray pyrolysis', 'Excellent room temperature ammonia gas sensing properties of n-MoS2/p-CuO heterojunction nanoworms', 'Structural and optical studies of nanocrystalline V2O5 thin films', 'Influence of film thickness on texture and electrical and optical properties of room temperature deposited nanocrystalline V2O5 thin films', 'Room temperature growth of nanocrystalline anatase TiO2 thin films by dc magnetron sputtering']"
Prof. Pramod Kumar Gupta,"PROFESSOR, STRUCTURAL ENGINEERING, DEPARTMENT OF CIVIL ENGINEERING IIT …","STRUCTURAL MECHANICS, STEEL-CONCRETE COMPOSITES, CONCRETE FILLED TUBES, LARGE DEFORMATIONS",7403,https://scholar.google.com/citations?hl=en&user=HXzyLyoAAAAJ,41,170,"['Experimental and computational study of concrete filled steel tubular columns under axial loads', 'Study of lateral compression of round metallic tubes', 'Vitamin B12 functionalized layer by layer calcium phosphate nanoparticles: A mucoadhesive and pH responsive carrier for improved oral delivery of insulin', 'Corporate frauds in India–perceptions and emerging issues', 'Comparison of low-dose intravenous cyclophosphamide with oral mycophenolate mofetil in the treatment of lupus nephritis', 'Immunoadjuvant chemotherapy of visceral leishmaniasis in hamsters using amphotericin B-encapsulated nanoemulsion template-based chitosan nanocapsules', 'Kuppuswamy’s socioeconomic status scale 2010—the need for periodic revision', 'Studies on genetic divergence in potato', 'A handbook of soil, fertilizer and manure', 'The isolation of a novel metallothionein-related cDNA expressed in somatic and zygotic embryos of Douglas-fir: regulation by ABA, osmoticum, and metal ions']"
Pradip K. Maji,"Institute Chair Professor, IIT Roorkee, India","Nanocomposite, Nanocellulose, Graphene, Polymer Technology, Rubber Technology",7222,https://scholar.google.com/citations?hl=en&user=sFEjyMgAAAAJ,47,149,"['Facile one-pot synthesis of graphene oxide by sonication assisted mechanochemical approach and its surface chemistry', 'Low density and high strength nanofibrillated cellulose aerogel for thermal insulation application', 'A review on slow-release fertilizer: Nutrient release mechanism and agricultural sustainability', 'A comprehensive review on technological advances of adsorption for removing nitrate and phosphate from waste water', 'New route for devulcanization of natural rubber and the properties of devulcanized rubber', 'Esterified superhydrophobic nanofibrillated cellulose based aerogel for oil spill treatment', 'Large amplification of triboelectric property by allicin to develop high performance cellulosic triboelectric nanogenerator', 'Effect of structural disparity of graphene-based materials on thermo-mechanical and surface properties of thermoplastic polyurethane nanocomposites', 'Ultra-light weight, water durable and flexible highly electrical conductive polyurethane foam for superior electromagnetic interference shielding materials', 'Preparation and properties of polyurethane nanocomposites of novel architecture as advanced barrier materials']"
RAJ KUMAR,IIT Roorkee,Quantum Optics        Quantum Computing,7172,https://scholar.google.com/citations?hl=en&user=WXmYePcAAAAJ,31,135,"['A natural killer–dendritic cell axis defines checkpoint therapy–responsive tumor microenvironments', 'Profiling human breast epithelial cells using single cell RNA sequencing identifies cell diversity', 'TQM success factors in North Indian manufacturing and service industries', 'Discovering dominant tumor immune archetypes in a pan-cancer census', 'Is the decline of human anatomy hazardous to medical education/profession?—A review', 'Diverse roles of macrophage matrix metalloproteinases in tissue destruction and tumor growth', 'Clinical global measures of dementia. Position paper from the International Working Group on Harmonization of Dementia Drug Guidelines.', 'Diverse regulation of mammary epithelial growth and branching morphogenesis through noncanonical Wnt signaling', 'Antifungal activity of Streptomyces sp. VITSTK7 and its synthesized Ag2O/Ag nanoparticles against medically important Aspergillus pathogens', 'Total quality management in Indian industries: relevance, analysis and directions']"
Bina Gupta,"Professor, Department of Chemistry, Indian Institute of Technology Roorkee","Extraction Separation and Recovery of metals, Analytical chemistry, environmental chemistry, pesticides",7168,https://scholar.google.com/citations?hl=en&user=oPUuiLUAAAAJ,43,109,"['A comparative investigation on adsorption performances of mesoporous activated carbon prepared from waste rubber tire and activated carbon for a hazardous azo dye—Acid Blue 113', 'Pesticides removal from waste water by activated carbon prepared from waste rubber tire', 'Screening of Indian plants for biological activity: Part III.', 'Screening of Indian plants for biological activity: Part IX', 'Partition studies on cobalt and recycling of valuable metals from waste Li-ion batteries via solvent extraction and chemical precipitation', 'Separations and recovery of indium and gallium using bis (2, 4, 4-trimethylpentyl) phosphinic acid (Cyanex 272)', 'Adsorption of polycyclic aromatic hydrocarbons on banana peel activated carbon', 'Study of anti-inflammatory activity in the leaves of Nyctanthes arbor tristis Linn.—an Indian medicinal plant', 'Extraction and separation of platinum, palladium and rhodium using Cyanex 923 and their recovery from real samples', 'Extraction of uranium, thorium and lanthanides using Cyanex-923: their separations and recovery from monazite']"
Satish Chandra,"Professor of Civil Engineering (Former Director, CRRI), IIT Roorkee","traffic flow modeling, traffic engineering, highway materials",6931,https://scholar.google.com/citations?hl=en&user=-a00qwgAAAAJ,45,121,"['Effect of lane width on capacity under mixed traffic conditions in India', 'Speed distribution curves for pedestrians during walking and crossing', 'Railway Engineering', 'Speed distribution curves under mixed traffic conditions', 'Effects of on-street parking in urban context: A critical review', 'Pedestrian flow characteristics in mixed traffic conditions', 'Factors affecting PCU in mixed traffic situations on urban roads', 'Design implications of walking speed for pedestrian facilities', 'Critical gap through clearing behavior of drivers at unsignalised intersections', 'Relationship between pavement roughness and distress parameters for Indian highways']"
Bhupendra K Gandhi,"Professor, Department of Mechanical and Industrial Engineering, IIT Roorkee","Fluid mechanics, Hydropower, Hydrodynamic machines, Erosion wear, Flow measurement",6870,https://scholar.google.com/citations?hl=en&user=UKrBuMEAAAAJ,45,81,"['Heat transfer and friction characteristics of rectangular solar air heater duct using rib-grooved artificial roughness', 'Experimental investigation on heat-transfer enhancement due to a gap in an inclined continuous rib arrangement in a rectangular duct of solar air heater', 'Effect of transients on Francis turbine runner life: a review', 'Effect of erodent properties on erosion wear of ductile type materials', 'Experimental and numerical studies for a high head Francis turbine at several operating points', 'Heat transfer and friction characteristics of solar air heater ducts having integral inclined discrete ribs on absorber plate', 'Review of hydrodynamics instabilities in Francis turbine during off-design and transient operations', 'Slurry erosion of ductile materials under normal impact condition', 'Particle size effects on the slurry erosion of aluminium alloy (AA 6063)', 'Vortex rope formation in a high head model Francis turbine']"
Ashok Kumar,"Professor of Earthquake Engineering, Indian Institute of Technology Roorkee, India","Strong motion instrumentation, ground motion studies, structural identification, structural health monitoring and damage …",6725,https://scholar.google.com/citations?hl=en&user=BXzn9eYAAAAJ,37,90,"['Observation of  Production', 'Azimuthal anisotropy of charged particles at high transverse momenta in Pb-Pb collisions at s NN= 2.76 TeV', 'Measurement of the Splitting Function in  and Pb-Pb Collisions at', 'Performance of photon reconstruction and identification with the CMS detector in proton-proton collisions at sqrt (s)= 8 TeV', 'A variational-like inequality problem', 'Indian national strong motion instrumentation network and site characterization of its stations', 'The Artemisia genus: A review on traditional uses, phytochemical constituents, pharmacological properties and germplasm conservation', 'Geo-economic variations in epidemiology, patterns of care, and outcomes in patients with acute respiratory distress syndrome: insights from the LUNG SAFE prospective cohort study', 'Indian strong motion instrumentation network', 'Adrenoleukodystrophies']"
Indranil Lahiri,"Professor, Metallurgical and Materials Engg, Indian Institute of Technology (IIT) Roorkee","Carbon Nanotube, Graphene, Nanomaterials for Electronic and Energy and …",6682,https://scholar.google.com/citations?hl=en&user=R3MjHEsAAAAJ,31,56,"['Synthesis of graphene and its applications: a review', 'Graphene Properties, Synthesis and Applications: A Review', 'Strengthening mechanism in graphene nanoplatelets reinforced aluminum composite fabricated through spark plasma sintering', 'Phosphorene–The two-dimensional black phosphorous: Properties, synthesis and applications', 'Large-area graphene on polymer film for flexible and transparent anode in field emission device', 'Three-Dimensional Metal–Graphene–Nanotube Multifunctional Hybrid Materials', 'High capacity and excellent stability of lithium ion battery anode using interface-controlled binder-free multiwall carbon nanotubes grown on copper', 'Noble Metal Decorated Graphene-Based Gas Sensors and Their Fabrication: A Review', 'An all-graphene based transparent and flexible field emission device', 'Enhanced field emission from multi-walled carbon nanotubes grown on pure copper substrate']"
Dr. SP Singh,"Professor, IIT Roorkee","Power Electronics and Electric Drives, Renewable Energy, Small Hydro",6541,https://scholar.google.com/citations?hl=en&user=tcgLuZUAAAAJ,35,153,"['Mortality of emergency abdominal surgery in high-, middle-and low-income countries', 'EGLN1 involvement in high-altitude adaptation revealed through genetic analysis of extreme constitution types defined in Ayurveda', 'Analysis of swelling behavior of poly (methacrylamide-co-methacrylic acid) hydrogels and effect of synthesis conditions on water uptake', 'Leaching behaviour of Cd, Cu, Pb and Zn in surface soils derived from dredged sediments', 'Evaluation of oxidative stress and antioxidant status in chronic obstructive pulmonary disease', 'New insights into the chemistry of oxovanadium (IV) complexes with tetradentate macrocyclic ligands.', 'Bacterial antagonists of Sunflower (Helianthus annuus L.) fungal pathogens', 'A three-level fuzzy-2 DTC of induction motor drive using SVPWM', 'Transient performance of three-phase self-excited induction generator during balanced and unbalanced faults', 'Synthesis and characterization of some novel Schiff base complexes of Oxovanadium (IV) cation']"
Hem C. Kandpal,"Assistant Professor, Department of Chemistry, IIT Roorkee","Computational material science, solid state chemistry",6446,https://scholar.google.com/citations?hl=en&user=0QZudlsAAAAJ,26,37,"['Calculated electronic and magnetic properties of the half-metallic, transition metal based Heusler compounds', 'Geometric, electronic, and magnetic structure of : Curie temperature and magnetic moment measurements and calculations', 'Investigation of Co2FeSi: The Heusler compound with highest Curie temperature and magnetic moment', 'First-principles indicators of metallicity and cation off-centricity in the IV-VI rocksalt chalcogenides of divalent Ge, Sn, and Pb', 'Covalent bonding and the nature of band gaps in some half-Heusler compounds', 'Properties of the quaternary half-metal-type Heusler alloy', 'Valence electron rules for prediction of half-metallic compensated-ferrimagnetic behaviour of Heusler compounds with complete spin polarization', 'Correlation in the transition-metal-based Heusler compounds  and', 'Kitaev interactions between j\xa0=\xa01/2 moments in honeycomb Na2IrO3 are large and ferromagnetic: insights from ab initio quantum chemistry calculations', 'Slater-Pauling rule and Curie temperature of Co2-based Heusler compounds']"
Kaushik Parida,"Indian Institute of Technology Roorkee (IIT Roorkee), NanyangTechnological University","Soft Electronic, Triboelectric Nanogenerator, Piezoelectric Nanogenerator, Electronic-skin, Energy",6293,https://scholar.google.com/citations?hl=en&user=bM1dtJMAAAAJ,36,47,"['Skin-touch-actuated textile-based triboelectric nanogenerator with black phosphorus for durable biomechanical energy harvesting', 'Extremely stretchable and self-healing conductor based on thermoplastic elastomer for all-three-dimensional printed triboelectric nanogenerator', 'Highly transparent, stretchable, and self‐healing ionic‐skin triboelectric nanogenerators for energy harvesting and touch applications', 'Enhanced piezoelectric energy harvesting performance of flexible PVDF-TrFE bilayer films with graphene oxide', 'Core-shell nanofiber mats for tactile pressure sensor and nanogenerator applications', 'Wearable all‐fabric‐based triboelectric generator for water energy harvesting', 'All 3D-printed stretchable piezoelectric nanogenerator with non-protruding kirigami structure', 'A stretchable and self‐healing energy storage device based on mechanically and electrically restorative liquid‐metal particles and carboxylated polyurethane composites', 'Metal Organic Framework-Derived Metal Phosphates as Electrode Materials for Supercapacitors.', 'Progress on triboelectric nanogenerator with stretchability, self-healability and bio-compatibility']"
HARI OM GUPTA,RETIRED from DIRECTOR JIIT NOIDA and IIT ROORKEE,"Power System, Reliability, Transformer, Control System, Drives",6071,https://scholar.google.com/citations?hl=en&user=6ZsO8LgAAAAJ,36,98,"['Fuzzy logic controlled shunt active power filter for power quality improvement', 'Optimal control of nonlinear inverted pendulum system using PID controller and LQR: performance analysis without and with disturbance input', 'A new nonlinear directional overcurrent relay coordination technique, and banes and boons of near-end faults based approach', 'Location of unified power flow controller for congestion management', 'DG integrated approach for service restoration under cold load pickup', 'Time-Overcurrent Relay Coordination: A Review.', 'Performance investigation of neural-network-based unified power-quality conditioner', 'ANN-based estimator for distillation using Levenberg–Marquardt approach', 'Wheeling of power under deregulated environment of power system-a bibliographical survey', 'Optimal control of nonlinear inverted pendulum dynamical system with disturbance input using PID controller & LQR']"
Prof. Kaushik Pal,"Professor, Department of Mechanical and Industrial Engineeering, IIT Roorkee-247667.","Advanced nanomaterials, Targeted drug delivery and Biomedical …, Sensors, Energy harvesting",6059,https://scholar.google.com/citations?hl=en&user=BtR4zuoAAAAJ,42,125,"['Review on hydrogen storage materials and methods from an electrochemical viewpoint', 'Development of nitrile butadiene rubber–nanoclay composites with epoxidized natural rubber as compatibilizer', 'Recent advances in the processing of wood-plastic composites', 'Effects of ambient temperature and wind speed on performance of monocrystalline solar photovoltaic module in Tripura, India', 'Effect of fillers on natural rubber/high styrene rubber blends with nano silica: morphology and wear', 'Combined effect of cellulose nanocrystal and reduced graphene oxide into poly-lactic acid matrix nanocomposite as a scaffold and its anti-bacterial activity', 'Simultaneous improvement of mechanical strength, ductility and corrosion resistance of stir cast Al7075-2% SiC micro-and nanocomposites by friction stir processing', 'One-step one chemical synthesis process of graphene from rice husk for energy storage applications', 'Effective energy harvesting from a single electrode based triboelectric nanogenerator', 'Impact of Doping on GO: Fast Response–Recovery Humidity Sensor']"
Krishna Mohan Poluri,"Professor, Department of Biosiciences and Bioengineering, Indian Institute of Technology …","Structural & Computational Biology, NMR Spectroscopy, NanoBiotechnology, Algal Biotechnology",5921,https://scholar.google.com/citations?hl=en&user=qaJR3hMAAAAJ,40,158,"['Chemokine CXCL1 mediated neutrophil recruitment: Role of glycosaminoglycan interactions', 'Fabrication and characterization of bioblocks from agricultural waste using fungal mycelium for renewable and sustainable applications', 'Heavy metal detoxification mechanisms by microalgae: Insights from transcriptomics analysis', 'Leveraging algal omics to reveal potential targets for augmenting TAG accumulation', 'Co-culturing of oleaginous microalgae and yeast: paradigm shift towards enhanced lipid productivity', 'A hybrid approach integrating arsenic detoxification with biodiesel production using oleaginous microalgae', 'Carbon capture, storage, and usage with microalgae: a review', 'NMR-based metabolomic approach to elucidate the differential cellular responses during mitigation of arsenic (III, V) in a green microalga', 'Molecular basis of glycosaminoglycan heparin binding to the chemokine CXCL1 dimer', 'Polyphenolic flavonoid (Myricetin) upregulated proteasomal degradation mechanisms: Eliminates neurodegenerative proteins aggregation']"
Moumita Maiti,Indian Institute of Technology Roorkee,"Nuclear reaction, Isotope production, nuclear data, nuclear chemistry, nuclear physics",5876,https://scholar.google.com/citations?hl=en&user=uxBWHTUAAAAJ,36,100,"['A new value for the half-life of 10Be by Heavy-Ion Elastic Recoil Detection and liquid scintillation counting', 'Fusion Reaction Leading to Element : Long-Lived -Decaying  and Discovery of', 'Production and Decay of Element 114: High Cross Sections and the New Nucleus', 'The electron capture in 163Ho experiment – ECHo', 'First superheavy element experiments at the GSI recoil separator TASCA: The production and decay of element 114 in the (,3-4) reaction', 'The Electron Capture Ho Experiment ECHo', 'Modification of geopolymer with size controlled TiO2 nanoparticle for enhanced durability and catalytic dye degradation under UV light', 'Search for elements 119 and 120', 'Genotypic variability in maize CultivarsZea maysL.) for resistance to drought and salinity at the seedling stage', 'New Short-Lived Isotope  and the Mass Surface Near']"
Arun K. Saraf,"University of Dundee, United Kingdom; Indian Institute of Technology Roorkee, India","Teaching, Research (Remote Sensing, GIS, Geomorphology, Geohydrology)",5712,https://scholar.google.com/citations?hl=en&user=TLJDrHQAAAAJ,39,83,"['Integrated remote sensing and GIS for groundwater exploration and identification of artificial recharge sites', 'Comparison of different models for susceptibility mapping of earthquake triggered landslides related with the 2008 Wenchuan earthquake in China', 'Role of elevation and aspect in snow distribution in Western Himalaya', 'Flood inundation mapping using NOAA AVHRR data', 'Accuracy assessment of MODIS, NOAA and IRS data in snow cover mapping under Himalayan conditions', 'Landsat-TM data for estimating ground temperature and depth of subsurface coal fire in the Jharia coalfield, India', 'Satellite detection of earthquake thermal infrared precursors in Iran', 'A Landsat TM based comparative study of surface and subsurface fires in the Jharia coalfield, India', 'GIS based surface hydrological modelling in identification of groundwater recharge zones', 'Cover: NOAA‐AVHRR detects thermal anomaly associated with the 26 January 2001 Bhuj earthquake, Gujarat, India']"
Dr. Nishi Kant Bhardwaj,"Visiting Professor, Department of Paper Technology, IIT Roorkee","Pulp & Paper Technology, Recycling, Environment",5711,https://scholar.google.com/citations?hl=en&user=QMdF2E8AAAAJ,38,130,"['Bacterial nanocellulose: Present status, biomedical applications and future perspectives', 'Prospects of rice straw as a raw material for paper making', 'Waste paper: An underutilized but promising source for nanocellulose mining', 'Environmental issues of pulp bleaching and prospects of peracetic acid pulp bleaching: A review', 'Microstructural and mechanical properties of porous biocomposite scaffolds based on polyvinyl alcohol, nano-hydroxyapatite and cellulose nanocrystals', 'Synthesis and characterization of methylcellulose/PVA based porous composite', 'Production of Crude Cellulase and Xylanase From Trichoderma harzianum PPDDN10 NFCCI-2925 and Its Application in Photocopier Waste Paper Recycling', 'Optimization of chemical and enzymatic deinking of photocopier waste paper', 'A comparative study of the effect of refining on charge of various pulps', 'Pulp charge determination by different methods: effect of beating/refining']"
Dr. Amalendu Patnaik,"Professor, Electronics and Communication Engineering, IIT Roorkee","Microstrip antennas, array signal processing, soft-computing techniques in …",5703,https://scholar.google.com/citations?hl=en&user=Xt8YADwAAAAJ,32,77,"['Modern antenna handbook', 'Defected ground structure in the perspective of microstrip antennas: a review', 'Neural network-based CAD model for the design of square-patch antennas', 'An ANN application for fault finding in antenna arrays', 'Material selection for TH z antennas', 'Efficiency enhancement of microstrip patch antenna with defected ground structure', 'ANN techniques in microwave engineering', 'Novel printed MIMO antenna with pattern and polarization diversity', 'Applications of neural networks in wireless communications', 'Design and testing of a compact circularly polarised microstrip antenna with fractal defected ground structure for L‐band applications']"
Rajib Chowdhury,"Professor, IIT Roorkee, India","Modelling, Simulation, Reliability, Nanomechanics, Computational Material Science",5631,https://scholar.google.com/citations?hl=en&user=NuP8ItUAAAAJ,44,108,"['Effective mechanical properties of hexagonal boron nitride nanosheets', 'A critical review of surrogate assisted robust design optimization', 'Vibrating carbon nanotube based bio-sensors', 'High Dimensional Model Representation for Piece Wise Continuous Function Approximation', 'High dimensional model representation for piece‐wise continuous function approximation', 'A critical assessment of Kriging model variants for high-fidelity uncertainty quantification in dynamics of composite shells', 'A molecular mechanics approach for the vibration of single-walled carbon nanotubes', 'Anti-impact behavior of auxetic sandwich structure with braided face sheets and 3D re-entrant cores', 'An adaptive mesh refinement algorithm for phase-field fracture models: Application to brittle, cohesive, and dynamic fracture', 'Transverse vibration of single-layer graphene sheets']"
Dr RS Anand,IIT Roorkee,,5591,https://scholar.google.com/citations?hl=en&user=r7_w1jAAAAAJ,40,104,"['A transfer learning approach for AI-based classification of brain tumors', 'Epileptic seizure detection using DWT based fuzzy approximate entropy and support vector machine', 'Epileptic seizures detection in EEG using DWT-based ApEn and artificial neural network', 'Flaw detection in radiographic weldment images using morphological watershed segmentation technique', 'Color image segmentation for medical images using L* a* b* color space', 'Nonsubsampled shearlet based CT and MR medical image fusion using biologically inspired spiking neural network', 'Edge preserved image enhancement using adaptive fusion of images denoised by wavelet and curvelet transform', 'An ant colony system approach for unit commitment problem', 'A hybrid edge-based segmentation approach for ultrasound medical images', 'Multimodal medical image fusion using hybrid layer decomposition with CNN-based feature mapping and structural clustering']"
Raj kumar; RK Sadasivam; SR Kumar,Ph.D. IIT Roorkee,"Nanomaterials, polymeric nanofiberous membrane, nanocomposites, composite nanofibrous materials",5511,https://scholar.google.com/citations?hl=en&user=30oTxQEAAAAJ,34,106,"['Quantitative multiplex immunohistochemistry reveals myeloid-inflamed tumor-immune complexity associated with poor prognosis', 'The emerging role of botulinum toxin in the treatment of orofacial disorders: Literature update', 'Living well with kidney disease by patient and care-partner empowerment: kidney health for everyone everywhere', 'A new approach to improve the discharging capacity of sharp-crested triangular plan form weirs', 'Resonant-phonon terahertz quantum-cascade laser operating at 2.1 THz ([lamda]= 141 µm)', 'Plasma catecholamines in patients with acute myocardial infarction and in cardiac arrest', 'A machine learning‐based, decision support, mobile phone application for diagnosis of common dermatological diseases', 'A review on effective design processes of constructed wetlands', 'Predictors for anastomotic leak, postoperative complications, and mortality after right colectomy for cancer: results from an international snapshot audit', ""Effect of embelin against 3-nitropropionic acid-induced Huntington's disease in rats""]"
Mohd Ashraf Iqbal,"Professor, Civil Engineering, IIT Roorkee","Impact Mechanics, Crash, Blast, Penetration",5499,https://scholar.google.com/citations?hl=en&user=mUzzIwsAAAAJ,39,102,"['Experimental and numerical studies on the behavior of thin aluminum plates subjected to impact by blunt-and hemispherical-nosed projectiles', 'Effect of projectile nose shape, impact velocity and target thickness on deformation behavior of aluminum plates', 'Study of the constitutive behavior of 7075-T651 aluminum alloy', 'The characterization and ballistic evaluation of mild steel', 'Experimental and numerical investigation of reinforced concrete slabs under blast loading', 'Effect of projectile nose shape, impact velocity and target thickness on the deformation behavior of layered plates', 'An investigation of the constitutive behavior of Armox 500T steel and armor piercing incendiary projectile material', 'Experimental and numerical studies on the drop impact resistance of prestressed concrete plates', '3D numerical simulations of ductile targets subjected to oblique impact by sharp nosed projectiles', 'A new FE model based on higher order zigzag theory for the analysis of laminated sandwich beam with soft core']"
Ravi Kumar,Indian Institute of Technology Roorkee,,5484,https://scholar.google.com/citations?hl=en&user=eijeZDcAAAAJ,34,91,"['Performance of a double pass solar air collector', ""Pallidotomy and deep brain stimulation of the pallidum and subthalamic nucleus in advanced Parkinson's disease."", 'Preparation and pool boiling characteristics of copper nanofluids over a flat plate heater', 'Pressure drop and heat transfer augmentation due to coiled wire inserts during laminar flow of oil inside a horizontal tube', 'Effect of twisted tape insert on heat transfer and pressure drop in horizontal evaporators for the flow of R-134a', 'Condensation heat transfer of R-134a inside a microfin tube with different tube inclinations', 'Flow characteristics of refrigerants flowing through capillary tubes–a review', 'AI-powered blockchain technology for public health: a contemporary review, open challenges, and future research directions', 'Advances in development of biodegradable food packaging material from agricultural and agro‐industry waste', 'Characterization and pool boiling heat transfer studies of nanofluids']"
BK Mishra,IIT Roorkee,"solid mechanics, fracture mechanics, composite materials",5484,https://scholar.google.com/citations?hl=en&user=Ycn7ahcAAAAJ,43,103,"['The numerical simulation of fatigue crack growth using extended finite element method', 'An adaptive multiscale phase field method for brittle fracture', 'Numerical simulation of functionally graded cracked plates using NURBS based XIGA under different loads and boundary conditions', 'Fatigue crack growth simulations of interfacial cracks in bi-layered FGMs using XFEM', 'A comparative study and ABAQUS implementation of conventional and localizing gradient enhanced damage models', 'A homogenized XFEM approach to simulate fatigue crack growth problems', 'A new framework based on continuum damage mechanics and XFEM for high cycle fatigue crack growth simulations', 'Stochastic fatigue crack growth simulation of interfacial crack in bi-layered FGMs using XIGA', 'A new multiscale XFEM for the elastic properties evaluation of heterogeneous materials', 'New enrichments in XFEM to model dynamic crack response of 2-D elastic solids']"
Ravi Bhushan,"Professor, Department of Chemistry, Indian Institute of Technology Roorkee","Organic chemistry, Enantioseparation, Liquid chromatography, Protein chemistry",5437,https://scholar.google.com/citations?hl=en&user=-fE0yDwAAAAJ,37,161,"['Marfey’s reagent for chiral amino acid analysis: a review', ""Use of Marfey's reagent and analogs for chiral amino acid analysis: assessment and applications to natural products and biological systems"", 'Direct enantioseparation of some β-adrenergic blocking agents using impregnated thin-layer chromatography', 'Thin-layer chromatographic separation of enantiomeric dansylamino acids using a macrocyclic antibiotic as a chiral selector', 'Amino acids: chromatographic separation and enantioresolution', 'Resolution of (±)-ibuprofen using L-arginine-impregnated thin-layer chromatography', 'Direct enantiomeric resolution of (±)‐atenolol, (±)‐metoprolol, and (±)‐propranolol by impregnated TLC using L‐aspartic acid as chiral selector', 'Purification of enantiomeric mixtures in enantioselective synthesis: Overlooked errors and scientific basis of separation in achiral environment', 'Direct TLC resolution of atenolol and propranolol into their enantiomers using three different chiral selectors as impregnating reagents', 'Liquid chromatographic separation and UV determination of certain antihypertensive agents']"
P Jeevanandam,"Department of Chemistry, Indian Institute of Technology Roorkee",Nanoparticles,5407,https://scholar.google.com/citations?hl=en&user=YMhDgVIAAAAJ,39,90,"['Synthesis, properties, and applications of oxide nanomaterials', 'The sonochemical preparation of amorphous silver nanoparticles', 'Synthesis of nanosized α-nickel hydroxide by a sonochemical method', 'Near infrared reflectance properties of metal oxide nanoparticles', 'Adsorption of thiophenes out of hydrocarbons using metal impregnated nanocrystalline aluminum oxide', 'Preparation of nanosized nickel aluminate spinel by a sonochemical method', 'Synthesis of self-assembled prismatic iron oxide nanoparticles by a novel thermal decomposition route', 'Synthesis of metal aluminate nanoparticles by sol–gel method and studies on their reactivity', 'A study on adsorption of surfactant molecules on magnesium oxide nanocrystals prepared by an aerogel route', 'Synthesis of morphologically controlled lanthanum carbonate particles using ultrasound irradiation']"
Rajat Agrawal,"Professor, Department of Management Studies, IIT Roorkee","Supply chain management, sprituality",5377,https://scholar.google.com/citations?hl=en&user=wp7djCYAAAAJ,40,87,"['Social sustainability in the supply chain: Construct development and measurement validation', 'Analysis of barriers to women entrepreneurship: The DEMATEL approach', 'Supplier selection using social sustainability: AHP based approach in India', 'Agility and lean practices as antecedents of supply chain social sustainability', 'Literature review and proposed conceptual framework', 'Enablers for competitiveness of Indian manufacturing sector: an ISM-fuzzy MICMAC analysis', 'Consumer adoption of green products: Modeling the enablers', 'Social sustainability in the supply chain: analysis of enablers', 'Impediments to social sustainability adoption in the supply chain: An ISM and MICMAC analysis in Indian manufacturing industries', 'Supply chain social sustainability: A comparative case analysis in indian manufacturing industries']"
Vishal kumar,IIT Roorkee,,5360,https://scholar.google.com/citations?hl=en&user=8LgsalcAAAAJ,24,59,"['Optimal placement of different type of DG sources in distribution networks', 'Hybrid approach for optimal placement of multiple DGs of multiple types in distribution networks', 'Microgrid control: A comprehensive survey', 'DG integrated approach for service restoration under cold load pickup', 'Optimal placement of distributed generation in distribution networks', 'Microgrid modelling: A comprehensive survey', 'Cost–benefit analysis for optimal distributed generation placement in distribution systems', 'Distributed adaptive-MPC type optimal PMS for PV-battery based isolated microgrid', 'Multi area AGC scheme using imperialist competition algorithm in restructured power system', 'Microgrid differential protection based on superimposed current angle employing synchrophasors']"
Prof. RP Maheshwari,"Professor of Electrical Engineering, IIT Roorkee","Power System Protection, Digital Signal Processing, Image Processing",5350,https://scholar.google.com/citations?hl=en&user=ZaBya3QAAAAJ,34,66,"['Local tetra patterns: a new feature descriptor for content-based image retrieval', 'A new nonlinear directional overcurrent relay coordination technique, and banes and boons of near-end faults based approach', 'Power transformer differential protection based on optimal probabilistic neural network', 'Local maximum edge binary patterns: a new descriptor for image retrieval and object tracking', 'Combined wavelet-SVM technique for fault zone detection in a series compensated transmission line', 'Fault classification technique for series compensated transmission line using support vector machine', 'Directional local extrema patterns: a new descriptor for content based image retrieval', 'Time-Overcurrent Relay Coordination: A Review.', 'Incidence and risk factors of retinopathy of prematurity in a tertiary care newborn unit in New Delhi.', 'Transmission line fault detection and classification']"
Abhishek Nag,"Assistant Professor, Department of Physics, Indian Institute of Technology, Roorkee, India","Charge-magnetisation dynamics, Multiferroics, Spin-Orbit Coupling, Ultrafast Spectroscopy",5222,https://scholar.google.com/citations?hl=en&user=C-owNuAAAAAJ,31,53,"['Superstructure control of first-cycle voltage hysteresis in oxygen-redox cathodes', 'First-cycle voltage hysteresis in Li-rich 3d cathodes associated with molecular O2 trapped in the bulk', 'Electronic structure of the parent compound of superconducting infinite-layer nickelates', 'Coherent many-body exciton in van der Waals antiferromagnet NiPS3', 'Magnetic excitations in infinite-layer nickelates', 'Delocalized electron holes on oxygen in a battery cathode', 'Charge density waves in infinite-layer NdNiO2 nickelates', 'A broken translational symmetry state in an infinite-layer nickelate', 'Orbital and spin character of doped carriers in infinite-layer nickelates', 'I21: an advanced high-resolution resonant inelastic X-ray scattering beamline at Diamond Light Source']"
"Anil K. Sharma, Professor","Department of Management Studies, Indian Institute of Technology",Finance and Accounting,5170,https://scholar.google.com/citations?hl=en&user=DnWW4XgAAAAJ,30,44,"['Effect of working capital management on firm profitability: Empirical evidence from India', 'Economic value added (EVA)-literature review and relevant issues', 'Audit committee, corporate governance and firm performance: Empirical evidence from India', 'Determinants of foreign direct investment in developing countries: a panel data study', 'Capital structure and firm performance: Empirical evidence from India', 'An empirical analysis of macroeconomic and bank-specific factors affecting liquidity of Indian banks', 'Determinants of capital structure: an empirical evaluation from India', 'Corporate social responsibility: modern vis‐à‐vis Vedic approach', 'Efficiency and productivity of banking sector: A critical analysis of literature and design of conceptual model', 'Evolution of “universal business excellence model” incorporating Vedic philosophy']"
Prof.Manoranjan Parida,"Professor, Civil Engineering  Department, Indian Institute of Technology Roorkee","URBAN TRANSPORT PLANNING, TRANSPORTATION SAFETY AND …",5070,https://scholar.google.com/citations?hl=en&user=SsxEiMwAAAAJ,37,112,"['Short term traffic flow prediction for a non urban highway using artificial neural network', 'Walk accessibility to metro stations: An analysis based on meso-or micro-scale built environment factors', 'Interrelationships among service quality factors of Metro Rail Transit System: An integrated Bayesian networks and PLS-SEM approach', 'Evaluation and analysis of traffic noise along bus rapid transit system corridor', 'Influence of microscale environmental factors on perceived walk accessibility to metro stations', 'Short term traffic flow prediction in heterogeneous condition using artificial neural network', 'Evaluation of prioritization methods for effective pavement maintenance of urban roads', 'Identification of neighborhood typology for potential transit-oriented development', 'HDM-4 pavement deterioration models for Indian national highway network', 'Demystifying service quality of Multimodal Transportation Hub (MMTH) through measuring users’ satisfaction of public transport']"
Pradeep Srivastava,"Department of Earth Sciences, IIT Roorkee, India",Quaternary Geology,5048,https://scholar.google.com/citations?hl=en&user=2L5O7u8AAAAJ,47,87,"['Widespread aggradation in the mountainous catchment of the Alaknanda–Ganga River System: timescales and implications to Hinterland–foreland relationships', 'Luminescence chronometry and Late Quaternary geomorphic history of the Ganga Plain, India', 'Fashion and phases of late Pleistocene aggradation and incision in the Alaknanda River Valley, western Himalaya, India', 'Luminescence chronology of river adjustment and incision of Quaternary sediments in the alluvial plain of the Sabarmati River, north Gujarat, India', '8000-year monsoonal record from Himalaya revealing reinforcement of tropical and global climate systems since mid-Holocene', 'The advent of herding in southern Africa: early AMS dates on domestic livestock from the Kalahari Desert', 'Late Pleistocene braided rivers of the Atlantic coastal plain, USA', 'Upland interfluve (Doab) deposition: alternative model to muddy overbank deposits', 'Geomorphological evidences of post-LGM glacial advancements in the Himalaya: a study from Chorabari Glacier, Garhwal Himalaya, India', 'Terrain response to the extreme rainfall event of June 2013: Evidence from the Alaknanda and Mandakini River Valleys, Garhwal Himalaya, India']"
Prof. Gaurav Manik,"Professor,Department of Polymer & Process Engineering, Indian Institute of Technology …","Molecular Simulations, Proces Simulation & Control, Polymer Science & Engineering, Chemical Engg.",5036,https://scholar.google.com/citations?hl=en&user=iGBcgEQAAAAJ,41,104,"['Recent progress in super hydrophobic/hydrophilic self-cleaning surfaces for various industrial applications: a review', 'Biofunctionalized graphene quantum dots based fluorescent biosensor toward efficient detection of small cell lung cancer', 'Light-weight high-strength hollow glass microspheres and bamboo fiber based hybrid polypropylene composite: A strength analysis and morphological study', 'Effect of sulfur doping on fluorescence and quantum yield of graphene quantum dots: an experimental and theoretical investigation', 'Sulfur doped graphene quantum dots as a potential sensitive fluorescent probe for the detection of quercetin', 'Recent advancements in synthesis and property control of graphene quantum dots for biomedical and optoelectronic applications', 'Recent advances in graphene quantum dot-based optical and electrochemical (bio) analytical sensors', 'Development of completely bio‐based epoxy networks derived from epoxidized linseed and castor oil cured with citric acid', 'Advances towards development of industrially relevant short natural fiber reinforced and hybridized polypropylene composites for various industrial applications: a review', 'Ti3C2-MXene decorated with nanostructured silver as a dual-energy acceptor for the fluorometric neuron specific enolase detection']"
Sunil Kumar Singal,iit roorkee,"small hydropower, cost optimisation",5028,https://scholar.google.com/citations?hl=en&user=PxUDaOIAAAAJ,31,71,"['Use of principal component analysis for parameter selection for development of a novel water quality index: a case study of river Ganga India', 'Review of mathematical modeling on latent heat thermal energy storage systems using phase-change material', 'A review on roughness geometry used in solar air heaters', 'Operation of hydro power plants-a review', 'Investigation of thermal performance of solar air heater having roughness elements as a combination of inclined and transverse ribs on the absorber plate', 'Effective efficiency of solar air heaters having different types of roughness elements on the absorber plate', 'Optimal installation of small hydropower plant—A review', 'Optimal economic planning of power transmission lines: A review', 'Small hydropower for sustainable energy development in India', 'Allocation of weights using factor analysis for development of a novel water quality index']"
Rahul Dev Garg,Professor IIT Roorkee,"Geoinformatics, Remote Sensing, GIS, GPS",4981,https://scholar.google.com/citations?hl=en&user=QdQNyY4AAAAJ,35,106,"['Evaluation of vertical accuracy of open source Digital Elevation Model (DEM)', 'Delineation of groundwater potential zone: An AHP/ANP approach', 'RS-GIS based assessment of river dynamics of Brahmaputra River in India', 'Population growth, land use and land cover transformations, and water quality nexus in the Upper Ganga River basin', 'Remote Sensing and GIS Based Approach for Identification of Artificial Recharge Sites', 'Evaluation of topographic index in relation to terrain roughness and DEM grid spacing', 'Health GIS and HIV/AIDS studies: Perspective and retrospective', 'SCAN-TO-BIM METHODOLOGY ADAPTED FOR DIFFERENT APPLICATION', 'A comparison of different regression models for downscaling Landsat and MODIS land surface temperature images over heterogeneous landscape', 'Automatic Road Extraction from High Resolution Satellite Image using Adaptive Global Thresholding and Morphological Operations']"
sham sondhi,"Professor, Department of Chemistry, Indian Institute of Technology Roorkee","organic chemistry, medicinal chemistry, analytical chemistry",4875,https://scholar.google.com/citations?hl=en&user=5gsnRAQAAAAJ,36,85,"['Synthesis, anti-inflammatory, analgesic and kinase (CDK-1, CDK-5 and GSK-3) inhibition activity evaluation of benzimidazole/benzoxazole derivatives and some Schiff’s bases', 'Synthetic DNA minor groove-binding drugs', 'Synthesis, anti-inflammatory and analgesic activities evaluation of some mono, bi and tricyclic pyrimidine derivatives', 'Synthesis, anti-inflammatory and analgesic activity evaluation of some amidine and hydrazone derivatives', 'Anticancer, anti-inflammatory and analgesic activity evaluation of heterocyclic compounds synthesized by the reaction of 4-isothiocyanato-4-methylpentan-2-one with substituted\xa0…', 'Anti-inflammatory, analgesic and antiamoebic activity evaluation of pyrimido [1, 6-a] benzimidazole derivatives synthesized by the reaction of ketoisothiocyanates with mono and\xa0…', 'Synthesis, anti-inflammatory and anticancer activity evaluation of some novel acridine derivatives', 'Synthesis of acridinyl-thiazolino derivatives and their evaluation for anti-inflammatory, analgesic and kinase inhibition activities', 'Solvent free synthesis, anti-inflammatory and anticancer activity evaluation of tricyclic and tetracyclic benzimidazole derivatives', 'Synthesis and biological evaluation of 2-thiopyrimidine derivatives']"
Subodh Sharma,Indian Institute of Technology Roorkee,"Aquatic Ecology, Freshwater Macroinvertebrates, WASH",4859,https://scholar.google.com/citations?hl=en&user=0x7aXlIAAAAJ,39,105,"['People need freshwater biodiversity', 'A global agenda for advancing freshwater biodiversity research', 'Diatoms as indicators of stream quality in the Kathmandu Valley and Middle Hills of Nepal and India', ""Fish and macroinvertebrate assemblages reveal extensive degradation of the world's rivers"", 'Influence of slope aspect on soil physico-chemical and biological properties in the mid hills of central Nepal', 'Applications of reduced tillage in hills of central Nepal', 'Water quality in the Central Himalaya', 'Knowledge, attitude and practices of pesticide use and acetylcholinesterase depression among farm workers in Nepal', 'Developing a sustainable agro-system for central Nepal using reduced tillage and straw mulching', 'Water quality, sanitation, and hygiene conditions in schools and households in Dolakha and Ramechhap districts, Nepal: results from a cross-sectional survey']"
Paramasivan Arumugam,Indian Institute of Technology Roorkee,"Nuclear Physics, Radio Astronomy, Quantum Computing, Quantum Information",4800,https://scholar.google.com/citations?hl=en&user=jso3N-4AAAAJ,26,54,"['The second data release from the European Pulsar Timing Array I. The dataset and timing analysis', 'The second data release from the European Pulsar Timing Array: IV. Implications for massive black holes, dark matter and the early Universe', 'The second data release from the European Pulsar Timing Array: III. Search for gravitational wave signals', 'Comparing recent pulsar timing array results on the nanohertz stochastic gravitational-wave background', 'The second data release from the European Pulsar Timing Array: II. Customised pulsar noise models for spatially correlated gravitational waves', 'The indian pulsar timing array: First data release', 'The second data release from the European Pulsar Timing Array V. Search for continuous gravitational wave signals', 'Relativistic mean field study of clustering in light nuclei', 'Evidence of antimagnetic rotation in odd-', 'T. Sil, M. Centelles, and X. Vinas']"
Akshay Dvivedi,"Professor of Mechanical and Industrial Engineering, IIT Roorkee","Non Traditional Machining, Quality, EDM, ECDM, USM",4673,https://scholar.google.com/citations?hl=en&user=N1DmCmEAAAAJ,38,108,"['Developments in electrochemical discharge machining: A review on electrochemical discharge machining, process variants and their hybrid methods', 'Drilling characteristics of sisal fiber-reinforced epoxy and polypropylene composites', 'Taguchi analysis of the residual tensile strength after drilling in glass fiber reinforced epoxy composites', 'On performance evaluation of textured tools during micro-channeling with ECDM', 'Effect of pulse duration on quality characteristics of blind hole drilled in glass by ECDM', 'Surface quality evaluation in ultrasonic drilling through the Taguchi technique', 'Decision-making on the selection of lean tools using fuzzy QFD and FMEA approach in the manufacturing industry', 'Experimental investigation and optimisation in EDM of Al 6063 SiCp metal matrix composite', 'An environment-friendly and sustainable machining method: near-dry EDM', 'On pressurized feeding approach for effective control on working gap in ECDM']"
Sudeb Dasgupta,"Department of Electronics and Communication Engineering, IIT Roorkee","Low Power Design, Nanoscale Device Modelling, Radiation Hard ICs and Devices",4650,https://scholar.google.com/citations?hl=en&user=62C6sgcAAAAJ,34,98,"['Nanoscale FinFET based SRAM cell design: Analysis of performance metric, process variation, underlapped FinFET, and temperature effect', 'Device and circuit co-design robustness studies in the subthreshold logic for ultralow-power applications for 32 nm CMOS', 'Analytical modeling for the estimation of leakage current and subthreshold swing factor of nanoscale double gate FinFET device', 'A compact drain current and threshold voltage quantum mechanical analytical modeling for FinFETs', 'Quantum mechanical analytical modeling of nanoscale DG FinFET: evaluation of potential, threshold voltage and source/drain resistance', 'Effect of well and substrate potential modulation on single event pulse shape in deep submicron CMOS', 'Analysis of noise margin, power and process variation for 32 nm FinFET based 6T SRAM cell', 'Analytical modeling of quasi planar nanoscale double gate FinFET with source/drain resistance and field dependent carrier mobility: a quantum mechanical study', 'Antifungal Activity of Some Plant Extracts Against Fungal Pathogens of Tea (Camellia sinensis.)', 'A comparative study of 6T, 8T and 9T decanano SRAM cell']"
Dr. Manish Kumar,"Ph.D. Biotechnology, Indian Institute of Technology Roorkee","NMR spectroscopy, Biophysics, Biochemistry, molecular Biology, immunology",4643,https://scholar.google.com/citations?hl=en&user=e1iZwSUAAAAJ,26,94,"['A comparative evaluation of groundwater suitability for irrigation and drinking purposes in two intensively cultivated districts of Punjab, India', 'Type 1 autoimmune pancreatitis and IgG4-related sclerosing cholangitis is associated with extrapancreatic organ failure, malignancy, and mortality in a prospective UK cohort', 'Multidimensional approaches of biogas production and up-gradation: opportunities and challenges', 'Face recognition using eigen faces and artificial neural network', 'Effect of bioactive tannoid principles of Emblica officinalis on iron-induced hepatic toxicity in rats', 'Evaluation of in vitro aldose reductase inhibitory potential of different fraction of Hybanthus enneaspermus Linn F. Muell', 'Electrodeposition of nanostructured ZnO thin film: a review', 'Use of spatiotemporal characteristics of ambient PM2. 5 in rural South India to infer local versus regional contributions', 'Assessing areas deforested by coal mining activities through satellite remote sensing images and GIS in parts of Korba, Chattisgarh', 'Influence of growth stage specific water stress on the yield, physico-chemical quality and functional characteristics of tomato grown in shallow basaltic soils']"
"SUJAY CHATTOPADHYAY, IITR","Professor, Polymer & Process Eng.,  IIT Roorkee",Electromembrane Drug delivery Phase …,4611,https://scholar.google.com/citations?hl=en&user=LQADBDEAAAAJ,37,80,"['Superhydrophobic surfaces: insights from theory and experiment', 'Nanomedicine for glaucoma: liposomes provide sustained release of latanoprost in the eye', 'Salt hydrate phase change materials: Current state of art and the road ahead', 'Advances in perfluorosulfonic acid-based proton exchange membranes for fuel cell applications: A review', 'Sustained release of an anti-glaucoma drug: demonstration of efficacy of a liposomal formulation in the rabbit eye', 'Continuous distribution kinetics for ultrasonic degradation of polymers', 'Advances in polybenzimidazole based membranes for fuel cell applications that overcome Nafion membranes constraints', 'Zirconia-and ceria-based electrolytes for fuel cell applications: critical advancements toward sustainable and clean energy production', 'Titanium dioxide nanoparticle-decorated polymer microcapsules enclosing phase change material for thermal energy storage and photocatalysis', 'Enzymatic degradation of poly (ε-caprolactone), poly (vinyl acetate) and their blends by lipases']"
Yogesh Vijay  Hote,"Dept. of Electrical Engineering, IIT Roorkee",Control systems,4565,https://scholar.google.com/citations?hl=en&user=vAf0AZAAAAAJ,35,95,"['Load frequency control in power systems via internal model control scheme and model-order reduction', 'Fractional order PID controller for load frequency control', 'PID controller design for load frequency control: Past, Present and future challenges', 'Advances in internal model control technique: A review and future prospects', 'PID controller design for interval load frequency control system with communication time delay', 'An efficient similarity measure approach for PCB surface defect detection', 'Decentralized PID load frequency control for perturbed multi-area power systems', 'Robust PIDD2 controller design for perturbed load frequency control of an interconnected time-delayed power systems', 'Fractional order PID controller for perturbed load frequency control using Kharitonov’s theorem', 'Reduced-order modeling of linear time invariant systems using big bang big crunch optimization and time moment matching method']"
Writam Banerjee,"GlobalFoundries, IIT Roorkee","Non-volatile memory, Thin films, resistive switching",4558,https://scholar.google.com/citations?hl=en&user=8iKLiz4AAAAJ,39,51,"['Challenges and applications of emerging nonvolatile memory devices', 'Hafnium Oxide (HfO2) – A Multifunctional Oxide: A Review on the Prospect and Challenges of Hafnium Oxide in Resistive Switching and Ferroelectric Memories', 'Eliminating negative-SET behavior by suppressing nanofilament overgrowth in cation-based memory', 'Confining cation injection to enhance CBRAM performance by nanopore graphene layer', 'Various threshold switching devices for integrate and fire neuron applications', 'Evolution of conductive filament and its impact on reliability issues in oxide-electrolyte based resistive random access memory', 'Nanocrystals for silicon-based light-emitting and memory devices', 'Engineering of defects in resistive random access memory devices', 'Full imitation of synaptic metaplasticity based on memristor devices', 'Transparent and flexible resistive switching memory devices with a very high ON/OFF ratio using gold nanoparticles embedded in a silk protein matrix']"
Rahul Kumar Singh,IIT Roorkee,"Water, Hydrology, Hydrological Modelling, Environmental flow",4536,https://scholar.google.com/citations?hl=en&user=73HK85cAAAAJ,26,122,"['Cardiorenal protection with the newer antidiabetic agents in patients with diabetes and chronic kidney disease: a scientific statement from the American Heart Association', 'The IL-1 receptor and Rho directly associate to drive cell activation in inflammation', 'Physicochemical, functional and rheological properties of grass pea (Lathyrus sativus L.) flour as influenced by particle size', 'Expression of modified gene encoding functional human α-1-antitrypsin protein in transgenic tomato plants', 'Delivery of biologics: Topical administration', 'Validation of leaf enzymes in the detergent and textile industries: launching of a new platform technology', 'Contributions of the international plant science community to the fight against human infectious diseases–part 1: epidemic and pandemic diseases', 'Recursive wideband digital differentiator and integrator', 'Effect of rice (Oryza sativa)-establishment methods, tillage practices in wheat (Triticum aestivum) and fertilization on soil physical properties and rice-wheat system\xa0…', 'Bioactives from medicinal herb against bedaquiline resistant tuberculosis: removing the dark clouds from the horizon']"
Pravindra Kumar,Professor at Indian Institute of Technology Roorkee,"Structural biology, Drug resistance and Bioremediation",4531,https://scholar.google.com/citations?hl=en&user=mnrRSKUAAAAJ,36,105,"['Structure of a Serine Protease Proteinase K from Tritirachium album limber at 0.98 Å Resolution', 'Structure-Based Identification of Potential Drugs Against FmtA of Staphylococcus aureus: Virtual Screening, Molecular Dynamics, MM-GBSA, and QM/MM', 'Antiviral strategies targeting host factors and mechanisms obliging+ ssRNA viral pathogens', 'Structure and function of proteins involved in milk allergies', 'Biodegradation of phthalic acid esters (PAEs) and in silico structural characterization of mono-2-ethylhexyl phthalate (MEHP) hydrolase on the basis of close structural homolog', 'Camel lactoferrin, a transferrin-cum-lactoferrin: crystal structure of camel apolactoferrin at 2.6 Å resolution and structural basis of its dual role', 'Emerging SARS-CoV-2 variants: genetic variability and clinical implications', 'Structure-function insights into chikungunya virus capsid protein: Small molecules targeting capsid hydrophobic pocket', 'Crystal structure of chikungunya virus nsP2 cysteine protease reveals a putative flexible loop blocking its active site', 'Purification and characterization of a trypsin inhibitor from Putranjiva roxburghii seeds']"
Dr. Santosh Rangnekar,Indian Institute of Technology Roorkee,"HRM, OB, KM, Technology Management",4529,https://scholar.google.com/citations?hl=en&user=MfhakUYAAAAJ,38,87,"['Transformational leadership and human capital benefits: The role of knowledge management', 'Servant leadership, employer brand perception, trust in leaders and turnover intentions: a sequential mediation model', 'Relationships between occupational self efficacy, human resource development climate, and work engagement', 'Evaluation and analysis of traffic noise along bus rapid transit system corridor', 'Organizational climate, climate strength and work engagement', 'Workplace mentoring and career resilience: An empirical test.', 'Organizational climate and managerial effectiveness: an Indian perspective', 'Supervisory support and organizational citizenship behavior: Mediating role of participation in decision making and job satisfaction', 'Relationships between emotional stability, psychosocial mentoring support and career resilience', 'The impact of transformational leadership on employees’ acceptance to change: Mediating effects of innovative behaviour and moderating effect of the use of information technology']"
Arun Awasthi,"Professor of Geology, IITRoorkee, Roorkee, India",Applied Geology,4500,https://scholar.google.com/citations?hl=en&user=z-FIntcAAAAJ,36,95,"['Current status and distribution of commercially exploited medicinal and aromatic plants in upper Gori valley, Kumaon Himalaya, Uttaranchal', 'Lithofacies of the Markanda terminal fan, Kurukshetra district, Haryana, India', 'Pyramiding of two bacterial blight resistance and a semidwarfing gene in Type 3 Basmati using marker-assisted selection', 'Effect of ZnO Nanoparticles on Germination of Triticum aestivum Seeds', 'Forest resource availability and its use by the migratory villages of Uttarkashi, Garhwal Himalaya (India)', 'Assessment of yield losses in mustard (Brassica juncea L.) due to mustard aphid (Lipaphis erysimi Kalt.) under different thermal environments in Eastern Central India', 'Analysis of phylogenetic relationship among five mulberry (Morus) species using molecular markers', 'Failure of dietary oligofructose to prevent antibiotic‐associated diarrhoea', 'Molecular characterization and identification of markers associated with yield traits in mulberry using ISSR markers', 'Detrital-zircon fission-track ages from the Lower Cenozoic sediments, NW Himalayan foreland basin: Clues for exhumation and denudation of the Himalaya during the India-Asia\xa0…']"
Raj Kumar Dutta,"Professor, Department of Chemistry, Indian Institute of Technology Roorkee","Nanomaterials, Quantum dots, Sensing applications, Photocatalysis, Adsorption",4469,https://scholar.google.com/citations?hl=en&user=qrLyY6cAAAAJ,37,70,"['Studies on antibacterial activity of ZnO nanoparticles by ROS induced lipid peroxidation', 'A facile method of synthesizing ammonia modified graphene oxide for efficient removal of uranyl ions from aqueous medium', 'Sunlight-Driven Photocatalytic Degradation of Ciprofloxacin by Carbon Dots Embedded in ZnO Nanostructures', 'Synthesis, characterization and enhanced photocatalytic degradation efficiency of Se doped ZnO nanoparticles using trypan blue as a model dye', 'Cobalt doped CuO nanoparticles as a highly efficient heterogeneous catalyst for reduction of 4-nitrophenol to 4-aminophenol', 'Elemental profile in some common medicinal plants of India. Its correlation with traditional therapeutic usage', 'A mechanistic approach for superoxide radicals and singlet oxygen mediated enhanced photocatalytic dye degradation by selenium doped ZnS nanoparticles', 'A novel method of synthesis of small band gap SnS nanorods and its efficient photocatalytic dye degradation', 'Enhanced ROS generation by ZnO-ammonia modified graphene oxide nanocomposites for photocatalytic degradation of trypan blue dye and 4-nitrophenol', 'Heavy metal bioaccumulation in selected medicinal plants collected from Khetri copper mines and comparison with those collected from fertile soil in Haridwar, India']"
Dr. Dheeraj K. Khatod,"Professor, Department of Electrical Engineering, IIT Roorkee","Power System, Renewable Energy",4466,https://scholar.google.com/citations?hl=en&user=NZ1ZMQUAAAAJ,26,55,"['Optimal planning of distributed generation systems in distribution system: A review', 'Optimal Sizing and Siting Techniques for Distributed Generation in Distribution Systems: A Review', 'Evolutionary Programming based Optimal Placement of Renewable Distributed Generators', 'Optimal allocation of combined DG and capacitor for real power loss minimization in distribution networks', 'An analytical approach for sizing and siting of DGs in balanced radial distribution networks for loss minimization', 'Analytical approach for optimal siting and sizing of distributed generation in radial distribution networks', 'Analytical approach for well-being assessment of small autonomous power systems with solar and wind energy sources', 'Development of cooking sector in rural areas in India-A review', 'Optimal installation of small hydropower plant-A review', 'A novel approach for sensitivity calculations in the radial distribution system']"
AVINASH PARASHAR,IIT Roorkee,"Atomistic simulations, molecular dynamics, nanocomposites, high entropy alloys",4457,https://scholar.google.com/citations?hl=en&user=yni96p8AAAAJ,37,83,"['Atomistic modeling of graphene/hexagonal boron nitride polymer nanocomposites: a review', 'Effect of grain boundaries on the interfacial behaviour of graphene-polyethylene nanocomposite', 'Experimental and computational studies to analyze the effect of h-BN nanosheets on mechanical behavior of h-BN/polyethylene nanocomposites', 'Effect of point and line defects on mechanical and thermal properties of graphene: a review', 'Tersoff potential with improved accuracy for simulating graphene in molecular dynamics environment', 'Enhanced thermal transport across a bi-crystalline graphene–polymer interface: an atomistic approach', 'The effect of STW defects on the mechanical properties and fracture toughness of pristine and hydrogenated graphene', 'Molecular dynamics based simulations to study the fracture strength of monolayer graphene oxide', 'Molecular dynamics based simulations to study failure morphology of hydroxyl and epoxide functionalised graphene', 'Tailoring the failure morphology of 2D bicrystalline graphene oxide']"
mala nath,"Department of Chemistry, Indian Institute of Technology Roorkee","Organotin chemistry, Li-ion battery, chemical evolution, ferrites, coordination chemistry",4422,https://scholar.google.com/citations?hl=en&user=2LIHliMAAAAJ,37,89,"['Organotin (IV) complexes of amino acids and peptides', 'Chemistry and applications of organotin (IV) complexes of Schiff bases', 'Toxicity and the cardiovascular activity of organotin compounds: a review', 'Synthesis, characteristic spectral studies and in vitro antimicrobial and antitumour activities of organotin(IV) complexes of Schiff bases derived from amino‐acids', 'TiO2@ ZIF-8: A novel approach of modifying micro-environment for enhanced photo-catalytic dye degradation and high usability of TiO2 nanoparticles', 'New organotin(IV) derivatives of dipeptides as models for metal–protein interactions: in vitro anti‐tumour activity', 'New di-and triorganotin (IV) complexes of tripodal Schiff base ligand containing three imidazole arms: Synthesis, structural characterization, anti-inflammatory activity and\xa0…', 'Tri-and diorganotin (IV) complexes of biologically important orotic acid: synthesis, spectroscopic studies, in vitro anti-cancer, DNA fragmentation, enzyme assays and in vivo\xa0…', 'Comparative study of structure–activity relationship of di-and tri-organotin (IV) derivatives of amino acid and peptides', 'Green synthesis of p-NiO/n-ZnO nanocomposites: Excellent adsorbent for removal of congo red and efficient catalyst for reduction of 4-nitrophenol present in wastewater']"
NK Goel,IIT Roorkee,"Hydrology, Water Resources Engineering",4351,https://scholar.google.com/citations?hl=en&user=kOjtxGYAAAAJ,33,56,"['Evaluation of temperature trends over India/Evaluation de tendances de température en Inde', 'Analysis of historical changes in rainfall in the Indian Himalayas', 'Improving real time flood forecasting using fuzzy inference system', 'The formation of groups for regional flood frequency analysis', 'Spatial distribution of rainfall in Indian Himalayas–a case study of Uttarakhand region', 'Temporal and spatial variability of annual and seasonal rainfall over Ethiopia', 'Takagi–Sugeno fuzzy inference system for modeling stage–discharge relationship', 'Multivariate modeling of flood flows', 'A derived flood frequency distribution for correlated rainfall intensity and duration', 'Deriving stage–discharge–sediment concentration relationships using fuzzy logic']"
Rishikesh Pandey,"Indian Institute of Technology, Roorkee","Raman Spectroscopy, Biophotonics, Clinical diagnostics, Label-free imaging, Cancer",4314,https://scholar.google.com/citations?hl=en&user=wy8rKtwAAAAJ,28,37,"['An overview on manufactured nanoparticles in plants: uptake, translocation, accumulation and phytotoxicity', 'Facile algae-derived route to biogenic silver nanoparticles: synthesis, antibacterial, and photocatalytic properties', 'Engineering tailored nanoparticles with microbes: quo vadis?', 'Leveraging the Attributes of Mucor hiemalis-Derived Silver Nanoparticles for a Synergistic Broad-Spectrum Antimicrobial Platform', 'Noninvasive monitoring of blood glucose with Raman spectroscopy', 'Injectable amnion hydrogel-mediated delivery of adipose-derived stem cells for osteoarthritis treatment', 'Polymer-based nanoparticles for drug delivery systems and cancer therapeutics.', 'Polyindole/cadmium sulphide nanocomposite based turn-on, multi-ion fluorescence sensor for detection of Cr3+, Fe3+ and Sn2+ ions', 'Advancing Raman spectroscopy from research to clinic: Translational potential and challenges', 'Ticagrelor removal from human blood']"
Abhijit Maiti,"Professor, Department of Polymer & Process Engineering, IIT Roorkee","Environmental engineering, Chemical Engineering, Arsenic fluoride and heavy metal removal, Membrane",4306,https://scholar.google.com/citations?hl=en&user=F7QKOXoAAAAJ,31,54,"['Removal of congo red using activated carbon and its regeneration', 'The utilization of agro-biomass/byproducts for effective bio-removal of dyes from dyeing wastewater: A comprehensive review', 'Hexavalent chromium removal from water by microalgal-based materials: Adsorption, desorption and recovery studies', 'The efficacy of bacterial species to decolourise reactive azo, anthroquinone and triphenylmethane dyes from wastewater: a review', 'The efficiency of Eichhornia crassipes in the removal of organic and inorganic pollutants from wastewater: a review', 'Adsorption of arsenite using natural laterite as adsorbent', 'Experimental and kinetic modeling of As (V) and As (III) adsorption on treated laterite using synthetic and contaminated groundwater: Effects of phosphate, silicate and\xa0…', 'Chemical treated laterite as promising fluoride adsorbent for aqueous system and kinetic modeling', 'Batch and column study: adsorption of arsenate using untreated laterite as adsorbent', 'Fe–Al–Mn@ chitosan based metal oxides blended cellulose acetate mixed matrix membrane for fluoride decontamination from water: Removal mechanisms and antibacterial behavior']"
Vivek Kumar Malik,"Department of Physics, IIT Roorkee","Thin films, Complex Oxides",4305,https://scholar.google.com/citations?hl=en&user=cvTJHo4AAAAJ,28,61,"['Dimensionality control of electronic phase transitions in nickel-oxide superlattices', 'Coexistence of static magnetism and superconductivity in SmFeAsO1−xFx as revealed\xa0by\xa0muon spin rotation', 'Direct measurement of the electronic spin diffusion length in a fully functional organic spin valve by low-energy muon spin rotation', 'Engineering spin propagation across a hybrid organic/inorganic interface using a polar layer', 'Evidence of a Precursor Superconducting Phase at Temperatures as High as 180\xa0K in  Superconducting Crystals from Infrared Spectroscopy', 'Coexistence of Magnetic Fluctuations and Superconductivity in the Pnictide High Temperature Superconductor  Measured by Muon Spin Rotation', 'Giant superconductivity-induced modulation of the ferromagnetic magnetization in a cuprate–manganite superlattice', 'Magnetic Proximity Effect in  <?format ?>and  Superlattices', 'Dynamical response and confinement of the electrons at the LaAlO 3/SrTiO 3 interface', 'Evidence for multiple superconducting gaps in optimally doped  from infrared spectroscopy']"
Sanjay Kumar Ghosh,"Professor & Former HOD, Civil Engineering, IIT Roorkee, Roorkee, Member BOG","GIS, Remote Sensing, Image Processing of digital data, Algorithm development, soft classification of",4295,https://scholar.google.com/citations?hl=en&user=3niZkn8AAAAJ,29,74,"['RDD2022: A multi‐national image dataset for automatic road damage detection', 'Deep learning-based road damage detection and classification for multiple countries', 'RDD2020: An annotated image dataset for automatic road damage detection using deep learning', 'Global road damage detection: State-of-the-art solutions', 'Remote sensing and geographical information system', 'Crop classification on single date sentinel-2 imagery using random forest and suppor vector machine', 'Development of an agricultural crops spectral library and classification of crops at cultivar level using hyperspectral data', 'Transfer learning-based road damage detection for multiple countries', 'Automatic building footprint extraction from high-resolution satellite image using mathematical morphology', 'Crowdsensing-based road damage detection challenge (CRDDC’2022)']"
Anuj Sharma,Indian Institute of Technology Roorkee,Synthetic organic chemistry,4290,https://scholar.google.com/citations?hl=en&user=wNkUDNIAAAAJ,37,90,"['Visible Light Assisted Radical‐Polar/Polar‐Radical Crossover Reactions in Organic Synthesis', 'Recent advances in photocatalytic manipulations of Rose Bengal in organic synthesis', 'Isocyanide based [4+ 1] cycloaddition reactions: an indispensable tool in multi-component reactions (MCRs)', 'Correction: Supported heterogeneous nanocatalysts in sustainable, selective and eco-friendly epoxidation of olefins', 'Thia‐Michael Addition: An Emerging Strategy in Organic Synthesis', 'Visible light-mediated applications of methylene blue in organic synthesis', 'Recent Advances in Electron Donor‐Acceptor (EDA)‐Complex Reactions involving Quaternary Pyridinium Derivatives', 'Microwave‐and ultrasound‐assisted extraction of vanillin and its quantification by high‐performance liquid chromatography in Vanilla planifolia', 'One-pot two-step synthesis of 4-vinylphenols from 4-hydroxy substituted benzaldehydes under microwave irradiation: a new perspective on the classical Knoevenagel–Doebner reaction', 'The first palladium-catalyzed desulfitative Sonogashira-type cross-coupling of (hetero) aryl thioethers with terminal alkynes']"
Narayan Chandra Mishra,Indian institute of Technology Roorkee,,4280,https://scholar.google.com/citations?hl=en&user=Bo8n8tMAAAAJ,33,52,"['Fabrication and characterization of PCL/gelatin composite nanofibrous scaffold for tissue engineering applications by electrospinning method', 'Fabrication and characterization of novel nano-biocomposite scaffold of chitosan–gelatin–alginate–hydroxyapatite for bone tissue engineering', 'Surface modification of nanofibrous polycaprolactone/gelatin composite scaffold by collagen type I grafting for skin tissue engineering', 'Development of a nanocomposite scaffold of gelatin–alginate–graphene oxide for bone tissue engineering', 'Gelatin-polycaprolactone-nanohydroxyapatite electrospun nanocomposite scaffold for bone tissue engineering', 'Guidelines for diagnosis and management of community-and hospital-acquired pneumonia in adults: Joint ICS/NCCP (I) recommendations', 'Fabrication and characterization of PCL/gelatin/chitosan ternary nanofibrous composite scaffold for tissue engineering applications', 'Gelatin—alginate—cerium oxide nanocomposite scaffold for bone regeneration', 'Decellularization methods for scaffold fabrication', 'Fabricating scaffolds by microfluidics']"
Ashish Mohan Yadav,IIT Roorkee,"Distributed computing, optimization",4275,https://scholar.google.com/citations?hl=en&user=6DjY1sEAAAAJ,34,86,"['Toxic hazards of leather industry and technologies to combat threat: a review', 'A Survey on Content Based Image Retrieval Systems', 'Electronic properties of 2D materials and their junctions', 'Sodium benzoate, a food preservative, affects the functional and activation status of splenocytes at non cytotoxic dose', 'Sunset yellow FCF, a permitted food dye, alters functional responses of splenocytes at non-cytotoxic dose', 'A bi-objective task scheduling approach in fog computing using hybrid fireworks algorithm', 'Controlled self-assembly of plasmon-based photonic nanocrystals for high performance photonic technologies', 'Wearable strain sensors: state-of-the-art and future applications', 'Vacuum pyrolysed biochar for soil amendment', 'Highly accurate wearable piezoresistive sensors without tension disturbance based on weaved conductive yarn']"
Dr. Bhavesh Bhalja,Indian Institute of Technology Roorkee,"Digital Protection & Automation, Impact of Distributed Generation, Smart Grid/ Micro and its application",4254,https://scholar.google.com/citations?hl=en&user=mPb3mAkAAAAJ,35,104,"['Novel fault detection and localization algorithm for low-voltage DC microgrid', 'Transmission line fault detection and classification', 'Discrimination between internal faults and other disturbances in transformer using the support vector machine-based protection scheme', 'High-resistance faults on two terminal parallel transmission line: analysis, simulation studies, and an adaptive distance relaying scheme', 'New adaptive digital relaying scheme to tackle recloser–fuse miscoordination during distributed generation interconnections', 'A new digital distance relaying scheme for compensation of high-resistance faults on transmission line', 'Comparison of control strategies for DSTATCOM in three-phase, four-wire distribution system for power quality improvement under various source voltage and load conditions', 'Power system protection and switchgear', 'Fault discrimination scheme for power transformer using random forest technique', 'Wavelet-based fault classification scheme for a transmission line using a support vector machine']"
Dr SH Upadhyay,"Professor, Mechanical & Industrial Engineering Department, Indian Institute of Technology","Nonlinear Dynamics & Vibrations, Rolling Element Bearings, Fault Diagnostic and Prognostic, Smart material and Structure and Nan",4201,https://scholar.google.com/citations?hl=en&user=LurICscAAAAJ,31,67,"['A review on signal processing techniques utilized in the fault diagnosis of rolling element bearings', 'Fault Diagnosis of Rolling Element Bearing with Intrinsic Mode Function of Acoustic Emission data using APF-KNN', 'Bearing performance degradation assessment based on a combination of empirical mode decomposition and k-medoids clustering', 'Euclidean distance based feature ranking and subset selection for bearing fault diagnosis', 'Effect of interphase on elastic behavior of multiwalled carbon nanotube reinforced composite', 'A new glucose sensor based on encapsulated glucose oxidase within organically modified sol–gel glass', 'Acetylthiocholine/acetylcholine and thiocholine/choline electrochemical biosensors/sensors based on an organically modified sol–gel glass enzyme reactor and graphite paste\xa0…', 'A new glucose biosensor based on sandwich configuration of organically modified sol‐gel glass', 'An integrated approach to bearing prognostics based on EEMD-multi feature extraction, Gaussian mixture models and Jensen-Rényi divergence', 'Analysis of Nonlinear Phenomena in High Speed Ball Bearing System due to Radial Clearance and Unbalanced Rotor Effects']"
Umesh Kumar Sharma,"Professor, Civil Engineering Department, Indian Institute of Technology Roorkee",Structural Engineering,4191,https://scholar.google.com/citations?hl=en&user=rlB1U6YAAAAJ,34,112,"['Behavior of confined high strength concrete columns under axial compression', 'Corroded reinforced concrete columns under simulated seismic loading', 'Fire resistance and spalling performance of confined concrete columns', 'Compressive stress-strain behavior of small scale steel fibre reinforced high strength concrete cylinders', 'Full-scale fire test on an earthquake-damaged reinforced concrete frame', 'Mechanical properties of conventional structural steel and fire-resistant steel at elevated temperatures', 'Abrasion resistance of concrete containing marginal aggregates', 'Appraisal of carbon capture, storage, and utilization through fruit crops', 'Emergence of Orientia tsutsugamushi as an important cause of Acute Encephalitis Syndrome in India', 'Multi-response optimization of post-fire residual compressive strength of high performance concrete']"
Dr GD Ransinchung RN,Professor in Civil Engineering Department IIT Roorkee,Transportation Engineering,4191,https://scholar.google.com/citations?hl=en&user=R3LdJ7gAAAAJ,38,86,"['Feasibility of roller compacted concrete pavement containing different fractions of reclaimed asphalt pavement', 'An economical processing technique to improve RAP inclusive concrete properties', 'Utilization of industrial and agricultural wastes for productions of sustainable roller compacted concrete pavement mixes containing reclaimed asphalt pavement aggregates', 'Use of various agricultural and industrial waste materials in road construction', 'Utilization of reclaimed asphalt pavement aggregates containing waste from Sugarcane Mill for production of concrete mixes', 'Effect of mineral admixtures on fresh, mechanical and durability properties of RAP inclusive concrete', 'Feasibility study of RAP aggregates in cement concrete pavements', 'Assessment of water absorption and chloride ion penetration of pavement quality concrete admixed with wollastonite and microsilica', 'Laboratory investigation of RAP aggregates for dry lean concrete mixes', 'Laboratory investigation on the fresh, mechanical, and durability properties of roller compacted concrete pavement containing reclaimed asphalt pavement aggregates']"
Ashok K. Jain,"Advisor, AINST, Amity Noida; Formerly Professor, IITRoorkee",Nuclear Physics,4164,https://scholar.google.com/citations?hl=en&user=oFoCl-IAAAAJ,29,111,"['Intrinsic states of deformed odd- nuclei in the mass regions () and ()', 'Timing, quantification and tectonic modelling of Pliocene–Quaternary movements in the NW Himalaya: evidence from fission track dating', 'Atlas of nuclear isomers', 'Nuclear structure in odd-odd nuclei,', 'Jain, and B. Singh', 'Detrital-zircon fission-track ages from the Lower Cenozoic sediments, NW Himalayan foreland basin: Clues for exhumation and denudation of the Himalaya during the India-Asia\xa0…', 'Nuclear isomers: a primer', 'Evidence of antimagnetic rotation in odd-', 'Identification of drought-responsive transcripts in peanut (Arachis hypogaea L.)', 'Atlas of nuclear isomers—Second edition']"
Ashish Kumar,"Reasearch scholar, IIT Roorkee",Organic synthesis & Catalysis,4114,https://scholar.google.com/citations?hl=en&user=1UbfaJkAAAAJ,24,110,"['Edible composite bi-layer coating based on whey protein isolate, xanthan gum and clove oil for prolonging shelf life of tomatoes', 'Extractive automatic text summarization using SpaCy in Python & NLP', 'Assessing the impacts of climate change on land productivity in Indian crop agriculture: An evidence from panel data analysis', 'Combining ability and heterosis for seed yield and its components in Indian mustard (Brassica juncea L.)', 'The Traumatic Brain Injury Endpoints Development (TED) initiative: progress on a public-private regulatory collaboration to accelerate diagnosis and treatment of traumatic\xa0…', 'Antibiotic heterogeneity: from concept to practice', 'Epidemiology and management of candidaemia–a retrospective, multicentre study in five hospitals in the UK', 'Depleting indigenous knowledge of medicinal plants in cold-arid region of Nanda Devi Biosphere Reserve, Western Himalaya', 'Delhi earthquake of 25 November 2007 (M           w           4.1): implications for seismic hazard', 'Industrial mint crop revolution, new opportunities, and novel cultivation ambitions: A review']"
Vimal Kumar,"Professor, Department of Chemical Engineering, Indian Institute of Technology Roorkee","Computational Modelling of Multiphasic …, Rheology of Complex Fluids, Interfacial Phenomena",4102,https://scholar.google.com/citations?hl=en&user=N_xTKpAAAAAJ,34,55,"['A review on the potential applications of curved geometries in process industry', 'Pressure drop and heat transfer study in tube-in-tube helical heat exchanger', 'Single-phase fluid flow and mixing in microchannels', 'Performance of Kenics static mixer over a wide range of Reynolds number', 'Experimental and numerical investigation of fluid flow hydrodynamics in porous media: Characterization of pre-Darcy, Darcy and non-Darcy flow regimes', 'Numerical studies of a tube-in-tube helically coiled heat exchanger', 'Mixing in curved tubes', 'Numerical simulation of steady flow fields in coiled flow inverter', 'Coiled flow inverter as a heat exchanger', 'Formulation development, modeling and optimization of emulsification process using evolving RSM coupled hybrid ANN-GA framework']"
Monojit Bag,"IITR, Roorkee, Uttarakhand, India","Polymer solar cells, Organic electronics",4077,https://scholar.google.com/citations?hl=en&user=nPuuP64AAAAJ,31,62,"['Kinetics of ion transport in perovskite active layers and its implications for active layer stability', 'Quantifying capacitive and diffusion-controlled charge storage from 3D bulk to 2D layered halide perovskite-based porous electrodes for efficient supercapacitor applications', 'Indoor light recycling: a new home for organic photovoltaics', 'Understanding interface engineering for high‐performance fullerene/perovskite planar heterojunction solar cells', 'Correlating reduced fill factor in polymer solar cells to contact effects', 'Super-Resolution Luminescence Microspectroscopy Reveals the Mechanism of Photoinduced Degradation in CH3NH3PbI3 Perovskite Nanocrystals', 'High efficiency tandem thin-perovskite/polymer solar cells with a graded recombination layer', 'Area dependent efficiency of organic solar cells', 'Rapid combinatorial screening of inkjet-printed alkyl-ammonium cations in perovskite solar cells', 'Solar light induced photocatalytic process for reduction of hexavalent chromium and degradation of tetracycline and methylene blue by heterostructures made of SnS2 nanoplates\xa0…']"
Sudipta Sarkar,"Professor, Department of Civil Engineering, Indian Institute of Technology Roorkee, India","Nutrient recycling, Wastewater treatment, Trace contaminant removal, Environmental Nanotechnology",4066,https://scholar.google.com/citations?hl=en&user=a-zZ70EAAAAJ,28,46,"['Polymer-supported metals and metal oxide nanoparticles: synthesis, characterization, and applications', 'The Donnan membrane principle: opportunities for sustainable engineered processes and materials', 'A review on slow-release fertilizer: Nutrient release mechanism and agricultural sustainability', 'Sequencing batch reactor for wastewater treatment: recent advances', 'A comprehensive review on technological advances of adsorption for removing nitrate and phosphate from waste water', 'Arsenic removal from groundwater and its safe containment in a rural environment: validation of a sustainable approach', 'Sustainable waste management using black soldier fly larva: a review', 'Use of ArsenXnp, a hybrid anion exchanger, for arsenic removal in remote villages in the Indian subcontinent', 'Characterization of greywater in an Indian middle-class household and investigation of physicochemical treatment using electrocoagulation', 'Well-head arsenic removal units in remote villages of Indian subcontinent: field results and performance evaluation']"
Prof. Ram Jiwari,"Professor, Department of Mathematics, Indian Institute of Technology Roorkee","Numerical Analysis, Finite Element Methods, HHO Methods, Wavelets Analysis, Machine Learning",4054,https://scholar.google.com/citations?hl=en&user=lSX3PyIAAAAJ,35,89,"['A Haar wavelet quasilinearization approach for numerical simulation of Burgers’ equation', 'A hybrid numerical scheme for the numerical solution of the Burgers’ equation', 'Numerical simulation of two-dimensional sine-Gordon solitons by differential quadrature method', 'A differential quadrature algorithm to solve the two dimensional linear hyperbolic telegraph equation with Dirichlet and Neumann boundary conditions', 'A numerical scheme based on weighted average differential quadrature method for the numerical solution of Burgers’ equation', ""A differential quadrature method for numerical solutions of Burgers'‐type equations"", 'An algorithm based on exponential modified cubic B-spline differential quadrature method for nonlinear Burgers’ equation', 'Numerical solution of two-dimensional reaction–diffusion Brusselator system', 'Lagrange interpolation and modified cubic B-spline differential quadrature methods for solving hyperbolic partial differential equations with Dirichlet and Neumann boundary\xa0…', ""Differential quadrature method for two-dimensional Burgers' equations""]"
Barjeev Tyagi,"Professor, Department of Electrical Engineering. Indian Institute of Technology Roorkee",,4041,https://scholar.google.com/citations?hl=en&user=KIQNSh4AAAAJ,31,77,"['Optimal placement of different type of DG sources in distribution networks', 'Optimal control of nonlinear inverted pendulum system using PID controller and LQR: performance analysis without and with disturbance input', 'Hybrid approach for optimal placement of multiple DGs of multiple types in distribution networks', 'Genetic algorithm based support vector machine for on-line voltage stability monitoring', 'Optimal placement of distributed generation in distribution networks', 'Optimal control of nonlinear inverted pendulum dynamical system with disturbance input using PID controller & LQR', 'A decentralized automatic generation control scheme for competitive electricity markets', 'Modelling and simulation for optimal control of nonlinear inverted pendulum dynamical system using PID controller and LQR', 'Cost–benefit analysis for optimal distributed generation placement in distribution systems', 'A hybrid segmentation method based on Gaussian kernel fuzzy clustering and region based active contour model for ultrasound medical images']"
Dharm Dutt,"Department of Paper Technology, Indian Institute of Technology Roorkee","Biotechnology, Paper Technology, Industrial Microbiology",4036,https://scholar.google.com/citations?hl=en&user=FyRaqFAAAAAJ,35,89,"['Comparison of various eucalyptus species for their morphological, chemical, pulp and paper making characteristics', 'Biotechnological transformation of lignocellulosic biomass in to industrial products: an overview', 'Studies on bacterial cellulose produced by a novel strain of Lactobacillus genus', 'Complete characterization of bagasse of early species of Saccharum officinerum-Co 89003 for pulp and paper making', 'Valorization of paper mill lime sludge via application in building construction materials: A review', 'ANATOMICAL, MORPHOLOGICAL, AND CHEMICAL CHARACTERIZATION OF BAMBUSA TULDA, DENDROCALAMUS HAMILTONII, BAMBUSA BALCOOA, MALOCANA BACCIFERA, BAMBUSA ARUNDINACEA AND EUCALYPTUS\xa0…', 'Complete characterization of wheat straw (Triticum aestivum PBW-343 L. Emend. Fiori & Paol.)–A renewable source of fibres for pulp and paper making', 'Scaffold fabrication techniques of biomaterials for bone tissue engineering: a critical review', 'Studies on Hibiscus cannabinus and Hibiscus sabdariffa as an alternative pulp blend for softwood: An optimization of kraft delignification process', 'Characterization and anticancer potential of ferulic acid-loaded chitosan nanoparticles against ME-180 human cervical cancer cell lines']"
Professor Pradeep Kumar Jha,"Dept of Mech & Ind Engg, IIT Roorkee","Metal casting, Tundish steelmaking, Metal matrix composites",4017,https://scholar.google.com/citations?hl=en&user=2t31j2sAAAAJ,30,79,"['Developments in investment casting process—A review', 'The key attributes of synthesizing ceramic particulate reinforced Al-based matrix composites through stir casting process: a review', 'Influence of reinforcement type on microstructure, hardness, and tensile properties of an aluminum alloy metal matrix composite', 'Effect of machining parameters on cutting force and surface roughness of in situ Al–4.5% Cu/TiC metal matrix composites', 'Effect of varying TiB2 reinforcement and its ageing behaviour on tensile and hardness properties of in-situ Al-4.5% Cu-xTiB2 composite', 'Effect of height and position of dams on inclusion removal in a six strand tundish', 'Influence of electromagnetic stirrer position on fluid flow and solidification in continuous casting mold', 'A review of rapid prototyping integrated investment casting processes', 'Fluid flow and mixing in a six strand billet caster tundish: a parametric study', 'Simulation of electromagnetic field and its effect during electromagnetic stirring in continuous casting mold']"
Dr. Paritosh Mohanty,"Professor, Department of Chemistry, IIT Roorkee","Materials Chemistry, Nanoporous Materials, Carbon Dioxide Capture and utilization, Nanoscience and Nanotechnology",4015,https://scholar.google.com/citations?hl=en&user=MDUxqyIAAAAJ,36,84,"['Porous covalent electron-rich organonitridic frameworks as highly selective sorbents for methane and carbon dioxide', 'Magnetic properties of single-crystalline CoSi nanowires', 'Simple vapor-phase synthesis of single-crystalline Ag nanowires and single-nanowire surface-enhanced Raman scattering', 'Plant-based nanocellulose: A review of routine and recent preparation methods with current progress in its applications as rheology modifier and 3D bioprinting', 'Mixed titanium, silicon, and aluminum oxide nanostructures as novel adsorbent for removal of rhodamine 6G and methylene blue as cationic dyes from aqueous solution', 'Synthesis of single crystalline tellurium nanotubes with triangular and hexagonal cross sections', 'Nanoporous hypercrosslinked polyaniline: an efficient adsorbent for the adsorptive removal of cationic and anionic dyes', 'Adsorption of uranium from aqueous solution as well as seawater conditions by nitrogen-enriched nanoporous polytriazine', 'Phase-controlled growth of metastable Fe5Si3 nanowires by a vapor transport method', 'Flexible linker-based triazine-functionalized 2D covalent organic frameworks for supercapacitor and gas sorption applications']"
Mukat Lal Sharma,"Department of Earthquake Enigneering, Indian Institute of Technology Roorkee","Strong ground motion, Engineering Seismology, Seismic Hazard assessment, DInSAR, Earthquake Engineering",4004,https://scholar.google.com/citations?hl=en&user=pQ6AYIYAAAAJ,33,86,"['Ground-motion prediction equations based on data from the Himalayan and Zagros regions', 'Global regression relations for conversion of surface wave and body wave magnitudes to moment magnitude', 'Probabilistic seismic hazard map of NW Himalaya and its adjoining area, India', 'Attenuation relationship for estimation of peak ground horizontal acceleration using data from strong-motion arrays in India', 'Occurrence of low stress drop earthquakes in the Garhwal Himalaya region', 'A seismic moment magnitude scale', 'Probabilistic seismic hazard assessment for northeast India region', 'Magnitude conversion problem using general orthogonal regression', 'Impact of seismic factors on landslide susceptibility zonation: a case study in part of Indian Himalayas', 'Probabilistic seismic hazard analysis and estimation of spectral strong ground motion on bed rock in north east India']"
Ramesh Anbanandam,"Professor, IIT Roorkee","Humanitarian Supply Chain Management, Sustainable Multi-modal Transportation, Cyber Physical Systems",3981,https://scholar.google.com/citations?hl=en&user=wj2fd9gAAAAJ,33,47,"['Understanding behavioural intention to use information technology: Insights from humanitarian practitioners', 'A robust hybrid multi-criteria decision making methodology for contractor evaluation and selection in third-party reverse logistics', 'Development of social sustainability index for freight transportation system', 'Identification and prioritization of coordination barriers in humanitarian supply chain management', 'Modeling the barriers of supply chain collaboration', 'Assessment of environmental and social sustainability performance of the freight transportation industry: An index-based approach', 'Evaluation of supply chain collaboration: a case of apparel retail industry in India', 'Healthcare waste management research: A structured analysis and review (2005–2014)', 'Impact of risk management culture on supply chain resilience: An empirical study from Indian manufacturing industry', 'Analyzing drivers and barriers of coordination in humanitarian supply chain management under fuzzy environment']"
KRISHNAN MURUGESAN,"Professor Department of Mechanical & Industrial Engineering, IIT Roorkee, Roorkee …","Heat and moisture transport through saturated …, Computational fluid dynamics, Thermodynamics, Heat t",3924,https://scholar.google.com/citations?hl=en&user=nxqYrpwAAAAJ,32,69,"['Influence of injection timing on performance, combustion and emission characteristics of Jatropha biodiesel engine', 'Performance optimization of Jatropha biodiesel engine model using Taguchi approach', 'The method of fundamental solutions for 2D and 3D Stokes problems', 'Optimization of operating parameters of ground source heat pump system for space heating and cooling by Taguchi method and utility concept', 'Exergy analysis of operating lignite fired thermal power plant', 'Time-dependent fundamental solutions for homogeneous diffusion problems', 'Optimization of solar assisted ground source heat pump system for space heating application by Taguchi method and utility concept', 'Optimization of ground heat exchangers for space heating and cooling applications using Taguchi method and utility concept', 'A theoretical model of brick drying as a conjugate problem', 'Experimental study of solar energy storage and space heating using solar assisted ground source heat pump system for Indian climatic conditions']"
AJANTA GOSWAMI,"Professor, Indian Institute of Technology Roorkee & Indian Institute of Remote Sensing","Geology, Remote Sensing, Glaciology, Crysophere, Geohazards",3883,https://scholar.google.com/citations?hl=en&user=qHBOuaYAAAAJ,35,59,"['Assessing the impact of land use land cover changes on land surface temperature over Pune City, India', 'Application of meteorological and vegetation indices for evaluation of drought impact: a case study for Rajasthan, India', 'Machine learning algorithm based prediction of land use land cover and land surface temperature changes to characterize the surface urban heat island phenomena over Ahmedabad\xa0…', 'Role of elevation and aspect in snow distribution in Western Himalaya', 'Flood inundation mapping using NOAA AVHRR data', 'Accuracy assessment of MODIS, NOAA and IRS data in snow cover mapping under Himalayan conditions', 'Future Glacial Lake Outburst Flood (GLOF) hazard of the South Lhonak Lake, Sikkim Himalaya', 'Identification of drought‐vulnerable areas using NOAA AVHRR data', 'The Impact of the Land Cover Dynamics on Surface Urban Heat Island Variations in Semi-Arid Cities: A Case Study in Ahmedabad City, India, Using Multi-Sensor/Source Data', 'Kedarnath disaster 2013: causes and consequences using remote sensing inputs']"
Kamal Jain,"Rtd. HAG Professor, Department of Civil Engineering & CoEDMM, IIT Roorkee","Photogrammetry, GIS, Lidar, UAV Remote Sensing, GeoAI",3841,https://scholar.google.com/citations?hl=en&user=cpV83aoAAAAJ,34,96,"['Road condition monitoring using smart sensing and artificial intelligence: A review', 'A robust deep attention dense convolutional neural network for plant leaf disease identification and classification from smart phone captured real world images', 'An intelligent system for crop identification and classification from UAV images using conjugated dense convolutional neural network', 'Virtual 3D city modeling: techniques and applications', 'Use of photogrammetry in 3D modeling and visualization of buildings', 'Multi-sensor remote sensing analysis of coal fire induced land subsidence in Jharia Coalfields, Jharkhand, India', 'Analyzing the impact of changing landscape pattern and dynamics on land surface temperature in Lucknow city, India', 'GIS Steering smart future for smart Indian cities', 'Uncrewed aerial systems in water resource management and monitoring: a review of sensors, applications, software, and issues', 'Modeling urban growth trajectories and spatiotemporal pattern: a case study of Lucknow City, India']"
Pooja Garg,"Professor,Department of Humanities and Social Sciences,Indian Institute of Technology","Organizational Behavior, Positive Psychology, Human Resource Management",3804,https://scholar.google.com/citations?hl=en&user=xrOSzGsAAAAJ,26,40,"[""New model of job design: motivating employees' performance"", 'Learning organization and work engagement: The mediating role of employee resilience', 'Employee engagement and organizational effectiveness: The role of organizational citizenship behavior', 'Employee Resilience and OCB: Mediating Effects of Organizational Commitment', 'The relationship between learning culture, inquiry and dialogue, knowledge sharing structure and affective commitment to change', 'and Innovation', 'Climate profile and OCBs of teachers in public and private schools of India', ""Teachers' psychological well-being role of emotional intelligence and resilient character traits in determining the psychological well-being of Indian school teachers"", 'Effect of psychological wellbeing on organizational commitment of employees', 'Psychometric Testing of the Resilience at Work Scale Using Indian Sample']"
Anil Kumar Gupta,"Professor - WRDM, IIT Roorkee, India","DRR and Adaptation Policy Strategies, Environment & Health, Safety Management, Capacity Building",3779,https://scholar.google.com/citations?hl=en&user=hDIVB4AAAAAJ,32,78,"['Drought occurrence in different river basins of India and blockchain technology based framework for disaster management', 'Drought disaster challenges and mitigation in India: strategic appraisal', 'Urban floods in Bangalore and Chennai: risk management challenges and lessons for sustainable urban ecology', 'End-of-life management of solar PV waste in India: Situation analysis and proposed policy framework', 'Bundelkhand Drought: Retrospective Analysis and Way Ahead', 'Flood risk and context of land-uses: Chennai city case', 'Environmental risk mapping approach: risk minimization tool for development of industrial growth centres in developing countries', 'Cross-sectional study on the role of public awareness in preventing the spread of COVID-19 outbreak in India', 'Joint behaviour of climate extremes across India: Past and future', 'Climate change impact on precipitation extremes over Indian cities: Non-stationary analysis']"
Pradeep Bhargava,"Indian Institute of Technology, Roorkee","Finite Element Analysis, Nonlinear Computational Mechanics, Structural Fire Engineering",3770,https://scholar.google.com/citations?hl=en&user=wLN6hkAAAAAJ,34,90,"['The characterization and ballistic evaluation of mild steel', 'Behavior of confined high strength concrete columns under axial compression', 'A novel support vector regression (SVR) model for the prediction of splice strength of the unconfined beam specimens', 'Numerical solutions for micropolar transport phenomena over a nonlinear stretching sheet', 'Compressive stress-strain behavior of small scale steel fibre reinforced high strength concrete cylinders', 'Full-scale fire test on an earthquake-damaged reinforced concrete frame', 'Numerical simulation of aircraft crash on nuclear containment structure', 'Vibration of laminated composites and sandwich shells based on higher order zigzag theory', 'Seismic performance of different masonry buildings: full-scale experimental study', 'Nuclear containment structure subjected to commercial and fighter aircraft crash']"
Sanjeev Kumar Prajapati,"Associate Professor, Department of Hydro and Renewable Energy (HRED), IIT Roorkee","Biogas, Biochemical Eng., Biochar, Environmental Bioprocess, Wastewater",3704,https://scholar.google.com/citations?hl=en&user=Ym0vNL4AAAAJ,34,65,"['Phycoremediation coupled production of algal biomass, harvesting and anaerobic digestion: possibilities and challenges', 'Comparative evaluation of biomass production and bioenergy generation potential of Chlorella spp. through anaerobic digestion', 'Development and performance evaluation of an algal biofilm reactor for treatment of multiple wastewaters and characterization of biomass for diverse applications', 'Bioconversion of algae to methane and subsequent utilization of digestate for algae cultivation: a closed loop bioenergy generation process', 'A rapid method for fungal assisted algal flocculation: Critical parameters & mechanism insights', 'Phycoremediation and biogas potential of native algal isolates from soil and wastewater', 'An eco-friendly strategy for dairy wastewater remediation with high lipid microalgae-bacterial biomass production', 'Screening native microalgal consortia for biomass production and nutrient removal from rural wastewaters for bioenergy applications', 'Techno-economic analysis of microalgae cultivation for commercial sustainability: A state-of-the-art review', 'Effect of iron oxide nanoparticles on growth and biofuel potential of Chlorella spp.']"
ML Kansal,"Professor (HAG) and Ex-NEEPCO Chair & Head, WRD&M, IIT Roorkee","Water Resources Development & …, Urban water Systems, Hydropower",3670,https://scholar.google.com/citations?hl=en&user=dg4NwCEAAAAJ,27,63,"['A real coded genetic algorithm for solving integer and mixed integer optimization problems', 'Prioritization of sub-watersheds based on morphometric analysis using geospatial technique in Piperiya watershed, India', 'Identification of monitoring stations in water distribution system', 'Assessment of water scarcity and its impacts on sustainable development in Awash basin, Ethiopia', 'Detecting accidental contaminations in municipal water networks', 'Reliability analysis of water distribution systems under uncertainty', 'Complexities of the urban drinking water systems in Ethiopia and possible interventions for sustainability', 'Reappraisal of DEMs, Radar and optical datasets in lineaments extraction with emphasis on the spatial context', 'Integrated approach for the investigation of groundwater quality through hydrochemistry and water quality index (WQI)', 'Assessment of groundwater salinity using principal component analysis (PCA): a case study from Mewat (Nuh), Haryana, India']"
GD Varma,"Department of Physics, Indian Institute of Technology Roorkee",Condensed Matter Physics,3649,https://scholar.google.com/citations?hl=en&user=dbLO1P8AAAAJ,30,76,"['Effect of graphene oxide doping on superconducting properties of bulk MgB2', 'Superparamagnetism and metamagnetic transition in Fe3O4 nanoparticles synthesized via co-precipitation method at different pH', 'Facile Synthesis of ZnO–Reduced Graphene Oxide Nanocomposites for NO2 Gas Sensing Applications', 'Large magnetization and weak polarization in sol–gel derived BiFeO3 ceramics', 'Sintering temperature effect on electrical transport and magnetoresistance of nanophasic La0.7Sr0.3MnO3', 'CoMn2O4 nanoparticles decorated on 2D MoS2 frame: a synergetic energy storage composite material for practical supercapacitor applications', 'Structural and magnetic studies of Mn‐doped ZnO', 'Structural and magnetic studies on transition metal (Mn, Co) doped ZnO nanoparticles', 'Oxygen vacancies induced room temperature ferromagnetism in hydrogenated Mn-doped ZnO', 'Development of thin broad band radar absorbing materials using nanostructured spinel ferrites']"
Prof. RP Singh,"Department of Biotechnology, Indian Institute of Technology Roorkee, India","Enzyme Engineering, Biofuels, Biopolymers, Nanobiotechnology",3632,https://scholar.google.com/citations?hl=en&user=YpTKF24AAAAJ,34,45,"['Structural and functional studies of the early T lymphocyte activation 1 (Eta-1) gene. Definition of a novel T cell-dependent response associated with genetic resistance to\xa0…', 'Definition of a specific interaction between the early T lymphocyte activation 1 (Eta-1) protein and murine macrophages in vitro and its effect upon macrophages in vivo.', 'rpt-1, an intracellular protein from helper/inducer T cells that regulates gene expression of interleukin 2 receptor and human immunodeficiency virus type 1', 'One-way cross-talk between p38MAPK and p42/44MAPK inhibition of p38MAPK induces low density lipoprotein receptor expression through activation of the p42/44MAPK cascade', 'Biodiesel production from Non-edible Lignocellulosic biomass of Cassia fistula L. fruit pulp using oleaginous yeast Rhodosporidium kratochvilovae HIMPA1.', 'Solid-state fermentation for gluconic acid production from sugarcane molasses by Aspergillus niger ARNU-4 employing tea waste as the novel solid support', 'Biodegradation of azo dyes Acid Red 183, Direct Blue 15 and Direct Red 75 by the isolate Penicillium oxalicum SAR-3', 'Enhanced production of itaconic acid from corn starch and market refuse fruits by genetically manipulated Aspergillus terreus SKR10', 'A novel gellan–PVA nanofibrous scaffold for skin tissue regeneration: Fabrication and characterization', 'From rotten grapes to industrial exploitation: Komagataeibacter europaeus SGP37, a micro- factory for macroscale production of bacterial nanocellulose.']"
Nikhil Dhawan,Indian Institute of Technology,"Mineral Processing, Extractive Metallurgy, Electronic waste recycling",3610,https://scholar.google.com/citations?hl=en&user=GAUjL0gAAAAJ,31,81,"['Evaluation of red mud as a polymetallic source–A review', 'A comprehensive review on the recycling of discarded printed circuit boards for resource recovery', 'Comparison of microwave and conventional carbothermal reduction of red mud for recovery of iron values', 'Particle damage and exposure analysis in HPGR crushing of selected copper ores for column leaching', 'Studies on extraction of potassium values from nepheline syenite', 'Crushed ore agglomeration and its control for heap leach operations', 'Beneficiation studies of a difficult to treat iron ore using conventional and microwave roasting', 'Recent advances in the application of X-ray computed tomography in the analysis of heap leaching systems', 'Recycling of mixed discarded lithium-ion batteries via microwave processing route', 'Extraction of iron values from red mud']"
Akhilesh Mohan,"Dept. of Electronics and Communication Engg., Indian Institute of Technology Roorkee","UWB Antenna, MIMO Antenna, Filters, Metamaterial",3608,https://scholar.google.com/citations?hl=en&user=6QhsxmcAAAAJ,27,69,"['A compact Koch fractal UWB MIMO antenna with WLAN band-rejection', 'Compact MIMO slot antenna for UWB applications', 'Single-layer wideband microwave absorber using array of crossed dipoles', 'A compact dual-band MIMO slot antenna for WLAN applications', 'An SIW cavity-backed self-diplexing antenna', 'Hexagonal fractal ultra‐wideband antenna using Koch geometry with bandwidth enhancement', 'Substrate integrated waveguide dual-band and wide-stopband bandpass filters', 'Design and analysis of printed lossy capacitive surface-based ultrawideband low-profile absorber', 'Compact reconfigurable UWB slot antenna for cognitive radio applications', 'Single-and dual-band bandpass filters using a single perturbed SIW circular cavity']"
Shailly Tomar,IIT Roorkee,"Molecular Virology, Biochemistry, Structural biology",3591,https://scholar.google.com/citations?hl=en&user=IA8mfhwAAAAJ,34,75,"['Identification of SARS-CoV-2 Cell Entry Inhibitors by Drug Repurposing Using in silico Structure-Based Virtual Screening Approach', 'Catalytic core of alphavirus nonstructural protein nsP4 possesses terminal adenylyltransferase activity', 'Antiviral strategies targeting host factors and mechanisms obliging+ ssRNA viral pathogens', 'Prospects for mucosal vaccine: shutting the door on SARS-CoV-2', 'Emerging SARS-CoV-2 variants: genetic variability and clinical implications', 'Structure-function insights into chikungunya virus capsid protein: Small molecules targeting capsid hydrophobic pocket', 'Crystal structure of chikungunya virus nsP2 cysteine protease reveals a putative flexible loop blocking its active site', 'Chikungunya virus inhibition by peptidomimetic inhibitors targeting virus-specific cysteine protease', 'Characterization of dye-decolorizing peroxidase from Bacillus subtilis', 'Structural and functional evolution of chitinase‐like proteins from plants']"
Muniappan Sankar,"Professor, Department of Chemistry, IIT Roorkee, Roorkee-247667, India",Porphyrin Chemistry,3572,https://scholar.google.com/citations?hl=en&user=lWh_w7YAAAAJ,31,104,"['Co(ii)-porphyrin-decorated carbon nanotubes as catalysts for oxygen reduction reactions: an approach for fuel cell improvement', 'Mixed substituted porphyrins: structural and electrochemical redox properties', 'Antimicrobial photodynamic therapy: Single-walled carbon nanotube (SWCNT)-Porphyrin conjugate for visible light mediated inactivation of Staphylococcus aureus', 'Porphyrin Framework Solids. Synthesis and Structure of Hybrid Coordination Polymers of Tetra(carboxyphenyl)porphyrins and Lanthanide-Bridging Ions', 'Synthesis, Spectral, and Electrochemical Studies of Electronically Tunable β‑Substituted Porphyrins with Mixed Substituent Pattern', 'Electrochemistry and spectroelectrochemistry of cobalt porphyrins with π-extending and/or highly electron-withdrawing pyrrole substituents. In situ electrogeneration of σ\xa0…', 'Robust and electron deficient oxidovanadium(iv) porphyrin catalysts for selective epoxidation and oxidative bromination reactions in aqueous media', 'Electron deficient nonplanar β-octachlorovanadylporphyrin as a highly efficient and selective epoxidation catalyst for olefins', 'Unsymmetrical β-functionalized ‘push–pull’porphyrins: synthesis and photophysical, electrochemical and nonlinear optical properties', 'Porphyrin chemodosimeters: synthesis, electrochemical redox properties and selective ‘naked-eye’detection of cyanide ions']"
Ranjana Pathania,"Professor, Department of Biotechnology , Indian Institute of Technology Roorkee, India","small RNA in Acinetobacter baumannii …, pathogenesis and antibiotic resistance, novel antibacterial drug discovery and",3499,https://scholar.google.com/citations?hl=en&user=bnHB5kwAAAAJ,28,40,"['Efflux pump inhibitors for bacterial pathogens: From bench to bedside', 'Role of bacterial efflux pumps in antibiotic resistance, virulence, and strategies to discover novel efflux pump inhibitors', 'The Outer Membrane Proteins OmpA, CarO, and OprD of Acinetobacter baumannii Confer a Two-Pronged Defense in Facilitating Its Success as a Potent Human\xa0…', 'Nitric oxide scavenging and detoxification by the Mycobacterium tuberculosis haemoglobin, HbN in Escherichia coli', 'Fosfomycin resistance in Acinetobacter baumannii is mediated by efflux through a major facilitator superfamily (MFS) transporter—AbaF', 'Chemical genomics in Escherichia coli identifies an inhibitor of bacterial lipoprotein targeting', 'Synergistic action of cinnamaldehyde with silver nanoparticles against spore-forming bacteria: a case for judicious use of silver nanoparticles for antibacterial applications', 'Facile biofunctionalization of silver nanoparticles for enhanced antibacterial properties, endotoxin removal, and biofilm control', 'A study on metabolic prowess of Pseudomonas sp. RPT 52 to degrade imidacloprid, endosulfan and coragen', 'Diversity of bacterial isolates during full scale rotary drum composting']"
Dr. PRASHANT KUMAR,Phd Scholar Indian Institute of Technology Roorkee,"Machine learning, Data Mining Computer Vision",3459,https://scholar.google.com/citations?hl=en&user=9G6duMEAAAAJ,24,108,"['Interplay of defects in 1.2 MeV Ar irradiated ZnO', 'An approach to optimize workflow scheduling for cloud computing environment', 'Substrate integrated Lead-Carbon hybrid ultracapacitor with flooded, absorbent glass mat and silica-gel electrolyte configurations', 'Sebaceous gland hyperplasia and senile comedones: a prevalence study in elderly hospitalized patients', 'Prediction of the wind speed probabilities in the atmospheric surface layer', 'Aflatoxins in food and feed: an overview on prevalence, detection and control strategies. Front Microbiol 10: 2266', 'Long-term response of dragon fruit (Hylocereus undatus) to transformed rooting zone of a shallow soil improving yield, storage quality and profitability in a drought prone semi\xa0…', 'Application of nanotechnology in food science: perception and overview. Front Microbiol 8: 1501', 'Determination of metformin in fixed-dose combination tablets by ATR-FTIR spectroscopy', 'A study on prevalence and risk factors of hearing impairment among newborns']"
Sandeep Singh,Indian Institute of Technology Roorkee,"Geochronology, Himalayan Tectonics, Igneous Petrology, Sr Isotopes.",3448,https://scholar.google.com/citations?hl=en&user=LxU3I5cAAAAJ,30,55,"['The onset of India–Asia continental collision: early, steep subduction required by the timing of UHP metamorphism in the western Himalaya', 'Timing, quantification and tectonic modelling of Pliocene–Quaternary movements in the NW Himalaya: evidence from fission track dating', 'Liquefaction and fluidization of lacustrine deposits from Lahaul-Spiti and Ladakh Himalaya: Geological evidences of paleoseismicity along active fault zone', 'Extensional tectonics in the Himalayan orogen, Zanskar, NW India', 'U-Pb zircon ages and Sm-Nd isotopic characteristics of the Lesser and Great Himalayan sequences, Uttarakhand Himalaya, and their regional tectonic implications', 'Himalayan collision tectonics', 'SHRIMP U–Pb in zircon geochronology of the Chor granitoid: evidence for Neoproterozoic magmatism in the Lesser Himalayan granite belt of NW India', 'SHRIMP U–Pb ages and depth of emplacement of Ladakh Batholith, Eastern Ladakh, India', 'Detrital-zircon fission-track ages from the Lower Cenozoic sediments, NW Himalayan foreland basin: Clues for exhumation and denudation of the Himalaya during the India-Asia\xa0…', 'Tectonics of the southern Asian Plate margin along the Karakoram Shear Zone: Constraints from field observations and U–Pb SHRIMP ages']"
Rathinam Anbalagan,Indian Institute of Technology Roorkee,"Engineering Geology, Rock Mechanics, Landslides, Slope Stability, Underground Structures",3415,https://scholar.google.com/citations?hl=en&user=-oUsqQYAAAAJ,25,37,"['Landslide hazard evaluation and zonation mapping in mountainous terrain', 'Landslide susceptibility mapping using analytical hierarchy process (AHP) in Tehri reservoir rim region, Uttarakhand', 'Landslide hazard and risk assessment mapping of mountainous terrains—a case study from Kumaun Himalaya, India', 'Landslide hazard zonation mapping using frequency ratio and fuzzy logic approach, a case study of Lachung Valley, Sikkim', 'Landslide susceptibility zonation in part of Tehri reservoir region using frequency ratio, fuzzy logic and GIS', 'Rock mass stability evaluation using modified SMR approach', 'Landslide hazard zonation (LHZ) mapping on meso-scale for systematic town planning in mountainous terrain', 'Techno-economic prospects for CO2 capture from distributed energy systems', 'Slope stability of Tehri Dam Reservoir Area, India, using landslide hazard zonation (LHZ) mapping', 'Plane failure analysis of rock slopes']"
SANDHYA SINGH,"Indian Institute of Technology, Roorkee","Biotechnology, Tissue engineering, Polymer, Paper Technology",3402,https://scholar.google.com/citations?hl=en&user=IeMR_f8AAAAJ,22,77,"['International Nosocomial Infection Control Consortium report, data summary of 50 countries for 2010-2015: Device-associated module', 'January 13-17)."" Why should i trust you?"" Explaining the predictions of any classifier. Proceedings of the 22nd ACM SIGKDD International Conference on Knowledge Discovery and\xa0…', 'The housefly (Musca domestica) as a carrier of pathogenic microorganisms in a hospital environment', 'Scaffold fabrication techniques of biomaterials for bone tissue engineering: a critical review', 'Cerium oxide nanoparticles disseminated chitosan gelatin scaffold for bone tissue engineering applications', 'Autonomous greenhouse sprayer vehicle using machine vision and LADAR for steering controls', 'Characterization of a Careya arborea bast fiber as potential reinforcement for light weight polymer biodegradable composites', 'Enhancing mechanical performance and water resistance of Careya-Banana fiber epoxy hybrid composites through PLA coating and alkali treatment', 'Skin tissue engineering: principles and advances', 'Pusa neem emulsion as an ecofriendly coating agent for urea quality and efficiency.']"
B Venkata Manoj Kumar,"Professor, Metallurgical and Materials Engineering, IIT Roorkee","Ceramics, Tribology, Microstructure",3396,https://scholar.google.com/citations?hl=en&user=5UXTiBEAAAAJ,30,69,"['Surface composites by friction stir processing: A review', 'Processing of polysiloxane-derived porous ceramics: a review', 'Effects of carbon nanotube aspect ratio on strengthening and tribological behavior of ultra high molecular weight polyethylene composite', 'Friction stir processing strategies for uniform distribution of reinforcement in a surface composite', 'Crater wear mechanisms of TiCN–Ni–WC cermets during dry machining', 'Tribological behavior of silicon carbide ceramics-a review', 'Influence of small amount of sintering additives on unlubricated sliding wear properties of SiC ceramics', 'Understanding the fretting wear of Ti3SiC2', 'The role of tribochemistry on fretting wear of Mg–SiC particulate composites', 'Tribological characteristics of SiC ceramics sintered with a small amount of yttria']"
Prof Ankit Agarwal,Indian Institute of Technology Roorkee,"Hydro-climatology and Extreme Events, Monsoon, Climate Change, Machine Learning and Complex Network",3370,https://scholar.google.com/citations?hl=en&user=1UH7AfkAAAAJ,35,72,"['Climate change perception: an analysis of climate change and risk perceptions among farmer types of Indian Western Himalayas', 'Hydrologic regionalization using wavelet-based multiscale entropy method', 'Multi-objective optimization for stormwater management by green-roofs and infiltration trenches to reduce urban flooding in central Delhi', 'Forensic hydro-meteorological analysis of an extreme flash flood: The 2016-05-29 event in Braunsbach, SW Germany', 'Exploring artificial intelligence techniques for groundwater quality assessment', 'Wavelet analysis of precipitation extremes over India and teleconnections to climate indices', 'Strong hydroclimatic controls on vulnerability to subsurface nitrate contamination across Europe', 'Farmer typology to understand differentiated climate change adaptation in Himalaya', 'Complexity-based approach for El Niño magnitude forecasting before the spring predictability barrier', 'Unravelling the spatial diversity of Indian precipitation teleconnections via a non-linear multi-scale approach']"
Yogendra Singh,"Professor, Department of Earthquake Engineering, IIT Roorkee","Structural Engineering, Earthquake Engineering, Reinforced Concrete, Seismic Vulnerability, Seismic Risk",3321,https://scholar.google.com/citations?hl=en&user=bkR4wHsAAAAJ,34,89,"['Strengthening of unreinforced masonry using welded wire mesh and micro-concrete–Behaviour under in-plane action', 'Seismic characterization and vulnerability of building stock in hilly regions', 'Full-scale fire test on an earthquake-damaged reinforced concrete frame', 'Identification of seismic failure modes of URM infilled RC frame buildings', 'Out-of-plane behaviour of unreinforced masonry strengthened using ferrocement overlay', 'Seismic behavior of buildings located on slopes-An analytical study and some observations from Sikkim Earthquake of September 18, 2011', 'Negative shear lag in framed-tube buildings', 'Seismic Bearing Capacity of Strip Foundation Embedded in c-ϕ Soil Slope', 'Measuring the impact of enhanced building performance on the seismic resilience of a residential community', 'A comparative study of design base shear for RC buildings in selected seismic design codes']"
Prof. Praveen Kumar,"Deputy Director, IITR and Professor & Ex Head, Civil Engg., IIT Roorkee, (Ex Director, NIT …","Rural Roads, Bituminous Binders, Warm Mix Asphalt, Modified Binders, Reclaimed Asphalt Pavement",3306,https://scholar.google.com/citations?hl=en&user=s8uuUxkAAAAJ,28,61,"['Advanced traveler information system for Hyderabad City', 'An economical processing technique to improve RAP inclusive concrete properties', 'Use of various agricultural and industrial waste materials in road construction', 'Utilization of reclaimed asphalt pavement aggregates containing waste from Sugarcane Mill for production of concrete mixes', 'Fiber-reinforced fly ash subbases in rural roads', 'Effect of mineral admixtures on fresh, mechanical and durability properties of RAP inclusive concrete', 'Feasibility study of RAP aggregates in cement concrete pavements', 'Laboratory investigation of RAP aggregates for dry lean concrete mixes', 'A study on creep and recovery behavior of asphalt binders', 'Performance characterization of polymer modified asphalt binders and mixes']"
Kaushik Ghosh,"Professor, IIT Roorkee","Coordination Chemistry, Inorganic biochemistry",3286,https://scholar.google.com/citations?hl=en&user=QEd2fYEAAAAJ,30,93,"['In vitro evaluation of the cytotoxic, anti-proliferative and anti-oxidant properties of pterostilbene isolated from Pterocarpus marsupium', 'Evaluation of a Schiff base copper complex compound as potent anticancer molecule with multiple targets of action', 'Reactions of NO with Mn (II) and Mn (III) centers coordinated to carboxamido nitrogen: synthesis of a manganese nitrosyl with photolabile NO', 'Recent advances in cellulose nanocrystals-based sensors: a review', 'Fluorescence spectral studies on interaction of fluorescent probes with Bovine Serum Albumin (BSA)', 'Spectroscopic and biochemical characterization of heme binding to yeast Dap1p and mouse PGRMC1p', 'NO donors as the wonder molecules with therapeutic potential: Recent trends and future perspectives', 'Synthesis and reactivity studies on new copper (II) complexes: DNA binding, generation of phenoxyl radical, SOD and nuclease activities', 'Stabilization of Mn (II) and Mn (III) in mononuclear complexes derived from tridentate ligands with N2O donors: Synthesis, crystal structure, superoxide dismutase activity and\xa0…', 'Nuclease Activity via Self-Activation and Anticancer Activity of Mononuclear Copper (II) Complex: Novel Role of Tertiary Butyl Group in the Ligand Frame']"
GN Pillai,"Professor, Department of Electrical Engineering, IIT Roorkee","Artificial Neural Networks and Learning …, Fuzzy Logic, Intelligent Control, Control Application in Power Systems",3273,https://scholar.google.com/citations?hl=en&user=5rz79-AAAAAJ,,,[]
Brijesh Kumar Yadav,"Professor & Former Head, Department of Hydrology, IIT Roorkee","Groundwater modeling, Bioremediation, Phytoremediation, Plant water uptake, ANN",3269,https://scholar.google.com/citations?hl=en&user=ct4MOYEAAAAJ,,,[]
Siva Mohan Reddy,"Associate Professor, Indian Institute of Technology, Roorkee, India","renewable fuels, Supercritical fluids, Waste Incineration etc.",3266,https://scholar.google.com/citations?hl=en&user=LwOrbKUAAAAJ,,,[]
Manoj Tripathy,IIT Roorkee,"AI application in Power System Protection & …, Numerical/Digital Relays, Cyber Security",3242,https://scholar.google.com/citations?hl=en&user=BKb2YKkAAAAJ,,,[]
Zulfequar Ahmad,"Professor of Civil Eng., IIT Roorkee, India","Channel and Fluvial Hydraulics, River Engineering, Hydraulic Structures",3230,https://scholar.google.com/citations?hl=en&user=k1W_nvcAAAAJ,36,87,"['A new approach to improve the discharging capacity of sharp-crested triangular plan form weirs', 'Multiple linear regression and genetic algorithm approaches to predict temporal scour depth near circular pier in non-cohesive sediment', 'Estimation of maximum scour depth near a spur dike', 'Scour around impermeable spur dikes: a review', 'Discharge characteristics of sharp-crested circular side orifices in open channels', 'An expert system for predicting Manning’s roughness coefficient in open channels by using gene expression programming', 'Maximum scour depth around bridge pier in gravel bed streams', 'Flow through sharp-crested rectangular side orifices under free flow condition in open channels', 'Evaluation of existing equations for temporal scour depth around circular bridge piers', 'Discharge characteristics of sharp crested weir of curved plan-form']"
Rahul S Mulik,"Professor, MIED, IIT Roorkee, India","superfinishing, machining (Conventional & NTM), Rapid prototyping, FSW/FSP, MMC&Coating",3227,https://scholar.google.com/citations?hl=en&user=3FvUR1cAAAAJ,34,60,"['Thermal barrier coatings—a state of the art review', 'Experimental and computational studies to analyze the effect of h-BN nanosheets on mechanical behavior of h-BN/polyethylene nanocomposites', 'Ultrasonic assisted magnetic abrasive finishing of hardened AISI 52100 steel using unbonded SiC abrasives', 'An assessment for mechanical and microstructure behavior of dissimilar material welded joint between nuclear grade martensitic P91 and austenitic SS304 L steel', 'Magnetic abrasive finishing of hardened AISI 52100 steel', 'Mechanism of surface finishing in ultrasonic-assisted magnetic abrasive finishing process', 'Wire arc additive manufactured mild steel and austenitic stainless steel components: microstructure, mechanical properties and residual stresses', 'Study on the effect of ageing on laves phase evolution and their effect on mechanical properties of P92 steel', 'A comparative study of ductile-brittle transition behavior and fractography of P91 and P92 steel', 'Improvement in material removal rate (MRR) using magnetic field in TW-ECSM process']"
Dr. Shiv Prasad Yadav,"Professor (Retired), Deptt. of Mathematics, IIT Roorkee, Roorkee-247667, India","Operations Research, Fuzzy Data Envelopment Analysis, Fuzzy Reliability, Optimal Control Theory",3221,https://scholar.google.com/citations?hl=en&user=Rt8Ad7gAAAAJ,33,61,"['Relative performance of academic departments using DEA with sensitivity analysis', 'A multicriteria intuitionistic fuzzy group decision making for plant location selection with ELECTRE method', 'A fuzzy DEA model with undesirable fuzzy outputs and its application to the banking sector in India', 'A new approach for solving intuitionistic fuzzy transportation problem of type-2', 'Intuitionistic fuzzy data envelopment analysis: An application to the banking sector in India', 'A concept of fuzzy input mix-efficiency in fuzzy DEA and its application in banking sector', 'DEA based estimation of the technical efficiency of state transport undertakings in India', 'Modeling and optimization of multi objective non-linear programming problem in intuitionistic fuzzy environment', 'Intuitionistic fuzzy multi-objective linear programming problem with various membership functions', 'The weakest t-norm based intuitionistic fuzzy fault-tree analysis to evaluate system reliability']"
Amit Kumar Dhiman,"Professor, Department of Chemical Engineering, Indian Institute of Technology Roorkee","Computational Fluid Dynamics (CFD), Non-Newtonian Fluid Flow and Heat Transfer, Bluff Body Flow",3171,https://scholar.google.com/citations?hl=en&user=2_LJAowAAAAJ,30,68,"['Optimization of polyhydroxybutyrate (PHB) production by Azohydromonas lata MTCC 2311 by using genetic algorithm based on artificial neural network and response surface methodology', 'Flow and Heat Transfer Across a Confined Square Cylinder in the Steady Flow Regime: Effect of Peclet Number', 'Effect of a circular cylinder on separated forced convection at a backward-facing step', 'Effects of Reynolds and Prandtl Numbers on Heat Transfer Across a Square Cylinder in the Steady Flow Regime', 'Steady Flow across a Confined Square Cylinder: Effects of Power-Law Index and of Blockage Ratio', 'Steady Flow of Power-Law Fluids Across a Square Cylinder', 'Laminar flow of non-Newtonian shear-thinning fluids in a T-channel', 'Confined Flow and Heat Transfer Across a Triangular Cylinder in a Channel', 'Steady Mixed Convection Across a Confined Square Cylinder', 'Mixed convection flow and heat transfer across a square cylinder under the influence of aiding buoyancy at low Reynolds numbers']"
Dr. Saugata Hazra,"Professor, Indian Institute of Technology Roorkee (IITR)",AMR · Ser and metallo-β-lactamase …,3141,https://scholar.google.com/citations?hl=en&user=SMMGjyUAAAAJ,33,61,"['Angiotensin-converting enzyme 2 metabolizes and partially inactivates pyr-apelin-13 and apelin-17: physiological effects in the cardiovascular system', 'The basics of epithelial–mesenchymal transition (EMT): A study from a structure, dynamics, and functional perspective', 'Cadherin profiling for therapeutic interventions in Epithelial Mesenchymal Transition (EMT) and tumorigenesis', 'NXL104 irreversibly inhibits the β-lactamase from Mycobacterium tuberculosis', 'PI3Kα-regulated gelsolin activity is a critical determinant of cardiac cytoskeletal remodeling and heart disease', 'In silico designing of an industrially sustainable carbonic anhydrase using molecular dynamics simulation', 'Sisal plant regeneration via organogenesis', 'An insight into omics analysis and metabolic pathway engineering of lignin-degrading enzymes for enhanced lignin valorization', 'Apelin protects against abdominal aortic aneurysm and the therapeutic role of neutral endopeptidase resistant apelin analogs', 'Vitreous substitutes: An overview of the properties, importance, and development']"
JKNAYAK,"Professor, Management Studies, IIT Roorkee","B2B Marketing, Pricing, Sustainable marketing",3126,https://scholar.google.com/citations?hl=en&user=FhCTN0kAAAAJ,27,41,"['Factors influencing buying behaviour of green energy consumer', 'Relationship among smartphone usage, addiction, academic performance and the moderating role of gender: A study of higher education students in India', 'Consumer psychological motivations to customer brand engagement: a case of brand community', 'Brand engagement without brand ownership: a case of non-brand owner community members', 'Interrelationships among service quality factors of Metro Rail Transit System: An integrated Bayesian networks and PLS-SEM approach', 'Destination personality: Scale development and validation', 'Exploring destination psychological ownership among tourists: Antecedents and outcomes', 'A Meta-Analysis of TPB Model in Predicting Green Energy Behaviour: The Moderating Role of Cross-cultural Factors', 'Mediating role of stress between work-family conflict and job satisfaction among the police officials: Moderating role of social support', 'The measurement & conceptualization of destination personality']"
Rajesh Kumar Ulaganathan,"Asst. Professor Gr.-I @IITR. Prior: Res.Specialist @AS. Postdocs @DTU,NTU. Ph.D. @NTU …","Two-Dimensional (2D) Materials, Perovskites, Opto-electronics, Flexible Devices and Sensors.",3124,https://scholar.google.com/citations?hl=en&user=G0n3Pg8AAAAJ,24,34,"['High performance and bendable few-layered InSe photodetectors with broad spectral response', 'Intrinsic Electron Mobility Exceeding 103 cm2/(V s) in Multilayer InSe FETs', 'Three-Dimensional Heterostructures of MoS2 Nanosheets on Conducting MoO2 as an Efficient Electrocatalyst To Enhance Hydrogen Evolution Reaction', 'High photosensitivity and broad spectral response of multi-layered germanium sulfide transistors', 'Ultrasensitive tunability of the direct bandgap of 2D InSe flakes via strain engineering', 'Ultra‐Thin Layered Ternary Single Crystals [Sn(SxSe1−x)2] with Bandgap Engineering for High Performance Phototransistors on Versatile Substrates', 'Tuning Rashba Spin-Orbit Coupling in Gated Multi-layer InSe', 'Screening limited switching performance of multilayer 2D semiconductor FETs: the case for SnS', 'R.; Sankar, R.; Liao, C', 'Advances in nanowire transistors for biological analysis and cellular investigation']"
B. Parkash,Professor retired from IIT Roorkee,"Sedimentology, Geomorphology",3064,https://scholar.google.com/citations?hl=en&user=RMgAig8AAAAJ,30,45,"['The Siwalik Group (molasse)—sediments shed by collision of continental plates', 'Historical geomorphology and pedology of the Gandak megafan, Middle Gangetic Plains, India', 'Morphology of the Kosi megafan', 'Facies analysis of the Kosi megafan deposits', 'Lithofacies of the Markanda terminal fan, Kurukshetra district, Haryana, India', 'Evolution of the lower Gangetic Plain landforms and soils in West Bengal, India', 'Quaternary alluvial fan sedimentation in the Dehradun valley piggyback basin, NW Himalaya: tectonic and palaeoclimatic implications', 'Clay minerals in soils as evidence of Holocene climatic change, central Indo-Gangetic Plains, north-central India', 'Role of neotectonics and climate in development of the Holocene geomorphology and soils of the Gangetic Plains between the Ramganga and Rapti rivers', 'Holocene tectonic movements and stress field in the western Gangetic plains']"
Arup Kumar Das,"Department of Mechanical and Industrial Engineering, IIT Roorkee","Two Phase Flow, Microfluidics, Fire Dynamics",3052,https://scholar.google.com/citations?hl=en&user=ovt0bKgAAAAJ,28,81,"['Dynamics of jets produced by bursting bubbles', 'Pool boiling heat transfer characteristics of ZrO2–water nanofluids from a flat surface in a pool', 'Performance of different structured surfaces in nucleate pool boiling', 'Nucleate boiling of water from plain and structured surfaces', 'Bubble evolution through submerged orifice using smoothed particle hydrodynamics: Basic formulation and model validation', 'Simulation of blood as fluid: A review from rheological aspects', 'Heat transfer during pool boiling based on evaporation from micro and macrolayer', 'Formation of bubbles at submerged orifices–Experimental investigation and theoretical prediction', 'Simulation of drop movement over an inclined surface using smoothed particle hydrodynamics', 'Evolution of multiphase lattice Boltzmann method: A review']"
Naveen Kumar Navani,"Professor, Chemical Biology Group, Indian Institute of Technology, Roorkee, India","biosensors, probiotics, nanobiotechnology",3038,https://scholar.google.com/citations?hl=en&user=_P3g6ZMAAAAJ,28,46,"['Nucleic acid aptamers and enzymes as sensors', 'Genetic variation and relationships among eight Indian riverine buffalo breeds', 'Mechanistic insights into probiotic properties of lactic acid bacteria associated with ethnic fermented dairy products', 'Nitric oxide scavenging and detoxification by the Mycobacterium tuberculosis haemoglobin, HbN in Escherichia coli', 'A synthetic luxCDABE gene cluster optimized for expression in high-GC bacteria', 'A set of cattle microsatellite DNA markers for genome analysis of riverine buffalo (Bubalus bubalis)', 'Synergistic action of cinnamaldehyde with silver nanoparticles against spore-forming bacteria: a case for judicious use of silver nanoparticles for antibacterial applications', 'Facile biofunctionalization of silver nanoparticles for enhanced antibacterial properties, endotoxin removal, and biofilm control', 'A study on metabolic prowess of Pseudomonas sp. RPT 52 to degrade imidacloprid, endosulfan and coragen', 'Mycobacterium tuberculosis Hemoglobin HbO Associates with Membranes and Stimulates Cellular Respiration of RecombinantEscherichia coli* 210']"
Dr. Debasis Banerjee,"Indian Institute of Technology Roorkee (IITR), Roorkee","Organic Synthesis, Non-precious metal catalysis, Enantioselective Synthesis, Sustainable Catalysis",3033,https://scholar.google.com/citations?hl=en&user=PZpEqZ8AAAAJ,34,49,"['An Efficient and Selective Nickel-Catalyzed Direct N‑Alkylation of Anilines with Alcohols', 'Highly selective transfer hydrogenation of functionalised nitroarenes using cobalt-based nanocatalysts', 'Convenient and mild epoxidation of alkenes using heterogeneous cobalt oxide catalysts', 'Nickel-Catalyzed Hydrogen-Borrowing Strategy for α-Alkylation of Ketones with Alcohols: A New Route to Branched gem-Bis(alkyl) Ketones', 'Nickel-catalysed dehydrogenative coupling of aromatic diamines with alcohols: selective synthesis of substituted benzimidazoles and quinoxalines', 'A nitrogen-ligated nickel-catalyst enables selective intermolecular cyclisation of β-and γ-amino alcohols with ketones: access to five and six-membered N-heterocycles', 'Harnessing alcohols as sustainable reagents for late-stage functionalisation: synthesis of drugs and bio-inspired compounds', 'Cooperative catalysis by palladium and a chiral phosphoric acid: enantioselective amination of racemic allylic alcohols', 'Atom-efficient cross-coupling reactions of triarylbismuths with acyl chlorides under Pd (0) catalysis', 'Nickel-catalyzed phosphine free direct N-alkylation of amides with alcohols']"
Govinda Mishra,"Professor of WRDM , IIT ROORKEE","Ground Water, Seepage, Drainage Engineering",3001,https://scholar.google.com/citations?hl=en&user=iOUhQs4AAAAJ,26,67,"['A critical review of the treatments for decolourization of textile effluent', 'Design of minimum seepage loss canal sections', 'Conjunctive use of surface and groundwater for coastal and deltaic systems', 'The satisfaction level of undergraduate medical and nursing students regarding distant preclinical and clinical teaching amidst COVID-19 across India', 'Seepage through a levee', 'Comprehensive Design of Minimum Cost IrrigationCanal Sections', 'Prediction of Indian summer monsoon rainfall (ISMR) using canonical correlation analysis of global circulation model products', 'Minimum cost design of lined canal sections', 'Estimation of the electric double layer thickness in the presence of two types of ions in soil water', 'Statistical models for forecasting mango and banana yield of Karnataka, India']"
Rajesh Srivastava,"Professor of Physics, Indian Institute of Technology Roorkee",Atomic and Molecular Physics,2992,https://scholar.google.com/citations?hl=en&user=96RE14YAAAAJ,26,87,"['Lxcat: An open‐access, web‐based platform for data needed for modeling low temperature plasmas', 'Electron impact excitation of the argon 3p54s  configuration: differential cross-sections and cross-section ratios', 'Argon plasma modeling with detailed fine-structure cross sections', 'Electron-impact excitation of singly charged metal ions', 'Near-infrared collisional radiative model for Xe plasma electrostatic thrusters: the role of metastable atoms', 'Excitation of the 1,3P1 states of calcium, strontium and barium in the relativistic distorted-wave approximation', 'Excitation of the metastable states of the noble gases', 'Differential cross sections and cross-section ratios for the electron-impact excitation of the neon  configuration', 'Collisional-radiative model of xenon plasma with calculated electron-impact fine-structure excitation cross-sections', 'Electron-impact excitation of argon: cross sections of interest in plasma modeling']"
Manish Mishra,"Professor, Mechanical & Industrial Engineering Department, Indian Institute of technology …","Heat Transfer Enhancement, Heat exchangers, Solar Thermal, Solid desiccant cooling, Optimization of thermal systems",2984,https://scholar.google.com/citations?hl=en&user=r4CJ-_kAAAAJ,28,46,"['Solid desiccant air conditioning – A state of the art review', 'Second law based optimisation of crossflow plate-fin heat exchanger design using genetic algorithm', 'Performance studies of hybrid solid desiccant–vapor compression air-conditioning system for hot and humid climates', 'Experimental investigation on solid desiccant - vapor compression hybrid air- conditioning system in hot and humid weather', 'A Critical Review on Application of Solar Energy as Renewable Regeneration Heat Source in Solid Desiccant – Vapor Compression Hybrid Cooling System', 'Application of Artificial Neural Network for Predicting Performance of Solid Desiccant Cooling Systems - A Review', 'Performance characteristics of solar air heater with surface mounted obstacles', 'Performance prediction of rotary solid desiccant dehumidifier in hybrid air-conditioning system using artificial neural network', 'Optimum design of crossflow plate-fin heat exchangers through genetic algorithm', 'Performance Analysis of a Solid Desiccant Assisted Hybrid Space Cooling System Using TRNSYS']"
Rama Krishna Peddinti,"Professor, Department of Chemistry, Indian Institute of Technology Roorkee","Organic Chemistry, Asymmetric Synthesis",2982,https://scholar.google.com/citations?hl=en&user=8dTD1RwAAAAJ,29,86,"['Masked o-Benzoquinones in Organic Synthesis', 'Iodine catalyzed cross-dehydrogenative C–S coupling by C(sp2)–H bond activation: direct access to aryl sulfides from aryl thiols', 'An expeditious, highly efficient, catalyst-free and solvent-free synthesis of nitroamines and nitrosulfides by Michael addition', 'Glucosamine-based primary amines as organocatalysts for the asymmetric aldol reaction', 'Introduction of a clean and promising protocol for the synthesis of β-amino-acrylates and 1, 4-benzoheterocycles: an emerging innovation', 'Long term induction by pterostilbene results in autophagy and cellular differentiation in MCF-7 cells via ROS dependent pathway', 'Inverse-electron-demand Diels–Alder reactions of masked o-benzoquinones with enol ethers and styrene', 'Highly efficient and solvent-free direct aldol reaction catalyzed by glucosamine-derived prolinamide', 'Metal‐Free Sulfonylation of α, β‐Conjugated Systems by Using Sulfonyl Hydrazides', 'Antimony (III) chloride-catalyzed ring opening of epoxides with anilines']"
Udai Singh,"Department of Chemistry, IIT Roorkee",Inorganic Chemistry,2961,https://scholar.google.com/citations?hl=en&user=mjf3A0UAAAAJ,30,101,"['Oxidative conversion of a Mn (. mu.-OH) 2Mn to a Mn (. mu.-O) 2Mn moiety. Synthesis and molecular structures of a (. mu.-hydroxo) dimanganese (II, II) and (. mu.-oxo\xa0…', 'Synthesis and reactivity studies on new copper (II) complexes: DNA binding, generation of phenoxyl radical, SOD and nuclease activities', 'Stabilization of Mn (II) and Mn (III) in mononuclear complexes derived from tridentate ligands with N2O donors: Synthesis, crystal structure, superoxide dismutase activity and\xa0…', 'Thiocyanate selective sensor based on tripodal zinc complex for direct determination of thiocyanate in biological samples', 'Hydrogen bonding interaction between imidazolyl N–H group and peroxide: Stabilization of Mn (III)-peroxo complex TpiPr2Mn (η2-O2)(imMeH)(imMeH= 2-methylimidazole)', 'Synthesis of MCM-41 supported cobalt (II) complex for the formation of polyhydroquinoline derivatives', 'Inorganic and organic anion sensing by azole family members', 'Oxidative Cyclization of a phenolic schiff base and synthesis of a cyclometalated ruthenium nitrosyl complex: photoinduced NO release by visible light', 'Novel diphenoxo-bridged dinuclear zinc complexes: Generation of phenoxy-radical species and nuclease activity', 'A highly selective chromogenic sensor for Mn2 +, turn-off fluorometric for Hg2 + ion,          and turn-on fluorogenic sensor for F−ion with the practical application']"
Dr.(Mrs.)Shashi Kumar,"Former Professor, Department of Chemical Engg., IIT Roorkee","Modelling and Simulation of Chemical …, Transfer Processes, Computer Aided Process and Plant Design, Membrane Processes",2950,https://scholar.google.com/citations?hl=en&user=s2euakQAAAAJ,25,38,"['Biodegradation kinetics of phenol and catechol using Pseudomonas putida MTCC 1194', 'Adsorption of phenol and 4-nitrophenol on granular activated carbon in basal salt medium: Equilibrium and kinetics', 'Adsorption of resorcinol and catechol on granular activated carbon: equilibrium and kinetics', 'Development of parthenium based activated carbon and its utilization for adsorptive removal of p-cresol from aqueous solution', 'Biodegradation kinetic studies for the removal of p-cresol from wastewater using Gliomastix indicus MTCC 3869', 'Modeling studies on simultaneous adsorption of phenol and resorcinol onto granular activated carbon from simulated aqueous solution', 'Biosorption of lead ions from the aqueous solution by Sargassum filipendula: Equilibrium and kinetic studies', 'Optimization of polyhydroxybutyrate (PHB) production by Azohydromonas lata MTCC 2311 by using genetic algorithm based on artificial neural network and response surface methodology', 'A note on the solution of singular boundary value problems arising in engineering and applied sciences: Use of OHAM', 'Artificial intelligence based modeling and optimization of poly (3-hydroxybutyrate-co-3-hydroxyvalerate) production process by using Azohydromonas lata MTCC 2311 from cane\xa0…']"
Gajanan Chaudhari,"Professor of Metallurgical and Materials Eng, Indian Institute of Technology Roorkee India","corrosion, metallic materials",2925,https://scholar.google.com/citations?hl=en&user=owRCTzUAAAAJ,29,50,"['An assessment of ultra fine grained 316L stainless steel for implant applications', 'Strengthening mechanisms in ultrasonically processed aluminium matrix composite with in-situ Al3Ti by salt addition', 'Mechanical behavior of AZ31/Al2O3 magnesium alloy nanocomposites prepared using ultrasound assisted stir casting', 'Cold roll bonding of multi-layered bi-metal laminate composites', 'Strengthening in Al alloy nano composites fabricated by ultrasound assisted solidification technique', 'Mechanical and corrosion behavior of plain low carbon dual-phase steels', 'Characterization of hot deformation behavior of a low carbon steel using processing maps, constitutive equations and Zener-Hollomon parameter', 'Titanium aluminide sheets made using roll bonding and reaction annealing', 'Microstructural evolution and mechanical behavior of ultrasonically synthesized Al6061-nano alumina composites', 'Synergy of cavitation and slurry erosion in the slurry pot tester']"
CP Gupta,"Professor, Indian Institute of Technology, Roorkee",Power Systems,2835,https://scholar.google.com/citations?hl=en&user=JC-bC4MAAAAJ,28,55,"['Probabilistic assessment of financial losses due to interruptions and voltage sags - part II: practical implementation', 'Probabilistic assessment of equipment trips due to voltage sags', 'Novel fault detection and localization algorithm for low-voltage DC microgrid', 'The influence of fault distribution on stochastic prediction of voltage sags', 'PSO and ANN-based fault classification for protective relaying', 'Minimization of voltage sag costs by optimal reconfiguration of distribution network using genetic algorithms', 'Statistical decision-tree based fault classification scheme for protection of power transmission lines', 'Design and implementation of interval type-2 fuzzy logic-PI based adaptive controller for DFIG based wind energy system', 'Propagation of asymmetrical sags and the influence of boundary crossing lines on voltage sag prediction', 'Minimization of voltage sag induced financial losses in distribution systems using FACTS devices']"
varun sharma,Indian Institute of Technology Roorkee,"Conventional and Non conventional …, Rapid Prototyping and its applications",2825,https://scholar.google.com/citations?hl=en&user=TvwWrhcAAAAJ,29,62,"['Recent advances in turning with textured cutting tools: a review', 'Research trends in abrasive flow machining: A systematic review', 'Optimization of machining and vibration parameters for residual stresses minimization in ultrasonic assisted turning of 4340 hardened steel', 'Additive manufacturing in drug delivery applications: A review', 'Sustainable techniques in grinding: State of the art review', 'Comparative study of turning of 4340 hardened steel with hybrid textured self-lubricating cutting inserts', 'Additive manufacturing techniques for the fabrication of tissue engineering scaffolds: a review', 'Recent advances in ultrasonic assisted turning: A step towards sustainability', 'Life cycle assessment of biomedical waste management for reduced environmental impacts', 'Machining induced surface integrity behavior of nickel-based superalloy: effect of lubricating environments']"
Satendra Kumar,"Student, IIT Roorkee",Microfluidics,2817,https://scholar.google.com/citations?hl=en&user=76Bz5msAAAAJ,19,79,"['Nephrotoxicity of iodixanol versus iopamidol in patients with chronic kidney disease and diabetes mellitus undergoing coronary angiographic procedures', 'Mathematical modelling of fires in road tunnels', 'Optical Absorption of Glasses Containing Ions with Partially Filled 3d Orbitals', 'Investigating the CT localizer radiograph: acquisition parameters, patient centring and their combined influence on radiation dose', 'Correlation analysis for yield and yield components in rice (Oryza sativa L.)', 'Symbiotic human gut bacteria with variable metabolic priorities for host mucosal glycans. mBio 6: e01282-15', 'Basics of remote sensing and GIS', 'The balcony spill plume–Some CFD simulations', 'Closed rupture of flexor profundus tendon in the palm', 'Epidemiological and etiological factors associated with nasopharyngeal carcinoma']"
Sateesh Kumar Peddoju,"Indian Institute of Technology Roorkee, India","Cyber Security, Internet of Things, Edge Computing, Cloud Computing",2815,https://scholar.google.com/citations?hl=en&user=iMMhgycAAAAJ,27,49,"['PermPair: Android Malware Detection Using Permission Pairs', 'Container-based microservice architecture for cloud applications', 'HIDS: A host based intrusion detection system for cloud computing environment', 'Malware detection using network traffic analysis in android based mobile devices', 'Energy efficient computing-green cloud computing', 'Multi-resolution mobile vision system for plant leaf disease diagnosis', 'Predictive and prescriptive analytics in big-data era', 'Minimizing network traffic features for android mobile malware detection', 'AgroMobile: a cloud-based framework for agriculturists on mobile platform', 'NTPDroid: a hybrid android malware detector using network traffic and system permissions']"
Anil Kumar,Indian Institute of Technology Roorkee,Nanotechnology,2764,https://scholar.google.com/citations?hl=en&user=m1baGBcAAAAJ,29,67,"['Photochemistry and radiation chemistry of semiconductor colloids: reaction of the hydrated electron with CdS and non-linear optical effects', 'Synthesis of adenine mediated superparamagnetic colloidal β-FeOOH nanostructure (s): study of their morphological changes and magnetic behavior', 'Photocatalytic degradation of aniline at the interface of TiO2 suspensions containing carbonate ions', 'Kinetics of oxidation of glycine and related substrates by diperiodatoargentate (III)', 'Photophysics and photochemistry of colloidal CdS–TiO2 coupled semiconductors—photocatalytic oxidation of indole', 'One-step chemically controlled wet synthesis of graphene nanoribbons from graphene oxide for high performance supercapacitor applications', 'RNA-mediated fluorescent Q-PbS nanoparticles', 'Amino acid mediated functionalization and reduction of graphene oxide – synthesis and the formation mechanism of nitrogen-doped graphene', 'Photocatalytic oxidation of aniline using Ag+-loaded TiO2 suspensions', '“Water-In-Salt” Electrolyte-Based High-Voltage (2.7 V) Sustainable Symmetric Supercapacitor with Superb Electrochemical Performance\ue5f8 An Analysis of the Role of Electrolytic\xa0…']"
"Navneet Arora, Ph.D.","Professor (HAG), IIT Roorkee","Welding Processes, Coatings, Fracture Behaviour, Reliability",2745,https://scholar.google.com/citations?hl=en&user=LxUHx1oAAAAJ,32,69,"['An investigation on erosion behavior of HVOF sprayed WC–CoCr coatings', 'Availability analysis of steam and power generation systems in the thermal power plant', 'A comparative study on slurry and dry erosion behaviour of HVOF sprayed WC–CoCr coatings', 'Enhancing the wear resistance of iron-based alloys: A comprehensive review of alloying element effects', 'Use of bimetallic welds in nuclear reactors: associated problems and structural integrity assessment issues', 'Estimation of heat source model parameters for twin-wire submerged arc welding', 'Sliding and abrasive wear behavior of WC-CoCr coatings with different carbide sizes', 'A study of processing and slurry erosion behaviour of multi-walled carbon nanotubes modified HVOF sprayed nano-WC-10Co-4Cr coating', 'Selection of natural fiber for sustainable composites using hybrid multi criteria decision making techniques', 'Investigation of TiO2–SiO2–CaO–CaF2 based electrode coatings on weld metal chemistry and mechanical behaviour of bimetallic welds']"
Nikhil Saboo,"Associate Professor, Indian Institute of Technology, Roorkee","Pavement Materials, Design and Analysis",2742,https://scholar.google.com/citations?hl=en&user=BJNX6_gAAAAJ,28,57,"['Effect of fly ash and metakaolin on pervious concrete properties', 'A comprehensive review of warm mix asphalt mixtures-laboratory to field', 'A study on creep and recovery behavior of asphalt binders', 'Performance characterization of polymer modified asphalt binders and mixes', 'Ranking the rheological response of SBS-and EVA-modified bitumen using MSCR and LAS tests', 'Analysis of different test methods for quantifying rutting susceptibility of asphalt binders', 'Economic and environmental aspects of warm mix asphalt mixtures: A comparative analysis', 'Development of workability based approach for assessment of production temperatures of warm mix asphalt mixtures', 'Effect of the use of recycled asphalt pavement (RAP) aggregates on the performance of pervious paver blocks (PPB)', 'RILEM interlaboratory study on the mechanical properties of asphalt mixtures modified with polyethylene waste']"
Ram Prakash Bharti,"Professor, Department of Chemical Engineering, IIT Roorkee","Fluid Dynamics, Microfluidics, Rheology, Electrokinetic Flows, Heat Transfer",2740,https://scholar.google.com/citations?hl=en&user=vsLU3tcAAAAJ,27,41,"['A numerical study of the steady forced convection heat transfer from an unconfined circular cylinder', 'Steady forced convection heat transfer from a heated circular cylinder to power-law fluids', 'Steady flow of power law fluids across a circular cylinder', 'Effect of power-law index on critical parameters for power-law flow across an unconfined circular cylinder', 'Forced convection heat transfer from an elliptical cylinder to power-law fluids', 'Two-dimensional unsteady flow of power-law fluids over a cylinder', 'Steady flow of power-law fluids across an unconfined elliptical cylinder', 'Two-dimensional unsteady forced convection heat transfer in power-law fluids from a cylinder', 'Two-dimensional steady Poiseuille flow of power-law fluids across a circular cylinder in a plane confined channel: wall effects and drag coefficients', 'Material flow visualization and determination of strain rate during friction stir welding']"
Ravita Lamba,"Assistant Professor, Indian Institute of Technology Roorkee","Solar Energy, Modeling and Simulation of Energy Systems, Battery & Fuel cell, Radiative Cooling",2705,https://scholar.google.com/citations?hl=en&user=EtgoscMAAAAJ,26,52,"['A review on modeling, design methodology and size optimization of photovoltaic based water pumping, standalone and grid connected system', 'Modeling and performance analysis of a concentrated photovoltaic–thermoelectric hybrid power generation system', 'Enhanced thermal performance of a thermoelectric generator with phase change materials', 'Modeling and simulation of photovoltaic powered battery-supercapacitor hybrid energy storage system for electric vehicles', 'Thermodynamic analysis of thermoelectric generator including influence of Thomson effect and leg geometry configuration', 'Solar driven concentrated photovoltaic-thermoelectric hybrid system: Numerical analysis and optimization', 'Thermal management of low concentrated photovoltaic module with phase change material', 'Thermal management of photovoltaic-thermoelectric generator hybrid system using radiative cooling and heat pipe', 'Thermodynamic study of solar photovoltaic energy conversion: An overview', 'Optimal energy management system for residential buildings considering the time of use price with swarm intelligence algorithms']"
Jatin Bedi,Indian Institute of Technology Roorkee,"Data Mining, Machine Learning, Time Series, Predictive Analytics, Big Data",2700,https://scholar.google.com/citations?hl=en&user=IBWqXUUAAAAJ,22,36,"['Deep learning framework to forecast electricity demand', 'DeepXplainer: An interpretable deep learning based approach for lung cancer detection using explainable artificial intelligence', 'Empirical mode decomposition based deep learning for electricity demand forecasting', 'Explainable AI-driven IoMT fusion: Unravelling techniques, opportunities, and challenges with Explainable AI in healthcare', 'Energy load time-series forecast using decomposition and autoencoder integrated memory network', 'Harnessing fusion modeling for enhanced breast cancer classification through interpretable artificial intelligence and in-depth explanations', 'MAG-D: A multivariate attention network based approach for cloud workload forecasting', 'Authenticating and securing healthcare records: A deep learning-based zero watermarking approach', 'Association mining based deep learning approach for financial time-series forecasting', 'Synergizing fusion modeling for accurate cardiac prediction through explainable artificial intelligence']"
Pankaj Agarwal,"Department of Earthquake Engineering, Indian Institute of Technology Roorkee","Earthquake Engineering, Structural Engineering",2681,https://scholar.google.com/citations?hl=en&user=S3kPnYUAAAAJ,23,45,"['Earthquake resistant design of structures', 'Applications of TOPSIS algorithm on various manufacturing processes: a review', 'Seismic behavior of hybrid fiber reinforced cementitious composite beam–column joints', 'Bhuj, India earthquake of January 26, 2001, reconnaissance report', 'Effect of TiC particles on the mechanical properties of aluminium alloy metal matrix composites (MMCs)', 'A demographic profile of traumatic and non-traumatic spinal injury cases: a hospital-based study from India', 'Characteristic behaviour of aluminium metal matrix composites: a review', 'The confining effect of geo-grid on the mechanical properties of concrete specimens with steel fiber under compression and flexure', 'Flexural and shear behavior of geo-grid confined RC beams with steel fiber reinforced concrete', 'Study of fabrication, testing and characterization of Al/TiC metal matrix composites through different processing techniques']"
Purshottam Agrawal,Indian Institute of Technology,"Approximation Theory, Quantum Calculus, Complex Approximation",2679,https://scholar.google.com/citations?hl=en&user=U_R6OxgAAAAJ,27,86,"['Szász–Durrmeyer type operators based on Charlier polynomials', 'On q-analogue of Bernstein–Schurer–Stancu operators', 'Generalized baskakov-szász type operators', 'On simultaneous approximation by modified Baskakov operators', 'Some approximation properties of Baskakov–Durrmeyer–Stancu operators', 'Approximation of unbounded functions by a new sequence of linear positive operators', 'Modified Szász operators', 'Degree of approximation for bivariate Chlodowsky–Szász–Charlier type operators', 'Baskakov–Szász-type operators based on inverse Pólya–Eggenberger distribution', 'Approximation properties of Bezier-summation-integral type operators based on Polya–Bernstein functions']"
Debabrata Sircar,Professor; Biosciences and Bioengineering Department; Indian Institute of Technology …,"Plant Metabolomics, functional genomics, SMART cell technology, plant natural product biotechnology",2659,https://scholar.google.com/citations?hl=en&user=vHNED8gAAAAJ,30,68,"['Synthesis and characterization of gelatin-PVP polymer composite scaffold for potential application in bone tissue engineering', 'Nutritional and metabolomics characterization of the coconut water at different nut developmental stages', 'Genome-wide identification and expression analysis of Hsp70, Hsp90, and Hsp100 heat shock protein genes in barley under stress conditions and reproductive\xa0…', 'Kaempferol alleviates palmitic acid-induced lipid stores, endoplasmic reticulum stress and pancreatic β-cell dysfunction through AMPK/mTOR-mediated lipophagy', 'Metabolite profiling and wound-healing activity of Boerhavia diffusa leaf extracts using in vitro and in vivo models', 'Cinnamate:CoA Ligase Initiates the Biosynthesis of a Benzoate-Derived Xanthone Phytoalexin in Hypericum calycinum Cell Cultures', 'A comparative analysis of various flavonoids in the regulation of obesity and diabetes: An in vitro and in vivo study', 'Accumulation of p-hydroxybenzoic acid in hairy roots of Daucus carota 2: Confirming biosynthetic steps through feeding of inhibitors and precursors', 'Hairy root culture of Plumbago indica as a potential source for plumbagin', 'Accumulation of p-hydroxybenzoic acid in hairy roots of Daucus carota']"
SARADA PRASAD PRADHAN,"Indian Institute of Technology Roorkee, India","Rock Mechanics, Engineering Geology, Geo-Mechanics, Reservoir Geology",2652,https://scholar.google.com/citations?hl=en&user=rTC50K4AAAAJ,30,49,"['Stability assessment of landslide-prone road cut rock slopes in Himalayan terrain: a finite element method based approach', 'Permeability of sub-critical carbon dioxide in naturally fractured Indian bituminous coal at a range of down-hole stress conditions', 'Investigation of 3D deformation of transparent soil around a laterally loaded pile based on a hydraulic gradient model test', 'Numerical modeling of Gondwana coal seams in India as coalbed methane reservoirs substituted for carbon dioxide sequestration', 'Assessment of active tectonics from geomorphic indices and morphometric parameters in part of Ganga basin', 'Tensile strength of rock under elevated temperatures', 'Stability assessment of Himalayan road cut slopes along National Highway 58, India', 'Geotechnical and geological investigation of slope stability of a section of road cut debris-slopes along NH-7, Uttarakhand, India', 'Simulation of CO2 enhanced coalbed methane recovery in Jharia coalfields, India', 'Insights into the recent Kotropi landslide of August 2017, India: a geological investigation and slope stability analysis']"
SANJAY KUMAR,"PhD, Mechanical & Industrial Engineering Deptt., Indian Institute of Technology Roorkee","Manufacturing, Investment Casting, Wax Pattern, Ceramic Shell, Microstructure",2621,https://scholar.google.com/citations?hl=en&user=9N2f_C4AAAAJ,19,57,"['Parasite cyclophilins and antiparasite activity of cyclosporin A', 'Precision task, posture, and strain', 'A multi-criteria analysis of coal-based power generation in Bangladesh', 'Female genital tuberculosis', 'Important methods for analysis of fruits/vegetables and their products', 'Characterization and properties of ceramic shells in investment casting process', 'Triple oral fixed‐dose diabetes polypill versus insulin plus metformin efficacy demonstration study in the treatment of advanced type 2 diabetes (TrIED study‐II)', 'Cloning and expression of DiT33 from Dirofilaria immitis: a specific and early marker of heartworm infection', 'Enhancing the permeability and properties of ceramic shell in investment casting process using ABS powder and needle coke', 'Fluorine and hydrogen effects on the growth and transport properties of microcrystalline silicon from SiF4 precursor']"
Mahendra Singh,"Emeritus Fellow, Department of Civil Engineering, IIT Roorkee, Roorkee-247667, INDIA",Engineering behaviour of jointed rocks and …,2614,https://scholar.google.com/citations?hl=en&user=KDXk_jEAAAAJ,22,32,"['Modified Mohr–Coulomb criterion for non-linear triaxial and polyaxial strength of intact rocks', 'Strength and deformational behaviour of a jointed rock mass', 'Empirical methods to estimate the strength of jointed rock masses', 'Blast induced rock mass damage around tunnels', 'A nonlinear criterion for triaxial strength of inherently anisotropic rocks', 'Modified Mohr–Coulomb criterion for non-linear triaxial and polyaxial strength of jointed rocks', 'Critical strain and squeezing of rock mass in tunnels', 'Prediction of tunnel deformation in squeezing grounds', 'Effect of fully grouted passive bolts on joint shear strength parameters in a blocky mass', 'Bearing capacity of shallow foundations in anisotropic non-Hoek–Brown rock masses']"
Soniya Singh,"IIT, Roorkee","Control Theory, Dynamic system, Differential Equations",2579,https://scholar.google.com/citations?hl=en&user=cQRu0CQAAAAJ,22,72,"['The housefly (Musca domestica) as a carrier of pathogenic microorganisms in a hospital environment', 'A review of water–energy nexus trend, methods, challenges and future prospects', 'Sublattice contributions to the infrared rotary dispersion in YIG', 'Vegetation mapping and characterization in West Siang District of Arunachal Pradesh, India–a satellite remote sensing-based approach', 'Standardization and stability studies of neuroprotective lipid soluble fraction obtained from Curcuma longa', 'Autonomous greenhouse sprayer vehicle using machine vision and LADAR for steering controls', 'A roentgenologic study of epiphyseal union around elbow, wrist and knee joints and the pelvis in boys and girls of Uttar Pradesh.', 'RAPD, STMS and ISSR markers for genetic diversity and hybrid seed purity testing in cotton', 'Control of sonoluminescence signal in deionized water using carbon dioxide', 'Gastroretentive drug delivery system of metoclopramide hydrochloride: formulation and in vitro evaluation']"
Bal Krishna Maheshwari,"Professor of Earthquake Engineering, IIT Roorkee","Geotechnical Earthquake Engineering, Soil-Structure Interaction, Liquefaction, Dynamic Soil Properties, Pile Foundations",2555,https://scholar.google.com/citations?hl=en&user=W5QDUAcAAAAJ,26,59,"['Three-dimensional nonlinear analysis for seismic soil–pile-structure interaction', 'Effects of reinforcement on liquefaction resistance of Solani sand', 'Correlation Between Shear Wave Velocity (Vs) and SPT Resistance (N) for Roorkee Region', 'Seismic behavior of soil-pile-structure interaction in liquefiable soils: Parametric study', 'Three-dimensional nonlinear seismic analysis of single piles using finite element model: Effects of plasticity of soil', 'Three-dimensional finite element nonlinear dynamic analysis of pile groups for lateral transient and seismic excitations', 'Dynamic impedances of pile groups with embedded caps in homogeneous elastic soils using CIFECM', 'Nonlinear dynamic behavior of pile foundations: effects of separation at the soil-pile interface', 'Earthquake-induced landslide hazard assessment of chamoli district, uttarakhand using relative frequency ratio method', 'Effects of separation on the behavior of soil-pile interaction in liquefiable soils']"
Dr. Sanjoy Ghosh,"Head, Department of Biosciences and Bioengineering, Professor, Biochemical Engineering …","Biochemical/Bioprocess Engineering, Biofuel and Enzyme Production, Process Scale-up",2555,https://scholar.google.com/citations?hl=en&user=iWHCLtEAAAAJ,25,42,"['Use of response surface methodology for optimizing process parameters for the production of α-amylase by Aspergillus oryzae', 'Bioconversion of lignocellulosic fraction of water-hyacinth (Eichhornia crassipes) hemicellulose acid hydrolysate to ethanol by Pichia stipitis', 'Bioreactors in solid state fermentation technology: Design, applications and engineering aspects', 'Alkaline pretreatment methods followed by acid hydrolysis of Saccharum spontaneum for bioethanol production', 'Production of phytase under solid-state fermentation using Rhizopus oryzae: Novel strain improvement approach and studies on purification and characterization', 'Bioethanol production from various lignocellulosic feedstocks by a novel “fractional hydrolysis” technique with different inorganic acids and co-culture fermentation', 'Saccharification of Kans grass using enzyme mixture from Trichoderma reesei for bioethanol production', 'Optimization of process variables for the extractive fermentation of 2, 3-butanediol by Klebsiella oxytoca in aqueous two-phase system using response surface methodology', 'Saccharification of alkali treated biomass of Kans grass contributes higher sugar in contrast to acid treated biomass', 'Potential of Trametes maxima IIPLC-32 derived laccase for the detoxification of phenolic inhibitors in lignocellulosic biomass prehydrolysate']"
Ashwani Kumar Sharma,"Department of Biosciences and Bioengineering, IIT Roorkee, India",Protein Biochemistry and Biophysics,2552,https://scholar.google.com/citations?hl=en&user=lxTF46UAAAAJ,29,69,"['Development of a recombinase polymerase based isothermal amplification combined with lateral flow assay (HLB-RPA-LFA) for rapid detection of"" Candidatus Liberibacter asiaticus""', 'Huanglongbing Pandemic: Current Challenges and Emerging Management Strategies', 'Purification and physicochemical characterization of a serine protease with fibrinolytic activity from latex of a medicinal herb Euphorbia hirta', 'Purification and characterization of a trypsin inhibitor from Putranjiva roxburghii seeds', 'Characterization of dye-decolorizing peroxidase from Bacillus subtilis', 'Structural and functional evolution of chitinase‐like proteins from plants', 'Three-dimensional structure of mare diferric lactoferrin at 2.6 Å resolution', 'Class I major histocompatibility complex anchor substitutions alter the conformation of T cell receptor contacts', 'A rapid and sensitive reverse transcription–loop-mediated isothermal amplification (RT-LAMP) assay for the detection of Indian Citrus Ringspot Virus', 'Antimicrobial nano-zinc oxide-2S albumin protein formulation significantly inhibits growth of “Candidatus Liberibacter asiaticus” in planta']"
Pravendra Singh,"Assistant Professor, IIT Roorkee","Deep Learning, Machine Learning, Computer Vision, Artificial Intelligence",2513,https://scholar.google.com/citations?hl=en&user=YwDTxJMAAAAJ,23,42,"['Recent advancements in end-to-end autonomous driving using deep learning: A survey', 'HetConv: Heterogeneous Kernel-Based Convolutions for Deep CNNs', 'Few-Shot Lifelong Learning', 'Deep learning for unsupervised domain adaptation in medical imaging: Recent advancements and future perspectives', 'Leveraging Filter Correlations for Deep Model Compression', 'Calibrating cnns for lifelong learning', 'Processing of sucrose to low density carbon foams', 'Play and Prune: Adaptive Filter Pruning for Deep Model Compression', 'Optimizing nonlinear activation function for convolutional neural networks', 'Rectification-based Knowledge Retention for Continual Learning']"
Srikrishnan Siva Subramanian,"Assistant Professor, Disaster Mitigation and Management, Indian Institute of Technology …","Landslides, Debris flows, Spatio temporal modeling, Rainfall thresholds, Early warning systems",2499,https://scholar.google.com/citations?hl=en&user=hxypt0AAAAAJ,24,34,"['The formation and impact of landslide dams–State of the art', 'Successive landsliding and damming of the Jinsha River in eastern Tibet, China: prime investigation, early warning, and emergency response', 'Prediction of a multi-hazard chain by an integrated numerical simulation approach: the Baige landslide, Jinsha River, China', 'Coseismic landslides triggered by the 2018 Hokkaido, Japan (M w 6.6), earthquake: spatial distribution, controlling factors, and possible failure mechanism', 'Rapidly evolving controls of landslides after a strong earthquake and implications for hazard assessments', 'Stability assessment approach for soil slopes in seasonal cold regions', 'Recent technological and methodological advances for the investigation of landslide dams', 'Unraveling the drivers of intensified landslide regimes in Western Ghats, India', 'Successful early warning and emergency response of a disastrous rockslide in Guizhou province, China', 'Imminent threat of rock-ice avalanches in High Mountain Asia']"
Dr. Rajendra Prasad,"Professor, Department of Electrical Engg., Indian Institute of Technology Roorkee","Control System, Model Order Reduction",2497,https://scholar.google.com/citations?hl=en&user=rPxFSHcAAAAJ,24,57,"['A proposal for nomenclature of aldehyde dehydrogenases in Saccharomyces cerevisiae and characterization of the stress‐inducible ALD2 and ALD3 genes', 'A strategy for increasing an in vivo flux by genetic manipulations. The tryptophan system of yeast', 'An evaluation of flame surface density models for turbulent premixed jet flames', 'Soft computing approach for model order reduction of linear time invariant systems', 'Stable reduction of linear systems by continued fractions', 'Reduction of linear dynamic systems using Routh Hurwitz array and factor division method', 'Optimization of LTI systems using modified clustering algorithm', 'A prospective study of ocular toxicity in patients receiving ethambutol as a part of directly observed treatment strategy therapy', 'Use of hyperbaric oxygen in traumatic brain injury: retrospective analysis of data of 20 patients treated at a tertiary care centre', 'Selection of membership functions based on fuzzy rules to design an efficient power system stabilizer']"
PC Srivastava,"IIT, Roorkee",Nuclear Physics,2421,https://scholar.google.com/citations?hl=en&user=o3E2obIAAAAJ,25,78,"['Direct Observation of Two Protons in the Decay of', 'The gallium anomaly revisited', 'Forbidden nonunique  decays and effective values of weak coupling constants', 'Discovery of an Exceptionally Strong -Decay Transition of  and Implications for the Fate of Intermediate-Mass Stars', 'Nuclear β−-decay half-lives for fp and fpg shell nuclei', 'Isospin symmetry in  values: Coulomb excitation study of', 'Second-forbidden nonunique  decays of  and  assessed by the nuclear shell model', 'Experimental investigation of shell-model excitations of Zr up to high spin', 'Ab initio no-core shell model study of  isotopes with realistic  interactions', 'Prediction of the neutron drip line in oxygen isotopes using quantum computation']"
SK Gupta,"Professor, Department of Mathematics, IIT Roorkee","SVM, Optimization under uncertainty, Optimization theory",2412,https://scholar.google.com/citations?hl=en&user=GS7LEuIAAAAJ,23,71,"['Effect of emulsifier salts on textural and flavor properties of processed cheeses', 'Therapeutic potential of Calendula officinalis', 'Therapeutic efficacy of honey in infected wounds in buffaloes.', 'On fully intuitionistic fuzzy multiobjective transportation problems using different membership functions', 'Evaluation of fly ash as a useful material in agriculture.', 'Second-order symmetric duality with cone constraints', 'Plasma selenium level in cancer patients.', 'On Nash equilibrium strategy of two-person zero-sum games with trapezoidal fuzzy payoffs', 'Higher-order symmetric duality with cone constraints', 'On optimistic, pessimistic and mixed approaches under different membership functions for fully intuitionistic fuzzy multiobjective nonlinear programming problems']"
Pushparaj Mani Pathak,"Professor, Mechanical & Industrial Engineering Department, IIT Roorkee","Robotics, Dynamics, Control, Artificial Intelligence, Bond Graph Modelling",2411,https://scholar.google.com/citations?hl=en&user=cTcZwhcAAAAJ,27,61,"['Intelligent Mechatronic Systems: Modeling, Control and Diagnosis', 'Kinematic Calibration of a Multisection Bionic Manipulator', 'Reverse engineering in product manufacturing: an overview', 'Modeling of continuum manipulators using pythagorean hodograph curves', 'Inverse kinematics of mobile manipulator using bidirectional particle swarm optimization by manipulator decoupling', 'Impedance control of space robots-using passive degrees of freedom in controller domain', 'Simulation for whole-body vibration to assess ride comfort of a low–medium speed railway vehicle', 'Design and development of a glass façade cleaning robot', 'A scheme for robust trajectory control of space robots', 'Trajectory control of a two DOF rigid–flexible space robot by a virtual space vehicle']"
Vipul Rastogi,"Professor of Physics, Indian Institute of Technology Roorkee, India","Fiber Optics, Photonics, Optoelectronics",2392,https://scholar.google.com/citations?hl=en&user=HeEFKm4AAAAJ,25,64,"['Analysis of one-dimensional photonic crystal based sensor for detection of blood plasma and cancer cells', 'Long-period gratings in planar optical waveguides', 'Propagation characteristics of a segmented cladding fiber', 'Analysis of corrugated long-period gratings in slab waveguides and their polarization dependence', 'Widely tunable long-period gratings fabricated in polymer-clad ion-exchanged glass waveguides', 'Temperature-compensated fiber-Bragg-grating-based magnetostrictive sensor for dc and ac currents', 'Analysis of segmented-cladding fiber by the radial-effective-index method', 'Dielectric nanoparticles for the enhancement of OLED light extraction efficiency', 'Surface Plasmon Resonance-Based Sensors Using Nano-Ribbons of Graphene and WSe2', 'Gold–aluminum-based surface plasmon resonance sensor with a high quality factor and figure of merit for the detection of hemoglobin']"
Prof. MJ NIGAM,"Department of Electronics and Communication Engineering, IIT Roorkee",Communication Engineering,2364,https://scholar.google.com/citations?hl=en&user=7Fe0JBsAAAAJ,23,49,"['Analysis of clutter reduction techniques for through wall imaging in UWB range', 'Design of a model reference adaptive controller using modified MIT rule for a second order system', 'Applications of quantum inspired computational intelligence: a survey', 'Neuro-fuzzy based approach for inverse kinematics solution of industrial robot manipulators', 'A hybrid grey wolf optimizer and artificial bee colony algorithm for enhancing the performance of complex systems', 'An approach to remove the clutter and detect the target for ultra-wideband through-wall imaging', 'Design of interval type-2 fuzzy precompensated PID controller applied to two-DOF robotic manipulator with variable payload', 'Shadow detection and removal from remote sensing images using NDI and morphological operators', 'Inverse kinematics solution of 3DOF planar robot using ANFIS', 'Application of clutter reduction techniques for detection of metallic and low dielectric target behind the brick wall by stepped frequency continuous wave radar in ultra\xa0…']"
Dr. Sachin Kadian,"Associate Professor, MUJ | UNC/NCSU | Purdue University | University of Alberta | IIT …","Graphene Quantum Dots, Wearable sensors, Microneedles, Biomedical and Flexible devices",2360,https://scholar.google.com/citations?hl=en&user=3EW5P_AAAAAJ,28,45,"['Biofunctionalized graphene quantum dots based fluorescent biosensor toward efficient detection of small cell lung cancer', 'Effect of sulfur doping on fluorescence and quantum yield of graphene quantum dots: an experimental and theoretical investigation', 'Sulfur doped Graphene Quantum Dots as a Potential Sensitive Fluorescent Probe for the Detection of Quercetin', 'Synthesis and Application of PHT‐TiO2 Nanohybrid for Amperometric Glucose Detection in Human Saliva Sample', 'Recent advancements in synthesis and property control of graphene quantum dots for biomedical and optoelectronic applications', 'Recent advances in graphene quantum dots based optical and electrochemical (bio)analytical sensors', 'Ti3C2-MXene decorated with nanostructured silver as a dual-energy acceptor for the fluorometric Neuron Specific Enolase detection', 'Synthesis, characterization and investigation of synergistic antibacterial activity and cell viability of silver-sulfur doped graphene quantum dots (Ag@S-GQDs) nanocomposite', 'Highly sensitive and selective detection of dopamine with boron and sulfur co-doped graphene quantum dots', 'Recent advancements in machine learning enabled portable and wearable biosensors']"
Ameeya Kumar Nayak,"Professor, IIT Roorkee",Computational Fluid Dynamics,2354,https://scholar.google.com/citations?hl=en&user=CPBFS-wAAAAJ,21,56,"['MHD convection and entropy generation of nanofluid in a porous enclosure with sinusoidal heating', 'Effect of Ti/Al ratio on the performance of Ni/TiO2-Al2O3 catalyst for methane reforming with CO2', 'Smart designing of metal-support interface for imperishable dry reforming catalyst', 'Analysis of mixing for electroosmotic flow in micro/nano channels with heterogeneous surface potential', 'A Numerical Study of Multicomponent Mass diffusion and Convection in Porous Pellets for the Sorption-Enhanced Steam Methane Reforming and Desorption Processes', 'Influence of varying zeta potential on non-Newtonian flow mixing in a wavy patterned microchannel', 'A Combined Multifluid-Population Balance Model for Vertical Gas-Liquid Bubble Driven Flows Considering Bubble Column Operating Conditions', 'Computer-assisted sperm analysis (CASA) in veterinary science: A review', 'Electroosmotic flow in  micro/nanochannels with surface potential heterogeneity: An analysis through the Nernst–Planck model with convection effect.', 'Combined effect of surface roughness and heterogeneity of wall potential on electroosmosis in micro/nanofluidic channels']"
Anuj Upadhyay,"Indian Institute of Technology, Roorkee",,2343,https://scholar.google.com/citations?hl=en&user=hsM5jwsAAAAJ,21,48,"['Improved characterization of the astrophysical muon–neutrino flux with 9.5 years of IceCube data', 'Characterization of the astrophysical diffuse neutrino flux using starting track events in IceCube', 'Measurement of atmospheric neutrino mixing with improved IceCube DeepCore calibration and data processing', 'Search for neutrino lines from dark matter annihilation and decay with IceCube', 'Search for correlations of high-energy neutrinos detected in IceCube with radio-bright AGN and gamma-ray emission from blazars', 'Measurement of atmospheric neutrino oscillation parameters using convolutional neural networks with 9.3 years of data in IceCube DeepCore', 'Search for neutrino emission from hard X-ray AGN with IceCube', 'IceCube search for neutrino emission from X-ray bright Seyfert galaxies', 'Search for extremely-high-energy neutrinos and first constraints on the ultrahigh-energy cosmic-ray proton fraction with IceCube', 'Observation of seven astrophysical tau neutrino candidates with IceCube']"
Tapas Kumar Mandal,"Associate Professor, Department of Chemistry, IIT Roorkee",Solid State & Materials Chemistry,2328,https://scholar.google.com/citations?hl=en&user=XWGxw04AAAAJ,29,52,"['Emerging concepts in solid-state hydrogen storage: the role of nanomaterials design', 'Hydrogen storage materials: present scenarios and future directions', 'Magnetic and electronic properties of double perovskites and estimation of their Curie temperatures by ab initio calculations', 'Excellent Sun-Light-Driven Photocatalytic Activity by Aurivillius Layered Perovskites, Bi5–xLaxTi3FeO15 (x = 1, 2)', 'Hydrogen: a future energy vector for sustainable development', 'Crystal Structures of Ln4Ni3O8 (Ln = La, Nd) Triple Layer T‘-type Nickelates', 'Enhancing photocatalytic degradation of quinoline by ZnO: TiO2 mixed oxide: Optimization of operating parameters and mechanistic study', 'Synthesis, structure and magnetic properties of< i> A</i>< sub> 2</sub> Mn< i> B</i>′ O< sub> 6</sub>(< i> A</i>= Ca, Sr;< i> B</i>′= Sb, Ta) double perovskites', 'From rocksalt to perovskite: a metathesis route for the synthesis of perovskite oxides of current interest', 'Morphology-controlled green approach for synthesizing the hierarchical self-assembled 3D porous ZnO superstructure with excellent catalytic activity']"
Ramasare Prasad,"Professor Department of Biosciences and Bioengineering, Indian Institute of Technology …","Biotechnology, Molecular Biology & Proteomics",2321,https://scholar.google.com/citations?hl=en&user=hmx0FYsAAAAJ,28,60,"['Degradation of Polyurethane by Aspergillus flavus (ITCC 6051) Isolated from Soil', 'Expression of CDR1, a multidrug resistance gene of Candida albicans: transcriptional activation by heat shock, drugs and human steroid hormones', 'Colonization and Degradation of Thermally Oxidized High-Density Polyethylene by Aspergillus niger (ITCC No. 6052) Isolated from Plastic Waste Dumpsite', 'Antifungal and Anti-Biofilm Activity of Essential Oil Active Components against Cryptococcus neoformans and Cryptococcus laurentii', 'Candida albicans biofilm inhibition by synergistic action of terpenes and fluconazole', 'Synergistic effects of Woodfordia fruticosa gold nanoparticles in preventing microbial adhesion and accelerating wound healing in Wistar albino rats in vivo', 'Insights into interplay of immunopathophysiological events and molecular mechanistic cascades in psoriasis and its associated comorbidities', 'Delineating the molecular responses of a halotolerant microalga using integrated omics approach to identify genetic engineering targets for enhanced TAG production', 'Deletion of transmembrane domain 12 of CDR1, a multidrug transporter from Candida albicans, leads to altered drug specificity: Expression of a yeast multidrug\xa0…', 'In vitro antioxidant potential evaluation of Euphorbia hirta L']"
Biplab Sarkar,"Associate Professor, IIT Roorkee",,2316,https://scholar.google.com/citations?hl=en&user=d6vQQ6UAAAAJ,26,39,"['The 2020 UV emitter roadmap', 'Doping and compensation in Al-rich AlGaN grown on single crystal AlN and sapphire by MOCVD', 'Thermal conductivity of single-crystalline AlN', 'Understanding the gradual reset in Pt/Al2O3/Ni RRAM for synaptic applications', 'Observation of 2D-magnesium-intercalated gallium nitride superlattices', 'The role of chemical potential in compensation control in Si: AlGaN', '6 kW/cm2 UVC laser threshold in optically pumped lasers achieved by controlling point defect formation', 'Defect-free Ni/GaN Schottky barrier behavior with high temperature stability', 'Thermal conductivity of GaN single crystals: Influence of impurities incorporated in different growth processes', 'The influence of point defects on the thermal conductivity of AlN crystals']"
Neetesh Kumar,"Associate Professor, IIT Roorkee","Cloud Computing, AI, Autonomous Driving, Cyber Physical Systems, Intelligent Transportation Systems",2302,https://scholar.google.com/citations?hl=en&user=Ut_l01AAAAAJ,26,42,"['Fuzzy inference enabled deep reinforcement learning-based traffic light control for intelligent transportation system', ""Machine learning for autonomous vehicle's trajectory prediction: A comprehensive survey, challenges, and future research directions"", 'Machine learning techniques in emerging cloud computing integrated paradigms: A survey and taxonomy', 'A green routing algorithm for IoT-enabled software defined wireless sensor network', 'Quality of experience framework for cloud computing (QoC)', 'Deep reinforcement learning-based traffic light scheduling framework for SDN-enabled smart transportation system', 'A novel hybrid PSO–GA meta-heuristic for scheduling of DAG with communication on multiprocessor systems', 'A novel confined attention mechanism driven Bi-GRU model for traffic flow prediction', 'A comprehensive survey on SDN and blockchain-based secure vehicular networks', 'Artificial lizard search optimization (ALSO): a novel nature-inspired meta-heuristic algorithm']"
Dr Premalata Jena,"Professor, IIT Roorkee","Power System Protection, Smart Grid Protection",2255,https://scholar.google.com/citations?hl=en&user=0u8tLssAAAAJ,26,51,"['Superimposed adaptive sequence current based microgrid protection: A new technique', 'A positive-sequence directional relaying algorithm for series-compensated line', 'Impedance angle-based differential protection scheme for microgrid feeders', 'Fault detection in DC microgrid based on the resistance estimation', 'A fault location identification technique for active distribution system', 'Sequence currents based adaptive protection approach for DNs with distributed energy resources', 'A novel fault identification and localization scheme for bipolar DC microgrid', ""Pearson's correlation coefficient for islanding detection using micro-PMU measurements"", 'An integrated approach for directional relaying of the double-circuit line', 'Directional relaying during single-pole tripping using phase change in negative-sequence current']"
Dheeraj Kumar,"Associate Professor, Department of Chemistry,  IIT Roorkee","High Energy Density Materials, Main Group Chemistry, organometallic chemistry, Inorganic Chemistry",2246,https://scholar.google.com/citations?hl=en&user=Yf57CwEAAAAJ,27,46,"['Balancing excellent performance and high thermal stability in a dinitropyrazole fused 1, 2, 3, 4-tetrazine', 'A highly stable and insensitive fused triazolo–triazine explosive (TTX)', 'Bis(3-nitro-1-(trinitromethyl)-1H-1,2,4-triazol-5-yl)methanone: An Applicable and Very Dense Green Oxidizer', 'Connecting energetic nitropyrazole and aminotetrazole moieties with N,N′-ethylene bridges: A promising approach for fine tuning energetic properties', 'Aminoacetonitrile as precursor for nitrogen rich stable and insensitive asymmetric N-methylene-C linked tetrazole-based energetic compounds', 'Construction of Polynitro Compounds as High-Performance Oxidizers via a Two-Step Nitration of Various Functional Groups', 'The explosive chemistry of nitrogen: a fascinating journey from 9th century to the present', 'Multipurpose Energetic Materials by Shuffling Nitro Groups on a 3,3′‐Bipyrazole Moiety', 'Asymmetric N, N′-ethylene-bridged azole-based compounds: Two way control of the energetic properties of compounds', '3,4,5-Trinitro-1-(nitromethyl)-1H-pyrazole (TNNMP): a perchlorate free high energy density oxidizer with high thermal stability']"
"Bhaskar Jyoti Deka, Ph.D.","Joint faculty, Centre for Nanotechnology & Associate Professor, Department of Hydrology, IIT …","Membrane distillation, Membrane fabrication, Desalination, Water/wastewater treatment",2246,https://scholar.google.com/citations?hl=en&user=9cs90qkAAAAJ,28,39,"['Engineering the re-entrant hierarchy and surface energy of PDMS-PVDF membrane for membrane distillation using a facile and benign microsphere coating', 'Omniphobic re-entrant PVDF membrane with ZnO nanoparticles composite for desalination of low surface tension oily seawater', 'Electrospun nanofiber membranes incorporating PDMS- aerogel superhydrophobic coating with enhanced flux and improved anti-wettability in membrane distillation', 'Advancements in nanoenabled membrane distillation for a sustainable water‐energy‐environment nexus', 'Macro-corrugated and nano-patterned hierarchically structured superomniphobic membrane for treatment of low surface tension oily wastewater by membrane distillation', 'PAA@ ZIF-8 incorporated nanofibrous membrane for high-efficiency PM2. 5 capture', 'Robust dual-layered omniphobic electrospun membrane with anti-wetting and anti-scaling functionalised for membrane distillation application', 'Self-cleaning BiOBr/Ag photocatalytic membrane for membrane regeneration under visible light in membrane distillation', 'Regeneration of superhydrophobic TiO2 electrospun membranes in seawater desalination by water flushing in membrane distillation', 'Reinforced superhydrophobic membrane coated with aerogel-assisted polymeric microspheres for membrane distillation']"
Dr. Vipin Sharma,Indian Institute of Technology Roorkee,"Friction stir welding & processing, Metal matrix composite, Tribology, Nanomaterials, Energy",2236,https://scholar.google.com/citations?hl=en&user=n7RPymEAAAAJ,19,40,"['Surface composites by friction stir processing: A review', 'Solidification morphology and segregation in continuously cast steel slab', 'Friction stir processing strategies for uniform distribution of reinforcement in a surface composite', 'Wear behavior of dual particle size (DPS) zircon sand reinforced aluminum alloy', 'Nanoparticles as fuel additive for improving performance and reducing exhaust emissions of internal combustion engines', 'Microstructural and wear behavior of dual reinforced particle (DRP) aluminum alloy composite', 'Sodium-ion batteries: state-of-the-art technologies and future prospects', 'Hypoglycemic activity of methanolic extract of Tectona grandis linn. Root in alloxan induced diabetic rats', 'Research progress in electroactive polymers for soft robotics and artificial muscle applications', 'Microstructural and mechanical characteristics of AA2014/SiC surface composite fabricated by friction stir processing']"
Vinay Pant,Department of Electrical Engineering IIT Roorkee,,2202,https://scholar.google.com/citations?hl=en&user=m9sNxXUAAAAJ,22,27,"['Evolutionary programming based optimal placement of renewable distributed generators', 'A comparative study of metaheuristic optimization approaches for directional overcurrent relays coordination', 'Analytical approach for well-being assessment of small autonomous power systems with solar and wind energy sources', 'An interior point method based protection coordination scheme for directional overcurrent relays in meshed networks', 'A novel approach for sensitivity calculations in the radial distribution system', 'Switch and recloser placement in distribution system considering uncertainties in loads, failure rates and repair rates', 'Analysis of a multiphase induction machine under fault condition in a phase-redundant AC drive system', 'Voltage source inverter driven multi-phase induction machine', 'A self-tuning fuzzy PI controller for TCSC to improve power system stability', 'Stability constrained optimal distribution system reconfiguration considering uncertainties in correlated loads and distributed generations']"
Indrajit Ghosh,"Professor, Dept of Civil Engg & Joint Faculty, Mehta Family School of Data Science & AI, IIT …","AI, ML, Traffic Engineering and Safety",2193,https://scholar.google.com/citations?hl=en&user=PmRjsdUAAAAJ,26,57,"['Effects of on-street parking in urban context: A critical review', 'Post encroachment time threshold identification for right-turn related crashes at unsignalized intersections on intercity highways under mixed traffic', 'Development of conflict severity index for safety evaluation of severe crash types at unsignalized intersections under mixed traffic', 'Analysis of Pedestrian Conflict with Right-Turning Vehicles at Signalized Intersections in India', 'Speed-based proximal indicator for right-turn crashes at unsignalized intersections in India', 'Examination of factors affecting freeway incident clearance times: a comparison of the generalized F model and several alternative nested models', 'Study of Delay at Signalized Intersections Under Mixed Traffic Conditions', 'Side friction parameters and their influences on capacity of Indian undivided urban streets', ""Examination of Factors Affecting Driver Injury Severity in Michigan's Single-Vehicle—Deer Crashes"", 'Kriging-based approach for estimation of vehicular speed and passenger car units on an urban arterial']"
Pranita P Sarangi,"Indian Institute of Technology, Roorkee",Inflammation and Cancer Immunology,2190,https://scholar.google.com/citations?hl=en&user=g1tv1MYAAAAJ,23,34,"['Regulatory T cells in virus infections', 'Uropod elongation is a common final step in leukocyte extravasation through inflamed vessels', 'Monocytes and macrophages: Origin, homing, differentiation, and functionality during inflammation', 'Activated protein C action in inflammation', 'Recombinant human activated protein C inhibits integrin-mediated neutrophil migration', 'Innate recognition network driving herpes simplex virus-induced corneal immunopathology: role of the toll pathway in early inflammatory events in stromal keratitis', 'In Vitro-Generated Antigen-Specific CD4+ CD25+ Foxp3+ Regulatory T Cells Control the Severity of Herpes Simplex Virus-Induced Ocular Immunoinflammatory\xa0…', 'Role of cellular events in the pathophysiology of sepsis', 'Sepsis lethality via exacerbated tissue infiltration and TLR-induced cytokine production by neutrophils is integrin α3β1-dependent', 'IL-10 and natural regulatory T cells: two independent anti-inflammatory mechanisms in herpes simplex virus-induced ocular immunopathology']"
Sonal K. Thengane,"Associate Professor, IIT Roorkee","Biochar, Torrefaction, Gasification & Pyrolysis, Waste to Energy and Hydrogen, Wastewater Treatment",2183,https://scholar.google.com/citations?hl=en&user=91FZfRoAAAAJ,23,31,"['Advances in biomass torrefaction: Parameters, models, reactors, applications, deployment, and market', 'Fuzzy analytic hierarchy process', 'Review on biomass pyrolysis with a focus on bio-oil upgrading techniques', 'Market prospects for biochar production and application in California', 'CO2 gasification of char from lignocellulosic garden waste: Experimental and kinetic study', 'Cost-benefit analysis of different hydrogen production technologies using AHP and Fuzzy AHP', 'Co-gasification of high ash biomass and high ash coal in downdraft gasifier', 'Kinetics of pyrolysis and gasification of cotton stalk in the central parts of India', 'Life cycle assessment of rice husk torrefaction and prospects for decentralized facilities at rice mills', 'Revamping downdraft gasifier to minimize clinker formation for high-ash garden waste as feedstock']"
Himanshu Fulara,"Associate Professor, Indian Institute of Technology Roorkee","Spintronics, Nanomagnetism, Spin Hall nano devices, Spin-wave dynamics, Neuromorphic computing",2179,https://scholar.google.com/citations?hl=en&user=N0s0sMwAAAAJ,17,20,"['Roadmap on Spin-Wave Computing', 'Two-dimensional mutually synchronized spin Hall nano-oscillator arrays for neuromorphic computing', 'Memristive control of mutual spin Hall nano-oscillator synchronization for neuromorphic computing', 'Spin-orbit torque–driven propagating spin waves', 'CMOS compatible W/CoFeB/MgO spin Hall nano-oscillators with wide frequency tunability', 'Phase-Binarized Spin Hall Nano-Oscillator Arrays: Towards Spin Hall Ising Machines', 'Giant voltage-controlled modulation of spin Hall nano-oscillator damping', 'Spin transfer torque driven higher-order propagating spin waves in nano-contact magnetic tunnel junctions', 'In-plane magnetic anisotropy and coercive field dependence upon thickness of CoFeB', 'Robust mutual synchronization in long spin Hall nano-oscillator chains']"
Ashok D Pandey,"EQD, IITR",Engineering,2178,https://scholar.google.com/citations?hl=en&user=oCsIMk0AAAAJ,21,41,"['Third imo ghg study 2014', 'Third IMO greenhouse gas study 2014', 'Prevalence of hand disorders in type 2 diabetes mellitus and its correlation with microvascular complications', 'High gain Vivaldi antenna for radar and microwave imaging applications', 'Progressive collapse of a cable stayed bridge', 'The Biomaterials: Silver Jubilee Compendium', 'Seismic soil-structure interaction of buildings on hill slopes', 'Response of sulfur and lime levels on productivity, nutrient content and uptake of sesame under guava (Psidium guajava L.) based agri-horti system in an acidic\xa0…', 'Advanced stage of breast cancer hoist alkaline phosphatase activity: risk factor for females in India', 'A note on the insecticide susceptibility status of principal malaria vector Anopheles culicifacies in four states of India']"
Dr. DB Jani,Indian Institute of Technology (IIT)- Roorkee,Desiccant cooling,2177,https://scholar.google.com/citations?hl=en&user=1U3_WSUAAAAJ,21,33,"['Solid desiccant air conditioning – A state of the art review', 'Performance studies of hybrid solid desiccant–vapor compression air-conditioning system for hot and humid climates', 'Experimental investigation on solid desiccant–vapor compression hybrid air-conditioning system in hot and humid weather', 'A critical review on application of solar energy as renewable regeneration heat source in solid desiccant – vapor compression hybrid cooling system', 'Application of artificial neural network for predicting performance of solid desiccant cooling systems – A review', 'Performance prediction of rotary solid desiccant dehumidifier in hybrid air-conditioning system using artificial neural network', 'Performance analysis of a solid desiccant assisted hybrid space cooling system using TRNSYS', 'Performance prediction of solid desiccant – Vapor compression hybrid air-conditioning system using artificial neural network', 'A review on use of TRNSYS as simulation tool in performance prediction of desiccant cooling cycle', 'A critical review on solid desiccant-based hybrid cooling systems']"
"Dr DAMINI VERMA, PhD, MACS, MECS, RSC",DBT BioCARe Women Scientist || Centre for Nanotechnology || Indian Institute of …,"Electrochemical Biosensors, Cancer Biomarkers, Environmental Pollutants, Nanotechnology",2174,https://scholar.google.com/citations?hl=en&user=Su1qFTgAAAAJ,26,38,"['Internet of things (IoT) in nano-integrated wearable biosensor devices for healthcare applications', 'Emerging role of trimethylamine-N-oxide (TMAO) in colorectal cancer', 'Strategies and perspectives to develop SARS-CoV-2 detection methods and diagnostics', 'Fabrication of a sensitive electrochemical sensor platform using reduced graphene oxide-molybdenum trioxide nanocomposite for BPA detection: An endocrine disruptor', 'The perspectives of biomarker-based electrochemical immunosensors, artificial intelligence and the internet of medical things towardáCOVID-19 diagnosis and management', 'Fabrication of label-free and ultrasensitive electrochemical immunosensor based on molybdenum disulfide nanoparticles modified disposable ITO: An analytical platform for\xa0…', 'Anil Kumar, and Pratima R. Solanki', 'Development of MWCNT decorated with green synthesized AgNps-based electrochemical sensor for highly sensitive detection of BPA', 'A novel bioinspired carbon quantum dots based optical sensor for ciprofloxacin detection', 'Electrophoretically deposited L-cysteine functionalized MoS2@ MWCNT nanocomposite platform: a smart approach toward highly sensitive and label-free detection of gentamicin']"
SP Singh,"Professor of Economics, IIT Roorkee","Agricultural economics, Data Envelopment Analysis, labour Economics, Development Economics",2172,https://scholar.google.com/citations?hl=en&user=GQCBVpsAAAAJ,26,52,"['Relative performance of academic departments using DEA with sensitivity analysis', 'Estimation of total factor productivity in the Indian garment industry', 'DEA based estimation of the technical efficiency of state transport undertakings in India', 'Climate-smart agriculture (CSA) adaptation, adaptation determinants and extension services synergies: a systematic review', 'Factors Influencing the Adoption of Sustainable Agricultural Practices: A Systematic Literature Review and Lesson Learned for India', 'Energy allocations for cooking in UP households (India): a fuzzy multi-objective analysis', 'A new slack DEA model to estimate the impact of slacks on the efficiencies', 'Technical efficiency analysis of the Indian drug and pharmaceutical industry: A non-parametric approach', 'Slack based measure of efficiencies of public sector hospitals in Uttarakhand (India)', 'New slack model based efficiency assessment of public sector hospitals of Uttarakhand: State of India']"
Vivek Gaurav,"Ph.D.  Indian Institute of Technology Roorkee, India.","Environment, Society, Science, Climate Change",2172,https://scholar.google.com/citations?hl=en&user=LvHKqoMAAAAJ,6,5,"['World scientists’ warning of a climate emergency', 'Ecofriendly remediation of pulp and paper industry wastewater by electrocoagulation and its application in agriculture', 'Estimating health risks in metal contaminated land for sustainable agriculture in peri-urban industrial areas using Monte Carlo probabilistic approach', 'Assessment of metal accumulation in the vegetables and associated health risk in the upper-most Ganga-Yamuna Doab Region, India', ""Colonial Invasion and Environmental Degradation in Wangari Maathai's Unbowed: A Memoir"", 'Effect of different firing temperatures on structural changes in porcelain', 'Fuzzy-based probabilistic ecological risk assessment approach: A case study of heavy metal contaminated soil', 'Is Competitive Chaos in Academia Ruining the Idea of Learning?', 'India and Environmental Performance Index 2024', 'Why Public Engagement with Science, is Important to Promote?']"
Dwijendra Narain Pandey,"Department of Mathematics, IIT Roorkee","Differential Equation, Semigroup Theory, Control Theory, Delay Differential Equations",2151,https://scholar.google.com/citations?hl=en&user=T_a3icsAAAAJ,25,65,"['Existence of solution for a second-order neutral differential equation with state dependent delay and non-instantaneous impulses', 'On a new class of abstract impulsive functional differential equations of fractional order', 'Existence of mild solution of Atangana–Baleanu fractional differential equations with non-instantaneous impulses and with non-local conditions', 'Approximate controllability of semilinear system with state delay using sequence method', 'Existence results for an impulsive neutral stochastic fractional integro-differential equation with infinite delay', 'Approximate Controllability of Semilinear Fractional Control Systems of Order α∊(1, 2', 'Approximate Controllability of Semilinear Fractional Control Systems of Order  with Infinite Delay', 'Approximate controllability of second-order semilinear control system', 'Complete controllability of semilinear stochastic systems with delay in both state and control', 'A comparative study of numerical methods for solving an integro-differential equation']"
Kirat Pal,"Professor, Department of Earthquake Enigneering, Indian Institute of Technology Roorkee","Electronics Circuits, Instrumentation",2120,https://scholar.google.com/citations?hl=en&user=7eM0RbgAAAAJ,25,52,"['Modified current conveyors and their applications', 'Inductorless current conveyor allpass filter using grounded capacitors', 'Prediction of peak ground acceleration using ϵ-SVR, ν-SVR and Ls-SVR algorithm', 'New inductance and capacitor floatation schemes using current conveyors', 'Shadow detection and removal from remote sensing images using NDI and morphological operators', 'Novel floating inductance using current conveyors', 'Prediction of ground motion parameters using randomized ANFIS (RANFIS)', 'Realization of current conveyor all-pass networks', 'Resistorless first-order all-pass filter with electronic tuning', 'A floating generalized impedance converter with current feedback operational amplifiers']"
Dr DS Arya,"Professor, IIT Roorkee","Surface Water Modelling, Urban Floods, Climate Change Studies, GIS and RS Applications",2092,https://scholar.google.com/citations?hl=en&user=1Q6--dIAAAAJ,22,32,"['Analysis of historical changes in rainfall in the Indian Himalayas', 'Long term spatial and temporal rainfall trends and homogeneity analysis in Wainganga basin, Central India', 'Spatial distribution of rainfall in Indian Himalayas–a case study of Uttarakhand region', 'Modeling of urban growth dynamics and its impact on surface runoff characteristics', 'Design flow and stage computations in the Teesta River, Bangladesh, using frequency analysis and MIKE 11 modeling', 'Potential impact of climate change on rainfall intensity-duration-frequency curves in Roorkee, India', 'Spatial pattern of trends in Indian sub-divisional rainfall', 'Limitation of 90 m SRTM DEM in drainage network delineation using D8 method—a case study in flat terrain of Bangladesh', 'Environmental impact assessment: available techniques, emerging trends', 'Long term spatial and temporal rainfall trends and homogeneity analysis in Wainganga basin, Central India. Weather Clim Extrem 4: 50–61']"
Dr. Santar Pal Singh,"Ph.D.(IIT Roorkee), Professor (CSE), Rajkiya Engineering College, Pratapgarh(UP)","Ad Hoc & Sensor Networks, Nature-Inspired Algorithms, Data Science, AI&ML",2080,https://scholar.google.com/citations?hl=en&user=rUNpqw8AAAAJ,18,23,"['A Comprehensive Survey for Scheduling Techniques in Cloud Computing', 'A Survey on Cluster Based Routing Protocols in Wireless Sensor Networks', 'Range Free Localization Techniques in Wireless Sensor Networks: A Review', 'An Approach for Characterization of Infected Area in Tomato Leaf Disease based on Deep Learning and Object Detection Technique', 'A Novel Transfer Deep Learning Method for Detection and Classification of Plant Leaf Disease', 'A PSO Based Improved Localization Algorithm for Wireless Sensor Network', 'Implementation of a PSO Based Improved Localization Algorithm for Wireless Sensor Networks', 'Role of Arduino in Real World Applications', 'Performance Analysis of Segmentation Models to Detect Leaf Diseases in Tomato Plant', 'PSO Optimized Geocast Routing in VANET']"
Mukesh Kumar Pathak,IIT ROORKEE,"Power Electronics and Electric Drives, Electric Vehicle, Solar PV Systems, Control of Electric Motors and Power …",2069,https://scholar.google.com/citations?hl=en&user=kNmUNiEAAAAJ,24,49,"['Electric machines: Steady-state theory and dynamic performance', 'Recent trends in solar PV inverter topologies', 'Distributed droop control of dc microgrid for improved voltage regulation and current sharing', 'Sensorless control of electric drives–a technological review', 'A single phase photovoltaic inverter control for grid connected system', 'Comparison of adaptive Neuro-Fuzzy-based space-vector modulation for two-level inverter', 'Fuzzy intelligent controller for the maximum power point tracking of a photovoltaic module at varying atmospheric conditions', 'Single‐stage ZETA‐SEPIC‐based multifunctional integrated converter for plug‐in electric vehicles', 'An approach for buck converter PI controller design using stability boundary locus', 'Control of Induction Motor Drives –Technological Advancements']"
"Pratima Kumari, Ph.D.","University of California, SF | IIT Roorkee","Machine learning, Natural language processing, Speech Recognition, Data mining, AI",2065,https://scholar.google.com/citations?hl=en&user=8Qdq02IAAAAJ,13,14,"['Deep learning models for solar irradiance forecasting: A comprehensive review', 'Long short term memory–convolutional neural network based deep hybrid approach for solar irradiance forecasting', 'Extreme gradient boosting and deep neural network based ensemble learning approach to forecast hourly solar irradiance', 'Impact of lockdown measures during COVID-19 on air quality–A case study of India', 'Impact of lockdown on air quality over major cities across the globe during COVID-19 pandemic', 'Recent advancements in machine learning enabled portable and wearable biosensors', 'Machine learning enabled microneedle-based colorimetric pH sensing patch for wound health monitoring and meat spoilage detection', 'Real-time estimation of COVID-19 cases using machine learning and mathematical models-The case of India', 'Machine learning enabled onsite electrochemical detection of lidocaine using a microneedle array integrated screen printed electrode', 'Analysis of ANN-based daily global horizontal irradiance prediction models with different meteorological parameters: a case study of mountainous region of India']"
Dr Nagendra Prasad Pathak,"Professor (HAG), Electronics & Communication Engineering, IIT Roorkee, India","RFICs, Millimeter Wave ICs, THz Technology, Plasmonics, Non-invasive RF Sensors",2059,https://scholar.google.com/citations?hl=en&user=SQsLu-EAAAAJ,22,61,"['Particle size dependent magnetic properties and phase transitions in multiferroic BiFeO3 nano-particles', 'A fusion approach to retrieve soil moisture with SAR and optical data', 'Spoof surface plasmon polaritons based reconfigurable band-pass filter', 'Analysis of scalability for AODV routing protocol in wireless sensor networks', 'Plasmonic metamaterial-based label-free microfluidic microwave sensor for aqueous biological applications', 'Enhanced magnetoelectric coupling in transition-metal-doped BiFeO3 thin films', 'Dual-input dual-output RF sensor for indoor human occupancy and position monitoring', 'Towards development of a non–intrusive and label–free THz sensor for rapid detection of aqueous bio–samples using microfluidic approach', 'Spoof surface plasmon polariton-based reconfigurable band-pass filter using planar ring resonator', 'Concurrent dual band filters using plasmonic slot waveguide']"
Mohit Prakash Mohanty,"Associate Professor, Department of Water Resources Development and Management, IIT …","HydroClimatology, Flood risk management, Vulnerability mapping, River Engineering, Human Health Risk",2048,https://scholar.google.com/citations?hl=en&user=7THkWAEAAAAJ,22,33,"['Evaluation of straw and polythene mulch for enhancing productivity of irrigated summer groundnut', 'Flood management in India: A focussed review on the current status and future challenges', 'Studies on adsorption behavior of an industrial waste for removal of chromium from aqueous solution', 'A novel flood risk mapping approach with machine learning considering geomorphic and socio-economic vulnerability dimensions', 'A new bivariate risk classifier for flood management considering hazard and socio-economic dimensions', 'Sensitivity of various topographic data in flood management: Implications on inundation mapping over large data-scarce regions', 'Understanding dynamics of population flood exposure in Canada with multiple high-resolution population datasets', 'Changes in floodplain regimes over Canada due to climate change impacts: Observations from CMIP6 models', 'A synergistic approach towards understanding flood risks over coastal multi-hazard environments: Appraisal of bivariate flood risk mapping through flood hazard, and socio\xa0…', 'Flood evacuation during pandemic: a multi-objective framework to handle compound hazard']"
Vishwas Sawant,"Professor, Department of Civil Engineering, Indian Institute of Technology, Roorkee",Laterally Loaded Pile in Horizontal and …,2030,https://scholar.google.com/citations?hl=en&user=TbG_wIQAAAAJ,26,59,"['Building frame-pile foundation-soil interaction analysis: a parametric study', 'Numerical and experimental investigations of granular anchor piles in loose sandy soil subjected to uplift loading', 'Effect of edge distance from the slope crest on the response of a laterally loaded pile in sloping ground', 'Dynamic analysis of rigid pavement with vehicle–pavement interaction', 'Numerical analysis of earth embankment resting on liquefiable soil and remedial measures', '2-D finite element analysis of rigid pavement considering dynamic vehicle–pavement interaction effects', 'Numerical modeling of granular anchor pile system in loose sandy soil subjected to uplift loading', '3D finite-element dynamic analysis of rigid pavement using infinite elements', 'Experimental and numerical simulation of contaminant transport through layered soil', 'Building frame-pile foundation-soil interactive analysis']"
Rajat Rastogi,Professor Indian Institute of Technology Roorkee,"Non-motorised transportation, pedestrians, RP-SP data, policy analysis, traff",2028,https://scholar.google.com/citations?hl=en&user=QnQH_3wAAAAJ,21,33,"['Pedestrian crossing behaviour analysis at intersections', 'Pedestrian flow characteristics in mixed traffic conditions', 'Design implications of walking speed for pedestrian facilities', 'Travel characteristics of commuters accessing transit: Case study', 'Parametric study of pedestrian speeds at midblock crossings', 'Descriptive and parametric analysis of pedestrian gap acceptance in mixed traffic conditions', 'Pedestrian flow characteristics for different pedestrian facilities and situations', 'Critical review of flexible pavement performance models', 'Pavement deterioration and maintenance model for low volume roads', 'Social and psychological factors influencing destination preferences of domestic tourists in India']"
Anirban Mitra,"Associate Professor of IIT, Roorkee","Plasmonics, Semiconductor Photonics",1998,https://scholar.google.com/citations?hl=en&user=iOy8hs4AAAAJ,21,44,"['Pulsed laser deposited Al-doped ZnO thin films for optical applications', 'Metamaterials and Metasurfaces: A Review from the Perspectives of Materials, Mechanisms and Advanced Metadevices', 'Photoluminescence and ultraviolet laser emission from nanocrystalline ZnO thin films', 'Random laser action in ZnO', 'Synthesis and characterization of ZnO thin films for UV laser', 'Research progress of plasmonic nanostructure-enhanced photovoltaic solar cells', 'Diagnostics of laser ablated plasmas using fast photography', 'Influence of temperature dependent morphology on localized surface plasmon resonance in ultra-thin silver island films', 'Room-temperature ultraviolet luminescence from γ-CuCl grown on near lattice-matched silicon', 'Growth of CuCl thin films by magnetron sputtering for ultraviolet optoelectronic applications']"
MM Joglekar,"Professor, Department of Mechanical and Industrial Engineering, IIT Roorkee","Computational Mechanics, Soft Active Materials, Structural Dynamics, MEMs",1980,https://scholar.google.com/citations?hl=en&user=7t30oI4AAAAJ,30,46,"['Effect of viscoelasticity on the nonlinear dynamic behavior of dielectric elastomer minimum energy structures', 'A numerical framework for modeling anisotropic dielectric elastomers', 'A phenomenological degradation model for cyclic aging of lithium ion cell materials', 'A computationally efficient locking free numerical framework for modeling visco-hyperelastic dielectric elastomers', 'Topology optimization of soft compressible phononic laminates for widening the mechanically tunable band gaps', 'Nonlinear oscillations of electrically driven aniso-visco-hyperelastic dielectric elastomer minimum energy structures', 'DC dynamic pull-in instability of a dielectric elastomer balloon: an energy-based approach', 'Nonlinear oscillations of particle-reinforced electro-magneto-viscoelastomer actuators', 'Dynamic instability of dielectric elastomer actuators subjected to unequal biaxial prestress', 'An Energy-based Approach to Extract the Dynamic Instability Parameters of Dielectric Elastomer Actuators']"
D Benny Karunakar,"Mechanical & Industrial Engineering Department, Indian Institute of Technology Roorkee …","Metal Casting, Composites",1975,https://scholar.google.com/citations?hl=en&user=I9xEukYAAAAJ,20,45,"['Developments in investment casting process—A review', 'A review of rapid prototyping integrated investment casting processes', 'Prevention of defects in castings using back propagation neural networks', 'Multi-characteristic optimization of wax patterns in the investment casting process using grey–fuzzy logic', 'A study on the blended wax patterns in investment casting process', 'Controlling green sand mould properties using artificial neural networks and genetic algorithms—A comparison', 'Effect of ZrO2 and MgO added in alumina on the physical and mechanical properties of spark plasma sintered nanocomposite', 'Effects of grain refinement and residual elements on hot tearing of A713 aluminium cast alloy', 'Characterization and properties of ceramic shells in investment casting process', 'Enhancing the permeability and properties of ceramic shell in investment casting process using ABS powder and needle coke']"
Narendra Kumar Samadhiya,"Professor,  Civil Engineering Department, IIT, Roorkee",GeoTechnical,1966,https://scholar.google.com/citations?hl=en&user=BwZb9e0AAAAJ,19,41,"['Blast induced rock mass damage around tunnels', 'Laboratory model studies on unreinforced and geogrid-reinforced sand bed over stone column-improved soft clay', 'A nonlinear criterion for triaxial strength of inherently anisotropic rocks', 'A PSO-ANN hybrid model for predicting factor of safety of slope', 'Rock mass strength parameters mobilised in tunnels', 'Performance of geosynthetic-reinforced granular piles in soft clays: model tests and numerical analysis', 'Experimental and numerical analysis of geosynthetic-reinforced floating granular piles in soft clays', 'Application of rock mass classification systems for tunneling in Himalaya, India', 'Seismic analysis of Delhi metro underground tunnels', 'A semi-empirical method for the design of support systems in underground openings']"
KS Hari Prasad,Indian Institute of Technology Roorkee,Hydraulics and Water Reources,1953,https://scholar.google.com/citations?hl=en&user=CHz9XqEAAAAJ,21,48,"['Surgery for primary supratentorial intracerebral haemorrhage', 'Performance evaluation of vermifilter at different hydraulic loading rate using river bed material', 'Evaluation of vermifiltration process using natural ingredients for effective wastewater treatment', 'Estimation of water cloud model vegetation parameters using a genetic algorithm', 'A comparative study on vermifiltration using epigeic earthworm Eisenia fetida and Eudrilus eugeniae', 'Sugarcane crop identification from LISS IV data using ISODATA, MLC, and indices based decision tree approach', 'Model for nonlinear root water uptake parameter', 'Evaluation of a nonlinear root-water uptake model', 'The antiepileptic effect of Centella asiatica on the activities of Na+/K+, Mg2+ and Ca2+-ATPases in rat brain during pentylenetetrazol–induced epilepsy', 'Variety-specific sugarcane yield simulations and climate change impacts on sugarcane yield using DSSAT-CSM-CANEGRO model']"
VIPUL PRAKASH,Indian Institute of Technology Roorkee,Structural Engineering Dynamics Earthquake,1952,https://scholar.google.com/citations?hl=en&user=kcyes24AAAAJ,19,29,"['Drain-3DX: Base Program Description and User Guide: Version 1.10', 'DRAIN-3DX: Base program user guide', 'drain-2dx', 'Effect of elevated carbon dioxide on growth and development of Santalum album L. seedlings inoculated with plant growth promoting microorganisms in Open Top Chambers', 'Hypothermia for encephalopathy in low and middle-income countries (HELIX): study protocol for a randomised controlled trial', 'DRAIN-2DX user guide. Department of Civil Engineering', 'Drain-2DX, Drain-3DX and Drain-building: base program design documentation', 'Efficient failure analysis of laminated composites and sandwich cylindrical shells based on higher-order zigzag theory', 'DRAIN-2DX user guide', 'DRAIN-2DX-Version 1.02–User Guide']"
Ashutosh Sharma,"Associate Professor, Department of Hydrology and Joint Faculty, ICED, IIT Roorkee","Large-sample hydorlogy, Hydrological modeling, Terrestrial ecohydrology, Hydroclimatology",1947,https://scholar.google.com/citations?hl=en&user=15sE22kAAAAJ,23,36,"['Transferring Hydrologic Data Across Continents–Leveraging Data‐Rich Regions to Improve Hydrologic Prediction in Data‐Sparse Regions', 'Assessment of ecosystem resilience to hydroclimatic disturbances in India', 'Assessment of the changes in precipitation and temperature in Teesta River basin in Indian Himalayan Region under climate change', 'Assessment of drought trend and variability in India using wavelet transform', 'Probabilistic evaluation of vegetation drought likelihood and its implications to resilience across India', 'Impact of climatic changes and anthropogenic activities on ecosystem net primary productivity in India during 2001–2019', 'Comparative assessment of SWAT model performance in two distinct catchments under various DEM scenarios of varying resolution, sources and resampling methods', 'District-level assessment of the ecohydrological resilience to hydroclimatic disturbances and its controlling factors in India', 'The IAHS science for solutions decade, with hydrology engaging local people in one global world (HELPING)', 'Assessment of the impacts of climatic variability and anthropogenic stress on hydrologic resilience to warming shifts in Peninsular India']"
Dhish Kumar Saxena,"Professor, Department of Mechanical & Industrial Eng.; Mehta Family School of DS & AI, IIT …","Evolutionary Multi- and Many-objective …, ML assisted Optimization",1931,https://scholar.google.com/citations?hl=en&user=cbAvO80AAAAJ,19,24,"['Objective reduction in many-objective optimization: Linear and nonlinear algorithms', 'Searching for Pareto-optimal solutions through dimensionality reduction for certain large-dimensional multi-objective optimization problems', 'On finding pareto-optimal solutions through dimensionality reduction for certain large-dimensional multi-objective optimization problems', 'Non-linear dimensionality reduction procedures for certain large-dimensional multi-objective optimization problems: Employing correntropy and a novel maximum variance unfolding', 'Using objective reduction and interactive procedure to handle many-objective optimization problems', 'An evolutionary multi-objective framework for business process optimisation', 'Constrained many-objective optimization: A way forward', 'Framework for many-objective test problems with both simple and complicated Pareto-set shapes', 'On handling a large number of objectives a posteriori and during optimization', 'Enhanced Innovized Progress Operator for Evolutionary Multi- and Many-Objective Optimization']"
Mohammad Adil Afroz,"Department of Physics, Indian Institute of Technology Roorkee","Perovskite Solar Cell, Polymer Solar Cell, Dye Sensitized Solar Cell, Sensor",1921,https://scholar.google.com/citations?hl=en&user=dz1IKMMAAAAJ,25,38,"['Inner filter effect based selective detection of nitroexplosive-picric acid in aqueous solution and solid support using conjugated polymer', 'Ultrasensitive detection of nitroexplosive–picric acid via a conjugated polyelectrolyte in aqueous media and solid support', 'Inner Filter Effect and Resonance Energy Transfer Based Attogram Level Detection of Nitroexplosive Picric Acid Using Dual Emitting Cationic Conjugated Polyfluorene', 'Thermal Stability and Performance Enhancement of Perovskite Solar Cells Through Oxalic Acid-Induced Perovskite Formation', 'Unraveling the impact of Cu-doping in lead free halide perovskites for markedly enhancing photocatalytic CO2 reduction performance', 'Impedance Spectroscopy for Metal Halide Perovskite Single Crystals: Recent Advances, Challenges, and Solutions', 'Self-Powered X-ray Detection and Imaging using Cs2AgBiCl6 Lead-Free Double Perovskite Single Crystal', 'Efficient and Highly Stable X-ray Detection and Imaging using 2D (BA)2PbI4 Perovskite Single Crystals', 'Mitigating Open-Circuit Voltage Loss in Pb–Sn Low-Bandgap Perovskite Solar Cells via Additive Engineering', 'Halide-perovskite-based memristor devices and their application in neuromorphic computing']"
Avirup Dasgupta,Indian Institute of Technology Roorkee,"Compact modeling, Semiconductor devices",1913,https://scholar.google.com/citations?hl=en&user=FcdmEioAAAAJ,25,39,"['BSIM-CMG: Standard FinFET compact model for advanced circuit design', 'Compact modeling of temperature effects in FDSOI and FinFET devices down to cryogenic temperatures', 'Capacitance Modeling in Dual Field-Plate Power GaN HEMT for Accurate Switching Behavior', 'Proposal for capacitance matching in negative capacitance field-effect transistors', 'Surface-Potential-Based Compact Modeling of Gate Current in AlGaN/GaN HEMTs', 'BSIM compact model of quantum confinement in advanced nanosheet FETs', 'ASM-HEMT: compact model for GaN HEMTs', 'Design optimization techniques in nanosheet transistor for RF applications', 'Machine learning augmented compact modeling for simultaneous improvement in computational speed and accuracy', 'GaN HEMT Modeling for Power and RF Applications using ASM-HEMT']"
Nachiketa Rai,"Indian Institute of Technology Roorkee, India","Planetary Geoscience, Geochemistry, Experimental Petrology",1912,https://scholar.google.com/citations?hl=en&user=96aRbdMAAAAJ,22,35,"['Delineation of potential groundwater recharge zones using analytical hierarchy process (AHP)', 'Structural change in molten basalt at deep mantle conditions', 'Lunar core formation: New constraints from metal–silicate partitioning of siderophile elements', 'New geochemical models of core formation in the Moon from metal–silicate partitioning of 15 siderophile elements', 'Neutral buoyancy of titanium-rich melts in the deep lunar interior', 'Core‐mantle differentiation in Mars', 'Identification of seawater intrusion signatures through geochemical evolution of groundwater: a case study based on coastal region of the Mahanadi delta, Bay of Bengal, India.', 'Effects of Elevated Temperatures on the Microstructural, Physico-Mechanical and Elastic Properties of Barakar Sandstone: A Study from One of the World’s Largest Underground\xa0…', 'Constraints on core formation in Vesta from metal–silicate partitioning of siderophile elements', 'Carbon as the dominant light element in the lunar core']"
Prakash Biswas,"Professor, Chemical Engineering, Indian Institute of Technology Roorkee",Catalysis and Chemical Reaction …,1894,https://scholar.google.com/citations?hl=en&user=ASW11owAAAAJ,25,43,"['Steam reforming of ethanol for production of hydrogen over Ni/CeO2–ZrO2 catalyst: effect of support and metal loading', 'Hydrogen production by water–gas shift reaction over bimetallic Cu–Ni catalysts supported on La-doped mesoporous ceria', 'Oxidative steam reforming of ethanol over Ni/CeO2-ZrO2 catalyst', 'Steam reforming of ethanol on Ni–CeO2–ZrO2 catalysts: Effect of doping with copper, cobalt and calcium', 'Esterification of glycerol with acetic acid over highly active and stable alumina-based catalysts: A reaction kinetics study', 'Selective hydrogenolysis of glycerol to 1, 2‐propanediol over highly active copper–magnesia catalysts: reaction parameter, catalyst stability and mechanism study', 'Selective Hydrogenolysis of Glycerol to 1,2-Propanediol Over Bimetallic Cu-Ni Catalysts Supported on γ-Al2O3', 'Dehydration of glucose/fructose to 5-hydroxymethylfurfural (5-HMF) over an easily recyclable sulfated titania (SO42−/TiO2) catalyst', 'Selective hydrogenolysis of glycerol to 1, 2-propanediol over highly active and stable Cu/MgO catalyst in the vapor phase', 'Vapor phase hydrogenation of 2-methylfuran over noble and base metal catalysts']"
Swastika Banerjee,Indian Institute of Technology Roorkee,"Theory & computation for Battery Materials, Capacitors, Charge Carrier Transport",1877,https://scholar.google.com/citations?hl=en&user=RZXrK6cAAAAJ,19,23,"['Rechargeable alkali-ion battery materials: theory and computation', 'A stable cathode-solid electrolyte composite for high-voltage, long-cycle-life solid-state sodium-ion batteries', 'Tunable Lithium-Ion Transport in Mixed-Halide Argyrodites Li6–xPS5–xClBrx: An Unusual Compositional Space', 'Bridging the gap between simulated and experimental ionic conductivities in lithium superionic conductors', 'Possible application of 2D-boron sheets as anode material in lithium ion battery: A DFT and AIMD study', 'Thermodynamics and kinetics of the cathode–electrolyte interface in all-solid-state Li–S batteries', 'Origin of the Order–Disorder Transition and the Associated Anomalous Change of Thermopower in AgBiS2 Nanocrystals: A Combined Experimental and\xa0…', 'Synthetic control of structure and conduction properties in Na–Y–Zr–Cl solid electrolytes', 'Anodic performance of black phosphorus in magnesium-ion batteries: the significance of Mg–P bond-synergy', 'Motif-based design of an oxysulfide class of lithium superionic conductors: Toward improved stability and record-high Li-ion conductivity']"
Nitin Khandelwal,"Assistant Professor, Department of Hydrology, IIT Roorkee","Aqueous Geochemistry, Nano-enabled environmental remediation",1872,https://scholar.google.com/citations?hl=en&user=vRi2IdwAAAAJ,16,22,"['Understanding the stability of nanoplastics in aqueous environments: effect of ionic strength, temperature, dissolved organic matter, clay, and heavy metals', 'Eco-friendly magnetic biochar: An effective trap for nanoplastics of varying surface functionality and size in the aqueous environment', 'Biochar-facilitated remediation of nanoplastic contaminated water: Effect of pyrolysis temperature induced surface modifications', 'Application of Zn/Al layered double hydroxides for the removal of nano-scale plastic debris from aqueous systems', 'Characteristics and spatial distribution of microplastics in the lower Ganga River water and sediment', 'Metal oxide nanoparticles and polycyclic aromatic hydrocarbons alter nanoplastic’s stability and toxicity to zebrafish', 'Interaction of metal oxide nanoparticles with microplastics: impact of weathering under riverine conditions', 'A decade of exploring MXenes as aquatic cleaners: Covering a broad range of contaminants, current challenges and future trends', 'Novel synthesis of a clay supported amorphous aluminum nanocomposite and its application in removal of hexavalent chromium from aqueous solutions', 'Impact of long-term storage of various redox-sensitive supported nanocomposites on their application in removal of dyes from wastewater: Mechanisms delineation through\xa0…']"
Ankit Sharma,IIT ROORKEE,,1869,https://scholar.google.com/citations?hl=en&user=jnAFX_MAAAAJ,14,30,"['Predicting IRI using machine learning techniques', 'Layered double hydroxides (LDHs)-based photocatalysts for dye degradation: A review', 'Design of a low-cost five-finger anthropomorphic robotic arm with nine degrees of freedom', 'Design of polarization conversion metasurface for RCS reduction and gain improvement of patch antenna for Ku-band radar sensing applications', 'Pan-proteome profiling of emerging and re-emerging zoonotic pathogen Orientia tsutsugamushi for getting insight into microbial pathogenesis', 'Prediction of anaemia among children using machine learning algorithms', 'A comparative study of the diagnostic and prognostic utility of soluble urokinase-type plasminogen activator receptor and procalcitonin in patients with sepsis and systemic\xa0…', 'Method and system for identifying a directional heading of a vehicle', 'Toxicity assessment and antibacterial activity of ZnO nanoparticles', 'RETRACTED ARTICLE: Multimodal Biometric for Person Identification Using Deep Learning Approach']"
