Name,Affiliation,Interests,Cited By,Profile URL
Dr. Ajay Singh,"Agricultural and Food Engineering Department, IIT Kharagpur, India","Natural Resources Management, Agricultural Water Management, Irrigation, Hydrology, Groundwater",36012,https://scholar.google.com/citations?hl=en&user=wg3NBd8AAAAJ
Nihar Jana,"Department of Bioscience and Biotechnology, Indian Institute of Technology, Kharagpur",Neuroscience,23899,https://scholar.google.com/citations?hl=en&user=Tr9AtEcAAAAJ
Mahitosh Mandal,"Professor, School of Medical Science and Technology,Indian Institute of Technology …",Cancer Biology,22509,https://scholar.google.com/citations?hl=en&user=kKOBFC0AAAAJ
Ramesh Garg,"Professor, E & ECE, IIT Kharagpur","Electromagnetics, antennas, microwave circuits",21854,https://scholar.google.com/citations?hl=en&user=AZ_2uckAAAAJ
Sudip Misra,"FACM, FIEEE, FAAIA, FNAE, FNASc, FIET, INAE Chair Professor, IIT Kharagpur","Intelligent Sensing, Wireless Sensor Networks, Internet of Things",21628,https://scholar.google.com/citations?hl=en&user=h33l-A8AAAAJ
Suman Chakraborty,"Professor of Mechanical Engineering, Indian Institute of Technology Kharagpur","Microfluidics and Nanofluidics, Interfacial Phenomena and Phase Change, Biomedical Engineering, Medical Diagnostics",21120,https://scholar.google.com/citations?hl=en&user=2RQrq70AAAAJ
ChandraSekhar Tiwary,"Metallurgical and materials engineering, Indian Institute of Technology, Kharagpur, India",Materials,21107,https://scholar.google.com/citations?hl=en&user=1Ji-DbkAAAAJ
Debabrata Das,"Former Professor of Biotechnology,Indian Institute of Technology Kharagpur","biohydrogen, biohythane, microbial fuel cell, microalgae, phenol",20626,https://scholar.google.com/citations?hl=en&user=gU6HKm4AAAAJ
solomon sudheer,Indian Institute of Technology Kharagpur,Artificial intelligence & Machine Learning,20445,https://scholar.google.com/citations?hl=en&user=rkzyhAcAAAAJ
Anjali Pal,"Department of Civil Engineering, Indian Institute of Technology Kharagpur - 721302, India","Adsorption, Adsolubilization, Catalysis, Advanced oxidation process, Wastewater treatment",19569,https://scholar.google.com/citations?hl=en&user=tRNoehAAAAAJ
Dhrubes Biswas,"Professor of Electronics, Indian Institute of Technology, Kharagpur","Semiconductor devices, health delivery",19478,https://scholar.google.com/citations?hl=en&user=M3iwPc4AAAAJ
Ashok Kumar Gupta,"Professor (HAG) , Dept. of Civil Engg., Ex. Head, School of Water Resources, IIT Kharagpur","Water and Wastewater treatment, Wastewater recycling and reuse, Urban Environmental Planning, Water",18913,https://scholar.google.com/citations?hl=en&user=TgOX6jsAAAAJ
Sirshendu De,"Professor, Department of Chemical Engineering, Indian Institute of Technology Kharagpur","Membrane Separation, Transport Phenomena",18259,https://scholar.google.com/citations?hl=en&user=f2XnhOMAAAAJ
DR. RAMKRISHNA SEN,"Professor & Former Head, Department of Biotechnology, IIT Kharagpur, WB 721302, India","Process Biotechnology, Biorefinery with carbon capture & waste …, Biosurfactants & Biopolymers, Algal Biofuels & Bior",16927,https://scholar.google.com/citations?hl=en&user=FhCZ9AsAAAAJ
Rintu Banerjee,IIT Kharagpur,"Biotechnology, Food Engineering, Downstream Processing, EVOP",16489,https://scholar.google.com/citations?hl=en&user=o6JC0f4AAAAJ
Kumar Biradha,"Professor of Chemistry, Indian Institute of Technology, Kharagpur","Crystal engineering, Polymorphism, Coordination polymers, Porous materials, Crystallography",15874,https://scholar.google.com/citations?hl=en&user=KyFhOEgAAAAJ
Dipak khastgir,"Rubber Technology Centre,Indian Institute Of Technology,Kharagpur",,15121,https://scholar.google.com/citations?hl=en&user=apprCiUAAAAJ
Soumya K. Ghosh,"Indian Institute of Technology Kharagpur, India","Spatial Data Science, Cloud Computing, Fog and Edge Computing, IoT",14942,https://scholar.google.com/citations?hl=en&user=wTtdGd4AAAAJ
Debdeep Mukhopadhyay,"Professor (FIEEE, FNA, FASc, FNAE), Dept of Computer Science and Engineering, IIT …","Side Channel Analysis, Hardware Security, Computer Architecture, Fault Tolerance, Hardware",14621,https://scholar.google.com/citations?hl=en&user=lfhvrhYAAAAJ
Debabrata Pradhan,"Professor, Materials Science Centre, Indian Institute of Technology Kharagpur","Materials Chemistry, Nanomaterials, Energy generation and storage",14558,https://scholar.google.com/citations?hl=en&user=MpTQVj0AAAAJ
Samit K Ray,"Department of Physics, IIT Kharagpur","Semiconductor, SiGe, Nanostructures, Si heterostructures",14317,https://scholar.google.com/citations?hl=en&user=O4WvnJ4AAAAJ
Abhijit Mukherjee,"Professor, IIT Kharagpur, India","Hydrogeology, Water policy, Gesocience, Contamination, Numerical modeling",14150,https://scholar.google.com/citations?hl=en&user=2W0C2EcAAAAJ
Narayan Chandra Das,"Professor, Indian Institute of Technology, Kharagpur","Polymer nanocomposites, nanomaterials, Self-healing materials, food packaging, green technology",14076,https://scholar.google.com/citations?hl=en&user=J7JvuU8AAAAJ
Professor HN Mishra,Indian Institute of Technology Kharagpur,Food Science & Technology,13700,https://scholar.google.com/citations?hl=en&user=I3Tfd5oAAAAJ
Prof. Debapriya Das,"Emeritus Professor of Electrical Engineering, Indian Institute of Technology, Kharagpur","Distribution Systems, Microgrid, Distributed Generation",13610,https://scholar.google.com/citations?hl=en&user=yZj2uFYAAAAJ
Pabitra Mitra,"Professor of Computer Science and Engineering, Indian Institute of Technology Kharagpur","Machine learning, pattern recognition, data mining, information retrieval",13463,https://scholar.google.com/citations?hl=en&user=5bXSZPYAAAAJ
Prasanta Kumar Das,Indian Institute of Technology Kharagpur,"iMultiphase flow, Heat transfer and Fluid dynamics, Thermo hydraulics of nuclear reactors, Instrumentation, CFD for multiphase f",13044,https://scholar.google.com/citations?hl=en&user=cHWNjfgAAAAJ
Dr. Madan Kumar Jha,"Professor(HAG) of Subsurface Hydrology, Indian Institute of Technology Kharagpur, West …","Groundwater Modeling, Integrated Water Management, Rainwater Harvesting, Artificial Recharge, Seawater Intrusion",12997,https://scholar.google.com/citations?hl=en&user=5cQpKxgAAAAJ
Prof. BC Meikap,"Professor , Department of Chemical Engineering, IIT Kharagpur",IIT Kharagpur,12925,https://scholar.google.com/citations?hl=en&user=GNM21DsAAAAJ
Suneel Kumar Srivastava,"Professor of Chemistry, Indian Institute of technology, Kharagpur, India","polymers, nanomaterials, W–Mo nanoalloy, blend",12573,https://scholar.google.com/citations?hl=en&user=cWzcKJoAAAAJ
Ashraf Alam,IIT Kharagpur,"Educational Technology, Mathematics Education, Teacher Education, Educational Psychology, Pedagogy",12517,https://scholar.google.com/citations?hl=en&user=otpzbu0AAAAJ
Rudra Prakash Pradhan,Professor at IIT-KGP,"Econometrics, Data Science and Analytics, Optimization Modelling, Quantitative Finance",12314,https://scholar.google.com/citations?hl=en&user=J1WUN4EAAAAJ
"SURJYA KANTA PAL (Recipient of JC Bose grant; Prof NK Roy Chair Professor) FNAE, FNASc",Dean R&D;  Professor (HAG) of Mech. Engg. IIT Kharagpur; Former Lord Kumar …,"AI/ML in Manufacturing, BCI in Manuf, Expt and Num Analyses in Manuf, Ultrafast Cooling Methods",12147,https://scholar.google.com/citations?hl=en&user=rj8w-HgAAAAJ
Niloy Ganguly,"Department of CSE, Indian Institute of Technology, Kharagpur","Artificial Intelligence, NLP, Network Science, Machine Learning, Social Computing",12114,https://scholar.google.com/citations?hl=en&user=hCbFmUUAAAAJ
Nikhil Kumar Singha,"Professor, Rubber Technology Centre, Indian Institute of Technology Kharagpur","Tailor-made specialty polymers via controlled …, Preparation of block, graft copolymers, electro-a",11810,https://scholar.google.com/citations?hl=en&user=-OTlvK8AAAAJ
Sanat Kumar Roy,"Professor of Metallurgical Engineering Department, IIT Kharagpur","Extractive metallurgy, corossion engineering, metallurgical thermodynamics",11726,https://scholar.google.com/citations?hl=en&user=-egLm34AAAAJ
Shamik Chowdhury,"Associate Professor, Indian Institute of Technology Kharagpur","Environmental Engineering, Environmental Nanotechnology, Heterogeneous Photocatalysis, Materials",11364,https://scholar.google.com/citations?hl=en&user=eZpUOUsAAAAJ
Nirupama Mallick,"Professor of Agricultural & Food Engineering, Indian Institute of Technology Kharagpur",algal biotechnology,10964,https://scholar.google.com/citations?hl=en&user=UOHVrvAAAAAJ
Dr. Mantu Kumar Mahalik,"Associate Professor of Economics, Department of Humanities & Social Sciences, IIT …","resources and energy economics, international finance and housing economics",10765,https://scholar.google.com/citations?hl=en&user=D2QoDN8AAAAJ
Aurobinda Routray,"Professor, Department of Electrical Engineering, IIT Kharagpur",signal processing and embedded systems,10724,https://scholar.google.com/citations?hl=en&user=VYAwEGUAAAAJ
Narendra Raghuwanshi,"Professor, Agricultural & Food Engineering, IIT Kharagpur","Watehsed Modelling, Irrigation, Water Management",10702,https://scholar.google.com/citations?hl=en&user=tlqvYXUAAAAJ
Dr. Santanu Dhara,"Professor, School of Medical Science and Technology, IIT Kharagpur",BioMaterials and Tissue Engineering,10606,https://scholar.google.com/citations?hl=en&user=RxBm3SsAAAAJ
Jayanta Bhattacharya,Indian Institute of Technology Kharagpur,"Mining, Green Materials, Environmental Nanotechnology, Industrial Ecology, Law",10563,https://scholar.google.com/citations?hl=en&user=7L8e1pQAAAAJ
Avinash Sinha,"Professor of Electrical Engineering, IIT Kharagpur",Electrical engineering and Energy,10445,https://scholar.google.com/citations?hl=en&user=vXdayQ4AAAAJ
Prof. Tapan Kumar Nath,"Professor, Dept. of Physics, IIT Kharagpur","Magnetism, Superconductivity, Spintronics, Multiferroics and Strongly Correlated Systems, Supercapacitors",10353,https://scholar.google.com/citations?hl=en&user=gE4PpEsAAAAJ
Anil K. Gupta,IIT Kharagpur,"Paleoceanography, Paleoclimatology, Indian monsoon",10126,https://scholar.google.com/citations?hl=en&user=7OTAsokAAAAJ
Ashok Kumar Pradhan,"Professor, Electrical Engineering, IIT Kharagpur","Power System Protection, Power System Monitoring",9879,https://scholar.google.com/citations?hl=en&user=WjhBoTYAAAAJ
Santi M Mandal,"Department of Bioscience and Biotechnology, Indian Institute of Technology Kharagpur","Drug design, synthesis and therapy",9877,https://scholar.google.com/citations?hl=en&user=IF9YqBYAAAAJ
Susanta Banerjee,"Professor (HAG) & Institute Chair Professor, Materials Science Centre, IIT Kharagpur","Polymeric Materials, Gas separation, Proton exchange membranes, Fluorinated polymers, Phosphorous containing polymers",9799,https://scholar.google.com/citations?hl=en&user=27V8W6sAAAAJ
CR RAJ,Indian Institute of Technology Kharagpur,"Functional materials, Energy conversion & storage, Metal-air & metal-ion batteries, Supercapacitor",9788,https://scholar.google.com/citations?hl=en&user=zpB9DusAAAAJ
NILMONI SARKAR,"Professor, Department of Chemistry, IIT Kharagpur",Physical Chemistry,9710,https://scholar.google.com/citations?hl=en&user=K8Bfe1QAAAAJ
Prem Prakash Srivastav,"Professor of Food Technology, Indian Institute of Technology, Kharagpur, India","Product Development, Bioactive and Nutraceuticals Extraction, Processing Machineries Development",9646,https://scholar.google.com/citations?hl=en&user=4ovKDlAAAAAJ
Subhasish Basu Majumder,"Professor, Materials Science Center, IIT Kharagpur","Ceramic gas sensors, Li ion batteries, multiferroics, ferroelectric thin films, fiber reinforced",9637,https://scholar.google.com/citations?hl=en&user=TT2ILuAAAAAJ
Jyotsna Dutta Majumdar,Indian Institute of Technology Kharagpur,"surface engineering, laser materials processing",9632,https://scholar.google.com/citations?hl=en&user=zJ1MwykAAAAJ
Jhareswar Maiti,"Professor (HAG), Industrial & Systems Engineering, IIT Kharagpur","Human-centric risk-aware analytics, safety, quality, maintenance, resilient systems",9194,https://scholar.google.com/citations?hl=en&user=fu7T208AAAAJ
Purnima Singh,IIT Kharagpur,Nuclear Physics,9030,https://scholar.google.com/citations?hl=en&user=FHE6WmoAAAAJ
Jayanta Das,"Professor at Metallurgical and Materials Engineering, IIT Kharagpur","Metastable and nanostructured alloys, Nonequlibrium processing, Mechanical behaviour, Structure property relationship",8880,https://scholar.google.com/citations?hl=en&user=zEYiL74AAAAJ
Rajat Subhra Chakraborty,"Susanta Kumar Gupta Chair Professor, Dept. of CSE, IIT Kharagpur, India - 721302","Hardware Security, Electronic Design Automation, VLSI, Digital Image Forensics",8793,https://scholar.google.com/citations?hl=en&user=ITIg9kkAAAAJ
Hifjur Raheman,"Indian Institute of Technology, Kharagpur","Farm machinery, biofuels, robotics and automation in agriculture, renewable energy in agriculture",8768,https://scholar.google.com/citations?hl=en&user=JuwYddYAAAAJ
Animesh Mukherjee,"Professor of Computer Science, IIT Kharagpur, FNAE, Distinguished Member, ACM","Language dynamics, Complex systems and networks, web social media",8708,https://scholar.google.com/citations?hl=en&user=lf7-deEAAAAJ
Ajoy Kumar Ray,"Professor of Electronics and Electrical Communications Engineering, IIT Kharagpur","Image Processing, Pattern Recognition, Machine Intelligence",8522,https://scholar.google.com/citations?hl=en&user=D3auwXwAAAAJ
Shiv Brat Singh,"Professor of Metallurgical and Materials Engineering, Indian Institute of Technology …","Physical Metallurgy of steels, Phase Transformations, Thermomechnical simulation",8384,https://scholar.google.com/citations?hl=en&user=K-fTZJYAAAAJ
Sumantra Mandal,"Professor, Department of Metallurgical and Materials Engineering, IIT Kharagpur","Alloy Development, Thermo-mechanical Processing, Microstructure Engineering, Corrosion",8325,https://scholar.google.com/citations?hl=en&user=pAfjU4sAAAAJ
DK Pratihar,"Professor of Mechanical Engineering, Indian Institute of Technology Kharagpur, Kharagpur …","Robotics, Soft Computing, Manufacturing Science",8311,https://scholar.google.com/citations?hl=en&user=gW4Q_7UAAAAJ
Saptarshi Ghosh,"Department of CSE, Indian Institute of Technology Kharagpur, India","Computational Social Science, Legal analytics, Algorithmic bias and fairness",8234,https://scholar.google.com/citations?hl=en&user=7TmKZv0AAAAJ
Bhanu Bhusan Khatua,"Professor, Indian Institute of Technology Kharagpur","Energy Harvesting and Storage, Supercapacitors, Polymer Blends, Nanocomposites",8219,https://scholar.google.com/citations?hl=en&user=KaYk8oIAAAAJ
Shamik Sural,"Professor, Dept. of Computer Science & Engineering, Indian Institute of Technology …","Computer Security, Machine Learning Applications",8177,https://scholar.google.com/citations?hl=en&user=zmtaYLIAAAAJ
Kalyan Kumar Ray,"Professor of Meatallurgical and Materials Engineering Department, Indian Institute Of …","Deformation, Fracture, Fatigue, steel",7997,https://scholar.google.com/citations?hl=en&user=elNThIkAAAAJ
Pawan Goyal,"Professor, Computer Science and Engineering, IIT Kharagpur","Sanskrit Computational Linguistics, Natural Language Processing, Information Retrieval",7870,https://scholar.google.com/citations?hl=en&user=F14FHsIAAAAJ
Sudipto Ghosh,"Professor of Metallurgical & Materials Engg,IIT Kharagpur",computational material science,7664,https://scholar.google.com/citations?hl=en&user=O3wRZzwAAAAJ
Bhrigu Nath Singh,"Professor of Aerospace Engineering, Indian Institute of Technology Kharagpur","Composite Structures, Aerospace Structures, Uncertainty Quantification",7656,https://scholar.google.com/citations?hl=en&user=wwjYPDMAAAAJ
Rahul Mitra,"Professor of Metallurgical and Materials Engineering, Indian Institute of Technology …","Metal and Ceramic Matrix Composites, High temperature materials, Nanomaterials, Mechanical behavior",7558,https://scholar.google.com/citations?hl=en&user=8uhvxucAAAAJ
Indranath Chakraborty,"Assistant Professor, School of Nano Science and Technology, IIT Kharagpur","Nanoclusters, Hybrid Nanomaterials, Healthcare Nanotechnology, Catalysis",7545,https://scholar.google.com/citations?hl=en&user=76nWh7YAAAAJ
ADRIJIT GOSWAMI,"Professor, Department of Mathematics, IIT Kharagpur, India","Inventory Control, Supply Chain Management, Database, Data Mining, Cryptography and network security",7514,https://scholar.google.com/citations?hl=en&user=_nYA6G8AAAAJ
Krothapalli Sreenivasa Rao,"Professor, Department of Computer Science and Engineering, IIT Kharagpur","Speech Processing, Signal Processing, Multimedia Signal Processing, Machine Learning and Pattern Recognition",7391,https://scholar.google.com/citations?hl=en&user=TATEL2EAAAAJ
Somnath  Bhattacharyya,"Mathematics, Indian Institute of Technology Kharagpur",,7370,https://scholar.google.com/citations?hl=en&user=yea4DqkAAAAJ
Tridib Kumar Goswami,"Professor of Agricultural and Food Engineering, IIT Kharagpur","Food Science and Technology, Food Engineering, Cold storage, CA/MA storage, grinding",7297,https://scholar.google.com/citations?hl=en&user=P0tvvqYAAAAJ
Dr. Sudip K. Ghosh,"Professor, Department of Bioscience and Biotechnology, IIT Kharagpur","Molecular and Cellular Parasitology, Plant Molecular biology, Biomaterials : Nano Technology, Drug",7264,https://scholar.google.com/citations?hl=en&user=9dmU414AAAAJ
Damodar Suar,Indian Institute of Technology Kharagpur; KIIT DU Bhubaneswar,"Social and Organizational Psychology, Neuropsychology",7255,https://scholar.google.com/citations?hl=en&user=Yf2de4EAAAAJ
Ashish K. Nath,"IIT Kharagpur, RRCAT Indore, BARC Mumbai",Laser Material Processing,7255,https://scholar.google.com/citations?hl=en&user=x4d3kg8AAAAJ
"Bhabani S. Das, PhD","Agricultural and Food Engineering Department, IIT Kharagpur","Digital soil mapping, Reflectance spectroscopy, Hyperspectral remote sensing, Contaminant transport",7210,https://scholar.google.com/citations?hl=en&user=oEvfFMYAAAAJ
Koel Chaudhury,"Professor, Indian Institute of Technology Kharagpur","Non-invasive biomarkers and sensors, Respiratory disorders, Women's health, Metabolomics",7210,https://scholar.google.com/citations?hl=en&user=qafn3S0AAAAJ
Debashis Ray,"Professor of Chemistry, Indian Institute of Technology, Kharagpur, India","Inorganic Chemistry, Coordination Chemistry, Coordination Clusters, Multinuclear Complexes",7196,https://scholar.google.com/citations?hl=en&user=n_a3sVsAAAAJ
Mukunda Dev Behera,"Chairperson, Geospatial Academy; Chairperson, AI Enabled Geological & Mining Systems …","Geospatial Modeling, Ecological Climatology, Forest Informatics, C Accounting, Nature Based Solution",7186,https://scholar.google.com/citations?hl=en&user=JbCyhMcAAAAJ
Mangal Roy,"Professor, Department of Metallurgical and Materials Engineering, IIT Kharagpur","Orthopaedic Biomaterial, Calcium phosphate, Coating, Drug delivery, Bone remodelling",7103,https://scholar.google.com/citations?hl=en&user=NX61aLUAAAAJ
Madhab C. Das,"Professor, Department of Chemistry, IIT Kharagpur, INDIA","Porous MOFs, Porous HOFs, Coordination Polymer, Inorganic Chemistry",6936,https://scholar.google.com/citations?hl=en&user=DLxduRMAAAAJ
Sudhirkumar Barai,"Director- BITS Pilani, Pilani Campus and Professor, Deparment of Civil Engineering, IIT …","Concrete Technology, Structural Health Monitoring, Computation Intelligence Applications, Recycled",6883,https://scholar.google.com/citations?hl=en&user=T2t0d1wAAAAJ
Somsubhra Chakraborty,"Associate Professor, Agricultural & Food Engineering Department, IIT Kharagpur","Soil Science, Soil Sensors, Soil Image Analysis, Machine Learning",6866,https://scholar.google.com/citations?hl=en&user=AkE_7XAAAAAJ
Soumitra Paul,"Indian Institute of Technology Kharagpur, (TU Delft and IIT Kharagpur)","machining, grinding, non-conventional manufacturing, coating",6769,https://scholar.google.com/citations?hl=en&user=AFOq-YQAAAAJ
Amiya R Mohanty,"Indian Institute of Technology Kharagpur, BIS Standardization Chair Professor","Noise, Vibration, Condition Monitoring, Motor Current, Underwater Acoustics",6725,https://scholar.google.com/citations?hl=en&user=Lac3uYYAAAAJ
Shivendu Ranjan,"Assistant Professor, Indian Institute of Technology Kharagpur","Biomaterials, Regenerative Medicine, NanoMedicine",6724,https://scholar.google.com/citations?hl=en&user=YbifoBIAAAAJ
Karabi Das,"Professor  of Metallurgical and Materials Engineering, IIT Kharagpur",Synthesis and characterization of materials,6713,https://scholar.google.com/citations?hl=en&user=KP9gn4MAAAAJ
Dr  SC  PRADHAN,"Associate Professor Aerospace Engineering Department IIT Kharagpur, WB, India 721302","Aerospace Structures, Non local elasticity, FEM, Fracture Mechanics, Composite Material",6692,https://scholar.google.com/citations?hl=en&user=Ay5C4NsAAAAJ
Sudha Goel,"Professor, Environmental Engineering, IIT Kharagpur","Environmental Engineering, water quality and treatment, solid waste management, biodegradation of organics, e-waste",6664,https://scholar.google.com/citations?hl=en&user=YQr5dccAAAAJ
Dr. Dhrubes Biswas,"Department of Electronics and Electrical Communication Engineering, Indian Institute of …","Semiconductor devices, health delivery, compound semiconductor heterostructures",6526,https://scholar.google.com/citations?hl=en&user=OJ39-IwAAAAJ
Chandranath Chatterjee,"Professor (Hydrology and Water Resources), IIT Kharagpur","Flood risk analysis, Flood forecasting using AI/ML, Climate change impact, UAV applications",6377,https://scholar.google.com/citations?hl=en&user=3wMSIbIAAAAJ
Arun Kumar Samantaray,"Professor, Department of Mechanical Engineering, Indian Institute of Technology, Kharagpur","Systems and Control, Bond Graph, Industrial Automation, Rotor Dynamics, Vehicle Dynamics",6340,https://scholar.google.com/citations?hl=en&user=VN5v_JEAAAAJ
Swagata Dasgupta,"Professor, Department of Chemistry, IIT Kharagpur, INDIA",Protein Chemistry,6283,https://scholar.google.com/citations?hl=en&user=bzN30wcAAAAJ
Somnath Bharadwaj,"Professor of Physics, IIT Kharagpur","Astrophysics, Cosmology",6283,https://scholar.google.com/citations?hl=en&user=Q1xDkQYAAAAJ
Rabindra Kumar Pradhan,"Professor, Department of Humanities and Scoial Sciences, Indian Institute of Technology","positive psychology, health psychology, organisational psychology, social psychology, organisational behaviour",6210,https://scholar.google.com/citations?hl=en&user=hVApTq4AAAAJ
Goutam Saha,"Professor, Dept. of Electronics & ECE,IIT Kharagpur","Biomedical Signal Processing, Speech / Audio Signal Processing, Pattern Recognition",6202,https://scholar.google.com/citations?hl=en&user=rVz2ANcAAAAJ
MC Ray,"Professor Mechanical Engineering, Indian Institute of Technology, Kharagpur, India","Smart Materials and structures, Flexoelectricity, Micromechanics, Carbon Nanotube Reinforced Composites, Active Control",6034,https://scholar.google.com/citations?hl=en&user=5DdMpIUAAAAJ
Santanu Chattopadhyay,"Professor, Rubber Technology Centre,  IIT Kharagpur, Kharagpur","Rubber, Polymer Science and Engineering, SMART Materials, Molecular Simulation, Biomaterials",5996,https://scholar.google.com/citations?hl=en&user=fhr5cQ4AAAAJ
Rajendra Singh,"Professor, Agricultural & Food Engineering Department, Indian Institute of Technology …","Hydrology, Irrigation, Climate Change",5935,https://scholar.google.com/citations?hl=en&user=rsveKgEAAAAJ
Ananta Kumar Ghosh,"Professor of Biotechnology, Indian Institute of Technology","Molecular virology, Immunology, Recombinant DNA Technology, Antimicrobial peptides, parasitology",5916,https://scholar.google.com/citations?hl=en&user=bwicHaUAAAAJ
Sujit Kumar Dash,"Professor of Civil Engineering, Indian Institute of Technology Kharagpur",Geotechnical engineering,5904,https://scholar.google.com/citations?hl=en&user=On5P_4oAAAAJ
Tapas Laha,Indian Institute of Technology Kharagpur,"Structural Nanocomposites, Metallic glasses, Surface Engineering & Coating, Interfacial Phenomena",5884,https://scholar.google.com/citations?hl=en&user=ry6FGOUAAAAJ
Anupam Basu,"Professor, Indian Institute of Technology, Kharagpur","Natural Language Technology, Assistive Technology, Cognitive Systems",5805,https://scholar.google.com/citations?hl=en&user=AMidPUMAAAAJ
Kinsuk Naskar,"Professor and Head, Rubber Technology Centre and Institute Chair Professor, IIT Kharagpur …","Rubber and TPEs, Self healing, Shape memory, Sustainability, Vitrimer",5607,https://scholar.google.com/citations?hl=en&user=DPbNGlcAAAAJ
Golok Nando,Indian Institute of Technology Kharagpur,"Rubber Technology, Polymer blends and alloys, TPEs and TPVs, Polymer processing and Characterization, Rubber Nano composites",5576,https://scholar.google.com/citations?hl=en&user=Ww0hdScAAAAJ
Siddhartha Das,"Professor of Metallurgical and Materials Engineering, Indian Institute of Technology …","Nanomaterials, Characterization of Materials, Electrochemistry, Composite Materials, Physical Metallurgy",5567,https://scholar.google.com/citations?hl=en&user=LgACrjMAAAAJ
S Dutta Gupta,"Agricultural and Food Engineering Department, IIT Kharagpur","Plant tissue Culture Engineering, Plant Image Analysis, Imapct of LED on Plant Morphogenesis",5562,https://scholar.google.com/citations?hl=en&user=MGASPqIAAAAJ
RAJIB MALL,"Professor of Computer Science, IIT, Kharagpur",Program analysis and Testing,5484,https://scholar.google.com/citations?hl=en&user=dt2fhqYAAAAJ
Dr Manab Kumar Das,"Professor, Indian Institute of Technology Kharagpur","Fluid Mechanics, Heat Transfer, Numerical Simulation, Turbulence Modeling",5460,https://scholar.google.com/citations?hl=en&user=5c2ZG5EAAAAJ
Rabibrata Mukherjee,"Professor, Department of Chemical Engineering, IIT Kharagpur","Soft Lithography, Dewetting, Thin Film Instability, Colloidal Self Assembly, Liquid Crystal Thin Films",5326,https://scholar.google.com/citations?hl=en&user=ecalMYAAAAAJ
Debdoot Sheet,"Associate Professor, EE, Indian Institute of Technology Kharagpur, India","Deep Learning, Medical Imaging, Data Compression, Digital Health",5290,https://scholar.google.com/citations?hl=en&user=x-0vLSsAAAAJ
Aparabal Kumar,"Research Scholar, Materials Science Centre, Indian Institute of Technology Kharagpur, India","Thermoelectrics, Compound Semiconductors, Energy Materials",5257,https://scholar.google.com/citations?hl=en&user=oyixAE8AAAAJ
Bharath H Aithal,Indian Institute of Technology Kharagpur,"Built Environment, Remote sensing, GIS, Urban Modelling, Environmental Sciences",5215,https://scholar.google.com/citations?hl=en&user=j-trcFUAAAAJ
Sangeeta Sahney,"Professor, Vinod Gupta School of Management, IIT kharagpur, West Bengal, India","Quality Management, Marketing",5189,https://scholar.google.com/citations?hl=en&user=08W5xrgAAAAJ
Professor Trilochan Sahoo,"Dept. of Ocean Engineering and Naval Architecture, IIT Kharagpur","Marine Hydrodynamics, Hydroelasticity, Applied Mathematics, Coastal Engineering, Ocean Engineering",5171,https://scholar.google.com/citations?hl=en&user=OkwQ5M4AAAAJ
Pinaki Sar,"Professor, Indian Institute of Technology Kharagpur, Kharagpur, India","Environmental microbiology, bioremediation, metagenomics",5121,https://scholar.google.com/citations?hl=en&user=tV8YrpQAAAAJ
Damodar Maity,Indian Institute of Technology Kharagpur,"Computational Mechanics, Structural engineering, Dam engineering, Bamboo reinforced concrete",5105,https://scholar.google.com/citations?hl=en&user=BbUFPjYAAAAJ
Narayan C. Pradhan,"Professor of Chemical Engineering, Indian Institute of Technology, Kharagpur - 721302 …",,5099,https://scholar.google.com/citations?hl=en&user=JZkEuD0AAAAJ
Sukanta Kumar Dash,"Professor, Mechanical Engineering, Indian Institute of Technology Kharagpur","Computational Fluid Dynamics, Heat Transfer, Turbulence, Computational Methods, Thermodynamics",5076,https://scholar.google.com/citations?hl=en&user=EXJxOmUAAAAJ
Abir Das,Associate Professor at IIT Kharagpur,"Computer Vision, Machine Learning, Efficient Deep Learning, Video Understanding, Domain Adaptation",5054,https://scholar.google.com/citations?hl=en&user=L4yEk2UAAAAJ
Sudipto Chakraborty,"Professor of Chemical Engineering, IIT Kharagpur","Heat Transfer Enhancement, Ultrafast Cooling, Modelling and Simulation, Carbon base nano-materials",5053,https://scholar.google.com/citations?hl=en&user=oj_8dIgAAAAJ
Jayanarayanan Kuttippurath,Indian Institute of Technology Kharagpur,"Atmospheric Chemistry, Climate Change, Stratospheric Ozone, Antarctic Ozone Hole",5038,https://scholar.google.com/citations?hl=en&user=_EsgCugAAAAJ
Atasi Mohanty,"Rekhi Centre of Excellence for the Science of Happiness, IIT Kharagpur, INDIA","Pedagogy, Education for Sustainability, Psychology",5020,https://scholar.google.com/citations?hl=en&user=O4q3AaUAAAAJ
Sagar Kumar,Student at Indian Institute of Technology Kharagpur,"Machine learning, Operational Research, Data Science, Artificial Intelligence",5002,https://scholar.google.com/citations?hl=en&user=8CmM9yEAAAAJ
Subhransu Roy,"Professor of Mechanical Engineering, Indian Institute of Technology Kharagpur","Heat transfer, Laser processing",4981,https://scholar.google.com/citations?hl=en&user=jKV9dZkAAAAJ
Sudipta Mukhopadhyay,"Professor of Electronics and ECE, IIT Kharagpur",Medical Image Processing,4973,https://scholar.google.com/citations?hl=en&user=3WXaNHMAAAAJ
Dr. PVSN Murthy,"Professor, Department of Mathematics, Indian Institute of Technology Kharagpur, Past …","1. Convection  in Porous Media, 2.  Bio-Fluid Mechanics",4963,https://scholar.google.com/citations?hl=en&user=t3z-CIfU2JEC
Satyahari Dey,Indian Institute of technology Kharagpur,"plant biotechnology, nutraceuticals, phytomedicine, prebiotics, psychobiotics",4946,https://scholar.google.com/citations?hl=en&user=9ev-3n8AAAAJ
Amal Kumar Das,"Professor of Physics, Indian Institute of Technology Kharagpur",Magnetism and Spintronics,4923,https://scholar.google.com/citations?hl=en&user=Ln8wdC4AAAAJ
Gour Gopal Roy,"Professor, Dept. of Metallurgical & materials Engineering, Indian Institute of Technology …","Modeling & simulation, ferrous extraction",4914,https://scholar.google.com/citations?hl=en&user=BD44VWEAAAAJ
SP Sarmah,"Professor . Dept. of Industrial & Systems Engineering, IIT Kharagpur, India","Logistics Management, Supply chain coordination and contract …, Inventory management, Project",4856,https://scholar.google.com/citations?hl=en&user=wlbAwwYAAAAJ
Chinmay Kumar Maiti,Ex-Professor IIT Kharagpur India,Microelectronics Nanoelectronics …,4848,https://scholar.google.com/citations?hl=en&user=BhyZkl0AAAAJ
Sudarsan Neogi,"Professor, Department of Chemical Engineering, IIT Kharagpur","Surface mofification, Plasma Technology",4814,https://scholar.google.com/citations?hl=en&user=qY1htjQAAAAJ
Jayanta Basu,"Professor of Chemical Engineering,IIT Kharagpur","Reaction Engineering, Adsorption",4798,https://scholar.google.com/citations?hl=en&user=3GsgIqAAAAAJ
Chinnaraji Annamalai,Indian Institute of Technology Kharagpur,"Computing, Networking, AI, Combinatorics, Mechanics",4763,https://scholar.google.com/citations?hl=en&user=C2SHqlkAAAAJ
Prasanta Kumar Guha,Professor at E&ECE Department of IIT Kharagpur,"Sensors, Nano Material, Energy Devices, Machine Learning, Interface Electronics",4740,https://scholar.google.com/citations?hl=en&user=siDqJV0AAAAJ
Adinpunya Mitra,"Professor, Indian Institute of Technology Kharagpur",Plant secondary metabolism,4733,https://scholar.google.com/citations?hl=en&user=888xAJMAAAAJ
Manjunatha Mahadevappa,"Professor at School of Medical Science & Technology, IIT Kharagpur-721302, India","Bioinstrumentation, Neural / Retinal Prosthesis, Bio-signals & Image Processing, FES for Stroke & CP Children, NeuroRehabilitati",4688,https://scholar.google.com/citations?hl=en&user=k0MoQ9UAAAAJ
Pranab K Dutta,"Professor of Electrical Engineering, IIT Kharagpur","Image Processing, Optical imaging, Pattern Recognition, biomedical signal and image processing",4653,https://scholar.google.com/citations?hl=en&user=7elWBjEAAAAJ
Samrat Ganguly,"Student of VGSOM, IITKGP","Management, Business Analytics",4642,https://scholar.google.com/citations?hl=en&user=cMyKnSwAAAAJ
Ashok Mishra,"Agricultural and Food Engineering Department; Indian Institute of Technology, Kharagpur","Watershed hydrology, Crop modelling, Climate change analysis and applications in …",4603,https://scholar.google.com/citations?hl=en&user=-bzKMXYAAAAJ
Partha Saha,"Professor of Mechanical Engineering, Indian Institute of Technology Kharagpur INDIA","Manufacturing Processes, Additive manufacturing, Non-traditional Manufacturing, Micro Manufacturing, Laser Material Processing",4586,https://scholar.google.com/citations?hl=en&user=-z0vhDwAAAAJ
Amiya Jana,"Chemical Engineering, Indian Institute of Technology Kharagpur","Energy and Fuels, Water, Control System, Process Intensification",4546,https://scholar.google.com/citations?hl=en&user=ADjo_xgAAAAJ
"Amreesh Chandra, FRSC","Professor, Department of Physics, Indian Institute of Technology, Kharagpur","Supercapacitors, Batteries, Condensed Matter Physics, Nanomaterials, Carbon Footprint",4522,https://scholar.google.com/citations?hl=en&user=PAA1dSEAAAAJ
Syamalendu Sekhar Bandyopadhyay,"Professor of Cryogenic Engineering Center, Indian Institute of Technology Kharagpur","Carbon dioxide capture and sequestration, vortex tube air separation",4497,https://scholar.google.com/citations?hl=en&user=m83WrgkAAAAJ
Prof.PBS Bhadoria,"Agricultural and Food Engineering Department, IIT Kharagpur",Soil Science and Plant Nutrition,4415,https://scholar.google.com/citations?hl=en&user=7ldqPLEAAAAJ
Peeyush soni,"Professor of Agricultural & Food Engineering, Indian Institute of Technology","Sustainable agricultural mechanization, Off-road vehicle traction mechanics, Energy analysis of",4401,https://scholar.google.com/citations?hl=en&user=VCQFMoUAAAAJ
Dipakranjan Mal,"Professor of chemistry, Indian institute of technology",organic chemistry synthesis,4360,https://scholar.google.com/citations?hl=en&user=3pJ-xWsAAAAJ
Debalay Chakrabarti,"Professor, Indian Institute of Technology Kharagpur","Microstructure, Mechanical Properties, Metals",4335,https://scholar.google.com/citations?hl=en&user=mz31gP8AAAAJ
Santanu Chattopadhyay,"Professor, Dept. of Electronics and Elec. Comm. Engg., Indian Institute of Technology …","VLSI, NoC, Testing, Hardware Security, Machine Learning for CAD",4317,https://scholar.google.com/citations?hl=en&user=YxNMDbIAAAAJ
Venimadhav Adyam,"Cryogenic Engineering Centre, IIT Kharagpur","Condensed Matter, Spintronics, Multiferroics, Epitaxial thin films, Na ion Batteries",4310,https://scholar.google.com/citations?hl=en&user=SynU4z0AAAAJ
Abhijit Bhattacharya,"Professor (Retired) of Geology and Geophysics, Indian Institute of Technology Kharagpur …","Petrology, Geochemistry, Tectonics, Structural Geology, Geochronology",4294,https://scholar.google.com/citations?hl=en&user=6GLL3p0AAAAJ
Sudeshna Sarkar,"IIT Kharagpur, Department of Computer Science & Engineering","Natural Language Processing, Machine Learning, Artificial Intelligence, Recommender Systems",4238,https://scholar.google.com/citations?hl=en&user=AwP_bbsAAAAJ
Prof. Soumen Das,"School of Medical Science and Technology, IIT Kharagpur, India","MEMS, BioMEMS, Microfluidics, Flexible Electronics, Bioimpedance",4223,https://scholar.google.com/citations?hl=en&user=lvtbTjoAAAAJ
Sushanta Kumar Panda,"Professor, Department of Mechanical Engineering, Indian Institute of Technology Kharagpur",Metal Forming,4194,https://scholar.google.com/citations?hl=en&user=UzqsYNcAAAAJ
Ranjit Bahadur,"Professor, Department of Biotechnology, IIT Kharagpur, India",Computational Biology,4181,https://scholar.google.com/citations?hl=en&user=jk6bcpAAAAAJ
JOYKRISHNA DEY,Indian Institute of Technology Kharagpur,"Molecular Self-assembly, Drug delivery",4171,https://scholar.google.com/citations?hl=en&user=BzFp_u4AAAAJ
Rajib Maity,"Professor, Department of Civil Engineering, Indian Institute of Technology Kharagpur","Hydroclimatology, Water Resources Engg., Climate Change, AI/ML, Probability and Statistics",4105,https://scholar.google.com/citations?hl=en&user=1dJv3gwAAAAJ
Prof. KN Tiwari,IIT Kharagpur,"Irrigation, Land and Water Resource Management, Micro-irrigation, Remote Sensing & GIS, Greenhouse",4062,https://scholar.google.com/citations?hl=en&user=5lMBxW0AAAAJ
Jayanta Ray,"Professor of Chemistry,IIT Kharagpur INDIA",Organic Chemistry,4026,https://scholar.google.com/citations?hl=en&user=ICriMvQAAAAJ
DIPANWITA ROYCHOWDHURY,"Professor of Computer Science, IIT Kharagpur","Cryptography, VLSI",4014,https://scholar.google.com/citations?hl=en&user=F_MRaWYAAAAJ
Sourav Mukhopadhyay,"Professor, Indian Institute of Technolgy Kharagpur","Cryptography, Network Security, Cyber Security, Post Quantum Cryptography, Blockchain",3955,https://scholar.google.com/citations?hl=en&user=ErhmrCwAAAAJ
Tarun Kanti Bhattacharyya,Professor of Electronics and Electrical Communication Engineering Indian Institute of …,"VLSI, MEMS, Nano Technology, Thin films, Analog and RF IC Design",3926,https://scholar.google.com/citations?hl=en&user=0iVsuAEAAAAJ
Debjani Chakraborty,"Professor, Department of Mathematics, Indian Institute of Technology Kharagpur","Optimization, Fuzzy logic & approximate reasoning, Fuzzy Geometry",3873,https://scholar.google.com/citations?hl=en&user=fyIXIa0AAAAJ
Partha Pratim Bandyopadhyay,IIT Kharagpur,"plasma spraying, LENS, thermal spraying, tribology",3808,https://scholar.google.com/citations?hl=en&user=bb8P0F4AAAAJ
Amit Ghosh,Indian Institute of Technology Kharagpur,,3785,https://scholar.google.com/citations?hl=en&user=scPSfFcAAAAJ
Anandaroop Bhattacharya,IIT Kharagpur,"Heat Transfer, Fluid Mechanics, Electronic Packaging",3779,https://scholar.google.com/citations?hl=en&user=YToPmtYAAAAJ
Goutam Chakraborty,"Associate Professor, Department of Mechanical Engineering, Indian Institute of Technology …","Dynamics, Vibration, Control",3692,https://scholar.google.com/citations?hl=en&user=gSZnQGoAAAAJ
Pradip Kumar Ray,"Professor of Industrial Engineering, IIT Kharagpur","Industrial Engineering, Quality Engineering and Management, Process Optimization, Productivity, Ergonomics",3683,https://scholar.google.com/citations?hl=en&user=ejDd6-AAAAAJ
Ashis K Datta,IIT Kharagpur,Food process Engineering,3678,https://scholar.google.com/citations?hl=en&user=q4kFndUAAAAJ
Nikita Dewangan,Assistant Professor at IIT Kharagpur,"Catalysis, Catalytic Membrane Reactors, Hydrogen Membrane",3671,https://scholar.google.com/citations?hl=en&user=hrhT8KUAAAAJ
Sachidanand Kumar,"Research Scholar, IIT Kharagpur",Air Pollution,3652,https://scholar.google.com/citations?hl=en&user=GKBYfacAAAAJ
Mira Mitra,Indian Institute of Technology Kharagpur,"structural health monitoring, wave propagation, wavelet",3630,https://scholar.google.com/citations?hl=en&user=JdQQa74AAAAJ
Prof Biplab Datta,"Associate Professor, Vinod Gupta School of Management, Indian Institute of Technology …",Marketing  Leadership,3582,https://scholar.google.com/citations?hl=en&user=nXeL8q8AAAAJ
Dewashish Upadhyay,"Department of Geology and Geophysics, Indian Institute of Technology, Kharagpur","Geochemistry, Geochronology, Petrology, Crustal Evolution, Cosmochemistry",3551,https://scholar.google.com/citations?hl=en&user=Kg7v_G4AAAAJ
Mrinal K. Maiti,"Professor of Biotechnology, Indian Institute of Technology Kharagpur","Plant biotechnology, Metabolic engineering, Lipid metabolism, Functional genomics of rice",3551,https://scholar.google.com/citations?hl=en&user=rQEWgXIAAAAJ
Karabi Biswas,"Professor, Indian Institute of Technology Kharagpur","Sensor, Instrumentation, Fractional order element",3550,https://scholar.google.com/citations?hl=en&user=opPdSwkAAAAJ
Binny Mathew,PhD student at Indian Institute of Technology Kharagpur,"Natural Language Processing, Computational Social Science, Machine Learning",3474,https://scholar.google.com/citations?hl=en&user=xQ10A7YAAAAJ
Prof. P. Guha,"Professor    Agricultural and Food Engineering Department, Indian Institute of Technology …","Agronomy, Post harvest Technology, Weed Management, Water Management, Forest Management & Food Laws",3462,https://scholar.google.com/citations?hl=en&user=PlyEwuwAAAAJ
Abhinav Kumar,"Junior Project Officer, IIT Kharagpur","Ergonomics, FMPE",3435,https://scholar.google.com/citations?hl=en&user=lxN_6XAAAAAJ
Prof. Amita Pathak,"Professor of Chemistry, Indian Institute of Technology Kharagpur","Nanomaterials, Catalysis, Sensors, Drug Delivery",3424,https://scholar.google.com/citations?hl=en&user=MaHH4pkAAAAJ
Sankha Mukherjee,IIT Kharagpur,"Computational Materials, Semiconductors, 2D Materials, Energy Storage, Battery",3423,https://scholar.google.com/citations?hl=en&user=nh5cO04AAAAJ
Partha Sarathi Ghosal,"Assistant Professor, School of Water Resources, IIT Kharagpur","Water and Wastewater Treatment, Faecal sludge management, Adsorption, Optimization, Modelling",3419,https://scholar.google.com/citations?hl=en&user=daLjp2cAAAAJ
Debasis Samanta,"Professor, Computer Science & Engineering, Indian Institute of Technology Kharagpur","Human Computer Interaction, Computational Intelliegnce, Bio-crypto System, Data Analytics",3393,https://scholar.google.com/citations?hl=en&user=RctLVqcAAAAJ
Prof. Arun Chakraborty FRMetS,"Professor and Former Head of CORAL, Indian Institute of Technology Kharagpur","Oceanography, Atmospheric Science",3365,https://scholar.google.com/citations?hl=en&user=J18CH9AAAAAJ
Ratna Dutta,"Professor, Indian Institute of Technology Kharagpur","Cryptography, Cyber Security, Post Quantum Cryptography, Financial Cryptography",3339,https://scholar.google.com/citations?hl=en&user=07TPPLsAAAAJ
Arindam Basu,"Professor, Department of Geology & Geophysics, Indian Institute of Technology Kharagpur",Engineering Geology and Rock Mechanics,3339,https://scholar.google.com/citations?hl=en&user=9ZUWc7oAAAAJ
Jitendra Mahakud,IIT Kharagpur,"Corporate Finance, Behavioural Finance, Financial Markets, Commercial Banking, Corporate Governance",3328,https://scholar.google.com/citations?hl=en&user=6UuLVsMAAAAJ
Dillip Kumar Swain,"Professor, Indian Institute of Technology Kharagpur, India","Agricultural Adaptations to Climate Change, Sustainable & Precision Agriculture, Crop Modeling and Simulation, Organic Farming",3320,https://scholar.google.com/citations?hl=en&user=Kom3ossAAAAJ
Dibakar Dhara,"Professor, Department of Chemistry, Indian Institute of Technology Kharagpur","Physical Chemistry of Macomolecules, Synthetic Polymer Chemistry, Colloids and Nanomaterials",3317,https://scholar.google.com/citations?hl=en&user=QZiI-c4AAAAJ
Debaprasad Kastha,"Professor of Electrical Engineering, IIT Kharagpur","Power Electronics, Drives, Wind Power",3292,https://scholar.google.com/citations?hl=en&user=pXTb_fwAAAAJ
Indranil Sengupta,"Professor of Computer Science and Engineering, Indian Institute of Technology Kharagpur","Reversible and quantum computing, VLSI design and testing",3291,https://scholar.google.com/citations?hl=en&user=Nf46wucAAAAJ
Bhabagrahi Sahoo,"School of Water Resources, Indian Institute of Technology Kharagpur","Flood Hydrology, River Basin Management, Solute Transport",3269,https://scholar.google.com/citations?hl=en&user=9eGcRx8AAAAJ
Chenna Rao Borra,IIT-Kharagpur,"Extractive metallurgy, Critical Metals, Metal recycling, Sustainable metallurgy",3264,https://scholar.google.com/citations?hl=en&user=FEOdwQMAAAAJ
Abhijnan Chakraborty,"Assistant Professor, Computer Science & Engg., IIT Kharagpur","Responsible AI, Social Computing, Information Retrieval, AI for Social Good",3256,https://scholar.google.com/citations?hl=en&user=21oQO9oAAAAJ
Kaushal Kumar Bhagat,"Indian Institute of Technology, Kharagpur","Online learning, Augmented Reality, Virtual Reality, Flipped classroom, Formative Assessment",3243,https://scholar.google.com/citations?hl=en&user=zE9msuwAAAAJ
Mamata Jenamani,"Professor, IIT Kharagpur","E-Business, Decision modeling and Analytics",3168,https://scholar.google.com/citations?hl=en&user=9m9sxGcAAAAJ
Ajay Sidpara,"Mechanical Engineering Department, Indian institute of technology Kharagpur (India)","Surface finishing, Micro machining, finishing, Micro manufacturing",3127,https://scholar.google.com/citations?hl=en&user=WcZDF6UAAAAJ
Mruganka Kumar Panigrahi,Department of Geology and Geophysics IIT Kharagpur WB 721302,"Geology, Environmental Science, Chemistry, Metallurgy",3118,https://scholar.google.com/citations?hl=en&user=NaRhrf8AAAAJ
Santanu Kumar Bhowmik,"Professor of Department of Geology & Geophysics, Indian Institute of Technology Kharagpur","Metamorphic Petrology, Subduction zone processes, Early Earth Tectonics, Diffusion Chronometry",3110,https://scholar.google.com/citations?hl=en&user=851aFzoAAAAJ
Rajarshi Samanta,"Department of Chemistry, IIT Kharagpur, India","Synthetic Organic Chemistry, Transition metal catalysis",3081,https://scholar.google.com/citations?hl=en&user=yStEsmMAAAAJ
Punyajoy saha,"Student, Indian Institute of Technology, Kharagpur","social computing, natural language processing",3068,https://scholar.google.com/citations?hl=en&user=VGBwCtsAAAAJ
Sandip Chakraborty,"Associate Professor, Indian Institute of Technology Kharagpur","Computer Systems, Human Computer Interaction, Ubiquitous and Pervasive Systems",3048,https://scholar.google.com/citations?hl=en&user=pQ6C8YAAAAAJ
Aditya Bandopadhyay,Indian Institute of Technology Kharagpur,"Electrokinetics, Microfluidics, Transport in Porous Media",3018,https://scholar.google.com/citations?hl=en&user=nRyh8bcAAAAJ
Suvra Sekhar Das,"Prof. GS Sanyal School of Telecommunication,  IIT Kharagpur","Wireless Communications, OFDM, Radio Resource Allocation, MIMO, Call Admission Control",3012,https://scholar.google.com/citations?hl=en&user=-WhrwEcAAAAJ
Debashish Chakravarty,"Professor Department of Mining Engineering IIT KGP, India","Mining Engg, 3DReconst-GeoImaging, DIP-DSP Georesources, Rockmech Slope Stability, Envt Remote",2998,https://scholar.google.com/citations?hl=en&user=SHZ3TJgAAAAJ
Praphulla Chandra Shukla,IIT Kharagpur,,2984,https://scholar.google.com/citations?hl=en&user=yDkO6B4AAAAJ
Suman Kalyan Samanta,"Associate Professor of Chemistry, IIT Kharagpur","Supramolecular Chemistry, Conjugated Polymers, Porous Polymer Networks, Device Applications",2980,https://scholar.google.com/citations?hl=en&user=_SM11YYAAAAJ
Siddhartha Mukhopadhyay,"Professor of Electrical Engineering, Indian Institute of Technology Kharagpur","Signal Processing, Estimation, Diagnostics, Systems and Control Engineering, Industrial Automation",2952,https://scholar.google.com/citations?hl=en&user=8bKV3J0AAAAJ
Kartick Tarafder,"Indian Institute of Technology Kharagpur, India","Condensed matter physics, molecular spintronics, organomatallics",2951,https://scholar.google.com/citations?hl=en&user=k0B3dF0AAAAJ
Vidya Kochat,"Materials Science Centre, Indian Institute of Technology, Kharagpur",2D materials,2950,https://scholar.google.com/citations?hl=en&user=2Z8tZiMAAAAJ
Kousik Deb,"Professor of Civil Engineering Department, IIT Kharagpur","Ground Improvement, Soil-Structure Interaction, Reinforced Earth, Geotechnical Earthquake",2893,https://scholar.google.com/citations?hl=en&user=RgiJlGIAAAAJ
Ajay Kumar Singh,"Dept. of Physics, IIT Kharagpur",nuclear physics,2891,https://scholar.google.com/citations?hl=en&user=kGb_O5IAAAAJ
Debarati Sen,"Assistant Professor, Indian Institute of Technology, Kharagpur","4G & Beyand, PHY & MAC Layer, Short Range Communication, Green Communication, Coherent Optical Communication",2883,https://scholar.google.com/citations?hl=en&user=CfWWEDwAAAAJ
jyotirmoy bhattacharya,"Assistant Professor, IIT Kharagpur, India.","QFT, gravity, String theory",2865,https://scholar.google.com/citations?hl=en&user=V0NjFqoAAAAJ
Dr Sanjeev Kumar,"Research Scholar, IIT Kharagpur, WB, India","Bioenergy, Microbiology, Biotechnology, Biofuels, Biobutanol",2858,https://scholar.google.com/citations?hl=en&user=5yzEiDkAAAAJ
Arobinda Gupta,Indian Institute of Technology Kharagpur,,2832,https://scholar.google.com/citations?hl=en&user=vAiphMEAAAAJ
Manish Pandey,Indian Institute of Technology Kharagpur,"Hydraulics, Sediment Transport, Fluvial Hydraulics",2827,https://scholar.google.com/citations?hl=en&user=iQobIAMAAAAJ
Chacko Jacob,"Former Professor, Materials Science Centre, IIT-Kharagpur","Nanomaterials, Materials Science",2817,https://scholar.google.com/citations?hl=en&user=37es0UcAAAAJ
Dr. ashok kumar,"Central Agricultural University, Imphal; Dept. of Agricultural and Food Engineering, IIT …","microwave food processing, drying, concentration of fruit juices, modeling and simulation",2807,https://scholar.google.com/citations?hl=en&user=1Wj3koEAAAAJ
UC Gupta,Indian Institute of Technology Kharagpur,"Stochastic Modelling, Queueing, Portfolio Optimization",2798,https://scholar.google.com/citations?hl=en&user=QgjRjK0AAAAJ
Siddhartha Sen,"Former Professor of Electrical Engineering, Indian Institute of Technology, Kharagpur","Control systems, Fractional order systems, MEMS sensors, Control allocation",2750,https://scholar.google.com/citations?hl=en&user=RhEHgw0AAAAJ
"ANVSatyanarayana, Ph.D.","Professor & Former Head, Centre for Ocean, River, Atmosphere and Land Sciences at IIT","Urban Climate, Extreme Weather events, Regional Climate, Air sea interaction, Air Pollution",2749,https://scholar.google.com/citations?hl=en&user=8I5PwOsAAAAJ
Debasis Deb,"Professor of Mining Engineering, IIT Kharagpur","Rock Mechanics, Numerical Modelling",2723,https://scholar.google.com/citations?hl=en&user=CD2jSQEAAAAJ
Anirvan DasGupta,Indian Institute of Technology Kharagpur,"Mechanics, Dynamics, Vibration, Robotics",2703,https://scholar.google.com/citations?hl=en&user=AG2PJKAAAAAJ
Roy Choudhury,"Professor of Mechanical Engineering, Indian Institute of Technology, Kharagpur India","CNC, conventional and Non-traditional …, free form surface machining, curved layered manufacturing, mechanisms design",2702,https://scholar.google.com/citations?hl=en&user=i4uZgGEAAAAJ
Prasana Kumar Sahoo,"Associate Professor, Indian Institute of Technology Kharagpur","2D Quantum Materials, Heterostructures and Optoelectronic devices",2680,https://scholar.google.com/citations?hl=en&user=RZH3sSwAAAAJ
MP  Biswal,"Professor of Mathematics, IIT Kharagpur","Opearations Research, Fuzzy Programming, Stochastic Programming, Multi choice Programming",2666,https://scholar.google.com/citations?hl=en&user=z70VTx8AAAAJ
Anirban Dhar,"Professor of Civil Engineering, IIT Kharagpur","Computational Hydraulics, Groundwater Hydraulics, Water Resources Systems",2651,https://scholar.google.com/citations?hl=en&user=C1WJWGEAAAAJ
Koushik Biswas,"Professor of Metallurgical and Materials Engineering, Indian Institute of Technology …","Ceramics, energy materials",2651,https://scholar.google.com/citations?hl=en&user=OaMT0bEAAAAJ
Gargi Das,"Professor of Chemical Engineering, Indian Institute of Technology Kharagpur","Multiphase flow, Newtonian and non-Newtionan flows, Computaional fluid dynamics",2626,https://scholar.google.com/citations?hl=en&user=gF_25tAAAAAJ
Shashi Prakash Sharma,"Dept of Geology and Geophysics, IIT, Kharagpur","Electrical and EM Geophysics, Groundwater Geophysics, Geophysical Optimization",2576,https://scholar.google.com/citations?hl=en&user=WsSFrpgAAAAJ
Dr. Sukanta Mandal,Indian Institute of Technology Kharagpur,"Inorganic Chemistry, Coordination Chemistry, Bioinorganic Chemistry, Water Splitting Chemistry",2565,https://scholar.google.com/citations?hl=en&user=1tExFMMAAAAJ
Samir Kumar Pal,"Professor, Department of Mining Engineering, Indian Institute of Technology Kharagpur","Mine Void Filling, Geomechanics, Wear of Elastomers in Mining",2558,https://scholar.google.com/citations?hl=en&user=haAbQ6oAAAAJ
Pulak Mishra,"Professor, Department of Humanities and Social Sciences, Indian Institute of Technology","Industrial Economics, Public Economics and Policy, Economics of Rural Development",2533,https://scholar.google.com/citations?hl=en&user=lkkZ58UAAAAJ
Mainack Mondal,"Assistant Professor at Department of Computer Science and Engineering, IIT Kharagpur","Usable privacy & security, Online Safety, HCI, networked systems, Applied AI",2522,https://scholar.google.com/citations?hl=en&user=AUllGoAAAAAJ
Dr. Gourav Dhar Bhowmick,"Assistant Professor at Indian Institute of Technology Kharagpur, India","Bio-electrochemical Systems, Aquacultural Systems, Microbial Fuel Cell, Carbon Capture, Wastewater Treatment",2503,https://scholar.google.com/citations?hl=en&user=HlWA628AAAAJ
Sri Krishna kumar,IIT Kharagpur,,2486,https://scholar.google.com/citations?hl=en&user=pHaz2NcAAAAJ
Prasanta Kumar Datta,Indian Institute of Technology Kharagpur,"Laser Physics, Nonlinear Optics, Ultrafast Science",2467,https://scholar.google.com/citations?hl=en&user=HOK6ZUMAAAAJ
Vijai Nath Giri,IIT Kharagpur,Communication Studies,2455,https://scholar.google.com/citations?hl=en&user=FyTSGMwAAAAJ
Purbarun Dhar,"Associate Professor of Mechanical Engineering, Indian Institute of Technology Kharagpur","microfluidics, droplets, fluid dynamics, thermal sciences, electromagnetism",2450,https://scholar.google.com/citations?hl=en&user=4NDNHPQAAAAJ
A Taraphder,"Department of Physics, Centre for Theoretical studies, Indian Institute of Technology …",Condensed Matter Physics,2448,https://scholar.google.com/citations?hl=en&user=IY2VoH8AAAAJ
khanindra Pathak,Indian Institute of Technology Kharagpur,"Surface Mining, Mining Environment, Remote Sensing GIS, Noise Pollution, Mining Machinery",2437,https://scholar.google.com/citations?hl=en&user=Snl-qzwAAAAJ
Raghunath Ghara,IIT Kharagpur,"Cosmology, Cosmic Reionization, Simulation, Radio Astronomy, HI signal",2423,https://scholar.google.com/citations?hl=en&user=WmNdlCkAAAAJ
Burada PS,"Associate Professor, Indian Institute of Technology Kharagpur, India","Soft matter Physics, Non-equilibrium Statmech, Low Re Hydrodynamics",2410,https://scholar.google.com/citations?hl=en&user=knof4IoAAAAJ
Dhananjay Kumar srivastava,IIT Kharagpur,Internal Combustion Engine,2393,https://scholar.google.com/citations?hl=en&user=j23mYyoAAAAJ
Sourav Mitra,"Asst. Professor, Department of Mechanical Engineering, IIT Kharagpur, India","Thermodynamics, Refrigeration, Adsorption, Thermal system design, Heat transfer",2340,https://scholar.google.com/citations?hl=en&user=ea7ot_cAAAAJ
Dr Renji Remesan,"Associate Professor, Indian Institute of Technology Kharagpur","Water management, Hydrology, Hydroinformatics, Climate change, numerical weather modelling",2319,https://scholar.google.com/citations?hl=en&user=ve8gekoAAAAJ
Saibal Gupta,"Professor of Geology, IIT Kharagpur","Structural Geology, Metamorphic Petrology, Tectonics",2307,https://scholar.google.com/citations?hl=en&user=tpmaaVAAAAAJ
CS Kumar,"Professor, Department of Mechanical Engineering, IIT Kharagpur","Robotics, Control Systems, Addtive Manufacturing, Biomedical Systems, Communication Networks",2297,https://scholar.google.com/citations?hl=en&user=i54NS70AAAAJ
"Sanjay K. Chaturvedi, SMIEEE","Subir Chowdhury School of Quality and Reliability, IIT Kharagpur","Reliability modeling, reliability analysis, reliability data, repairable system, maintenance",2296,https://scholar.google.com/citations?hl=en&user=ULGIT6UAAAAJ
Amey Pathak,"Assistant Professor, IIT Kharagpur","Moisture Recycling, Land Atmosphere Interactions, Monsoon, Hydroclimatology, Digital Agriculture",2288,https://scholar.google.com/citations?hl=en&user=do9u7u8AAAAJ
Tanmaya Pathak,"Professor, Department of Chemistry, Indian Institute of Technology Kharagpur, Kharagpur …","synthetic chemistry, carbohydrate and nucleoside chemistry, heterocycles, enzyme inhibitors",2285,https://scholar.google.com/citations?hl=en&user=Qsi_zm4AAAAJ
Vallayil Naikan,"Indian Institute of Technology, Kharagpur","Industrial Engineering, Quality & Reliability Engineering",2268,https://scholar.google.com/citations?hl=en&user=rz53WAgAAAAJ
Saikat Paul,"Professor, IIT Kharagpur","Sustainable buildings and communities, Remote Sensing, GIS",2262,https://scholar.google.com/citations?hl=en&user=jv9TJuEAAAAJ
Biswajit Mahanty,"Professor, Dept. of Industrial and Systems Engineering, IIT Kharagpur, India","System Dynamics, Operations Research, Information Systems, Project Management",2258,https://scholar.google.com/citations?hl=en&user=d9joiiMAAAAJ
Anupam Midya,"Dept. of Education, IIT Kharagpur","Material chemistry, Energy Conversion(Solar cells, Photodetectors), Supercapacitors, Sensors",2244,https://scholar.google.com/citations?hl=en&user=9BSBXxwAAAAJ
srabanti mukherjee,IIT Kharagpur,Marketing,2239,https://scholar.google.com/citations?hl=en&user=YrrnBNEAAAAJ
Subia Bano,"IIT Kharagpur, Elvesys Microfluidics Innovation Centre-Paris","3D Organoid model, Biomaterials andTissue Engineering, Drug disco, Drug/gene delivery, Microfluidics",2228,https://scholar.google.com/citations?hl=en&user=lP0CgmIAAAAJ
Raja Datta,"Professor, E & ECE, Former Head of CIC and GSSST, IIT Kharagpur","Software Defined Networks, Edge Computing, Inter-Planetary Networks, Elastic Optical Networks",2226,https://scholar.google.com/citations?hl=en&user=s3CxWeoAAAAJ
Ankit Shekhar,IIT Kharagpur,"Atmosphere-Biosphere Exchange, Environmental Remote Sensing, Agriculture, Extreme Events",2224,https://scholar.google.com/citations?hl=en&user=kilF6C8AAAAJ
Debarati Sen,"Professor, Indian Institute of Technology Kharagpur","5G/6G Communication, AI enabled Wireless, Millimeter Wave Systems, Terahertz Communications",2219,https://scholar.google.com/citations?hl=en&user=9ZkdGRsAAAAJ
Biswajit Mishra,"Professor, Department of Geology & Geophysics, IIT Kharagpur",Ore Mineralogy and Geochemistry,2217,https://scholar.google.com/citations?hl=en&user=HgBCZ-8AAAAJ
Aditya Kumar Patra,Indian Institute of Technology Kharagpur,Air Pollution,2209,https://scholar.google.com/citations?hl=en&user=Og8I9MEAAAAJ
Poulomi ganguli,"Assistant Professor, Indian Institute of Technology Kharagpur, India","statistical hydrology, climate extremes, water, groundwater hydrology",2202,https://scholar.google.com/citations?hl=en&user=-k_IVRkAAAAJ
Raja Sekhar GP,"Professor, Department of Mathematics, IIT Kharagpur, Kharagpur 721302, India","Boundary integral methods, flow through porous media, convection-diffusion-reaction in porous pellets",2190,https://scholar.google.com/citations?hl=en&user=naTDDcEAAAAJ
Rajakumar Ananthakrishnan,"Professor in Chemistry, Indian Institute of Technology, Kharagpur, India","Inorganic Materials: Mixed Metal Oxide, Nano Coordination Polymer, Photocatalysis, Applied Surfaces, Environmental Chemistry",2183,https://scholar.google.com/citations?hl=en&user=JpiC2vAAAAAJ
Chittaranjan Mandal,"Dept of Computer Sc & Engg, IIT Kharagpur","Synthesis, Verification, Networking",2176,https://scholar.google.com/citations?hl=en&user=jkoZD_MAAAAJ
Tanmoy Bhattacharya,"Associate Professor of Electrical Engineering, IIT Kharagpur",Power electronics and drives,2175,https://scholar.google.com/citations?hl=en&user=3gceTccAAAAJ
Basudev Lahiri,"Associate Professor, Dept. of Electronics and Electrical Communication Engineering, IIT …","Biophotonics, Optical Biosensing, Metasurface, Clinical Spectroscopy, Optogenetics",2171,https://scholar.google.com/citations?hl=en&user=fl41c84AAAAJ
Rajendra Machavaram,"Associate Professor, IIT Kharagpur","Artificial Intelligence, Evolutionary Algorithms, Machine Design, Structural Engineering",2167,https://scholar.google.com/citations?hl=en&user=oOwYL6sAAAAJ
"Biswajit Samal, PhD","Indian Institute of Technology, Kharagpur","Solid Waste Management, Biochar, Waste to Energy, Life Cycle Assessment, Circular Economy",2162,https://scholar.google.com/citations?hl=en&user=oGc8j-sAAAAJ
Sanjay Gupta,"Professor of Mechanical Engineering, Indian Institute of Technology Kharagpur.","Biomechanics, Finite Element Analysis, Experimental Stress Analysis",2152,https://scholar.google.com/citations?hl=en&user=VVhgpt4AAAAJ
Shivakiran Bhaktha BN,Indian Institute of Technology Kharagpur,Photonics,2146,https://scholar.google.com/citations?hl=en&user=lWQ65tIAAAAJ
Dr. Damodhara R. Mailapalli,"Professor of Agricultural and Food Engineering Department, IIT Kharagpur, India","Agricultural water management, environmental quality analysis and …",2138,https://scholar.google.com/citations?hl=en&user=np9PCWEAAAAJ
Dr. Indrasis Das,"School of Water Resources, IIT Kharagpur","Environmental Engineering, Wastewater Treatment, Bioelectrochemistry",2137,https://scholar.google.com/citations?hl=en&user=TFIqLh0AAAAJ
Dr. Bhargab Maitra,"Professor, Civil Engineering Department, IIT Kharagpur","Transportation Planning, Traffic Engineering",2128,https://scholar.google.com/citations?hl=en&user=VlhiCpsAAAAJ
Nagaprasad Puvvada,"VITAP University, Indian Institute of Technology, Kharagpur, Dalhousie University, Indian …","Nanotechnology, Drug delivery, Cancer and Cardiovascular disease",2115,https://scholar.google.com/citations?hl=en&user=JEvxHugAAAAJ
Suman Maiti,"Associate Professor of Electrical Engineering Department, Indian Institute of Technology …",Power Electronics and Machine Drives,2112,https://scholar.google.com/citations?hl=en&user=QFBUSScAAAAJ
WILLIAM MOHANTY,IIT Kharagpur,Earth Sciences,2111,https://scholar.google.com/citations?hl=en&user=meyQexUAAAAJ
Debabrata Sen,"Indian Institute of Technology Kharagpur, India","Ship and offshore hydrodynamics, numerical free-surface flows",2111,https://scholar.google.com/citations?hl=en&user=4cxZfJQAAAAJ
Baidurya Bhattacharya,Indian Institute of Technology Kharagpur,"computational materials science, probabilistic mechanics, structural reliability",2091,https://scholar.google.com/citations?hl=en&user=-iiTsI0AAAAJ
Dr.-Ing. Siddhartha Roy,"Assistant Professor, Indian Institute of Technology Kharagpur","Composites, Porous Ceramics, Synchrotron X-ray diffraction, Mechanical behavior of materials",2090,https://scholar.google.com/citations?hl=en&user=mI_Dgm0AAAAJ
Sanjib K. Patra,"Professor, Department of Chemistry,  Indian Institute of Technology Kharagpur","Inorganic, Organometallic, Catalysis, Polymer Chemistry, Materials Chemistry",2087,https://scholar.google.com/citations?hl=en&user=96B2gOoAAAAJ
NR Mandal,"Professor, Ocean Engineering and Naval Architecture, IIT Kharagpur","shipbuilding, welding distortion, distortion analysis, distortion mitigation, weld induce buckling",2061,https://scholar.google.com/citations?hl=en&user=a-lcLLYAAAAJ
Ashis Bhattacherjee,"Former Professor, Department of Mining Engineering, IIT Kharagpur","Occupational Health and Safety, Mine Safety, Operations Research, Quality Control, Epidemiology",2054,https://scholar.google.com/citations?hl=en&user=vANCXeoAAAAJ
Shailendra Varshney,"IIT Kharagpur, Hokkaido University, Delhi College of engineering",photonics,2038,https://scholar.google.com/citations?hl=en&user=7KsrPeEAAAAJ
NK Kishore,Indian Institute of Technology Kharagpur,Electrical Engineering,2038,https://scholar.google.com/citations?hl=en&user=4Ta1VT0AAAAJ
Sanghamitra Ray,"Professor, Geology & Geophysics, Indian Institute of Technology, Kharagpur, India","Vertebrate Paleontology, bone histology, Gondwana geology",2031,https://scholar.google.com/citations?hl=en&user=AygHvagAAAAJ
Kailash BL Srivastava,Professor Department of Humanities and social sciences IIT Kharagpur,"Organizational behavior, Human resource management, KM and innovation, learning organizations, leadership studies",2025,https://scholar.google.com/citations?hl=en&user=4KySSZQAAAAJ
Dr. Somjeet Biswas,"Professor, Indian Institute of Technology Kharagpur, Metallurgical and Materials","Light metals & Alloys, Plastic Deformation, Microstructure & Texture, Fracture & Fatigue",2024,https://scholar.google.com/citations?hl=en&user=UzY9V3kAAAAJ
Krishna Kumar,Indian Institute of Technology Kharagpur,"Pattern-forming Instabilities, Nonlinear Dynamics",2008,https://scholar.google.com/citations?hl=en&user=IxB0YjcAAAAJ
Dr. M. Mandal,Indian Institute of Technology Kharagpur,"Mesoscale Modeling of Extreme Weather …, Regional Climate Modeling, Land Surface Observation and Modeling",1996,https://scholar.google.com/citations?hl=en&user=rJbalqoAAAAJ
SASWAT CHAKRABARTI,"Professor, GS Sanyal School of Telecommunications at IIT Kharagpur","Wireless communications, biomedical electronics",1995,https://scholar.google.com/citations?hl=en&user=7zHOackAAAAJ
"Kumar Sankaran, PhD","Rubber Technology Centre, IIT Kharagpur",Rubber Research,1948,https://scholar.google.com/citations?hl=en&user=eZIW0fkAAAAJ
"Soubhagya Tripathy, Ph.D.","Agricultural and Food Engineering Department, Indian Institute of Technology","Nonthermal Technology, Bioactive Compounds, Waste Valorization, Encapsulation, Product Development",1946,https://scholar.google.com/citations?hl=en&user=1gRFl2sAAAAJ
Saikat Das,Indian Institute of Technology Kharagpur,"Physics, Materials & Microwave Devices, Scanning probe microscopy",1914,https://scholar.google.com/citations?hl=en&user=iQSEq3MAAAAJ
Srinibas Karmakar,"Professor, Indian Institute of Technology Kharagpur","Droplet and Spray Combustion, Combustion of solid fuels and propellant, Alternative fuels for",1910,https://scholar.google.com/citations?hl=en&user=o3BG2gkAAAAJ
Suman Kumar Si,"Senior Research Scholar, IIT Kharagpur","Chemistry, Materials Science, Piezoelectric, Triboelectric, Photodetector.",1899,https://scholar.google.com/citations?hl=en&user=SyKZEREAAAAJ
Goshaidas Ray,IIT Kharagpur,Control Systems,1893,https://scholar.google.com/citations?hl=en&user=jzcKC60AAAAJ
Santanu Kapat,Professor at Indian Institute of Technology (IIT) Kharagpur,High Performance Digital Control in DC-DC …,1888,https://scholar.google.com/citations?hl=en&user=2lNmcsAAAAAJ
LS Ramachandra,"IIT Kharagpur, India,","Stability of structures, Impact Dynamics",1884,https://scholar.google.com/citations?hl=en&user=MDgJsTwAAAAJ
Koustav Rudra,"Assistant Professor, IIT Kharagpur","Responsible AI, Information Retrieval, AI in Healthcare, NLP, Social Computing",1853,https://scholar.google.com/citations?hl=en&user=t9LUAUQAAAAJ
Ayan Roy Chaudhuri,"Professor, Indian Institute of Technology Kharagpur","Epitaxial Thin films, Nano scale functional materials and …, Memristive materials",1839,https://scholar.google.com/citations?hl=en&user=hfxWoZ0AAAAJ
Partha Roy Chaudhuri,"Professor of Physics, IIT Kharagpur","fiber optics, optoelectronics, Integrated optics, devices",1836,https://scholar.google.com/citations?hl=en&user=QYmLn_oAAAAJ
Papri Chakraborty,"Assistant Professor, Department of Chemistry, IIT Kharagpur","Noble metal clusters, Mass spectrometry, supramolecular chemistry, physical chemistry",1836,https://scholar.google.com/citations?hl=en&user=6dgglaAAAAAJ
Vikranth Racherla,"Professor, Mechanical Engineering, IIT Kharagpur","Constitutive modeling, non-linear homogenization, plasticity",1821,https://scholar.google.com/citations?hl=en&user=2jWvEGkAAAAJ
Dibyendu Kamilya,"Associate Professor, Indian Institute of Technology Kharagpur, India","Fish Health, Aquacultural Environment, Aquaculture Systems",1816,https://scholar.google.com/citations?hl=en&user=-ed-DcgAAAAJ
Sourav Mondal,"Associate Professor, Indian Institute of Technology Kharagpur, India","Transport phenomena, membrane separation, adsorption, microfluidics, nematic liquid crystal",1808,https://scholar.google.com/citations?hl=en&user=klFemNcAAAAJ
Tapas Kumar Bandyopadhyay,"Professor-MME Dept,  Professor incharge IPR and IR,IIT-Kharagpur","Intellectual Property, Physical Metallurgy of Steel, Materials Processing, Biofuel",1803,https://scholar.google.com/citations?hl=en&user=9EV0Cl0AAAAJ
Shreya Ghosh,"Assistant Professor, IIT Kharagpur","Affective Computing, Responsible AI, Deep Learning, Computer Vision",1798,https://scholar.google.com/citations?hl=en&user=nlOQ2CkAAAAJ
JK Jha,"Professor and Head, Industrial & Systems Engineering, Indian Institute of Technology …","Supply chain optimization, Inventory Control, Advanced Operations Research",1789,https://scholar.google.com/citations?hl=en&user=u45wNNcAAAAJ
S. Aich,Indian Institute of Technology Kharagpur,"Smart materials (SMA/FMSMA), Thin Flim, Magnetic materials, Bio-materials, and Surface modifications.",1785,https://scholar.google.com/citations?hl=en&user=_AlDGUsAAAAJ
Dr. Shantonu Roy,"IIT Kharagpur, Researcher","Biohydrogen, thermophiles, algae, biomass, bioethanol",1769,https://scholar.google.com/citations?hl=en&user=eHnnLJYAAAAJ
Manish A. Mamtani,"Professor, Department of Geology & Geophysics, IIT Kharagpur",Geology,1766,https://scholar.google.com/citations?hl=en&user=zJpNpGMAAAAJ
Murali M Bosukonda,"Professor of Electrical Engineering, IIT Kharagpur",Control Systems,1764,https://scholar.google.com/citations?hl=en&user=kwXpDFoAAAAJ
Mintu Halder,"Professor of Chemistry, IIT Kharagpur","Optical Spectroscopy, Optical microscopy, Instrumentation",1762,https://scholar.google.com/citations?hl=en&user=fb2X5VQAAAAJ
Anindya S. Ghosh,Indian Institute of Technology Kharagpur,"microbiology, protein chemistry, PBP, beta-lactamase, antibiotic resistance",1756,https://scholar.google.com/citations?hl=en&user=qpg_V9gAAAAJ
Aniruddha Sengupta,Indian Institute of Technology Kharagpur (India),"Civil Engineering, Geotechnical Engineering, Earthquake Engineering",1743,https://scholar.google.com/citations?hl=en&user=qxC8d_wAAAAJ
Sourangshu Bhattacharya,"Associate Professor, at Dept. Computer Science and Engineering, Indian Institute of …","Machine Learning, Subset Selection, Big Data, Optimization",1740,https://scholar.google.com/citations?hl=en&user=IixRsP0AAAAJ
Somdeb BoseDasgupta,"Associate Professor, Department of Bioscience and Biotechnology, IIT Kharagpur","Host-Parasite interaction, PoC Diagnostics, Host-directed Therapeutics, Drug Repurposing",1738,https://scholar.google.com/citations?hl=en&user=W8ADrVYAAAAJ
Subhadip Dey,"Assistant Professor at Aquacultural Engineering Discipline, Agricultural and Food Eng, IIT …","Microwave and Optical Remote Sensing, Water Quality, Land Use Land Cover, Machine learning",1713,https://scholar.google.com/citations?hl=en&user=buTbWvUAAAAJ
Pragya shukla,"Professor of Physics, Indian Institute of Technology, Kharagpur","Physics, random matrix theory, condensed matter physics",1712,https://scholar.google.com/citations?hl=en&user=81gk0gkAAAAJ
Debaditya Roy,"Faculty@CSE, IIT Kharagpur",Computer Vision Intelligent Transportation …,1710,https://scholar.google.com/citations?hl=en&user=L0Lq-fAAAAAJ
Dr. Sandeep Kumar Reddy,Indian Institute of Technology Kharagpur,"Material interfaces, self-assembly phenomena in supramolecular …, aqueous solutions and",1704,https://scholar.google.com/citations?hl=en&user=uISTfwgAAAAJ
Arun Kumar Majumder,"Indian Institute of Technology (IIT), Kharagpur","Mineral processing, Coal Preparation, Bulk Material Handling, Environmental Engineering",1703,https://scholar.google.com/citations?hl=en&user=WIkF_ToAAAAJ
Nilesh Kumar Shrivastava,Materials Science IIT kharagpur,"Polymers, Nano-materials, Bio-composites",1701,https://scholar.google.com/citations?hl=en&user=zVF8UYsAAAAJ
Manish Bhattacharjee,"Professor of Chemistry, Indian Institute of Technology Kharagpur","Synthetic Inorganic Chemistry, Homogeneous Catalysis, Metal-organic gels",1686,https://scholar.google.com/citations?hl=en&user=gAvHppcAAAAJ
Pranab K Dan,"Indian Institute of Technology, Kharagpur","Engineering Design Process, Product Development & Manufacturing and …",1679,https://scholar.google.com/citations?hl=en&user=HdVSyFgAAAAJ
Dr. Debarghya Chakraborty,"Associate Professor, Department of Civil Engineering, Indian Institute of Technology (IIT) …","Computational Geomechanics, Reinforced Soil Structures, Probabilistic Analysis in Geomechanics, Rock",1679,https://scholar.google.com/citations?hl=en&user=mFuRklAAAAAJ
Vanteru Mahendra Reddy,"Associate Professor, IIT Kharagpur",Combustion and emission control,1678,https://scholar.google.com/citations?hl=en&user=oUI39ggAAAAJ
Dr. Gorachand Dutta,Indian Institute of Technology Kharagpur,"Analytical chemistry, Electrochemical Biosensors, Bio-MEMS, Microfluidics, Lab-on-a-Chip",1667,https://scholar.google.com/citations?hl=en&user=c8qHpkAAAAAJ
Indrajit Chakrabarti,"Professor, Dept. of Electronics and Electrical Communication Engineering, IIT Kharagpur","VLSI Architectures for Video and Image …, Error Control Coding and Communication",1665,https://scholar.google.com/citations?hl=en&user=6lH0th4AAAAJ
Goutam Das,Professor a IIT Kharagpur,Optical Access Networks,1658,https://scholar.google.com/citations?hl=en&user=MrFIdBwAAAAJ
Sreeraj Puravankara,"School of Energy Science & Engineering, IIT Kharagpur energystoragelabii.wixsite.com/my …","Alkali metal ion batteries, Energy Storage, Solid State Chemistry, Na-ion battery, Multi-physics",1657,https://scholar.google.com/citations?hl=en&user=9M9U_jYAAAAJ
Pranab Deb,IIT Kharagpur,"Antarctic Climate, Himalayan Climate, Global Teleconnection, Ice shelf stability",1654,https://scholar.google.com/citations?hl=en&user=Ftl0YU4AAAAJ
manas paliwal,IIT Kharagpur,,1654,https://scholar.google.com/citations?hl=en&user=vferQ7kAAAAJ
Debanjan Das,IIT Kharagpur,"Sensing, Embedded Systems, IoT, Healthcare Technology, Machine learning for health",1650,https://scholar.google.com/citations?hl=en&user=ss7qwk4AAAAJ
Prof. T. Raja Sekhar,"Department of Mathematics, IIT Kharagpur","Lie group analysis, Hyperbolic conservation laws",1643,https://scholar.google.com/citations?hl=en&user=cx46fWcAAAAJ
Amar Nath Gupta,"Associate Professor, IIT Kharagpur","Physics, Biophysics",1635,https://scholar.google.com/citations?hl=en&user=KCnR67AAAAAJ
Kamal Lochan Pruseth,"Associate Professor, Department of Geology & Geophysics, IIT, Kharagpur","Ore Geology, Experimental Petrology, Geochemistry",1631,https://scholar.google.com/citations?hl=en&user=QYyhtsIAAAAJ
Arnab Atta,"Professor, Indian Institute of Technology Kharagpur, Department of Chemical Engineering","Multiphase Systems, CFD, Microfluidics, Process Intensification",1626,https://scholar.google.com/citations?hl=en&user=H9rIc5AAAAAJ
Avik Samanta,Assistant Professor at IIT Kharagpur,"Systems Chemistry, Soft Matter, Protocells, Supramolecular Chemistry, Biomimetic Systems",1625,https://scholar.google.com/citations?hl=en&user=OUINMhUAAAAJ
Lisa Roy,"Assistant Professor, Indian Institute of Technology Kharagpur","Computational Chemistry, Catalysis",1609,https://scholar.google.com/citations?hl=en&user=N8pF5kwAAAAJ
Nirjhar Dhang,"Professor, Department of Civil Engineering, Indian Institute of Technology Kharagpur India","Concrete, Structural Health Monitoring, Biomechanics, Machine Learning",1606,https://scholar.google.com/citations?hl=en&user=0pTdbHsAAAAJ
Dr. Aswini Bera,"PhD, IIT Kharagpur","ENERGY HARVESTING, EMI & STORAGE DEVICES",1555,https://scholar.google.com/citations?hl=en&user=chCDjqAAAAAJ
Ahin Roy,"Indian Institute of Technology, Kharagpur","Functional nanomaterials, DFT, AC-STEM",1554,https://scholar.google.com/citations?hl=en&user=OacpR3AAAAAJ
Partha Bhowmick,"Professor, Computer Science and Engineering, Indian Institute of Technology, Kharagpur","Digital Geometry, Digital Topology, Combinatorial Image Analysis, Computer Graphics, Algorithmic Art",1549,https://scholar.google.com/citations?hl=en&user=ExC8yMUAAAAJ
Neeraj Kumar Goyal,"Subir Chowdhury School of Quality and Reliability, IIT Kharagpur","Probabilistic Risk Assessment, Network Reliability, System Reliability Modeling, Reliability Testing",1549,https://scholar.google.com/citations?hl=en&user=6AERbuMAAAAJ
Vikas Thakur,"Associate Professor, IIT Kharagpur, Kharagpur","waste management (BMW), healthcare services management, Industry 4.0, sustainable supply chain",1549,https://scholar.google.com/citations?hl=en&user=GY1VmOkAAAAJ
Anirban Mukherjee,"Professor of Electrical Engineering, IIT Kharagpur",Signal Processing and Machine Learning,1540,https://scholar.google.com/citations?hl=en&user=GfTZoYEAAAAJ
CHANCHAL K MUKHERJEE,"Assistant Professor, Agricultural & Food Engineering, IIT kharagpur","Fishing Craft & Gear, Aquacultural Engineering",1534,https://scholar.google.com/citations?hl=en&user=uElQGJQAAAAJ
Swambabu Varanasi,Indian Institute of Technology Kharagpur,,1529,https://scholar.google.com/citations?hl=en&user=dd0gRP8AAAAJ
Ronit Mandal,"Assistant Professor, Indian Institute of Technology Kharagpur, India","Computational modeling, Non-thermal Processing, Food Process Engineering, Dairy Processing, AI/ML",1526,https://scholar.google.com/citations?hl=en&user=ioBfILAAAAAJ
Debraj Choudhury,"Associate Professor, Indian Institute of Technology Kharagpur",Condensed Matter Physics,1523,https://scholar.google.com/citations?hl=en&user=Jr9-ZKsAAAAJ
Saumik Bhattacharya,"IIT Kharagpur, India","Computer Vision, Machine Learning",1520,https://scholar.google.com/citations?hl=en&user=8pffuA4AAAAJ
Mrityunjoy Chakraborty (Latest),"Professor, E & ECE, IIT, Kharagpur",Signal Processing,1520,https://scholar.google.com/citations?hl=en&user=15pXJ7cAAAAJ
Bivas Mitra,"Department of Computer Science and Engineering, Indian Institute of Technology …","Social networks, Data science, Socio-mobile applications",1516,https://scholar.google.com/citations?hl=en&user=mQ57itUAAAAJ
Sabyashachi Mishra,IIT Kharagpur,Computational Chemistry,1510,https://scholar.google.com/citations?hl=en&user=1DeS-SIAAAAJ
Joydip Bhattacharjee,"Dept. Ocean Engineering and Naval Architecture, IIT Kharagpur","Water waves, Wave-structure interaction, Wave energy devices",1508,https://scholar.google.com/citations?hl=en&user=28meZBsAAAAJ
Jayeeta Mitra,"Associate Professor, IIT Kharagpur","Encapsulation, Biodegradable packaging, 3D Printing, Food Rheology",1504,https://scholar.google.com/citations?hl=en&user=tSnzMy4AAAAJ
Sonjoy Majumder,"Professor, Department of Physics, Indian Institute of Technology, Kharagpur","Quantum Computing, ultra-cold atom, Light-matter interaction",1499,https://scholar.google.com/citations?hl=en&user=EQMenpkAAAAJ
Vutukuru Vasudeva Rao,"Professor of Cryogenic Engg. centre, IIT Kharagpur","Applied Superconductivity, Cryogenics, Vacuum Technology",1497,https://scholar.google.com/citations?hl=en&user=G5O_ZB8AAAAJ
Abhijeet Chandra,"VGSoM, IIT Kharagpur","Behavioral Finance, Alternative Investments, Asset Pricing, Household Finance",1483,https://scholar.google.com/citations?hl=en&user=gYTIf2gAAAAJ
Meher Wan,"Advanced Technology Development Centre, Indian Institute of Technology- Kharagpur …","Micro/Nano-Fabrication, Nanophotonics, CVD Growth, Sensors, Manufacturing",1477,https://scholar.google.com/citations?hl=en&user=eNjXUHMAAAAJ
Sumit Goswami,Researcher at IIT Kharagpur,"information extraction, machine learning, stylometrics, networks, public key infrastructure",1475,https://scholar.google.com/citations?hl=en&user=Ks_uPocAAAAJ
Koeli Ghoshal,"Professor, Dept. of Mathematics, IIT Kharagpur","Turbulent flow in open/ice-covered channel, Mathematical modelling, Diffusion and dispersion",1471,https://scholar.google.com/citations?hl=en&user=2unWYzgAAAAJ
prashanth reddy Hanmaiahgari,"Professor, Indian Institute of Technology, Kharagpur, India","Unsteady Flows, Hydrodynamics, Turbulence, Sediment Transport, Pipe flows",1460,https://scholar.google.com/citations?hl=en&user=kjnQIFMAAAAJ
Ganesan Mani,"Department of Chemistry, IIT-Kharagpur, India",Chemistry,1460,https://scholar.google.com/citations?hl=en&user=0-w7zBsAAAAJ
Prashant Anand,IIT Kharagpur,"Building Physics, Energy Efficiency, IAQ, Thermal Comfort, Building-Urban Data Analytics",1459,https://scholar.google.com/citations?hl=en&user=y_TowhQAAAAJ
Soumyajit Sarkar,"PhD, School of Environmental Science and Engineering, IIT Kharagpur",Groundwater contamination,1439,https://scholar.google.com/citations?hl=en&user=XNEY1_wAAAAJ
Paresh Nath Singha Roy,"Professor, Indian Institute of Technology, Kharagpur",Geophysics,1434,https://scholar.google.com/citations?hl=en&user=FVc5mWoAAAAJ
Nishant Chakravorty,"Associate Professor, School of Medical Science & Technology, IIT Kharagpur, India","Molecular Biology, Gene Regulation, Cell Signaling, Regenerative Medicine, Beta-thalassemia",1429,https://scholar.google.com/citations?hl=en&user=J8eDbqMAAAAJ
Sharba Bandyopadhyay,"Associate Professor, IIT Kharagpur","Auditory Neuroscience, Learning, Perception",1426,https://scholar.google.com/citations?hl=en&user=QKjgsvkAAAAJ
Kanchan Chowdhury,Former Professor of Indian Institute of Technology Kharagpur India,"Cryogenic Liquefaction and Air Separation, Heat Exchanger, Fire in oxygen systems, LNG Technology",1415,https://scholar.google.com/citations?hl=en&user=xPrJ3OcAAAAJ
Sankha Deb,"Associate Professor of Mechanical Engineering, Indian Institute of Technology Kharagpur","Computer Integrated Manufacturing, Flexible Manufacturing Systems, Automation and Robotics",1409,https://scholar.google.com/citations?hl=en&user=mx6BXCcAAAAJ
Dr. Tarun Kumar Kundu,"Professor, Metallurgical and Materials Engineering, IIT Kharagpur","Atomistic Simulation, Extractive Metallurgy, Mineral Processing",1401,https://scholar.google.com/citations?hl=en&user=kJpRiZ8AAAAJ
Joydeep Banerjee,"Assistant Professor, Department of Agricultural and Food Engineering, Indian Institute of …","Plant molecular biology, gene expression, Promoter analysis",1397,https://scholar.google.com/citations?hl=en&user=_MaLUpIAAAAJ
Debasish Datta,"Professor (Retired), IIT Kharagpur, India",Optical Networks,1388,https://scholar.google.com/citations?hl=en&user=zIcC_tMAAAAJ
Dilip Kumar Baidya,Professor of Civil Engineering Department Indian Institute of Technology Kharagpur,"soil dynamics, machine foundation, pile foundations, reliability, geotechnical",1386,https://scholar.google.com/citations?hl=en&user=0SyR7WcAAAAJ
Dr. Debashree Guha,"Associate Professor, SMST IIT Kharagpur","Uncertainty modelling, multi-criteria decision making, Fuzzy logic, Aggregation operators",1378,https://scholar.google.com/citations?hl=en&user=tD8YpZUAAAAJ
Amit Shaw,Indian Institute of Technology Kharagpur,"computational mechanics, impact mechanics, nano-composite armours",1376,https://scholar.google.com/citations?hl=en&user=DzPuAZgAAAAJ
Kamal L. Panigrahi,"Professor, at the Dept of Physics, IIT Kharagpur",String Theory,1368,https://scholar.google.com/citations?hl=en&user=YURvG_gAAAAJ
Anindya Sundar Dhar,"Professor, Dept. of Electronics & Electrical Commun. Engg., Indian Institute of Technology …",VLSI Architecture Design,1362,https://scholar.google.com/citations?hl=en&user=wMIydycAAAAJ
Kishor Goswami,"Professor of Economics, Dept of HSS, IIT Kharagpur","Development Economics (informal economy, micro-entrepreneurship, Agricultural and Resource Economics",1360,https://scholar.google.com/citations?hl=en&user=oGoNAaIAAAAJ
Akhilesh Kumar,"Department of Industrial & Systems Engineering, IIT Kharagpur India",,1358,https://scholar.google.com/citations?hl=en&user=L5nZhw8AAAAJ
Subhash Chandra,"PhD, IIT Kharagpur, Assistant Professor, GITAM University, Visakhapatnam","Environmental remediation, biochar, pyrolysis, Green Graphene and Emerging …",1349,https://scholar.google.com/citations?hl=en&user=ncKTYKYAAAAJ
Nirmalya Bag,"Assistant Professor, Indian Institute of Technology Kharagpur","Fluorescence Spectroscopy, Membrane Biophysics",1347,https://scholar.google.com/citations?hl=en&user=pZoum1QAAAAJ
Sourav Patra,"Associate Professor, Department of Electrical Engineering, Indian Institute of Technology …","Robust control, Nonlinear control",1344,https://scholar.google.com/citations?hl=en&user=y9KU-zsAAAAJ
Nirmalya Ghosh,"Electrical Engineering, Indian Institute of Technology, Kharagpur","Medical Image Analysis, Image Processing, Artificial Intelligence",1336,https://scholar.google.com/citations?hl=en&user=-NZyzXcAAAAJ
Dipankar Bain,"NPDF at IIT KGP, Postdoc from Yonsei University and CNRS(iLM Lyon), RA-I&II(INST), PhD …","Functional Nanomaterials, Nanoclusters, Fluorescence Spectroscopy.",1336,https://scholar.google.com/citations?hl=en&user=bz9bktMAAAAJ
Tirtha Sankar Ray,"Indian Institute of Technology Kharagpur, India",High Energy Physics,1334,https://scholar.google.com/citations?hl=en&user=KvNuLaEAAAAJ
Dheeman Chatterjee,Assistant Professor of Indian Institute of Technology Kharagpur,Power System Dynamics,1331,https://scholar.google.com/citations?hl=en&user=DmIS-5YAAAAJ
Sujoy Ghosh,"Associate Professor, IIT Kharagpur","Experimental petrology, Mineral physics, Mantle Petrology, Mantle xenoliths, Meteorites",1323,https://scholar.google.com/citations?hl=en&user=Qrakjb8AAAAJ
Arnab Roy,"Professor, Dept of Aerospace Engg, IIT Kharagpur","Aerodynamics, CFD, Propulsion",1323,https://scholar.google.com/citations?hl=en&user=_3lVR9sAAAAJ
Suverna Trivedi,"Assistant Professor Chemical Engineering, IIT-KGP","Sustainable material, Energy material, Climate Change, Heterogeneous catalysis",1322,https://scholar.google.com/citations?hl=en&user=67eqo7YAAAAJ
Suman Patra PhD (IIT Kharagpur),Indian Institute of Technology (IIT) Kharagpur,"Groundwater Hydrology, Climate Change, Remote sensing & GIS, Sustainable Development, Agriculture and Environment",1321,https://scholar.google.com/citations?hl=en&user=aQ_uVwwAAAAJ
Dr. Pratap Kumar Parida,"Post-Doctoral Fellow, Indian Institute of Technology, Kharagpur","Computational Chemistry, Computational Biology, Molecular Modeling, Drug Discovery, AI/ML",1314,https://scholar.google.com/citations?hl=en&user=hAT-ah4AAAAJ
Indranil Ghosh,"Cryogenic Engineering Centre, IIT Kharagpur",,1306,https://scholar.google.com/citations?hl=en&user=3uHkU58AAAAJ
Chirodeep Bakli,"Associate Professor, IIT Kharagpur","Microfluidics and Nanofluidics, Interfacial Physics, Building Energy, Renewable Energy, Solar & Wind",1295,https://scholar.google.com/citations?hl=en&user=cBwTBoQAAAAJ
Sanjeev Kumar Srivastava,IIT Kharagpur,,1295,https://scholar.google.com/citations?hl=en&user=fXD4-PcAAAAJ
Tridib Kumar Sinha,"Post doc, Microscience Laboratory, Dept. of Physics, IIT Kharagpur","2D materials, Sensors, Photovoltaic, Piezoelectric, Thermoelectric",1287,https://scholar.google.com/citations?hl=en&user=9hh43MkAAAAJ
Kanishka Bhunia,Assistant Professor (IIT KGP),"Food Packaging, Food Engineering, Food Safety",1277,https://scholar.google.com/citations?hl=en&user=4ymBw88AAAAJ
Srutee Rout,"Institute Post-Doctoral Fellow, IIT Kharagpur (Department of Chemical Engineering)","Plant Protein Modification, Cold Plasma, Plant-Based Meat, Extrusion Processing, Drying Technology",1267,https://scholar.google.com/citations?hl=en&user=JC3fWsoAAAAJ
Arnab Dutta,Post Doctoral Researcher at IIT Kharagpur,Polymeric Materials and Its applications in …,1260,https://scholar.google.com/citations?hl=en&user=mxU4QAcAAAAJ
Arkopal K Goswami,Indian Institute of Technology Kharagpur,Transportation Infrastructure Planning and …,1248,https://scholar.google.com/citations?hl=en&user=0Ts1wzoAAAAJ
Chandra Chowdhury,"Assistant Professor, Department of Chemistry, IIT Kharagpur","Computational Materials Science, Machine Learning, Quantum Computing",1242,https://scholar.google.com/citations?hl=en&user=t3spRWIAAAAJ
Parthasarathi Ghosh,"Professor of Cryogenic Engineering. Indian Institute of Technology, Kharagpur","Cryogenic Process simulation, Equipment design, Two-phase flow: Cavitation, Transfer lines",1232,https://scholar.google.com/citations?hl=en&user=Tw9RFUMAAAAJ
gourhari jana,"Department of Chemistry, IITKGP","Theoretical & Computational Chemistry, DFT/CDFT/TDDFT, Catalysis/Aromaticity/NMR/Magnetism …, Machine learning an",1232,https://scholar.google.com/citations?hl=en&user=4NKlbKMAAAAJ
Abhishek Kumar Rai,"Faculty, CORAL, IIT Kharagpur","Earth System Science, Geospatial, Natural Hazards & Disasters, Geothermal & Hydrogeology",1231,https://scholar.google.com/citations?hl=en&user=w_-EnvkAAAAJ
Dr. Hemant Singh,"Indian Institute of Technology, Kharagpur","Environmental remediation, Wastewater treatment technologies, Adsorption and catalysis, biogas",1230,https://scholar.google.com/citations?hl=en&user=tzMGlgUAAAAJ
Dr. Gayatri Mishra,Assistant Professor at Indian Institute of Technology Kharagpur,"Non-destructive technologies for food safety …, Grain Storage, Machine Learning, Microwave",1228,https://scholar.google.com/citations?hl=en&user=JBjWcyQAAAAJ
Dr. Nelakanti Gnaneshwar,Indian Institute of Technology Kharagpur,"Integral equations, Eigenvalue problems, differential equations, Numerical functional analysis",1227,https://scholar.google.com/citations?hl=en&user=07OaAMgAAAAJ
Somesh Kumar,"Professor of Mathematics, Indian Institute of Technology Kharagpur","Statistical Inference, Decision Theory, Estimation, Quantum Entanglement, Orthogonal arrays",1221,https://scholar.google.com/citations?hl=en&user=Y7wWnEMAAAAJ
SABYASACHI MAITI,"Associate Professor of Geology and Geophysics, Indian Institute of Technology Kharagpur","Geomorphology, Mineral Exploration, shoreline change, Remote Sensing, Digital image processing",1216,https://scholar.google.com/citations?hl=en&user=Rzxt6N8AAAAJ
Sudipta Mahapatra,"Professor, E & ECE, IIT Kharagpur","Parallel and Distributed Computing, Optical and Wireless Networking, Multimedia",1207,https://scholar.google.com/citations?hl=en&user=wc2nDy0AAAAJ
Sudhansu S. Mandal,"Professor, Indian Institute of Technology Kharagpur",Theoretical Condensed Matter Physics,1201,https://scholar.google.com/citations?hl=en&user=yudqDWcAAAAJ
Niharika Sahoo,"Rajiv Gandhi School of IP Law, IIT Kharagpur, India","Patent, Trademark, Geographical Indication, Pharmaceutical regulation",1198,https://scholar.google.com/citations?hl=en&user=2qy7fyQAAAAJ
Debashis Sen,"Department of Electronics and Electrical Communication Engineering, Indian Institute of …","Vision, Image and Video Processing, Uncertainty Handling, Deep Learning",1187,https://scholar.google.com/citations?hl=en&user=21WQYGYAAAAJ
Poonam Sundriyal,"INAE Young Associate, Assistant Professor, IIT Kharagpur","Additive Manufacturing, Energy Storage, Flexible Electronics, Printed Electronics",1186,https://scholar.google.com/citations?hl=en&user=PDth8gUAAAAJ
Prasanta Jana,"Senior Project Associate , CRB Research Group, DMME, IIT KHARAGPUR","Porous Materials, Radionuclide Traps, Thermal Energy Storage, Extractive Metallurgy and Recycling",1179,https://scholar.google.com/citations?hl=en&user=53BhU-oAAAAJ
Budhaditya Mukherjee,"Assistant Professor, SMST, IIT Kharagpur","host parasite interaction, cell biology, immunology, parasitology, cell biology",1174,https://scholar.google.com/citations?hl=en&user=8bV7mn8AAAAJ
Ravikant Vadlamani,"Professor, Indian Institute of Technology Kharagpur","Isotope geology and geochronology, petrology, crustal evolution",1168,https://scholar.google.com/citations?hl=en&user=SAJrjdoAAAAJ
Somenath Ganguly,"Chemical Engineering, Indian Institute of Technology, Kharagpur","Microencapsulation, Electrode modification for battery",1158,https://scholar.google.com/citations?hl=en&user=sk7ygkwAAAAJ
Ashish R. Hota,"Associate Professor, Indian Institute of Technology (IIT), Kharagpur","Game Theory, Optimization, Control, Network Science, Stochastic Systems",1153,https://scholar.google.com/citations?hl=en&user=-1JNOTIAAAAJ
Titash Mondal,Indian Institute of Technology Kharagpur,"Rubber, Flexible sensor, Triboelectric Nanogenerators, Nanocomposites",1152,https://scholar.google.com/citations?hl=en&user=xHM-DnYAAAAJ
Somak Aditya,"Assistant Professor, IIT Kharagpur","Knowledge Representation, Commonsense Reasoning, Natural Language Processing, Natural Language Understanding, Visual Reasoning",1147,https://scholar.google.com/citations?hl=en&user=2shiHpwAAAAJ
Sandeep D. Kulkarni,"Associate Professor, IIT Kharagpur, India","Drilling & fracturing fluids, EOR, Carbon geo-storage, Geothermal energy",1146,https://scholar.google.com/citations?hl=en&user=4Yell1EAAAAJ
Vinay Yadav,"Assistant Professor, Indian Institute of Technology Kharagpur",Environmental Systems Modeling,1135,https://scholar.google.com/citations?hl=en&user=cIHjQjUAAAAJ
Dr. Suraj Konar,"PhD from IIT Kharagpur, Assistant Professor (Sr. scale) in Dept of Chemistry, Munger …","Nanomaterials, Catalysis, Sensing, protein fibrillation, drug delivery",1133,https://scholar.google.com/citations?hl=en&user=QAFvEuAAAAAJ
Ankush Bag,Indian Institute of Technology Kharagpur,"Wide-bandgap Semiconductors, Power Devices, Photodetectors, Epitaxial Growth, Ga2O3",1129,https://scholar.google.com/citations?hl=en&user=bKP5Gl0AAAAJ
Utkalika Satapathy,"Research Scholar, IIT Kharagpur","Systems, Provenance Tracking, Blockchain",1126,https://scholar.google.com/citations?hl=en&user=bqyCK7cAAAAJ
Sonali Sengupta,"Professor of Chemical Engineering, IIT Kharagpur","Catalysis, Reaction Engineering, Petroleum Fuel processing",1125,https://scholar.google.com/citations?hl=en&user=Ekp3_zUAAAAJ
Sandeep Kumar Singh,IIT Kharagpur,"RFID in Supply chain and warehouse, Blockchain",1121,https://scholar.google.com/citations?hl=en&user=yzclVtwAAAAJ
Subhadip Mukherjee,"Assistant Professor, Department of E&ECE, IIT Kharagpur, India","Machine Learning, Inverse Problems in Imaging, Optimization",1111,https://scholar.google.com/citations?hl=en&user=a4UlE_MAAAAJ
Dr. Neelima Kaushik Shandilya,Indian Institute of Technology Kharagpur,,1107,https://scholar.google.com/citations?hl=en&user=Onf486UAAAAJ
Sankhaneel Sinha,"Assistant Professor, IIT Kharagpur","Rock Mechanics, Numerical Modeling",1105,https://scholar.google.com/citations?hl=en&user=-G5k63kAAAAJ
Dr. Ajithkumar M,"Postdoctoral Researcher, IIT Kharagpur || Assistant Professor, Amrita Vishwa Vidyapeetham …","Bio Fluid dynamics, Peristaltic Transport, Heat and Mass Transfer, Boundary Layer Theory",1105,https://scholar.google.com/citations?hl=en&user=xXIV1AgAAAAJ
Mohammad Saud Afzal,Indian Institute of Technology Kharagpur,"Computational Fluid Dynamics, Coastal Engineering, Hydraulic Engineering, Ocean Engineering",1102,https://scholar.google.com/citations?hl=en&user=f34uj7UAAAAJ
Tisha Dixit,"Cryogenic Engineering Centre, IIT Kharagpur",,1099,https://scholar.google.com/citations?hl=en&user=_rjBoeoAAAAJ
Jenia Mukherjee,"Associate Professor, Department of Humanities and Social Sciences, IIT Kharagpur","Environmental History, Political Ecology, Urban Studies, Transdisciplinary Waters",1097,https://scholar.google.com/citations?hl=en&user=amRm6QoAAAAJ
Riddhiman Dhar,"Assistant Professor, IIT Kharagpur","Systems Biology of disease, Drug resistance evolution",1096,https://scholar.google.com/citations?hl=en&user=ymwPdJwAAAAJ
Samudra Roy,"Dept of Physics, IIT Kharagpur",Nonlinear Optics,1088,https://scholar.google.com/citations?hl=en&user=EIzhNmMAAAAJ
Debapratim Pandit,"Department of Architecture and Regional Planning, IIT Kharagpur","Urban and Regional Planning, Transportation Planning, Urban Informatics, Urban Infrastructure Planning",1082,https://scholar.google.com/citations?hl=en&user=ammjCRUAAAAJ
Dr. Sourabh Arora,"IIT, Kharagpur","Consumer Behaviour, Showrooming, Webrooming",1080,https://scholar.google.com/citations?hl=en&user=98Jv37oAAAAJ
Prabina Rajib,"Professor, Vinod Gupta School of Management, IIT Kharagpur, DIRCETOR (BIMTECH)","Commodity Derivatives, Financial Accounting, Indian Capital Market",1074,https://scholar.google.com/citations?hl=en&user=nC1W05cAAAAJ
Priyabrata Pradhan,"Assistant Professor Grade I, Indian Institute of Technology Kharagpur","Bioenergy, Agricultural Engineering, Ergonomics & Safety",1059,https://scholar.google.com/citations?hl=en&user=KGeZWuAAAAAJ
Ashutosh Mohanty,"Assistant Professor, Indian Institute of Technology Kharagpur","Quantum Dots, Nanomaterials for Schools, STEM Education, Chemistry & Neuro Pedagogy, EdTech",1059,https://scholar.google.com/citations?hl=en&user=Ve-wiEkAAAAJ
Venkataraman Ganesh,"Associate Professor of Chemistry, IIT Kharagpur","Organic Chemistry, Metal Catalysis, Boron Chemistry and Radical Chemistry",1058,https://scholar.google.com/citations?hl=en&user=JhLxJ6wAAAAJ
"Himarati Mondal, PhD","Postdoctoral Fellow, Indian Institute of Technology Kharagpur","Polymer Chemistry, Drug delivery, Fluorescence based Sensing",1054,https://scholar.google.com/citations?hl=en&user=bVwYoSgAAAAJ
Partha Pratim Jana,"Associate Professor, IIT Kharagpur","Solid State Chemistry, Crystallography",1051,https://scholar.google.com/citations?hl=en&user=jNecUS8AAAAJ
Deepak Reddy Pullaguram,Indian Institute of Technology Kharagpur,"Renewable Energy, Microgrids, Distributed Control, Power System Optimization, Power System Dynamics",1040,https://scholar.google.com/citations?hl=en&user=kCmqEtsAAAAJ
Sarani Bhattacharya,Indian Institute of Technology Kharagpur,"Computer Architecture, Micro-architectural security, Hardware Security, Secure systems",1038,https://scholar.google.com/citations?hl=en&user=MYJwVyAAAAAJ
Pritha Datta,"Assistant Professor, Indian Institute of Technology Kharagpur","Climate Change, Adaptation, Wellbeing, Sustainability",1037,https://scholar.google.com/citations?hl=en&user=aIfTtUwAAAAJ
Alok Kanti Deb,"Professor of Electrical Engineering, IIT Kharagpur","Computational Intelligence, Control Systems, Fault Diagnosis",1036,https://scholar.google.com/citations?hl=en&user=wkEq5s4AAAAJ
Anurima De,"PhD student, IIT Kharagpur","Conducting polymer composite, EMI shielding",1034,https://scholar.google.com/citations?hl=en&user=VZdoLJUAAAAJ
Akash Kumar,"IIT Kharagpur, Kharagpur","Spintronics, Magnetism, Nano-fabrication, spin Hall nano-oscillators, Unconventional computing",1033,https://scholar.google.com/citations?hl=en&user=4U426k4AAAAJ
Dr. Santanu Panda,"Assistant Professor, IIT Kharagpur, India","Organometallic chemistry, Asymmetric Synthesis, Total Synthesis",1024,https://scholar.google.com/citations?hl=en&user=Ndhj7KsAAAAJ
"GURJEET SINGH, PhD","School of Water Resources, Indian Institute of Technology Kharagpur","Water Resources, Soil Moisture, Microwave Remote Sensing, Geoinformatics, IoT techniques",1019,https://scholar.google.com/citations?hl=en&user=2o3SNQoAAAAJ
Dibyendu Samanta,"Associate Professor, Indian Institute of Technology Kharagpur, India","Molecular and Structural Biology, Protein Engineering & Protein-based …",1018,https://scholar.google.com/citations?hl=en&user=Oi5bXI4AAAAJ
Pooja Pandey,"Research Scholar, IIT Kharagpur and The University of Melbourne","Cereal Processing, Microencapsulation, Food Product Development",1018,https://scholar.google.com/citations?hl=en&user=GwC4anMAAAAJ
Nikita Saxena,"Assistant Professor, IIT Kharagpur","Process Digitalization, Control and Automation, AI-ML, Smart manufacturing",1010,https://scholar.google.com/citations?hl=en&user=kAlD-pQAAAAJ
Debabrata Mandal,"University of Texas (Postdoc), Bar-Ilan Unversity (Postdoc), IIT Kharagpur (PHD)","Energy Device, Sensor, 2D-materials, Printed Electronics, Nanotechnology",1010,https://scholar.google.com/citations?hl=en&user=IWhS83cAAAAJ
Rathindranath Maiti,"Professor of Mechanical Engineering, IIT Kharagpur","Machine Design, Gear Engineering, Mechanical & Hydrostatic Transmission",1008,https://scholar.google.com/citations?hl=en&user=WwTCGoQAAAAJ
Arnab Sarkar,"Professor, ATDC, IIT Kharagpur, India",Real-time Embedded Systems,1007,https://scholar.google.com/citations?hl=en&user=dwRVa9EAAAAJ
Atul Jain,"Indian Institute of Technology, Kharagpur","Composites, Fatigue, Damage, Mean field homogenization, metamaterials",1006,https://scholar.google.com/citations?hl=en&user=2PQD-JMAAAAJ
Dr. MKRao,"Department of Humanities & Social Sciences, IIT Kharagpur",HR,1006,https://scholar.google.com/citations?hl=en&user=caKXaWIAAAAJ
Melinda Kumar Bera,IIT Kharagpur,Geology & Geophysics,999,https://scholar.google.com/citations?hl=en&user=V8rUDzMAAAAJ
Tarak Nath Mazumder,"Assistant Professor, Department of Architecture and Regional Planning, IIT Kharagpur","Urban Planning, Transportation Planning, Environmental planning",994,https://scholar.google.com/citations?hl=en&user=gqH2KagAAAAJ
Jibesh Patra,"Assistant Professor, Computer Science, Indian Institute of Technology Kharagpur","Software Engineering, Programming Languages, AI for SE",988,https://scholar.google.com/citations?hl=en&user=ITkHkhsAAAAJ
Shreya Pal,"Indian Institute of Technology, Kharagpur; Indian Institute of Plantation Management …","International Financial Economics, Macroeconomics, Energy Economics, Environment Economics",982,https://scholar.google.com/citations?hl=en&user=LnmEcrkAAAAJ
Jayanta Chakraborty,Indian Institute of Technology,"Copper nano materials, Population Balance Modeling, Discrete Element Method",973,https://scholar.google.com/citations?hl=en&user=cdXw0GkAAAAJ
G. Harikrishnan,Indian Institute of Technology Kharagpur,Soft Matter,973,https://scholar.google.com/citations?hl=en&user=p6whCHoAAAAJ
Nilanjan Das Chakladar,Indian Institute of Technology Kharagpur,"Composites manufacturing, Process Modelling, Machining, Textile composites",966,https://scholar.google.com/citations?hl=en&user=0dAqkqwAAAAJ
Bhowmick Bhaskar.,"Associate Professor, IIT Kharagpur","Firm environment &Leadership strategies, Technology Innovation & Sustainability",962,https://scholar.google.com/citations?hl=en&user=2wgDcT8AAAAJ
Sankaran Ramesh,"Assistant Professor, Indian Institute of Technology, Kharagpur","Ultrafast Spectroscopy, Light-Matter Interactions, Chirality",962,https://scholar.google.com/citations?hl=en&user=4Bk6g1YAAAAJ
Probal Sengupta,"Associate Professor, Department of Geology & Geophysics, IIT Kharagpur","Seismology, Geophysical prospecting",961,https://scholar.google.com/citations?hl=en&user=Xe7_8PIAAAAJ
Apurba Das,"Department of Mathematics, IIT Kharagpur","Non-associative algebras, Cohomology, Rota-Baxter algebras, Homotopy algebras, Yang-Baxter equation",955,https://scholar.google.com/citations?hl=en&user=78CrUfYAAAAJ
Plaban Kumar Bhowmik,"Associate Professor, IIT Kharagpur","Artificial Intelligence, Natural Language Processing, Education Technology, HCI",949,https://scholar.google.com/citations?hl=en&user=75gf4R8AAAAJ
Kacoli Sen,Indian Institute of Technology Kharagpur,Nanomedicine and Cancer Biology,947,https://scholar.google.com/citations?hl=en&user=9ZfbWjgAAAAJ
Brajesh Kumar Panda (Ph.D.),"Assistant Professor, IIT Kharagpur","Post harvest engineering, Microwave processing, Grain chemistry, Non destructive quality estimation",946,https://scholar.google.com/citations?hl=en&user=5CMlwvMAAAAJ
Pradip Kumar Chakraborty,"Assistant Professor, Department of Chemistry, Indian Institute of Technology Kharagpur …",Functional Inorganic Materials involving …,945,https://scholar.google.com/citations?hl=en&user=MlW8YXYAAAAJ
Dr. Vishnu Chandrasekharan Nair,"Assistant Professor, Indian Institute of Technology Kharagpur (IITKGP)","Gas hydrates, Unconventional energy sources, Energy and Environment",937,https://scholar.google.com/citations?hl=en&user=64tV51MAAAAJ
Sujoy Bag,"MS (IIT Kharagpur) | Visiting Scholar (Heriot-Watt University, Edinburgh)","E-Business, Data Science, Recommender System",930,https://scholar.google.com/citations?hl=en&user=v-RvTvsAAAAJ
Subrata Chattopadhyay,IIT Kharagpur,"urban planning, housing",925,https://scholar.google.com/citations?hl=en&user=qDJhG4UAAAAJ
Mihir Kumar Dash,"Associate Professor, IIT Kharagpur, India","Oceanography, climate change, Cryospheric studies, Moonsoon studies, Remote Sensing",919,https://scholar.google.com/citations?hl=en&user=J0rzWLoAAAAJ
Anjali Gera Roy,"Professor of English, Dept of HSS, IIT Kharagpur 721 302","Literary, Cultural, Film, Music, Media Studies",913,https://scholar.google.com/citations?hl=en&user=py1aLHwAAAAJ
Jayasree Joshi T,Indian Institute of Technology Kharagpur,"Grain Processing and storage, Millet Processing, Post Harvest Engineering",903,https://scholar.google.com/citations?hl=en&user=U2xmvQQAAAAJ
Bhupendra M Ghodki,"Assistant Professor Grade I, Indian Institute of Technology Kharagpur","Cryogenic Grinding, Discrete Element Modeling, Particle Technology, Food Process Engineering",898,https://scholar.google.com/citations?hl=en&user=uxR67MkAAAAJ
Narayan Chandra Nayak,IIT Kharagpur,"Macro and Development Economics, Public Policy",897,https://scholar.google.com/citations?hl=en&user=CTEVT7cAAAAJ
Abhijit Das,"Professor, Department of Computer Science and Engineering, IIT Kharagpur","Computational Number Theory, Cryptography, Cryptanalysis, Parallel Implementations",894,https://scholar.google.com/citations?hl=en&user=b_SfaMUAAAAJ
Kaustubh  Hiware,"B.Tech+M.Tech Computer Science, Indian Institute of Technology Kharagpur (2019)","Machine Learning, Natural Language Processing, Social Computing",891,https://scholar.google.com/citations?hl=en&user=9iIiFjMAAAAJ
Venkata Naga Vamsi Munagala,"Assistant Professor, Indian Institute of Technology Kharagpur (IIT-KGP)","Thermal Spray Coatings, Metal Matrix Composites, Electrodeposition, Tribology, Corrosion",890,https://scholar.google.com/citations?hl=en&user=8oS0DDsAAAAJ
Debapriya Patra Karmakar,"PhD, Mechanical Engineering Department, IIT Kharagpur","Laser Material Processing, Laser Cladding, Laser Surface Modification",890,https://scholar.google.com/citations?hl=en&user=7S2ukucAAAAJ
Anindya Sundar Dhar,"Dept. of E&ECE, Indian Institute of Technology, Kharagpur",VLSI Design,889,https://scholar.google.com/citations?hl=en&user=92Yu49YAAAAJ
Vidhi Gupta,"Prime Minister Research Fellow, IIT Kharagpur","Active Food Packaging, Biomass Conversion, Green Extraction, Food Science & Technology",886,https://scholar.google.com/citations?hl=en&user=03hQjK8AAAAJ
Sangeetha Karunanithi,Indian Institute of Technology Kharagpur,"Food processing and preservation, Cold Plasma, Extraction, Valorization, Product Development",881,https://scholar.google.com/citations?hl=en&user=rchw1BYAAAAJ
AZHAN AHMAD,"Research Scholar, Department of Civil Engineering, IIT Kharagpur, Post Doc Fellow, ESED …","Emerging contaminants, Bioelectrochemical systems, Electrocoagulation, Wastewater, Resource recovery",877,https://scholar.google.com/citations?hl=en&user=h0jdkgoAAAAJ
Koustuv Ray,Indian Institute of Technology Kharagpur,"Catalyst development, process modelling and simulation, machine learning and catalysis",876,https://scholar.google.com/citations?hl=en&user=6mO6kvYAAAAJ
Sarath Raj,"CORAL, Indian Institute of Technology Kharagpur",Urban Meteorology,876,https://scholar.google.com/citations?hl=en&user=xvlwQlkAAAAJ
Dr. Lalatendu Nayak,IIT- Kharagpur,"conductive polymer composite, blend, nanocomposite",875,https://scholar.google.com/citations?hl=en&user=3gnAQQkAAAAJ
Krishna Kant Pandey,"Post doctoral Fellow, Indian Institute of Technology Kharagpur","Surface Engineering, Coatings Technology",871,https://scholar.google.com/citations?hl=en&user=MYMGMgMAAAAJ
Manik Das Adhikari,"Research Scholar, Dept. of Geology & Geophysics, IIT Kharagpur","Multi-hazard, Vulnerability, Risk, Remote Sensing, GIS",870,https://scholar.google.com/citations?hl=en&user=GKzq5V4AAAAJ
Kiran R Gore,IIT Kharagpur,"Nucleic Acid Chemistry, siRNA and ASO, G-quadruplex, carbohydrate chemistry, organic synthesis",870,https://scholar.google.com/citations?hl=en&user=wC_MoCAAAAAJ
Dr Madhusudan Sau,IIT Kharagpur  Dept of Chemical Engineering,Area of Interest : Petroleum Refining and Bio …,869,https://scholar.google.com/citations?hl=en&user=BSrjOf4AAAAJ
Aritri Bir,"Assistant Professor, Dr. BC Roy Multispeciality Medical Research Centre, IIT, Kharagpur","Neurochemistry, Clinical Biochemistry, Biochemistry, Mitochondrial pathology",865,https://scholar.google.com/citations?hl=en&user=8eikQsoAAAAJ
Amitabha Bhattacharya,"Professor , Electronics & Electrical Communication engineering, IIT Kharagpur","microwave imaging, high power microwaves, ground penetrating radar",864,https://scholar.google.com/citations?hl=en&user=AujyiEEAAAAJ
Archana Shukla,"Assistant Professor, School of Nanoscience and Technology, IIT Kharagpur","Nanomaterials, Dielectric and Ferroelectric nanomaterials, Energy harvesting nanomaterials",862,https://scholar.google.com/citations?hl=en&user=GnCJX0UAAAAJ
Dipanjan Kumar Dey,"Assistant Professor, Vinod Gupta School of Management, IIT Kharagpur","Consumer Behavior, Marketing Analytics, Sustainability Marketing",862,https://scholar.google.com/citations?hl=en&user=k6mMa1kAAAAJ
Jeevanjyoti Chakraborty,"Associate Professor, Department of Mechanical Engineering, Indian Institute of Technology …","Solid Mechanics, Chemo-mechanics, Batteries, Electrokinetics, Fluid Mechanics",861,https://scholar.google.com/citations?hl=en&user=C6Qb0s0AAAAJ
Arpan Hota,Assistant Professor at IIT Kharagpur,"power electronics and drives, renewable energy, multilevel converter, DC/DC converter",861,https://scholar.google.com/citations?hl=en&user=VhtadZcAAAAJ
Rhitamvar Ray,"Project Engineer, Civil Engineering Department, IIT Kharagpur","Climate modelling, WRF, Chimere",861,https://scholar.google.com/citations?hl=en&user=iXHQs2EAAAAJ
Rajiv Ranjan Sahay,"Department of Electrical Engineering, IIT Kharagpur","Image Processing, Computer Vision, Multimedia",854,https://scholar.google.com/citations?hl=en&user=0EEQNr4AAAAJ
Swanand Khare,"Assistant Professor, Deaprtment of Mathematics, IIT Kharagpur","Computational linear algebra, Matrix polynomials, Distance problems",852,https://scholar.google.com/citations?hl=en&user=tnzbgNwAAAAJ
Amrita Sen,Indian Institute of Technology Kharagpur,,852,https://scholar.google.com/citations?hl=en&user=i4tQqtUAAAAJ
Sudha Agrahari,Indian Institute of Technology Kharagpur,"Modelling and Inversion, Airborne Electromagnetics",849,https://scholar.google.com/citations?hl=en&user=xgpHLygAAAAJ
Soumya De,"Associate Professor, IIT Kharagpur, India","Structural biology, Biochemistry, Proteins, NMR, Transcription Factors",836,https://scholar.google.com/citations?hl=en&user=PWHL9gkAAAAJ
"Sabyasachi Mukhopadhyay, Ph.D.","Teaching Fellow, Department of Computer Science and Engineering, IIT Kharagpur","Explainable AI, Machine Learning, Business Analytics, Healthcare Analytics, Federated Learning",835,https://scholar.google.com/citations?hl=en&user=QMehz3gAAAAJ
"Sabyasachi Mukhopadhyay, Ph.D.","Teaching Fellow, Department of Computer Science and Engineering, IIT Kharagpur","Explainable AI, Machine Learning, Business Analytics, Healthcare Analytics, Federated Learning",835,https://scholar.google.com/citations?hl=en&user=riMLn_YAAAAJ
Subrata Ghosh,Indian Institute of Technology Kharagpur,"Perovskite Solar Cells, Energy Materials",833,https://scholar.google.com/citations?hl=en&user=wjMShlMAAAAJ
Dr. Rajiv. N. Rai,"Associate Professor, Subir Chowdhury School of Quality and Reliability, IIT Kharagpur","Reliability and Maintenance Engineering, Repairable Systems Reliability Analysis, Quality Engineering and Management, Machine Di",829,https://scholar.google.com/citations?hl=en&user=CqER5BMAAAAJ
Tapas Debsharma,Assistant Professor at Indian Institute of Technology Kharagpur,"Sustainable polymers, Covalent adaptable network, Reshapable composites, Carbohydrate polymers",827,https://scholar.google.com/citations?hl=en&user=IrMwBiEAAAAJ
Hemakesh Mohapatra,"Indian Institute of Technology, Kharagpur","Polymer Chemistry, Material Science",823,https://scholar.google.com/citations?hl=en&user=MNKHFvkAAAAJ
Prof. Pratima Panigrahi,"Professor of Mathematics, IIT Kharagpur","Graph Theory, Combinatorics",823,https://scholar.google.com/citations?hl=en&user=qmXoqJcAAAAJ
Pavan Kumar Polkampally,"Ph.D Research Scholar, Metallurgical and Materials Engineering Department,  IIT …","Energy Materials, Computational Materials Engineering",821,https://scholar.google.com/citations?hl=en&user=AgczCekAAAAJ
Dr.Md Rakibuddin,"MSc (IIT Delhi),PhD (IIT Kharagpur), Postdoctorate (South Korea), Assistant Professor","Nanotechnology, Photocatalysis, Electrochromic Green Energy",820,https://scholar.google.com/citations?hl=en&user=Z47bqXYAAAAJ
Adway Mitra,IIT Kharagpur,"Machine Learning, Earth System Sciences, Agent-based Modelling",808,https://scholar.google.com/citations?hl=en&user=rUDRq94AAAAJ
Mihir Sarangi,"Professor, Department of Mechanical Engineering, Indian Institute of Technology Kharagpur","Tribology, Machine Design",806,https://scholar.google.com/citations?hl=en&user=sHRYDT8AAAAJ
Nikhil Shah,IIT Kharagpur,"Computer Vision, Machine Learning, Natural Language Processing",799,https://scholar.google.com/citations?hl=en&user=f-r0oacAAAAJ
soumyajit dey,"Professor, Computer Science, IIT Kharagpur","Real time Cyber Physical  Systems, GPU optimizations",797,https://scholar.google.com/citations?hl=en&user=XJI3nYIAAAAJ
Barnali Nag,"Associate Professor, VGSOM, IIT Kharagpur","Climate and Energy Economics and Policy, Productivity and Competitiveness",796,https://scholar.google.com/citations?hl=en&user=5xSO77EAAAAJ
Kranthi K Kuna,"Indian Institute of Technology, Kharagpur","Pavement materials, design, evaluation and maintenance, climate change adaptation",788,https://scholar.google.com/citations?hl=en&user=Owo-qtAAAAAJ
Dr. Achintya Halder,Texas Instruments Inc; Ex-Assistant Professor at IIT Kharagpur,"VLSI Circuits and Systems, Analog & RF Circuits, Design For Testability, Low-power Wireless Communication, System-level testing",784,https://scholar.google.com/citations?hl=en&user=Sag-qmcAAAAJ
Jiaul Paik,"Associate Professor, Department of AI, Indian Institute of Technology, Kharagpur","Machine Learning, Artificial Intelligence, Algorithms for Big Data, NLP, Search Engines",778,https://scholar.google.com/citations?hl=en&user=H58Bru8AAAAJ
Dr. Mrinal Kaushik,"Professor of Aerospace Engineering, IIT Kharagpur","Shock/Boundary-Layer Interactions, Jet Control and Aeroacoustic",777,https://scholar.google.com/citations?hl=en&user=6wtTKogAAAAJ
Prijitha RG (Prijitha J. Nair),"University Paris 6, IIT KGP, University of Kerala","Physics, Atmospheric and Oceanic Physics, Ozone, Precipitation, Statistical model",777,https://scholar.google.com/citations?hl=en&user=mntdUPsAAAAJ
Debashis Mandal,"Assistant Professor, Department of Electrical Engineering, Indian Institute of Technology …","PMIC, RFIC, Analog, Mixed-Signal Circuits and Systems Design",772,https://scholar.google.com/citations?hl=en&user=pwIBxIUAAAAJ
Dr. Sunil Pipliya,"Research Associate, IIT Kharagpur, (PhD & M. Tech, IIT Kharagpur), (B. Tech, JNKVV …","Food Processing and Preservation, Non Thermal Technologies, Cold Plasma, Biosensor Devlopment",766,https://scholar.google.com/citations?hl=en&user=VEenYB0AAAAJ
Sunil Manohar Dash,"Associate Professor, Department of Aerospace Engineering, IIT Kharagpur","IB-LBM, Flapping Aerodynamics, Heat Transfer, Particle Sedimentation, Flow Separation Control",765,https://scholar.google.com/citations?hl=en&user=dcF6nU4AAAAJ
Surjendu Maity,"Assistant Professor, IIT Kharagpur || Duke University || IIT Guwahati","Chemical Engineering, Organ/Organoid-on-a-chip, Lab-on-a-chip, Biosensors",765,https://scholar.google.com/citations?hl=en&user=7THJlUsAAAAJ
Satrajit ghosh,IIT Kharagpur,"Cryptography, Secure Computation",764,https://scholar.google.com/citations?hl=en&user=DC6eaGYAAAAJ
Monojit Chakraborty,Assistant Professor at Indian Institute of Technology Kharagpur,"Microfluidics, Microscale Transport Processes, Interfacial Phenomena",758,https://scholar.google.com/citations?hl=en&user=0DSJ9SMAAAAJ
Mithun Das,Indian Institute of Technology Kharagpur,"Social Computing, Natural Language Processing",758,https://scholar.google.com/citations?hl=en&user=tebayusAAAAJ
Puja Bharati,"Research Scholar, IIT Kharagpur","Image Processing, Speech Processing, Machine learning, Deep learning",757,https://scholar.google.com/citations?hl=en&user=GlL5UrgAAAAJ
Vishwanath Nagarajan,"Professor, Ocean Engineering and Naval Architecture Department, IIT Kharagpur","Dynamics, fluid dynamics",756,https://scholar.google.com/citations?hl=en&user=_QuGFBkAAAAJ
Dr. Archana Dash,Indian Institute of Technology Kharagpur,Biofuel,751,https://scholar.google.com/citations?hl=en&user=vIR9UDgAAAAJ
Saswati Ghosh,"Indian Institute of Technology, Kharagpur, India","RF and Microwave, Millimeter wave Communications, Antenna, Electromagnetic Inteference and compatibility",750,https://scholar.google.com/citations?hl=en&user=ywXynNAAAAAJ
Rupanwita Gayen,"Professor, Department of Mathematics, Indian Institute of Technology, Kharagpur, India","Linear water waves, integral equations",750,https://scholar.google.com/citations?hl=en&user=lzMPHiIAAAAJ
Dr. Sitesh Kumar,"Ph.D. Scholar, IIT Kharagpur","Non thermal technology, Extension of shelf life of fruit juice",748,https://scholar.google.com/citations?hl=en&user=J5wpLqAAAAAJ
Lopamudra Hati,IIT Kharagpur,"Employee Well-being, Happiness, Employee Retention, Performance",742,https://scholar.google.com/citations?hl=en&user=zZlSy-oAAAAJ
Dr. Heeralal Gargama,"Subir Chowdhury School of Quality & Reliability, IIT Kharagpur","Railway RAMS, Functional Safety, Physics of Failure, System Modelling and Analysis",740,https://scholar.google.com/citations?hl=en&user=tA9RzYUAAAAJ
Mohammed Rabius Sunny,"Associate Professor, Indian Institute of Technology Kharagpur",Structures,733,https://scholar.google.com/citations?hl=en&user=2IJ_-kwAAAAJ
Chandra Sekhar Mishra,"Associate Professor, Vinod Gupta School of Management, IIT Kharagpur","Finance, Accounting, Cost Management, Mergers, Acquisitions",731,https://scholar.google.com/citations?hl=en&user=tCyCw5EAAAAJ
Ayan Chaudhury,Assistant Professor at IIT Kharagpur,"Computer Vision, Machine Learning, Robotics, Computer Graphics, Plant Phenotyping",727,https://scholar.google.com/citations?hl=en&user=jv9PrfgAAAAJ
Rishabh Rai,"Assistant Professor (Psychology), Indian Institute of Technology Kharagpur, India",Psychology,726,https://scholar.google.com/citations?hl=en&user=Zktt48kAAAAJ
Sourov Ghosh,"Department of Chemistry, IIT Kharagpur","Electro Chemistry, Fuel Cell",721,https://scholar.google.com/citations?hl=en&user=3fIeLZYAAAAJ
Subhamay Pramanik,IIT Kharagpur,,716,https://scholar.google.com/citations?hl=en&user=cDalyYwAAAAJ
Anuja Joseph,"Research Scholar, School of Environmental Science and Engineering, IIT Kharagpur","Microplastic, Microbioloy, Biotechnology",715,https://scholar.google.com/citations?hl=en&user=jQbc7OcAAAAJ
Dipankar Debnath,"IIT Kharagpur (Associate Prof, Electrical Engg dept)","Power electronics, Electric Vehicles, Power converter for solar PV, grid-connected inverter",714,https://scholar.google.com/citations?hl=en&user=IqhfEtMAAAAJ
Dr. Shivam Porwal,"PMRF, Indian Institute of Technology Kharagpur, India","Materials engineering, Perovskite solar cells, Solar PV",714,https://scholar.google.com/citations?hl=en&user=E5BY4n0AAAAJ
Suparna Bhattacharyya,"PhD Research Scholar, Department of Chemical Engineering, IIT Kharagpur","Electroless coating, Heat Transfer, Wastewater Treatment, Thin films",708,https://scholar.google.com/citations?hl=en&user=FtXjyncAAAAJ
Arun Ghosh,"Associate Professor, Electrical Engineering, Indian Institute of Technology Kharagpur",Control Systems,705,https://scholar.google.com/citations?hl=en&user=fIfQRJcAAAAJ
Biswanath Banerjee,"Associate Professor, Civil Engineering, IIT Kharagpur, India","Computational Inverse Problems, Computational Mechanics",703,https://scholar.google.com/citations?hl=en&user=1MNRJGQAAAAJ
Troyee Tanu Dutta,"Assistant Professor, Indian Institute of Technology Kharagpur","Soil Dynamics, Pavement Geotechnics, Ground Improvement",699,https://scholar.google.com/citations?hl=en&user=14MHqGEAAAAJ
Debanjali Ghosh,"Senior Research Fellow, Materials Science Centre, IIT KGP","Nanoparticles Synthesis, Electrocatalysis",699,https://scholar.google.com/citations?hl=en&user=EBWAb6EAAAAJ
Chandana Roy,Indian Institute of Technology Kharagpur,"Industrial Internet of Things, Sensor-cloud, Wireless Body Area Networks.",697,https://scholar.google.com/citations?hl=en&user=0uqMW7AAAAAJ
Prasun Jana,"Associate Professor, Aerospace Engineering, IIT Kharagpur","Computational Mechanics, Vibration/Buckling/Impact, Composite/FGM/Auxetic, Plate/Shell, Optimization",694,https://scholar.google.com/citations?hl=en&user=xGCi1VcAAAAJ
Ritesh Sarkhel,IIT Kharagpur,"Data Mining, Deep Learning",694,https://scholar.google.com/citations?hl=en&user=6FE__csAAAAJ
Asish Ganguly,"Professor of Mathematics, Indian Institute of Technology Kharagpur","Quantum Mechanics, Fluid Mechanics, Non-linear Dynamics, Soliton Theory, Differential Equation",689,https://scholar.google.com/citations?hl=en&user=HyNIOzkAAAAJ
Virendra Singh,"Research Scholar, IIT Kharagpur",Geotechnical Engineering,686,https://scholar.google.com/citations?hl=en&user=VPTUawYAAAAJ
Kaushik Dey,"Associate Professor, Mining Engineering, IIT Kharagpur","Mining, Blasting, rock excavation, rock cutting, water treatment",683,https://scholar.google.com/citations?hl=en&user=eUrmw68AAAAJ
Gayatri Mukherjee,"Associate Professor, Indian Institute of Technology Kharagpur, India","Immunology, Autoimmunity, MHC class I restricted antigen presentation in …",682,https://scholar.google.com/citations?hl=en&user=_7A6f8UAAAAJ
Sarthak Das,"IISc Bangalore, A*STAR Singapore, IIT Kharagpur","Excitons, Optoelectronics, Many-body physics, 2D materials, Quantum technologies",681,https://scholar.google.com/citations?hl=en&user=hX0hLlIAAAAJ
Aniruddha Biswas,"Department Of Chemistry, IIT KHARAGPUR","Catalysis, Synthetic Organic Chemistry",678,https://scholar.google.com/citations?hl=en&user=dGORE54AAAAJ
Suranjana Mukherjee,"School of Medical Science and Technology, IIT Kharagpur",Cell and Molecular Biology,675,https://scholar.google.com/citations?hl=en&user=Yl7FUBgAAAAJ
Arun Kumar Misra,Indian Institute of Technology Kharagpur,"Financial Market, Banking, Capital Market, Competition, Market Integration",670,https://scholar.google.com/citations?hl=en&user=xtzc9z4AAAAJ
Dr. Thangapandi Kalyani,"School of Medical Science and Technology (SMST), Indian Institute of Technology …","Analytical chemistry, Biosensor, lateral flow assay",663,https://scholar.google.com/citations?hl=en&user=L9M6-nYAAAAJ
Dr. Antony Joseph,"Postdoctoral Research Associate, IIT Kharagpur","Nanomaterials, Corrosion, Electrochemistry, Desalination, 3D printing",660,https://scholar.google.com/citations?hl=en&user=yF3aR3kAAAAJ
Debapam Saha,"Asst. Professor at Calcutta Institute of Technology | MTech, Food Process Engineering, IIT …","Food Process Engineering, 3D Food Printing, Precision Agriculture",660,https://scholar.google.com/citations?hl=en&user=H6lck-EAAAAJ
Rakesh Narayana Sarma,"Indian Institute of Technology Kharagpur, BPCL, Cornell University, IIT Madras, IISc …","Combustion, Fuel Cells, Sustainability, Computational Fluid Dynamics, Data Analysis",659,https://scholar.google.com/citations?hl=en&user=AyBvTJwAAAAJ
Ranita Pal,"Research Scholar, Indian Institute of Technology Kharagpur",Theoretical and Computational Chemistry,659,https://scholar.google.com/citations?hl=en&user=tj0QlvUAAAAJ
Subham Mukherjee,"Department of Geology and Geophysics, IIT Kharagpur","Petrology, Geochemistry, Geochronology, Crustal Evolution",657,https://scholar.google.com/citations?hl=en&user=-KloMQQAAAAJ
Pratishtha Bhattacharyya,Indian Institute of Technology Kharagpur,"positive psychology, positive organisational behavior",653,https://scholar.google.com/citations?hl=en&user=Boxcnt0AAAAJ
Debasish Das,IIT Kharagpur,"Li-ion Battery, Na-ion Battery, Gas Sensors, SOFC, Electrophoretic Deposition",650,https://scholar.google.com/citations?hl=en&user=uZPloacAAAAJ
Debmalya Chakraborty,"Assistant Professor, Indian Institute of Technology (IIT) Kharagpur",Theoretical Condensed Matter Physics,649,https://scholar.google.com/citations?hl=en&user=hP0Su6EAAAAJ
palash dey,Indian Institute of Technology Kharagpur,"Computational Social Choice, TCS",647,https://scholar.google.com/citations?hl=en&user=BkDCPiIAAAAJ
Dr. BB Mandal,Indian Institute of Technology Kharagpur,"Underground Metal Mining, Mining Economics, Noise Mapping, Human Vibration Analysis, Ergonomics",644,https://scholar.google.com/citations?hl=en&user=7YphwEYAAAAJ
RAKESH DAS,"Postdoc - IIT Bombay, PhD - IIT Kharagpur","Additive Manufacturing, Immiscible Composite, Nature-Inspired alloy, Copper alloy",641,https://scholar.google.com/citations?hl=en&user=fALJd8sAAAAJ
Pralay Mitra,"Professor of Computer Science & Engineering, Indian Institute of Technology, Kharagpur","Computational Biology, Bioinformatics, Protein Engineering, Protein Design, Protein Interaction",639,https://scholar.google.com/citations?hl=en&user=LPzuRBUAAAAJ
Poulomee Coomar (PhD),"Indian Institute of Technology, Kharagpur","Hydrogeology, Hydrochemistry, Water-rock interaction, Water contamination",633,https://scholar.google.com/citations?hl=en&user=cXj9IbUAAAAJ
Dr. Swarup Krishna Bhattacharyya,"Research Scholar, IIT KGP",,632,https://scholar.google.com/citations?hl=en&user=c__uQbsAAAAJ
Rimi Banerjee,"Assistant Professor, IIT Kharagpur","Exciton-polaritons, Nonlinear Optics, Topology, Non-Hermitian Physics, THz 6G Communication",630,https://scholar.google.com/citations?hl=en&user=fo3-ngwAAAAJ
Anup Ghosh,"Professor, Department of Aerospace Engineering, IIT Kharagpur","Aerospace Structures, Composite Structures, Micro Air Vehicle, UAV",629,https://scholar.google.com/citations?hl=en&user=JvIGv_cAAAAJ
Gobinda Das Adhikary,Assistant Professor at IIT Kharagpur,"Relaxor Ferroelectrics, Multiferroics, Magnetic Materials, Crystal Physics, Solid State Physics",624,https://scholar.google.com/citations?hl=en&user=jUMwE1gAAAAJ
Subhajit Karmakar,"Assistant Professor, IIT Kharagpur","THz Spectroscopy, THz 6G Systems, Circuits Devices Sensors, Metasurface Plasmonics",623,https://scholar.google.com/citations?hl=en&user=yBwDMEMAAAAJ
Anu David Raj,"Postdoctoral Fellow at Indian Institute of Technology, Kharagpur","Climate Change, Soil Erosion, Soil Carbon, Digital Soil Mapping, Himalayas",623,https://scholar.google.com/citations?hl=en&user=tXPGvOAAAAAJ
Anirban Bhattacharyya,"Associate Professor, Department of Ocean Engineering & Naval Architecture, IIT Kharagpur","Naval Hydrodynamics, Ship Resistance & Propulsion",622,https://scholar.google.com/citations?hl=en&user=c0tTHWAAAAAJ
GP Karmakar,"Retired Professor in Petroleum Engineering, Indian Institute of Technology, Kharagpur","Reservoir Engineering, Enhanced Oil Recovery, Shale Gas",618,https://scholar.google.com/citations?hl=en&user=I0f-FPQAAAAJ
Dipanjan Samanta,"PhD in Chemistry, IIT Kharagpur",Nanomaterials   Catalysis  Sensing,617,https://scholar.google.com/citations?hl=en&user=Fq__-WgAAAAJ
Dr. Trinath Chowdhury,"National Postdoctoral Fellow, Indian Institute of Technology Kharagpur","Microbiology, Entomology, Proteomics, Molecular Biology, Bioconcrete & Nanobiotechnology.",616,https://scholar.google.com/citations?hl=en&user=6PVCzbYAAAAJ
Dr. Sangit Paul,"PwC India, Ex-IIT Kharagpur","Data Analytics & Cloud, Generative & Agentic AI, Enironmental Sustainablity, Life-cycle Assessment",614,https://scholar.google.com/citations?hl=en&user=V3ihr9sAAAAJ
Dr. Binita Tiwari,"Assistant Professor, IIT Kharagpur","Talent Management, HRM, Organization behaviour, Innovation & Entrepreneurship, I/O Psychology",613,https://scholar.google.com/citations?hl=en&user=rDWq7o4AAAAJ
Nitin Gupta,"Associate Professor, Department of Mathematics, Indian Institute of Technology Kharagpur","Applied Probability, Statistics, Reliability Theory, Stochastic Modelling, Distribution Theory",609,https://scholar.google.com/citations?hl=en&user=pTlO0TAAAAAJ
Satya Brat Tiwari,Indian Institute of Technology Kharagpur,"Resource recovery from waste, thermochemical treatment",603,https://scholar.google.com/citations?hl=en&user=R4tO1LwAAAAJ
Arnab Kanti Giri,"MME Department, IIT Kharagpur","Catalysis, Graphene, Oxides",600,https://scholar.google.com/citations?hl=en&user=Tp9BgPYAAAAJ
Madhusudan Kr. Mahto,"SRF, IIT kharagpur",Nanomaterials,600,https://scholar.google.com/citations?hl=en&user=R6NqpD4AAAAJ
Sankalp Raj,Research Scholar IIT kgp,wastewater treatment,600,https://scholar.google.com/citations?hl=en&user=nReJ2SAAAAAJ
Dr. Anupam Ghosh,SERB sponsored National Post-Doctoral Fellow (NPDF) at Indian Institute of Technology …,"Condensed Matter Physics, Nanotechnology, Semiconductor Devices, Optoelectronics, Device Electronics",597,https://scholar.google.com/citations?hl=en&user=s35zhSQAAAAJ
Prof. Chandra Prakash Dubey,Professor (IIT Kharagpur),"Gravity, Magnetic, Gravity Gradiometry, Inverse Theory, ML Optimization",592,https://scholar.google.com/citations?hl=en&user=T0v1SXAAAAAJ
Himani Kalita,"Researcher; IIT Kharagpur, India; IIT Guwahati, India; Pune University (SPPU), India","Nanomaterials, Drug delivery, Tissue engineering, Polymer-bioconjugates, Theranostics",591,https://scholar.google.com/citations?hl=en&user=-fB79yMAAAAJ
Pritam Kundu,PhD IIT Kharagpur,"Systems Microbiology, Metabolic models, Metagenomics, Microbial Interaction, Biological network",590,https://scholar.google.com/citations?hl=en&user=tSykQSMAAAAJ
Dr. Aman Singh Rajpoot,Indian Institute of Technology (IIT) Kharagpur,"Thermal Engineering, Alternative Fuels, Hydrogen, CI Engines, Energy-Exergy-Sustainability",587,https://scholar.google.com/citations?hl=en&user=wKllr3QAAAAJ
Rajaram Lakkaraju,Indian Institute of Technology Kharagpur,"Multi-phase flows, Geophysical Fluid Turbulence, High Performance Computation, Machine learning of complex systems",586,https://scholar.google.com/citations?hl=en&user=MlsGaRYAAAAJ
manish kaushal,"Assistant Prof., Indian Institute of Technology Kharagpur","rheology, microfluidics",585,https://scholar.google.com/citations?hl=en&user=yXSZyeAAAAAJ
Puneet Patra,"Associate Professor, Civil Engineering, Indian Institute of Technology Kharagpur","Computational Physics, Statistical Mechanics, Molecular Dynamics",584,https://scholar.google.com/citations?hl=en&user=-4pP10YAAAAJ
Ashis Maity,"Associate Professor of Electrical Engineering, Indian Institute of Technology Kharagpur","Power Management IC, Energy Harvesting, Analog Electronics",584,https://scholar.google.com/citations?hl=en&user=L11VDtUAAAAJ
Sanjay Ghosh,"Assistant Professor, IIT Kharagpur, India","Image Processing, Brain Signal Processing, Machine Learning, Computer Vision",581,https://scholar.google.com/citations?hl=en&user=PyQ6ZlQAAAAJ
Venkata Sundeep Seesala,Indian Institute of Technology Kharagpur,"Dentistry, Ceramics, Biomaterials",579,https://scholar.google.com/citations?hl=en&user=9Q-5RyYAAAAJ
Dr. Sanjeev Kumar Sharma,"Materials Science Centre, Indian Institute of Technology Kharagpur","Magnetic Materials, Energy Materials, Spintronic Materials",578,https://scholar.google.com/citations?hl=en&user=RVgUDMYAAAAJ
Dr. Smita Sinha,PhD Indian Institute of Technology Kharagpur,"Renewable Energy, Control, HESS management, f",578,https://scholar.google.com/citations?hl=en&user=sYPkRBEAAAAJ
Siddhartha Chattopadhyay,"Associate Professor, Humanities and Social Sciences, IIT Kharagpur","Macroeconmics, Applied Econometrics",574,https://scholar.google.com/citations?hl=en&user=7RMUp0wAAAAJ
Rajlakshmi Guha,IIT Kharagpur,"Cognitive Psychology, Cognitive Neuroscience",573,https://scholar.google.com/citations?hl=en&user=_6pzm1oAAAAJ
Dr. Gourab Dutta,"Dept. of E&ECE, IIT Kharagpur","Semiconductor Devices, Micro and Nano electronics, Sensors",570,https://scholar.google.com/citations?hl=en&user=DFtrwgMAAAAJ
Abraham George,"Professor of Architecture, IIT Kharagpur","Architecture, Design, Sustainability, Resilience",570,https://scholar.google.com/citations?hl=en&user=blsLFn0AAAAJ
Shahid Rahmat,"Indian Institute of Technology, Kharagpur","Regional Planning, Infrastructure",569,https://scholar.google.com/citations?hl=en&user=LXVX6-UAAAAJ
Dr. Monu Bhagat,"PostDoc (IIT Kharagpur), Ph.D. (NIT Jamshedpur), M.Tech. (KGEC), B.Tech. (WBUT)","IoT, Machine Learning, Optimization, Blockchain, Computer Vision.",567,https://scholar.google.com/citations?hl=en&user=euQw0hQAAAAJ
Vinay Patel,"Assistant Professor, Indian Institute of Technology Kharagpur","Electrochemical sensors, Biosensors, Water quality sensors, sensors, chemiresistive sensors",565,https://scholar.google.com/citations?hl=en&user=pQUOf6gAAAAJ
Sabyasachi SenGupta,"Former Professor of Electrical Engineering, Indian Institute of Technology, Kharagpur …","Machine Drives and Power Electronics, Superconducting Energy Storage, Analog VLSI design",563,https://scholar.google.com/citations?hl=en&user=3uCX4qgAAAAJ
Md Rushdie Ibne Islam,IIT Kharagpur,"Computational Mechanics, Fluid Structure Interaction, Particle Based Methods",562,https://scholar.google.com/citations?hl=en&user=yJJGvygAAAAJ
Alok Barua,"Professor of Electrical Engineering, IIT Kharagpur","Bioreactor Design, Instrumentation, Analog and Mixed Signal VLSI",560,https://scholar.google.com/citations?hl=en&user=ITHOUJEAAAAJ
Pranabendu Ganguly,"Advanced Technology Development Centre, Indian Institute of Technology, Kharagpur","Photonic Integrated Circuits, Devices, and Systems",559,https://scholar.google.com/citations?hl=en&user=PTD8GYcAAAAJ
Pavan Kumar Asur Vijaya Kumar,"Indian Institute of Technology, Kharagpur",Computational Mechanics,557,https://scholar.google.com/citations?hl=en&user=0wNyJAcAAAAJ
Titas Bhattacharjee,"Assistant Professor, IIT Kharagpur","Entrepreneurial Finance, Corporate Governance, Corporate Social Responsibility, Corporate Disclosure, Impression Management",556,https://scholar.google.com/citations?hl=en&user=6-pjp4oAAAAJ
Anil Kumar Sahoo,Indian Institute of Technology Kharagpur,"Biophysics, Soft Matter, Molecular Simulation",555,https://scholar.google.com/citations?hl=en&user=zKePUrcAAAAJ
Kamalesh Jana,"Assistant Professor of Physics, Indian Institute of Technology Kharagpur","Ultrafast Optics, THz Photonics, Quantum Control, Structured Light, Laser-Plasma Physics",551,https://scholar.google.com/citations?hl=en&user=1r9EvFEAAAAJ
Pooja Lahiri,"Indian Institute of Technology Kharagpur, India","Protein aggregation diseases, Clinical Spectroscopy, Early Detection of Diseases, Biosensing",549,https://scholar.google.com/citations?hl=en&user=xHkQzPAAAAAJ
Dr. Dip Kumar Singha,"Assistant Professor, Department of Geology and Geophysics, IIT KGP",Applied Geophysics,548,https://scholar.google.com/citations?hl=en&user=51D0gOsAAAAJ
Dr. Raju Singha,IIT Kharagpur,Organic Chemistry,547,https://scholar.google.com/citations?hl=en&user=Cdi2XqYAAAAJ
Dr. Sonal Rajoria,"Chemical Engineering Department, IIT Kharagpur and MNIT Jaipur","Hybrid Techniques, Wastewater Treatment, Industrial Effluents, Material Synthesis, CFD-ASPEN-MATLAB",547,https://scholar.google.com/citations?hl=en&user=oOoT8hIAAAAJ
Manas Seal,"Assistant Professor, IIT Kharagpur","Biomolecular EPR Spectroscopy, Bioinorganic Chemistry, Biophysical Chemistry",545,https://scholar.google.com/citations?hl=en&user=r2EigmEAAAAJ
Sushanta Chakraborty,"Associate Professor, Indian Institute of Technology Kharagpur","Finite Element Model Updating, Structural Dynamics, Modal Testing",543,https://scholar.google.com/citations?hl=en&user=Lno5vU8AAAAJ
Maruthi M Brundavanam,IIT Kharagpur,"Singular Optics, Correlation Optics, Applied Optics",542,https://scholar.google.com/citations?hl=en&user=EvS4EpcAAAAJ
Mohan Das,Indian Institute of Technology Kharagpur,"Microbiology, Biotechnology, Food, Diabetes, Diseases",540,https://scholar.google.com/citations?hl=en&user=IVI1-ycAAAAJ
Manash Protim Boruah,Post Doctoral Fellow at IIT Kharagpur (Microfluidics Lab),"Bio-microfluidics, Multiphase flow, Heat Transfer",538,https://scholar.google.com/citations?hl=en&user=c4s-x38AAAAJ
Anik Kumar Samanta,Danfoss India Innovation Centre; IIT Kharagpur,"Signal Processing, Estimation, Detection, Fault Diagnosis, Embedded Systems",537,https://scholar.google.com/citations?hl=en&user=Hha-YbkAAAAJ
Ananta sarkar,IIT Kharagpur,"Nano materials, Energy Storage, Battery",537,https://scholar.google.com/citations?hl=en&user=QvG5JwsAAAAJ
Dharmendra Barman,Research Scholar (IIT Kharagpur),"Expansive Soil, Ground improvement, Transportation geotechnics, Soil microstructure",530,https://scholar.google.com/citations?hl=en&user=QQvRb0EAAAAJ
BISWARUP JASH,Assistant Professor at IIT Kharagpur,"Bioinorganic Chemistry, Bioorganic Chemistry, Metal-nucleic acid interaction, Prebiotic Chemistry, RNA Chemical Biology",529,https://scholar.google.com/citations?hl=en&user=VrDkk34AAAAJ
Riya Singh,IIT Kharagpur,"Additive Manufacturing/3D Printing, Flexible and wearable electronics, Materials Characterization",528,https://scholar.google.com/citations?hl=en&user=QvlzbbwAAAAJ
Bappaditya Bhowmik,Indian Institute of Technology Kharagpur,Complex Analysis,527,https://scholar.google.com/citations?hl=en&user=CzxtxOgAAAAJ
TAPAS KUMAR NANDI,Assoc. Prof. IIT Kharagpur,"Cryogenic engineering, rocket propulsion",527,https://scholar.google.com/citations?hl=en&user=V1zQkh4AAAAJ
NK Peyada,"Associate Professor, Aerospace Engineering, Indian Institute of Technology Kharagpur","Flight Dynamics and Control, Reconfigurable Flight Control, Parameter Estimation, Neural Networks, Modeling and Simulation",525,https://scholar.google.com/citations?hl=en&user=HzUZzJkAAAAJ
Mamoni  Banerjee,"Asst. Professor, IIT Kharagpur","Bio Product Development, Agripreneurship",524,https://scholar.google.com/citations?hl=en&user=rbAeVJgAAAAJ
Koundinya NTBN,Indian Institute of Technology Kharagpur,"Creep, High Temperature Materials, Sustainable Metallurgy, Additive Manufacturing",521,https://scholar.google.com/citations?hl=en&user=3LdcUVcAAAAJ
Madhumita Paul,"Assistant Professor, IIT Kharagpur","Road Traffic Safety, ITS, Human Factors, IoT, Microsimulation",518,https://scholar.google.com/citations?hl=en&user=hglUrjwAAAAJ
Sunita Mishra,"Assistant Professor, Department of Mining Engineering, IIT Kharagpur","Experimental Rock Dynamics, Fracture Mechanics, Constitutive Modelling, Blast and Ballistic Loading",517,https://scholar.google.com/citations?hl=en&user=iOQkbH8AAAAJ
Mayur P. Bonkile,"Assistant Professor, IIT Kharagpur","Lithium-ion Battery, Renewable Power Systems, Energy Storage, Techno-economic Analysis, Modeling &",517,https://scholar.google.com/citations?hl=en&user=I7PdLqoAAAAJ
Dr. Rwiddhi Sarkhel,IIT Kharagpur Department of Chemical Engineering ; NIT Durgapur Chemical Engineering …,"Solid Waste management, Value Recovery, Circular economy, Biofertilizer, Sustainability",516,https://scholar.google.com/citations?hl=en&user=APqmkK4AAAAJ
Prabha Bhola,Indian Institute of Technology Kharagpur,"Entrepreneurship, Energy Policy, Sustainability & Circular Economy, TQM, Poverty",515,https://scholar.google.com/citations?hl=en&user=T6EEdfsAAAAJ
Denial Mahata,"IIT-KHARAGPUR-INDIA, HEBREW UNIVERSITY-ISRAEL","POLYMER CHEMISTRY, BIOMATERIALS",515,https://scholar.google.com/citations?hl=en&user=drHMBpYAAAAJ
Shubham Kumar,Indian Institute of Technology Kharagpur,"Forest Remote sensing, Extreme Events, Climate Change, Geoinformatics",515,https://scholar.google.com/citations?hl=en&user=BuAtd2EAAAAJ
Abhishek Kumar,"Department of Chemical Engineering, Indian Institute of Technology Kharagpur, India","Nanomaterials, Iron Oxide Nanoparticles, Wastewater Treatment, Energy Storage, Phase Change Materials",514,https://scholar.google.com/citations?hl=en&user=oWnPmbsAAAAJ
Subhadeep Ghosh,Post Doctorate Fellow at IIT KHARAGPUR,"Nanobiomaterials, Cancer/senescence, Biomaterials, PDT/Chemo/PTT, Sensing.",509,https://scholar.google.com/citations?hl=en&user=XtXeMfAAAAAJ
SYAMSUNDAR DE,Indian Institute of Technology (IIT) Kharagpur,"Quantum photonics, Ultrafast nonlinear and quantum optics, Quantum information technologies, Laser dynamics and noise",507,https://scholar.google.com/citations?hl=en&user=SqPNpLoAAAAJ
Amlan Dutta,"Indian Institute of Technology Kharagpur, India","Molecular dynamics, Dislocations, Crystal plasticity, Metallic glass",500,https://scholar.google.com/citations?hl=en&user=wAxqNz0AAAAJ
Aritra Hazra,"Department of Computer Science and Engineering, IIT Kharagpur","Formal Methods, Design Verification, CAD for Security, Artificial Intelligence, Machine Learning",498,https://scholar.google.com/citations?hl=en&user=nYazw20AAAAJ
Munmun Mukherjee,IIT Kharagpur,"Membrane separation, casting, nanoparticle synthesis, magnetic separation, antimicrobial agent",495,https://scholar.google.com/citations?hl=en&user=3GTsAHgAAAAJ
Ratnesh Bhosale,"Undergraduate student, Indian Institute of Technology Kharagpur","Machine Learning, Deep Learning, Finance, Financial Analytics, Supply Chain Management",494,https://scholar.google.com/citations?hl=en&user=9fdiT6sAAAAJ
Sitikantha D Das,IIT Kharagpur,"Low temperature physics, correlated electron systems",493,https://scholar.google.com/citations?hl=en&user=UCrJ03YAAAAJ
Indrani D Jaana,"National Post Doctoral Fellow (NPDF), IIT Kharagpur","Molecular Virology, Cell Biology, Antivirals",492,https://scholar.google.com/citations?hl=en&user=7wPoZ2MAAAAJ
Tila Khan,Indian Institute of Technology Kharagpur,"Vaccinology, Virology, Public Health",491,https://scholar.google.com/citations?hl=en&user=ZSr31fsAAAAJ
Ranadev Datta,"Associate. Professor, IIT-Kgp, Dept. of OE & NA","Numerical Ship Hydrodynamics, Computational Geometry",489,https://scholar.google.com/citations?hl=en&user=uVEJDpAAAAAJ
Arup Das,"Department of Architecture & Regional Planning , IIT Kharagpur","Vulnerability studies, Disaster Management",487,https://scholar.google.com/citations?hl=en&user=cDcrkZoAAAAJ
Dr. Dibyojyoty Nath,"University of Southampton, England. Past: IIT Kharagpur","Microbial Electrochemical Technology, Electromicrobiology, Water-energy-food nexus, Living material",486,https://scholar.google.com/citations?hl=en&user=4Fq_iSgAAAAJ
Arindam Ghosh,"Assistant Professor, Dr. BC Roy Multispeciality Medical Resaerch Centre, IIT Kharagpur.","Biochemistry, Bioinformatics, Ageing",486,https://scholar.google.com/citations?hl=en&user=at2hHd0AAAAJ
Angana Biswas,Indian Institute of Technology Kharagpur,"Biotechnology, Cancer Biology, Molecular Biology",485,https://scholar.google.com/citations?hl=en&user=8Y_JvMgAAAAJ
Ayantika Chatterjee,"Assistant Professor, IIT Kharagpur, India",,481,https://scholar.google.com/citations?hl=en&user=m9FqYpAAAAAJ
Ram Babu Roy,"Associate Professor, Indian Institute of Technology Kharagpur","Business Analytics, Big Data Analytics, Healthcare Service Delivery, Social Networks",469,https://scholar.google.com/citations?hl=en&user=vEL430QAAAAJ
Sudebkumar Prasant Pal,IIT Kharagpur,"Computational geometry, Discrete geometry, Hypergraphs",469,https://scholar.google.com/citations?hl=en&user=NLt-RjAAAAAJ
Anindita Maiti,"Indian Institute of Technology Kharagpur, Dept. of Artificial Intelligence","Theory of Artificial Intelligence, Deep Learning Theory, AI for Theoretical Physics",468,https://scholar.google.com/citations?hl=en&user=I_32R-EAAAAJ
Rituparna Saha,Phd. IIT Kharagpur,"IoT, Artificial Intelligence, Image Processing",466,https://scholar.google.com/citations?hl=en&user=FSlsUEwAAAAJ
Sabiha Sultana,"PhD, IIT Kharagpur",Regional Climate Change and Mitigation over …,465,https://scholar.google.com/citations?hl=en&user=dQMz7ZgAAAAJ
Gajanand Sharma,Assistant Professor at Indian Institute of Technology Kharagpur,"Transportation Planning, Accessibility, Transport Equity, Virtual Reality",464,https://scholar.google.com/citations?hl=en&user=XnL31DsAAAAJ
"Chetan S Mistry,PhD",Indian Institute of Technology Kharagpur,"Turbo machines, Design and performance augmentation of …, Experimental and computational",462,https://scholar.google.com/citations?hl=en&user=3uI9AmoAAAAJ
Aatrayee Das,"Institute Post Doctoral Fellow, IIT Kharagpur; Former ANRF-NPDF @ IIT-KGP","Biopolymer, synthesis, nanoparticles",462,https://scholar.google.com/citations?hl=en&user=ST4AOfQAAAAJ
Rajib Moi,"Indian Institute of Technology, Kharagpur","Supramolecular chemistry, Crystal engineering, MOFs, CPs",459,https://scholar.google.com/citations?hl=en&user=Zm0Ajd8AAAAJ
Vishwanath Shukla,Indian Institute of Technology Kharagpur,Statistical Physics,458,https://scholar.google.com/citations?hl=en&user=4nnTdn8AAAAJ
Francis Tom,"Senior Year Dual Degree student, Indian Institute of Technology Kharagpur","Machine Learning, Computer Vision, Medical Imaging, Speech Processing",457,https://scholar.google.com/citations?hl=en&user=2GuxjGkAAAAJ
Banalata Maji,"Institute Postdoctoral Fellow, Indian Institute of Technology Kharagpur","Gas Sensors, Electrochemical Sensors, Nanomaterials",454,https://scholar.google.com/citations?hl=en&user=E6fdaOcAAAAJ
Sourav Banerjee,"Founder, Shunya Labs - PhD Scholar IIT Kharagpur","Data Science, AI, LLM, Mental Health",452,https://scholar.google.com/citations?hl=en&user=_u_0EZQAAAAJ
Nimish Mishra,"Indian Institute of Technology, Kharagpur","Microarchitectural Attacks, Side-Channel Attacks",451,https://scholar.google.com/citations?hl=en&user=LWFyS-gAAAAJ
Dr. Asem Sanjit Singh (Ph.D.),"Indian Institute of Technology, Kharagpur-721302",… Antimicrobial Bioactives for Fish Health and …,439,https://scholar.google.com/citations?hl=en&user=Qwh-7UYAAAAJ
Abhiram Kumar Verma,"Professor, Dept. of Mining Engineering, IIT Kharagpur","Rock Mechanics and Rock Engineering, Mining Engineering",439,https://scholar.google.com/citations?hl=en&user=JGbzltAAAAAJ
Dr. Rhithuparna D,"Post doctoral fellow, Indian Institute of Technology Kharagpur","Biomass valorisation, Waste to energy, Catalysis, Glycerol valorisation, Microwave",439,https://scholar.google.com/citations?hl=en&user=nUrcE2YAAAAJ
Sudeshna Kolay,IIT Kharagpur,"Parameterized Complexity, Computational Geometry",438,https://scholar.google.com/citations?hl=en&user=TIz3qpUAAAAJ
Monosij Maitra,IIT Kharagpur,"Cryptography, Security",436,https://scholar.google.com/citations?hl=en&user=8XVPvXQAAAAJ
Pawan Prabhakar,Indian Institute of Technology Kharagpur,"Nanotechnology, Drug Development, Ethnomedicine, Agriculture, Entrepreneurship",433,https://scholar.google.com/citations?hl=en&user=74LS7kUAAAAJ
Atal Agarwal,"UCSB, IIT Kharagpur",,433,https://scholar.google.com/citations?hl=en&user=2ri-NfoAAAAJ
Thomas EV,"Indian Institute of Technology, Kharagpur","Agricultural machinery, rice transplanter, tea processing machinery",431,https://scholar.google.com/citations?hl=en&user=M0_pQVgAAAAJ
Arijit Mitra,"Department of Metallurgical and Materials Engineering, Indian Institute of Technology …","Electrochemistry, Surface Engineering, Materials Characterization",430,https://scholar.google.com/citations?hl=en&user=bmYXkMAAAAAJ
Raj Kumar Manna,"SMST, IIT Kharagpur","Biophysics, Soft Matter, Active Matter",430,https://scholar.google.com/citations?hl=en&user=SKm3JGsAAAAJ
Tathagata Roy Choudhury,"Assistant Professor, IIT Kharagpur","Sedimentology, Clay mineralogy, Geochemistry",430,https://scholar.google.com/citations?hl=en&user=nHzh_aYAAAAJ
Rajib Chakraborty,"Research Scholar of Mechanical Engineering Department, IIT Kharagpur","biomaterial coating, Laser material processing",428,https://scholar.google.com/citations?hl=en&user=FkghSkcAAAAJ
Abhijit Garai,"Research Scholar, IIT Kharagpur","Polymorphs, Cocrystals, Solid state photochemical reactions",426,https://scholar.google.com/citations?hl=en&user=nTfxBhkAAAAJ
Bikram Pramanik,"Research Scholar, Indian Institute of Technology, Kharagpur",Metal-Organic Frameworks (MOFs)  Porous …,426,https://scholar.google.com/citations?hl=en&user=jnWl_moAAAAJ
Shikha  Thakur,"Postdoctoral fellow, Indian Institute of Technology Kharagpur","Drug discovery and design, Diabetes, Cancer biology, TNBC, Immunotherapy",424,https://scholar.google.com/citations?hl=en&user=Vcq5UKcAAAAJ
Pintu Patra,"Assistant Professor, Department of Physics, IIT Kharagpur",Active Matter and Theoretical Biophysics,423,https://scholar.google.com/citations?hl=en&user=rPpUpNsAAAAJ
Hemanth Vikram PR,Post Doctoral Fellow- IIT Kharagpur | Prime Minister Fellow-PhD | Gold Medalist -NIPER G,"LC-MS/MS - Metabolomics, Lipidomics and Proteomics",421,https://scholar.google.com/citations?hl=en&user=SUwefpwAAAAJ
Dr. Romio Mandal,"Post Doctoral Fellow, IIT Kharagpur","Sustainable Concrete, Rheology of Concrete, 3D Printed Concrete, Concrete Durability",420,https://scholar.google.com/citations?hl=en&user=tLDmUXAAAAAJ
Sayantani Roy,"DST-WOSA, IITKGP","Chemical Biology, Molecular and cellular biology",415,https://scholar.google.com/citations?hl=en&user=q7_ngxIAAAAJ
mahak jain,"PhD Student, IIT Kharagpur","Water treatment, Wastewater treatment, Constructed wetlands, Sludge management, Biological treatment",414,https://scholar.google.com/citations?hl=en&user=Vafy6EEAAAAJ
Avinash kumar,"Indian Institute of Technology, Kharagpur","Quantum dots, Optics, Photonics, Optical sensing, Luminescent Materials",414,https://scholar.google.com/citations?hl=en&user=UtutrAEAAAAJ
Sujay K. Biswas,"PhD, Indian Institute of Technology Kharagpur","Biomicrofluidics, Bioengineering",413,https://scholar.google.com/citations?hl=en&user=hf7m2yEAAAAJ
Chandra Shekhar Sharma,IIT KHARAGPUR,WATER RESOURCES,409,https://scholar.google.com/citations?hl=en&user=I070ZXAAAAAJ
Anwesha Mukhopadhyay,"Indian Institute of Technology, Kharagpur","Sonocatalysis, Emerging Organic Contaminants, Contaminant transport",408,https://scholar.google.com/citations?hl=en&user=gosKn3UAAAAJ
Kiran Vijayan,IIT Kharagpur,"Structural dynamics, Rotor dynamics, Fluid structure interaction, Inverse problems",407,https://scholar.google.com/citations?hl=en&user=lgJ4GDwAAAAJ
Rashmi R. Nayak,"Assistant Professor, CORAL, IIT Kharagpur","Fluid Dynamics, Gravity-Fluid Duality, Ocean Modelling",407,https://scholar.google.com/citations?hl=en&user=TR95ePQAAAAJ
"Dina Zaman, PhD","PhD at Indian Institute of Technology Kharagpur, India","Urban water dynamics, Modeling & simulation, Water & wastewater, Water distribution networks, SDG 6",406,https://scholar.google.com/citations?hl=en&user=r1QesSEAAAAJ
Angshuman Chattopadhyay,"Research Scholar, Department of Mechanical Engineering, Indian Institute of Technology …","Diamond Synthesis, Chemical Vapour Deposition, Laser beam Welding, Direct Metal Laser Deposition, Additive Manufacturing",404,https://scholar.google.com/citations?hl=en&user=STTsT3IAAAAJ
Nilanjan Sinhababu,"PhD Student, IIT Kharagpur","Crowd Computing, NLP, Information Retrieval, Large Language Models",404,https://scholar.google.com/citations?hl=en&user=1ZQJP_EAAAAJ
Dr. Soumya Mondal,"PhD from IIT Kharagpur, M.Tech, BSc (Chem Hons.)","Polymer Nanocomposites, Conductive Elastomer Composites, Thermoplastic Elastomer.",401,https://scholar.google.com/citations?hl=en&user=_nZxL6QAAAAJ
Archana Arbind,"Assistant Professor, Department of Mechanical Engineering, Indian Institute of Technology …","Computational mechanics, Finite element method, Structural Mechanics, rod theory, shell theory",399,https://scholar.google.com/citations?hl=en&user=ZD6geGgAAAAJ
Pavitra Sandilya,"Cryogenic Engineering Centre, IIT Kharagpur","Process Intensification, Carbon capture, Cryogen Storage and Transport, Energy Storage",397,https://scholar.google.com/citations?hl=en&user=TN3TqykAAAAJ
Dr. Arista Lahiri,"Assistant Professor, Dr. BC Roy Multi Speciality Medical Research Centre, IIT Kharagpur","Epidemiology, Biostatistics, Health Promotion, Sociology",397,https://scholar.google.com/citations?hl=en&user=o0qWqjUAAAAJ
Dr. Subhrajit Mukherjee (Utsav) Ph.D.,"IITKgp & IIT M(Post-DoctoralResearchScientist,National GATEFellow),Environment Pollution …","Air Pollution Control & Monitoring, Waste to Wealth, Biological Wastewater Treatment, Clean & Green",395,https://scholar.google.com/citations?hl=en&user=bLkyVAcAAAAJ
Parmeshwar  Satpathy,Assistant Professor Department of Community Medicine BCRMMRC IIT Kharagpur,"Epidemiology, Public Health, Qualitative Research, Risk communication, mental health etc",393,https://scholar.google.com/citations?hl=en&user=LGRPERsAAAAJ
Dr. Brajesh kumar Ahirwar,"Indian Institute of Technology Kharagpur, West Bengal, India","Heat Transfer, Film Cooling, Experimental and CFD, Aerodynamics and Propulsion, Nanofluids",393,https://scholar.google.com/citations?hl=en&user=FVlB4ewAAAAJ
Saurav Pramanik,"Assistant Professor, EE Department, IIT Kharagpur, Kharagpur, India","FRA/SFRA on Transformer Winding, Transformer Modelling, Fundamental Studies on Impulse Behavior of …",391,https://scholar.google.com/citations?hl=en&user=uxc25ssAAAAJ
Swati Pattanaik,"Ph.D., IIT Kharagpur","Operations research, Digital twin, CFD, supply chain management, Machine and Deep learning",390,https://scholar.google.com/citations?hl=en&user=2LbmiJIAAAAJ
Sai Saketh Aluru,"Indian Institute of Technology, Kharagpur",,388,https://scholar.google.com/citations?hl=en&user=RteCjGQAAAAJ
Nishant Nikhil,Indian Institute of Technology Kharagpur | Play AI | Amazon,Machine Learning,381,https://scholar.google.com/citations?hl=en&user=RMBvilYAAAAJ
AYAN PAUL,"Research Scholar, IIT Kharagpur","Agricultural Engineering, Farm Machinery, Artificial Intelligence, Computer Vision, Robotics",381,https://scholar.google.com/citations?hl=en&user=OWtVaw4AAAAJ
DEBDIP BRAHMA,Indian Institute of Technology Kharagpur,,381,https://scholar.google.com/citations?hl=en&user=Du6EHJQAAAAJ
Shreya Banerjee,"Assistant Professor, IIT Kharagpur","Outdoor Microclimate, CFD, Human biometeorology, Nature based solutions, Urban climatology",380,https://scholar.google.com/citations?hl=en&user=3s51lpEAAAAJ
Vivek Dixit,"Associate Professor, Department of E & ECE, IIT Kharagpur, India","Semiconductor Devices, Optoelectronics, Metamaterials, Device Simulation, Silicon Photonics",379,https://scholar.google.com/citations?hl=en&user=28O0TqwAAAAJ
Mrittika Paul,"Research Scholar, Indian Institute of Technology, Kharagpur","solar energy, perovskite solar cells, thin film chemistry",379,https://scholar.google.com/citations?hl=en&user=EAwbepxvgbIC
Md Shahwaz,"Research Scholar, IIT Kharagpur","Additive Manufacturing, Ni-based Superalloys, Heat Treatment, Materials Characterization",377,https://scholar.google.com/citations?hl=en&user=yy_Z3YgAAAAJ
Samir Kumar Jalal,"Deputy Librarian, Indian Institute of Technology Kharagpur","Webometrics, Link Analysis, Information Retrieval",375,https://scholar.google.com/citations?hl=en&user=tEB2e6AAAAAJ
Maniklal Shee,Doctorate from IIT Kharagpur,"Photochemistry, Ultrafast processes, Optoelectronics, Photocatalysis, Phototherapeutics",375,https://scholar.google.com/citations?hl=en&user=DAQL9ZEAAAAJ
Arindam Mitra,"Research Scholar, IIT Kharagpur, INDIA","Turbulence modelling, Numerical combustion, Chemical kinetics",373,https://scholar.google.com/citations?hl=en&user=XbqIP_8AAAAJ
C Shaji,"Associate Professor of Oceanography, Indian Institute of Technology Kharagpur","Oceanography, Atmospheric Science, Ocean Modelling, Ocean Data Analysis, Ocean Processes Studies",373,https://scholar.google.com/citations?hl=en&user=Y_Vh38oAAAAJ
Rijoy Mukherjee,"Research scholar at CSE dept, IIT Kharagpur",,372,https://scholar.google.com/citations?hl=en&user=w-9TDyEAAAAJ
Jhimli  Manna,"Scientist ,IIT Kgp, Co Founder Innovodigm Pvt.Ltd,Founder Director UniAm Pvt.Ltd,","translational biophysics, microneedle, thermostable  vaccine, sustainable material design",369,https://scholar.google.com/citations?hl=en&user=VoM1JeEAAAAJ
Syed Naser Daimi,"Research Scholar, Dept. of E&ECE, Indian Institute of Technology Kharagpur, India","Neural Signal Processing, Cognitive Neuroscience, Machine Learning, Speech Signal Processing",368,https://scholar.google.com/citations?hl=en&user=0QD9CDEAAAAJ
"Dr. Monalisha Pattnaik, Ph.D","Ph D, Agricultural and Food Engineering Department, Indian Institute of Technology …","Food engineering, Encapsulation, Food Fortification, Microwave Processing, Food Preservation",368,https://scholar.google.com/citations?hl=en&user=KmOUA1oAAAAJ
Sambit Ghosh,Indian Institute of Technology Kharagpur,"Sedimentology, Paleoclimate, Stable Isotope, Organic Geochemistry",364,https://scholar.google.com/citations?hl=en&user=9K0yUV4AAAAJ
Sidharth Sankar Parhi,IIT kharagpur,"Distillation, Process Design and Optimization, Process Intensification, Waste water treatment, Spent Pot Lining-a hazardous",364,https://scholar.google.com/citations?hl=en&user=sAqGgP8AAAAJ
Ratan Joarder,"Professor, Aerospace Engineering, IIT Kharagpur","Combustion, High Speed Aerodynamics, CFD",362,https://scholar.google.com/citations?hl=en&user=1-_oT00AAAAJ
Dr. Prajitha Velayudhan,"Institute Post-Doctoral Fellow, Department of Rubber Technology Centre IIT Kharagpur","Polymer Science, Nanocomposites, Rubber Technology. Graphene, Core shell structures",360,https://scholar.google.com/citations?hl=en&user=u3HrvNoAAAAJ
Shagolshem Mukta Singh,"Research Scholar, IIT KGP",Food process engineering,359,https://scholar.google.com/citations?hl=en&user=kzLo1PMAAAAJ
Dr. Umesh Kumar Bagha,"IPDF, Indian Institute of Technology Kharagpur","Biomimetic chemistry, inorganic chemistry, bioinorganic chemistry",357,https://scholar.google.com/citations?hl=en&user=6CJ6Y44AAAAJ
Prasanna Kumar Byram,Indian Institute Of Technology (IIT) Kharagpur,"Biomaterials and Tissue Engineering, Miniature bioreactor, Drug /Gene delivery, Stem Cells, Organ 3D Printing",357,https://scholar.google.com/citations?hl=en&user=8Bx81CAAAAAJ
R. KUMAR,"Post-Doctoral Fellow,Dept. of Chemical Engineering, IIT-Kharagpur","Electrocatalyst, Energy storage, Energy conversion, Nanocomposite",357,https://scholar.google.com/citations?hl=en&user=PjBbH4AAAAAJ
Susmita Goswami,Indian Institute of Technology Kharagpur,"Numerical, Simulation, Modelling",354,https://scholar.google.com/citations?hl=en&user=UCF38W4AAAAJ
Dr. Bashista Kumar Mahanta,IIT Kharagpur,"Modelling and optimization, High Entropy Alloys, hydrogen Storage, Extractive Metallurgy",352,https://scholar.google.com/citations?hl=en&user=5KH1-tEAAAAJ
Varinder Pal,"Research Scholar-Indian Institute of Technology, Kharagpur, India","Thermodynamics, Thermoelectrics, Materials Designing, Additive Manufacturing",351,https://scholar.google.com/citations?hl=en&user=ki9uGHsAAAAJ
Tajamul Shafi,"Indian Institute of Technology Kharagpur, INDIA","Environmental Engineering, Aerogels, Materials Science, Carbon",351,https://scholar.google.com/citations?hl=en&user=dyJMa8YAAAAJ
SANCHIT SOOD,IIT Kharagpur,"Biotechnology, Medical Devices, Sensors",349,https://scholar.google.com/citations?hl=en&user=5FVaopwAAAAJ
Adarsh Singh,"Research scholar, Indian Institute of Technology Kharagpur","Photocatalysis, Adsorption, Metal and Covalent Organic Frameworks, Emerging contaminants",348,https://scholar.google.com/citations?hl=en&user=s_MPeToAAAAJ
somnath ghosh,"Professor, Indian Institute of Technology Kharagpur","Turbulence, DNS, LES, radiation",347,https://scholar.google.com/citations?hl=en&user=9BbHWc8AAAAJ
Akhilesh Kumar Verma,Indian Institute of Technology Kharagpur,"Exploration Geophysics, Reservoir Characterization, Geophysical Signal Processing, Seismology, Soft Computing",346,https://scholar.google.com/citations?hl=en&user=5hUaKqoAAAAJ
Soumen Basu,"Assistant Professor, Department of Artificial Intelligence, IIT Kharagpur","Computer-Assisted Diagnosis, Computer Vision, Machine Learning in Medical Imaging, AI in Radiology",345,https://scholar.google.com/citations?hl=en&user=RPj75XMAAAAJ
ABHIJIT SADHU,"Department of Mechanical Engineering, IIT Kharagpur, India","Laser Additive Manufacturing, Laser Shock Peening, Friction Stir Welding",344,https://scholar.google.com/citations?hl=en&user=VBn6OLIAAAAJ
Apu Saha,"Research Scholar, IIT Kharagpur","CPs, MOFs & HOFs",344,https://scholar.google.com/citations?hl=en&user=2gnry_IAAAAJ
Dr. Mahima Raina,Indian Institute of Technology Kharagpur,"work family interface, work family policies, health promotion and health behaviours, ndian psychology",342,https://scholar.google.com/citations?hl=en&user=2xD2sFAAAAAJ
Arpit Mishra,"Assistant Professor, IIT Kharagpur","Experimental and Computational Fluid …, Cavitation Bubble Dynamics, Cryogenics",341,https://scholar.google.com/citations?hl=en&user=vEc9m44AAAAJ
Siddharth Tamang,"Assistant Professor , Dept of Mechanical Engg, IIT Kharagpur","welding- sintering and processing of materials, FEM simulation of Microwave Heating",341,https://scholar.google.com/citations?hl=en&user=w0RXHkUAAAAJ
Dr. Swetambari Kumari,Indian Institute of Technology Kharagpur,"Microbiology, Environmental Science, Molecular Biology",341,https://scholar.google.com/citations?hl=en&user=KA360Q8AAAAJ
Satyajit Roy,"PhD, IIT Kharagpur","Organic Optoelectronic devices, Ultrafast Transient Absorption Spectroscopy, Healthcare devices and sensors",339,https://scholar.google.com/citations?hl=en&user=fbljaZQAAAAJ
Abhishek Sharma,IIT Kharagpur,"Behavioral Operations, supply chain management, Industry 4.0",338,https://scholar.google.com/citations?hl=en&user=_IK9piYAAAAJ
ARIJIT SAHA,IIT Kharagpur,"Crystal Engineering, Supramolecular Chemistry, Photoluminescent Crystals",338,https://scholar.google.com/citations?hl=en&user=3Itt3Y8AAAAJ
aneek adhya,Indian Institute of Technology Kharagpur,"Optical Communication, Optical Access and Core Networks, Wireless Networks, Computer Networks",337,https://scholar.google.com/citations?hl=en&user=8j5ZqA0AAAAJ
Abhijeet Sethi,"PhD scholar of Mechanical Engineering,Indian Institute of Technology Kharagpur","micromachining, micro-ECM, micro-EDM, Laser material processing, non traditional machining",337,https://scholar.google.com/citations?hl=en&user=_0aao4AAAAAJ
Pranay Rajendra Chandewar,"Postdoctoral Fellow, Department of Chemical Engineering, IIT Kharagpur, India","Heterogeneous catalysis, methane to methanol, transition metal oxide catalysts, CO2 valorisation",336,https://scholar.google.com/citations?hl=en&user=bX6FKrIAAAAJ
Dr.Santanu Ghosh,"PhD, IIT Kharagpur","Transportation planning, Mode choice modelling",335,https://scholar.google.com/citations?hl=en&user=eoEXOoQAAAAJ
Ankan Mullick,"Prime Minister Research Fellow (PMRF), IIT Kharagpur, Computer Science and Engineering …","NLP, Social Science, Artificial Intelligence, Cognitive Science, Machine Learning",333,https://scholar.google.com/citations?hl=en&user=G9-RFWgAAAAJ
Praveen Shakya,Indian Institute of Technology Kharagpur,"Aeroelasticity, Composite Structure, Smart Structures, Optimization, Flight Dynamics",333,https://scholar.google.com/citations?hl=en&user=2pZDHUYAAAAJ
Somnath Sengupta,"Assistant Professor, IIT Kharagpur",Dynamics and Control of Automotive Systems,331,https://scholar.google.com/citations?hl=en&user=Yfq0VUkAAAAJ
Laxmi Kant Dhruw,IIT Kharagpur,Precision agriculture,330,https://scholar.google.com/citations?hl=en&user=U7mseWIAAAAJ
Emmanuel Sebastian Kunnel,PhD Scholar @ Chemical Engineering - IIT Kharagpur,"biopolymers, energy and environment, catalysis, advanced oxidation processes, nanomaterials",330,https://scholar.google.com/citations?hl=en&user=Sq7csPQAAAAJ
Abhijit Das,"Assistant Professor, IIT Kharagpur","Neurobiology, Behaviour, Epigenetics",329,https://scholar.google.com/citations?hl=en&user=iu2y1nsAAAAJ
Prasun Mishra,"Assistant Professor, Indian Institute of Technology Kharagpur","Design of Power Converters, Advanced Control of Electric Drives for …",327,https://scholar.google.com/citations?hl=en&user=eAVcEjkAAAAJ
sarang pendharker,Indian Institute of Technology Kharagpur,"Photonics, Electromagnetic wave theory, Reconfigurable microwave devices",327,https://scholar.google.com/citations?hl=en&user=KIv8gpUAAAAJ
Dr. Rishi Karan Singh Rathour,"Ernst & Young LLP, IIT Kharagpur, NIT Durgapur.","Environmental engineering, Graphene oxide, Wastewater Treatment",326,https://scholar.google.com/citations?hl=en&user=wvDwu4EAAAAJ
Deepshikha Dash,Indian Institute of Technology Kharagpur,"Economics of Education, Machine Learning, AI, Econometrics",326,https://scholar.google.com/citations?hl=en&user=7mHQcBwAAAAJ
Nabakumar Jana,"Department of Mathematics, Indian Institute of Technology Kharagpur, India","Statistical Inference, Classification Problems, Reliability Estimation",325,https://scholar.google.com/citations?hl=en&user=K4TiRyUAAAAJ
Debanjana Pahari,"PhD Research Scholar, Indian Institute of Technology Kharagpur, Kharagpur, India",Sodium-Ion Batteries,323,https://scholar.google.com/citations?hl=en&user=2xEWxZEAAAAJ
Aditya Vyas,"Assistant Professor, Indian Institute of Technology Kharagpur , India","AI/ML Applications in Petroleum Reservoir …, Enhanced Oil Recovery and CCUS",323,https://scholar.google.com/citations?hl=en&user=nNymmkQAAAAJ
Nairita Pal,"Assistant Professor, CORAL, IIT Kharagpur","Physics, Turbulence Modeling, Direct Numerical Siulations",321,https://scholar.google.com/citations?hl=en&user=Xcbs1gMAAAAJ
Bhupinder Kaur,"Research Scholar, Indian Institute of Technology Kharagpur",Agricultural waste utilization,319,https://scholar.google.com/citations?hl=en&user=u5-3VHIAAAAJ
Monisha Michael,Indian Institute of Technology Kharagpur,"Nanofluids, Heat transfer",319,https://scholar.google.com/citations?hl=en&user=BULk2EQAAAAJ
Puja Priyadarshini Nayak,"Research scholar, Agricultural & Food Engineering Department, IIT Kharagpur","Food Process Engineering, Agricultural Waste Utilization",318,https://scholar.google.com/citations?hl=en&user=eIi8i-0AAAAJ
Dr. Vihangraj V. Kulkarni,"Assistant Professor, Indian Institute of Technology Kharagpur, India","Environmental Engineering, Waste Management, Water and Wastewater",318,https://scholar.google.com/citations?hl=en&user=TjqGHTEAAAAJ
Dr. Vinod Choudhary,Indian Institute of Technology Kharagpur,"Agricultural Machinery, Mechanization, Precision Agriculture, AI in Agriculture, Machine Vision",317,https://scholar.google.com/citations?hl=en&user=iY2SyjcAAAAJ
"Arshad Rahman Parathodika, Ph.D.","Research Fellow, IIT  Kharagpur","Polymers for Oil & Gas | Hydrogen | CCUS, Crosslinks, Viscoelasticity, Elastomers",316,https://scholar.google.com/citations?hl=en&user=sXK-kWoAAAAJ
Ambarish Paul,"IIT, Kharagpur",Nanoscience and Nanotechnology,315,https://scholar.google.com/citations?hl=en&user=vyLVK1EAAAAJ
Smitirupa Pradhan,Indian Institute of Technology Kharagpur,"Dynamics of Railway vehicles, Tribology",315,https://scholar.google.com/citations?hl=en&user=QyREH0EAAAAJ
Suvendu Nandi,Research Scholar: IIT Kharagpur,"Drug Design, Cancer Drug Discovery, Biomaterials",315,https://scholar.google.com/citations?hl=en&user=nD7umFoAAAAJ
Shaili Sett,"Assistant Professor, IIT Kharagpur",Condensed matter physics,314,https://scholar.google.com/citations?hl=en&user=5vPAFGoAAAAJ
Alfa Bisoi,"Research scholar, IIT Kharagpur",Dynamics and Vibration,313,https://scholar.google.com/citations?hl=en&user=rQJ0LkkAAAAJ
Vaisakh Vadakkumbatt,IIT Kharagpur,"Superfluid Helium, Lowtemperature Physics",311,https://scholar.google.com/citations?hl=en&user=z3phB40AAAAJ
Akash Tripathi,"Research Scholar, IIT Kharagpur","Environmental Engineering, Advance oxidation process, Pyrolysis, emerging contaminants",311,https://scholar.google.com/citations?hl=en&user=igLUZZsAAAAJ
Debranjan Mukherjee,"Assistant Professor, Indian Institute of Technology Kharagpur","Power Electronics, Electrical Machine Drives",309,https://scholar.google.com/citations?hl=en&user=VYaRfNsAAAAJ
Sai Charan M,"Student, Indian Institute of Technology Kharagpur",,308,https://scholar.google.com/citations?hl=en&user=zRvZCa8AAAAJ
Saptarshi Dey,Indian Institute of Technology Kharagpur,"tectonic geomorphology, earth surface processes, sedimentology, field geology, geoarchaeology",307,https://scholar.google.com/citations?hl=en&user=2TCCFhgAAAAJ
Dr. Satanik Mitra,"PhD IIT Kharagpur, Assistant Professor","Natural Language Processing, Sentiment Analysis, Text Mining, Consumer Perception",307,https://scholar.google.com/citations?hl=en&user=gGYCB3wAAAAJ
Sumanta Bera,"Student of IIT Kharagpur, India","Polymer, Piezoelectric, Triboelectric, Composite",306,https://scholar.google.com/citations?hl=en&user=vH7rJAgAAAAJ
Rahul K,Indian Institute of Technology Kharagpur,"Robotics, Machine Learning, Image Processing, Sensor Integration",306,https://scholar.google.com/citations?hl=en&user=QvFKg9oAAAAJ
Susmita Bhattacharyya,"Assistant Professor, IIT Kharagpur, India",Navigation,301,https://scholar.google.com/citations?hl=en&user=b3_c8XEAAAAJ
Prakash Kumar,"Research Scholar, IIT-Kharagpur","Food Process Engineering, Food Packaging, Drying, Food Product Development, Finite Element Modeling",295,https://scholar.google.com/citations?hl=en&user=shGCQpsAAAAJ
Rupal Sinha,"Research Scholar, School of Water Resources, IIT Kharagpur","Water Treatment, Disinfection Byproducts, Modeling",295,https://scholar.google.com/citations?hl=en&user=MNrAb8wAAAAJ
Ambuj,Indian Institute of Technology Kharagpur,"Artificial Intelligence, Artificial Neural Network, Path Planning, Autonomous Navigation",295,https://scholar.google.com/citations?hl=en&user=jdTiWI8AAAAJ
MANOJIT DAS,PhD Scholar IIT Kharagpur,"Machinability, 3D Printing, Optimiztion, Smart Materials",293,https://scholar.google.com/citations?hl=en&user=3KfFtGsAAAAJ
shubham patel,IIT KHARAGPUR,"air pollution, aerosols, emission inventory, solid waste",292,https://scholar.google.com/citations?hl=en&user=CpBtO9UAAAAJ
Shimul K. Dam,"Assistant Professor, IIT Kharagpur",Power Electronics,291,https://scholar.google.com/citations?hl=en&user=LRMlRNMAAAAJ
Subhas Mondal,iit kharagpur,wireless communication,289,https://scholar.google.com/citations?hl=en&user=560_JFYAAAAJ
Rohit Dutta,"PhD CSE @ Indian Institute of Technology, Kharagpur '23 - 25","Natural Language Processing, Sustainable AI",288,https://scholar.google.com/citations?hl=en&user=ID4lfNgAAAAJ
Bodhayan Roy,Indian Institute of Technology Kharagpur,Theoretical Computer Science,287,https://scholar.google.com/citations?hl=en&user=mmIc6VgAAAAJ
Dr.Jagriti Singh,"Ph.D-IIT Kharagpur, Post-Doc-BHU","Food Biotechnology, Downstream processing, Biofuels, Biochemical engineering, Plant Tissue Culture",286,https://scholar.google.com/citations?hl=en&user=gyL_Ob4AAAAJ
Paras,"Ph.D Scholar, Indian Institute of Technology Kharagpur","Energy harvesting, Nanotechnology, Fluid dynamics, Coatings, Surface modification",286,https://scholar.google.com/citations?hl=en&user=g-pe3fMAAAAJ
Dr. Flora Banerjee,"PMRF, Department of Chemistry, IIT Kharagpur","Porous organic polymer, H2O2 Production, Pollutant removal, Heterogeneous catalysis",285,https://scholar.google.com/citations?hl=en&user=ShKULIYAAAAJ
Abhishek Kumar Gupta,"Assistant Professor, IIT Kharagpur","Molecular Simulation, Molecular dynamics Simulations, Atomistic MD Simulations, Polyelectrolytes",284,https://scholar.google.com/citations?hl=en&user=iLWt3IkAAAAJ
Joydip Chaudhuri,"Assistant Professor, Indian Institute of Technology Kharagpur","Fluid Dynamics, Statistical Physics, Complex Fluids, Active Matter, Biophysics",284,https://scholar.google.com/citations?hl=en&user=PTNbeGAAAAAJ
Nand Kishor Kumar,"Research Scholar, Department of Metallurgical and Materials Engineering, IIT Kharagpur","Cryorolling, Oxidation, High Temperature Materials, Creep, Phase transformation",284,https://scholar.google.com/citations?hl=en&user=UfPgcAEAAAAJ
Siddhartha Satpathi,"Undergraduate Student, IIT Kharagpur",,283,https://scholar.google.com/citations?hl=en&user=Vh7P4soAAAAJ
D Pramanik,"Indian Institute of Technology, Kharagpur, Jadavpur University","Laser Material Processing, Wire Electro Discharge Machining, Additive Manufacturing",283,https://scholar.google.com/citations?hl=en&user=z3aQZVUAAAAJ
Dr. Bishnu Pada Bose,Indian Institute of Technology Kharagpur,Circular Economy and Resource Optimization,283,https://scholar.google.com/citations?hl=en&user=wY_l0I8AAAAJ
Shiladitya Dey,"Ph.D student, Indian Institute of Technology Kharagpur","Agricultural economics, Social science, Impact assessment",283,https://scholar.google.com/citations?hl=en&user=-cFoT3YAAAAJ
Korak Sarkar,"Assistant Professor, Mechanical Engineering, IIT Kharagpur","Vibration Analysis, Rotorcraft Mechanics, Inverse Problems, Vibration Control",282,https://scholar.google.com/citations?hl=en&user=VL3QDCoAAAAJ
Aghna Mukherjee,"Assistant Professor, Indian Institute of Technology Kharagpur, India","Composite structures, Smart materials, Finite Element Analysis, Nonlinear structural mechanics",282,https://scholar.google.com/citations?hl=en&user=oHtZlH0AAAAJ
Puspendu Sardar,"Research Scholar, IIT Kharagpur","CO2 Capture using MOFs, CO2 Conversion, Gas hydrate, Wastewater treatment, Azeotropic distillation",282,https://scholar.google.com/citations?hl=en&user=qXAOTasAAAAJ
Anirban Nandy,Indian Institute of Technology Kharagpur,"Resource Management, Entrepreneurship, Data Analytics, Artificial Intelligence, Rural & AgriBusiness",281,https://scholar.google.com/citations?hl=en&user=KsW7mTYAAAAJ
VIDHYA LALAN,"Postdoctoral Fellow, E&ECE IIT Kharagpur, India","Microwave absorbers, Polymer composites, Multiferroics",279,https://scholar.google.com/citations?hl=en&user=7QWwPFMAAAAJ
Rohan Sewani,"Indian Institute of Technology, Kharagpur","Supply Chain, Optimization, Operations Research",277,https://scholar.google.com/citations?hl=en&user=3HrGF6kAAAAJ
Animesh Chaturvedi,"IIT KGP; Alumni Indian Institutes IIT, IIIT; KCL, Alan Turing Institute; HLF Heidelberg, LINO …","Data Science and AI, Cloud Services, Systems Evolution, Big Data Analytics, System Analytics",276,https://scholar.google.com/citations?hl=en&user=QzIs9iYAAAAJ
RADHAPADA MANNA,Indian Institute of Technology Kharagpur,"Nanomaterials, Photocatalysis, CO2 capture & reduction, Electrocatalysis",276,https://scholar.google.com/citations?hl=en&user=W8jYbLEAAAAJ
Mainak Ghosh,"Research scholar, Department of Geology and Geophysics, IIT Kharagpur","Paleoclimatology, gas hydrates, benthic foraminifera, organic geochemistry",276,https://scholar.google.com/citations?hl=en&user=OxxKlcQAAAAJ
Dr. Shwetabh Srivastava,"Ph.D. Department of Mathematics, Indian Institute of Technology Kharagpur, India","Generalized inverse, Iteration methods, Matrix analysis",275,https://scholar.google.com/citations?hl=en&user=f0UZTtIAAAAJ
lakshmi vasudev kondeti,"Assistant Professor grade I, Department of Ocean Engineering and Naval Architecture, IIT …","Design Optimization, Marine Robotics and Control Algorithms",275,https://scholar.google.com/citations?hl=en&user=XYskUigAAAAJ
Dr. Subham Pal,Indian Institute of Technology Kharagpur,"Finite Element Analysis, Composite Structures, Optimization, Plate and Shells",275,https://scholar.google.com/citations?hl=en&user=UKYKG-QAAAAJ
Goutam Sen,"Associate Professor, Industrial and Systems Engineering, IIT Kharagpur","Combinatorial Optimization, Integer Programming, Large Scale Optimization",274,https://scholar.google.com/citations?hl=en&user=bJ6SDV0AAAAJ
ABHAY SINGH GOUR,"Associate Professor, Cryogenic Engineering Centre, IIT, Kharagpur, India","Cryogenic Engineering, Cryocooler, Superconductor Machines and Power System, Process Control and",274,https://scholar.google.com/citations?hl=en&user=EpJlHikAAAAJ
Subrata Bera,"Research Scholar, IIT Kharagpur",Computational Fluid Dynamics,272,https://scholar.google.com/citations?hl=en&user=ngNrq6sAAAAJ
Ritwik Ghoshal,"Assistant Professor, Indian Institute of Technology Kharagpur",Fluid Structure Interaction,272,https://scholar.google.com/citations?hl=en&user=2L6Xum4AAAAJ
Harshad Shrigondekar,"Assistant Professor, IIT Kharagpur",Fire and Industrial Safety,270,https://scholar.google.com/citations?hl=en&user=p_EIJa8AAAAJ
RAJARSHI BASU,"Research Scholar, IIT Kharagpur","nanoparticles, carbon dots, catalysis, sensing, fluorescence",270,https://scholar.google.com/citations?hl=en&user=d58vWxcAAAAJ
Namrata Gaikwad,"Assistant Professor, Department of Chemical Engineering, IIT Kharagpur","Gas Hydrates, Gas Separation, Energy Storage, CO2 Sequestartion, Desalination",268,https://scholar.google.com/citations?hl=en&user=nWrtNfUAAAAJ
Sreeja Nath Chowdhury,"Research scholar ,IIT Kharagpur","Polymer, Biocompatable polymer, Drug Delivery system, Superpramagnetic nanoparticles, magnetic",268,https://scholar.google.com/citations?hl=en&user=8k_cHDAAAAAJ
Ashwani Tyagi,"School of Energy Science and Engineering, IIT Kharagpur","Cathodes, Sodium ion batteries, Nanomaterials, Energy Storage Devices, Crystallography",267,https://scholar.google.com/citations?hl=en&user=4fIaFk4AAAAJ
Aishwarya Dash,"Indian Institute of Technology, Kharagpur, West Begal, India","Industrial Engineering, Supply Chain Management, Optimization Techniques",265,https://scholar.google.com/citations?hl=en&user=kr_RNoUAAAAJ
Gobinda Chandra Mohanty,IIT Kharagpur,"High entropy alloys, Materials Science, Supercapacitor",265,https://scholar.google.com/citations?hl=en&user=ryMdjnUAAAAJ
Surajit Murasingh,"CUTM, Odisha | IIT KGP, WB - India","Land-Atmosphere Interaction, Vegetation dynamics, Extreme Events",264,https://scholar.google.com/citations?hl=en&user=z0lsweUAAAAJ
Sahana V.,"Assistant Professor, Indian Institute of Technology Kharagpur","Hydro-climatic extremes, Hydrologic modeling, Drought risk assessment, Climate change impact",264,https://scholar.google.com/citations?hl=en&user=3apPWFUAAAAJ
Dr. Biswabhusan Bhuyan,"Assistant Professor (OES-I),Department of Higher Education,Government of Odisha,Ph.D (IIT …","Food Security, Banking, Financial Economics, Applied Econometrics",263,https://scholar.google.com/citations?hl=en&user=j64GoDYAAAAJ
Tamesh Halder,Indian Institute of Technology Kharagpur,"Signal Processing, Image processing, radar polarimetry, machine learning",263,https://scholar.google.com/citations?hl=en&user=e6mlYSsAAAAJ
Sudipta Dash,"M.Tech, IIT Kharagpur","RDNA Technology, Bacterial Biofilms, Biological Data Analysis, Systems Biology",263,https://scholar.google.com/citations?hl=en&user=l30YjgsAAAAJ
BINITA BORO,"IIT, Kharagpur",Perovskite Solar Cell,263,https://scholar.google.com/citations?hl=en&user=M2vFwfH4Ys4C
Dr. Subhrasankar Chatterjee,"Ph.D., IIT Kharagpur","Computational Neuroscience, Computer Vision",263,https://scholar.google.com/citations?hl=en&user=BuIEB3QAAAAJ
Dr. Anjali Khuntia,Indian Institute of Technology Kharagpur,"Food packaging, Encapsulation, Food Engineering",262,https://scholar.google.com/citations?hl=en&user=Pr-p9XYAAAAJ
Deepoo Meena,Research scholar at IIT kharagpur,"Food Authentication, Application of Spectroscopy, Machine learning, Process Modeling",260,https://scholar.google.com/citations?hl=en&user=XD1djycAAAAJ
Nagarjun Surulivel,IIT Kharagpur,"Power Electronic converters, Drives, Renewables",259,https://scholar.google.com/citations?hl=en&user=O8xZVjcAAAAJ
Raju Kumar,"Assistant Professor, Department of Geology and Geophysics, IIT Kharagpur","Radiation Physics, Dosimetry, Nuclear Methods and Instrumentation, Nuclear Geophysics",258,https://scholar.google.com/citations?hl=en&user=zFvnEaYAAAAJ
Pramit Roy,IIT Kharagpur,"Distributed Computing, Sensor Networks",258,https://scholar.google.com/citations?hl=en&user=WnUOYHgAAAAJ
Archana Patnaik,"Associate Professor, Indian Institute of Technology, Kharagpur","Community based natural resource …, Sociology of Science and Technology, Gender",258,https://scholar.google.com/citations?hl=en&user=u8u_nRsAAAAJ
Dr. Vishal Kumar,"Department of Mechanical Engineering, Indian Institute of Technology Kharagpur","Metal Additive Manufacturing, Laser cladding, Welding, Simulation, Forming",258,https://scholar.google.com/citations?hl=en&user=EUKAcL4AAAAJ
Dr Vutukuru Ravindra,"Assistant Professor Grade 1, CRDIST, IIT Kharagpur","Solar Thermal, CO2 systems, Superconductivity, Vacuum Technology, Semiconductor",257,https://scholar.google.com/citations?hl=en&user=DlINqhAAAAAJ
Anish Das,IIT Kharagpur,"General Relativity, Astrophysics",257,https://scholar.google.com/citations?hl=en&user=5UKmbPQAAAAJ
Shantanu Patel,"University of Alberta, Indian Institute of Technology Kharagpur","Rock Mechanics, Numerical Modelling in Geomechanics, Waste disposal in Rock, Slopes, Mining",257,https://scholar.google.com/citations?hl=en&user=qvqyQOsAAAAJ
Banibrata Mukherjee,"Assistant Professor, Indian Institute of Technology Kharagpur","Energy Harvesting, MEMS sensor, Piezoelectric Triboelectric Electromagnetic, Sensor fusion, Circuit",256,https://scholar.google.com/citations?hl=en&user=6WiTAcUAAAAJ
Amina Khatun,"PhD, Indian Institute of Technology Kharagpur","Hydroclimatology, Flood forecasting, Flood risk, Climate change impacts, ML/DL applications",256,https://scholar.google.com/citations?hl=en&user=p0SWSCAAAAAJ
Vara Prasad Kasa,IIT Kharagpur,Microplastics,256,https://scholar.google.com/citations?hl=en&user=woPhHSMAAAAJ
Sangeeta Das,"PhD, Indian Institute of Technology Kharagpur","Power Systems, Distribution Networks, Distributed Generation, Renewables, Load Variations",255,https://scholar.google.com/citations?hl=en&user=HJVh9FcAAAAJ
Himanshu Singh,Post Doctoral Research Associate Indian Institute of Technology Kharagpur,Materials Manufacturing,255,https://scholar.google.com/citations?hl=en&user=CmVx2g0AAAAJ
PURBASHA MAJI,"PMRF, IIT Kharagpur","Polymer nanocomposite, surface modification, thermoplastic elastomer, grafting",255,https://scholar.google.com/citations?hl=en&user=qPlwTksAAAAJ
Tila Khan,"School of Medical Science & Technology, Indian Institute of Technology Kharagpur","Infectious diseases, Vaccines, Molecular epidemiology, clinical and public health, one health",254,https://scholar.google.com/citations?hl=en&user=2ECfc8wAAAAJ
Pankaj Kumar,"Nano Science and Technology, Indian Institute of Technology Kharagpur","Electrochemistry, Surface Coating, Thin films, Photocatalysis, Wetting",253,https://scholar.google.com/citations?hl=en&user=RFWVtOMAAAAJ
Kajal Sarkar,"Indian Institute of Technology, Kharagpur, WB. INDIA","Technical Textiles (Conductive Textiles), EMI shielding",252,https://scholar.google.com/citations?hl=en&user=8kddsfoAAAAJ
Aakashjit Bhattacharya,Research Scholar at Indian Institute of Technology Kharagpur,"Real-time Internet of Things, Edge Computing, Fog Computing, Cloud Computing, Mobile Crowd Sensing",251,https://scholar.google.com/citations?hl=en&user=BLMncXIAAAAJ
Noel Richard Merritt,IIT Kharagpur,Power System,250,https://scholar.google.com/citations?hl=en&user=N34YrsYAAAAJ
Adarsh Kumar,Indian Institute of Technology Kharagpur,"Natural Language Processing, Computational Linguistics, Generative Modelling, Music Generation",250,https://scholar.google.com/citations?hl=en&user=GFvEdicAAAAJ
Sayantan Santra,"Research Scholar, AgFE, Indian Institute of Technology Kharagpur","Waste Valorization, Polymer, Polylactic Acid, Fermentation",250,https://scholar.google.com/citations?hl=en&user=OVRTDZIAAAAJ
Jyoti Verma,Indian Institute of Technology Kharagpur,"Molecular Microbiology, Antimicrobial Chemotherapy",249,https://scholar.google.com/citations?hl=en&user=UDcuv4EAAAAJ
Pranay Sarkar,"Ph.D., Agricultural and Food Engineering Department, IIT Kharagpur","Farm Machinery, Robotics in Agriculture, Image Processing, Machine Learning, Optimization",248,https://scholar.google.com/citations?hl=en&user=5X4ePYkAAAAJ
Sista Raviteja,Indian Institute of Technology Kharagpur,"deep learning, computer vision, machine learning, image analysis, image guided surgery",247,https://scholar.google.com/citations?hl=en&user=GoC4I4EAAAAJ
Sangeeta Sankhla,"PhD, Indian Institute of Technology Kharagpur, India","Cellulose nanofibers, aramid nanofibers, secondary bio-resources, composite films",246,https://scholar.google.com/citations?hl=en&user=mnIGKbEAAAAJ
Akash Kumar,IIT Kharagpur,Microbiology,245,https://scholar.google.com/citations?hl=en&user=a3X4QR4AAAAJ
Anubhab Sinha,Indian Institute of Technology Kharagpur,"Mechanical Vibrations, Sommerfeld effect, Synchronization Theory, Bond graphs, AI-ML models",245,https://scholar.google.com/citations?hl=en&user=X2sVtuoAAAAJ
Dr. Sabinaya Biswal,M.Tech and PhD from Indian Institute of Technology Kharagpur,Groundwater Hydrology  Surface Water and …,244,https://scholar.google.com/citations?hl=en&user=3bxZaRcAAAAJ
SHANKHA PRATIM BHATTACHARYA,Indian Institute of Technology Kharagpur,"Disaster Resistant Architecture, Construction Management, IEQ, Building Energy",244,https://scholar.google.com/citations?hl=en&user=uRQRFATvtpcC
Madhulekha Rakshit,IIT Kharagpur,,244,https://scholar.google.com/citations?hl=en&user=zBr9DcEAAAAJ
Dr. Sibananda Sahu,"Post-Doctoral Fellow, Department of Metallurgical and Materials Engineering, IIT Kharagpur","Extractive Metallurgy, Leaching, solvent extraction, Precipitation, Hydrometallurgy",244,https://scholar.google.com/citations?hl=en&user=HErsQmoAAAAJ
Dr. Soumitra Sau,"Post Doctoral Fellow (IPDF), IIT Kharagpur","Conjugated Microporous Polymers, Photocatalysis, Environmental Remediation, Uranium Extraction",244,https://scholar.google.com/citations?hl=en&user=xugL6xMAAAAJ
Naquee Rizwan,"CSE, IIT Kharagpur","Multimodal, Multimedia, Content Moderation",244,https://scholar.google.com/citations?hl=en&user=6AnzWMQAAAAJ
SHUVENDU TRIPATHY,"Former research scholar of Materials science center, IIT Kharagpur","Synthesis  nanoparticles, SOFC, Ferroelectric, Magnetic   Porous ceramics",242,https://scholar.google.com/citations?hl=en&user=LtSZqxoAAAAJ
Jonaki Mukherjee,"Central Glass & Ceramic Research Institute, Indian Institute of technology, Kharagpur","Thin Films, Nano Composite, Mechanical Properties",241,https://scholar.google.com/citations?hl=en&user=UdTzwBcAAAAJ
Dr. Saikat Ghosh,"PhD, Indian Institute of Technology Kharagpur","Solar Energy, Applied Photovoltaics, Decarbonization",241,https://scholar.google.com/citations?hl=en&user=EaGFYLEAAAAJ
Dr. Rohit Kumar,"Institute Post-doctoral Fellow, IIT Kharagpur","Homogenous Catalysis, CC and CN Coupling Reactions, Sustainable catalysis, CO2 Reducation",241,https://scholar.google.com/citations?hl=en&user=PTCNeJAAAAAJ
Arihant Binaykia,"Dual Degree Graduate, IIT Kharagpur","Machine Learning, Artificial Intelligence, Survival Prediction, Decision Science",240,https://scholar.google.com/citations?hl=en&user=F2oKf88AAAAJ
Dr. Indrajit Dey,"Institute Post Doctoral Fellow of Metallurgical & Materials Engineering, IIT, Kharagpur, India","Steel, TMCP, Heat Treatment, Structure-Property Correlations, Modeling",240,https://scholar.google.com/citations?hl=en&user=w1QCmjUAAAAJ
Swagata Paul,"Research Scholar , IIT Kharagpur",Organic synthesis,240,https://scholar.google.com/citations?hl=en&user=UjpkHAUAAAAJ
Ankita Bhattacharya,"Research Scholar at Department of Metallurgical and Materials Engineering, IIT Kharagpur","Structure - property correlation, Physical Metallurgy, Mechanical Metallurgy",239,https://scholar.google.com/citations?hl=en&user=Skb-S_AAAAAJ
Gulshan Kumar Malik,Indian Institute of Technology Kharagpur,"Food Packaging, Food Engineering",239,https://scholar.google.com/citations?hl=en&user=dvoTZHoAAAAJ
Writtick Pakhira,"Postdoctoral Fellow, Chemical Engineering Department, Indian Institute of Technology …","MEMS, Bio-MEMS, Lab-on-a-chip, Microfluidics, Biosensor",239,https://scholar.google.com/citations?hl=en&user=6V9wiCEAAAAJ
Raj Kumar Sadhu,"Assistant Professor, Indian Institute of Technology Kharagpur","Biophysics, Statistical Mechanics, Cytoskeletal Dynamics, Cell Migration, Membrane Mechanics",238,https://scholar.google.com/citations?hl=en&user=4K3Rsr0AAAAJ
Amaresh,"Research scholar, IIT Kharagpur","3D Food Printing, Food rheology, Food engineering, Modelling",238,https://scholar.google.com/citations?hl=en&user=hJIbpgYAAAAJ
J Manoj Balaji,"Indian Institute of Technology, Kharagpur","Machine Learninng, Natural Language Processing, Sanskrit Computational Linguistics",238,https://scholar.google.com/citations?hl=en&user=7jZFRqMAAAAJ
Vinay Arya,Indian Institute of Technology Kharagpur (IIT Kharagpur),"Nanofluidic Transport, Interfacial Phenomena, Physics-Informed ML",238,https://scholar.google.com/citations?hl=en&user=mRa-uLMAAAAJ
Deepak  Kumar Kushwaha,"Assistant Professor, School of Manageemnt, OP Jindal University Raigarh, Ph.D. IIT …","Combinatorial Optimization, Large Scale Optimization, Operation Research, Ergonomics",237,https://scholar.google.com/citations?hl=en&user=sSLMGygAAAAJ
"ANIKET PATRA, PhD","Assistant Professor, Indian Institute of Technology Kharagpur","weakly nonintegrable dynamics, far-from-equilibrium systems, fractional quantum Hall physics",237,https://scholar.google.com/citations?hl=en&user=hY72m2IAAAAJ
Sumana Gupta,"Associate Professor in Architecture & Regional Planning, IIT Kharagpur","disaster management, facility planning and service quality evaluation, building materials, housing, transportation planning",237,https://scholar.google.com/citations?hl=en&user=cVihIO0AAAAJ
Dr. Vipin Kumar Mishra,"VIT Bhopal University, Amity University Mumbai,IITB, IITKgp",Computational Biology and Chemistry,236,https://scholar.google.com/citations?hl=en&user=BlIHhKgAAAAJ
Devsamridhi Arora,"Assistant professor, Department of Geology and Geophysics, IIT Kharagpur","Metamorphic petrology, Mineralogy, Antarctic sciences",236,https://scholar.google.com/citations?hl=en&user=IJkYS7gAAAAJ
Dr. Linkon Bharali,"Postdoctoral Researcher at IIT Kharagpur, India","Materials Chemistry, Catalysis, Photocatalysis, Inorganic Chemistry",234,https://scholar.google.com/citations?hl=en&user=r1FbXGoAAAAJ
Shubhabrata Paul,IIT Kharagpur,"Paleobiology, Pleoecology, Paleontology",233,https://scholar.google.com/citations?hl=en&user=iS7KH3MAAAAJ
Guruprasad Bhattacharya,"Research Scholar, Indian Institute of Technology Kharagpur","Nanomaterial, Photocatalysis, Electrocatalysis, CO2 Capture, CO2 Utilization",233,https://scholar.google.com/citations?hl=en&user=zv9afkYAAAAJ
Rahul Binjhade,"Senior Research Fellow, Chemical Engineering, IIT Kharagpur","Photocatalysis, Wastewater treatment, Catalyst immobilization & Characterization, optimization",233,https://scholar.google.com/citations?hl=en&user=51NJOvMAAAAJ
Suvadeep Hajra,"Student of Computer Science and Engineering, IIT Kharagpur","Machine Learning, Deep Learning, Security",232,https://scholar.google.com/citations?hl=en&user=4gC9KM4AAAAJ
Chandra Kant Kaithwas,Indian Institute of Technology Kharagpur,"Grain Boundary Engineering, Corrosion Engineering, Thermo Mechanical Processing, and Sodiom Ion Batteries",232,https://scholar.google.com/citations?hl=en&user=FaaP_DUAAAAJ
"Abhisek Mandal, Ph.D.","Research Scholar, IIT Kharagpur","Thermomechanical processing, Multi-phase Steel, Fracture, Physical Metallurgy, Characterization",232,https://scholar.google.com/citations?hl=en&user=C-94j5YAAAAJ
Priyanka Laha,Indian Institute of Technology Kharagpur,"Entrepreneurship, Energy System Modelling, Energy Policy",232,https://scholar.google.com/citations?hl=en&user=PV0i8JQAAAAJ
Dr. Buddhadev Ghosh,"Postdoctoral Fellow, IIT Kharagpur, Ph.D, Visva-Bharati","Air pollution, Air Quality, Human Health, Environmental Health",232,https://scholar.google.com/citations?hl=en&user=YMiQzogAAAAJ
Suman Kumar Chakraborty,"Research Scholar, Indian Institute of Technology Kharagpur","2D Heterostructure, Light-matter interactions, Strongly Correlated Physics",232,https://scholar.google.com/citations?hl=en&user=yI1AHcEAAAAJ
Appu K Singh,"Indian Institute of Technology, Kharagpur",Thermoelectric materials,231,https://scholar.google.com/citations?hl=en&user=yRSncV8AAAAJ
Dr. Swathi Thottathil,"Postdoctoral Fellow, IIT Kharagpur","Porous Organic Polymers, Adsorption, Microbial studies, Antimicrobial polymer",231,https://scholar.google.com/citations?hl=en&user=2NQgxEUAAAAJ
Pulasta Chakrabarty,"Principal Project Associate, IIT Kharagpur","Microfluidics, Lab-on-a-chip, Therapeutics, Diagnostics, Deep learning",230,https://scholar.google.com/citations?hl=en&user=By19vJMAAAAJ
Pallavi Pandey,"Assistant Professor, IIT Kharagpur",HR and OB,229,https://scholar.google.com/citations?hl=en&user=2pyM9_QAAAAJ
Ramakrushna Reddy,IIT Kharagpur,"Seismology, Geophysics",228,https://scholar.google.com/citations?hl=en&user=BFqJNLsAAAAJ
Gurunath Reddy M,IIT Kharagpur,Speech and Music Signal Processing,228,https://scholar.google.com/citations?hl=en&user=WuqsazcAAAAJ
Puja Majumder,"Indian Institute of Technology, Kharagpur","Structural biology, biochemistry, antiphage defense, CRISPR, membrane proteins",228,https://scholar.google.com/citations?hl=en&user=a9JYDr4AAAAJ
Ankita Mondal,Research Scholar - IIT Kharagpur,"Energy materials, Supercapacitors, Asymmetric Supercapacitor device",227,https://scholar.google.com/citations?hl=en&user=PeOfl_EAAAAJ
Abhay Guleria,"Assistant Professor Grade-II, School of Water Resources, IIT Kharagpur","Water Quality, Groundwater, Contaminant Hydrology, Human Health Risk Assessment",226,https://scholar.google.com/citations?hl=en&user=o3w4iLoAAAAJ
Tanvir Singh Badwal,Indian Institute of Technology (IIT) Kharagpur,"Food Science, Food Chemistry, Agricultural and Food Engineering, Food Process Engineering",225,https://scholar.google.com/citations?hl=en&user=1a2Pg3UAAAAJ
Subodh Kumar,"Research Scholar, Indian Institute of Technology, Kharagpur","slope stability of overburden dump of coal …, behavior of mixed material, Geotechnical study of coal mine overburden",225,https://scholar.google.com/citations?hl=en&user=Gev1GJ8AAAAJ
Karuna Prasad Sahoo,IIT Kharagpur,"Cardiovascular Systems, Neural Systems, Signal Processing, Embedded Systems",225,https://scholar.google.com/citations?hl=en&user=0Rt0fXcAAAAJ
Swapnadip De Chowdhury,Indian Institute of Technology Kharagpur,"water waves, SPH, marine renewable energy",224,https://scholar.google.com/citations?hl=en&user=1l34rMIAAAAJ
Dr. Anu Verma,"Indian Institute of Technology, Kharagpur, West Bengal-721302, India","Corrosion Mitigation, Smart multifunctional coatings, Biomass Conversion",224,https://scholar.google.com/citations?hl=en&user=vmPJsCQAAAAJ
Anitesh Kumar Singh,"Research scholar, Department of Mechanical engineering, IIT Kharagpur","Additive Manufacturing, Laser Material Processing, Non-traditional manufacturing process",223,https://scholar.google.com/citations?hl=en&user=A18bKOcAAAAJ
Sankalp Biswal,"Research Scholar, Indian Institute of Technology Kharagpur","Computational Modeling, High Temperature Deformation, Structure-Property Correlation",223,https://scholar.google.com/citations?hl=en&user=YjtG--8AAAAJ
Dr. Priyankar Kumar,Doctor of Philosophy   at IIT Kharagpur,"Climate change, Atmospheric Science, Mathematics, heatwave, Probability and statistics",223,https://scholar.google.com/citations?hl=en&user=hNn1dxMAAAAJ
Yaswanth Narsupalli,"B.Tech + M.Tech in AI and ML, IIT Kharagpur","Natural Language Processing, Large Language Models, Foundational Models",223,https://scholar.google.com/citations?hl=en&user=0xLN_4gAAAAJ
Premeshworii Devi Maibam,"Post-Doctoral Fellow, Indian Institute of Technology Kharagpur","Lignocellulosic Biomass, Biofuel, Enzyme Technology, Bioenergy, Lignin valorization",222,https://scholar.google.com/citations?hl=en&user=57bs6WAAAAAJ
Dr. Amit Passi,Indian Institute of Technology Kharagpur,Indoor air quality management,222,https://scholar.google.com/citations?hl=en&user=JzJkc_AAAAAJ
Dinesh Kumar,"Phd, Indian Institute of Technology Kharagpur.",Solar Photovoltaics,221,https://scholar.google.com/citations?hl=en&user=hBjgE3EAAAAJ
Tamal Jana,IIT Kharagpur,"Aerodynamics, Shock Wave and Boundary Layer Interactions, Jet Control and Base Flows",220,https://scholar.google.com/citations?hl=en&user=LBmm6J8AAAAJ
Dr. Cinu Varghese,Indian Institute of Technology Kharagpur,"Food Science and Nutrition, Product Development, Sensory and Consumer research, Public health",220,https://scholar.google.com/citations?hl=en&user=FuuUymoAAAAJ
Aniruddha Bhattacharya,"Assistant Professor of Electronics Engineering, and of Physics, IIT Kharagpur",Quantum Physics,219,https://scholar.google.com/citations?hl=en&user=GIl4FaQAAAAJ
Irin Bandyopadhyaya,"Ph.D scholar, Indian Institute of Technology, Kharagpur","Biomedical Signal Processing, Robotics",219,https://scholar.google.com/citations?hl=en&user=NTrPLiEAAAAJ
Dr. Sushil Narayan Mhaske,"Senior project officer, Indian Institute of Technology, Kharagpur",Geological Remote Sensing and …,219,https://scholar.google.com/citations?hl=en&user=1-kaJ1sAAAAJ
Dr. Ayushi Gupta,Indian Institute of Technology- Kharagpur,"Optical RS, AI/ML techniques, RS&GIS, Ecological Modeling",219,https://scholar.google.com/citations?hl=en&user=CoEpduYAAAAJ
Chetan Singh,"Assistant Professor, Indian Institute of Technology Kharagpur","Mechanical behaviour, Characterization of materials, Electron microscopy, Microstructure-property",219,https://scholar.google.com/citations?hl=en&user=pxUmUlAAAAAJ
Dr. Lisa sarkar,National post doctoral fellow (IIT Kharagpur),"Microelectronics, Triboelectric Energy Harvester, FET based Gas sensing, Piezoelectric Sensor",219,https://scholar.google.com/citations?hl=en&user=IZx1O6IAAAAJ
Anushree Basu,"Student of Electrical Engineering, IIT Kharagpur","Thermal Imaging, Image Processing, Computer Vision, Embedded Systems",218,https://scholar.google.com/citations?hl=en&user=tSV1OC8AAAAJ
Srinivas Reddy Kota,Indian Institute of Technology Kharagpur,"Information Theory, Stochastic Inference, Coding Theory and Networks",218,https://scholar.google.com/citations?hl=en&user=tqgIzfwAAAAJ
Dr Alok Chandra,IPDF (IITKharagpur); PhD (UBC); MTech (IITGuwahati),"Geoenvironmental Engineer, Contaminant Transport, Barrier Systems, Environmental Soil Physics",218,https://scholar.google.com/citations?hl=en&user=fLCFHqAAAAAJ
Kartik Chandra Guchhait,"School of Medical Science and Technology, Indian Institute of Technology, Kharagpur","Molecular microbiology, Bacterial cloning, Biofilm, Natural plant products",218,https://scholar.google.com/citations?hl=en&user=HNZdszAAAAAJ
subhajit sidhanta,"Assistant Professor, IIT Kharagpur","Distributed Storage Systems, Big Data Analytics, Large Scale Parallel Processing",217,https://scholar.google.com/citations?hl=en&user=DshDwzEAAAAJ
Satvik Anshu,IIT Kharagpur (PHD),"Carbons, Sodium-ion Batteries, Supercapacitors, Large Area Pouch Cells, Electrospun nanofibers",217,https://scholar.google.com/citations?hl=en&user=xGvMBYgAAAAJ
Nilabhra Mondal,"Doctoral Scholar, IIT Kharagpur  |  B.Arch (2019-2024), IIT Kharagpur","Human-city Interaction, UBEM, Sustainable Cities, Building Physics, GIS",216,https://scholar.google.com/citations?hl=en&user=1KonmvUAAAAJ
Ravi Shaw,IIT Kharagpur,Microwave Antennas,215,https://scholar.google.com/citations?hl=en&user=0Uej0eYAAAAJ
Ritabrata Ganguly,Indian Institute of Technology Kharagpur,"polymers, microgel, polyzwitterions, mussel-mimetic",215,https://scholar.google.com/citations?hl=en&user=E7mWZ4sAAAAJ
Ayan Pradhan,"Post-Doctoral Fellow, Department of Bioscience & Biotechnology, IIT Kharagpur","Inflammation, Autoimmunity, Redox Biology, Neurodevelopmental disorders, Breast Cancer",215,https://scholar.google.com/citations?hl=en&user=Xfl4zioAAAAJ
Nirmal Kumar,IIT Kharagpur,Applied Mechanics,213,https://scholar.google.com/citations?hl=en&user=w1icfZgAAAAJ
Chinmaya Mishra,"Indian Institute of Technology, Kharagpur","Biology, Biotechnology",213,https://scholar.google.com/citations?hl=en&user=M8sR3jgAAAAJ
Dr. Govardhana Poojari,"Ph.D., Indian Institute of Technology Kharagpur","Steel, Microstructure, Phase transformations, Tensile & Impact properites, Wear",212,https://scholar.google.com/citations?hl=en&user=3Qn83p0AAAAJ
sashmita panda,"Postdoctoral Fellow, Northwestern University, Chicago,USA, Ph.D, IIT Kharagpur","Signal Processing, Computational Neuroscience, AI/ML",212,https://scholar.google.com/citations?hl=en&user=oRUugKsAAAAJ
Mahesh Mohan MR,Indian Institute of Technology Kharagpur,"Signal processing, Image processing, Machine Learning, Computer Vision",212,https://scholar.google.com/citations?hl=en&user=gNshB_kAAAAJ
Shambhu Sau,Indian Institute of Technology Kharagpur,"Multilevel Converters, Medium Voltage Drives, HVDC, FACTs, STATCOM",212,https://scholar.google.com/citations?hl=en&user=ZMruiSwAAAAJ
Prantik Bagchi,"Assistant Professor of Economics, Department of HSS, IIT Kharagpur","Energy Economics, Resource and Environmental Economics, Development Economics, Applied Economics",212,https://scholar.google.com/citations?hl=en&user=E0vHRQ4AAAAJ
Dr. Ajay Kumar Mishra,"Assistant Professor of Finance,VGSoM IIT Kharagpur","Market Microstructure, Financial Markets, Asset Pricing, Short Selling, Liquidity",211,https://scholar.google.com/citations?hl=en&user=Kho5ThsAAAAJ
MAYANK VERMA,"Post Doc - IIT Kharagpur, Ph.D. - IIT Patna","Solid Phase Processing, Welding & AM, Material Characterization, FEM, Corrosion",211,https://scholar.google.com/citations?hl=en&user=rSzB7KsAAAAJ
Satabdi Bera,Indian Institute of Technology Kharagpur,CH functionalization,209,https://scholar.google.com/citations?hl=en&user=hvAEE1kAAAAJ
ANAMIKA DAS,"Indian Institute of Technology, Kharagpur","Molecular genetics, Microbiology, Immunogenetics",208,https://scholar.google.com/citations?hl=en&user=3DK-N4AAAAAJ
ARUP RATAN PARAMANIK,"Prime Minister's Research Fellow, Indian Institute of Technology Kharagpur","Operations and Supply Chain Analytics, Circular Economy, Optimization Modeling, Operations Research",208,https://scholar.google.com/citations?hl=en&user=0gFOmsEAAAAJ
Yasoda Gayatri,Aerospace Engineering Student at IIT Kharagpur,"Aerodynamics, Flight Controls, Thermodynamics and Propulsion",208,https://scholar.google.com/citations?hl=en&user=DUYkfvgAAAAJ
Swagat Das,PhD Research scholar at Indian Institute of Technology Kharagpur,"Sustainable energy, Process metallurgy, Material characterization",208,https://scholar.google.com/citations?hl=en&user=MhkbgoYAAAAJ
Rajarshi Bhar,Indian Institute of Technology Kharagpur,"Renewable energy, Circular engineering, Life Cycle Assessment, Hydrogen energy, Environmental engineering",208,https://scholar.google.com/citations?hl=en&user=ynPNRskAAAAJ
BAPAN BISWAS,Post Doc. (IIT Kharagpur); PhD (JNU),"Tribes, Poverty, Public Policy, Gender, Migration & Livelihood",208,https://scholar.google.com/citations?hl=en&user=bgb2CG8AAAAJ
Aniket Singha,"Electronics and Electrical Communication Engineering, Indian Institute of Technology …","NEGF, Quantum Transport, Many-Body physics, Spintronics, 2D Materials",207,https://scholar.google.com/citations?hl=en&user=OFlYNpgAAAAJ
Debabrata Paladhi,"Research Scholar of Department of Physics, Indian Institute of Technology Kharagpur, India",High Temperature Superconductors,206,https://scholar.google.com/citations?hl=en&user=-fLSsqsAAAAJ
MANILA MALLIK,IIT KHARAGPUR,"Electrochemistry, Mechanical Metallurgy, Surface Engineering, Material Characterization",206,https://scholar.google.com/citations?hl=en&user=fh3AP8sAAAAJ
Dr. Md Moshabbir Alam,Indian Institute of Technology Kharagpur (IIT KGP),"Marginalized Communities, Gender Studies, Social Change, Public Policy, Law & Governance",206,https://scholar.google.com/citations?hl=en&user=UC7LcbIAAAAJ
Nurul Islam,"Project Assistant,IIT Kharagpur, BE Jadavpur University",,205,https://scholar.google.com/citations?hl=en&user=Xx0nDZMAAAAJ
Dr. Joysmita Chatterjee,IIT Kharagpur,"Antenna, metamaterials and metasurfaces, reconfigurable antennas, antenna RCS, mimo",205,https://scholar.google.com/citations?hl=en&user=jm7EcOYAAAAJ
Sayan Layek,IIT Kharagpur,"LLM, Safety Alignment, VLM, Multimodal Learning",205,https://scholar.google.com/citations?hl=en&user=TmITi54AAAAJ
Swarup Kumar Panda,"Department of Mathematics, IIT Kharagpur",Combinatorial Matrix Theory,204,https://scholar.google.com/citations?hl=en&user=i1Aof2sAAAAJ
Debdeep Sikdar,PhD from IIT Kharagpur,"eeg, signal processing, fractal",204,https://scholar.google.com/citations?hl=en&user=z5EoE5MAAAAJ
Subhasmita Sahoo,"Research Scholar, Indian Institute of Technology Kharagpur","Speech signal processing, Signal processing, Audio-visual processing",204,https://scholar.google.com/citations?hl=en&user=kRvuZ5sAAAAJ
Mopidevi Manikanta Kumar,"PhD, IIT Kharagpur; IPDF, IIT Bombay","Energy Materials, Zn-air battery, Zn-ion Battery, Water Splitting",204,https://scholar.google.com/citations?hl=en&user=VCeg3JUAAAAJ
Soumik Das,Indian Institute of Technology Kharagpur,"Climate Dynamics, Agriculture, Vulnerability & Risk, Adaptation & Resilience, SDGs",204,https://scholar.google.com/citations?hl=en&user=tbAKgWgAAAAJ
Shohaib Abass,"Postdoctoral Fellow, Indian Institute of Technology Kharagpur","Condensed Matter Physics, Solid State Physics, Material Characterization",204,https://scholar.google.com/citations?hl=en&user=P-sOVXAAAAAJ
Prasenjit Haldar,"Research Scholar, Department of Physics, IIT Kharagpur, India",,203,https://scholar.google.com/citations?hl=en&user=2obLKLgAAAAJ
Sayak Roychowdhury,"Department of Industrial and Systems Engineering, IIT Kharagpur","Operations Research, Statistics, Quality & Reliability, Machine Learning, AI",203,https://scholar.google.com/citations?hl=en&user=nMErrtoAAAAJ
AMAL KRISHNA,"Research Scholar, Indian Institute of Technology Kharagpur (IITKGP)","Unconventional Energy Resources, Energy Storage, Applied Solar Photovoltaics",202,https://scholar.google.com/citations?hl=en&user=5216t0gAAAAJ
Dr. Fatima Saeed,Indian institute of technology Kharagpur,"Metal organic frameworks, Chemical engineering, advance separation techniques, Membranes, Adsorbent",202,https://scholar.google.com/citations?hl=en&user=7-KEpg8AAAAJ
NANIGOPAL BERA,"PhD, IIT Kharagpur","Ionic Liquids, Direct Air CO2 Capture, Ultrafast Dynamics, Metal Nanoclusters, Lipid Membranes",202,https://scholar.google.com/citations?hl=en&user=vqhT2lYAAAAJ
DKVD Prasad,IIT Kharagpur,"Metallic glasses, metallic glass coatings, high entropy alloys, ceramic matrix composites",201,https://scholar.google.com/citations?hl=en&user=pXtaCSEAAAAJ
Dr. Shreyas P. Bharule,"Assistant Professor, Dept. of Architecture & Regional Planning, IIT Kharagpur","TOD, Station Area Dev & Mgmt, Urban & Regional Planning, Architecture, High Speed Railway",200,https://scholar.google.com/citations?hl=en&user=cvEv8M4AAAAJ
Iti Sharma,Indian Institute of Technology Kharagpur,"microbial fuel cell, renewable energy, bioenergy, waste treatment",199,https://scholar.google.com/citations?hl=en&user=LKuYq1oAAAAJ
Dipmalya Basak,"SRF Department of Chemistry, IIT Kharagpur",Synthetic Inorganic Chemistry,199,https://scholar.google.com/citations?hl=en&user=XsH92rgAAAAJ
Priyajit Mukherjee,"Research Scholar in the Department, E&ECE, IIT KHARAGPUR.",Network On Chip,197,https://scholar.google.com/citations?hl=en&user=igYvymYAAAAJ
Shubhrajit Maitra,"Assistant Professor, IIT Kharagpur","Offshore Geotechnics, Geotechnical Engineering",197,https://scholar.google.com/citations?hl=en&user=DsFd390AAAAJ
Anurupa Maiti,IIT Kharagpur,Nanomaterials,197,https://scholar.google.com/citations?hl=en&user=UFv1m9AAAAAJ
RAJKUMAR SAHOO,"Research Scholar,Department of Chemistry, IIT Kharagpur","Ionic Liquid, GUMBOS, Protein folding, Biosensing, FRET",197,https://scholar.google.com/citations?hl=en&user=VQz0uPIAAAAJ
Arman Kunwar Hansda,"PhD, Indian Institute of Technology (IIT) Kharagapur","Molecular Immunology, T-cell Biology, Molecular Biology",197,https://scholar.google.com/citations?hl=en&user=OvzKB14AAAAJ
Shaona Bose,"PhD candidate, Indian Institute of Technology Kharagpur","perovskites, optoelectronic devices, density functional theory",197,https://scholar.google.com/citations?hl=en&user=iIST4OgAAAAJ
Israr Majeed,"Indian institute of technology, Kharagpur","Hyperspectral Imaging, Crop Modeling, Diffuse reflectance spectroscopy in agriculture, Chemometrics",196,https://scholar.google.com/citations?hl=en&user=dA77Ae0AAAAJ
Dr.Chita Ranjan Dalai,"Indian Institute of Technology, Kharagpur","Saltwater intrusion, Laboratory techniques, Porous media physics, Density dependent flow",196,https://scholar.google.com/citations?hl=en&user=x11csosAAAAJ
Hena Gain,Indian Institute of Technology Kharagpur,"Biotechnology, Microbiology, Plant Molecular Biology, Plant Breeding, Genetics",196,https://scholar.google.com/citations?hl=en&user=KrTng-cAAAAJ
Sachin Vashistha,"Indian Institute of Technology, Kharagpur","Natural Language Processing, Neuro-symbolic Methods",196,https://scholar.google.com/citations?hl=en&user=9DFf_lAAAAAJ
Kapil Kumar Meena,Indian Institute Of Technology Kharagpur,"Transportation Planning, Travel Behavior Analysis, Air Pollution Exposure",194,https://scholar.google.com/citations?hl=en&user=5jIAPTEAAAAJ
Prem Pal Singh,"PHD Researcher, IIT Kharagpur","Supercapacitor, Piezoelectronics, Smart EMI Shielding Composites, Cosmetics, Formulations",194,https://scholar.google.com/citations?hl=en&user=TSFmlFoAAAAJ
Jignesh Sindha,Indian Institute of Technology Kharagpur,"Vehicular technology, Vehicle dynamics, Multibody dynamics, Active control systems, Electric Vehicles.",193,https://scholar.google.com/citations?hl=en&user=P73XAi0AAAAJ
Dr Santosh Kumar,National Postdoctoral Fellow at IIT Bombay; PhD & M.tech at IIT Kharagpur; B.tech at IIT …,"Algal bioelectrochemistry, Bioenergy, Carbon sequestration, Dark fermentation, Wastewater treatment",193,https://scholar.google.com/citations?hl=en&user=zkvRXcUAAAAJ
"Sumanta Kumar Das, Ph.D.","IPDF, Indian Institute of Technology Kharagpur","Electrochemistry, Fuel Cell, Battery, OER, DFT",193,https://scholar.google.com/citations?hl=en&user=64FWz5EAAAAJ
Sahil Chauhan,"Project Scientist-I, Central Pollution Control Board (CPCB) HO, Delhi, India | Ph.D, IIT …","Waste, Materials, Heterogenous Catalysis, Films/Membranes, Environmental Remediation",192,https://scholar.google.com/citations?hl=en&user=r0-4jZUAAAAJ
Pravin Sawai,"Materials Science Centre, IIT Kharagpur","Polymer, Synthesis, Functional Materials, Materials Characterization",192,https://scholar.google.com/citations?hl=en&user=uaQya4QAAAAJ
Shuvodip Maitra,IIT Kharagpur,"Energy materials, Nanomaterials, Thin film growth and depositions, Si-microfabrications",191,https://scholar.google.com/citations?hl=en&user=U87B4HIAAAAJ
Anushka,Doctoral Student of IIT Kharagpur,"Paper based microfluidics, Fluid mechanics",191,https://scholar.google.com/citations?hl=en&user=E47ZzQMAAAAJ
Vineet Kumar,"PayPal, Jadavpur University, IIT Kharagpur","Machine Learning, NLP",190,https://scholar.google.com/citations?hl=en&user=yjsc7cgAAAAJ
Dibbendu Roy,"Assistant Professor, IIT Kharagpur","Access Networks, Fog and Edge Computing, Game Theory and Optimization, Machine Learning",190,https://scholar.google.com/citations?hl=en&user=CIPb4sQAAAAJ
Somaraju Boda,"Research Scholar, IIT Kharagpur","Biomedical signal processing, Non-stationary signal processing, Machine learning",189,https://scholar.google.com/citations?hl=en&user=Fg0JdO8AAAAJ
Ajay Kumar Mishra,"VGSoM, IIT Kharagpur","Market Microstructure, Asset Pricing, Valuation and Banking",188,https://scholar.google.com/citations?hl=en&user=n7YWccEAAAAJ
SM Ananth,"Assistant Professor, IIT Kharagpur","CFD, Transition, High-fidelity simulations, High order methods, Turbomachinery",188,https://scholar.google.com/citations?hl=en&user=WDUf3IQAAAAJ
Amardip Ghosh,"Indian Institute of Technology, Kharagpur","Rocket Propulsion, Aircraft Propulsion, Gas Turbine Combustion, Combustion Instability",187,https://scholar.google.com/citations?hl=en&user=jR7ooDcAAAAJ
Ramani Ranjan Sahu,"Indian Institute of Technology, (IIT) Kharagpur",digital Library. OSS,187,https://scholar.google.com/citations?hl=en&user=AgyvTC4AAAAJ
aiswarya priyambada,Indian Institute of Technology Kharagpur,,187,https://scholar.google.com/citations?hl=en&user=XQVSXvkAAAAJ
Sanskar Agrawal,Indian Institute of Technology Kharagpur,"Computer Vision, Deep Learning",186,https://scholar.google.com/citations?hl=en&user=lgzPww0AAAAJ
TABISH RAHMAN,IIT Kharagpur,"Engineering Geology, Carbon Storage, ECBM",186,https://scholar.google.com/citations?hl=en&user=h-r86vYAAAAJ
Pravanjan Nayak,IIT Kharagpur,"Robotics, Automation, Industry 4.0",186,https://scholar.google.com/citations?hl=en&user=t8JQsPkAAAAJ
Krishna Dixit,Research Scientist II IIT Kharagpur,"Tissue Engineering, Electrospinning, Immunology, Wound Healing, Primary cell/stem cell isolation",186,https://scholar.google.com/citations?hl=en&user=WPkJYxAAAAAJ
Dr. Falguni Mahato,Postdoctoral Fellow at IIT Kharagpur,"Operations Research, Inventory, Supply Chain, Sustainable Supply Chain",186,https://scholar.google.com/citations?hl=en&user=msm8rG0AAAAJ
Siddhartha Chowdhury,"PhD Student, Indian Institute of Technology Kharagpur","PKC Hardware Design, FHE",185,https://scholar.google.com/citations?hl=en&user=042HIrkAAAAJ
Dr. Subhadeep Das,"Post Doctoral Researcher, School of Medical Science and Technology, IIT-Kharagpur, India","Omics, Fatty acids, Lipidomics, Volatiles, Metabolomics",184,https://scholar.google.com/citations?hl=en&user=WjS9jxsAAAAJ
Saikat Mukherjee,"Assistant Professor, IIT Kharagpur","Fluid Mechanics, Cavitation, Finite Element Method",183,https://scholar.google.com/citations?hl=en&user=XNc0cMwAAAAJ
Lamjahao Sitlhou,Indian Institute  of Technology  Kharagpur,"Trace metal biogeochemistry, Metal Speciation, DeepSea mining, Marine Geology",183,https://scholar.google.com/citations?hl=en&user=7RknKdkAAAAJ
Victor Avisek Chatterjee,Indian institute of Technology Kharagpur,"Rheology, polymer matrix composites, ballistics, advanced materials",182,https://scholar.google.com/citations?hl=en&user=HE47noEAAAAJ
Samir Das,"Prime Minister Research fellow at IIT, KGP","CAD/CAM, 3D Printing, Biomaterials, Biomechanics",182,https://scholar.google.com/citations?hl=en&user=24F-h_oAAAAJ
Piru Mohan Khan,Indian Institute of Technology Kharagpur,"Biofluid Mechanics, Immersed Boundary Method, High Performance Computing",182,https://scholar.google.com/citations?hl=en&user=OZsP_1sAAAAJ
Akash Rawat,"Research Scholar, School of Environmental Science and Engineering, IIT Kharagpur","Photocatalysis, 3D printing, water/wastewater treatment",182,https://scholar.google.com/citations?hl=en&user=PD49DdMAAAAJ
Poonam Biswal,"Assistant Professor(SA), University of Toyama, Japan; PhD., Indian Institute of Technology …","Sustainable and Precision Agriculture, RCTs, Crop Modelling and Simulation",181,https://scholar.google.com/citations?hl=en&user=XadOkucAAAAJ
Bubai Maji,"Research Scholar, IIT Kharagpur","Speech Processing, Mental Health, Machine Learning",181,https://scholar.google.com/citations?hl=en&user=Pfoa7UQAAAAJ
Rick Maity,"School of Medical Science and Technology, Indian Institute of Technology Kharagpur",Oncology,181,https://scholar.google.com/citations?hl=en&user=Q0l7J0AAAAAJ
Prashant kumar,"Assistant Professor, IIT Kharagpur","Topology/ Shape Optimization, IBM, Wind Tunnel Experiment, CFD, Wake Transition",180,https://scholar.google.com/citations?hl=en&user=Jlo4SnQAAAAJ
Jayanta Paul (জয়ন্ত পাল),Indian Institute of Technology Kharagpur | IIT KGP,"Machine Learning, Deep Learning, Computer Vision & NLP, Bioinformatics, Internet of Things",180,https://scholar.google.com/citations?hl=en&user=npVoywoAAAAJ
NIKHIL KUMAR,Indian Institute of Technology Kharagpur,"Targeted drug delivery, Cutaneous squamous cell carcinoma, Smart hydrogels, Wound healing, Pharmacology and toxicology",180,https://scholar.google.com/citations?hl=en&user=uGoSXLYAAAAJ
Parna Maity,"Ph.D. in Materials Science, IIT Kharagpur",Self-Charging Supercapacitor,180,https://scholar.google.com/citations?hl=en&user=e0a8Z4AAAAAJ
Amit Sravan Bora,"Assistant Professor, IIT Kharagpur | Vodafone Chair TU Dresden (Postdoc) | Monash …","Wireless Communications, Communications Theory, Signal Processing, VLSI Signal Processing",179,https://scholar.google.com/citations?hl=en&user=ru_1upsAAAAJ
Dr. Garima Sharma,Indian Institute of Technology Kharagpur,… Modeling and Analysis of Repairable Systems,179,https://scholar.google.com/citations?hl=en&user=RGliv6wAAAAJ
Biswajit Manna,Indian Institute of Technology Kharagpur,"Hyperspectral data processing, Ore quality estimation, Digital Image processing",178,https://scholar.google.com/citations?hl=en&user=SbkuqPMAAAAJ
Akash Chakraborty,"Research Scholar, IIT Kharagpur","Image Processing, Computer Vision, Deep Learning",178,https://scholar.google.com/citations?hl=en&user=ttSzIIkAAAAJ
Santanab Majumder,IIT Kharagpur,"Sensor, nano devices, Nanomaterials (TMO, TMDC)",177,https://scholar.google.com/citations?hl=en&user=2tSoq18AAAAJ
Bhargav Jha,"Indian Institute of Technology, Kharagpur","Guidance, Control",177,https://scholar.google.com/citations?hl=en&user=NpLE5zAAAAAJ
Deepjyoti Kalita,"Post-Doctoral Fellow, Dept. of Electronics and Electrical Communication Engineering IIT …","Deep Learning, Artificial Pancreas, Generative AI",177,https://scholar.google.com/citations?hl=en&user=wrMGGFEAAAAJ
Viswanathan Ramachandran,Indian Institute of Technology Kharagpur,Information Theory,177,https://scholar.google.com/citations?hl=en&user=6UI5vwYAAAAJ
Pratyush Kiran Nandi,IIT KHARAGPUR,"Self-assembly, Hydrogels, Live Cells, Microscopy, Spectroscopy",177,https://scholar.google.com/citations?hl=en&user=V5wMNCYAAAAJ
Proloy Ganguly,"Assistant Professor, Indian Institute of Technology Kharagpur","Metamorphic petrology, geochronology",176,https://scholar.google.com/citations?hl=en&user=_UXAUPgAAAAJ
Abesh Chatterjee,"Department of Chemical Engineering, Indian Institute of Technology Kharagpur","Coal Beneficiation, Carbon Quantum Dots, Water Treatment, Pollution Control",176,https://scholar.google.com/citations?hl=en&user=X2-iRVAAAAAJ
Kamal Sandeep K,"Research Scholar at Indian Institute of Technology, Kharagpur","Control Systems, Robotics, Intelligent Systems, Measurements & Instrumentation, Power Electronics",175,https://scholar.google.com/citations?hl=en&user=NHHDIp8AAAAJ
Dr. Souvik Layek,Indian Institute of Technology Kharagpur,"Spectroscopy, Fluorescence spectroscopy, Single molecule spectroscopy, carbon dots, nanoparticles",175,https://scholar.google.com/citations?hl=en&user=yExbFVcAAAAJ
Tridip Bhowmik,"School of Environmental Science & Engineering, IIT Kharagpur","Groundwater quality assessment, Arsenic remediation",175,https://scholar.google.com/citations?hl=en&user=4_ZUk1wAAAAJ
Subramanian SR,Indian Institute of Technology Kharagpur,"international law, international investment law, international human rights law, international arbitration",174,https://scholar.google.com/citations?hl=en&user=__cdadwAAAAJ
Dr. Soumya Sundar Parui,"Institute Post Doctoral Fellow, IIT Kharagpur","Perovskite Solar Cell, Printing OLED, Thin Films Optoelectronic Device Fabrication",174,https://scholar.google.com/citations?hl=en&user=4OJSDmgAAAAJ
Chandan Kumar,IIT Kharagpur,"Applied Cryptography, Reverse Firewall, Privacy Preserving Machine Learning",174,https://scholar.google.com/citations?hl=en&user=OXVAX88AAAAJ
Ashutosh Tiwari,Assistant Professor at IIT Kharagpur,"Wearable technologies, Biomechanics, Gait Rehabilitation, Neuroprosthesis",174,https://scholar.google.com/citations?hl=en&user=QGWDGRgAAAAJ
Suman Kumar,Indian Institute of Technology Kharagpur,"Alloy-design, Microstructure-texture, Mechanical-property, Corrosion, HE Tribology.",173,https://scholar.google.com/citations?hl=en&user=oykIceQAAAAJ
SUBARNA PAN,INDIAN INSTITUTE OF TECHNOLOGY,Organic Syntesis,173,https://scholar.google.com/citations?hl=en&user=xKbxc-oAAAAJ
Jayshree Majumdar,IIT Kharagpur,food technology,172,https://scholar.google.com/citations?hl=en&user=VVjmFwkAAAAJ
Dr. Dipanwita Deb,"M.Tech-Ph. D, IIT Kharagpur , Assistant Professor, Kalinga Institute of Industrial Technology","Algal Biotechnology, Biochemistry, Bioenergy, Applied/Industrial Microbiology",172,https://scholar.google.com/citations?hl=en&user=a9tEdsEAAAAJ
SG WAHID,"Indian Institute of Technology Kharagpur, Kharagpur, West Bengal -721302, India",Nuclear Physics,172,https://scholar.google.com/citations?hl=en&user=BPeE7-oAAAAJ
Abyaya Dhar,"Senior research fellow, Indian Institute of Technology Kharagpur","Soft Matter Physics, Self propelling systems, Non-equilibrium statistical mechanics",172,https://scholar.google.com/citations?hl=en&user=pf6TDMcAAAAJ
Mozim Shafi,"Research Scholar, Civil Engineering, IIT Kharagpur","Environmental Engineering, Emerging Contaminants, Plastic pollution, Risk assessment, Microplastics",172,https://scholar.google.com/citations?hl=en&user=ZsY5rXMAAAAJ
Manisha Kahar,"Research Scholar, Indian Institute of Technology Kharagpur, India","Antenna Theory and Design, passive microwave and millimeter wave …",171,https://scholar.google.com/citations?hl=en&user=rnzMPPoAAAAJ
Dr. Shivakumar Khaple,"JSPM-NTC, Pune (IIT KGP)","Hydraulics, Sediment Transport, Open Channel Flow, Scour",171,https://scholar.google.com/citations?hl=en&user=UV9BhpUAAAAJ
Abhishek Kundu,"Post Doctoral Fellow, Department of Geology & Geophysics, IIT Kharagpur","Geology, Geodynamics, Earthquake Seismology, Seismotectonics, Subsurface Imaging",171,https://scholar.google.com/citations?hl=en&user=hX5LHZIAAAAJ
Dr A Nithya,"Researcher, Indian Institute of Technology Kharagpur","Plant Protein, Food Fortification, Extrusion",171,https://scholar.google.com/citations?hl=en&user=QEh1q_IAAAAJ
Somdyuti  Paul,Indian Institute of Technology Kharagpur,"Image Processing, Computer Vision, Machine Learning",170,https://scholar.google.com/citations?hl=en&user=scwJATcAAAAJ
Dr. Satyajit Nayak,"AI/ML Sr. Manager Accenture (ATCI), PhD Indian Institute of Technology,  Kharagpur","Industrial AI Automation (Generative AI, Agentic AI), Software Defined Vehicle, CVML, GNN",170,https://scholar.google.com/citations?hl=en&user=m3vJbKsAAAAJ
Dr. Sipra Khanra,"Manager R&D at TotalEnergies, Former Research Scholar at Rubber Technology Centre, IIT …","Sustainability, Green Technology, Polymer Blend, Polymer nanocomposites, Rheology",170,https://scholar.google.com/citations?hl=en&user=XWorjZAAAAAJ
AVISHEK MUKHERJEE,"PHD scholar, IIT Kharagpur","Manufacturing, Computer Vision, Artificial Intelligence, Machine learning, Deep Learning",170,https://scholar.google.com/citations?hl=en&user=m1gqWIEAAAAJ
Lingaraj Behera,"Post Doctrol Fellow,IIT Kharagpur","Fluroscence sensor, flexible sensor, Electrochemical sensor, photocatlysis, antibacterial study",170,https://scholar.google.com/citations?hl=en&user=Q20XWdMAAAAJ
Motiur Rahaman,"Phd Scholar, SMST, IIT Kharagpur",Gene regulation Non-coding RNA Gene …,170,https://scholar.google.com/citations?hl=en&user=ksuzhMIAAAAJ
Dr. Abinash Kr. Singh,IIT Kharagpur,Microwave Engineering,169,https://scholar.google.com/citations?hl=en&user=KyA0B5sAAAAJ
Tuhin Manna,"National Postdoctoral Fellow, Dept. of Bioscience and Biotechnology, IIT Kharagpur","Biofilm, Cyclic-di-GMP, Diguanylate cyclases, Structural Bioinformatics, Anti-biofilm strategies",169,https://scholar.google.com/citations?hl=en&user=f_Wh-XEAAAAJ
Sudhanshu Kumar,"Auburn University, IIT Kharagpur, IIT BHU Varanasi","Soil Moisture, Flash drought, Data Science, Machine Learning, Marine Heatwaves",169,https://scholar.google.com/citations?hl=en&user=8bUhatEAAAAJ
Saurav Misra,"Research Scholar, IIT KHARAGPUR","Non-Traditional Manufacturing, Additive Manufacturing",168,https://scholar.google.com/citations?hl=en&user=24ewkrEAAAAJ
Nibir Baran Roy,Indian Institute of Technology Kharagpur,"Distribution System, Microgrid, Demand Response",168,https://scholar.google.com/citations?hl=en&user=dAWpvSkAAAAJ
Dr. SAYAN MUKHERJEE,"PhD, ICMR Project Research Scientist III School of Medical Science and Technology, IIT …","Biomaterials, Tissue engineering, Antimicrobial Nanomaterials, Carbon Nanodots, Nano Medicine",167,https://scholar.google.com/citations?hl=en&user=-GnuN24AAAAJ
Er.Lakshmi Chandra,"Ph.D. Scholar, Department of Aerospace Engineering, IIT Kharagpur",Propulsion,167,https://scholar.google.com/citations?hl=en&user=4K2zl8YAAAAJ
Arjun Chouriya,Indian Institute of Technology Kharagpur,"Farm machinery, Deep learning, Image processing, AI in agriculture",167,https://scholar.google.com/citations?hl=en&user=CwhHsZoAAAAJ
Sanjib Chowdhury,Indian Institute of Technology Kharagpur,Business Management,166,https://scholar.google.com/citations?hl=en&user=ZrhktmcAAAAJ
Tanima Mondal,"PMRF Research Scholar, Department of Physics, Indian Institute of Technology Kharagpur …",High Energy Astrophysics and Astroparticle …,166,https://scholar.google.com/citations?hl=en&user=PS2cdCQAAAAJ
Srijeeb Karmakar,IIT Kharagpur,Protein biochemistry,165,https://scholar.google.com/citations?hl=en&user=0kahtIAAAAAJ
Y Madhu Keerthana,Indian Institute of Technology Kharagpur,"Speech Processing, Biomedical Signal Processing, Machine Learning",165,https://scholar.google.com/citations?hl=en&user=EiMbeEUAAAAJ
Debalina Bose,"Research scholar, Indian Institute of Technology Kharagpur","Natural bioactives, Precision medicine, Proteomics, Molecular biology, Cancer",165,https://scholar.google.com/citations?hl=en&user=iFjIBobksukC
Dipa Dube,"Professor of Law, IIT Kharagpur","criminal law, criminology, Victimology",164,https://scholar.google.com/citations?hl=en&user=i3ALHfMAAAAJ
Samik Mallik,Indian Institute of Technology Kharagpur,"TFT, flexible sensors, Healthcare devices, Air quality monitoring, Organic electronics",164,https://scholar.google.com/citations?hl=en&user=CEge9CAAAAAJ
Dr. Soumen Giri,"Institute Postdoctoral Fellow, Materials Science Centre, IIT Kharagpur","Gas Sensors, Thermoelectrics, Photodetectors, Semiconductor Materials",164,https://scholar.google.com/citations?hl=en&user=Wl7LzioAAAAJ
Anuradha Choudry,Indian Institute of Technology Kharagpur,"Sanskrit, Psychology, Indian Philosophy, Yoga, Therapy",163,https://scholar.google.com/citations?hl=en&user=bdOo62oAAAAJ
Sutapa Deb,Indian Institute of Technology Kharagpur,"Concrete, Fiber reinforced cementitious materials, materials characterisation",162,https://scholar.google.com/citations?hl=en&user=vGJgDxMAAAAJ
Jayasree Saha,"UPES, IIIT Hyderabad, IIT Kharagpur","Machine Learning, Deep Learning, Pattern recognition",162,https://scholar.google.com/citations?hl=en&user=1qylKloAAAAJ
Ayan Lodh,"Research scholar (Ph.D.), IIT Kharagpur","Microplastics, MSW landfills, Solid waste management",162,https://scholar.google.com/citations?hl=en&user=07K4348AAAAJ
Arijita Banerjee,Assistant Professor IIT KHARAGPUR,"Chronic diseases, HRV, Mental health, Medical Education in the era of AI, Autonomic nervous system",160,https://scholar.google.com/citations?hl=en&user=ghfD3XwAAAAJ
Abhirup Chaudhuri,"Research Scholar, IIT Kharagpur","Interfacial phenomenon, Nanofluidics, Molecular Dynamics, Electrokinetics",160,https://scholar.google.com/citations?hl=en&user=9ByE9aEAAAAJ
Subrata Mondal,"Post Doctoral Fellow, Indian Institute of Technology Kharagpur","Applied Mathematics, Solid Mechanics, Wave propagation, Composites, Peridynamics",160,https://scholar.google.com/citations?hl=en&user=3OWdBWMAAAAJ
Sanchayan  Mahato,Indian Institute of Technology Kharagpur,"Batteries, Energy Storage, Photovoltaics.",159,https://scholar.google.com/citations?hl=en&user=et2fvBYAAAAJ
Saurabh Singh Thakur,IIT Kharagpur,"Data Science & Analytics, Healthcare, Industry 4.0, Manufacturing, Supply Chain Analytics",158,https://scholar.google.com/citations?hl=en&user=7dD14-cAAAAJ
Purnendu Das,IIT Kharagpur,"Thermal spraying, Metal Forming, Tribology, Powder metallurgy",158,https://scholar.google.com/citations?hl=en&user=hJd2AYAAAAAJ
Saptadip Miatur,"Ph.D (Food Process Engineering), IIT-KGP","Food Process Engineering, Food Technology, New product development, Dairy Technology",158,https://scholar.google.com/citations?hl=en&user=YWJxiYcAAAAJ
Dr. Deepak Kumar Agarwalla,"Ph.D. Acoustics and Condition Monitoring Laboratory, IIT Kharagpur","Acoustics & Noise Control, Fault Diagnosis of the Structures using …",157,https://scholar.google.com/citations?hl=en&user=Gr7JmC8AAAAJ
Akanksha Rastogi,"Research scholar, IIT Kharagpur","Biotechnology, Microbiology",157,https://scholar.google.com/citations?hl=en&user=5HcsZgIAAAAJ
Moumita Bhaumik,"Research Scholar, Indian Institute of Technology Kharagpur","Bioemulsifier, Biopolymer, Downstream processing, Biorefinery, Stimuli responsive molecules",157,https://scholar.google.com/citations?hl=en&user=gVN-zNgAAAAJ
Kasturi Barik,"Asst. Professor at JISIASR, PhD from IIT Kharagpur","Neuro-signal processing, Biomedical signal processing, Machine learning, Prior expectation, Autism",156,https://scholar.google.com/citations?hl=en&user=CzXQz5sAAAAJ
Rupali Singh,"Research Scholar, Indian Institute of Technology Kharagpur.","Ceramic materials, Batteries, Polymer electrolyte",156,https://scholar.google.com/citations?hl=en&user=Kkgti50AAAAJ
AMIYANGSHU DE,Indian Institute of Technology Kharagpur,"Neurobiology, Cognitive Science, Pharmacy",156,https://scholar.google.com/citations?hl=en&user=nQ3b0n0AAAAJ
Rupam Bandyopadhyay,"Research Scholar, School of Environmental Science and Engineering, Indian Institute of …","Wastewater Treatment, Waste Management, Circular Engineering, Carbon Materials, Corrosion Mitigation",155,https://scholar.google.com/citations?hl=en&user=YE96a1AAAAAJ
Krithika Panicker,"Research Scholar, Indian Institute of Technology Kharagpur",Building Science,155,https://scholar.google.com/citations?hl=en&user=40-bC1wAAAAJ
Aritra Chatterjee,Indian Institute of Technology Kharagpur,,154,https://scholar.google.com/citations?hl=en&user=OVfQjBcAAAAJ
Atif Hassan,"PhD at the Department of Artificial Intelligence, Indian Institute of Technology Kharagpur","Machine Learning, Deep Learning, Efficiency",154,https://scholar.google.com/citations?hl=en&user=GW_sRXMAAAAJ
Jithin Ravi,Indian Institute of Technology Kharagpur,"Information Theory, Wireless Communication",154,https://scholar.google.com/citations?hl=en&user=oPtbq9sAAAAJ
Sudestna Nahak,"PhD, Indian Institute of Technology Kharagpur","Biomedical Signal Processing, Machine Learning, Pattern Recognition, Cardiovascular Diseases",154,https://scholar.google.com/citations?hl=en&user=ix8q9F0AAAAJ
Akash Saha,"M.Tech in Food Process Engineering, Indian Institute of Technology Kharagpur","Food Science, Food Technology, Dairy Technology, Food Engineering",154,https://scholar.google.com/citations?hl=en&user=UaXEvIMAAAAJ
Sudipta Ray,"Research Associate, IIT Kharagpur","Computational Fluid Dynamics, Spectral Methods, Boundary-Integral Methods",153,https://scholar.google.com/citations?hl=en&user=edWDYaUAAAAJ
Kamalakshya Mahatab,"Assistant Professor, Indian Institute of Technology, Kharagpur, India","Number Theory, Combinatorics, Representation Theory, Algorithms",153,https://scholar.google.com/citations?hl=en&user=ibyZ_JgAAAAJ
Prem Prakash Dahiya,Indian Institute of Technology Kharagpur,Electrochemical Energy Storage,153,https://scholar.google.com/citations?hl=en&user=PLehxhcAAAAJ
RIMPA CHATTERJEE,"Research Scholar, Indian Institute of Technology Kharagpur","Polymeric materials, Membrane based gas separation, Proton Exchange membrane",153,https://scholar.google.com/citations?hl=en&user=GacwL0kAAAAJ
Abhishek Kumar Jaiswal,"PhD Student, Prime Minister's Research Fellow, Indian Institute of Technology Kharagpur","Phase Change, Droplets, Microfluidics, Thermal Energy Storage",153,https://scholar.google.com/citations?hl=en&user=bI0cS3cAAAAJ
Gourav Das,"Research Scholar, IIT Kharagpur","Computational Biochemistry, Nucleic Acid Chemistry",152,https://scholar.google.com/citations?hl=en&user=5XmYjoMAAAAJ
Ajith N Nair,"Research scholar, Indian Institute of Technology Kharagpur","IAQ, IEQ, Thermal comfort, Building science, Indoor air",152,https://scholar.google.com/citations?hl=en&user=t5igP-UAAAAJ
Sonali Rout,Indian Institute of Technology Kharagpur,Extractive Metallurgy,152,https://scholar.google.com/citations?hl=en&user=6OpfI4QAAAAJ
Subhajit Saha,"Research Associate at IISER Pune, India, Ph.D. in Chemistry from IIT Kharagpur, India","Supramolecular Chemistry, Peptide Chemistry, Crystal Engineering, Photoinduced Phenomena",151,https://scholar.google.com/citations?hl=en&user=ocm-0SQAAAAJ
"Himangshu Mondal, Ph.D",Indian Institute of Technology Kharagpur,Computational Chemistry,151,https://scholar.google.com/citations?hl=en&user=MJFwPqkAAAAJ
Kanika Kole,"Indian Institute of Technology Kharagpur, India","Computational Biophysics, Enhanced Sampling, Coarse-Grained Simulation, Experiment, CO2 Adsorption",151,https://scholar.google.com/citations?hl=en&user=UgwriqUAAAAJ
MANOJ KUMAR,"CSIR-Institute of Minerals and Materials Technology, Bhubaneswar; IIT Kharagpur","Laser Material Processing, Additive Manufacturing, Powder Metallurgy, Surface Engineering",150,https://scholar.google.com/citations?hl=en&user=ZJT9brkAAAAJ
Ananta Dutta,"Research Scholar, Department of Mechanical Engineering, IIT Kharagpur","Metamaterials, Welding and Joining, Machine Health Monitoring, FEM, High Entropy Alloys",150,https://scholar.google.com/citations?hl=en&user=1GWH-YcAAAAJ
Prasad Padalkar,"Indian Institute of Technology Kharagpur, Kharagpur, India","Marine Environmental Geochemistry, Geology",149,https://scholar.google.com/citations?hl=en&user=lougkr0AAAAJ
Suddhapalli SS Sharat Kumar,"Indian Institute of Technology, Kharagpur","Graphene, Carbon based nanomaterials, Material science",149,https://scholar.google.com/citations?hl=en&user=tz4a9ToAAAAJ
Dr. Ranu Singh,"Post doc, Indian Institute of Technology Kharagpur","Inventory models, Supply chain management, Queueing systems (Operations research)",149,https://scholar.google.com/citations?hl=en&user=yZ-k8QoAAAAJ
Anshuman Nayak,Research Scholar @ Indian Institute of Technology Kharagpur,"Digital Agriculture, Data Science, Machine Learning, Cyber Physical Systems",149,https://scholar.google.com/citations?hl=en&user=7Y64hhkAAAAJ
Debanjali Dey,Research Scholar of IIT Kharagpur,"Photocatalysis, Nanomaterials",149,https://scholar.google.com/citations?hl=en&user=9TBqdu0AAAAJ
Bholanath Ghanti,IPDF | Ph.D. | Materials Science Centre | IIT Kharagpur,"Polymer materials, Proton exchange membrane, Phosphorus-containing polymer",149,https://scholar.google.com/citations?hl=en&user=wNSsJe0AAAAJ
Dr. Shaili Singh,"Vinod Gupta School of Management, IIT Kharagpur",,149,https://scholar.google.com/citations?hl=en&user=tUGSaGwAAAAJ
Abhijit Bera,"Ph.D & M.Tech - Rubber Technology, Indian Institute of Technology Kharagpur, Kharagpur …","Rubber, Silica, Polymer Composites, Green Tyre, Natural Rubber",148,https://scholar.google.com/citations?hl=en&user=2Oym00YAAAAJ
Anup Upadhyaya,"Prime Minister's Research Fellow , Indian Institute of Technology Kharagpur","Glacial Lake Outburst Floods, Heat Waves, Extreme Rainfall Events",148,https://scholar.google.com/citations?hl=en&user=aR0WS0wAAAAJ
Tandra Mohanta,"Research Scholar, Advanced Technology Development Centre, Indian Institute of …","Environmental microbiology, Bioremediation, Solid Waste Management, Composting",147,https://scholar.google.com/citations?hl=en&user=h1enxcYAAAAJ
Jagatbikas Nanda,"Geology and Geophysics, IIT-Kharagpur",Petrology,147,https://scholar.google.com/citations?hl=en&user=Jd9Nsj4AAAAJ
Dr. Mrinmoy Dhar,"Mechanical Engineering, IIT Kharagpur","Fluid Mechanics, Heat transfer, Multiphase Flow, Computational Fluid Dynamics",146,https://scholar.google.com/citations?hl=en&user=phzzOq8AAAAJ
Upama Bose,IIT KHARAGPUR,"power electronics, microgrid, smart grid, energy storage, renewable energy",146,https://scholar.google.com/citations?hl=en&user=75gnylEAAAAJ
Dr. Ashvinee Deo Meshram,"PhD, IIT Kharagpur","Semiconductor Device Simulations(Silvaco …, Ga2O3 based Devices, Ga2O3 Heterostructures, Ga2O3",146,https://scholar.google.com/citations?hl=en&user=ub-4juEAAAAJ
"Turali Narayana, Ph.D.","Post-Doctoral Fellow, Department of Mechanical Engineering, Indian Institute of Technology …","Tribology, Surface Engineering, Nanomaterials, Thin Film Coatings, Biomaterials",146,https://scholar.google.com/citations?hl=en&user=ZHRuVdAAAAAJ
Ali Shariq,"Post-Doctoral Fellow, Department of Civil Engineering, Indian Institute of Technology …","Hydraulics, Water Resource, Computational Analysis, Hydraulic structure, sediment",145,https://scholar.google.com/citations?hl=en&user=tlPQOOUAAAAJ
Sudarsan Biswal,"PhD, IIT Kharagpur; Post-Doctoral Fellow, IIT Roorkee","Remote Sensing, UAV/PhenoCam/Satellite, GIS & ENVI, Crop Condition Monitoring, AI/ML",145,https://scholar.google.com/citations?hl=en&user=PUtrBAEAAAAJ
Dr. Sutanu Maiti,"Ph.D, Indian Institute of Technology, Kharagpur","Soil remediation, Nano particle synthesis, Cr(VI) reduction, Photocatalytic activity, mathematical",145,https://scholar.google.com/citations?hl=en&user=x7Ad9IUAAAAJ
Gobinda Chandra Behera,Research Scholar IIT KHARAGPUR,"AI/ML for manufacturing, Process Planning, Machining, Applied Optimization, Sustainable Manufacturing",145,https://scholar.google.com/citations?hl=en&user=Z8BvKwQAAAAJ
Sankalp Gour,Indian Institute of Technology Kharagpur,"Mechanics of Soft Material, Soft Active Materials, Constitutive Modeling of Soft Materials",145,https://scholar.google.com/citations?hl=en&user=akV3MecAAAAJ
Dhrubajyoti Das,"Research Scholar of School of Energy science and engineering, IIT Kharagpur","Rechargeable Battery, Cathode, Electrolyte",145,https://scholar.google.com/citations?hl=en&user=vyWbCYoAAAAJ
Sajib Biswas,IIT KGP,"spintronics, spin injection, Thin film, Heusler Alloy, Spin Transport",145,https://scholar.google.com/citations?hl=en&user=cYXqA3sAAAAJ
Manpreet Kour,Indian Institute of Technology Kharagpur,,145,https://scholar.google.com/citations?hl=en&user=Y68W8cUAAAAJ
sanyukta  paalatkar,"M.tech ,Ocean Engineering and Naval Architecture Department  ,IIT Kharagpur","Fluid mechanics, Bubble Dynamics",145,https://scholar.google.com/citations?hl=en&user=FFwqWa4AAAAJ
Prithwish Kola,"PhD, Senior Research Fellow, IIT KHARAGPUR","Nanotheranostics, Biomimetics, Anticancer Nanomedicine",145,https://scholar.google.com/citations?hl=en&user=dUu6e7YAAAAJ
Debajyoti Palai,"Indian Institute of Technology, Kharagpur","Mechanical behaviors of materials, surface-property correlation, thermo-optical property, nanoindentation, Vacuum heat treatment",144,https://scholar.google.com/citations?hl=en&user=9DOTU0gAAAAJ
Alok Kumar,"IISER Kolkata, Indian Institute of Technology Kharagpur","Photocatalysis, CO2 Reduction, Inorganic chemistry, Electrochromism, Electrocatalysis",144,https://scholar.google.com/citations?hl=en&user=hTSUClUAAAAJ
Anusha Vupputuri,"MathWorks India Pvt. Ltd., Ph. D. - IIT Kharagpur","Medical imaging and analytics, Pattern recognition, Machine learning, Deep Learning",144,https://scholar.google.com/citations?hl=en&user=5BRY4vsAAAAJ
Ayan Banerjee,"IIT Kharagpur, NIT Rourkela, Kalyani Government Engineering College","Machining, Grinding, Material Characterization, Finite Element Modelling, Optimization",144,https://scholar.google.com/citations?hl=en&user=LEJrKOUAAAAJ
Soumen Paul,"Machine Learning Engineer, LightMetrics Technologies Pvt Ltd., IIT Kharagpur","Computer Vision, Image Processing, Machine Learning, Multimedia Ontology",144,https://scholar.google.com/citations?hl=en&user=gtK73cU9_3cC
Saurabh Mishra,"UG, IIT Kharagpur","Computer Vision, Deep Learning, Medical Imaging, Healthcare, Autonomous Systems",144,https://scholar.google.com/citations?hl=en&user=77bAEBwAAAAJ
SAMBIT ROY,"Indian institute of Technology, Kharagpur",Polymer chemistry,144,https://scholar.google.com/citations?hl=en&user=FANsjGwAAAAJ
Bithika Pal,Indian Institute of Technology Kharagpur,"Deep Neural Networks, Machine Learning, Data Mining, Recommender Systems, Social Network Analysis",143,https://scholar.google.com/citations?hl=en&user=x7-BaeQAAAAJ
Dr. Shuvro Prosun Sarker,Indian Institute of Technology Kharagpur,"Human Rights, International Law, Clinic, Access to Justice, Family Law",142,https://scholar.google.com/citations?hl=en&user=MeCHNuYAAAAJ
Sutapa Ray,IIT KGP,structural biology,142,https://scholar.google.com/citations?hl=en&user=6ywMnGQAAAAJ
Anas Ejaz Yasmeen Shaikh,Indian Institute of Technology-Kharagpur,Food Process Engineering,142,https://scholar.google.com/citations?hl=en&user=6kvrkR4AAAAJ
Indranil Hazra,Indian Institute of Technology Kharagpur,"Reliability Analysis, Risk Assessment, Bayesian Inference, Monte Carlo Methods, Quantum Computing",142,https://scholar.google.com/citations?hl=en&user=2TKs8QwAAAAJ
Dr. Prashant Kumar Sahu,Indian Institute of Technology Kharagpur,Fault Diagnosis and Prognosis,142,https://scholar.google.com/citations?hl=en&user=R7O9TfkAAAAJ
Yashwanth Padarthi,Indian Institute of Technology Kharagpur,"Composite Structures, Delamination Detection, Structural health Monitoring, Internet of Things, Distributed Optical Fiber sensors",142,https://scholar.google.com/citations?hl=en&user=567EqKkAAAAJ
Anjaly P Thomas,"Indian Institute of Technology, Kharagpur","Solid Waste Management, Plastic Waste Management, Bioplastics",142,https://scholar.google.com/citations?hl=en&user=3vVID8sAAAAJ
Ajay Haridas CP,Research Scholar @IIT KHARAGPUR,"Sensor, E-heater, Temperature sensor, TENGs, Thermoplastic elastomer",142,https://scholar.google.com/citations?hl=en&user=LIZECb4AAAAJ
"Suresh Gain, PhD","Post doctoral Research Fellow (IPDF), Indian Institute of Technology Kharagpur","Friction Stir Welding, Additive Manufacturing, Machine Learning, Characterization, IC Engine",142,https://scholar.google.com/citations?hl=en&user=-2ffEZMAAAAJ
Dr. Debadrita Maiti,"Ex-Research Scholar, IIT kharagpur",Process Intensification,141,https://scholar.google.com/citations?hl=en&user=zBx-2fMAAAAJ
Rokesh Radhakrishnan,PhD scholar at  Indian Institute of Technology Kharagpur,"Protein chemistry, Bioprocess engineering, Sustainable bioproducts",141,https://scholar.google.com/citations?hl=en&user=ivSwAlYAAAAJ
Neha Joshi,IIT Kharagpur,"Corporate Finance, Behavioral Finance, Financial Market, Investment Strategies, Sustainable Finance",141,https://scholar.google.com/citations?hl=en&user=Kpxm-KUAAAAJ
Mula Raju,"Materials Science Centre, Indian Institute of Technology Kharagpur","Chemical vapor deposition, 1D & 2D  materials, Nanomaterials, Ceramic Materials, Refractories",140,https://scholar.google.com/citations?hl=en&user=DkeaPSUAAAAJ
Moumita Dhara,IIT Kharagpur,Polymer Chemistry_ Polyurethanes_RAFT …,140,https://scholar.google.com/citations?hl=en&user=oknDM0gAAAAJ
Parvathy KG,Indian Institute of Technology Kharagpur,"Coastal Engineering, Physical Oceanography",139,https://scholar.google.com/citations?hl=en&user=axh4PBsAAAAJ
Dipankar Ghosh,"Assistant Professor, Department of Mathematics, Indian Institute of Technology Kharagpur",Commutative Algebra,139,https://scholar.google.com/citations?hl=en&user=E-izZWkAAAAJ
Atonu Ghosh,"Ph.D. Research Scholar, Indian Institute of Technology Kharagpur","Internet of Things (IoT), Edge Computing, Low Power Networks (LPWAN)",139,https://scholar.google.com/citations?hl=en&user=ULCTZG4AAAAJ
Shubham Maddhashiya,Indian Institute of Technology Kharagpur,,139,https://scholar.google.com/citations?hl=en&user=mZzoj2YAAAAJ
Dr. Devendra Sahu,"Post-Doctoral Fellow, Indian Institute of Technology, Kharagpur","Robotics, machine learning, conditioning monitoring, Bearing",139,https://scholar.google.com/citations?hl=en&user=lyD8yMoAAAAJ
ACHINTYA LAKSHAN,"Ph.D., Indian Institute of Technology Kharagpur","Thermoelectrics, Solid-State Chemistry, Crystallography",139,https://scholar.google.com/citations?hl=en&user=kXlIOysAAAAJ
Harshal J. Dongre,"Department of Chemical Engineering, Indian Institute of Technology Kharagpur","Chemical Thermodynamics, Computational Chemistry, Gas Hydrates, Carbon Capture, Energy",138,https://scholar.google.com/citations?hl=en&user=u4tvaU4AAAAJ
Nilanjan Biswas,"Assistant Professor, IIT Kharagpur","Wireless Communications, Resource Allocation, Cross Layer Design, Statistical Signal Processing",137,https://scholar.google.com/citations?hl=en&user=Nk1ftH4AAAAJ
Biswesh Ranjan Acharya,"PhD Scholar, IIT Kharagpur","Micro-machining, Nontraditional Machining, Multi-objective Optimization using …",137,https://scholar.google.com/citations?hl=en&user=7-Dnt0YAAAAJ
Triptendu Chaudhury,"Research Scholar, Department of Electrical Engineering, IIT Kharagpur","Power Electronics, DC-DC Converters",137,https://scholar.google.com/citations?hl=en&user=mSjtXscAAAAJ
Prakash Ajay Taksal,"School of Environmental Science and Engineering, IIT Kharagpur, India","Carbon Materials, Circular Engineering, Green Materials, Environmental Engineering, Waste Management",137,https://scholar.google.com/citations?hl=en&user=gLYKwRcAAAAJ
MUKTI MANDAL,"Ph.D Student, Indian Institute of Technology Kharagpur","Nanobiosensors, Biosensors, biomimetic sensor, Biodevices, Electrochemistry",137,https://scholar.google.com/citations?hl=en&user=wOHyjB0AAAAJ
Amit Kumar Nayak,"Research Scholar, Materials Science Centre, IIT Kharagpur, India","Materials Chemistry, Nanomaterials, Electrochemistry, Catalysis, Energy generation",137,https://scholar.google.com/citations?hl=en&user=YfbBh9oAAAAJ
Laxman Singh Bisht,"Indian Institute of Technology Kharagpur, India","road safety, urban mobility, sustainable transport, transport policy",136,https://scholar.google.com/citations?hl=en&user=8RzMaRIAAAAJ
Tutan Ahmed,IIT Kharagpur,,136,https://scholar.google.com/citations?hl=en&user=a9hMfYAAAAAJ
Amrit Goswami,"Financial Engineering, Indian Institute of Technology Kharagpur (IIT KGP)","Quantitative Finance, Risk Management, Machine Learning, Operations Research",136,https://scholar.google.com/citations?hl=en&user=v_uM63sAAAAJ
Dr. NEHA CHANDRA,"Ph.D., Indian Institute of Technology Kharagpur, Kharagpur, 721302, India","Algal Cultivation, Bio-refinery, Wastewater, Bioproducts, Biofuels",135,https://scholar.google.com/citations?hl=en&user=R_t5SisAAAAJ
Janaki Behera,IIT Kharagpur,Metal-Organic Framework,135,https://scholar.google.com/citations?hl=en&user=OvckRk0AAAAJ
Shubham Anand,"Post-Doctoral Fellow, IIT Kharagpur","Power system protection, Wide area measurement system, Fault location.",134,https://scholar.google.com/citations?hl=en&user=GYCBy6UAAAAJ
SHIBAYAN KAYAL,"PhD, IIT Kharagpur",Chemistry,134,https://scholar.google.com/citations?hl=en&user=Nq71UL4AAAAJ
Aiendrila Dey,"Research Scholar, School of Water Resources, Indian Institute of Technology,Kharagpur","Hydrological modelling, Water resources",133,https://scholar.google.com/citations?hl=en&user=KOkzCdMAAAAJ
Bitan Pratihar,"PhD, Department of Chemical Engineering, IIT Kharagpur","2D materials, Electrocatalysis, Photocatalysis, Chemical Engineering, Artificial Intelligence",133,https://scholar.google.com/citations?hl=en&user=0LXpE1cAAAAJ
Rajlakshmi,"Agricultural and Food Engineering, IIT Kharagpur","Microbial Biotechnology, Enzyme",133,https://scholar.google.com/citations?hl=en&user=OcAsm80AAAAJ
Avneesh Kumar,"MTech, PhD, IIT Guwahati, IPDF IIT Kharagpur","Sandwich composites, Homogenization, CFRP, CZM, Friction Stir Spot Welding",133,https://scholar.google.com/citations?hl=en&user=3crPcJYAAAAJ
abhishek maharana,"PhD in chemical Engineering, IIT Kharagpur",crystallization,132,https://scholar.google.com/citations?hl=en&user=tfEjZpwAAAAJ
Kommineni Geethasree,"Postdoctoral Fellow, IIT Kharagpur","Refractory alloys, mechanical behavior, Oxidation, Microstructure-Mechanical properties …",132,https://scholar.google.com/citations?hl=en&user=LJ926RAAAAAJ
Arkaprava Datta,IIT KHARAGPUR,"MICRONEEDLE, MICROPUMP, PHOTOLITHOGRAPHY, NANO MATERIAL, IPMC MEMBRANE",132,https://scholar.google.com/citations?hl=en&user=yPEYj5MAAAAJ
Sudharanjan Bera,"Research Scholar, IIT kharagpur","Porous Organic Polymer, Photocatalysis, Heterogeneous catalysis, Metal nanoparticle",132,https://scholar.google.com/citations?hl=en&user=yYH0RcAAAAAJ
Subhodeep Banerjee,Indian Institute of Technology Kharagpur,"biofuel, enzyme technology, microbial biotechnology, chromatography, downstream",132,https://scholar.google.com/citations?hl=en&user=YziR-gwAAAAJ
Sankaraganesh Jonna,"Computer Science and Engineering,Indian Institute of Technology Kharagpur","Computer Vision, Pattern Recognition, Image Processing, Machine Learning",131,https://scholar.google.com/citations?hl=en&user=4PMNsqwAAAAJ
Shubh Agrawal,"Apple, Dual Degree @IIT Kharagpur, India","AI for Manufacturing, Robotics, Computer Vision, Operating Systems",131,https://scholar.google.com/citations?hl=en&user=XrV1bOQAAAAJ
Arup Dey,"Indian Institute of Technology Kharagpur, India","Soil Science, Chemical speciation of metals, Environmental Geochemistry",131,https://scholar.google.com/citations?hl=en&user=7iNqKSsAAAAJ
Nithin .M,Indian Institute of Technology-Kharagpur,"Monetary Economics, Macroeconomics, Economic Growth, Applied Econometrics",130,https://scholar.google.com/citations?hl=en&user=odIUzUUAAAAJ
Akash Oraon,"Research Scholar, Metallurgy Department, IIT Kharagpur",Magnetic Materials,130,https://scholar.google.com/citations?hl=en&user=CaMPuOAAAAAJ
Argha Sen,"PhD, IIT Kharagpur","Ubiquitous Computing, mmWave Sensing, Computer Networks",130,https://scholar.google.com/citations?hl=en&user=QF2toEoAAAAJ
Mohammed Abeer KC,Indian Institute of Technology Kharagpur,"Resilience, College Counselling, Cognitive Behaviour Therapy",129,https://scholar.google.com/citations?hl=en&user=ppt737UAAAAJ
Harikrishna Muralidhara,"Research Scholar, IIT Kharagpur","Text Processing, Natural Language Processing, Machine Learning",128,https://scholar.google.com/citations?hl=en&user=4k5DimoAAAAJ
Gouri Gargate,IIT Kharagpur,Intellectual property law & management,128,https://scholar.google.com/citations?hl=en&user=jsken3YAAAAJ
Arghya Das,"Research Scholar, Department of Physics, IIT Kharagpur","Atomic, Molecular and Optical Physics",128,https://scholar.google.com/citations?hl=en&user=VhxGUzkAAAAJ
Nishant Vats,IIT Kharagpur,"Micropaleontology, Paleoclimatology, Paleoceanography, Climate Change",128,https://scholar.google.com/citations?hl=en&user=ZCqwmVQAAAAJ
Mrinal Acharya,"Assistant Professor, Indian Institute of Technology Kharagpur",,128,https://scholar.google.com/citations?hl=en&user=Gh0kaY0AAAAJ
Sheshadri Shekhar Rauth,IIT Kharagpur,"Power & Energy Systems, Drives, Wind Energy, Solar Energy, Power Electronics",127,https://scholar.google.com/citations?hl=en&user=TqLTbm8AAAAJ
Jyoti Wala,"PhD, SMST, IIT Kharagpur","Bio-MEMS, Cell mechanics, cell culture",127,https://scholar.google.com/citations?hl=en&user=VlI4fAoAAAAJ
Biswajit Lenka,"Research Scholar, Indian Institute of Technology Kharagpur","Agronomy, Crop Modelling, Remote Sensing and Yield Forecasting",127,https://scholar.google.com/citations?hl=en&user=f0zwRLcAAAAJ
Prasenjit Karmakar,Prime Minister's Research Fellow | CSE @IIT Kharagpur,"Multimodal AI, Prototype Design, Environment Sensing, Human-Computer Interaction",127,https://scholar.google.com/citations?hl=en&user=uK96UkwAAAAJ
Soumya Chatterjee,"Assistant Professor, Dept. of Botany, Govt. Gen. Degree College Kharagpur-II, PhD, IITKGP","Microbiology, Biochemistry, Biotechnology, Immunology",126,https://scholar.google.com/citations?hl=en&user=vGvRghwAAAAJ
Kalyani Roy,Indian Institute of Technology Kharagpur,"Natural Language Processing, Information Retrieval",126,https://scholar.google.com/citations?hl=en&user=fJS4uy0AAAAJ
D. Manikandan,"DST National Postdoctoral Fellow, Indian Institute of Technology Kharagpur","Neuromorphic Computing, AI, MD simulations, Micro/nano fluidics, 2D materials",125,https://scholar.google.com/citations?hl=en&user=inYKrnwAAAAJ
Ashlesha Hota,Indian Institute of Technology Kharagpur,"Theoretical Computer Science, Approximation Algorithms, Parameterized Complexity, ComSoc Theory",125,https://scholar.google.com/citations?hl=en&user=wX4DdmcAAAAJ
Sucharita Pradhan,"Ph.D., Indian Institute of Technology Kharagpur","Remote Sensing and GIS, Surface Water Hydrology, Groundwater Hydrology",124,https://scholar.google.com/citations?hl=en&user=7Tupj3kAAAAJ
Anupama Dutta,"PhD, Department of Metallurgical and Materials Engineering, IIT Kharagpur","Laser materials processing, High temperature oxidation, physical metallurgy, mechanical metallurgy",124,https://scholar.google.com/citations?hl=en&user=CgSX7s0AAAAJ
Shuvankar Das,IIT Kharagpur,"Computational Geomechanics, Geotechnical Earthquake Engineering, Rock Mechanics",124,https://scholar.google.com/citations?hl=en&user=hcGY5hsAAAAJ
Souvik Karmakar,"Research Scholar, IIT Kharagpur","Friction stir additive manufacturing, Friction stir welding, Friction stir extrusion",124,https://scholar.google.com/citations?hl=en&user=Z9m0A-gAAAAJ
Saikat Das,Indian Institute of Technology Kharagpur,"Modification of rubber, Modification of silica, Reactive grafting",124,https://scholar.google.com/citations?hl=en&user=xMe-6nAAAAAJ
Agam Gugaliya,"IIT Kharagpur; Eaton Corporation, Boeing India","Reliability, Maintenance, LCC, Cost benefit analysis, Aerospace Reliability and Safety",124,https://scholar.google.com/citations?hl=en&user=byZkEmcAAAAJ
Trideep Banerjee,"Ph.D. scholar, IIT KHARAGPUR","Titanium Aluminides, Titanium alloys, Electron microscopy",124,https://scholar.google.com/citations?hl=en&user=JmfkN7wAAAAJ
John C. John,"Indian Institute of Technology, Kharagpur","Artificial Intelligence, Machine Learning, Data Mining, Computer Security",123,https://scholar.google.com/citations?hl=en&user=eKTQVq0AAAAJ
Pratyusha Bhowmick,"Senior Research Fellow, School of Nanoscience and Technology, IIT Kharagpur","Amorphous CNTs, Adsorption of textile dyes, Piezoelectri and Pyroelectric nanomaterials …",123,https://scholar.google.com/citations?hl=en&user=aguGsfgAAAAJ
Ashish Singhadia,Indian Institute of Technology Kharagpur,"VLSI Architectures, FPGA, ASIC, Video Coding",123,https://scholar.google.com/citations?hl=en&user=U0gpLccAAAAJ
ARNAB MAITY,Indian Institute of Technology Kharagpur,"Deep Learning, Biomedical Signal Processing, Circuit Design & Prototyping",123,https://scholar.google.com/citations?hl=en&user=XnFyZAsAAAAJ
Arun Kumar Dubey,"Research Scholar -  IIT Kharagpur, Postdoc- IISER Bhopal",Seismology,123,https://scholar.google.com/citations?hl=en&user=5kh3dPkAAAAJ
Ankita Chatterjee,"PhD Student, CSE, Indian Institute of Technology, Kharagpur","Machine Learning, Deep learning, Computer Vision",123,https://scholar.google.com/citations?hl=en&user=XO9udyUAAAAJ
Gairik Karmakar,IIT KHARAGPUR,"Thin film deposition, TEM sample preparation, Gas sensing, Triboelectric Nanogenerator, Circuits",123,https://scholar.google.com/citations?hl=en&user=DluJylIAAAAJ
Krishna Kanta Samanta,"Research scholar, Department of Chemistry, Indian Institute of Technology, Kharagpur","Green synthesis, Antimicrobial resistance, Carbon dots, Fluorescence spectroscopy, Bio-sensing",123,https://scholar.google.com/citations?hl=en&user=ayDjVtMAAAAJ
Dr. Shubhendu Palei 🇮🇳 🇩🇪 🇨🇭,IIT Kharagpur | IIT Kanpur | University of Münster | TU Dortmund University | ETH Zürich,"Chemical Biology, Epigenome Engineering, Cyclic Peptides",122,https://scholar.google.com/citations?hl=en&user=KMqd8o0AAAAJ
sumanta chandra mishra sharma,"Assistant Professor, IIIT Sri City | PhD (Artificial Intelligence), IIT Kharagpur","Artificial Intelligence, Machine Learning, Climate Informatics, AI for Social Good",122,https://scholar.google.com/citations?hl=en&user=ycDaVPAAAAAJ
Shubhadip Atta,Institute Post Doctoral Fellow (IPDF) at IIT Kharagpur,Condensed Matter Physics & Astrophysics,122,https://scholar.google.com/citations?hl=en&user=oM8p9HYAAAAJ
mithun bhowmik,IIT Kharagpur,Harmonic Analysis,122,https://scholar.google.com/citations?hl=en&user=DZpT1ccAAAAJ
Dr. Navonita Sharma,"Post Doctoral Fellow- Indian Institute of Technology, Kharagpur","Power Electronics, Solar, Control System, Smart Metering, Renewable Integrated System",122,https://scholar.google.com/citations?hl=en&user=TJ_7mu0AAAAJ
Prabal Pramanik,"PhD, IIT KGP; Postdoc GIST","Fluorescence spectroscopy, Ionic liquids, GUMBOS, Nanomaterials, Biophysical",122,https://scholar.google.com/citations?hl=en&user=1Ie-M2AAAAAJ
lakshmi pathi thulluru,"Research Scholar, Indian Institute of Technology Kharagpur (IIT Kgp)","Bioelectrochemical systems, Climate change, CO2 reduction, Wastewater treatment",122,https://scholar.google.com/citations?hl=en&user=dQAfJM8AAAAJ
Sangita Pandit,"Research scholar, IIT Kharagpur","stimuli responsive hydrogel, solid electrolyte supercapacitor, Functional polymeric materials",122,https://scholar.google.com/citations?hl=en&user=LXqaU5MAAAAJ
Hariharan K,"Research Scholar, IIT Kharagpur","DC-DC converter, Digital Control, Constant on/off-time control, Non-linear control",121,https://scholar.google.com/citations?hl=en&user=4OWlqmwAAAAJ
SANTOSH GUPTA,IIT KHARAGPUR,,121,https://scholar.google.com/citations?hl=en&user=KbAYXkkAAAAJ
Himadri Shekhar Maity,"PhD Scholar, IIT Kharagpur","Green Chemistry, Organic Synthesis, Natural Product Isolation",121,https://scholar.google.com/citations?hl=en&user=Zq5cmTAAAAAJ
Abhishek N,"Research Scholar, Industrial & Systems Engineering Department, Indian Institute of …","Urban Governance, Strategic Planning, Sustainable Development, Policy, Indian Cities",120,https://scholar.google.com/citations?hl=en&user=JSiXZJwAAAAJ
Saradindu saha,PhD student at Indian Institute of Technology Kharagpur,"Macrophage, Infectious disease",120,https://scholar.google.com/citations?hl=en&user=TRcd1P4AAAAJ
Ankita Dey,"PhD Research Scholar, School of Medical Science and Technology, IIT Kharagpur",Cancer biology,120,https://scholar.google.com/citations?hl=en&user=6vB74iwAAAAJ
Diptendu Pal,IIT Kharagpur,"Power Electronic, Power System, Control System, Microgrid",119,https://scholar.google.com/citations?hl=en&user=clEsOWIAAAAJ
Uday Shankar,"Rajiv Gandhi School of Intellectial Propert Law, IIT Kharagpur","Socio-Economic Rights, Energy Law and Constitutional Law",119,https://scholar.google.com/citations?hl=en&user=0b8SZu4AAAAJ
Shubham Kalore,Assistant Professor at IIT Kharagpur,"Transportation and Pavement Engineering, Geosynthetic Engineering",119,https://scholar.google.com/citations?hl=en&user=Y5dKh_8AAAAJ
Nafisa Begum,"Research Scholar, IIT Kharagpur","Reflectance spectroscopy, Hyperspectral Remote Sensing, Coal geology",119,https://scholar.google.com/citations?hl=en&user=JErtWwQAAAAJ
Dr. Sanhita Mandal,"PhD scholar,IIT KHARAGPUR","Biopolymer based nano-coating, Advanced nanocomposite, Antibiofouling, Photocatalytic activity",119,https://scholar.google.com/citations?hl=en&user=CZhLe18AAAAJ
Nishant Baranwal,"Computer Science Student, IIT Kharagpur","Distributed Systems, Operating Systems, Computer Networks",119,https://scholar.google.com/citations?hl=en&user=dLuq2qMAAAAJ
Ayush Srivastava,IIT Kharagpur,Artificial Intelligence,119,https://scholar.google.com/citations?hl=en&user=g6QNSbYAAAAJ
monalisa ghosh,"Asst. Prof. at Adani University, IIT Kharagpur (PhD)","360-degree video streaming, AR/VR, IoT, Machine Learning",119,https://scholar.google.com/citations?hl=en&user=XomzUiIAAAAJ
Dr. B. Sutradhar,"Librarian, Central Library IIT Kharagpur,WB",Digital Library Management,119,https://scholar.google.com/citations?hl=en&user=W3iHJscAAAAJ
Juhi Datta,"Research Scholar, IIT Kharagpur","Microgrids, Energy Management, Distributed Generation, Renewable Energy, Electric Vehicles",119,https://scholar.google.com/citations?hl=en&user=nma_Yq4AAAAJ
Richa Ahuja,Indian Institute of Technology Kharagpur,"Road Safety, AI/ML, Incident management, Trauma care, Sustainability",119,https://scholar.google.com/citations?hl=en&user=FHUET0MAAAAJ
Saibal Dutta,Reseacher at IIT Kharagpur,Data mining and machine learning,118,https://scholar.google.com/citations?hl=en&user=XsSLfjAAAAAJ
Pravin Vasudeo Vaidya,"Research Scientist III, SMST, IIT Kharagpur","Additive manufacturing, Powder processing, 3D bio printing, Metal/Ceramic foams, Patient specific",118,https://scholar.google.com/citations?hl=en&user=PYuup1UAAAAJ
Subhrajyoti Bhattacharyya,IIT Kharagpur,"Reservoir Engineering, Production Engineering, Drilling Engineering, Reservoir Simulation",118,https://scholar.google.com/citations?hl=en&user=jcIoorUAAAAJ
Priyanka Goyal,"NITK, IIT KGP","Remote Sensing, Artificial Intelligence, Agriculture",118,https://scholar.google.com/citations?hl=en&user=y5rAMgYAAAAJ
Arup Ray,Indian Institute of Technology Kharagpur,"Antenna Engineering, RFIC",117,https://scholar.google.com/citations?hl=en&user=THPsgEEAAAAJ
Rahul Tiwari,Indian Institute of Technology Kharagpur,"Bioenergy, Biofuels, Biomass conversion",117,https://scholar.google.com/citations?hl=en&user=AsPw5rMAAAAJ
Ipsita Mohanty,Research Scholar at IIT Kharagpur,"3D printing, Metal Additive Manufacturing, Metal Foams, Titanium Alloys",117,https://scholar.google.com/citations?hl=en&user=e1rxvMcAAAAJ
Akshay Tanaji Bhosale,"IIM Amritsar | IIT Kharagpur, PhD","reinforcement learning, Connected and autonomous vehicles, cybersecurity, game theory, optimization",117,https://scholar.google.com/citations?hl=en&user=l547EbQAAAAJ
Satyagopal Sahoo,"Ph. D from  Chemistry Dpartment, IIT Kharagpur, India",Polymer Chemistry,116,https://scholar.google.com/citations?hl=en&user=TBBMegUAAAAJ
Unmesha Ray,"PhD Research Scholar, Indian Institute of Technology Kharagpur","silicon nanowire, photocatalysis, nanomaterials, anodes, Li/Na batteries",116,https://scholar.google.com/citations?hl=en&user=SpstmlkAAAAJ
Aravind Kollipara,"Indian Institute of Technology, Kharagpur",,116,https://scholar.google.com/citations?hl=en&user=4p_FZMEAAAAJ
Dr. Dhruva Mukhopadhyay,"Postdoctoral Fellow, Dept. of Civil Engineering, Indian Institute of Technology, Kharagpur","Advanced Oxidation Process, Biomass Valorization, Biotechnology, Chemical Engineering",116,https://scholar.google.com/citations?hl=en&user=AfiLWDcAAAAJ
Atanu Paul,"Deptt Of Ocean Engineering and Naval Architecture, IIT Kharagpur","Friction Stir Welding, Methoding of steel castings, Nonconventional  welding Processes, nondestructive testings",116,https://scholar.google.com/citations?hl=en&user=0pcVdOYAAAAJ
Mousumi Mandal,"Assistant Professor, Department of Mathematics, IIT Kharagpur",Commutative Algebra,116,https://scholar.google.com/citations?hl=en&user=oMxEgYQAAAAJ
Rosy Rahman,Indian Institute of Technology Kharagpur,Condensed Matter Physics,116,https://scholar.google.com/citations?hl=en&user=OHqWovMAAAAJ
SOURAV PAUL,"Research Scholar, Indian Institute of Technology Kharagpur",Condensed Matter Physics,116,https://scholar.google.com/citations?hl=en&user=DcMi_zUAAAAJ
Tapas Bera,"Research Scholar (PhD), IIT KHARAGPUR","Welding, Laser Surface Modification, Ti based alloy, Optimization, Tribology",116,https://scholar.google.com/citations?hl=en&user=QPCNxpsAAAAJ
Rajesh Yadav,"Indian Institute of Technology, Kharagpur","Farm machinery, Machine Learning, Deep Learning, Renewable Energy, Ergonomics",116,https://scholar.google.com/citations?hl=en&user=d0iWLeMAAAAJ
Dr. Abhishek Kumar,Ph.D. at Indian Institute of Technology Kharagpur,"Tropical Cyclone, Heat Wave, Marine Heat Wave, Biogeochemistry, Physical Oceanography",116,https://scholar.google.com/citations?hl=en&user=am2_bpYAAAAJ
Puja Nelluri,Indian Institute of Technology Kharagpur,"High Moisture Extrusion, Meat Analogues, Plant Proteins",116,https://scholar.google.com/citations?hl=en&user=1L0uFTAAAAAJ
Rahul Kumar,"PhD, Indian Institute of Technology Kharagpur","Water Resources, Climate Change, Extreme Events, Environmental Sustainability",116,https://scholar.google.com/citations?hl=en&user=UbCRZywAAAAJ
ARCHANA SAHU,Indian Institute of Technology Kharagpur,"Natural Language Processing for E-learning, Artificial Intelligence in Education",115,https://scholar.google.com/citations?hl=en&user=D5kvw5IAAAAJ
SAYANTAN SAHA,IIT Kharagpur,Machine Learning,115,https://scholar.google.com/citations?hl=en&user=WmttUREAAAAJ
R Rejeesh,Indian Institute of Technology Kharagpur,"metallurgy, HAC, Modified 9Cr-1Mo steel, creep testing, gleeble simulation",115,https://scholar.google.com/citations?hl=en&user=BMRZqksAAAAJ
Sukanta Sarkar,Indian Institute of Technology Kharagpur,"Seismology, Tectonics, Near Surface Geophysics, Tomography, Hydrology",115,https://scholar.google.com/citations?hl=en&user=t1XqurIAAAAJ
Romit Mitra,"Doctor of Philosophy (Ph.D.; Technology), IIT Kharagpur","Process Biotechnology, Microalgal Biorefinery and CCUS, Lignocellulosic Biorefinery, Biofuels",115,https://scholar.google.com/citations?hl=en&user=Ih8U3_4AAAAJ
Debdipta Banik,"Postdoc @IITKGP, PhD @IITK","Corrosion, Heat treatment, Characterization",115,https://scholar.google.com/citations?hl=en&user=24sLqZkAAAAJ
Raghvendra Chandrakar,IIT Kharagpur,"Climatology, Oceanography, Meteorology",114,https://scholar.google.com/citations?hl=en&user=VRRiWi4AAAAJ
Mahadev,IIT Kharagpur,"Geomorphology, Climatology, Geochemistry, Geochronology",114,https://scholar.google.com/citations?hl=en&user=CHuUVAYAAAAJ
Soumyasree Bera,"PhD scholar, IIT Kharagpur","Wireless Communication, Remote Sensing",113,https://scholar.google.com/citations?hl=en&user=tiBC8G8AAAAJ
Gidituri Harinadha,"Assistant Professor, Department of Chemical Engineering@IIT Kharagpur",Fluid Mechanics,113,https://scholar.google.com/citations?hl=en&user=bn-zcRcAAAAJ
Suraj Kumar,"Research Scholar, Indian Institute of Technology Kharagpur","Consumer Behavior, Sustainable Agriculture, Food Processing, Technology Adoption, Behavioral Theory",113,https://scholar.google.com/citations?hl=en&user=1njcQjoAAAAJ
Tarun Goswami,"Doctoral Fellow, IIT Kharagpur","Natural Resource Management, RS and GIS, Advance Statistics, Societal Wellbeing",112,https://scholar.google.com/citations?hl=en&user=0CumxewAAAAJ
Arpan Roy,"JRF, Department of Chemical Engineering, IIT- Kharagpur","Membrane Technology, Image Processing, Erythrocyte Morphology, Wastewater Treatment, Statistical Analysis",111,https://scholar.google.com/citations?hl=en&user=btpS64gAAAAJ
Jeenu Grover,"Google, IIT Kharagpur","Machine Learning, Deep Learning, Artificial Intelligence, Natural Language Processing, Computer Vision",111,https://scholar.google.com/citations?hl=en&user=qxkiomkAAAAJ
Vandana Kumari Gupta,Post Doctoral Fellow at IIT Kharagpur,"Estuary Biogeochemistry, Benthic Foraminifera, Heavy and Trace metals, PPCPs",111,https://scholar.google.com/citations?hl=en&user=VecFDCYAAAAJ
Soumyarup Banerjee,"Assistant Professor in Mathematics, IIT Kharagpur, India",Number Theory,111,https://scholar.google.com/citations?hl=en&user=2gB0EqYAAAAJ
Dr. Shirin Dasgupta,"Dr. BC Roy Multi Speciality Medical Research Centre, Indian Institute of Technology …","Histopathology, Laboratory Heamatology, Cytogenetics, Cytology",111,https://scholar.google.com/citations?hl=en&user=hWYKU7YAAAAJ
Ashim Kumar Patel,"Indian Institute of Technology, Kharagpur","Ore Geology, Geochemistry",111,https://scholar.google.com/citations?hl=en&user=xURHL9UAAAAJ
Samikshya Mohanty,IIT Kharagpur,"Sediment Geochemistry, Radioactivity, Thermal Remote Sensing, Critical Zone",111,https://scholar.google.com/citations?hl=en&user=kumjZPEAAAAJ
Ajit R. Sawant,"IIT Kharagpur, India","Bacteriology, AMR, Genomics, Pathogenesis",111,https://scholar.google.com/citations?hl=en&user=Z_DaaQgAAAAJ
Majid Hasan Tyeb,"Department of Mining Engineering, Indian Institute of Technology Kharagpur","Mineral Processing, Fine Particle Separation",111,https://scholar.google.com/citations?hl=en&user=YqCs3dgAAAAJ
Manjish Pal,IIT-Kharagpur,"Computational Geometry, Computational Complexity, Machine Learning, WSNs",110,https://scholar.google.com/citations?hl=en&user=4aJ4AasAAAAJ
Ashutosh Soni,"Phd Scholar, Indian Institute of Technology, Kharagpur",Discrete Geometry,110,https://scholar.google.com/citations?hl=en&user=5jL1EzYAAAAJ
Prabhudeva,Research scholar @ IIT-Kharagpur,"Spay dynamics, Spray combustion, Slurry fuel, Gel fuel.",110,https://scholar.google.com/citations?hl=en&user=cAyn6HoAAAAJ
Aditya Pandey,"Assistant Professor, Indian Institute of Technology Kharagpur","Mine Ventilation, Thermochemical Properties of Coal, Coal quality analysis",109,https://scholar.google.com/citations?hl=en&user=DniPdl8AAAAJ
SAMIRAN MISRA,"Research Scholar, Department of Chemistry, IIT Kharagpur",Solid State Chemistry,109,https://scholar.google.com/citations?hl=en&user=rhKuQyIAAAAJ
Bijitaswa Chakraborty,Indian Institute of Technology Kharagpur,"FinTech, Business Analytics, Applied Statistics, Data Analytics, Impression Management",109,https://scholar.google.com/citations?hl=en&user=ly243pIAAAAJ
Anyango Geophry Wasonga,"MSc., Indian Institute of Technology Kharagpur","Irrigation, Water quality management, Membrane separation, Water engineering, Environmental Enginee",109,https://scholar.google.com/citations?hl=en&user=bPdMv5QAAAAJ
Siva Prakasam OK,IIT Kharagpur,"Biosensor, Microfabrication, Nanoparticles",108,https://scholar.google.com/citations?hl=en&user=rGq9em0AAAAJ
Shaswat Datta,"Undergraduate Student (Electronics and Electrical Communication Engineering), IIT …","Machine Learning, Computer Vision, Deep Learning, Artificial Intelligence, Robotics",108,https://scholar.google.com/citations?hl=en&user=4uhbE1QAAAAJ
MOHAN CHANDRA SAU,"Ph.D. Scholar, IIT Kharagpur",Organometallic Chemistry and Catalysis,108,https://scholar.google.com/citations?hl=en&user=jDlkAf8AAAAJ
Dr. Rahul Kumar Choubey,"Postdoctoral Fellow, IIT Kharagpur","Additive Manufacturing, FEM, Induction heating, Alumininum, DIW",108,https://scholar.google.com/citations?hl=en&user=Tg9kmLoAAAAJ
Aniket Biswas,"Assistant Professor of Statistics, Department of Mathematics, IIT Kharagpur","Statistical inference, Applied statistics",108,https://scholar.google.com/citations?hl=en&user=jFtEPCgAAAAJ
Ayan Gope,"Research Fellow, IIT Kharagpur","Biomaterials, Tissue Engineering, Surface Engineering",108,https://scholar.google.com/citations?hl=en&user=8KVTbrMAAAAJ
Abhinav Bohra,IIT Kharagpur,,107,https://scholar.google.com/citations?hl=en&user=F51Ct9oAAAAJ
Shuchishloka Chakraborty,"Research Scholar, IIT Kharagpur",Environmental microbiology,107,https://scholar.google.com/citations?hl=en&user=y2u_ZBcAAAAJ
Sarthak Nakra,Indian Institute of Technology Kharagpur,,107,https://scholar.google.com/citations?hl=en&user=mYQGb4wAAAAJ
Mohammad Ghulam Ali,Indian Institute of Technology Kharagpur,"Software Engineering, Multidatabase, Network Security, University Rankings, Sustainable Development",106,https://scholar.google.com/citations?hl=en&user=wYc_z5wAAAAJ
Ashish Vazirani,Indian Institute of Technology Kharagpur,"Entrepreneurial Finance, Entrepreneurship, Experimental Finance, Behavioral Finance",106,https://scholar.google.com/citations?hl=en&user=sK49J4IAAAAJ
Awani Shrivastav,"Research Scholar, IIT Kharagpur","Dairy and dairy products, Heat exchangers",106,https://scholar.google.com/citations?hl=en&user=6UbfwVUAAAAJ
Susant Kumar Panigrahi,"National Postdoctoral Research Fellow, IIT Kharagpur","Deep Learning, MRI Reconstruction, Image Denoising, Medical Image Analysis",105,https://scholar.google.com/citations?hl=en&user=1MjsFuUAAAAJ
Subrat Panda,"Indian institute of Technology, Kharagpur","AI, Architecture, GPU, CPU",105,https://scholar.google.com/citations?hl=en&user=uMJ4eR8AAAAJ
Abhijit Mondal,IIT Kharagpur,Computer Networks,105,https://scholar.google.com/citations?hl=en&user=XYkloQkAAAAJ
Rishabh Swarnkar,"Post Doctoral Fellow, Department of mechanical Engineering, IIT Kharagpur","Friction stir welding and processing, Friction stir extrusion, Friction stir additive manufacturing",105,https://scholar.google.com/citations?hl=en&user=WfUV25UAAAAJ
Koustav Sahoo,"Research Scholar(PMRF), IIT Kharagpur",Nanoclusters,105,https://scholar.google.com/citations?hl=en&user=PVaTO2MAAAAJ
Sudhansu Maharana,Indian Institute of Technology Kharagpur,"High entropy superalloy, Bulk metallic glass, Material characterization, Spark plasma sintering",105,https://scholar.google.com/citations?hl=en&user=qAnI0M4AAAAJ
Dean Jerry Dias,"Indian Institute of Technology, Kharagpur","Supply Chain, Quality Control, Machine Learning",104,https://scholar.google.com/citations?hl=en&user=zh0rzcYAAAAJ
Karri Karthik,Indian Institute of Technology Kharagpur,"Image Processing, Neuroscience, Medical Devices, Artificial Intelligence",104,https://scholar.google.com/citations?hl=en&user=SY5BxE0AAAAJ
Surendra Jangu,"Indian Institute of Technology, Kharagpur","Nanomaterials, Supercapacitors, Ceramics, Dielectrics, Filtration",104,https://scholar.google.com/citations?hl=en&user=KoVQnHcAAAAJ
"Swachhatoa Ghosh, Ph.D","Project Associate-II, IIT Kharagpur","Organ on chip, Microfluidics, Mechanobiology, Nanotechnology",104,https://scholar.google.com/citations?hl=en&user=7CPDUqEAAAAJ
M Quamer Nasim,"Indian Institute of Technology, Kharagpur, India","Geophysics, Reservoir Characterization, Borehole Geophysics, Deep Learning, Computer Vision",104,https://scholar.google.com/citations?hl=en&user=eCQ0mNwAAAAJ
Shubhi Shukla,Indian Institute of Technology Kharagpur,"Machine Learning Security, System Security, Adversarial ML, Side Channels",104,https://scholar.google.com/citations?hl=en&user=UDQZWrkAAAAJ
Rohit Raj,IIT Kharagpur,"Computer Vision, ML, Usable Security",104,https://scholar.google.com/citations?hl=en&user=05i_hM4AAAAJ
Arijit Mondal,"Assistant Professor, IIT Kharagpur","VLSI Architectures, Error Correcting Codes",104,https://scholar.google.com/citations?hl=en&user=vAY9ddAAAAAJ
Mukesh kumar yadav,"Research scholar, IIT Kharagpur","Friction stir welding, Medium Mn steel, Welding",104,https://scholar.google.com/citations?hl=en&user=gLayU5gAAAAJ
Sayani Sinha,"Research Scholar (PhD), Indian Institute of Technology, Kharagpur",Cryptography,104,https://scholar.google.com/citations?hl=en&user=sazd7IIAAAAJ
Anurag Sharma,IIT Kharagpur,"Responsible AI, Machine learning",104,https://scholar.google.com/citations?hl=en&user=gIj_wzAAAAAJ
Payel Das,"Indian Institute of Technology, Kharagpur","Biochemistry, Enzymology, Cell signaling, Infectious disease, Cancer biology",104,https://scholar.google.com/citations?hl=en&user=0pBtlKEAAAAJ
Saswata Sahu,"Research scholar, Indian Institute of Technology, Kharagpur","Wastewater remediation, Water treatment, Machine learning, Photocatalysis",104,https://scholar.google.com/citations?hl=en&user=FCLJU7oAAAAJ
Kaustav Dey,"Assistant Professor, Indian Institute of Technology Kharagpur","Power System Dynamics and Stability, Applications of Signal Processing, HVDC and FACTS devices",103,https://scholar.google.com/citations?hl=en&user=k6lKQOwAAAAJ
Zahoor Manzoor,Research Scholar at IIT Kharagpur,"Emerging contaminants, Photocatalysis, High entropy materials",103,https://scholar.google.com/citations?hl=en&user=K_fai6QAAAAJ
Pradip Kumar Dey,"Technical Superintendent, Advanced Technology Development Centre, IIT Kharagpur",Microfabrication process technology,103,https://scholar.google.com/citations?hl=en&user=HjfwarwAAAAJ
Geetha Ramanna,"Indian Institute of Technology, Kharagpur",Food and agriculture,102,https://scholar.google.com/citations?hl=en&user=bmCVh6AAAAAJ
Janaki Mohapatra,"M.Tech, Indian Institute of Technology Kharagpur","Agricultural Engineering, Water Resources Management, Empirical Modelling, Statistical Analysis, Technical Writing",102,https://scholar.google.com/citations?hl=en&user=e3YB83EAAAAJ
Shyam Kumar Mutil House,"Assistant Professor, Mechanical Engineering, IIT Kharagpur","Experimental fluid mechanics, Multiphase flows, sprays and atomization, Turbulence",102,https://scholar.google.com/citations?hl=en&user=lq-iv2YAAAAJ
sushil kumar singh,IPDF IIT KHARAGPUR,"Aero acoustic, Aerodynamics",101,https://scholar.google.com/citations?hl=en&user=1TlmBf4AAAAJ
Arpan Halder,IIT Kharagpur,"Robotics, Mining Engineering, Wireless Sensor Networks, Remote Sensing & GIS, Data",101,https://scholar.google.com/citations?hl=en&user=VApiqZsAAAAJ
Kousik Biswas,IIT Kharagpur,"InSAR, PSInSAR, DSInSAR",101,https://scholar.google.com/citations?hl=en&user=bpNRx_gAAAAJ
Apoorva Srivastava,"Research Scholar, Indian Institute of Technology, Kharagpur","Biomedical Signals, Deep Learning",101,https://scholar.google.com/citations?hl=en&user=Azak8F8AAAAJ
Ajit Singh Singathia,IIT KHARAGPUR,"Biosysystem engineering, system biology, Process Optimization, Metabolic network",101,https://scholar.google.com/citations?hl=en&user=F2VyxQ4AAAAJ
Jitendra Kumar Prabhakar,"Post-Doctoral Fellow, Indian Institute of Technology Kharagpur","Heterogeneous catalysis, Reaction engineering and Kinetics, CO2 Utilization",101,https://scholar.google.com/citations?hl=en&user=8ax-frYAAAAJ
Saheb Bag,"Ph.D., Indian Institute of Technology Kharagpur","Zinc-ion battery, Zinc-ion hybrid capacitor, Supercapacitor",101,https://scholar.google.com/citations?hl=en&user=chxfm4IAAAAJ
Siddhartha Barman,"Humanities and Social Sciences, IIT Kharagpur","Corporate finance, Corporate governance, Sustainable finance, ESG",101,https://scholar.google.com/citations?hl=en&user=BmaEBVYAAAAJ
Smita Patel,"Reseach Scholar, Indian Institute of Technology Kharagpur","Geotechnical Engineering, Civil Engineering",100,https://scholar.google.com/citations?hl=en&user=NEFkOKAAAAAJ
Doki Manmadha Manikanta,Indian Institute of Technology Kharagpur,"Microbial Fuel cell, Bacterial wastewater treatment, ultrasonication sludge treatment",100,https://scholar.google.com/citations?hl=en&user=TTAVAikAAAAJ
Somdutt ravindran,phd scholar IIT Kharagpur,Biotechnology,100,https://scholar.google.com/citations?hl=en&user=eX5ViRYAAAAJ
Sachchidanand Pandey,Indian Institute of Technology Kharagpur,"Starch Modification, Intelligent Food Packaging, Encapsulation, Probiotics, Drug delivery",99,https://scholar.google.com/citations?hl=en&user=MxdscgEAAAAJ
Nirmalya Podder,"Research Fellow, Dept. of Chemistry, IIT Kharagpur","Bio-inorganic Chemistry, Catalysis, Coordination Chemistry, Organic Synthesis",99,https://scholar.google.com/citations?hl=en&user=bGKCE3cAAAAJ
Thavamani A,Ph.D Student at Indian Institute of Technology Kharagpur,"Sustainable pavement materials, Pavement design",99,https://scholar.google.com/citations?hl=en&user=96Bi_r0AAAAJ
Karthick Ganesan,"Post Doctoral Fellow at Indian Institute of Technology, Kharagpur","Fatigue and Fracture, Corrosion Fatigue, High Temperature Fatigue, Thermomechanical Fatigue Creep",99,https://scholar.google.com/citations?hl=en&user=jCQgDNwAAAAJ
Surya KP,IIT Kharagpur,"elastomer, composites, nanocomposites, nanofibers",98,https://scholar.google.com/citations?hl=en&user=IJBSVR8AAAAJ
Anita Jena,"Ph.D Research Scholar, Indian Institute of Technology, Kharagpur","Micro Machines, Micro/Nano 3D printing, two photon lithography, 4D Printing, Smart materials",98,https://scholar.google.com/citations?hl=en&user=XWUCOJYAAAAJ
Kumar Anjneya,Indian Institute of Technology Kharagpur,"Discrete element method, Structural health monitoring",98,https://scholar.google.com/citations?hl=en&user=QKxnQ-0AAAAJ
Dr. Mousumi Biswas,"PhD Chemistry, IIT Kharagpur","Inorganic Chemistry, Metal-ligand Coordination, Metal-Organic Framework, Electrochemistry, Magnetic",98,https://scholar.google.com/citations?hl=en&user=vXT2Rh4AAAAJ
Tapobrata Mitra,IIT Kharagpur,Bioorganic chemistry,97,https://scholar.google.com/citations?hl=en&user=WbqqfFIAAAAJ
Jebieshia TR,"Research Scholar, Department of Aerospace Engineering, Indian Institute of Technology …","Aerospace Engineering, Aircraft Structures, Composite Structures, Structural Health Monitoring, Optimization Techniques",97,https://scholar.google.com/citations?hl=en&user=dhaRYdEAAAAJ
Kaniska Ghosh,"Research Scholar, IIT Kharagpur","Traffic Management, Traffic Engineering, Transportation Planning, Traffic Simulation Modelling, Road Safety Engineering",97,https://scholar.google.com/citations?hl=en&user=jHy7II8AAAAJ
Desham Mitra,"PhD (IIT Kharagpur), Aircraft Health Engineer, Airbus","Dynamic estimation and control, Fault diagnosis and prognosis, Battery Management Systems",97,https://scholar.google.com/citations?hl=en&user=wGmSGqkAAAAJ
Dr. susovan pal,IIT Kharagpur,hydraulics and pipe flow,97,https://scholar.google.com/citations?hl=en&user=YydsLNoAAAAJ
Namrata Mishra,"Prime Minister's Research Fellow, Indian Institute of Technology Kharagpur","Air quality assessment and modelling, Computational fluid dynamics, Urban air pollution",97,https://scholar.google.com/citations?hl=en&user=oktWBfYAAAAJ
Sayan Paul,"Research Scholar, Indian Institute of Technology Kharagpur","Computational Chemistry, catalysis, DFT, cluster",97,https://scholar.google.com/citations?hl=en&user=jrZE4MMAAAAJ
Riya Sadhukhan,Indian Institute of Technology Kharagpur,"Neuromorphic devices, Flexible Organic devices, Wearable Electronics",97,https://scholar.google.com/citations?hl=en&user=6k7nl4YAAAAJ
Arkapriya Das,"Research scholar at IIT Kharagpur, India","Nanomaterials, Supercapacitor, Sensor, Electrocatalysis, Electrochemistry",97,https://scholar.google.com/citations?hl=en&user=TxcOVXUAAAAJ
Ankita Debnath,"Associate Scientist ALS India, Research scholar, Biotechnology, IIT Kharagpur, India","Biomineralization, Applied microbiology, Environmental biotechnology, Biomaterials",97,https://scholar.google.com/citations?hl=en&user=GfuPkt8AAAAJ
Rohan Shingade,"Undergraduate Student, Indian Institute of Technology Kharagpur","Machine Learning, Statistical Analysis",96,https://scholar.google.com/citations?hl=en&user=KpKCt38AAAAJ
Sabyasachi Bhattacharyya,"Ph.D., IIT Kharagpur","Systems and control theory, Positive systems, Multi-agent systems",96,https://scholar.google.com/citations?hl=en&user=a8nRcNsAAAAJ
Gaurav Rathi,"Undergraduate Student, Indian Institute of Technology Kharagpur","Reversible Logic, Digital Design, Robot Soccer",95,https://scholar.google.com/citations?hl=en&user=fZ6i7uMAAAAJ
Manish Kumar Nayak,PhD Scholar at IIT Kharagpur,Laser Material Processing,95,https://scholar.google.com/citations?hl=en&user=gkSNLlAAAAAJ
Sunandan Adhikary,IIT Kharagpur,"Cyber-Physical Systems, CPS Security, Control Theory, Formal Verification",95,https://scholar.google.com/citations?hl=en&user=VsnaXGoAAAAJ
Gourab Bhattacharya,"Research Scholar, Indian Institute of Technology Kharagpur","Condensed matter Physics, Thin Films, Physical Vapour Deposition",95,https://scholar.google.com/citations?hl=en&user=VH0xHCQAAAAJ
Ambika Goswami,Indian Institute of Technology,Photobiology,95,https://scholar.google.com/citations?hl=en&user=ZlpOSxQAAAAJ
Buddhananda Banerjee,"Assistant Professor, Deapartment of Mathematics, IIT Kharagpur","Geometric Statistics, Change-point Analysis, Functional Data Analysis, Directional Statistics",94,https://scholar.google.com/citations?hl=en&user=ssRJiMUAAAAJ
Supratik Bhowmick,"Institute Research Scholar, Indian Institute of Technology Kharagpur",Power Electronic Converters,94,https://scholar.google.com/citations?hl=en&user=c-Tr91cAAAAJ
Jit Sinha,"Senior Engineer, VDDV (EV Battery CFD) at TCS-General Motors | Ph.D. IIT Kharagpur …","Flapping aerodynamics, FSI, Water tunnel experiments, Particle Image Velocimetry, WIV and VIV",94,https://scholar.google.com/citations?hl=en&user=oiHJca8AAAAJ
Subham Sarkar,"Research Scholar in Department of Mechanical Engineering, IIT Kharagpur","Thermally Sprayed Coating, Machining",94,https://scholar.google.com/citations?hl=en&user=CO7ZrXcAAAAJ
jaydeep paul,"Postdoc at IIT Kharagpur, India","Structural Biology, Molecular Biology, NMR, Crystallography",94,https://scholar.google.com/citations?hl=en&user=jOIdl5QAAAAJ
Joydeep Kundu,"Research Scholar, Department of Mechanical Engineering, IIT Kharagpur, India","Laser Material Processing, Electrochemical Machining, Non-Traditional Manufacturing, Micro-machining",93,https://scholar.google.com/citations?hl=en&user=AmDl5fcAAAAJ
Azwar Abdulsalam,"Student , Indian Institute of Technology Kharagpur",,93,https://scholar.google.com/citations?hl=en&user=dnrJtSUAAAAJ
Dr. Anand Ranjan,"Research scholar, IIT kharagpur","Supply chain Management, Manufacturing technology",93,https://scholar.google.com/citations?hl=en&user=UHa5gncAAAAJ
Suman Pramanick,"Indian Institute of Technology Kharagpur, Kharagpur, West Bengal 721302, India",Astrophysics and Cosmology,93,https://scholar.google.com/citations?hl=en&user=B3-000gAAAAJ
Bikky Routh,"Doctoral Student, Dept. of Electrical Engineering, Indian Institute of Technology Kharagpur","Battery Management System, Modeling of Lithium ion batteries, Control and Estimation",93,https://scholar.google.com/citations?hl=en&user=FEWHfh0AAAAJ
Raashid Firoz,"Research Scholar, IIT Kharagpur","High temperature alloys, Mechanical metallurgy, Materials characterization, FEM",93,https://scholar.google.com/citations?hl=en&user=CuJT6wsAAAAJ
UJJAL DEY,IIT Kharagpur,"Micro-Nano Robotic Manipulation, Robotics, Haptics, Virtual Reality, Orbital Dynamics",92,https://scholar.google.com/citations?hl=en&user=NVYzLmwAAAAJ
Bharat Dwivedi,IIT Kharagpur,"Distributed Radio Network, Wireless Communication, Mobile Computing, Internet of Things, Artificial Intelligence",92,https://scholar.google.com/citations?hl=en&user=4RLIyMoAAAAJ
Souri Roy,IIT kharagpur,"Molecular Biology, Plant Biotechnology, Bioenergy",92,https://scholar.google.com/citations?hl=en&user=Acg_DksAAAAJ
Ritesh Basutkar,Indian Institute of Technology Kharagpur,"Gas Engine & Diesel Engines, Smart Materials, Nanomechanics, Piezoelectricity, Flexoelectricity",92,https://scholar.google.com/citations?hl=en&user=sx2bvysAAAAJ
Debapriya Biswas,"Assistant professor of Mathematics, Indian Institute of Technology Kharagpur","Topology, Lie groups and Lie algebras, Harmonic analysis",92,https://scholar.google.com/citations?hl=en&user=eMKZ32YAAAAJ
ASHESH RUDRA PAUL,"PH.D RESEARCH SCHOLAR, INDIAN INSTITUTE OF TECHNOLOGY,KHARAGPUR","Climate Change Impact, Hydroclimatic Extremes, Watershed Vulnerability Assessment",92,https://scholar.google.com/citations?hl=en&user=-vO2WkEAAAAJ
Rahul R,"Reserach scholar, Department of Physics, IIT Kharagpur","Energy storage devices, Nano materials, Computational material science",92,https://scholar.google.com/citations?hl=en&user=zRGnQOQAAAAJ
Reshma Mohan T,"Indian Institute of Technology, Kharagpur","Membrane bioreactor, wastewater treatment, resource recovery, membrane fouling",92,https://scholar.google.com/citations?hl=en&user=ZU1snsYAAAAJ
Mandrita Mukherjee,"PhD scholar, IIT Kharagpur",,92,https://scholar.google.com/citations?hl=en&user=80AInPYAAAAJ
Dr. Pankaj Parmar,"PhD, IIT Kharagpur","Renewable energy, Biomass, Pyrolysis, Waste to Energy",92,https://scholar.google.com/citations?hl=en&user=PgjE4XQAAAAJ
Mohit Agrawal,IIT Kharagpur,"Machine Learning, Natural Language Processing",91,https://scholar.google.com/citations?hl=en&user=C_EfkckAAAAJ
Dr Anita Zade,"Postdoctoral Felloow, IIT Kharagpur","Sustainable Recycling of Composites, Process Optimization, Composite Material",91,https://scholar.google.com/citations?hl=en&user=qPhi9psAAAAJ
Moumita Dewan,"Materials Science Centre, IIT Kharagpur","Gas sensors, Li and Na-ion batteries, multiferroics",91,https://scholar.google.com/citations?hl=en&user=8-x1MzoAAAAJ
Soumya Sarathi Ganguly,"PMRF PhD scholar, Indian Institute of Technology, Kharagpur","Structural biology, Biochemistry, Infectious diseases, Antibiotic resistance mechanism",91,https://scholar.google.com/citations?hl=en&user=b6MAS74AAAAJ
Anshita Gupta,Indian Institute of Technology Kharagpur,"AI for Healthcare, Edge Computing, Federated Learning, Mobile Sensing",91,https://scholar.google.com/citations?hl=en&user=RaxO4cQAAAAJ
JYOTIRMAYA SAHOO,Indian Institute of Technology Kharagpur,Battery Managment System,91,https://scholar.google.com/citations?hl=en&user=bPlWBvoAAAAJ
Rekha Regar,"Research Scholar, Indian Institute of Technology Kharagpur",Biomedical Natural Language Processing,91,https://scholar.google.com/citations?hl=en&user=BtpM3RUAAAAJ
Akash S. Jadhav,"Researcher, VNIT Nagpur/ IIT Kharagpur","Aerodynamics, Solar Energy, Heat flux sensors",90,https://scholar.google.com/citations?hl=en&user=wJR6IiwAAAAJ
Dr. Anand Srivastava,Indian Institute of Technology Kharagpur,Seismology  Seismic Hazard Liquefaction …,90,https://scholar.google.com/citations?hl=en&user=7wGcoFkAAAAJ
Paulson Mathew,"Researcher, IIT Kharagpur","Hardware and Embedded System Security, Smart Grid Security, Automotive Security, Network Security",90,https://scholar.google.com/citations?hl=en&user=VAhwfsMAAAAJ
Kuppa Sampath Kumar,"Postdoctoral Fellow, IIT Kharagpur","Rotor dynamics, FEM, Product design and development, Structural Acoustics",90,https://scholar.google.com/citations?hl=en&user=dxG_djUAAAAJ
Siddharth D. Sharma,Indian Institute of Technology Kharagpur,"Biofluid Mechanics, Immersed Boundary Method, Fluid Structure Interaction, High Performance Computing",90,https://scholar.google.com/citations?hl=en&user=X3wSqHcAAAAJ
Shree Krishna,Indian Institute of Technology Kharagpur,"High Entropy Alloy, Laser materials processing, Surface engineering",90,https://scholar.google.com/citations?hl=en&user=vZyeOWwAAAAJ
Amlan Ashish,"Indian Institute of Technology, Kharagpur","3D-Printing, Microfluidics, Lab-on-a-Chip, 3D Cell Culture, Electrochemical Biosensor",90,https://scholar.google.com/citations?hl=en&user=hNswC74AAAAJ
Kutikuppala Nareshkumar,"Research Scholar, Indian Institute of Technology Kharagpur","Distribution System, Microgrid Operation, EV Charging Stations, Demand Response, BESS",90,https://scholar.google.com/citations?hl=en&user=NaS7TmcAAAAJ
Ramakrishna Nanduri,IIT Kharagpur,Commutative Algebra,89,https://scholar.google.com/citations?hl=en&user=UhNT6xwAAAAJ
VIVEK KUMAR MISHRA,"PhD student, IIT Kharagpur","air conditioning, adsorption systems",89,https://scholar.google.com/citations?hl=en&user=2YSNu9sAAAAJ
Anand Abraham,Indian Institute of Technology Kharagpur,"Environmental economics, game theory, applied operations research",89,https://scholar.google.com/citations?hl=en&user=oQlDkGEAAAAJ
Soumitra Ghara,"Assistant Professor at  Department of Mathematics, IIT Kharagpur",Operator theory,89,https://scholar.google.com/citations?hl=en&user=jg_VsrUAAAAJ
Loknath Thapa,"Research Scholar, Indian Institute of Technology Kharagpur","Electrochemistry, Functional Materials, Nanomaterials, Organic Synthesis.",89,https://scholar.google.com/citations?hl=en&user=UGVUFecAAAAJ
Riddhi Kamble,"Research Scholar, IIT Kharagpur","Polymer chemistry, Proton exchange membranes, Metal-Organic Frameworks",89,https://scholar.google.com/citations?hl=en&user=tRFvsOoAAAAJ
Rajdeep Ghosh,"IIT Kharagpur, Kharagpur","Edge Computing, Edge Intelligence, IoT, UAVs",89,https://scholar.google.com/citations?hl=en&user=9Q7tDjwAAAAJ
Priyantan Gupta,"PhD. student, Department of Geology and Geophysics IIT Kharagpur","Paleoclimatology, Speleology, Stable Isotope Geochemistry, Sedimentology, Mineralogy",89,https://scholar.google.com/citations?hl=en&user=kJqXKasAAAAJ
Bhavya Parameswaran,"Research scholar, Indian Institute of Technology, Kharagpur","Elastomers, Self-healing elastomers, Vitrimers, disulfide metathesis, transesterification",89,https://scholar.google.com/citations?hl=en&user=BoYLV4EAAAAJ
Amit Kumar Praharaj,Indian Institute of Technology Kharagpur,"Metal Additive Manufacturing, Tribology, Surface modification",89,https://scholar.google.com/citations?hl=en&user=HRXLZicAAAAJ
Mayukh Chakravarty,"Indian Institute of Technology, Kharagpur","Energy Storage, Batteries, Supercapacitors, Nanomaterials, Photocatalysis.",88,https://scholar.google.com/citations?hl=en&user=1ahKTwMAAAAJ
Arnab Mukherjee,Indian Institute of Technology Kharagpur,Plant Molecular Biology,88,https://scholar.google.com/citations?hl=en&user=U9x7K6cAAAAJ
Abhishek Mishra,Research Scholar at IIT Kharagpur,"Hybrid Microgrid System, Optimization, Game Theory, Ancillary services, Transactive energy",88,https://scholar.google.com/citations?hl=en&user=2x8BiFsAAAAJ
Subhrajit Barick,Research Scholar @ IIT KGP,"Network Resource Management, UAV Communication, Machine Learning",88,https://scholar.google.com/citations?hl=en&user=0H2nwXIAAAAJ
DS Pradhan,Research scholar IIT Kharagpur,"Mine Environment, Air quality analysis, Water quality assessment, GIS",88,https://scholar.google.com/citations?hl=en&user=zrSJLCwAAAAJ
Anyesha Chakraborty,"Research Scholar, Indian Institute of Technology, Kharagpur","2D materials, sensors, analytical chemistry, In-situ liquid cell TEM",88,https://scholar.google.com/citations?hl=en&user=sW4KpawAAAAJ
JAY SHANKAR PRASAD,"IPDF, IIT KHARAGPUR, INDIA","Heat Transfer, Turbulent Flow, Solar Air Heater, CFD",88,https://scholar.google.com/citations?hl=en&user=sM0QB6IAAAAJ
Gaurab Das Mahapatra,"Indian Institute of Technology, Kharagpur",Universal Design,88,https://scholar.google.com/citations?hl=en&user=t7Dm354AAAAJ
Jyotsana Patel,Research Scholar at IIT Kharagpur,"Waste valorization, Nanocellulose, Cold plasma, Biodegradable packaging",88,https://scholar.google.com/citations?hl=en&user=sA-ZUCoAAAAJ
A Kishore Kumar,"Project Engineer, IIT Kharagpur","Speech and bio-signal processing, Machine Learning, Pattern recognition",87,https://scholar.google.com/citations?hl=en&user=HNQka04AAAAJ
Dipana jyoti Mohanty,"Research Scholar of Mathematics, IIT Kharagpur","Operation Research, Inventory Management",87,https://scholar.google.com/citations?hl=en&user=st4v08QAAAAJ
T Devi Prasad Patra,Indian Institute of Technology,"Supply Chain Management, Operations Research, Operations Management",87,https://scholar.google.com/citations?hl=en&user=KfUElGUAAAAJ
Shubham Mangla,"Indian Institute of Technology, Kharagpur",,87,https://scholar.google.com/citations?hl=en&user=4yYrRucAAAAJ
Ranjan Sasti Charan Pal,"PhD Research Scholar, IIT Kharagpur","Machinery Fault Diagnosis, Internet of Things (IoT), Digital Signal Processing, Design Optimization, Machine Learning",87,https://scholar.google.com/citations?hl=en&user=DcaHTzEAAAAJ
Pritam Das,"Senior Research Fellow, Indian Institute of Technology, Kharagpur","2D materials, Photonics, Optoelectronics, Exciton-Polaritons",87,https://scholar.google.com/citations?hl=en&user=F6ODqOwAAAAJ
Prateek Chandrakar,"Ph.D., IIT Kharagpur, India","Stochastic ML Surrogates, Thermal Buckling, Stress Analysis, Nonlinear FEA, Composites",87,https://scholar.google.com/citations?hl=en&user=kPCSOZcAAAAJ
Punam Salaria,"Postdoctoral Researcher, IIT Kharagpur","Computational Biomolecular Modeling, AI/ML, Nucleic Acid Chemistry",87,https://scholar.google.com/citations?hl=en&user=S9oNDuYAAAAJ
Srija Arasavilli,"Ph.D, Indian Institute of Technology Kharagpur","Photocatalysis, Disinfection, Environmental Remediation",87,https://scholar.google.com/citations?hl=en&user=NCQBpZQAAAAJ
Sudhansu Sekhar Nath,"Research Scholar, IIT Kharagpur","Additive Manufacturing, Energy Storage, Flexible Electronics",87,https://scholar.google.com/citations?hl=en&user=9XCVYqYAAAAJ
Devarshi Chakrabarty,"Senior Research Fellow, Indian Institute of Technology, Kharagpur","Condensed matter physics, Nanoscale optoelectronics, 2D materials",87,https://scholar.google.com/citations?hl=en&user=J_KWX5IAAAAJ
Manash Pratim Nath,"Post Doctorate Fellow, IIT Kharagpur",Materials for Energy and Environment,87,https://scholar.google.com/citations?hl=en&user=AD3FIdsAAAAJ
Mohamed Ismail Yasar Arafath K.,"Research Scholar, Indian Institute of Technology Kharagpur",Signal Processing,86,https://scholar.google.com/citations?hl=en&user=xSbDTngAAAAJ
Harshawardhan Mahajan,"Undergraduate Student, Indian Institute of Technology Kharagpur","Machine Learning, Statistical Analysis, Deep Learning",86,https://scholar.google.com/citations?hl=en&user=_MsFHyAAAAAJ
Mita Uthaman,Indian Institute of Technology Kharagpur,"Seismology, Earthquake Seismology, Seismic Tomography",86,https://scholar.google.com/citations?hl=en&user=P-hfK8gAAAAJ
Krittika Banerjee,"Assistant Professor, IIT Kharagpur","Trade imbalances, Real Exchange Rate, Foreign exchange reserves accumulation, Institutions",86,https://scholar.google.com/citations?hl=en&user=nQL_C84AAAAJ
Ashish Bhagat,"Indian Institute of Technology, Kharagpur","Nanomaterials, Hydrogen generation, Water treatment, Photocatalytic water splitting",86,https://scholar.google.com/citations?hl=en&user=2B8E634AAAAJ
Subhendu Mishra,Department of Mining Engineering IIT Kharagpur,Mining and Mineral Processing,86,https://scholar.google.com/citations?hl=en&user=6X_FcXkAAAAJ
Shyamal Shegokar,"Research scholar, Indian Institute of Technology Kharagpur","Energy materials, Enegy storage devices",86,https://scholar.google.com/citations?hl=en&user=DDA3c6kAAAAJ
Subrata Hazra,Indian Institute of Technology Kharagpur,Synthetic Organic Chemistry,86,https://scholar.google.com/citations?hl=en&user=vtQcPh0AAAAJ
S. Julie,"Post-Doctoral Fellow, Indian Institute of Technology (IIT), Kharagpur","Radiation damage, ion irradiation, material characterization, Corrosion, Surface modifications",85,https://scholar.google.com/citations?hl=en&user=bEqjgWcAAAAJ
Soumava Ghosh,"Indian Institute of Technology, Kharagpur",,85,https://scholar.google.com/citations?hl=en&user=2XXaxJwAAAAJ
Nikhil Dhore,"PhD Research Scholar at Rubber Technology, IIT Kharagpur","Paints, Corrosion Resistant Coating, Smart Coatings, High Performance Coatings, Rubber",85,https://scholar.google.com/citations?hl=en&user=DHMgy4oAAAAJ
Falguni Gopmandal,Indian Institute of Technology Kharagpur,"Control Systems, Robust Control, Multivariable Control",85,https://scholar.google.com/citations?hl=en&user=pVDjvjAAAAAJ
SIDDHARTH,"Research Scholar, IIT KHARAGPUR","Porous ceramics, IPC, Mechanical behaviour of materials, Materials characterization",85,https://scholar.google.com/citations?hl=en&user=_nz7Ct4AAAAJ
Shrestha Chatterjee,"Research Scholar,IIT Kharagpur",Total synthesis of natural products,85,https://scholar.google.com/citations?hl=en&user=j8SawB4AAAAJ
Rahul Bharadwaj M,"Research scholar, Indian Institute of Technology Kharagpur","Sediment transport, Experimental hydraulics, Computational fluid dynamics",85,https://scholar.google.com/citations?hl=en&user=Fr6l3iwAAAAJ
Subhadip Ghosh,"CSIR SRF, Department of Physics, SNST, Indian Institute of Technology, Kharagpur","Condensed Matter Physics, Topological materials, DFT, Thermoelectricity, Catalysis",85,https://scholar.google.com/citations?hl=en&user=2Iz3VTYAAAAJ
Pabitra Badhuk,Assistant Professor at IIT Kharagpur,"fire safety, chemical kinetics, combustion",84,https://scholar.google.com/citations?hl=en&user=I42KzOsAAAAJ
Keerthana,"Indian Institute of Technology, Kharagpur",Dielectrics,84,https://scholar.google.com/citations?hl=en&user=nPa8PUgAAAAJ
Anjali Raj,Research Scholar at Indian Institute of Technology Kharagpur,"Image Processing, Machine Learning, Deep Learning, Satellite Mapping, Remote Sensing",84,https://scholar.google.com/citations?hl=en&user=Fj_ztp4AAAAJ
Rohan Jadhav,"PMRF Scholar, IIT Kharagpur","Advanced composite, ballistic materials, high performance fibres, nanotechnology",84,https://scholar.google.com/citations?hl=en&user=6RJjMWUAAAAJ
Priyam Saha,"Undergraduate student,  Indian Institute of Technology Kharagpur","Finance, Data Science",84,https://scholar.google.com/citations?hl=en&user=tnM89KAAAAAJ
RABIYA,"Research Scholar, IIT Kharagpur","Biopolymer, Downstream processing, process optimization, characterization",83,https://scholar.google.com/citations?hl=en&user=M5SH_DIAAAAJ
Jayashree Sengupta,"IIT Kharagpur, Jadavpur University, West Bengal University of Technology","Alkali Activated Materials, Concrete Technology, Life Cycle Assessment, Cementitious materials",83,https://scholar.google.com/citations?hl=en&user=PFs8YdMAAAAJ
Sudheer Thadela,IIT Kharagpur,"Cryogenics, Applied Superconductivity, Vacuum Technology",83,https://scholar.google.com/citations?hl=en&user=cj69P_gAAAAJ
Shuvam Chakraborty,"Research Scholar , EE Dept , IIT Kharagpur","MMC, Low requency Drives, Converter, Thyristor Bridge, DC DC Converter",83,https://scholar.google.com/citations?hl=en&user=8fwj3xQAAAAJ
Asmita Nandy,Ph.D. IIT KHARAGPUR,"AI, Machine Learning, Cse",83,https://scholar.google.com/citations?hl=en&user=1suJwZwAAAAJ
Gaurav Misuriya,"Assistant Professor, Indian Institute of Technology Kharagpur","Local Scour, Turbulent flow, PIV, Unsteady flow, Wave and current interaction",83,https://scholar.google.com/citations?hl=en&user=AWprBZIAAAAJ
Prashanth Kumar G,PhD Research Scholar at IIT Kharagpur,"Image Processing, Computer Vision, Mechine Learning, Image Restoration, Optimization",82,https://scholar.google.com/citations?hl=en&user=1Od6DiAAAAAJ
Antara Ain,Indian Institute of Technology Kharagpur,"Verification, Analog Mixed Signal Circuits, Smart Grids",82,https://scholar.google.com/citations?hl=en&user=p_-jEggAAAAJ
Dr. Priyanka Rani,Indian Institute of Technology Kharagpur,"Two dimensional materials, Energy Harvesting Applications, Supercapacitors, Batteries",82,https://scholar.google.com/citations?hl=en&user=WfX_RN0AAAAJ
Anumita Sengupta,Indian Institute of Technology Kharagpur,"High Bandgap Semiconductors, Analytical Modelling",82,https://scholar.google.com/citations?hl=en&user=7G5AsWgAAAAJ
Suman Mondal,"Research Scholar, IIT Kharagpur","Bioenergy, Metagenomics, Systems Biology",82,https://scholar.google.com/citations?hl=en&user=hOH_pPkAAAAJ
Smruti Ranjan Sethi,Research scholar at IIT Kharagpur,"Electrochemical Energy Storage device, Advanced electrode micro-structure …",82,https://scholar.google.com/citations?hl=en&user=b5cWKIQAAAAJ
Hushnaara Hadem,"Metallurgical and Materials Engineering, Indian Institute of Technology Kharagpur","Surface engineering, Biomaterials, Material characterization, Nanotechnology",82,https://scholar.google.com/citations?hl=en&user=SBNGPcgAAAAJ
Subhrajit Roy,"PhD Chemical Engineering, Indian Institute of Technology Kharagpur","Chemical Reaction Engineering, Bioenergy, Catalysis, Ionic Liquids",81,https://scholar.google.com/citations?hl=en&user=81Ihk74AAAAJ
Debjoy Saha,"Undergraduate student, Indian Institute of Technology, Kharagpur","Artificial Intelligence, Computational Linguistics, Multimodal Machine Learning",81,https://scholar.google.com/citations?hl=en&user=2E847WMAAAAJ
Arindam Biswas,Indian Institute of Technology Kharagpur,"Machine Learning, Deep Learning, Natural Language Processing, Information Retrieval",81,https://scholar.google.com/citations?hl=en&user=jgHR3bcAAAAJ
Kritika Ghosh,"Ph.D, Materials Science Centre, Indian Institute of Technology Kharagpur","2D Materials, High K dielectrics",81,https://scholar.google.com/citations?hl=en&user=gthTgF8AAAAJ
Arup Sau,"Indian Institute of Technology, Kharagpur","Machine Learning, Deep Learning, Computer Vision, Image Processing, Pervasive Sensing",81,https://scholar.google.com/citations?hl=en&user=z_4j5sYAAAAJ
Srinidhi Moodalagiri,"Computer Science and Engineering, IIT Kharagpur","Deep Learning, Robotics, Machine Learning, Blockchain",80,https://scholar.google.com/citations?hl=en&user=wX_QDgcAAAAJ
Sunandan Ghosh,Indian Institute of Technology Kharagpur,International Economics,80,https://scholar.google.com/citations?hl=en&user=9FjZKyAAAAAJ
Pavan Dongapure,IIT Kharagpur,CO2 utilization to value added products,80,https://scholar.google.com/citations?hl=en&user=TAKYgqgAAAAJ
Arijit Nag,IIT kharagpur,Computer Science,80,https://scholar.google.com/citations?hl=en&user=-N_6-M4AAAAJ
Soumyadip Roy,"Ph. D Scholar , IIT Kharagpur","Nanoclusters, enzyme mimetic nanoclusters, Supercapacitors",80,https://scholar.google.com/citations?hl=en&user=b1U9D1kAAAAJ
Dr. Sudipa Das,Indian Institute of Technology Kharagpur,"Supply Chain Management, Optimization",80,https://scholar.google.com/citations?hl=en&user=NFSrSfgAAAAJ
Reajmina Parvin,"Indian Institute of Technology Bombay, Indian Institute of Technology Kharagpur","Optical Coherence Polarization, Holography, Speckle, Orbital Angular Momentum",80,https://scholar.google.com/citations?hl=en&user=R6SAkA4AAAAJ
Dipanwita Patra,Indian Institute of Technology Kharagpur,"Microbiology, Molecular Bacteriology, Plant-microbes interaction",80,https://scholar.google.com/citations?hl=en&user=hIyjAEIAAAAJ
Arun Kumar,Research scholar IIT Kharagpur,"Hydrological Modelling, Soil and Water conservation Engineering, Agricultural Engineering",79,https://scholar.google.com/citations?hl=en&user=1QJMuyAAAAAJ
Arjun Mukerji,"Professor of Architecture, IIT Kharagpur",Architecture,79,https://scholar.google.com/citations?hl=en&user=Tk7mxBUAAAAJ
Srijeet Tripathy,"PhD student Electronics, Indian Institute of Technology, Kharagpur","Nano-electronics, Solid state physics, microelectronics",79,https://scholar.google.com/citations?hl=en&user=Tfn8LncAAAAJ
Sourav Chatterjee,"PhD student, IIT Kharagpur","Wireless Communications, Massive MIMO, millimetre wave",79,https://scholar.google.com/citations?hl=en&user=xx3hCDIAAAAJ
Pooja Verma,"Research Scholar, IIT Kharagpur","Image Processing, Computer Vision, Deep Learning, Artificial intelligence",79,https://scholar.google.com/citations?hl=en&user=hezt7o0AAAAJ
Toluchuri Shalini Shanker Rao,Indian Institute of Technology Kharagpur,"Augmented reality, computational thinking, game-based learning, Virtual reality, EYE TRACKING",79,https://scholar.google.com/citations?hl=en&user=Lphcq4EAAAAJ
Arijul Haque,IIT Kharagpur,"Speech Processing, DSP, Machine Learning, Deep Learning",78,https://scholar.google.com/citations?hl=en&user=YD2MfgsAAAAJ
SANDIP KUILA,"Senior Research Fellow, IIT Kharagpur",Solid State Chemistry,78,https://scholar.google.com/citations?hl=en&user=9x6bB8MAAAAJ
Chhanda Ruj,"Indian Institute of Technology, Kharagpur","Political ecology, hydrosocial, just transition, critical sustainability",78,https://scholar.google.com/citations?hl=en&user=0vXBFm4AAAAJ
Krishnendu Buxi,"Ph.D. scholar , IIT Kharagpur","solid state chemistry, Crystallography, Computational Chemistry",78,https://scholar.google.com/citations?hl=en&user=5LfECDgAAAAJ
Dr. Purbita Samanta,Indian Institute of Technology Kharagpur,"City planning, Community planning, Social inclusivity",78,https://scholar.google.com/citations?hl=en&user=HCCK4CYAAAAJ
Biswarup Dutta,IIT Kharagpur,Coordination Chemistry,78,https://scholar.google.com/citations?hl=en&user=WX5oIe8AAAAJ
Akash Kumar,Student at Indian Institute of Technology Kharagpur,Optical Access Networks,78,https://scholar.google.com/citations?hl=en&user=Y-DPHBYAAAAJ
sharanya varkala,"Department of Mathematics, IIT Kharagpur",Fluid Mechanics,77,https://scholar.google.com/citations?hl=en&user=ewTW3mkAAAAJ
Kuheli Pratihar,"Indian Institute of Technology, Kharagpur",Security,76,https://scholar.google.com/citations?hl=en&user=MOGzpJEAAAAJ
Nandita Sharma,"Ph.D. student, IIT Kharagpur","Bioinformatics, RNA Biology, Structural bioinformatics, Machine Learning, Deep Learning",76,https://scholar.google.com/citations?hl=en&user=kLswhIsAAAAJ
Sudipta Bose,"Dept. of Electronics and Electrical Comm. Engg., IIT Kharagpur","VLSI Implementation of Signal Processing …, Wireless Communication, Adaptive Signal Processing",76,https://scholar.google.com/citations?hl=en&user=nsIgF2UAAAAJ
Priyanka Dey,Indian Institute of Technology Kharagpur,"Housing and community planning, Development induced displacement, Slum redevelopment, R& R",76,https://scholar.google.com/citations?hl=en&user=sMsPGgYAAAAJ
Dr. Sushree Padhan,"Post-Doctoral Fellow, Indian Institute of Technology Kharagpur","Information Security, Cyber-Physical Systems Security, Cryptography",76,https://scholar.google.com/citations?hl=en&user=ZlkkGVMAAAAJ
Pauras Meher,IIT Kharagpur,"NLP, GenAI, LLMs, Computer Vision",76,https://scholar.google.com/citations?hl=en&user=NrQ1i1oAAAAJ
Arpita Mandal,Senior Research Associate at IIT Kharagpur,"Fluid dynamics, Heat and mass transfer, Numerical analysis, Comsol Multiphysics",76,https://scholar.google.com/citations?hl=en&user=7S2cyZYAAAAJ
Anirban Nanda,"Research Scholar, IIT Kharagpur","Control system, DC DC Converters, Nonlinear Control",76,https://scholar.google.com/citations?hl=en&user=ynNlqg8AAAAJ
Abhishek Kumar,Indian Institute of Technology,"Laser Polishing, Additive manufacturing, Surface metrology, Design of experiment, Industry 4.0",76,https://scholar.google.com/citations?hl=en&user=fvfLPa8AAAAJ
Sarathkumar Sankar,"Institute Post-Doctoral Research Fellow, IIT Kharagpur","Zinc-Ion Energy Storage, Pervoskite Materials",76,https://scholar.google.com/citations?hl=en&user=RV6JHFgAAAAJ
Ankurita nath,Research scholar IIT Kharagpur,"Advanced oxidation process, water treatment",75,https://scholar.google.com/citations?hl=en&user=t3lTUCcAAAAJ
Debarpan Ghosh,"Postdoctoral Researcher, Indian Institute of Technology Kharagpur","Nano-scale deformation, Mechanical behaviour, AHSS Development, Structure-property, wear",75,https://scholar.google.com/citations?hl=en&user=VIVkQVEAAAAJ
Pinaki Gayen,"Visual Artist and Educator, Kala Bhavana, Visva Bharati University. (PhD from IIT Kharagpur)",Visual Arts and Experimental Aesthetics,75,https://scholar.google.com/citations?hl=en&user=HQxKjvIAAAAJ
Aravinda Reddy PN,Research Scholar Indian Institute of Technology Kharagpur,"Audio-Visual Recognition, Presentation Attacks, Deepfakes Automatic Speech Recognition",75,https://scholar.google.com/citations?hl=en&user=R6r5Pb4AAAAJ
Sayan Dasgupta,IIT Kharagpur,Particle Physics,75,https://scholar.google.com/citations?hl=en&user=sUQwGOwAAAAJ
Rosebin Babu,Research Scholar in Nano Science at IIT Kharagpur,Biomaterial Science and tissue engineering,75,https://scholar.google.com/citations?hl=en&user=iABGkoQAAAAJ
Dr. Poulomi Chakraborty,"Research Scholar, IIT Kharagpur","ecosystem services, Sikkim Himalayas, High-altitude lakes",75,https://scholar.google.com/citations?hl=en&user=nQjQBs8AAAAJ
Dr. Archiman Biswas,"Researcher in World Resources Institute, PhD: IIT Kharagpur","Platform Urbanism, Consumer behaviour, Urban Planning, Retail geography",75,https://scholar.google.com/citations?hl=en&user=MsNgbwMAAAAJ
Bibhu Prasad Mahapatra,"Post-doctoral Fellow, Department of Aerospace Engineering, IIT Kharagpur, India","Auxetic metamaterials, Smart composite structures, FEM, Experiment, 3D printing",75,https://scholar.google.com/citations?hl=en&user=m0xTTfQAAAAJ
Sourav Sinha,Indian Institute of Technilogy Kharagpur,"System Reliability, Software Reliability, RAMS, Hardware-software co-design, Failure Data Analytics",74,https://scholar.google.com/citations?hl=en&user=b4qO6e0AAAAJ
Shreyas Kowshik,Indian Institute of Technology Kharagpur,"Machine Learning, Robotics",74,https://scholar.google.com/citations?hl=en&user=ikGvRU4AAAAJ
AKASH GHOSH,"MS (CSE), IIT Kharagpur, India","AI, ML, NLP",74,https://scholar.google.com/citations?hl=en&user=y2ZL3XwAAAAJ
Jeevan John Varghese,Doctoral Candidate at Indian Institute of Technology Kharagpur,"Human Resource Management, Knowledge Management and Learning …",74,https://scholar.google.com/citations?hl=en&user=2tmBrvIAAAAJ
Imon Mitra,"PhD Scholar, Indian Institute of Technology Kharagpur","metabolomics, female reproductive health, adenomyosis, endometriosis, transcriptomics",74,https://scholar.google.com/citations?hl=en&user=Sgrg5OwAAAAJ
Tushar Bose,"Indian Institute of Technology, Kharagpur (IITKgp), Indian Institute of Technology,Kanpur …","UAV-Assisted Communication, 5G and beyond, 5G Edge Networks",74,https://scholar.google.com/citations?hl=en&user=VlUHq0wAAAAJ
Prashanth P,MTech at IIT Kharagpur,"Grain Processing and Storage, Non-thermal Processing, Millet Processing",74,https://scholar.google.com/citations?hl=en&user=mScqjs8AAAAJ
chandrashekhar shendkar,Phd Scholar IIT Kharagpur,"Medical Devices R&D and Clinical Trial, Medical Instumentation, Biosignal Processing, Internet of Things (IoT), Consumer Electro",73,https://scholar.google.com/citations?hl=en&user=DX5cGyEAAAAJ
Dinesh Mute,"PhD, IIT Kharagpur","Control System, Estimation Theory, GNSS",73,https://scholar.google.com/citations?hl=en&user=_IawodUAAAAJ
Prasenjit Dhara,IIT Kharagpur,,73,https://scholar.google.com/citations?hl=en&user=WbqHPigAAAAJ
Yadav Santoshnambi,"Research scholar, Indian institute of technology, Kharagpur","Biobutanol production, Biohydrogen production, Waste to Biofuel, Microalgal biorefinery",73,https://scholar.google.com/citations?hl=en&user=IslNHwcAAAAJ
Dr Abhishek Trivedi,"PhD (Law) SAU; Postdoc, IoE, DU; Asst. Prof. IIT-Kgp",International Law   International …,73,https://scholar.google.com/citations?hl=en&user=OSou_vMAAAAJ
Anukool Yadav,"Indian Institute of Technology, Kharagpur","Nanomaterials, Energy Devices",73,https://scholar.google.com/citations?hl=en&user=vM58ExYAAAAJ
NIKHIL KUMAR SINGH,IIT Kharagpur,"Unmanned vehicles, Path planning, Guidance and Control, Nonlinear estimation, Optimization",73,https://scholar.google.com/citations?hl=en&user=oFpF3cgAAAAJ
Debdeep Bhattacharjee,Ph.D (Indian Institute of Technology Kharagpur),"Microfluidics, Droplet Dynamics, Magnetohydrodynamics, CFD",72,https://scholar.google.com/citations?hl=en&user=dMANuR8AAAAJ
KS Vikrant,"Assistant Professor, IIT Kharagpur","Mechatronics, MEMS, Automation, Precision Measurement and Control",72,https://scholar.google.com/citations?hl=en&user=GntF9wYAAAAJ
Nandan Maiti,"Assistant Professor, Department of Civil Engineering, IIT Kharagpur","Traffic Engineering, Traffic Flow Theory, Network Traffic Operations and Management, ITS",72,https://scholar.google.com/citations?hl=en&user=1jeWfjIAAAAJ
CHANDRASEKHAR ROY,"Indian Institute of Technology Kharagpur, India.",… electronic converters for Hybrid Flexible AC …,72,https://scholar.google.com/citations?hl=en&user=858btw0AAAAJ
Chinmay Mondal,"PhD, IIT Kharagpur","Coal quality, Hyperspectral Remote Sensing, IoT, Machine learning",72,https://scholar.google.com/citations?hl=en&user=P46UzpUAAAAJ
Suraj Gupta,Indian Institute of Technology Kharagpur,"Predictive Maintenance, Asset Management, Reliability Modeling, Operation Research, ML/DL/XAI",72,https://scholar.google.com/citations?hl=en&user=OOg_q6sAAAAJ
Aneet Yadav,IIT Kharagpur,"Energy Economics, Environmental Economics",72,https://scholar.google.com/citations?hl=en&user=JaG6M6IAAAAJ
Amit Sharma,IIT Kharagpur,,72,https://scholar.google.com/citations?hl=en&user=6X1Ici4AAAAJ
Aniruddha Roy,IIT Kharagpur,"LLM, NLP",72,https://scholar.google.com/citations?hl=en&user=lk_o5bcAAAAJ
Biswanath Basak,"IIT Kharagpur, Jadavpur University","AGI/ASI, Psyc, UTP, CG, AR/VR",71,https://scholar.google.com/citations?hl=en&user=z-OO7z0AAAAJ
shashwat gangwal,IIT Kharagpur,"Bitcoin, Finance, Extreme Value theory, Bubbles",71,https://scholar.google.com/citations?hl=en&user=YT6AeqEAAAAJ
Pritam Saha,"Cryogenic Engineering Centre, Indian Institute of Technology Kharagpur","Cryogenic liquid storage, Space cryogenics, Two phase flow, Heat and mass transfer",71,https://scholar.google.com/citations?hl=en&user=33QUyWMAAAAJ
Animesh Ghosh,Indian Institute of Technology Kharagpur,"Circular Economy, Entrepreneurship, Rural Development, Public Policy, Local Governance",71,https://scholar.google.com/citations?hl=en&user=9H4UT6oAAAAJ
Jagan Karthik Sugumar,"Agricultural and Food Engineering, IIT Kharagpur","Food Technology, Functional Food, Nutraceuticals",71,https://scholar.google.com/citations?hl=en&user=oPcBI7EAAAAJ
Naman Paharia,"Bachelor of Technology, Indian Institute of Technology, Kharagpur","Machine Learning, AI, NLP",71,https://scholar.google.com/citations?hl=en&user=KL5Eb5AAAAAJ
Biswajit Biswas,"PD - ThinkBio.Ai, PhD, Indian Institute of Technology Kharagpur","T cell biology, Molecular Immunology",71,https://scholar.google.com/citations?hl=en&user=atP_TSsAAAAJ
Dr. Somasri Hazra,"IIT kharagpur, INDIA","Rheology, Viscoelastic Modelling, Crack Study, Fractional Calculus, Liquid Crystal",71,https://scholar.google.com/citations?hl=en&user=8RuOsSkAAAAJ
Subhankar Ghosh,"Ph.D. student at IIT Kharagpur, India","Hydrogeology, Hydrology, Climatology, Irrigation & Water Management, Water Science",71,https://scholar.google.com/citations?hl=en&user=Fy71C5UAAAAJ
Asim Manna,Indian Institute of Technology Kharagpur,"Deep Learning, Image Processing, Neural Hashing, CT Reconstruction",71,https://scholar.google.com/citations?hl=en&user=2iiKQXwAAAAJ
Pilla Sai Kiran,"Research Scholar, IIT Kharagpur","Constructed Wetlands, Wastewater Treatment",71,https://scholar.google.com/citations?hl=en&user=1oyhSc4AAAAJ
Baishik Biswas,"Dual Degree Student, Indian Institute of Technology Kharagpur","Integrated Circuits, Digital Integrated Circuits, Analog Integrated Circuits",70,https://scholar.google.com/citations?hl=en&user=xCstS74AAAAJ
Arup Kumar Dutta,Student of IIT Kharagpur,Speech Processing,70,https://scholar.google.com/citations?hl=en&user=le3yY90AAAAJ
Kuldip Nayak,Indian Institute of Technology Kharagpur,Power System Protection,70,https://scholar.google.com/citations?hl=en&user=IuFcHpAAAAAJ
Anshu Kumari,Indian Institute of Technology Kharagpur,Ocean dynamics and climate varability,70,https://scholar.google.com/citations?hl=en&user=fEftusAAAAAJ
Ansuman Das,"Student,IIT KHARAGPUR","Plasma Physics, Laser Plasma Physics",70,https://scholar.google.com/citations?hl=en&user=sSO7YIYAAAAJ
Tania Majumder,Indian Institute of Technology Kharagpur,"Li and Na ion batteries, Electrophoretic deposition",70,https://scholar.google.com/citations?hl=en&user=3fg4CbwAAAAJ
Nandan Saha,"Junior Research Fellow (JRF), Rubber Technology Centre, Indian Institute of Technology …",Polymer,70,https://scholar.google.com/citations?hl=en&user=8G1KYBsAAAAJ
Aftab Alam,Indian Institute of Technology Kharagpur,"Entrepreneurship, Entrepreneurial Ecosystem, Entrepreneurial Education",70,https://scholar.google.com/citations?hl=en&user=9BwliRkAAAAJ
Sanjukta Parida,"Research Scholar, IIT Kharagpur",Computational Chemistry,70,https://scholar.google.com/citations?hl=en&user=c2_MNjoAAAAJ
Souvik Kolay,"MS Student, Indian Institute of Technology, Kharagpur","Lightweight Cryptography, Hardware Implementation",69,https://scholar.google.com/citations?hl=en&user=vRZfmVUAAAAJ
Shamit Ghosh,"MS Scholar, Computer Science and Engineering, IIT Kharagpur","Cryptography, Fault Attack Countermeasure",69,https://scholar.google.com/citations?hl=en&user=uQ8KdqkAAAAJ
Manashi Chakraborty,"Graduate Student Researcher, Indian Institute of Technology Kharagpur","Medical Image Processing, Machine Learning, Computer Vision",69,https://scholar.google.com/citations?hl=en&user=cKry0lgAAAAJ
Anubhav Roy,Assistant Professor at Indian Institute of Technology Kharagpur,"Elastodynamic Scattering, Homogenization, Wave Propagation, Materials Science, Fracture Mechanics",69,https://scholar.google.com/citations?hl=en&user=OF5DERIAAAAJ
Het Shah,"Indian Institute of Technology, Kharagpur","Robotics, Motion Planning, Control Systems, Path Tracking",69,https://scholar.google.com/citations?hl=en&user=2fxX6ekAAAAJ
Umakanta Meher,"PhD, Indian Institute of Technology Kharagpur","Structural Health Monitoring, Smart Materials, Aerospace Structures, Composite Structures, ML",69,https://scholar.google.com/citations?hl=en&user=M2EnIgIAAAAJ
M Sanatan Rao,IIT Kharagpur,"Agricultural Economics, Forest Economics, Health Economics",69,https://scholar.google.com/citations?hl=en&user=HaVh_NQAAAAJ
Vinay Kumar,"Research scholar, Department of Ocean Engineering and Naval Architecture, IIT Kharagpur","Oceanography, Fluid Mechanics",69,https://scholar.google.com/citations?hl=en&user=43SYEX0AAAAJ
Prachi Priya,"4th year UG, IIT Kharagpur","Natural Language Processing, Deep Learning, Artificial Intelligence",69,https://scholar.google.com/citations?hl=en&user=c5WgYp8AAAAJ
ABHINANDAN DAS,"Research Scholar, Department of Humanities and Social Sciences, IIT Kharagpur","Geography, Urbanization, Land Use Land Cover Dynamicity, Developmental Studies, Social Studies",69,https://scholar.google.com/citations?hl=en&user=mN_fLV0AAAAJ
Nishant Tiwari,IIT KHARAGPUR,"CALPHAD, Magnetic materials, Magnetocaloric Effect, Additive Manufacturing",69,https://scholar.google.com/citations?hl=en&user=RhHFHFoAAAAJ
Sirsendu Mohanta,"Master of Science by Research, Dept. of CSE, IIT KGP","Software engineering, Software reliability, Software metrics",68,https://scholar.google.com/citations?hl=en&user=Zd_vnqgAAAAJ
ABHIJIT LINCON,"Project Scientist, IIT Kharagpur","Biophysics and Protein folding, Electrochemistry, Biosensors, Micro-fluidics, Nanomedicine",68,https://scholar.google.com/citations?hl=en&user=e6_PaW4AAAAJ
Sudip Chattopadhyay,"Post Doctoral Fellow, IIT Kharagpur","Electrochemical and Biochemical Sensors, Bio-Microfluidics, Paper based and CD based microfluidics for …, Healthcare Engineering",68,https://scholar.google.com/citations?hl=en&user=tIkjBlwAAAAJ
Shreyashi Bhattacharya,"PhD, Indian Institute of Technology, Kharagpur","Environmental History, Political Ecology, Urban studies, Sustainable Development, Resilience and",68,https://scholar.google.com/citations?hl=en&user=Tp2gFpMAAAAJ
Dr. Satyabrata Nigamananda Sahoo,"Indian Institute of Technology, Kharagpur","Biomaterials, Mg alloy, Corrosion, Cytocompatibility, Surface Modification",68,https://scholar.google.com/citations?hl=en&user=tXN8AsAAAAAJ
Dr. Meghabriti Pramanik,"Associate Professor of Haldia Institute of Technology, PhD Indian Institute of Technology …","Signal Processing, Power Systems, Machine Learning, Deep Learning",67,https://scholar.google.com/citations?hl=en&user=VtggX_cAAAAJ
KARPANA SIVAKRISHNA,IIT Kharagpur,"Power Electronics, Solar PV, Design and Control of Converter/Inverter …",67,https://scholar.google.com/citations?hl=en&user=ppJ4Cm8AAAAJ
Amritendu Bhuson Ghosh,"mCFD (Multiscale Computational Fluid Dynamics) Laboratory, Department of Chemical …","Multiphase microfluidics, Micromixing, Reactive extraction",67,https://scholar.google.com/citations?hl=en&user=apMSymEAAAAJ
Himela Moitra (Ph. D.),Research Associate at Indian Institute of Technology Kharagpur,"Planetary Geology, Experimental Petrology",67,https://scholar.google.com/citations?hl=en&user=EwEFeJEAAAAJ
Pratyush Kumar,"Assistant Professor, Department of Civil Engineering, IIT Kharagpur","Continuum & Experimental Mechanics, Computational Mechanics, Machine Learning, Earthquake Eng.",67,https://scholar.google.com/citations?hl=en&user=qa_SA-cAAAAJ
Akanksha Rajput,Research Scolar of IIT Kharagpur,"Particulate Modelling, CFD-DEM, Coarse-Graining, Optimization and Control, MFC",67,https://scholar.google.com/citations?hl=en&user=3LWnLvMAAAAJ
Shivam Maheshwari,IIT kharagpur,,66,https://scholar.google.com/citations?hl=en&user=ejsIN6wAAAAJ
M RAJ KUMAR,"Indian Institute of Technology, Kharagpur","Food Processing, Micro Irrigation.",66,https://scholar.google.com/citations?hl=en&user=_t2a2hQAAAAJ
Dr. Ritu Prem,"Research Associate, IIT Kharagpur",Sustainable aquaculture,66,https://scholar.google.com/citations?hl=en&user=zoiP1QUAAAAJ
Tapu Raihan Gazi,"Research Scholar (PMRF), IIT Kharagpur","CO2 Reduction, Photocatalysis, Nanohybrids, Nanocluster, Electrochemistry",66,https://scholar.google.com/citations?hl=en&user=29PXDpgAAAAJ
Subrata Pain,"Research Scholar || IIT Kharagpur || Assistant Professor, CSE, Alliance University …","Brain Connectivity, Signal Processing, DL, Sparsity, Graph Signal Processing",66,https://scholar.google.com/citations?hl=en&user=Qr3wSskAAAAJ
KRISHNENDU MAITY,"Research scholar, IIT Kharagpur","Conjugated Polymer, Photocatalysis, Sensing",66,https://scholar.google.com/citations?hl=en&user=Y941CKUAAAAJ
Pulok Ranjan Mohanta,"Indian Institute of Technology Kharagpur, India","Industry 4.0, Technology Management, Project Management",65,https://scholar.google.com/citations?hl=en&user=14taFXEAAAAJ
NIKESH NAYAK,"IIT Bombay, IIT Kharagpur","Manufacturing Engineering, Operations management, Supply Chain management, Decision Optimization, Multivariate statistics",65,https://scholar.google.com/citations?hl=en&user=9pmyBp8AAAAJ
Dhrubajyoti Biswas,Indian Institute of Technology Kharagpur,"Complex networks, Nonlinear dynamics, Synchronization, Emergent phenomena",65,https://scholar.google.com/citations?hl=en&user=2OR7h7kAAAAJ
Aparna Raut,IIT Kharagpur,"Hydroclimatic extremes, Hydrology, Drought, water resources",65,https://scholar.google.com/citations?hl=en&user=MsjWBS4AAAAJ
N Surya Prakash,"Research Scholar, Department of Metallurgical and Materials Engineering, IIT Kharagpur","Nanograined austenitic stainless steel, Biomedical Implants",65,https://scholar.google.com/citations?hl=en&user=uy4o1zQAAAAJ
Chandan Kumar,"Research Scholar in Metallurgical and Materials Engineering, IIT Kharagpur","Metal Matrix Composites, Fatigue, Mechanical Behavior of Materials, Material Characterization",65,https://scholar.google.com/citations?hl=en&user=gGYptJ0AAAAJ
Somenath Mahato,Research scholar at IIT Kharagpur,"Organoboron chemistry, Photocatalysis",65,https://scholar.google.com/citations?hl=en&user=v3mt45MAAAAJ
Riddhiman Moulick,Research Engineer @IBM Research | EE-CS @IIT Kharagpur,"Machine Learning, Continual Learning, Computer Vision",65,https://scholar.google.com/citations?hl=en&user=LY-NpskAAAAJ
Anish Das,Indian Institute of Technology Kharagpur,"Thermoelectricity, Semiconductors, Devices",64,https://scholar.google.com/citations?hl=en&user=ct398bIAAAAJ
Madhumita Mallick,"PhD Student, IIT Kharagpur","Internet of Things, Mobile Computing",64,https://scholar.google.com/citations?hl=en&user=ZBvJnB4AAAAJ
Seema Kumari,"Scientist, CSIR-CFTRI, Mysore; Ph.D IIT Kharagpur Mathematics","Artificial Intelligence, Machine Learning, Convection in Porous Media, Linear Stability Analysis",64,https://scholar.google.com/citations?hl=en&user=cQalHkkAAAAJ
Dr. Paramita Patra,"Ph.D in Physics, Indian Institute of Technology Kharagpur",Condensed Matter Physics,64,https://scholar.google.com/citations?hl=en&user=_VH82hMAAAAJ
Asmita Biswas,"Research scholar, BMTE, School of Medical Science and Technology, IIT Kharagpur, India","Biomaterials, 3D bioprinting, Tissue engineering, Hydrogels",64,https://scholar.google.com/citations?hl=en&user=vpQW7g8AAAAJ
Koushiki Dasgupta Chaudhuri,IIT Kharagpur,"Machine Learning, Deep Learning, Bioinformatics, Computational Biology",64,https://scholar.google.com/citations?hl=en&user=mPZPKwUAAAAJ
Aiswarya Dev Goswami,"Post Doctoral Fellow, E&ECE, IIT KGP","EEG, GSR, Biomedical Signal Processing, Human Centric Lighting, Street Lighting",64,https://scholar.google.com/citations?hl=en&user=z0tCr04AAAAJ
"Anwesha Adhikary, PhD","PhD, Indian Institute of Technology Kharagpur","Antimicrobial resistance, efflux pumps",64,https://scholar.google.com/citations?hl=en&user=TVWcIXgAAAAJ
Dr. Aloke Majumdar,Indian Institute of Technology Kharagpur (IIT Kharagpur).,"Implementation of Climate Action, Policy Design, Computational Analysis",64,https://scholar.google.com/citations?hl=en&user=py08d6MAAAAJ
Rupal Kaushik,"research scholar, IIT kharagpur","Biomaterials, antimicrobial resistance, photothermal and photodynamic therapies, 2D materials, ROS",64,https://scholar.google.com/citations?hl=en&user=kmhcBwcAAAAJ
RAHUL PAN,IIT Kharagpur,Studies of Atomic Ordering of Two …,64,https://scholar.google.com/citations?hl=en&user=YEYNkocAAAAJ
Bikash Mohanty,"Ph.D. student, Indian Institute of Technology Kharagpur","Electrohydrodynamics, Droplet Dynamics, Multiphase flow, Microfluidics",64,https://scholar.google.com/citations?hl=en&user=d285HFsAAAAJ
Aby Alex,"Research Scholar, Indian Institute of Technology Kharagpur","Polymer Synthesis, Energy storage devices, Battery technology, Water Purification",64,https://scholar.google.com/citations?hl=en&user=U4wPHR0AAAAJ
Debasish Dewanjee,Indian Institute of Technology Kharagpur,"Pharmacology, Drug Discovery, Neuroscience.",63,https://scholar.google.com/citations?hl=en&user=dyVTMQ4AAAAJ
Abhishek Ghosh Dastider,"Assistant Professor, Indian Institute of Technology Kharagpur","Constitutive modelling, Large deformation problems, Offshore Geotechnics, Foundations",63,https://scholar.google.com/citations?hl=en&user=efhcjnoAAAAJ
Fagul Pandey,IIT Kharagpur,"Biometric security, Cryptography",63,https://scholar.google.com/citations?hl=en&user=GW1WzNQAAAAJ
Dr. Arijit Roy,"Indian Institute of Technology, Kharagpur",Astrochemistry and Laboratory Astrophysics,63,https://scholar.google.com/citations?hl=en&user=_dry3rwAAAAJ
Kouseya Choudhuri,"Ph.D research scholar, IIT Kharagpur",Geotechnical engineering,63,https://scholar.google.com/citations?hl=en&user=6KVUobIAAAAJ
Sayantan Dawn,"PhD Scholar, Mechanical Engineering Department, IIT Kharagpur","Microfluidics, Biological Fluid Dynamics, Fluid Structure Interaction",63,https://scholar.google.com/citations?hl=en&user=ltFWs6cAAAAJ
Dr. Saikat Biswas,"Institute Post-Doctoral Fellow, IIT Kharagpur, India","CFD, Microfluidics, Multiphase Flow, Hydrolysis",63,https://scholar.google.com/citations?hl=en&user=Qnay4icAAAAJ
Nilesh Chatur,Research scholar IIT Kharagpur,"Optical Networks, FiWi",63,https://scholar.google.com/citations?hl=en&user=x6VWYvQAAAAJ
Arun Kaushik,"Research Scholar, Centre for Ocean, River, Atmosphere and Land Sciences, IIT Kharagpur","Palaeoclimate, Lake Deposits, Lake Geochemistry",63,https://scholar.google.com/citations?hl=en&user=MpKxK5EAAAAJ
TUSHAR TIWARI,"Research Scholar (Ph.D.), IIT Kharagpur","Product Design and Development, Assistive Device Technology, Frugal Engineering, Design Thinking",63,https://scholar.google.com/citations?hl=en&user=YrB62_gAAAAJ
Manvendra Singh Gangwar,"Postdoctoral Fellow (IPDF), Indian Institute of Technology Kharagpur, West Bengal, India","Thin Films & Nanotechnology, Plasmonic Nanostructures, Thin Film Solar Cells, Plasmonic Solar Cells",63,https://scholar.google.com/citations?hl=en&user=inVwVVwAAAAJ
Dr. Soham Bandyopadhyay,"Assistant Professor, Dr. BC Roy Engineering College, Durgapur Ph.D (Engg) IIT, Kharagpur","Epidemiological - physiological and …, Machine, Deep learning",63,https://scholar.google.com/citations?hl=en&user=BCP5AJsAAAAJ
Manashi Sabat,Research Scholar at IIT Kharagpur,"High entropy alloys, ODS alloys, Material characterizations, Spark plasma sintering",63,https://scholar.google.com/citations?hl=en&user=gL6C41gAAAAJ
Priyabrata Dash,Indian Institute of Technology Kharagpur,"Biometric Security, Bio-crypto System, Biometrics, Pattern Recognition",63,https://scholar.google.com/citations?hl=en&user=ys8DllAAAAAJ
Athira P,Indian Institute of Technology Kharagpur,"Computational Catalysis, CO2 activation, DFT, DRIFTS Spectroscopy",63,https://scholar.google.com/citations?hl=en&user=9-l9uycAAAAJ
Prasanta Kr Sen,"PhD Student, Rajendra Mishra School of Engineering Entrepreneurship, IIT Kharagpur","Bio-Medical Signal Processing, Machine learning, Human-computer interaction, Mobile Healthcare, Internet-of-things",62,https://scholar.google.com/citations?hl=en&user=t0S4LCoAAAAJ
Debjyoti Das Adhikary,Pursuing PhD at IIT Kharagpur,"Machine Learning, Predictive Analytics, Data Analytics",62,https://scholar.google.com/citations?hl=en&user=7BrMvLAAAAAJ
ARJYA UTKALINI SAHOO,"Assistant Professor, CV Raman Global University and Former Research Scholar, IIT …","Farm Machinery and Power, Renewable Energy",62,https://scholar.google.com/citations?hl=en&user=3xa5eroAAAAJ
SURAJIT KUNDU,Indian Institute of Technology Kharagpur,"Computer Vision, Medical Image Processing, Medical Informatics",62,https://scholar.google.com/citations?hl=en&user=OYxOCkgAAAAJ
Sougato Das,Indian Institute of Technology Kharagpur,Artificial intelligence adoption in marketing,62,https://scholar.google.com/citations?hl=en&user=wtmB-j8AAAAJ
Sreya Ghosh,"Senior Project Engineer Research, IIT Kharagpur","Intelligent Transportation System, VANET, Wireless Sensor Network",62,https://scholar.google.com/citations?hl=en&user=YlkKNAYAAAAJ
Anagha KS,"PhD student, IIT Kharagpur","Oceanography, Atmospheric science",62,https://scholar.google.com/citations?hl=en&user=CvCamP8AAAAJ
DEBASMITA CHATTERJEE,Indian Institute of Technology Kharagpur,"Antimicrobial resistance, efflux pumps, molecular microbiology",62,https://scholar.google.com/citations?hl=en&user=4kmoxtoAAAAJ
Kaushik Khatua,"Indian Institute Of Technology , Kharagpur","VLSI Testing, Machine Learning, Power System",61,https://scholar.google.com/citations?hl=en&user=GXbeLzYAAAAJ
Venkata Sasidhar P,"Research Scholar, IIT Kharagpur","EnergyPlus, Building Simulations",61,https://scholar.google.com/citations?hl=en&user=RAatV_MAAAAJ
Sushant Saurabh,PhD Research Scholar IIT Kharagpur || M. Tech NIT Rourkela,"FRP Composites, Composites Fabrication, Carbon Nanotubes",61,https://scholar.google.com/citations?hl=en&user=aQvyPBwAAAAJ
Anirban Pal,"Indian Institute of Technology, Kharagpur","Natural Resource Management, New Institutional Economics, Microfinance, Computational Social Science Methods, Social Network Analysis",61,https://scholar.google.com/citations?hl=en&user=w_87MYQAAAAJ
Dipayan Dewan,"Resarch scholar, IIT kharagpur","Brain-Computer Interfacing, Deep Neural Neural Network, Cognitive Neuroscience, Music Cognition, Medical Image Analysis",61,https://scholar.google.com/citations?hl=en&user=nUlXiXoAAAAJ
Md Faisal Shahab,"Ph.D. in Aerospace Engineering, Indian Institute of Technology Kharagpur","Optimization, Auxetic structures, Additive Manufacturing, Materials Science",61,https://scholar.google.com/citations?hl=en&user=_HRZ0wMAAAAJ
Shreya Paul,"Research Scholar, IIT Kharagpur",Nanoscale optoelectronics,61,https://scholar.google.com/citations?hl=en&user=tJQshi4AAAAJ
Gadi Udaybhanu,"Research Scholar, IIT Kharagpur","Porous media combustion, Machine learning applications in combustion, Heat transfer",61,https://scholar.google.com/citations?hl=en&user=RfmFOpYAAAAJ
Shruti Aggarwal,Indian Institute of Technology Kharagpur,"Energy Economics, Environment Economics, International Relations",61,https://scholar.google.com/citations?hl=en&user=PJmJ8ZMAAAAJ
Pourush Sood,"Senior Undergraduate, Indian Institute of Technology Kharagpur","computer vision, artificial intelligence, signal processing",60,https://scholar.google.com/citations?hl=en&user=ztZielsAAAAJ
Preeti Samhita Pati,"Research Engineer, Nokia Bell Labs; PhD,IIT Kharagpur","Next-Gen Networks, Resource Optimization, AI/ML for Mobility, Network Energy Saving",60,https://scholar.google.com/citations?hl=en&user=f-hr7iYAAAAJ
Sonu Kumar Patidar,"Research Scholar at AgFE Department, Indian Institute of Technology Kharagpur","Alternate Fuels, Renewable Energy Farm Machinery",60,https://scholar.google.com/citations?hl=en&user=7j5Gu44AAAAJ
Dr. NEHA VERMA,Indian Institute of Technology Kharagpur,Inorganic and Material chemistry,60,https://scholar.google.com/citations?hl=en&user=3I-nAwYAAAAJ
DEEPAK DESHMUKH,"Research Scholar, Robotics, IIT Kharagpur","Robotics, Agricultural robotics, Soft computing techniques, Automation and Control, Unmanned Ground Vehicles.",60,https://scholar.google.com/citations?hl=en&user=4Aaw53kAAAAJ
Kasturi Charan,"Indian Institute of Technology, Kharagpur","Environmental microbiology, Soil Contaminants, Bioremediation, Vermicomposting, Waste management",60,https://scholar.google.com/citations?hl=en&user=Q3_JI3AAAAAJ
Dr. Peri Subrahmanya Hari Prasad,IIT KHARAGPUR,,60,https://scholar.google.com/citations?hl=en&user=UPmYN2AAAAAJ
Minu Tiwari,IIT Kharagpur,"Wireless sensor Networks, Internet of Things, Edge/Fog Computing, Internet of Vehicles",60,https://scholar.google.com/citations?hl=en&user=E7KE4dwAAAAJ
Rohit Gupta,"Indian Institute of Technology Kharagpur, WB, India","Inorganic Chemistry, Organometallics, Catalysis, Coordination Chemistry, Organic Synthesis.",60,https://scholar.google.com/citations?hl=en&user=Ip6URi0AAAAJ
Neelesh Patra,Indian Institute of Technology Kharagpur,"Plant Moleculer Biology, Plant Lipids, Plant Biotechnology, CRISPR",60,https://scholar.google.com/citations?hl=en&user=ux6b-TsAAAAJ
sudeep kumar gupta,IIT KGP,"Thermoacoustic, Reverse Brayton Cryocooler",59,https://scholar.google.com/citations?hl=en&user=_5CZslgAAAAJ
Gaurav Kumar,Indian Institute of Technology Kharagpur,"Plate Tectonics, Geodynamics, Seismicity, Anisotropy",59,https://scholar.google.com/citations?hl=en&user=rq6rhE8AAAAJ
Roshan Kumar Jha,IPDF IIT Bombay II PhD  IIT Kharagpur || M. Tech NIT Rourkela,"Computational Material Science, Molecular Dynamics, Machine Learning, Grain Boundaries, Welding",59,https://scholar.google.com/citations?hl=en&user=LjlcTQ0AAAAJ
Chinmayee Mhaskar,Research Scholar at IIT Kharagpur,"Functional Materials, Halide perovskite, Memory devices, Neuromorphic devices",59,https://scholar.google.com/citations?hl=en&user=Rae5uBUAAAAJ
Amrita Hazra,"Senior research fellow, IIT Kharagpur","Polyelectrolyte, Ionic porous organic polymers, Sensing, Photocatalysis, Environmental remediation",59,https://scholar.google.com/citations?hl=en&user=8ejNEqUAAAAJ
Ahmad Faisal,"Research Scholar at Indian Institute of Technology Kharagpur, India","Aquaponics, Hydroponics, Precision Farming",59,https://scholar.google.com/citations?hl=en&user=njxvLTAAAAAJ
Madhumitha R,Indian Institute of Technology Kharagpur,"Combustion, Gel Fuel, Nano particle, Metallized gel propellants, Rocket propulsion",59,https://scholar.google.com/citations?hl=en&user=5sARK4wAAAAJ
Dr. Sujeet Bharti,"Department of Mining Engineering, IIT Kharagpur",Rock Mechanics,58,https://scholar.google.com/citations?hl=en&user=DgQajycAAAAJ
Prateep Chakraborty,"Assistant Professor, IIT Kharagpur",Topology,58,https://scholar.google.com/citations?hl=en&user=grgsSnkAAAAJ
Gopinath Shanmugaraj,"Indian Institute of Technology, Kharagpur",Experimental High-Speed Aerodynamics,58,https://scholar.google.com/citations?hl=en&user=iayML0kAAAAJ
Gokulmuthu Narayanaswamy,"PhD Student, IIT Kharagpur","Indian Philosophy, Psychology, Yoga, Medical Electronics, Electricity Distribution Analytics",58,https://scholar.google.com/citations?hl=en&user=REX1BN8AAAAJ
Harshith B Nair,"Research Scholar, Department of Education, Indian Institute of Technology, Kharagpur","Teacher Education, Educational Neuroscience, Education Technology, Educational Psychology",58,https://scholar.google.com/citations?hl=en&user=I6M7OBcAAAAJ
Roumita Hore,"Senior Research Scholar, Rubber Technology Centre, IIT Kharagpur","Polymer Composite, Elastomer, Sustainability, Simulation",58,https://scholar.google.com/citations?hl=en&user=WLUz4iEAAAAJ
NAVANIT KUMAR,"Indian Institute of Technology, Kharagpur","Alloy Design, Thermodynamic & Kinetic Simulation, Microstructure Evolution and Mechanical …",58,https://scholar.google.com/citations?hl=en&user=k9ikZrgAAAAJ
Pratyaya Chakraborty,"Department of Mechanical Engineering, IIT Kharagpur","Non-linear Vibration, Dynamics",58,https://scholar.google.com/citations?hl=en&user=6aN-lN8AAAAJ
Shashi Bhushan Kumar,Indian Institute of Technology Kharagpur (IIT KGP),Climate and LULC change,58,https://scholar.google.com/citations?hl=en&user=oB_1x80AAAAJ
Mansi Uniyal,"Research Fellow, Microsoft ( PROSE) | IIT KGP",Artificial Intelligence,58,https://scholar.google.com/citations?hl=en&user=BQSe7CsAAAAJ
Milan Kumar Mandal,Research scholar IIT Kharagpur,"DSSC, Perovskite solar cell, Organic solar cell, Water splitting, PEC H2 production and CO2",58,https://scholar.google.com/citations?hl=en&user=g5Yi--4AAAAJ
Salam Maheshkumar Singh,IIT Kharagpur,"Advanced Extraction Techniques, Optimization of Food Processing, Functional Food Ingredients",58,https://scholar.google.com/citations?hl=en&user=JaXy--4AAAAJ
Sibu Manna,"PhD Scholar, Chemistry department, IIT Kharagpur","Hole transporting materials, Conjugated polymers, Organic semiconductors, Perovskite solar cells",58,https://scholar.google.com/citations?hl=en&user=mEG7RHUAAAAJ
Shruti Konwar,"Ph.D., Dept. of E&ECE, IIT Kharagpur","Data Converters, Mixed-Signal VLSI Design",57,https://scholar.google.com/citations?hl=en&user=h018rB0AAAAJ
Rohit Ner,"Indian Institute of Technology, Kharagpur",Robotics,57,https://scholar.google.com/citations?hl=en&user=VUtkUmwAAAAJ
chinmayi mahapatra,PhD Reseach Scholar at IIT Kgp,Acoustics and condition monitoring,57,https://scholar.google.com/citations?hl=en&user=3xUHpAQAAAAJ
Prasun Kumar Sinha,"GS Sanyal School of Telecommunication, IIT Kharagpur","Wireless Communication, Piezoelectric energy harvesting, MEMS",57,https://scholar.google.com/citations?hl=en&user=ZM6zuP4AAAAJ
PRAMA ADHYA,Indian Institute of Technology Kharagpur,"Polymer Grafted NanoParticles, Rheology",57,https://scholar.google.com/citations?hl=en&user=Oc0xPuwAAAAJ
Singeetham Pranaykumar,"Indian Institute of Technology, Kharagpur",Aerodynamics and Propulsion,57,https://scholar.google.com/citations?hl=en&user=19XBVvYAAAAJ
Subhadip Mondal,"Materials Science Center, IIT Kharagpur","Gas sensor, Nanomaterial, RF sputtering, Thin Film, Li-ion Battery",57,https://scholar.google.com/citations?hl=en&user=dNTb0NMAAAAJ
Mimi Moulik,Indian institute of technology Kharagpur,"Organisational behaviour, workplace happiness, employee proactivity, quantitative methods, qualitative research",57,https://scholar.google.com/citations?hl=en&user=XrTh8wcAAAAJ
Sai Chaitanya Gajula,Indian Institute of Technology Kharagpur,"Natural Language Processing, Graph Neural Networks",57,https://scholar.google.com/citations?hl=en&user=LfXymfwAAAAJ
Sucharita Patra,"Research Fellow, School of Medical Science and Technology, IIT kharagpur",Cancer Research Glioblastoma,57,https://scholar.google.com/citations?hl=en&user=sEQkNcwAAAAJ
Jajati K Pradhan,"PhD Scholar, Department of Humanities and Social Sciences, IIT Kharagpur","Life Writing, Continental Philosophy, Postcolonial Theory, Poststructuralism, New Materialism",56,https://scholar.google.com/citations?hl=en&user=5-d9CTYAAAAJ
Pritam Bhattacharya,"Research Scholar, Department of Computer Science and Engineering, Indian Institute of …","Computational Geometry, Approximation Algorithms",56,https://scholar.google.com/citations?hl=en&user=1v9Zj2oAAAAJ
BIBEK BAHADUR SHRESTHA,Research Scholar in IIT Kharagpur,Food Process Engineering,56,https://scholar.google.com/citations?hl=en&user=SiXjwWUAAAAJ
Husney Parvez Sarwar,"Associate Professor of Mathematics, IIT Kharagpur","Algebra, Algebraic Geometry, Algebraic K-theory",56,https://scholar.google.com/citations?hl=en&user=-GZcGLoAAAAJ
Ayush Suhane,"Indian Institute of Technology, Kharagpur","Deep Learning, NLP",56,https://scholar.google.com/citations?hl=en&user=E2PTg_YAAAAJ
Eeshan Gupta,IIT Kharagpur,,56,https://scholar.google.com/citations?hl=en&user=-ad_NGkAAAAJ
Mayank Shukla,"Indian Institute of Technology, Kharagpur","Industry 4.0, Cybersecurity, Multiobjective optimization",56,https://scholar.google.com/citations?hl=en&user=0YdcUAwAAAAJ
Maulindu Sarkar,"Student, IIT Kharagpur","Artificial Intelligence, Machine Learning, Deep Learning, Explainable AI",56,https://scholar.google.com/citations?hl=en&user=sXLsmlwAAAAJ
RANAJIT BERA,"Research Scholar, Indian Institute of Technology, Kharagpur","Population and Health Geography, Energy, Renewal Energy, Wellbeing, Women Studies",56,https://scholar.google.com/citations?hl=en&user=Qv23escAAAAJ
Subhojyoti Khastagir,"PhD Scholar, IIT, Kgp","Generative AI, Diffusion Models, Graph Neural Networks, Reinforcement Learning",56,https://scholar.google.com/citations?hl=en&user=hpSmwEUAAAAJ
Pooja Singh,Indian Institute of Technology Kharagpur,"Interfacial instability/Viscous fingering, Porous media flow, Fluid Mechanics, Enhanced oil recovery",56,https://scholar.google.com/citations?hl=en&user=FWNt8kQAAAAJ
Ronit Singhal,"Alumnus, Indian Institute of Technology, Kharagpur","Artificial Intelligence, Deep Learning, Natural Language Processing",56,https://scholar.google.com/citations?hl=en&user=DO5-LDkAAAAJ
SUBHADEEP MAISHAL,"Indian Institute of Technology, Kharagpur",Applied Mathematics   Parallel Computing …,56,https://scholar.google.com/citations?hl=en&user=XSRisIcAAAAJ
Subhasis Mahata,"Master of Science (Research), IIT Kharagpur","Virtual Instrumentation, NI LABView, NI Multisim, NI Ultiboard, NI Instrument Driver Developer Program",55,https://scholar.google.com/citations?hl=en&user=Jyj-Zf8AAAAJ
Dr. Ashutosh Pati,"Researcher, IIT Kharagpur","Hydrology, Stream-aquifer interaction, Flood routing, Urban Flooding",55,https://scholar.google.com/citations?hl=en&user=cBJIgWkAAAAJ
Buddhadeb Mondal,IIT KHARAGPUR,"Perovskite solar cell, OLED, HTMs",55,https://scholar.google.com/citations?hl=en&user=ATsbagQAAAAJ
Shiva Agarwal,PhD IIT Kharagpur,"Artificial intelligence, machine learning, cyber security",55,https://scholar.google.com/citations?hl=en&user=FltFxNEAAAAJ
Suvrima  Datta,"Postdoctoral Fellow, Indian Institute of Technology Kharagpur","Software Defined Network, IoT security, Data Plane programmability, P4, 6G",55,https://scholar.google.com/citations?hl=en&user=TaFU7nYAAAAJ
Priya Ghosh,"Research Scholar, Indian Institute of Technology Kharagpur",Cancer Biology,55,https://scholar.google.com/citations?hl=en&user=GJpkTyMAAAAJ
Pradyumna Sasmal,"Research Scholar, IIT Kharagpur","Biomaterials, Tissue Engineering, Hydrogels, Drug Delivery, Wound healing",55,https://scholar.google.com/citations?hl=en&user=r6pf42QAAAAJ
Devichand Budagam,IIT Kharagpur,"Evolutionary Intelligence, Sample Efficiency, Meta Learning, Continual Learning, Information Theory",55,https://scholar.google.com/citations?hl=en&user=AOcTwe4AAAAJ
Dr Ajay K. Sahu,Indian Institute of Technology Kharagpur,"Reservoir Engineering, Fluid Flow Simulation, Fractured Reservoir Characterization, Data Analytics.",55,https://scholar.google.com/citations?hl=en&user=kqcaQX4AAAAJ
Sweta Narayan Sahu,"Research scholar, Department of Mathematics, Indian Institute of Technology, Kharagpur",Mathematical Modeling of Fluid Flow,55,https://scholar.google.com/citations?hl=en&user=24ox_2AAAAAJ
Anurakt Kumar,"Student, Indian Institute of Technology, Kharagpur","Deep learning, information theory",55,https://scholar.google.com/citations?hl=en&user=ain0ZGgAAAAJ
Srinjoy Nag Chowdhury,IIT KGP,"Patents, AI, smart cities, revenue models, Computer Vision",55,https://scholar.google.com/citations?hl=en&user=EoUZ54IAAAAJ
Sumedha Saha,IIT Kharagpur,Algal Biotechnology,55,https://scholar.google.com/citations?hl=en&user=-PnMHN4AAAAJ
Praveen Kumar,Indian Institute of Technology Kharagpur,2D materials,55,https://scholar.google.com/citations?hl=en&user=7aIeNe4AAAAJ
Siddharth Jha,"Undergraduate, Electrical Engineering, IIT Kharagpur","Robotics, Geometric Computer Vision, Nonlinear Optimization, Control Systems",54,https://scholar.google.com/citations?hl=en&user=B-p_QfEAAAAJ
Rupam Saikia,"Research Scholar, IIT Kharagpur","Geotechnical Engineering, Slope Stability, Reinforced Soil Structure, Energy Geotechnics",54,https://scholar.google.com/citations?hl=en&user=vL5OlvoAAAAJ
Dr. Samrat Guha Roy,"Deputy Librarian, Central Library IIT Kharagpur","Library FOSS, Digital Library, Metadata, Augmented Reality, Virtual Reality",54,https://scholar.google.com/citations?hl=en&user=ODzONwEAAAAJ
Pooja Kumawat,Research Scholar at IIT Kharagpur,,54,https://scholar.google.com/citations?hl=en&user=OvueCDwAAAAJ
SAED ENAM MUSTAFA,"Aligarh Muslim University, IIT Kharagpur",Manufacturing and Non-conventional …,54,https://scholar.google.com/citations?hl=en&user=xaMX7t8AAAAJ
Astha Jakher,"Final Year Undergraduate, Indian Institute of Technology, Kharagpur","Statistics, Econometrics, Operations Research",54,https://scholar.google.com/citations?hl=en&user=uXfM2tQAAAAJ
Chitradittya Barman,Indian Institute of Technology Kharagpur,"Non-Fourier Heat Conduction, Fluid Mixing, Microfluidics, Acoustofluidics",54,https://scholar.google.com/citations?hl=en&user=AIHMBqEAAAAJ
Rinsa SR,"Research Associate, IIT Kharagpur","Optics, Microscopy, Spatial light modulation, Instrumentation, Cancer",54,https://scholar.google.com/citations?hl=en&user=_pRUCyIAAAAJ
Balbeer Singh,"Indian Institute of Technology, Kharagpur","String theory, Integrability, Chaos, Black hole physics",54,https://scholar.google.com/citations?hl=en&user=NMPZ7FwAAAAJ
Siddu Lalsangi,"M.Tech, IIT Kharagpur",,54,https://scholar.google.com/citations?hl=en&user=A9_PSsMAAAAJ
Sayani Maiti,"Research scholar, IIT Kharagpur","Carbon dot, MOF, Hydrogel, Nano technology",54,https://scholar.google.com/citations?hl=en&user=keOU2BoAAAAJ
gunjan kumar verma,"Student, Indian Institute of Technology, Kharagpur",Exploration Geophysics,53,https://scholar.google.com/citations?hl=en&user=D7upmU0AAAAJ
N Vijay Prakash Chaudhary,IIT Kharagpur,"Material Science, Multiferroic, Lithium battery, Sodium battery",53,https://scholar.google.com/citations?hl=en&user=aR-7mqcAAAAJ
Malay Pramanick,"Research Scholar, IIT Kharagpur","Machine Learning, Natural Language Processing, Human Cognition",53,https://scholar.google.com/citations?hl=en&user=mTDFHSsAAAAJ
Dr.Veeturi Umavarun,"Indian institute of technology, Kharagpur","FIBER REINFORCED POLYMERS, BALLISTIC PERFORMANCE",53,https://scholar.google.com/citations?hl=en&user=M4bFzBgAAAAJ
Kalpita Nath,"PMRF Research Scholar, IIT Kharagpur",Biomicrofluidics Disease detection …,53,https://scholar.google.com/citations?hl=en&user=xstMNuYAAAAJ
Rajdeep Mukherjee,Indian Institute of Technology Kharagpur,"Process Modelling, Process Optimization, Process Control",53,https://scholar.google.com/citations?hl=en&user=c0ByBYUAAAAJ
Arnab Das,Research scholar IIT kharagpur,"soil erosion, sediment fingerprinting, watershed modeling",53,https://scholar.google.com/citations?hl=en&user=8k8CxNkAAAAJ
Prashasti Sinha,"Indian Institute of Technology, Kharagpur","Biophysics, Biochemistry, Computer-Aided Drug Designing, Bioinformatics",53,https://scholar.google.com/citations?hl=en&user=RfdP9aYAAAAJ
Ranjeet Kumar,"Research Scholar, Department of Metallurgical and Materials Engineering, IIT Kharagpur …","Fatigue and failure analysis, Defect characterization",53,https://scholar.google.com/citations?hl=en&user=Ol9zcaAAAAAJ
Aniruddha Khatua,Indian Institute of Technology Kharagpur,"Remote Sensing, Image processing, Transportation Planning, Deep Learning, Machine Learning",53,https://scholar.google.com/citations?hl=en&user=UcMSznkAAAAJ
Dr. Vasanthakannan VM,"Post doctoral fellow, IIT, Kharagpur","Molecular quantum mechanics, Energy storage materials, Porous organic framework",53,https://scholar.google.com/citations?hl=en&user=tUUx-p4AAAAJ
Soumyajit Karmakar,IIT Kharagpur,Theoretical Chemistry,53,https://scholar.google.com/citations?hl=en&user=7H-o4dgAAAAJ
Ranjan Kumar Vishwakarma,"Research scholar, IIT Kharagpur","friction stir welding, processing, surface composites, metal matrix composite",53,https://scholar.google.com/citations?hl=en&user=PKUQkZUAAAAJ
Samyabrata Chatterjee,"Research Scholar(PhD) Indian Institute of Technology, Kharagpur","Polymer Physics, Supercapacitors, Micro-fluidics",53,https://scholar.google.com/citations?hl=en&user=f4eo2Q8AAAAJ
HS Komalesha,IIT Kharagpur,"Literature, Culture Studies, Translation, Poetry",52,https://scholar.google.com/citations?hl=en&user=ELTNmiUAAAAJ
Namrata Jaiswal,"SRF, IIT Kharagpur",Geophysics,52,https://scholar.google.com/citations?hl=en&user=Qo5F7_UAAAAJ
Barnopriyo Barua,Indian Institute of Technology Kharagpur,"Software Engineering, Artificial Intelligence",52,https://scholar.google.com/citations?hl=en&user=1VjbGnQAAAAJ
Ashutosh Dash,"Indian Institute of Technology,Kharagpur","Estimation of Signals and Systems, Machine Learning, Deep Learning, Computer Vision, Generative AI",52,https://scholar.google.com/citations?hl=en&user=GIPFI64AAAAJ
Mehul Kumar Nirala,Indian Institute of Technology Kharagpur,"Computer Vision, Deep Learning",52,https://scholar.google.com/citations?hl=en&user=suagH7IAAAAJ
Jayanta Sharma,"Indian Institute of Technology, Kharagpur","Machine Learning, Artificial Intelligence, Python",52,https://scholar.google.com/citations?hl=en&user=6cSmcqQAAAAJ
Neha Aarzoo,"Research Scholar, Indian Institute of Technology Kharagpur, India","Power Electronics, Electric Drives",52,https://scholar.google.com/citations?hl=en&user=Pf_lrdIAAAAJ
DIPAK KUMAR PRADHAN,IIT KHARAGPUR,Commutative Algebra,52,https://scholar.google.com/citations?hl=en&user=4IFbUVgAAAAJ
Lalit Bharti,"Department of Physics, Indian Institute of Technology Kharagpur","Beyond-lithium energy storage systems, Aluminium-ion batteries, Sodium-ion Batteries, Supercapacitors",52,https://scholar.google.com/citations?hl=en&user=i8tuLlwAAAAJ
Rasmita Nayak,"Research Scholar, IIT Kharagpur, India","Tourism Economics, Development Issues, Econometrics, Micro Economics, Macro Economics",52,https://scholar.google.com/citations?hl=en&user=Lsd4zxQAAAAJ
Manas Kumar Padhan,"PhD Research Scholar, Indian Institute of Technology Kharagpur","Structural health monitoring, Wave propagation, Machine learning",52,https://scholar.google.com/citations?hl=en&user=Rl8n22gAAAAJ
Jeetendra Kumar Singh,IIT Kharagpur,Joining of Materials,52,https://scholar.google.com/citations?hl=en&user=XkPaJ8IAAAAJ
Debtanu Datta,"Research Scholar (Ph.D.), IIT Kharagpur","Natural Language Processing, Large Language Models, Legal NLP, Artificial Intelligence, Deep Learning",52,https://scholar.google.com/citations?hl=en&user=XCIFyoMAAAAJ
Sanga Chaki,"Assistant Professor CSE IIIT Pune, PhD IIT KGP","Deep Learning, Machine Learning, Emotion Recognition, Computational Musicology, Sound and Music",51,https://scholar.google.com/citations?hl=en&user=OzF5WawAAAAJ
Sauvik Santra,"Research Scholar, IIT Kharagpur","Aerosols, Hydrology, Climate Modeling",51,https://scholar.google.com/citations?hl=en&user=yYB95fMAAAAJ
Pritam Kumar Dey,"SRF, IIT Kharagpur",Plant Biotechnology,51,https://scholar.google.com/citations?hl=en&user=iLZiW5IAAAAJ
Mamleshwar Kumar,Indian Institute of Technology Kharagpur,"Hydrogen Generation & Storage, in-situ Raman and FTIR & Catalysis",51,https://scholar.google.com/citations?hl=en&user=Qbq3SAgAAAAJ
Souradip Pathak,"Doctoral Candidate, IIT Kharagpur","Environmental Humanities, Human Rights, Political Ecology",51,https://scholar.google.com/citations?hl=en&user=IAhFVpAAAAAJ
Dr. Ashish Ranjan Shadangi,"PhD, IIT Kharagpur, IEEE Graduate Student Member, Assistant Professor at KPRIET","Wireless Communication, VLSI Architecture, Image and Signal Processing, FPGA",51,https://scholar.google.com/citations?hl=en&user=ZQAvxSYAAAAJ
Saurabh Kumar Singh,"Ph.D., IIT Kharagpur","Structural Engineering, Structural Health Monitoring, Artificial Intelligence, Deep Learning",51,https://scholar.google.com/citations?hl=en&user=qD6sd6kAAAAJ
SRESHTHA CHAKI,"Research Scholar, Indian Institute of Technology Kharagpur",Protein chemistry,51,https://scholar.google.com/citations?hl=en&user=b-K-XXEAAAAJ
Chitrak Ghosh,"Research Scholar, IIT Kharagpur","Conjugated Small Molecules, Conjugated Polymers, PAH, Organic Electronic Materials, OFET",51,https://scholar.google.com/citations?hl=en&user=xgzCAyEAAAAJ
Onkar Sabnis,Indian Institute of Technology Kharagpur,"NLP in Education, Explainable AI, Retrieval Augmented Generation (RAG)",51,https://scholar.google.com/citations?hl=en&user=IUV36PgAAAAJ
Sayan Chakraborty,IIT Kharagpur,"Nanogenerator, energy harvesting devices, flexible electronic devices, PENG, TENG",51,https://scholar.google.com/citations?hl=en&user=gUwL6EgAAAAJ
Rahul Singh,"Research Scholar, Indian Institute of Technology Kharagpur","Hydrogeology, Water contamination, Remote sensing & GIS, Machine Learning/Statistics",51,https://scholar.google.com/citations?hl=en&user=RtfGbugAAAAJ
P. Ramesh,Indian Institute of Technology Kharagpur,"Battery Management System, DC/DC converter, Electric Vehicles",50,https://scholar.google.com/citations?hl=en&user=WRw1zXAAAAAJ
Rupsha Mukhopadhyay,"Indian Institute of Technology, Kharagpur","Rehabilitation Engineering, Neurorehabiitation, Electrical Stimulation, Biomedical Engineering",50,https://scholar.google.com/citations?hl=en&user=81yMfWUAAAAJ
Haimanti Bhattacherjee,"Research Scholar, IIT Kharagpur","power electronics, machine drives",50,https://scholar.google.com/citations?hl=en&user=AbhLEoIAAAAJ
Dr. Monalisha Pattnaik,"Ph D, Agricultural and Food Engineering Department, Indian Institute of Technology …","Food engineering, Encapsulation, Food Fortification, Microwave Processing, Food Preservation",50,https://scholar.google.com/citations?hl=en&user=3WfMAEUAAAAJ
Tulika Bhattacharyya,"Doctoral Candidate, Indian Institute of Technology Kharagpur",Ageing Research,50,https://scholar.google.com/citations?hl=en&user=-H_Biw4AAAAJ
Suman Mondal,"IIT KHARAGPUR, University of the Witwatersrand, Johannesburg","Geochemistry, Petrology, Isotope Geology, Impact melt sheet, REE mineralization",50,https://scholar.google.com/citations?hl=en&user=iTI9ArMAAAAJ
Indrajit Mazumdar,"Ph.D. Student of Computer Science and Engineering, Indian Institute of Technology …","Computer Vision, Deep Learning, Machine Learning, Artificial Intelligence",50,https://scholar.google.com/citations?hl=en&user=lEI7oRcAAAAJ
Chirashree Srabani Rath,"Research Scholar, Humanities and Social Sciences, Indian Institute of Technology …",Cultural Studies,50,https://scholar.google.com/citations?hl=en&user=4aw2sv0AAAAJ
Tarique Faiyaz,IIT Kharagpur,"International Law, Law of the Sea",50,https://scholar.google.com/citations?hl=en&user=aAOeXl0AAAAJ
Pinaki Dutta,"Researcher, Indian Institute of Technology Kharagpur","Quantum dynamics, String theory, Floquet Engineering, Chaos and integrability",50,https://scholar.google.com/citations?hl=en&user=AjXqFcgAAAAJ
DIPTAVA DAS,"Dual Degree Student, IIT Kharagpur","Additive Manufacturing, Hybrid Material Composites",50,https://scholar.google.com/citations?hl=en&user=rsxJvP4AAAAJ
Sayantee Hazra,"Indian Institute of Technology, Kharagpur, India","Immunology, Biochemistry",50,https://scholar.google.com/citations?hl=en&user=tqimmhEAAAAJ
Ranjita Mandal,"Geology and Geophysics, IIT, Kharagpur-721302",Nuclear Physics.,49,https://scholar.google.com/citations?hl=en&user=CaOX380AAAAJ
Shrikant Mehre,"Research Student, Dept. of E&ECE, IIT Kharagpur","Medical Image Processing, Machine Learning",49,https://scholar.google.com/citations?hl=en&user=YmfRRY8AAAAJ
Ananya Bagchi,"Indian Institute of Technology,Kharagpur, India","Alzheimer's disease and dementia, drug discovery, tea polyphenols, agricultural biotechnology",49,https://scholar.google.com/citations?hl=en&user=SPWnbkQAAAAJ
Saurav Kayal,"PhD, Department of Chemistry, IIT Kharagpur, India",Experimental Physical Chemistry and …,49,https://scholar.google.com/citations?hl=en&user=JauYNeQAAAAJ
A Kumar,IIT Kharagpur,"Semiconductor devices, MOSFETs, Multi-gate FETs",49,https://scholar.google.com/citations?hl=en&user=FG6w3vIAAAAJ
Abhisek Satapathi,"Assistant Professor (ECE, JIIT Noida); PhD (IITKGP); M.Tech (MNNIT); B.Tech (JGEC)","Nonlinear Dynamics, Mathematical Epidemiology",49,https://scholar.google.com/citations?hl=en&user=Af136MUAAAAJ
Vinay Ummadi,"School of Medical Science & Technology, IIT Kharagpur","Computer Vision, Medical Image Analysis",49,https://scholar.google.com/citations?hl=en&user=IoYPYEoAAAAJ
Astha Dixit,"Metallurgical and Materials Engineering, Indian Institute of Technology, Kharagpur","3D printing, Bio-inspired, Structural materials",49,https://scholar.google.com/citations?hl=en&user=ZQVPwPQAAAAJ
Upasana Mandal,"Indian Institute of Technology, Kharagpur","Microarchitectural Security, Side Channel Attacks, Systems Security",49,https://scholar.google.com/citations?hl=en&user=3CfJDW0AAAAJ
Arpitha BJ,"Research Scholar, Indian institute of technology kharagpur, Kharagpur","geopolymers, concrete, nano materials, alkali activated concrete",49,https://scholar.google.com/citations?hl=en&user=91yeWygAAAAJ
satyajeet sahoo,Indian Institute of Technology Kharagpur,"Machine Learning, Natural Language Processing, Bayesian Statistics, Safety and Risk Analytics",49,https://scholar.google.com/citations?hl=en&user=mKg4q6EAAAAJ
T Dinesh Varma,Indian Institute of Technology Kharagpur,"Artificial Intelligence, Renewable energy systems, Power systems",48,https://scholar.google.com/citations?hl=en&user=UbyRPsMAAAAJ
SUKLA SATAPATHY,IIT KGP,Image processing and computer vision,48,https://scholar.google.com/citations?hl=en&user=_EeHB8sAAAAJ
Jayashree Aanand Gajjam,"Assistant Professor, IIT Kharagpur","Sanskrit Language and Literature, Linguistics, Indian Philosophy",48,https://scholar.google.com/citations?hl=en&user=baCXMkAAAAAJ
subhasis dey,"research scholar, IIT Kharagpur, India",Computational Chemistry,48,https://scholar.google.com/citations?hl=en&user=t4Dp3Y8AAAAJ
Sudip Das,"Assistant Professor, Department of Chemical Engineering, Indian Institute of Technology …","Nonthermal Plasmas, Fine Chemicals, Circular Economy, Nanostructured Materials, Process Synthesis",48,https://scholar.google.com/citations?hl=en&user=cihuAIoAAAAJ
Atanu Basu,Indian Institute of Technology Kharagpur,"Network Security, Cryptography, Cloud Storage Security",48,https://scholar.google.com/citations?hl=en&user=vHUUKlQAAAAJ
R Jayasree,"Ph.D. Scholar, IIT KGP","Biomaterials, High entropy alloys, Tungsten alloys, Spark plasma sintering, Nano materials",48,https://scholar.google.com/citations?hl=en&user=zBiDqfkAAAAJ
Souvik Sinha,"Ph.D. Scholar, Dept. of Electronics & Electrical Communication Engineering, IIT Kharagpur","Audio Deepfake Detection, Voice Anti-spoofing, Deep Learning, Self-supervised Learning",48,https://scholar.google.com/citations?hl=en&user=R7E9dokAAAAJ
Kushan Prasad Verma,"Research scholar, Indian Institute of Technology Kharagpur","Numerical simulation, Modeling and simulation, Thermostructural analysis, Finite element modeling",48,https://scholar.google.com/citations?hl=en&user=cOyzYUQAAAAJ
Smita Rani Swain,"Agricultural and food engineering department, IIT Kharagpur","Multispectral remote sensing, Soil science",48,https://scholar.google.com/citations?hl=en&user=V5RJ0BIAAAAJ
Dr Sumana Samanta,"Assistant Professor, Community Medicine, IIT Kharagpur","Nutrition, Health Promotion, Non- Communicable diseases",48,https://scholar.google.com/citations?hl=en&user=1joSBJcAAAAJ
Sabariswaran Mani,"Indian Institute of Technology, Kharagpur",,48,https://scholar.google.com/citations?hl=en&user=Klwb85AAAAAJ
Srishti Verma,Indian Institute of Technology Kharagpur,"Biosensors, Electrochemical Sensing, Nanomaterials",48,https://scholar.google.com/citations?hl=en&user=ZodMU5cAAAAJ
Tamal Sen,"Student, Indian Institute of Technology, Kharagpur","Software Engineering, Regression Testing",47,https://scholar.google.com/citations?hl=en&user=k52cmL8AAAAJ
Aditya S. Deshpande,"PhD Research Scholar, Department of Aerospace Engineering, IIT-Kharagpur","Composite Materials, Damage and Fracture Mechanics, Finite Element Methods, Nonlinear Analysis",47,https://scholar.google.com/citations?hl=en&user=wT0y7uwAAAAJ
Subhankar Chattopadhyay,"Research Scholar, IIT Kharagpur, Development Architect at SAP","Edge Computing, IoT, Microservice, Cloud Computing",47,https://scholar.google.com/citations?hl=en&user=IcZrF0AAAAAJ
Ningombam Anandshree Singh,"PhD Research Scholar, Indian Institute of Technology Kharagpur","Computer Networks and Security, Internet of Things, Fog Computing, Artificial Intelligence",47,https://scholar.google.com/citations?hl=en&user=Xb5KhZ0AAAAJ
Debidarsani Sahoo,"PhD student, Indian Institute of Technology-Kharagpur","Ore Geology, Geochemistry, Geochronology",47,https://scholar.google.com/citations?hl=en&user=nr7xF1MAAAAJ
BPV Dileep,"Research scholar, IIT Kharagpur","optical imaging, inverse problems, compressive sensing",47,https://scholar.google.com/citations?hl=en&user=NBv8uOoAAAAJ
Shankho Subhra Pal,"PhD Student, Indian Institute of Technology, Kharagpur","Computer Vision, Deep Learning, Machine Learning, Remote Sensing, Data Mining",47,https://scholar.google.com/citations?hl=en&user=7aZ2ycQAAAAJ
Pompy Sarkar,IIT Kharagpur,"Organic Methodology, Catalysis",47,https://scholar.google.com/citations?hl=en&user=rC-NP2EAAAAJ
Mihir Gupta,IIT Kharagpur,Supply Chain Management,47,https://scholar.google.com/citations?hl=en&user=uixAr6cAAAAJ
Pradipto Mondal,"Student, IIT Kharagpur","Computer Vision, Deep Learning",47,https://scholar.google.com/citations?hl=en&user=4CxzoN4AAAAJ
Dibya Ranjan Behera,"PhD (Mechanical Engineering), IIT Kharagpur","Sheet metal forming, Formability, FE simulation, Microstructure, Microtexture",47,https://scholar.google.com/citations?hl=en&user=WdDez_MYvo8C
Seema Singh,"Associate Professor of English & Soft Skills Trainer, IIT Kharagpur","Managerial Communication, Feminist Narratology, Subaltern Studies",47,https://scholar.google.com/citations?hl=en&user=wNEhG-4AAAAJ
Suman Karmakar,"Senior Research Scholar, IIT KHARAGPUR","Porous Organic Polymers, Porous Aromatic Frameworks, Photocatalysis, Environmental Remediation",47,https://scholar.google.com/citations?hl=en&user=fSTNoCEAAAAJ
Md Sayed Hasan,"Senior Research Fellow, IIT Kharagpur","Public Health, Population Ageing, Mental Health, Quality of Life, Well-being",47,https://scholar.google.com/citations?hl=en&user=LktcP3MAAAAJ
Russel Aziz,"PhD Student, Indian Institute of Technology Kharagpur","Artificial Intelligence, Transportation Planning, Data Mining, Geospatial Data Processing, Data Analytics",46,https://scholar.google.com/citations?hl=en&user=S18rOZ4AAAAJ
Dr. Nazia Urus,"Post Doctoral fellow, IIT Kharagpur",Applied Mathematics,46,https://scholar.google.com/citations?hl=en&user=6WlLRoYAAAAJ
"Madhumita Dey, PhD",Indian Institute of Technology Kharagpur,"Deep learning, Segmentation, Feature Engineering, Remote Sensing, Spatial Data Mining",46,https://scholar.google.com/citations?hl=en&user=halwGSEAAAAJ
ILA ASHOK,M.tech at IIT Kharagpur,Nanotechnology,46,https://scholar.google.com/citations?hl=en&user=_dHVQOgAAAAJ
Tania Mahata,"Institute Postdoctoral Fellow, IIT Kharagpur","Nanoplasmonics, Surface enhanced Raman scattering, Surface enhanced fluorescence",46,https://scholar.google.com/citations?hl=en&user=ALKl4XEAAAAJ
Bhuvnesh Chaturvedi,"PhD scholar, IIT Kharagpur","Cryptography, Computer Aided Design, Fully Homomorphic Encryption, Large Language Models",46,https://scholar.google.com/citations?hl=en&user=SZ8ax-EAAAAJ
Raj Krishan Ghosh,Indian Institute of Technology Kharagpur,"Deep Learning, Medical Imaging, Ultrasound",46,https://scholar.google.com/citations?hl=en&user=IwcKLPwAAAAJ
Nazeer Haider,Indian Institute of Technology Kharagpur,"Artificial Inteligence, Machine Learning, Computer Vision",46,https://scholar.google.com/citations?hl=en&user=-Ru-xa0AAAAJ
Priyabrata Puhan,"Postdoctoral Fellow, Indian Institute of Technology Bombay, India; PhD,  IIT Kharagpur","CFD Multiphase flow, Fluidization",46,https://scholar.google.com/citations?hl=en&user=YsNDMIQAAAAJ
RAJDEEP BANERJEE,"PhD Research Scholar, IIT Kharagpur",,46,https://scholar.google.com/citations?hl=en&user=LEB_1KIAAAAJ
Sayanta Sen,Ph.D. Student at IIT KGP in EECE Department,"Machine Learning, Computer Vision, Image Processing",46,https://scholar.google.com/citations?hl=en&user=FavsBjoAAAAJ
Sukhdeep Singh Gill,Indian Institute of Technology Kharagpur,"Large Scale Structure of the Universe, 21cm cosmology, Radio Astronomy, Reionization, Galaxy Surveys",46,https://scholar.google.com/citations?hl=en&user=yd1vCpYAAAAJ
Akshay Narayan Sarangi,"PhD Student, Department of Physics, IIT Kharagpur",Protein Biophysics,46,https://scholar.google.com/citations?hl=en&user=io_cYvwAAAAJ
Venkata Lakshmi Borra,"Research Scholar, Indian Institute of Technology Kharagpur","Pyrometallurgy, Hydrometallurgy, Waste Recyling, Rare earths, Rare earth alloys",46,https://scholar.google.com/citations?hl=en&user=umS_m30AAAAJ
Souvadra Das,PhD research scholar at IIT Kharagpur,Biotechnology and Nanotechnology,46,https://scholar.google.com/citations?hl=en&user=5fzNpmsAAAAJ
bhanu teja pula,"Ph.D. Student, IIT Kharagpur","Analog IC Design, RFIC Design, Phase Locked Loop, VCO",46,https://scholar.google.com/citations?hl=en&user=YElEcBgAAAAJ
Saima Nigar,Research Scholar at Indian Institute of Technology Kharagpur,"Starch, Encapsulation, Food biopolymers, Nanoparticles, Non-thermal technologies",46,https://scholar.google.com/citations?hl=en&user=uN-MV2gAAAAJ
Mainak Chakraborty,"Assistant Professor, Department of Ocean Engineering and Naval Architecture, IIT …","Coastal Engineering, Ship Hydrodynamics, Sediment Transport, Wave Hydrodynamics",45,https://scholar.google.com/citations?hl=en&user=lFBmFyUAAAAJ
Preetha Saha,"Department of Physics, IIT Kharagpur",Astrophysics,45,https://scholar.google.com/citations?hl=en&user=LVaYkbYAAAAJ
Suma Sindhu Panchagnula,Indian Institute of Technology Kharagpur,"composites, Terahertz Spectroscopy, Solid Mechanics",45,https://scholar.google.com/citations?hl=en&user=tgefjhUAAAAJ
Akash Kumar Burolia,"Research scholar, IIT Kharagpur","Type-IV Hydrogen Storage vessels, Advance composite pressure vessel, batch distillation modelling and control",45,https://scholar.google.com/citations?hl=en&user=U7uO4VEAAAAJ
Sreekesh Kesava Pillai,Indian Institute of Technology,"Power Electronics, STATCOM, Power Quality",45,https://scholar.google.com/citations?hl=en&user=LxF1klMAAAAJ
Ramya Ranjan Behera,"Research Scholar, Indian Institute of Technology, Kharagpur","Population Studies, Migration Studies, Wellbeing and Geography",45,https://scholar.google.com/citations?hl=en&user=fifCiOMAAAAJ
Priyanka Dutta,"Research Scholar, IIT kharagpur","Graphene, FET, biosensors, Nanotechnology",45,https://scholar.google.com/citations?hl=en&user=7DtErd0AAAAJ
Arjun Mahato,Indian Institute of Technology Kharagpur,"Titanium, Cf-SiC composite, Composite",45,https://scholar.google.com/citations?hl=en&user=8-AHhAoAAAAJ
Aditi Chakraborty,"Ph.D., Indian Institute of Technology Kharagpur","Power Management IC, Energy Harvesting, Analog Electronics",45,https://scholar.google.com/citations?hl=en&user=MpZ2PeYAAAAJ
NIBEDITA PADHI,"Research Scholar, IIT Kharagpur",String theory,45,https://scholar.google.com/citations?hl=en&user=dv6-IHMAAAAJ
Gopi Reddy Chilukuri,"Research Scholar, IIT Kharagpur","Power Electronics, Digital Control, DC-DC Converters",45,https://scholar.google.com/citations?hl=en&user=erGsh7gAAAAJ
Rameshwar Bhaskaran,"Student, Indian Institute of Technology, Kharagpur","Natural Language Processing, Machine Learning, Deep Learning, Distributed Systems.",44,https://scholar.google.com/citations?hl=en&user=ODebMwkAAAAJ
Sourav Das,IIT Kharagpur,"Formal Verification, Analog mixed signal verification, assertion based verification",44,https://scholar.google.com/citations?hl=en&user=_azVsJsAAAAJ
Amit A Pawar,"Research scholar, IIT Kharagpur","Aerodynamics, Low Reynolds number, bio-inspired aerodynamics, MAV",44,https://scholar.google.com/citations?hl=en&user=-8aN3ToAAAAJ
SOMEN ADHIKARY,"Post-Doctoral Fellow, E&ECE Dept., IIT Kharagpur","Fiber Optics and Waveguides, Nonlinear Optics, Photonics, Integrated Optics",44,https://scholar.google.com/citations?hl=en&user=k4Uuz6AAAAAJ
balram sahu,PhD Scholar at IIT Kharagpur,"Internal Combustion Engine, Alternative Fuels, Exhaust Aftertreatment System, CFD Simulations",44,https://scholar.google.com/citations?hl=en&user=uOZkGI8AAAAJ
Subhangi Basu,PhD Student at Indian Institute of Technology Kharagpur,"cardiomyocyte, RNA, regenerative medicine",44,https://scholar.google.com/citations?hl=en&user=kakI21Rwvd0C
Banhi Chakraborty,"Ex-faculty, IIT Kharagpur","People, poverty, environment",43,https://scholar.google.com/citations?hl=en&user=Qm-4-t4AAAAJ
Suvradip Samaddar,"Former Junior Research Fellow, IIT Kharagpur","Ammunition Design, Ballistics, Austempered Ductile Iron",43,https://scholar.google.com/citations?hl=en&user=n7EmGigAAAAJ
Kavish Gupta,IIT Kharagpur,"Game Theory, Graph Theory",43,https://scholar.google.com/citations?hl=en&user=dEORr7MAAAAJ
Sayan Das,Senior Research Fellow at IIT Kharagpur,"Molecular Virology, Antiviral therapeutics, Biochemistry",43,https://scholar.google.com/citations?hl=en&user=fc0CV2gAAAAJ
Sanjay K. Verma,"IPDF, Department of Geology and Geophysics, Indian Institute of Technology, Kharagpur …","Seismology, Seismic Tomography, Seismic Anisotropy, Earthquake Precursory, Gravity",43,https://scholar.google.com/citations?hl=en&user=uQmjzT4AAAAJ
Kumar Sanat Ranjan,"PhD, Indian Institute of Technology Kharagpur","Bio-inspired Aerodynamics, Low speed aerodynamics, Insect Migration",43,https://scholar.google.com/citations?hl=en&user=zmV2b-wAAAAJ
Soham Tripathy,Undergraduate at IIT Kharagpur,"NLP, GenAI, DL, mmWave sensing",43,https://scholar.google.com/citations?hl=en&user=G63MhoIAAAAJ
Heena Sudhakar Kamdi,Research Scholar IIT kharagpur,Food Process Engineering,43,https://scholar.google.com/citations?hl=en&user=uKTokm4AAAAJ
Pragyan Paramita Sahoo,"Research Scholar, Indian Institute of Technology Kharagpur","Development Economics, International Trade",43,https://scholar.google.com/citations?hl=en&user=cQsNKfsAAAAJ
Safikul Islam,IIT Kharagpur,"Thin Film, Magnetic and Topological Materials",43,https://scholar.google.com/citations?hl=en&user=nMuU0joAAAAJ
nazma anjum,"SRF, IIT Kharagpur","Plant molecular biology, transgenic plants, biochemistry",43,https://scholar.google.com/citations?hl=en&user=nQAnDH0AAAAJ
SUNDIPAN BHOWMICK,PhD IIT Kharagpur,Thermochemical treatment of biomass,43,https://scholar.google.com/citations?hl=en&user=zVGF8IsAAAAJ
Priyam Chakraborty,"Assistant Professor, Aerospace, Indian Institute of Technology Kharagpur","Unsteady Fluid Flow, Energy Storage, Machine Learning",42,https://scholar.google.com/citations?hl=en&user=6x96FqIAAAAJ
Abhishek Verma,IIT Kharagpur,"Computer Vision, Deep Learning, AOSP",42,https://scholar.google.com/citations?hl=en&user=5oF80rIAAAAJ
Samiran Sahu,"MBBS, MMST (IIT Kharagpur), DNB Medicine, DM Cardiology","Biomedical Engineering, Internal Medicine",42,https://scholar.google.com/citations?hl=en&user=zy12TmAAAAAJ
Navinder Singh Bhamra,"PhD, IIT Kharagpur","Mechatronics, Robotics, Vibration, Smart Materials, Piezoelectricity",42,https://scholar.google.com/citations?hl=en&user=1RJ1HioAAAAJ
Nabarun Mandal,"School of Nano Science and Technology, IIT Kharagpur, India",Non-linear optics of 2D materials,42,https://scholar.google.com/citations?hl=en&user=gt4algkAAAAJ
Barkat Aziz,Research Scholar at Indian Institute of Technology Kharagpur,"Vitrimers, Circular Economy, Sustainability, Green cross-linking of rubber, Thermoplastic Elastomers",42,https://scholar.google.com/citations?hl=en&user=PS3wGdkAAAAJ
Abhilash HN,"Institutional Post Doctoral Fellow, Indian Institute of Technology Kharagpur","Bio-fluid Dynamics, Computational Fluid Dynamics, Fluid Structure Interaction",42,https://scholar.google.com/citations?hl=en&user=FjkQXrcAAAAJ
Anshika Gupta,"RSch., Agricultural and Food Engineering Department, Indian Institute of Technology …","Agricultural microbiology, Organic farming, Bioremediation",42,https://scholar.google.com/citations?hl=en&user=vRn5_S0AAAAJ
Gajjala Rahul Reddy,Indian Institute of Technology Kharagpur,"Structural optimization, FEM, Auxetics, Impact dynamics, Active vibration control",42,https://scholar.google.com/citations?hl=en&user=zAJVFkQAAAAJ
Mrinmoy Debnath,Indian Institute of Technology Kharagpur,Polymer- Filler Interaction,42,https://scholar.google.com/citations?hl=en&user=4RfJLDAAAAAJ
Deepika KN,IIT Kharagpur,"Nanomaterials, Wide-gap semiconductors",42,https://scholar.google.com/citations?hl=en&user=g_ibyGQAAAAJ
Kushagra Aggarwal,"Student, IIT Kharagpur",,41,https://scholar.google.com/citations?hl=en&user=NoUsQNcAAAAJ
Prakash Sharma,"Assistant Professor, Rajiv Gandhi School of Intellectual Property Law, IIT Kharagpur","Criminal law, Administrative Law, Conflict of Laws, Public International Law, Legal Studies",41,https://scholar.google.com/citations?hl=en&user=mfibFvYAAAAJ
Shanmukha Srinivas,INDIAN INSTITUTE OF TECHNOLOGY KHARAGPUR,Ship design,41,https://scholar.google.com/citations?hl=en&user=R0DNR3YAAAAJ
ABHINAY RAJPUT,Research Scholar - IIT Kharagpur,"thermal barrier coatings, Tribology, corrosion, Laser surface engineering",41,https://scholar.google.com/citations?hl=en&user=5CcCYL0dfaoC
Ruturaj Garnayak,"Department of Electrical Engineering, IIT Kharagpur","DC-DC Power Converters, Digital Control",41,https://scholar.google.com/citations?hl=en&user=Qc9mL2wAAAAJ
Dripto Bakshi,IIT Kharagpur,"Game Theory, Conflict Economics",41,https://scholar.google.com/citations?hl=en&user=ZOPdm0QAAAAJ
Sayantan Adak,IIT Kharagpur,"Natural Language Processing, Safe and Trustworthy AI",41,https://scholar.google.com/citations?hl=en&user=lQqDURYAAAAJ
Rebant Juyal,"Faculty, Assam University; PhD- IIT Kharagpur, LLM- Rashtriya Raksha Univ.; BALLB …","Constitutional Law, Techno-legal Issues, Patent Law, Criminal and International Law",41,https://scholar.google.com/citations?hl=en&user=YiyXNt4AAAAJ
Abhilash Gunti,IIT Kharagpur,"Bulk metallic glasses, Nanoindentation, Structure property correlation",41,https://scholar.google.com/citations?hl=en&user=fuG6hfEAAAAJ
sagar nagvanshi,RESEARCH SCOLAR AT IIT KHARAGPUR,"FOOD PROCESSING, IMAGE ANALYSIS, FOOD DEHYDRATION",41,https://scholar.google.com/citations?hl=en&user=54bK4mEAAAAJ
AMIT SOREN,"Researcher, Indian Institute of Technology Kharagpur","Alloy development, Tribology, Mechanical properties, Material characterization, Materials testing",41,https://scholar.google.com/citations?hl=en&user=BWiMF9IAAAAJ
Ansh Sarkar,IIT Kharagpur,"Software Engineering, Physics, Strategy, Finance",41,https://scholar.google.com/citations?hl=en&user=HmrphBUAAAAJ
Dinesh Satapathy,"Ph.D. Scholar, Department of Education, Indian Institute of Technology, Kharagpur, India","AI in Education, Physics Education, Quantum Education, Inclusive Education",41,https://scholar.google.com/citations?hl=en&user=HOwW56IAAAAJ
Dr. Sirsendu  Sekhar Barman,"Department of Mathematics, IIT Kharagpur",Computational Fluid Dynamics,40,https://scholar.google.com/citations?hl=en&user=_MtfRg4AAAAJ
Nitesh Kumar Dubey,"Researcher, IIT Kharagpur",MR fluid polishing,40,https://scholar.google.com/citations?hl=en&user=HHK7zWoAAAAJ
Sayani Chatterjee,"PhD, IIT Kharagpur","Power Electronics, Machine Drives",40,https://scholar.google.com/citations?hl=en&user=Y-g47soAAAAJ
HITESH SHARMA,"Ph.D. Candidate, IIT Kharagpur","Heat transfer, Turbo machinery, Film cooling, Experimental and CFD, Aerodynamics",40,https://scholar.google.com/citations?hl=en&user=aiQdz44AAAAJ
Kaniska Murmu,"Institute Postdoctoral Fellow, IIT Kharagpur","Soft-matter, Pickering emulsion, Porous ceramic structure, Thin film patterning, Soft-lithography",40,https://scholar.google.com/citations?hl=en&user=djXrpKIAAAAJ
Karan Katariya,"Research Scholar, Indian Institute of Technology Kharagpur","Power system stability, Power system dynamics, Power system control, Renewable penetration",40,https://scholar.google.com/citations?hl=en&user=JeS9tnwAAAAJ
Dr. Atul Kumar Harmukh,"Institute Postdoctoral Fellow, IIT Kharagpur; Ph.D., IIT Roorkee","Injury Biomechanics, Impact mechanics, Ballistic impact, Sports Biomechanics, Helmets & Armor",40,https://scholar.google.com/citations?hl=en&user=wLw6-wwAAAAJ
Anupam Shome,"IIT Kharagpur, India","Wireless Communication, Stochastic Geometry, Cognitive Radio, Co-operative communication, 6G",40,https://scholar.google.com/citations?hl=en&user=Hm8MzKEAAAAJ
Monika Tewari,Indian institute of technology Kharagpur,"Brick Masonry, FEM, Blasting, Earthquake loading",40,https://scholar.google.com/citations?hl=en&user=8uqPGe0AAAAJ
Sayantan Pal,"Doctoral Student, Indian Institute of Technology Kharagpur","Path Planning, Guidance and Control, Autonomous Vehicles, Soft Robotics",40,https://scholar.google.com/citations?hl=en&user=wRzg_KIAAAAJ
Debasruti Bhattacharya,"Research Scholar, Indian Institute of Technology Kharagpur","Organic farming, Hydroponic Systems, Soilless farming",40,https://scholar.google.com/citations?hl=en&user=WUwS4WEAAAAJ
Poulami Panja,IIT KHARAGPUR,"INORGANIC CHEMISTRY, MATERIALS SCIENCE",40,https://scholar.google.com/citations?hl=en&user=i8s6r7QAAAAJ
Arindam Mandal,"PhD Research Scholar, Indian Institute of Technology, Kharagpur","Tesla turbine, Renewable Energy, Waste heat recovery, Drag reduction, CFD",39,https://scholar.google.com/citations?hl=en&user=VW9mSXIAAAAJ
Prasenjit Patra,Indian Institute of Technology Kharagpur,"Additive Manufacturing, Friction stir welding (FSW)",39,https://scholar.google.com/citations?hl=en&user=HMf5d-YAAAAJ
Sudipa Mandal,"Ph.D student of Computer Science and Engineering Department, IIT Kharagpur","Formal Methods, Design Verification, VLSI CAD",39,https://scholar.google.com/citations?hl=en&user=n0Uw39EAAAAJ
Suraj P,"Indian Institute of Technology, Kharagpur,","heterogeneous catalysis, Hydrodeoxygenation, Bio fuel, Catalytic pyrolysis",39,https://scholar.google.com/citations?hl=en&user=pdaEVM4AAAAJ
Manideep Roy,"PMRF, IIT Kharagpur","Cardiovascular Fluid Mechanics, Biofluidics, Electrokinetics",39,https://scholar.google.com/citations?hl=en&user=Ue-QF18AAAAJ
Monojit Das,"Research Scholar, Indian Institute of Technology Kharagpur","Reliability, Analytics, Design of Experiments, Machining",39,https://scholar.google.com/citations?hl=en&user=X97PBK8AAAAJ
Deepan Datta,"Research Scholar, IIT Kharagpur","Machine learning, Well logging, Signal Processing, Seismic, Facies Prediction",39,https://scholar.google.com/citations?hl=en&user=EiI6hPgAAAAJ
Rohit kumar,IIT Kharagpur,Network Security,39,https://scholar.google.com/citations?hl=en&user=cJX0urAAAAAJ
Shubham Kakde,Indian Institute of Technology Kharagpur,"Natural Language Processing, Machine Learning, Statistics",39,https://scholar.google.com/citations?hl=en&user=Seq3jE8AAAAJ
Apratim Bhattacharya,Student at IIT KGP,"Remote sensing, GIS, Deep Learning",39,https://scholar.google.com/citations?hl=en&user=FTbqvnQAAAAJ
Aritra Hota,Chanakya Ph.D. Fellow | Dept. of CSE @ IIT Kharagpur,"Pervasive Computing, Sensing, Human Computer Interaction, Applied Machine Learning",39,https://scholar.google.com/citations?hl=en&user=S0uES20AAAAJ
Ashok Kumar Gaula,Indian Institute of Technology Kharagpur,"Supply chain, Operations research",39,https://scholar.google.com/citations?hl=en&user=9auIhPEAAAAJ
Srishti Mishra,IIT Kharagpur,"Bioelectrochemistry, Microbial desalination cell, Wastewater treatment, Resource recovery",39,https://scholar.google.com/citations?hl=en&user=ms6JE4gAAAAJ
Purbasha Ray,"Research Scholar, IIT Kharagpur","2D Heterostructure, CVD, Electronic Device, VLSI",39,https://scholar.google.com/citations?hl=en&user=dloILHcAAAAJ
VIKAS KUMAR SINGH,Department of Chemical Engineering at Indian Institute of Technology Kharagpur,"Energy and Environment, Catalysis",39,https://scholar.google.com/citations?hl=en&user=_CaCvtgAAAAJ
Sudarshana Sinha,"PHD Research Scholar, Indian Institute of Technology Kharagpur","Landscape-ecological modelling, Remote sensing, Health geography, Sustainable planning, Environment",39,https://scholar.google.com/citations?hl=en&user=Mu6yZhgAAAAJ
Partha Sarathi Mohanty,Indian Institute of Technology Kharagpur,"Immunology, Cancer Immunology, Immune checkpoint inhibitors",39,https://scholar.google.com/citations?hl=en&user=AXGj6DQAAAAJ
Sinjana Choudhuri,"Research Scholar, IIT Kharagpur","Safety Engineering, Human Factors, Psychological well-being, VR, AI & ML",39,https://scholar.google.com/citations?hl=en&user=n_WK92cAAAAJ
Nagesh Dewangan,"PhD, Indian Institute of Technology Kharagpur","Condition Monitoring, Vibration, Acoustics, AI/ML, IoT",38,https://scholar.google.com/citations?hl=en&user=PmYCO64AAAAJ
Suresh Alagar,IIT Kharagpur,"Computational Biology, Molecular Dynamics, Regulatory Networks",38,https://scholar.google.com/citations?hl=en&user=cKjJzTAAAAAJ
Dr. Anjali Thakur,"Ph D, Indian Institute of Technology Kharagpur","Formulation, Extrusion, Product development, Carbonation",38,https://scholar.google.com/citations?hl=en&user=WFIT8OYAAAAJ
Raviarun Arumugaraj Nadar,Indian Institute of Technology Kharagpur,"Operations management, Operations research, Supply Chain Management",38,https://scholar.google.com/citations?hl=en&user=x1zpGMkAAAAJ
Aaheri Karmakar,"Ph.D. student at Department of Geology and Geophysics, Indian Institute of Technology …","Mantle Petrology, Geochemistry, Alkaline rocks",38,https://scholar.google.com/citations?hl=en&user=J2PxWUYAAAAJ
Saroj Kumar Mahapatra,"Research Scholar, Indian Institute of Technology, Kharagpur","Free Space Optical Communication, Underwater Optical Wireless Communication",38,https://scholar.google.com/citations?hl=en&user=0aEHJ7cAAAAJ
Sagar Devadiga,Indian Institute of Technology Kharagpur,"Microalgae, Biofuels, Biomass, Biodiesel, Pilot-scale cultivation",38,https://scholar.google.com/citations?hl=en&user=w1SVuMcAAAAJ
Abhilash Vishwakarma,"Research Scholar, Indian Institute of Technology Kharagpur","Rail Dynamics, Stuctural Health Monitoring, Multibody Dynamics",38,https://scholar.google.com/citations?hl=en&user=84SZQmcAAAAJ
Suman Maiti,Department of Computer Science and Engineering Indian Institute of Technology Kharagpur,Security of Cyber Physical systems,38,https://scholar.google.com/citations?hl=en&user=FTC-QboAAAAJ
Dr. Premful Kumar,"Institute Postdoctoral Fellow, Department of Chemical Engineering, IIT Kharagpur, India","Magnetohydrodynamics, Heat and Mass Transfer, Hydrodynamic Stability, PINN",38,https://scholar.google.com/citations?hl=en&user=jx3kAZsAAAAJ
Atif Ansari,"Research Scholar, IIT Kharagpur",Polymer Chemist,38,https://scholar.google.com/citations?hl=en&user=oXim4bgAAAAJ
Subradip Debnath,"PMRF Research Scholar, Indian Institute of Technology Kharagpur","Microfluidics and Nanofluidics, Interfacial phenomenon, 2D materials, Molecular Dynamics",38,https://scholar.google.com/citations?hl=en&user=ZXL2_HYAAAAJ
Md Ashik Khan,"M.Tech Student , Indian Institute of Technology Kharagpur","Computer Vision, Medical Imaging, Representation Learning",38,https://scholar.google.com/citations?hl=en&user=EKQLSHQAAAAJ
Deepsovan Mondal,Research Scholar (PhD) at Indian Institute of Technology Kharagpur,"High Entropy Alloys, High Temperature Materials, Structure-property correlation, Oxidation",38,https://scholar.google.com/citations?hl=en&user=IAVfSK8AAAAJ
Vikas Reddy,IIT Kharagpur,"deep learning, machine learning",37,https://scholar.google.com/citations?hl=en&user=IMksR20AAAAJ
Arnab Sarkar,"Junior Research Fellow , Rubber Technology centre, IIT Kharagpur","Photoluminescence, polymer synthesis and chracterization, Rubber, Sustainable Rubber Additives",37,https://scholar.google.com/citations?hl=en&user=_lE7gtgAAAAJ
HILLOL MAITY,"MS, IIT Kharagpur","VLSI Testing, Deep Learning, Machine Learning, Interpretable AI",37,https://scholar.google.com/citations?hl=en&user=0BVQiTIAAAAJ
Prashik Sahare,"Student, Indian Institute of Technology","Deep Learning, Natural Language Processing, Chatbots, Graph Embeddings",37,https://scholar.google.com/citations?hl=en&user=K-aryFEAAAAJ
Devansh Pandey,Indian Institute of Technology Kharagpur,DM,37,https://scholar.google.com/citations?hl=en&user=gohVteUAAAAJ
Pritam Dey,"Research Scholar, Cryogenic Engineering, IIT Kharagpur","Thermal Engineering, Cryogenics, Refrigeration, Heat Transfer",37,https://scholar.google.com/citations?hl=en&user=JgGtJOgAAAAJ
Vijit Rathore,"Research Scholar, IIT Kharagpur","Open Channel Hydraulics, Turbulence",37,https://scholar.google.com/citations?hl=en&user=xZGDyq4AAAAJ
Javed Ali,Indian Institute of Technology Kharagpur,"seismic, machine learning, deep learning, reservoir characterization",37,https://scholar.google.com/citations?hl=en&user=6t00kXwAAAAJ
Sourav Bagchi,"PhD, Indian Institute of Technology, Kharagpur","time-series forecasting, Machine learning, Internet of Things (IoT)",37,https://scholar.google.com/citations?hl=en&user=2n8p-N8AAAAJ
Abhishek Kumar Yadav,"Research Scholar, IIT Kharagpur","Tectonic Geodesy, Crustal Deformation, GPS, Earthquake Forecasting, Troposphere PWV",37,https://scholar.google.com/citations?hl=en&user=QoI6SNQAAAAJ
Tishya Sarma Sarkar,"Indian Institute of Technology, Kharagpur","Hardware security, Cryptography, Embedded systems",37,https://scholar.google.com/citations?hl=en&user=IuYbwVUAAAAJ
Agam Sharan,"Scientist at ADA, PhD Candidate - IITKgp","Fatigue of Aircraft Structure, Composite Fatigue",37,https://scholar.google.com/citations?hl=en&user=AjT9Li8AAAAJ
neha patel,Indian Institute of Technology Kharagpur,"Reliability, Condition Monitoring, Prognostic and Health Management",37,https://scholar.google.com/citations?hl=en&user=cmqsvJIAAAAJ
Debasis Pal,"Research Scholar, Indian Institute of Technology Kharagpur","Supramolecular Chemistry, Crystal Engineering",37,https://scholar.google.com/citations?hl=en&user=jsr3OpUAAAAJ
Souvik Das,IIT Kharagpur,"Bio-photonics, FTIR, Raman, Machine Learning",37,https://scholar.google.com/citations?hl=en&user=ISuBS3sAAAAJ
Arpita Tripathy,"Ph.D Student, IIT Kharagpur","Exosomes, Membrane Biophysics, Fluorescence Spectroscopy",37,https://scholar.google.com/citations?hl=en&user=cpqJwoIAAAAJ
Soorya KK,Masters from IIT Kharagpur,"Photocatalysis, Pathways to climate resilient water systems",37,https://scholar.google.com/citations?hl=en&user=MxzAGeIAAAAJ
Rachna Verma,"Indian Institute of Technology, Kharagpur","Organisation Behaviour, Human Resource, Flourishing, Positive organisational Psychology",37,https://scholar.google.com/citations?hl=en&user=zVEqzmUAAAAJ
Saswata Kumar Dash,"Research Scholar, Department of Education, IIT Kharagpur","Educational Technology, AIEd, Science Education, Teacher Education",37,https://scholar.google.com/citations?hl=en&user=TBuAYbMAAAAJ
SOUMAJYOTI GHOSH,"P.hD Scholar, Indian Institute of Technology, Kharagpur","Polymer synthesis, Biosensors, Energy device, supercapacitor, MoFs",37,https://scholar.google.com/citations?hl=en&user=tFQIxM0AAAAJ
Nayana Baral,Indian Institute of Technology Kharagpur,"Agricultural and Natural Resource Economics, Food and Nutrition Security, Sustainable Agriculture",37,https://scholar.google.com/citations?hl=en&user=OyxmpD0AAAAJ
Joydip Roy,"MS in Electrical Engineering, IIT Kharagpur, India","Sensors, Measurements, Circuits, Signal conditioning/processsing, IoT",36,https://scholar.google.com/citations?hl=en&user=YCIiJ_8AAAAJ
Kalpana Devi,"Research Scholar, Indian Institute of Technology Kharagpur","Hydraulic engineering, Turbulence, Wakes, Sediment transport, ADV",36,https://scholar.google.com/citations?hl=en&user=wqT4LtsAAAAJ
Shri Kant,"Senior Research Scholar, IIT Kharagpur","Computational structural biology, Structural bioinformatics, conformational analysis of protein-RNA",36,https://scholar.google.com/citations?hl=en&user=78IHns4AAAAJ
Shuvodip Majumdar,"Research Scholar, Indian Institute of Technology Kharagpur","Electromagnetic Diffraction, Propagation Channel Modeling, Microstrip Antennas",36,https://scholar.google.com/citations?hl=en&user=8tXMeEMAAAAJ
ALEX KOSHY,"Project Assistant, IIT Kharagpur","Multiphase flow, Microchannel flow, Liquid-liquid flow, Fluid mechanics",36,https://scholar.google.com/citations?hl=en&user=x6o-tNoAAAAJ
Kasturi Mandal,Indian Institute of Technology Kharagpur,"Vulnerability studies, Disaster management, Socio-economic studies, Tourism",36,https://scholar.google.com/citations?hl=en&user=ozM9EysAAAAJ
Ankita Nandi,Research scholar at IIT Kharagpur,"Geochemistry, Geochronology, Crustal evolution",36,https://scholar.google.com/citations?hl=en&user=_PAR9x4AAAAJ
ANMOL PANDEY,"Research Scholar , INDIAN INSTITUTE OF TECHNOLOGY KHARAGPUR","Nanomaterials, Adsorption, Waste water treatment",36,https://scholar.google.com/citations?hl=en&user=vvQRLe0AAAAJ
Pankaj Kumar,"Research Scholar, Indian institute of Technology Khargpur","Water Treatment, Environmental Engineering, Waste Management",36,https://scholar.google.com/citations?hl=en&user=29dRHOgAAAAJ
Swarnava Garai,Research scholar IIT Kharagpur,"Computational Structural Biology, Machine Learning, Bioinformatics, Transcription Factors",36,https://scholar.google.com/citations?hl=en&user=qBVQBxUAAAAJ
Iqbal Ahmed,"Research Scholar, Indian Institute of Technology Kharagpur","Metamaterials, Structural Dynamics, Periodic Structure, Wave Propagation, Vibration Isolation",36,https://scholar.google.com/citations?hl=en&user=4GhOfPcAAAAJ
Ankita Dutta,"PhD Scholar, IIT Kharagpur, India","cancer, organoids, drug screening, molecular biology",36,https://scholar.google.com/citations?hl=en&user=7HOOVNYAAAAJ
Tirlingi Madhava Rao,"Research scholar, IIT Kharagpur","Diagnostics of power transformers, Condition assessment techniques of Electrical …",36,https://scholar.google.com/citations?hl=en&user=BvfGUPYAAAAJ
Ritam Pradhan,Indian Institute of Technology Kharagpur,"Graph Neural Network, Deep Learning Models, AI/ML",36,https://scholar.google.com/citations?hl=en&user=2rvQymgAAAAJ
Venkataseetharam Manoj Malipeddi,"Student, IIT Kharagpur","Deep Learning, Machine Learning",36,https://scholar.google.com/citations?hl=en&user=cTszhYoAAAAJ
Chetan TG,"Indian Institute of Technology, Kharagpur","Auction theory, Mechanism design, Procurement",35,https://scholar.google.com/citations?hl=en&user=fXhUjDcAAAAJ
Monisha Perli,Dr YSR Horticultural University Indian Institute of Technology Kharagpur,"Nano hybrids, Nanotoxicity and risk assessment, NPS Pollution and Management",35,https://scholar.google.com/citations?hl=en&user=jDey9oYAAAAJ
Dr. Arpita Biswas,"Senior Project Associate, CSIR-NGRI • PhD, IIT Kharagpur","Earthquake Engineering, Seismology, Seismic Hazard, Site Characterization, Microzonation",35,https://scholar.google.com/citations?hl=en&user=rTRQEFIAAAAJ
Ayush Jaiswal,Indian Institute of Technology Kharagpur,"Machine Learning, Natural Language Processing, Computer Vision",35,https://scholar.google.com/citations?hl=en&user=IBcUN8IAAAAJ
Atashi Panda,Indian Institute of Technology Kharagpur,"Biophysical Chemistry, Protein-ligand Interaction study",35,https://scholar.google.com/citations?hl=en&user=nbNgZ1AAAAAJ
ASHISH JAISWAL,"RESEARCH SCHOLAR, INDIAN INSTITUTE OF TECHNOLOGY KHARAGPUR","CFD, TURBULANCE, SHIP WAKE SIGNATURE, SAR, MULTIPHASE FLOW",35,https://scholar.google.com/citations?hl=en&user=yWnvFaAAAAAJ
Pragya Gupta,"Research Scholar in Mathematics Department, IIT Kharagpur","Applied Mathematics, Image Processing",35,https://scholar.google.com/citations?hl=en&user=7JO9yAkAAAAJ
Rakhohari Bauri,IIT Kharagpur,Laser Material Deposition/Processing,35,https://scholar.google.com/citations?hl=en&user=vWtRqacAAAAJ
Debadrita Talapatra,"PhD Research Scholar, IIT Kharagpur, India",Cryptography Searchable Encryption,35,https://scholar.google.com/citations?hl=en&user=uMhswDgAAAAJ
Priyadharshini Jayaseelan,"Research Scholar, Agricultural and Food Engineering Department, Indian Institute of …","Food Biotechnology, Enzymology, Nutrition, Meat Analogue",35,https://scholar.google.com/citations?hl=en&user=a_1-LRgAAAAJ
Chiranjib Bhowmick,"Prime Minister Research Fellow, Indian Institute of Technology Kharagpur","Medical Imaging, Computational Biology, Machine Learning, Deep Learning, Imaging Genomics",35,https://scholar.google.com/citations?hl=en&user=mIXC-rsAAAAJ
Sadhak Khanna,"Postdoctoral fellow at Indian Institute of Technology, Kharagpur","Graphene, Carbon Nano-tubes, MOF, Supercapacitors, Redox flow battery",35,https://scholar.google.com/citations?hl=en&user=QiY6UIUAAAAJ
Suman Bhattacharjee,Indian Institute of Technology Kharagpur,"Soft Matter, Self assembly, Nanomaterials, Interfacial phenomena, Droplet dynamics",35,https://scholar.google.com/citations?hl=en&user=uqPyePwAAAAJ
Ayan Maity,"Research Scholar, Indian Institute of Technology, Kharagpur","Machine Learning, Deep Learning, Reinforcement Learning, Vehicle Routing",35,https://scholar.google.com/citations?hl=en&user=e5jPsBEAAAAJ
Kiran KJ,"M Tech Post Graduate in Agricultural and Food Engineering, IIT Kharagpur","Aquacultural Engineering, Wastewater Treatment, Integrated Multitrophic Aquaculture Systems …",35,https://scholar.google.com/citations?hl=en&user=brCfNkYAAAAJ
Diptesh Biswas,IIT Kharagpur,"Droplet Dynamics, Multiphase flow, Microfluidics, PEM Fuel Cell",35,https://scholar.google.com/citations?hl=en&user=mc4ioEIAAAAJ
Baneeprajnya Nayak,"Research Scholar at Indian Institute of Technology, Kharagpur",Food Technology         Food Packaging …,35,https://scholar.google.com/citations?hl=en&user=N09WpN8AAAAJ
Paramananda Bhaskar,Indian Institute of Technology Kharagpur,"Large Vision Language Models, Natural Language Processing, Multimodality",35,https://scholar.google.com/citations?hl=en&user=dsvd6O0AAAAJ
Ramanuj Bhattacharjee,"Research Scholar, Indian Institute of Technology Kharagpur","Computer Vision, Large Language Model (LLM), Natural Language Processing (NLP), Agent Based Modeling",35,https://scholar.google.com/citations?hl=en&user=iUA_GLMAAAAJ
Sthitapragyan Patnaik,"Research Scholar, Materials Science Centre, IIT Kharagpur, India","Nanomaterials, Electrochemistry, Catalysis, Energy generation & storage",35,https://scholar.google.com/citations?hl=en&user=geTxPOwAAAAJ
Avik Halder,IIT Kharagpur,"LLMs, Serving systems, Alignment, Agentic AI",35,https://scholar.google.com/citations?hl=en&user=G6a3YEIAAAAJ
Subodh Das,Indian Institute of Technology Kharagpur,"Alloy Design, Microstructure Engineering, Mechanical Behavior, Oxidation/Corrosion/Tribology",35,https://scholar.google.com/citations?hl=en&user=8hVZTxQAAAAJ
Soumyadeep Das,"Research Scholar, IIT Kharagpur",Adsorption,35,https://scholar.google.com/citations?hl=en&user=7L4fy1QAAAAJ
Dr. Priyanka Das,"Post Doctoral Researcher, IISc Bengaluru, PhD IIT Kharagpur","Transport Infrastructure, Transport planning, Tourism",34,https://scholar.google.com/citations?hl=en&user=XR0-YEYAAAAJ
Rijubrata Pal,"Research Scholar, Indian Institute of Technology, Kharagpur","negative resistance oscillator, self oscillating mixer, voltage controlled oscillator, microwave mixers, microstrip antenna",34,https://scholar.google.com/citations?hl=en&user=V9yvs1AAAAAJ
Misti Das,Indian Institute of Technology Kharagpur,"mass transfer, biochemistry, electrochemistry",34,https://scholar.google.com/citations?hl=en&user=3lShELMAAAAJ
Sachin Kumar,IIT Kharagpur,"Machine Learning, Data Science, Finance, Econometrics",34,https://scholar.google.com/citations?hl=en&user=Mx_fvegAAAAJ
Manisha Sain,"Research Scholar, School of Environmental Science and Engineering, IIT Kharagpur","Environmental Engineering, Wastewater Treatment, Heterogeneous Photocatalysis, Adsorption",34,https://scholar.google.com/citations?hl=en&user=9RMCFMoAAAAJ
Supriyo Chakraborty,Indian Institute of Technology,"seismic inversion, signal analysis",34,https://scholar.google.com/citations?hl=en&user=qelozXEAAAAJ
Shilpi Jain,"Post-Doctoral Fellow, IIT Kharagpur",,34,https://scholar.google.com/citations?hl=en&user=TED0YxUAAAAJ
Sagnik Basu,Research Scholar @IIT Kharagpur India,"AI Safety, Model Editing and Alignment, Explainability of Complex NN, Bias and Fairness",34,https://scholar.google.com/citations?hl=en&user=uJVZy7cAAAAJ
Utsa Roy,"Post Doctoral Fellowship, Indian Institute of Technology, Kharagpur","Blockchain, IoT Security, Distributed Systems",34,https://scholar.google.com/citations?hl=en&user=GKtvOPsAAAAJ
Debjit Maity,"PhD Scholar, Indian Institute of Technology Kharagpur","Cancer Biology, Western Blotting, Cell Culture",34,https://scholar.google.com/citations?hl=en&user=dPC63AgAAAAJ
Divyangana Lahiri,"Research Scholar, IIT Kharagpur",,34,https://scholar.google.com/citations?hl=en&user=e_atgLYAAAAJ
Nishank Verma,IIT KHARAGPUR,"FEA, Polymer Engineering, Additive Manufacturing",34,https://scholar.google.com/citations?hl=en&user=c_V_ZfoAAAAJ
Arijit Acharyya,"Indian Institute of Technology, Kharagpur","Water Treatment, LCA",34,https://scholar.google.com/citations?hl=en&user=xipNctEAAAAJ
Adari Devi Prasad,Indian Institute of Technology Kharagpur,"Structural Engineering, Behaviour of RC Structures, Advanced Concrete Materials, Precast Members, Sustainable Construction",33,https://scholar.google.com/citations?hl=en&user=QnMmC-YAAAAJ
Dr. Sougata Mandal,Post Doctoral Fellow at IIT Kharagpur,"Charge transport, Organic Electronics, Nanophotonics",33,https://scholar.google.com/citations?hl=en&user=UoezqkUAAAAJ
Tanusree Parbat,IIT Kharagpur,cyber security,33,https://scholar.google.com/citations?hl=en&user=zJ_ahlkAAAAJ
Dr. Jyothula Madan,"Indian institute of Technology, Kharagpur","Earthquake source characterization, Hazard Assessments, Liquefaction, Seismic Microzonation",33,https://scholar.google.com/citations?hl=en&user=kTWBDVkAAAAJ
Suryajyoti Nanda,"Research Scholar, Indian Institute of Technology, Kharagpur","Mining Engineering, Rock Mechanics, Discrete Element Modeling, GPU based Parallel Computation",33,https://scholar.google.com/citations?hl=en&user=yhel4mEAAAAJ
Monaswita Talukdar,"PhD, IIT Kharagpur",,33,https://scholar.google.com/citations?hl=en&user=2T98hGsAAAAJ
sachin kumar,"PhD, Indian Institute of Technology Kharagpur","Structural Health Monitoring, Smart Materials, Aerospace Structures, Composite Structures",33,https://scholar.google.com/citations?hl=en&user=_QOLC6AAAAAJ
Sunanda Panda,"PhD Scholar, IIT Kharagpur","Computational Chemistry, Astrochemistry, DFT",33,https://scholar.google.com/citations?hl=en&user=Ob_wY0EAAAAJ
Dev Agarwal,"Indian Institute of Technology, Kharagpur","Generative AI, NeRF, Computer Vision",33,https://scholar.google.com/citations?hl=en&user=IBTndaAAAAAJ
Arka Pramanik,"Research scholar at Agricultural and Food Engineering Department, IIT Kharagpur","aquaculture, wastewater treatment, microbial electrochemical technologies",33,https://scholar.google.com/citations?hl=en&user=yPmXDO0AAAAJ
Suman Dutta,"Assistant Professor, Indian Institute of Technology, Kharagpur","finite element method, solid mechanics, fluid mechanics, fluid structure interactions",33,https://scholar.google.com/citations?hl=en&user=WpXfmUMAAAAJ
Pooja Warhekar,"PhD Scholar, IIT Kharagpur.","Radar Absorbing Materials, Microwave Absorbers, Electrical modelling of composites",33,https://scholar.google.com/citations?hl=en&user=rZpHxqIAAAAJ
Dr. Soumi Kundu,"Assistant Professor of Paediatrics, AIIMS Deoghar [Ex-Assistant Professor, IIT Kharagpur]","Paediatrics & neonatology, allergy, asthma, infectious disease, immunology",33,https://scholar.google.com/citations?hl=en&user=-8LAtikAAAAJ
Goutam Goswami,"Dept of Electrical Engineering, Indian Institute of Technology Kharagpur","Electric Drives, Power Electronic Converters",33,https://scholar.google.com/citations?hl=en&user=uEz1uHsAAAAJ
Subrat Kumar Maharana,"Doctoral Student at IIT, Kharagpur","solid mechanics, composites",33,https://scholar.google.com/citations?hl=en&user=7pKtSzoAAAAJ
Sakshi Sharma,"PhD Scholar, CORAL, IIT Kharagpur","Atmospheric Science, Climate Change",33,https://scholar.google.com/citations?hl=en&user=yB3SXdoAAAAJ
Swadhin Satyaprakash Majhi,"Student,IIT Kharagpur",NLP,33,https://scholar.google.com/citations?hl=en&user=zLZ7nI8AAAAJ
Rajpal singh Chauhan,"M.Tech 2nd year Student, IIT Kharagpur",FEA,33,https://scholar.google.com/citations?hl=en&user=ZBy2n3cAAAAJ
Sujeet Kumar,IIT Kharagpur,"Natural Language Processing, Speech Processing, Machine Learning",33,https://scholar.google.com/citations?hl=en&user=ODQrkqAAAAAJ
Aditya Prasad Panda,"Research Associate, IIT Kharagpur","molecular microbiology, protein biochemistry, molecular modelling, molecular dynamics simulations",33,https://scholar.google.com/citations?hl=en&user=-eQdfPkAAAAJ
Galipelli Rajkumar,"Research Scholar, IIT Kharagpur","jointed concrete pavements, two lift concrete pavements, finite element analysis",33,https://scholar.google.com/citations?hl=en&user=4bw4DVoAAAAJ
Abhijeet Patil,"Indian Institute of Technology, Kharagpur","Artificial Intelligence, Computational Biology",32,https://scholar.google.com/citations?hl=en&user=xgBh8vQAAAAJ
Lokeshwar Mahto,"PhD - Project Scholar at Department of Chemical Engineering, IIT Kharagpur","DEM simulations, Particle technology, DEM calibration, Adaptive coarse-graining, Nanocomposites",32,https://scholar.google.com/citations?hl=en&user=RvCBTW0AAAAJ
Jyoti Prakash Meher,"Indian Institute of Technology, Kharagpur","Software Engineering, Natural Language Processing, Education Technology",32,https://scholar.google.com/citations?hl=en&user=kDwn-gwAAAAJ
Shreyas Thombare,MS Student Indian Institute of Technology Kharagpur,Electrical Engineering,32,https://scholar.google.com/citations?hl=en&user=bNCzkgoAAAAJ
Monnie Parida,"PhD Research Scholar, IIT Kharagpur","Natural Language Processing, Machine Learning, Language Comprehension, Human computer interaction, Cognitive neuroscience",32,https://scholar.google.com/citations?hl=en&user=y1ryFmMAAAAJ
Upasana Ray,"Reseach Scholar of Department of Biotechnology, IIT Kharagpur",,32,https://scholar.google.com/citations?hl=en&user=gRLGqQUAAAAJ
Aditya Patwari,Research Scholar at IIT Kharagpur,"Microfluidics and Nanofluidics, Electrokinetics, Sustainable Energy, Iontronics",32,https://scholar.google.com/citations?hl=en&user=kpL5pgMAAAAJ
Aman Sinha,Indian Institute of Technology Kharagpur.,"NLP, Signal Processing, Image Analysis, Medical Image Processing, .Artificial Intelligence.",32,https://scholar.google.com/citations?hl=en&user=uXnFkIIAAAAJ
Sayli Agashe,"PhD scholar, IIT Kharagpur","Psychology, Psychotherapy, Meaning in life, Resilience",32,https://scholar.google.com/citations?hl=en&user=v1Y3q8oAAAAJ
Shaheen Sultana,"PhD Scholar, IIT Kharagpur","Solid-State Photochemistry, Photoactuation, Thin Films, Single/Multi-component Organics, CPs/MOFs",32,https://scholar.google.com/citations?hl=en&user=w-DG308AAAAJ
Bipasha Das,Indian Institute of Technology Kharagpur,"Laser materials processing, Tribological behaviour of materials",32,https://scholar.google.com/citations?hl=en&user=ymm2PcsAAAAJ
Deepen Chettri,"Ph.D Scholar, IIT Kharagpur","Environmental Economics, Climate Change, livelihood, Food security, Adaptation",32,https://scholar.google.com/citations?hl=en&user=k-7_0kkAAAAJ
Sohan Patro,"Indian Institute of Technology, Kharagpur","Deep Learning, Computer Vision, Human-Computer Interaction, Artificial Intelligence",31,https://scholar.google.com/citations?hl=en&user=o2-Rd2UAAAAJ
ARCHITA HORE,"Research Scholar, IIT Kharagpur, GSSST","Neuromorphic Circuit, Digital & Analog Circuits, Signal Processing, VLSI, Computational Neuroscience",31,https://scholar.google.com/citations?hl=en&user=yA8F9GwAAAAJ
Madhuri Dubey,"Research Scholar, Department of Agricultural and Food Engineering, IIT Kharagpur","Crop modeling, Climate change, Mathematical modeling, Optimum nitrogen dose",31,https://scholar.google.com/citations?hl=en&user=NKQ2gPQAAAAJ
Pratyush Mohapatra,PhD IIT KHARAGPUR,"Biosensor Development, Biomaterial, Microfluidics, Electrode Fabrication, Radical stress Biology",31,https://scholar.google.com/citations?hl=en&user=5WLQRvEAAAAJ
Anirban Roy,"Research Scholar, School of Energy Science and Engineering, IIT Kharagpur","Microfluidics, Multiphase Flows, Heat Transfer",31,https://scholar.google.com/citations?hl=en&user=WhUJxDoAAAAJ
Vijay Kumar Kannaujiya,INDIAN INSTITUTE OF TECHNOLOGY KHARAGPUR,"Natural Hazards, Sea Level Rise, Shoreline Change, Coastal Hazard Vulnerability and Risk …",31,https://scholar.google.com/citations?hl=en&user=Vth1pKkAAAAJ
Ayushi Rastogi,"Research Scholar, IIT Kharagpur",Cryptography,31,https://scholar.google.com/citations?hl=en&user=uqZQsTEAAAAJ
Kshitij Sharma,Indian Institute of Technology Kharagpur,"Spectral graph theory, hypergraph, combinatorial matrix theory",31,https://scholar.google.com/citations?hl=en&user=cpMaMygAAAAJ
Swadhin Chakraborty,"Research Scholar, Indian Institute of Technology Kharagpur, India","Synthesis of Functional polymer, Control radical polymerization, Click chemistry, Smart polymer",31,https://scholar.google.com/citations?hl=en&user=GqQy_kMAAAAJ
Sruti Narwal,IIT Kharagpur,"geotechnical, numerical simulations, FEA, CAE, rock mechanics",31,https://scholar.google.com/citations?hl=en&user=4C70OpQAAAAJ
Souvik Mondal,"Research Scholar, IIT Kharagpur","Nonlinear dynamics, Optomechanics",31,https://scholar.google.com/citations?hl=en&user=cne9UaMAAAAJ
Arahata Senapati,Indian institute of Technology Kharagpur,"Multiphase flow, vortex flow, bubble dynamics, droplet dynamics",31,https://scholar.google.com/citations?hl=en&user=sQiZHNQAAAAJ
Ambika Kumari,Indian Institute of Technology Kharagpur,"Gas Sensor, Microelectronics",31,https://scholar.google.com/citations?hl=en&user=7_vmjqcAAAAJ
Dr. Snehasish Sarkar,MS-Ph.D from IIT Kharagpur,Genetic Engineering/Biotechnology,30,https://scholar.google.com/citations?hl=en&user=hzKZBEwAAAAJ
Pabitra K Jana,IIT Kharagpur,"Virtualization, Cloud Computing, CPS, IoT",30,https://scholar.google.com/citations?hl=en&user=GK5E33cAAAAJ
Ravi Chandra Varma KC,IIT Kharagpur,Video Coding,30,https://scholar.google.com/citations?hl=en&user=B2pdIEYAAAAJ
Neha Singh,IIT Kharagpur,"Supply Chain, Operations, Carbon Emission, Sustainability, Optimization",30,https://scholar.google.com/citations?hl=en&user=lbOuNXMAAAAJ
Dr Pradipta Chandra,"Assistant Professor, Prestige Institute of Management and Research, Indore; Ph.D (IIT …","Sustainable Dev, Supply Chain Management, Innovation, Agricultural Ext Science, Polymer Sci and Engg",30,https://scholar.google.com/citations?hl=en&user=qi4828AAAAAJ
Sumit Pal,"Research Scholar, IIT Kharagpur","Internet of Things, Statistical Learning, Internet Security, Stochastic Processes, Data Analytics",30,https://scholar.google.com/citations?hl=en&user=hkjBpE8AAAAJ
Kondalarao Bhavanibhatla,IIT Kharagpur,"Mobile manipulation, Legged robots, Reinforcement learning, Design and development",30,https://scholar.google.com/citations?hl=en&user=DNAa_nYAAAAJ
Jyayasi Nath,Indian Institute of Technology Kharagpur,Non-linear dynamics,30,https://scholar.google.com/citations?hl=en&user=zZiLe30AAAAJ
Kishan Tiwari,"Senior Research Fellow, Indian Institute of Technology Kharagpur","High pressure mineralogy, Shocked meteorites, Shock metamorphism, Mineral physics",30,https://scholar.google.com/citations?hl=en&user=qSaVEWcAAAAJ
Rajesh Pavan Pothukuchi,"Assistant Professor, IIT Kharagpur","Polymer Biophysics, Biomolecular MD Simulations",30,https://scholar.google.com/citations?hl=en&user=IqqBgUYAAAAJ
Sandip Giri,"Research Scholar, Indian Institute of Technology, Kharagpur","Molecular Database, computational chemistry, Machine Learning, Prebiotic Chemistry",30,https://scholar.google.com/citations?hl=en&user=C5wiJHAAAAAJ
Harpreet Singh Chhabra,"Student of Metallurgical & Materials Engineering, IIT Kharagpur",Material Science,30,https://scholar.google.com/citations?hl=en&user=7UUNSQMAAAAJ
Monica Pradhan,"Research Scholar, Indian Institute of Technology Kharagpur","Nonradiating States, Metasurfaces, Nanophotonics, Purcell Factor Engineering, Exceptional Point",30,https://scholar.google.com/citations?hl=en&user=Utll60MAAAAJ
Nisarg Upadhyaya,"Indian Institute of Technology, Kharagpur",Usable Security and Privacy,30,https://scholar.google.com/citations?hl=en&user=J6_YVs0AAAAJ
Arghya Poddar,"Research Scholar, Indian Institute of Technology, Kharagpur","Paleobiology, Brachiopods, Macroevolution, Cretaceous",30,https://scholar.google.com/citations?hl=en&user=GnF9WoMAAAAJ
Nilesh Sakre,IIT Kharagpur,"Food process engineering, machine design, Drying, legume processing",30,https://scholar.google.com/citations?hl=en&user=1z3HMgsAAAAJ
INDRANIL MANDAL,IIT KHARAGPUR,"Optimization, Additive Manufacturing, Material Characterization, Machine Learning, Sustainability",30,https://scholar.google.com/citations?hl=en&user=ZxeDmYYAAAAJ
Swarup Kanti Sarkar,"Postdoctoral fellow, Indian Institute of Technology Kharagpur","Anderson localization, Bose-Einstein condensation, Quantum gases",30,https://scholar.google.com/citations?hl=en&user=ytRrOhoAAAAJ
PARNA PRAMANIK,"Research Scholar, IIT Kharagpur","Solid State Chemistry, Crystallography",30,https://scholar.google.com/citations?hl=en&user=e9j1fBQAAAAJ
Namrata Mohanty,IIT Kharagpur,Electric vehicles,30,https://scholar.google.com/citations?hl=en&user=1M26Ox0AAAAJ
Resham chawla,Indian Institute of Technology Kharagpur,"Irrigation Scheduling, Water Quality, Crop Modelling",30,https://scholar.google.com/citations?hl=en&user=tNLTNF8AAAAJ
Ankit Gupta,"Research Scholar, Department of Physics, Indian Institute of Technology, Kharagpur","Condensed matter Physics, Nonequilibrium Statistical Physics, Active matter physics",30,https://scholar.google.com/citations?hl=en&user=hhin7VkAAAAJ
Suvankar Samantaray,"Indian Institute of Technology, IIT Kharagpur",… Petrology in deformed terranes and relating …,30,https://scholar.google.com/citations?hl=en&user=BjzI3aUAAAAJ
Ujjwal Chetan,"PhD, Indian Institute of Technology, Kharagpur, India","Computational Fluid Dynamics, Thermal Convection in Fluids, Machine Learning",30,https://scholar.google.com/citations?hl=en&user=3BZofu4AAAAJ
Sananda Chatterjee,"Research Scholar of Electrical Engineering Department, Indian Institute of Technology …","Control Systems, Robotics, Game Theory Based Control, Estimation, Periodic control",29,https://scholar.google.com/citations?hl=en&user=bDRttngAAAAJ
Pravat Kumar Behera,"PhD, Indian Institute of Technology Kharagpur","Aerospace Structure, Non-Linear vibration, Composite Structures",29,https://scholar.google.com/citations?hl=en&user=NTgSw2cAAAAJ
Emel V Kurian,"Indian Institute of Technology Kharagpur, Kharagpur, West Bengal, India","Process Intensification, Cryogenic carbon capture, Energy, Sustainability",29,https://scholar.google.com/citations?hl=en&user=LNjUR78AAAAJ
libeesh lukose,INDIAN INSTITUTE OF TECHNOLOGY KHARAGPUR,"Mineral Spectroscopy of ultramafic rocks, Remote sensing, climate change studies, hyperspectral analysis",29,https://scholar.google.com/citations?hl=en&user=e29uETgAAAAJ
Alok Ranjan Mohanty,Indian Institute of Technology,Development and Labour Economics,29,https://scholar.google.com/citations?hl=en&user=dOvFPMgAAAAJ
Millon Madhur Das,"Fujitsu Research, Indian Institute of Technology Kharagpur","machine learning, natural language processing",29,https://scholar.google.com/citations?hl=en&user=5J4ADbcAAAAJ
Soham Chakraborty,"Research Scholar, IIT Kharagpur","Design of DC-DC Converters, High Gain Converter, EV Charging",29,https://scholar.google.com/citations?hl=en&user=FbUw2EcAAAAJ
Jagannath Mahato,IIT Kharagpur,Computational Fluid Dynamics,29,https://scholar.google.com/citations?hl=en&user=3oSlGw8AAAAJ
Swagata Das,Research scholar IIT KHARAGPUR,Total synthesis,29,https://scholar.google.com/citations?hl=en&user=0EgiK7gAAAAJ
Aritra Chowdhury,IIT Kharagpur,"Water treatment, Emerging contaminants, Catalysis, Membrane separation, Adsorption",29,https://scholar.google.com/citations?hl=en&user=fFw-yvAAAAAJ
Sulagna De,"Department of Architecture and Regional Planning, IIT Kharagpur","Urban Planning, Urban Greening Governance, Landscape and Environment, Green Infrastructure",29,https://scholar.google.com/citations?hl=en&user=ApqaYzYAAAAJ
Arun Kumar,"Department of Mathematics, IIT Kharagpur, Kharagpur, 721302, West Bengal, India",Sediment transport in open channel flow,29,https://scholar.google.com/citations?hl=en&user=XMw11x8AAAAJ
Kamal Kishor Prajapati,Indian Institute of Technology Kharagpur,"Structural Health Monitoring, Deep Learning, Wave propagation",29,https://scholar.google.com/citations?hl=en&user=gtPVOIgAAAAJ
Kanishka Vaish,IIT Kharagpur,Intellectual property and artificial intelligence,29,https://scholar.google.com/citations?hl=en&user=ULENFh0AAAAJ
Pijush Sardar,Research Scholar at IIT Kharagpur,"Density functional theory, Transmission electron microscopy.",29,https://scholar.google.com/citations?hl=en&user=QEYEutQAAAAJ
Kanta Chakraborty,Indian Institute of Technology Kharagpur,,29,https://scholar.google.com/citations?hl=en&user=j5przEkAAAAJ
MOUMITA MISHRA,Research Scholar  IIT Kharagpur,"Spatial Informatics, Intelligent Transportation System, Machine Learning, Cloud Computing",29,https://scholar.google.com/citations?hl=en&user=Y_rhMyUAAAAJ
Keshav Kumar Ray,IIT Kharagpur,"Farm machinery, precision agriculture, renewable energy, machine learning, deep learning",29,https://scholar.google.com/citations?hl=en&user=zLaZTIsAAAAJ
Gargi Panda,IIT Kharagpur,"Computer Vision, Machine Learning, and Biomedical signal processing",29,https://scholar.google.com/citations?hl=en&user=KY1yIfAAAAAJ
Dr. Astha Saxena,Indian Institute of Technology Kharagpur,"Science Education, Bioethics Education, Teacher Education, Pedagogy Studies",28,https://scholar.google.com/citations?hl=en&user=ldvfQyMAAAAJ
Chanchal Ghosh,"Research Scholar, IIT Kharagpur","Reliability, Maintainability, Safety, Data Mining, Life Cycle Cost",28,https://scholar.google.com/citations?hl=en&user=3ArRdv8AAAAJ
AMRITA MEDDA,IIT Kharagpur,"SIW filter, SIW Antenna, Microstrip Antenna, communication",28,https://scholar.google.com/citations?hl=en&user=CZpOulAAAAAJ
Dibya Prakash Das,Indian Institute of Technology Kharagpur,"Deep Learning, Computer Vision, Medical Imaging",28,https://scholar.google.com/citations?hl=en&user=78lULCAAAAAJ
Debjani Goswami,Research Scholar of IIT Kharagpur,Resource allocation in 5G,28,https://scholar.google.com/citations?hl=en&user=Fs500PMAAAAJ
Shubhajit Datta,"Research Scholar, IIT Kharagpur","Robust Deep Learning Models, Trustworthy AI, Computer Vision",28,https://scholar.google.com/citations?hl=en&user=mgOVQYQAAAAJ
Sivappriya Manivannan,"Research Scholar, Indian Institute of Technology, Kharagpur","Hardware Security, Cryptography, Game Theory, IoT Security, Physically Unclonable Functions",28,https://scholar.google.com/citations?hl=en&user=izgl9dMAAAAJ
Sumanta Manna,"Indian Institute of Technology ,kharagpur",,28,https://scholar.google.com/citations?hl=en&user=XKxtYtgAAAAJ
Dhrubajyoti Mahata,"Research Scholar, IIT Kharagpur",Immunology,28,https://scholar.google.com/citations?hl=en&user=4pULUdwAAAAJ
Naveen Kumar Rangasamy,IIT Kharagpur,Bio-Medical Engineering,28,https://scholar.google.com/citations?hl=en&user=h01IROkAAAAJ
Kumari Anjali,"Research Scholar, School of Water Resources, IIT Kharagpur",Hydrology Water Resources Climate Change,28,https://scholar.google.com/citations?hl=en&user=07yyD88AAAAJ
Namita Bajpai,"Research Scholar, IIT Kharagpur","Machine learning, Deep learning, DPP",28,https://scholar.google.com/citations?hl=en&user=toaE100AAAAJ
Vijaya Kumar J,"PhD Research Scholar, Indian Institute of Technology, Kharagpur","drug delivery, pharmaceutical polymeric science & …, biomaterials, film coatings",28,https://scholar.google.com/citations?hl=en&user=hwTht3AAAAAJ
Sayan Roy,"Research Scholar, Department of Bioscience and Biotechnology, IIT Kharagpur",RNA Biology,28,https://scholar.google.com/citations?hl=en&user=4yICnj0AAAAJ
Akanksha Chaturvedi,IIT Kharagpur,"Prognostic and Health management, reliability engineering, Deep learning, Machine learning",28,https://scholar.google.com/citations?hl=en&user=AISuQS8AAAAJ
Pankaj Singh,"Institute Post-Doctoral Fellow, IIT Kharagpur","Computational Fluid Dynamics (CFD), Hydraulic Structures, Open Channel Flow, Sediment Transport",28,https://scholar.google.com/citations?hl=en&user=yQ3YHzAAAAAJ
Vineet Pandey,"PhD Studend at Indian Institute of Technology, Kharagpur","Condensed Matter Physics, 2D Materials, Quantum Devices",28,https://scholar.google.com/citations?hl=en&user=hbq5LWoAAAAJ
Prashant Narayan Panday,Research scholar at IIT Kharagpur,Fluid Dynamics and Multiphase flow,28,https://scholar.google.com/citations?hl=en&user=WDIAsZsAAAAJ
Shatarupa Bhattacharya,IIT Kharagpur,"Immunology, Parasitology, Genetics",28,https://scholar.google.com/citations?hl=en&user=GEvm4FoAAAAJ
Tejas Pandey,"Indian Institute of Technology, Kharagpur",,28,https://scholar.google.com/citations?hl=en&user=U9n5ANYAAAAJ
Sharmila Das,Indian Institute of Technology Kharagpur,Photoredox Catalysis,28,https://scholar.google.com/citations?hl=en&user=PO6S0qUAAAAJ
Dr. Sunandini Swain,Indian Institute of Technology (IIT) Kharagpur,"Alzheimer's disease, Precision medicine, Molecular simulation, Computational drug discovery",28,https://scholar.google.com/citations?hl=en&user=Tv-XfBMAAAAJ
Saumyadeep Goswami,"PhD Scholar, IIT Kharagpur","Cell adhesion biology, Biophysics, Biochemistry, Structural biology, Cell Biology",28,https://scholar.google.com/citations?hl=en&user=NjPTMAsAAAAJ
Debojyoti Ghosh,"Research Scholar, Department of Mathematics, IIT Kharagpur","SCM, ML, DL, CV for Waste Management and Industrial …",28,https://scholar.google.com/citations?hl=en&user=Nv7ksq4AAAAJ
Kazi Parvez Islam,"Senior Research Scholar, IIT Kharagpur","Condensed Matter Physics, Magnetism, Exchange Bias",28,https://scholar.google.com/citations?hl=en&user=JHrSSnUAAAAJ
PRAJAKTA SATHE,IIT kharagpur,Radar system and Signal processinng,27,https://scholar.google.com/citations?hl=en&user=5ts4XKwAAAAJ
Rohan Rajak,IIT Kharagpur,"Cloud Computing, Deep Learning",27,https://scholar.google.com/citations?hl=en&user=lrh8eeIAAAAJ
Soumi Chatterjee,IIT Kharagpur,Hardware Security,27,https://scholar.google.com/citations?hl=en&user=XIFIuyAAAAAJ
Kaustubh Saysardar,Indian Institute of Technology Kharagpur,Transportation Engineering,27,https://scholar.google.com/citations?hl=en&user=mRBIyIcAAAAJ
Sorna Prava Barik,"Research scholar, Indian Institute of Technology Kharagpur, India","String theory, Gravity",27,https://scholar.google.com/citations?hl=en&user=BOBzl28AAAAJ
SHARIQ ZAFAR,"Research scholar, IIT KHARAGPUR","Gas Dynamics, Heat Transfer, Nanofluids",27,https://scholar.google.com/citations?hl=en&user=ex9NXfIAAAAJ
Imon Kalyan,"School of Nano Science and Technology, IIT Kharagpur","Nanoscience, Material Science, Physical Chemistry, Nanocatalyst",27,https://scholar.google.com/citations?hl=en&user=xDtCgowAAAAJ
Aman Kumar,IIT Kharagpur,Urban flood modelling,27,https://scholar.google.com/citations?hl=en&user=e1coecMAAAAJ
SUBHAMOY JANA,"Ph.D., IIT Kharagpur","Remote Sensing-GIS, Geomorphology, Geology, Neotectonics",27,https://scholar.google.com/citations?hl=en&user=ahUlndQAAAAJ
Sugandh Pargal,"PMRF Phd Research Scholar, IIT Kharagpur","Ubiquitous Computing, Safe Driving",27,https://scholar.google.com/citations?hl=en&user=IXIbJMUAAAAJ
Subhadip Sarkar,"Senior Research Fellow, CORAL, IIT KHARAGPUR","ATMOSPHERIC SCIENCE, EARTH SCIENCE, PRECIPITABLE WATER VAPOR, CAUSAL DISCOVERY, AI/ML",27,https://scholar.google.com/citations?hl=en&user=BfEcM-gAAAAJ
Sandip Chand,Indian Institute of Technology Kharagpur,"Natural resource management, Forest policy, Land tenure",27,https://scholar.google.com/citations?hl=en&user=xzdg6UIAAAAJ
Priya Bharati,Indian Institute of Technology Kharagpur,"Western Himalaya, Mid-latitude dynamics, Arctic sea-ice teleconnection, Rossby wave dynamics",27,https://scholar.google.com/citations?hl=en&user=6MAf4-YAAAAJ
Bharathi Chaudhury,IIT Kharagpur,"Machine Learning, Computer Vision, Deep Learning",27,https://scholar.google.com/citations?hl=en&user=onknNdYAAAAJ
MOULI DAS DAWN,"Postdoctoral Fellow, Indian Institute of Technology, Kharagpur","Metal Organic Frameworks, Crystal Engineering, Mixed-Matrix Membrane, Energy Storage & Conversion",27,https://scholar.google.com/citations?hl=en&user=cxaqDboAAAAJ
Panchanan Pandey,"Indian Institute of Technology Kharagpur, Kharagpur, India - 721302","Inorganic Materials, Upconversion, Rietveld refinement, Synchrotron XRD, Pair distribution function",27,https://scholar.google.com/citations?hl=en&user=YHF2nxMAAAAJ
Sreshtha Ganguly,"PhD Scholar, Indian Institute of Technology, Kharagpur, India","zinc-ion batteries, solid state batteries, polymer electrolytes, aqueous batteries, Na-ion batteries",27,https://scholar.google.com/citations?hl=en&user=2yu77ZUAAAAJ
Arnab Dutta,"Research Scholar, IIT Kharagpur, India","Solid-state chemistry, Crystallography, Machine learning, Thermoelectrics",27,https://scholar.google.com/citations?hl=en&user=sIsAh8sAAAAJ
Arghyadeep Sau,"Research scholar, IIT Kharagpur","Li-ion battery, Electrochemistry, Material characterization, Battery states",27,https://scholar.google.com/citations?hl=en&user=MqQ4lKwAAAAJ
Pronomita Das,"Research Scholar, IIT Kharagpur","Biogeochemistry, Carbon Flux",27,https://scholar.google.com/citations?hl=en&user=aMwZcQsAAAAJ
Dr. Snigdha Madhab Ghosh,"E&ECE Department, IIT Kharagpur","AI, ML, biomedical signal processing and datamining",26,https://scholar.google.com/citations?hl=en&user=W_7EQgEAAAAJ
Amar Sankar Pal,"Research Scholar, Indian Institute of Technology Kharagpur","Pile Foundation, Wave Propagation, Foundation Vibration, Dynamic analysis of Underground Structures",26,https://scholar.google.com/citations?hl=en&user=DYMyf6sAAAAJ
Dr. Shakti Deb,"Ph.D IIT Kharagpur ,  Assistant Professor, Indian Institute of Technology, Kharagpur  India",Corporate Laws and Governance,26,https://scholar.google.com/citations?hl=en&user=GcKqissAAAAJ
Dhilip Kumar Govindaraj,"M.Tech- Biotechnology and Biochemical Engineering, IIT Kharagpur","Bioprocess engineering, Bioproduct development",26,https://scholar.google.com/citations?hl=en&user=eMdtm_IAAAAJ
Aniruddha Nandy,"Indian Institute of Technology, Kharagpur",,26,https://scholar.google.com/citations?hl=en&user=MXxQxjgAAAAJ
Gangadhar VR Pinapatruni,"Ph.D. Research scholar, Department of Aerospace Engineering, IIT Kharagpur.","Low speed aerodynamics, Computational Fluid Dynamics, Tubercle airfoils, Nozzle flows, Nature",26,https://scholar.google.com/citations?hl=en&user=XUBMMSYAAAAJ
Dr. PRAVANJAN SAMANTA,IIT Kharagpur,"memristor based logic design, vlsi design, neuromorphic computing",26,https://scholar.google.com/citations?hl=en&user=EABV3PgAAAAJ
Rudrajyoti Roy,"Graduated (B.Tech) Student, IIT Kharagpur","Computer Architecture, Embedded Systems, Hardware Security",26,https://scholar.google.com/citations?hl=en&user=7IXThLEAAAAJ
Neha Sharma,"Researh Scholar. SMST, IIT-Kharagpur.",,26,https://scholar.google.com/citations?hl=en&user=17oWgJ0AAAAJ
Saptashwa Maity,Data Developer at Zoom | Amgen 2022 Summer Scholar at KyotoU | IIT Kharagpur'24,"Data Analytics, Bioinformatics, Computational Biology, Machine Learning, Genomics",26,https://scholar.google.com/citations?hl=en&user=CzC7O5MAAAAJ
Aratrika De,"Department of Bioscience and Biotechnology, IIT Kharagpur","molecular virology, infectious diseases, influenza biology, RNA biology, RNA viruses",26,https://scholar.google.com/citations?hl=en&user=zv5CGgsAAAAJ
Debmalya Roy,"PMRF Research Scholar, IIT Kharagpur","Microfluidics, Nanofluidics",26,https://scholar.google.com/citations?hl=en&user=XzzVQu8AAAAJ
Toshan Lal Sahu,PhD IIT Kharagpur,"Two phase flows, swirling liquid jets, entrainment in swirling flows, Bubble dynamics, HPC",26,https://scholar.google.com/citations?hl=en&user=y0eOABMAAAAJ
Arpita Brahma,Research Scholar at IIT KHARAGPUR,"Organic chemistry, Asymmetric synthesis, Total synthesis, . Methodology development",26,https://scholar.google.com/citations?hl=en&user=7rgnoVcAAAAJ
Mousumi Dutta,"Indian Institute of Technology, Kharagpur",Spin-crossover materials,26,https://scholar.google.com/citations?hl=en&user=X6HCMM4AAAAJ
Shruti Shevya,IIT Kharagpur,"Machine Learning, Artificial Intelligence",26,https://scholar.google.com/citations?hl=en&user=Hi5rQTkAAAAJ
Ansuman J Mahakul,"Research Scholar, IITKGP","Microencapsulation, Phase Change Materials, Thermal energy storage, lithium-ion batteries",26,https://scholar.google.com/citations?hl=en&user=QOnZCXUAAAAJ
SUMIT KUMAR GUPTA,"Research Scholar, Indian Institute of Technology Kharagpur",Atomization and Combustion,26,https://scholar.google.com/citations?hl=en&user=_ryuwh8AAAAJ
Antara Chatterjee,"Research Scholar, Agricultural and Food Engineering, Indian Institute of Technology …","Seaweeds, Biocementation",26,https://scholar.google.com/citations?hl=en&user=dZd96LEAAAAJ
Shobhon Paul,"CSIR Senior Research Fellow, Indian Institute of Technology Kharagpur",Botany,26,https://scholar.google.com/citations?hl=en&user=NLzGTi4AAAAJ
Dr. Manoja Behera,IIT Kharagpur,Corporate Finance Behavioral finance,26,https://scholar.google.com/citations?hl=en&user=0tQztxwAAAAJ
RUPESH,IIT Kharagpur,Electrical and Electromagnetic Geophysics,26,https://scholar.google.com/citations?hl=en&user=uljEwkIAAAAJ
Suryansh Sharma,"Student, Indian Institute of Technology Kharagpur",Machine Learning,26,https://scholar.google.com/citations?hl=en&user=IAMqaO0AAAAJ
Sujoy Sarkar,Indian Institute of Technology Kharagpur,Natural Language Processing,26,https://scholar.google.com/citations?hl=en&user=SSIMTwgAAAAJ
Shalini Joshi,"Research Scholar, IIT Kharagpur","Computational Chemistry, Molecular magnetism, Electronic Structure Calculations",26,https://scholar.google.com/citations?hl=en&user=foSAIeUAAAAJ
Sumana Halder,Research scholar at Indian Institute of Technology Kharagpur,"Medical Imaging, Medical Physics, Ultrasound, Photoacoustic",26,https://scholar.google.com/citations?hl=en&user=smcKqS4AAAAJ
shibajee behera,"Research Scholar, IIT Kharagpur","Computational Heat Transfer, Numerical Modelling, Natural Convection",25,https://scholar.google.com/citations?hl=en&user=gxkPlgcAAAAJ
Soujanya Thallapalli,"Senior Project Engineer, GSSanyal School of Telecom, Indian Institute of Technology …","6G Wireless, THz, Ultra-Massive/Extreme/Gigantic MIMO, Near-Field, AI4PHY",25,https://scholar.google.com/citations?hl=en&user=1-sUQwoAAAAJ
UDAY SINHA,"Ph.D., IIT Kharagpur","Structural Dynamics, Modal Analysis, Damage Detection, Model Updating, Inverse Analyses",25,https://scholar.google.com/citations?hl=en&user=KIGlPYMAAAAJ
Anirban Majumder,"Indian Institute of Technology, Kharagpur","VLSI, Hardware Security, Embedded Systems",25,https://scholar.google.com/citations?hl=en&user=c9VPjzcAAAAJ
Rohit Roy,"Research Scholar, Indian Institute of Technology Kharagpur","Refrigeration and Air Conditioning, Co2 Transcritical Systems",25,https://scholar.google.com/citations?hl=en&user=zlhKO3EAAAAJ
Sandipan Majhi,"Mtech AI, Indian Institute of Technology, Kharagpur",,25,https://scholar.google.com/citations?hl=en&user=COWJso8AAAAJ
Eashita Chowdhury,Indian Institute of Technology Kharagpur,"Neurorehabiliation, Virtual Reality, Biomedical Signal Processing",25,https://scholar.google.com/citations?hl=en&user=XtqcTDoAAAAJ
Pradeep Nahak,"Department of Mechanical Engineering, Indian Institute of Technology Kharagpur","Machine Learning, Robotics, Computer Vision, Deep Learning, Machine Design and Analysis",25,https://scholar.google.com/citations?hl=en&user=X0pJvVcAAAAJ
Amarjeet,"DST-INSPIRE Fellow (SRF), CORAL, IIT Kharagpur","Atmospheric Physics, Meteorology, Monsoon Dynamics, Climate Change",25,https://scholar.google.com/citations?hl=en&user=NUAH_9wAAAAJ
Anupam Gupta,"Indian Institute of Technology, Kharagpur","Machine Learning, Privacy Preserving Federated Learning, Information Retreival",25,https://scholar.google.com/citations?hl=en&user=_o4syX0AAAAJ
PABITRA MONDAL,IIT Kharagpur,"Surfactants, Biomaterials, Therapeutic Delivery Systems, Synthetic Antibiotics",25,https://scholar.google.com/citations?hl=en&user=Q5Jlp04AAAAJ
Sandeep Kumar Yadav,Indian Institute of Technology  Kharagpur,"Drug Delivery, Nano-medicine, Atherosclerosis, Microfludics",25,https://scholar.google.com/citations?hl=en&user=NmcZ99EAAAAJ
Vasudha Joshi,"Research Scholar, IIT Kharagpur","Computer Vision, Natural Language Processing, Multimodal Models, Knowledge Representation",25,https://scholar.google.com/citations?hl=en&user=1nT1dGYAAAAJ
Dr. Paramita Das,"Indian Institute of Technology, Kharagpur","Structural geology, Tectonics",25,https://scholar.google.com/citations?hl=en&user=whII8bgAAAAJ
Sarbojit Das,SRF of IIT Kharagpur,"Organic synthesis, CH activation",25,https://scholar.google.com/citations?hl=en&user=HeoF5pIAAAAJ
Subhasis Datta,"Indian Institute of Technology, Kharagpur","Systems Biology, Cancer biology, Single cell genomics",25,https://scholar.google.com/citations?hl=en&user=YRejYe8AAAAJ
Ravi Kiran,"Senior Research Fellow, IIT kharagpur","Theoretical and Computational Condensed …, Computational Modelling",25,https://scholar.google.com/citations?hl=en&user=iio4Mp0AAAAJ
Zaid Ahmed Khan,"Student, Indian Institute of Technology Kharagpur","Deep Learning, Artificial Intelligence, Computer Vision, Natural Language Processing",25,https://scholar.google.com/citations?hl=en&user=hxHQrhQAAAAJ
Dr Tapabrata Maity,PhD Indian Institute of Technology Kharagpur,"… and structure property relationship in eutectic …, Indentation size effect",24,https://scholar.google.com/citations?hl=en&user=-7BAQMUAAAAJ
Manish Chandra,Indian Institute of Technology Kharagpur,Automotive Engineering,24,https://scholar.google.com/citations?hl=en&user=jUqw7pAAAAAJ
Sinchani Chakraborty,"MS CSE, IIT Kharagpur","Machine Learning, Natural Language Processing, Information Extraction",24,https://scholar.google.com/citations?hl=en&user=cTELRSEAAAAJ
Arnesh Kumar Issar,"Indian Institute of Technology, Kharagpur","Robotics, Reinforcement Learning, Machine Learning",24,https://scholar.google.com/citations?hl=en&user=TL8jubcAAAAJ
Astha Agrawal,"Research Scholar, IIT Kharagpur",Hardware security,24,https://scholar.google.com/citations?hl=en&user=aZcn5owAAAAJ
Piyush Kumar Dongre,Indian Institute of Technology Kharagpur,"Computer Vision, Image Processing",24,https://scholar.google.com/citations?hl=en&user=e5OypOkAAAAJ
Tammineni Harinarayana,"PhD scholar, IIT KGP","Guidance, Lyapunov vector fields, UAV, Formation control",24,https://scholar.google.com/citations?hl=en&user=ZBj6k0QAAAAJ
Ananth Radhakrishnan,Indian Institute of Technology Kharagpur,"Machine Learning, Artificial Intelligence, Biomedical Signal Processing",24,https://scholar.google.com/citations?hl=en&user=X5uG3z0AAAAJ
Chinmaya Kumar Patra,IIT Kharagpur,"Embedded Chip Cooling, Microelectronics Packaging, Thermal Management, CFD, Two-Phase Flow",24,https://scholar.google.com/citations?hl=en&user=NIaEbQ8AAAAJ
Nachiketa Yadav,"PhD (PMRF), IIT Kharagpur","Steelmaking, Process Metallurgy, Materials Characterizations",24,https://scholar.google.com/citations?hl=en&user=R8FJo4MAAAAJ
Pradeepta K Mohanty,IIT Kharagpur,"Astronomy, Astrophysics, Supply Chain Management",24,https://scholar.google.com/citations?hl=en&user=NY5gzlsAAAAJ
SIMRAN KUMARI,"Research Scholar, IIT Kharagpur","Optimization, Control, Estimation",24,https://scholar.google.com/citations?hl=en&user=4DpuD9AAAAAJ
Atanuka Paul,"Senior Research Fellow, IIT Kharagpur",Computational Chemistry,24,https://scholar.google.com/citations?hl=en&user=qJ8LaMAAAAAJ
Debajyoti Adak,"Research Scholar, IIT Kharagpur",Additive Manufacturing Technology,24,https://scholar.google.com/citations?hl=en&user=rsU8X_UAAAAJ
Amrit Venkatesan,"Research Scholar, Indian Institute of Technology,  Kharagpur","Computational biology, Machine Learning, Bioinformatics, Deep learning",24,https://scholar.google.com/citations?hl=en&user=nukb-gIAAAAJ
Prasun Kundu,"PhD Research Scholar, Mechanical Engineering, IIT Kharagpur, Kharagpur, India","Metal forming, Metal matrix composites, Mechanical behavior of materials, materials characterization",24,https://scholar.google.com/citations?hl=en&user=DcuqXPIAAAAJ
Sabyasachi Chandra,"Senior Research Scholar, Indian Institute of Technology Kharagpur","Speech Processing, Voice Conversion, Accent Conversion, Deep Learning",24,https://scholar.google.com/citations?hl=en&user=FM4tu5kAAAAJ
Pintu Maity,Research Scholar at IIT Kharagpur,"Polymer hydrogel, solid electrolyte, Triboelectric nano generator, Supercapacitor",24,https://scholar.google.com/citations?hl=en&user=0dIKXz4AAAAJ
Bharat Jayaswal,IIT Kharagpur,"Geoscience, Remote Sensing, Maritime Surveillance",24,https://scholar.google.com/citations?hl=en&user=EizpHHQAAAAJ
Santu Bag,"MS Student, IIT Kharagpur",Power Converters,23,https://scholar.google.com/citations?hl=en&user=QmrRdnQAAAAJ
Chinmay Patil,M.Tech at IIT Kharagpur,"On-Chip networks, Wireless sensor networks",23,https://scholar.google.com/citations?hl=en&user=tQjp__IAAAAJ
Rimpa Nandi,Ph.D. IIT Kharagpur,Commutative Algebra,23,https://scholar.google.com/citations?hl=en&user=KK96_HIAAAAJ
Dwaipayan Dhar,"Research Scholar , Chemical Engineering, IIT Kharagpur","photocatalysis, nanomaterial, electrocatalysis, green energy synthesis",23,https://scholar.google.com/citations?hl=en&user=-cbTAdwAAAAJ
Soubhik Mondal,PhD at IIT Kharagpur,"Geo-Energy, Critical Minerals Geochemistry, Remote Sensing-GIS & DIP, Hydrological models",23,https://scholar.google.com/citations?hl=en&user=0vvYNGgAAAAJ
Atanu Mondal,Research Scholar at Indian Institute of Technology Kharagpur,"Power Electronics, DC-DC Converter, Multi-port DC-DC converters",23,https://scholar.google.com/citations?hl=en&user=5jzH0_0AAAAJ
Harish Singh,Ph.D. (IIT KGP),"Fluorescence dopped-nanomaterials, Nano-drug delivery, Bio-sensing, Amyloid fibrils",23,https://scholar.google.com/citations?hl=en&user=W4HGXBwAAAAJ
Anand Kumar Rai,"PhD Student, IIT Kharagpur","Automatic Speech Recognition, Fairness in AI Systems",23,https://scholar.google.com/citations?hl=en&user=uPpkj2QAAAAJ
Gyana Ranjan Saw,"Research scholar, iit kharagpur","Nonlinear Dynamics, Cosserat Theory, Higher order continuum theory",23,https://scholar.google.com/citations?hl=en&user=0ilcEbIAAAAJ
Debajyoti Kumar,"Indian Institute of Technology, Kharagpur","Applied Mathematics, High performance computing, Deep Learning",23,https://scholar.google.com/citations?hl=en&user=Bji8wigAAAAJ
Avijit Sahoo,"Research Scholar, IIT Kharagpur",Nucleic Acid Chemistry,23,https://scholar.google.com/citations?hl=en&user=l838r2EAAAAJ
Neellohit Sarkar,"NIT Warangal, IIT Kharagpur","Biochemical Engineering, Bioprocess Engineering, Microalgae, Computational Biology, Modelling",23,https://scholar.google.com/citations?hl=en&user=EzpCFq4AAAAJ
Abhilash Datta,Indian Institute of Technology Kharagpur,Natural Language Processing,23,https://scholar.google.com/citations?hl=en&user=lyuPv_gAAAAJ
Vineet Sharma,"IIT Kharagpur, BN MU Madhepura",Physical Oceanography,23,https://scholar.google.com/citations?hl=en&user=CEZWzhcAAAAJ
Subhendu Ghosh,Indian Institute of Technology Kharagpur,"Optical Networks, Optical Communications, Machine Learning",23,https://scholar.google.com/citations?hl=en&user=igSrFw0AAAAJ
Anjana Balabhaskara,"MS, Indian Institute of Technology, Kharagpur",CPS Security,23,https://scholar.google.com/citations?hl=en&user=ywcHtwwAAAAJ
Anshuman Sahoo,"Indian Institute of Technology, Kharagpur","Decisional Autonomy, Law and Economics, Competition Policy",22,https://scholar.google.com/citations?hl=en&user=VgyzBTYAAAAJ
Sreejith Markkassery,Indian Institute of Technology Kharagpur,"Computer Vision, Machine Learning, Autonomous Driving",22,https://scholar.google.com/citations?hl=en&user=iB3b9pwAAAAJ
Md Noorul Hoda,"PhD scholar, IIT Kharagpur","Material processing, Friction stir welding, Friction stir processing, Metal matrix composite",22,https://scholar.google.com/citations?hl=en&user=XUXgS7QAAAAJ
Pooja Sarkar,"PhD Student (Thesis Submitted), IIT Kharagpur","Friction Stir Welding, Industry 4.0, Welding, Friction Stir Channeling, Cold Plate",22,https://scholar.google.com/citations?hl=en&user=MkrdtA8AAAAJ
Durga Prasad Purbey,IIT KHARAGPUR,"Mutual coupling, Self-interference cancellation, Radiation pattern, Self-decoupled antenna",22,https://scholar.google.com/citations?hl=en&user=L5lhEJAAAAAJ
Kanishak Sharma,"Research Scholar, IIT Kharagpur","Climate Change, Hydrogeology, Paleontology",22,https://scholar.google.com/citations?hl=en&user=HfZptK8AAAAJ
Ritu Nigam,"Senior Research Fellow, Department of Mathematics, IIT Kharagpur",Numerical Solutions of Integral Equations,22,https://scholar.google.com/citations?hl=en&user=29j858AAAAAJ
Salma Mandi,"Indian Institute of Technology, Kharagpur","Affective Computing, Human Computer Interaction",22,https://scholar.google.com/citations?hl=en&user=ysAZ1XUAAAAJ
Sanniv Shome,Indian institute of technology Kharagpur,,22,https://scholar.google.com/citations?hl=en&user=h4PVMfgAAAAJ
Kuldeep Singh (Ph.D.),Institute Postdoc Fellow_ Indian Institute of Technology Kharagpur,"Deformation behavior, Thermo-mechanical processing",22,https://scholar.google.com/citations?hl=en&user=xdwGnYsAAAAJ
Ekta Tayal,"Research Scholar, Indian Institute of Technology Kharagpur","Membrane separation, Multiphase Flow, Core Annular Flow, Computational Fluid Dynamics",22,https://scholar.google.com/citations?hl=en&user=quZNEGsAAAAJ
Gunjan Chowhan,"Research Scholar, Indian Institute of Technology","Sociology, urban political ecology, urban sociology/anthropology, environmental sociology",22,https://scholar.google.com/citations?hl=en&user=nf-aTs4AAAAJ
Durga Charan,Research Scholar in Aerospace Engineering  Department at Indian Institute of Technology …,"Machine Design, Solid Mechanics, Fluid Mechanics, Bio inspired, Aeration",22,https://scholar.google.com/citations?hl=en&user=xP0AaKIAAAAJ
Divya Rai,"Ph.D., Department of Chemistry, IIT Kharagpur","Computational chemistry, Physical chemistry, Molecular dynamics simulation",22,https://scholar.google.com/citations?hl=en&user=8nor0lQAAAAJ
Barnali Chakraborty,"Research Scholar, Indian Institute of Technology, Kharagpur","Urban Planning, Urban Blight, Spatial Environment, Urban Renewal, Spatial Cognition",22,https://scholar.google.com/citations?hl=en&user=ntPHBp0AAAAJ
Pavan Kumar Gupta,"Sr. Library Information Assistant, Indian Institute of Technology Kharagpur","Digital Library, E-resources",22,https://scholar.google.com/citations?hl=en&user=ZTQefvEAAAAJ
Abhishek Sharma,"mCFD Laboratory, Department of Chemical Engineering, IIT Kharagpur, India","CFD, Turbulence theory and modelling, Flow simulations, Multiphase flows, High Performance Computing",22,https://scholar.google.com/citations?hl=en&user=sqEayFgAAAAJ
Rudra Narayan Mohanty,Indian Institute of Technology Kharagpur,"Paleoceanography and Paleoclimatology, Planktic forams, Benthic forams, Benguela Upwelling",22,https://scholar.google.com/citations?hl=en&user=sUVWPzAAAAAJ
Sombit Bose,"PhD student Computer Science and Engineering, IIT Kharagpur","Natural Language Processing, Deep Learning, Machine Learning",22,https://scholar.google.com/citations?hl=en&user=XbV4NbcAAAAJ
Rahul Kumar,Research Scholar at Indian Institute of Technology Kharagpur,"Heterogeneous Catalysis, CO2 Utilization, Reaction Kinetics",22,https://scholar.google.com/citations?hl=en&user=PUW1IW0AAAAJ
Don Chatterjee,"Senior research fellow, IIT, Kharagpur,India",Ore geology,22,https://scholar.google.com/citations?hl=en&user=gvkcCakAAAAJ
Nayanita Sikder,"Research Scholar, Indian Institute of Technology  Kharagpur","Distribution system, Microgrid, Energy management",22,https://scholar.google.com/citations?hl=en&user=85L8wlUAAAAJ
Dibakar Saha,Research scholar of IIT Kharagpur,"Food science, Food engineering, Food sensor, Food packaging, Food processing",22,https://scholar.google.com/citations?hl=en&user=FsKyt_gAAAAJ
Sarbartha Sarkar,"Research Scholar, Indian Institute of Technology Kharagpur","Rock Mechanics, Fracture Mechanics, Rock Dilation",22,https://scholar.google.com/citations?hl=en&user=LasotIMAAAAJ
Tagore Sai Priya Nunna,Indian Institute of Technology Kharagpur,"overtourism, destination development, spatial planning, Land management",21,https://scholar.google.com/citations?hl=en&user=RP--2ycAAAAJ
Prerna Mandal,"Research Scholar, IIT Kharagpur","Urban & regional planning, Planning theories, Innovation zones, Economic welfare, Spatial Analysis",21,https://scholar.google.com/citations?hl=en&user=QtGblBUAAAAJ
Srideep Maity,IIT Kharagpur,Image Processing,21,https://scholar.google.com/citations?hl=en&user=Roh7b7oAAAAJ
Subhadip Maiti,"Research Scholar, IIT Kharagpur",… and Gas Tracer Development Enhanced Oil …,21,https://scholar.google.com/citations?hl=en&user=MeZ96fYAAAAJ
Tiash Ghosh,Indian Institute of Technology Kharagpur,"Signal processing, Image processing, Machine Learning",21,https://scholar.google.com/citations?hl=en&user=Ud-jhIMAAAAJ
Ramit Chugh,"Post Doctoral Fellow, Indian Institute of Technology Kharagpur, India","Stress Analysis, Photoelasticity, Optimization Techniques",21,https://scholar.google.com/citations?hl=en&user=GjJ9xCoAAAAJ
Priyadarsini Sinha,"Department of Humanities and Social Sciences, IIT Kharagpur","Environmental governance, Forest governance, Resource politics, Critical geography",21,https://scholar.google.com/citations?hl=en&user=ayYp3bAAAAAJ
Kumarjit Ray,"PHD Scholar, IIT Kharagpur","SDN / NFV, IOT, Distributed Computing, COMPUTER NETWORKS",21,https://scholar.google.com/citations?hl=en&user=2Ey93BsAAAAJ
Mita Dutta,"Research Scholar, IITKGP",Soft material,21,https://scholar.google.com/citations?hl=en&user=82hf5sgAAAAJ
vipul vishal,TCS Research Scholar | IIT kharagpur,"Medical Physics, Medical Imaging, SPIM, Virtual Staining",21,https://scholar.google.com/citations?hl=en&user=A_o8lLEAAAAJ
Kamini Bharti,"research scholar in physics, IIT Kharagpur",semiconductor physics,21,https://scholar.google.com/citations?hl=en&user=4wzASZsAAAAJ
Sarishti Singh,"Department of Mathematics, Indian Institute of Technology Kharagpur, West Bengal,  India","Interval Analysis, Numerical linear Algebra, Portfolio Optimization",21,https://scholar.google.com/citations?hl=en&user=xSTyjAgAAAAJ
Pooja C Asani,"Ph.D Scholar, Indian Institute of Technology, Kharagpur","Biophysics, Sensors, BioMEMS",21,https://scholar.google.com/citations?hl=en&user=broTkR0AAAAJ
Yenugula Rashmitha,"Master's student, Indian Institute of Technology, Kharagpur","Remote Sensing, GIS, Sustainable Urban Planning",21,https://scholar.google.com/citations?hl=en&user=Fh-Aii4AAAAJ
Minakshi Ghosh,"Research Scholar, IIT Kharagpur",Organic Synthesis,21,https://scholar.google.com/citations?hl=en&user=wEnTBrsAAAAJ
Swati Bedi,Indian Institute of Technology Kharagpur,"Crystal Engineering, MOFs, CPs, Gels",21,https://scholar.google.com/citations?hl=en&user=RofdL5UAAAAJ
Devi Prasad Mishra,"Chemical Engineering, Indian Institute of Technology, Kharagpur","Membrane Separation, Adsorption, Water Treatment",21,https://scholar.google.com/citations?hl=en&user=ROlCiI4AAAAJ
Tapadyoti Banerjee (তপদ্যতি ব্যানার্জ্জী),"Department of Computer Science and Engineering, Indian Institute of Technology …","Cryptography, Smart Grid Security, Cellular Automata, Machine Learning",21,https://scholar.google.com/citations?hl=en&user=Jrmq-OYAAAAJ
Narendra singh choudhary,Indian Institute of Technology Kharagpur,"Polymerization, Multiphase reactions, Metallocene",21,https://scholar.google.com/citations?hl=en&user=rNfbLZ8AAAAJ
Sabyasachi Chakraborty,"PMRF Research Scholar, Department of Physics, Indian Institute of Technology Kharagpur","Quantum Computing, Quantum Information, Quantum Mechanics, Astrophysics",21,https://scholar.google.com/citations?hl=en&user=UY1twl4AAAAJ
Nairit Das,Research Scholar Indian Institute of Technology Kharagpur,"6G, AI, ML, Deep Learning, Telecommunication Networks",21,https://scholar.google.com/citations?hl=en&user=w-lCxqEAAAAJ
Rahul Goswami,"Senior Research Scholar, Vinod Gupta School of Management, IIT Kharagpur","religion, spirituality, pro-social behaviour, sustainable consumption, service failure and recovery",21,https://scholar.google.com/citations?hl=en&user=wmotjKoAAAAJ
Bortika Sanyal,"Research Scholar, Department of Chemistry, Indian Institute of Technology Kharagpur","Methodology, Transition Metal Catalysis, CH functionalization, Carbene Chemistry",21,https://scholar.google.com/citations?hl=en&user=XO9LwhsAAAAJ
PINAK RAY,"Indian Institute of Technology, Kharagpur","Soil Dynamics, Geotechnical Earthquake Engineering, Soil Mechanics and Foundation Engineering",20,https://scholar.google.com/citations?hl=en&user=XS512SgAAAAJ
Aashish Kumar,Indian Institute of Technology Kharagpur,"Thermal Management, Thermoelectric Cooling, Computational Fluid Dynamics",20,https://scholar.google.com/citations?hl=en&user=NAulkNkAAAAJ
Sohom chakraborty,IIT Kharagpur,"Machine Learning, Signal Processing",20,https://scholar.google.com/citations?hl=en&user=sy4Fq8MAAAAJ
Ruma Samajdar,"Research Scholar, Indian Institute of Technology Kharagpur","Physical Oceanography, Ocean Dynamics",20,https://scholar.google.com/citations?hl=en&user=nEKMqWMAAAAJ
Bulton Roy,Doctoral Student at Indian Institute of Technology Kharagpur,"Urbanism, Urban Periphery, Small Town Urbanization, Urban Identity",20,https://scholar.google.com/citations?hl=en&user=v2B6oL8AAAAJ
Dillip Kumar Panigrahi,"Research Scholar, Department of Mechanical Engineering, IIT Kharagpur",Tribology Machine Design,20,https://scholar.google.com/citations?hl=en&user=naoOi8UAAAAJ
Devanshu Shekhar,"Research Scholar at Department of Physics, IIT Kharagpur","Quantum Information, Random Matrix Theory",20,https://scholar.google.com/citations?hl=en&user=2tJLJiMAAAAJ
Om Puri Gosain,Indian Institute of Technology Kharagpur,"Ni base superalloys, Materials Characterization",20,https://scholar.google.com/citations?hl=en&user=4fqeFlgAAAAJ
KISHAN KUMAR DAKUA,"Research Scholar, IIT Kharagpur",Non-Adiabatic Quantum Dynamics,20,https://scholar.google.com/citations?hl=en&user=SQDWsVQAAAAJ
M.Gangadhar Pavan Kumar,Indian institute of technology Kharagpur,"chemical kinetics and combustion, Ammonia cracking, Numerical Heat Transfer, Heterogeneous Reactions",20,https://scholar.google.com/citations?hl=en&user=8Qc32oIAAAAJ
Bhattagiri Lekhan Reddy,IIT Kharagpur,"Wireless Communication and Networks, Analog and Mixed Signal IC Design",20,https://scholar.google.com/citations?hl=en&user=MhqjldoAAAAJ
Shyam Sundar Bhardwaj,"PhD. (Research Scholar), IIT Kharagpur","Hydrological modeling, Climate change assessment, Optimization of Water resources",20,https://scholar.google.com/citations?hl=en&user=tZ61dykAAAAJ
Sourav Adhikary,"Research Scholar in Department of Mechanical Engineering, IIT Kharagpur","Thermally Sprayed Coating, Surface Grinding, MCDM, Optimization",20,https://scholar.google.com/citations?hl=en&user=cf9wIEQAAAAJ
Dattatreya Pati,PhD Research scholar at Indian Institute of Technology Kharagpur,"Physical metallurgy, Extractive Metallurgy, Material Characterization",20,https://scholar.google.com/citations?hl=en&user=tmW4q9oAAAAJ
Balasnehitha Shridar,"Department of Agricultural and Food Engineering, Indian Institute of Technology Kharagpur","Extraction & Encapsulation of bioactives, Food processing, Food science",20,https://scholar.google.com/citations?hl=en&user=oolfDjkAAAAJ
Dr. Mohd.Shahnawaz Alam,IIT Kharagpur,"Cross-linked gel system, CO2 leakage mitigation techniques, Grafted polymer, HTHP Rheology",20,https://scholar.google.com/citations?hl=en&user=FOwFP5UAAAAJ
Sandipan Bhattacharya,"Indian Institute of Technology, Kharagpur","Electromagnetics, Smart Antenna, Reconfigurable Intelligent Surfaces (RIS)",20,https://scholar.google.com/citations?hl=en&user=FMNXvucAAAAJ
Pratyush Chatterjee,IIT Kharagpur,,20,https://scholar.google.com/citations?hl=en&user=YuQcN0oAAAAJ
Rajosik Adak,Indian Institute of Technology Kharagpur,"Fluid Mechanics, Turbomachinery, CFD",20,https://scholar.google.com/citations?hl=en&user=YVa995sAAAAJ
VINAY KUMAR,"MS Scholar, IIT Kharagpur","Data Science, Text Mining, Machine Learning",19,https://scholar.google.com/citations?hl=en&user=Hx4q8owAAAAJ
Raghav Mundhra,"Indian Institute of Technology, Kharagpur","Fluid Mechanics, Thermodynamics, Combustion, Propulsion",19,https://scholar.google.com/citations?hl=en&user=9jKrOoQAAAAJ
Akashlina Basu,"Research Scholar, Indian Institute of Technology, Kharagpur","Forensic science, Biosensors, Lab-on-a-chip",19,https://scholar.google.com/citations?hl=en&user=WQ9o62UAAAAJ
Subhadeep Bardhan,"MS, Dept. of Industrial and Systems Engineering, IIT Kharagpur",Embedded systems and IoT,19,https://scholar.google.com/citations?hl=en&user=d6S5f8YAAAAJ
Arjun Garva,"PhD Student, Indian Institute of Technology Kharagpur","Fluid Mechanics, Computational Fluid Dynamics, Cavitation",19,https://scholar.google.com/citations?hl=en&user=OzpQDdEAAAAJ
Tinku Ganai,IIT Kharagpur,"Matrix Analysis, Computational linear algebra",19,https://scholar.google.com/citations?hl=en&user=jA1o2VoAAAAJ
Shailesh Bamoriya,"Research Scholar of Department of Mechanical Engineering, Indian Institute of Technology …","Robotics, Surgical Robotics, Soft robot, Dexterity",19,https://scholar.google.com/citations?hl=en&user=3vvnDGEAAAAJ
Suman Ganguly,Prime Ministers Research Fellow at IIT Kharagpur,"Traffic Engineering, Public Transport Systems",19,https://scholar.google.com/citations?hl=en&user=iMCsC7MAAAAJ
Ayyan Ghosh,"Research Scholar, Department of Chemistry, IIT Kharagpur","Synthetic Inorganic Chemistry, Water Oxidation, Coordination Chemistry",19,https://scholar.google.com/citations?hl=en&user=HNwLr9UAAAAJ
Sreeja Dasgupta,Indian Institute of Technology Kharagpur,Ruthenium water oxidation catalysis,19,https://scholar.google.com/citations?hl=en&user=yDx1-KAAAAAJ
Aninda Pal,"Post Doctoral Fellow, IIT KGP","Vibration of plates, Shock structure interaction, Biomimitics, Compressible flow, Vibro acoustics",19,https://scholar.google.com/citations?hl=en&user=bYZlbV4AAAAJ
Mummadisingh Jyothi Visali,"Research Scholar, IIT Kharagpur",Geotechnical Earthquake Engineering,19,https://scholar.google.com/citations?hl=en&user=ifq-oz0AAAAJ
Abhishek Raj,"Research Scholar, IIT Kharagpur","Control Systems, Fuzzy Control, Optimization",19,https://scholar.google.com/citations?hl=en&user=iu4Pv1wAAAAJ
Nihar Ranjan Sahu,"Research Scholar of Department of Mining Engineering, Indian Institute of Technology …","3D printed acoustic material, Noise barrier, Noise mapping",19,https://scholar.google.com/citations?hl=en&user=-sJCfnQAAAAJ
Nabarun Sarkar,Indian Institute of Technology Kharagpur,"computational intelligence, non-linear control, estimation, adaptive control, formation control",19,https://scholar.google.com/citations?hl=en&user=eQsy6VYAAAAJ
Satyajit Behera,"Research scholar, IIT Kharagpur","CFD, Machine Learning",19,https://scholar.google.com/citations?hl=en&user=QOQEyP8AAAAJ
Mohammad Junaid Siddiqui,Research scholoar at IIT KGP,Aerodynamics,19,https://scholar.google.com/citations?hl=en&user=YBZ1E4gAAAAJ
Sayantan Banerjee,"Research Scholar, IIT Kharagpur","Under-reamed Pile Foundation, Slope Stabilization using Bio-remediation, Wind Engineering",19,https://scholar.google.com/citations?hl=en&user=64hrMBkAAAAJ
Vinay Maithani,IIT Kharagpur,,19,https://scholar.google.com/citations?hl=en&user=b6H71RIAAAAJ
Sagar Kumar dash,Indian Institute of Technology Kharagpur,"EV, Electrical Drives, Power Electronics, Electric Aircraft",19,https://scholar.google.com/citations?hl=en&user=8AqVbKcAAAAJ
Satwik Pate,"Indian Institute of Technology, Kharagpur","Machine Learning, Digital Soil Science, Precision Agriculture",19,https://scholar.google.com/citations?hl=en&user=Id2KnfkAAAAJ
ANITA GAUTAM,Indian Institute of Technology Kharagpur,"Remote sensing, Deep Learning, Machine Learning, LULC, Landscape Modelling",19,https://scholar.google.com/citations?hl=en&user=nZjA7_oAAAAJ
Soumita Basu Mallick,"Research Scholar, IIT Kharagpur",Organometallics and polymer chemistry,19,https://scholar.google.com/citations?hl=en&user=LNXchHYAAAAJ
PRIYANKA GHAR,"PhD, IIT Kharagpur",Metallocene catalyst in ethylene …,19,https://scholar.google.com/citations?hl=en&user=bBC7dKcAAAAJ
NAMRATA SAHU,"Doctoral Research Scholar, Indian Institute of Technology Kharagpur","Groundwater Contamination, Vulnerability studies, Remote Sensing and GIS",19,https://scholar.google.com/citations?hl=en&user=HxB-3SAAAAAJ
Surabhi Verma,PhD Scholar at IIT kharagpur,"Biomaterials, Biofabrication, Nanomaterials, Tissue Engineering",19,https://scholar.google.com/citations?hl=en&user=c-CrsngAAAAJ
Rakesh Jana,Post Doctoral Fellow at Indian Institute of Technology Kharagpur,Graph and Matrices,18,https://scholar.google.com/citations?hl=en&user=ALS-59UAAAAJ
Udit Narayan Bera,"PhD Scholar, IIT Kharagpur",MEMS Instrumentation,18,https://scholar.google.com/citations?hl=en&user=qR_rwAYAAAAJ
Abhra Majumder,"Research scholar,IIT Kharagpur","mechatronics, Robotics, Micro electronics, Embedded system",18,https://scholar.google.com/citations?hl=en&user=zcR9P_wAAAAJ
Arabinda Mandal,"Assistant Professor in Physics , GGDC-Dantan-II,               Former Research Scholar,IIT …","Optics, Optics Communication, Photonic Crystal Fiber",18,https://scholar.google.com/citations?hl=en&user=yxAu7XUAAAAJ
Prabhat Pradhan,"Research Scholar,Department of Mechanical Engineering, Indian Institute of Technology …","Dynamics, Fault Diagnosis and Prognosis, Machinery Condition Monitoring, FGM and CNT Composites",18,https://scholar.google.com/citations?hl=en&user=xn0BqAsAAAAJ
Saransh Khandelwal,IIT Kharagpur,"Social Computing, Fact Validation, Artificial Intelligence, Machine Learning",18,https://scholar.google.com/citations?hl=en&user=evxSQxIAAAAJ
Sajjad Yaqub,Indian Institute of Technology Kharagpur,"Dyslexia, Educational Technology, Serious game development, Natural language processing",18,https://scholar.google.com/citations?hl=en&user=0KtpHioAAAAJ
Niloy Ghosh,Indian Institute Of Technology Kharagpur,"Microwave photonics, Integrated optics, Quantum optics, Quantum computing, Optical communication",18,https://scholar.google.com/citations?hl=en&user=_H3C0I4AAAAJ
Dinesh Patra,"Research Scholar, IIT Kharagpur","Pursuit Evasion Games, Game Theory, Model Predictive Control, Inverse Optimal Control",18,https://scholar.google.com/citations?hl=en&user=yJOKqN0AAAAJ
Ishita Sar,"PhD, IIT Kharagpur; Assistant Professor, SRM University-SRM AP","Statistical Modelling, Data Analytics, Machine Learning, Intelligent Transportation System",18,https://scholar.google.com/citations?hl=en&user=5z1L4-sAAAAJ
AYUSH KUMAR,IIT KHARAGPUR,RF and Microwave Systems,18,https://scholar.google.com/citations?hl=en&user=tFZ6A10AAAAJ
Souparna Chakraborty,"Student of School of Energy Science and Engineering, IIT Kharagpur","Building Energy, Renewble Energy Integration, Passive cooling, Sustainable Development",18,https://scholar.google.com/citations?hl=en&user=VypbIPoAAAAJ
Abhijit Narayan Eshore,"Research Scientist, Indian Institute of Technology, Kharagpur","Inorganic Perovskite, Gas Sensors, Metal Oxide Semiconductors, Indoor Air Quality Monitoring",18,https://scholar.google.com/citations?hl=en&user=VhPbyWUAAAAJ
Mainak Chaudhury,"Indian Institute of Technology, Kharagpur","Machine Learning, Deep Learning, Natural Language Processing",18,https://scholar.google.com/citations?hl=en&user=DdLwOEsAAAAJ
Bibek Kumar Patra,Indian Institute of Technology Kharagpur,"Singular optics, Classical non-separable states",18,https://scholar.google.com/citations?hl=en&user=I3BQIvsAAAAJ
Sai Prabala Swetha Chittella,"PhD, Indian Institute of Technoogy Kharagpur","Atmospheric science, Extreme Events, Attribution, Antarctica",18,https://scholar.google.com/citations?hl=en&user=hQmB0hcAAAAJ
Shubhra Sahu,Indian Institute of Technology Kharagpur,"Applied Mathematics, Numerical Modeling, Fluid Mechanics, Electrokinetics",18,https://scholar.google.com/citations?hl=en&user=9SUSh1sAAAAJ
Anuj Ghosh,"Senior Research Fellow, IIT Kharagpur","Metamorphic Petrology, Geochronology, Precambrian Geology",18,https://scholar.google.com/citations?hl=en&user=_cHsQ6wAAAAJ
Somdipta Sen,"Indian Institute of Technology, Kharagpur","Coastal carbon dynamics, Biogeochemical cycling",18,https://scholar.google.com/citations?hl=en&user=UcGP0FQAAAAJ
Suraj Bhute,IIT Kharagpur,"Generative AI, Deep Learning, NLP, Medical Imaging",18,https://scholar.google.com/citations?hl=en&user=ll5yYqUAAAAJ
Samit Kumar Hazra,"Post Doctoral Fellow, Indian Institute of Technology Kharagpur","Quantum Optics, Quantum Dots, TMD Materials, Optoelectronics, Nanophotonics",18,https://scholar.google.com/citations?hl=en&user=evY3aBkAAAAJ
Sonali Das,"Research Scholar, Indian Institute of Technology Kharagpur","Nanotechnology, Microfabrication, Vaccines, Energy storage",18,https://scholar.google.com/citations?hl=en&user=k4edW3UAAAAJ
Harshit Patel,IIT Kharagpur,"NRW, Water Supply, Water Analytics and Waste-Water",18,https://scholar.google.com/citations?hl=en&user=FNjfsTEAAAAJ
Soumya Ghorai,"Research Scholar, Department of Electrical Engineering,Indian Institute of Technology …",Power Electronics,18,https://scholar.google.com/citations?hl=en&user=TdcoWn8AAAAJ
Ipsita chakraborty,Indian Institute of Technology Kharagpur,"silicon based optical devices, Graphene, opto-electronic devices, plasmonics, meta-surface",17,https://scholar.google.com/citations?hl=en&user=ygM7nvkAAAAJ
BIBHUKALYAN BISWAL,"Research Scholar, IIT Kharagpur","Control system, Systems Biology, Machine Learning, Biomedical Engineering",17,https://scholar.google.com/citations?hl=en&user=O3gNnSMAAAAJ
Anupam Bagdi,"Research Scholar, Metallurgical and Materials Engineering, IIT Kharagpur",Mechanical Metallurgy,17,https://scholar.google.com/citations?hl=en&user=PBKN3YcAAAAJ
Moumita Dholey,Indian Institute of Technology Kharagpur,"Medical Image Processing, Machine Learning",17,https://scholar.google.com/citations?hl=en&user=9x-V4PwAAAAJ
Shataneek Banerjee,"Research Scholar, IIT Kharagpur","Biofluid Mechanics, Signal Processing, MRI",17,https://scholar.google.com/citations?hl=en&user=RTAYp08AAAAJ
Akshay Chandan Dey,"PhD in Computational Geomechanics, Indian Institute of Technology Kharagpur","Phasefield method, Finite element method, Computational geomechanics and simulation",17,https://scholar.google.com/citations?hl=en&user=yaUKp2sAAAAJ
Duhita Wani,Undergraduate at Indian Institute of Technology Kharagpur,"Machine Learning, Deep Learning, Computer Vision, Supply Chain Management, Reinforcement Learning",17,https://scholar.google.com/citations?hl=en&user=fv1KELAAAAAJ
Prajwal Yadav,"Indian Institute of Technology, Kharagpur","Finance, Supply Chain, Machine Learning",17,https://scholar.google.com/citations?hl=en&user=uyGNZMMAAAAJ
Dr. Mohd Shahabuddin,"Department of geology and geophysics, IIT Kharagpur","seismology, geotechnical earthquake engineering, seismic hazard, ground motion",17,https://scholar.google.com/citations?hl=en&user=4yMmegIAAAAJ
Palash Ghosh,"Research Scholar, IIT Kharagpur, India","Hydrogen Storage, Carbon Sequestration",17,https://scholar.google.com/citations?hl=en&user=82hr27sAAAAJ
Zehra Mahdi,"PhD Candidate, Indian Institute of Technology Kharagpur","Informal Settlements, Neighborhood Change",17,https://scholar.google.com/citations?hl=en&user=8zS8OysAAAAJ
ANUPAM BORTHAKUR,"Research Scholar, Indian Institute of Technology, Kharagpur","Federated Learning, Deep Learning, Computer Vision",17,https://scholar.google.com/citations?hl=en&user=xfsNKjAAAAAJ
AJANA DUTTA,"CSIR Research Associate, IIT KGP",,17,https://scholar.google.com/citations?hl=en&user=m7VeO78AAAAJ
Rohit Kumar Singh,Indian Institute of Technology,"Air Pollution, Urban Meteorology",17,https://scholar.google.com/citations?hl=en&user=idPwEn0AAAAJ
Anupal Jyoti Dutta,Indian Institute of Technology Kharagpur,"Rock-Fluid Interactions, Geothermal Energy, Geostorage, Geomechanics, Computational Fluid Dynamics",17,https://scholar.google.com/citations?hl=en&user=q0TaycUAAAAJ
Gaurav Madkaikar,Indian Institute of Technology Kharagpur,"access control, security, nlp, ai",17,https://scholar.google.com/citations?hl=en&user=VFPrUbMAAAAJ
MR Ajith Kumar,"Research scholar, IIT Kharagpur",Pipe hydraulics,17,https://scholar.google.com/citations?hl=en&user=pwnO714AAAAJ
Manishka Mukhopadhyay,"Student, IIT Kharagpur",Industry 4.0,17,https://scholar.google.com/citations?hl=en&user=cpt3p9cAAAAJ
Anamika Pandey,"Research Scholar, IIT Kharagpur","Hyperbolic conservation laws, Nonlinear Wave Interaction, Hyperbolic PDEs",17,https://scholar.google.com/citations?hl=en&user=DGULXrAAAAAJ
Anjali Kumari,"Research Scholar, IIT Kharagpur","coatings, corrosion, materials characterization, electrodeposition, electrochemistry",17,https://scholar.google.com/citations?hl=en&user=IL53v2wAAAAJ
Bornita Bose,"Indian Institute of Technology, Kharagpur","Plant Molecular Biology, Transgenic Plants, PTC, Hydroponics, Sustainable Agriculture",17,https://scholar.google.com/citations?hl=en&user=WGGYMx0AAAAJ
Saumya Gupta,"Research Scholar, Materials Science Centre, Indian Institute of Technology Kharagpur","Titanium alloys, Additive manufacturing, Characterization, EBSD, X-ray Texture",17,https://scholar.google.com/citations?hl=en&user=xO2yoxkAAAAJ
Zubair Bashir,"Undergrad, IIT Kharagpur","Mechanistic Interpretability, Fairness and Bias, Federated Learning, Privacy, Security",17,https://scholar.google.com/citations?hl=en&user=uA_UrJUAAAAJ
shwetapadma priyadashini,Indian Institute Of Technology Kharagpur,"Bottom Of Pyramid, Digital Transformation, Rural marketing, e-commerce",17,https://scholar.google.com/citations?hl=en&user=tbESmi0AAAAJ
Aditya Sharma,"Department of Physics, Indian Institute of Technology Kharagpur",Theoretical High Energy Physics,17,https://scholar.google.com/citations?hl=en&user=0T-AYIIAAAAJ
Lopamudra Ballabh,Indian Institute of Technology Kharagpur,"Essential oil, aromatic plants",17,https://scholar.google.com/citations?hl=en&user=rvsQ-UcAAAAJ
Shreya Mukherjee,"VGSOM, IIT Kharagpur","Business Analytics, E-Commerce, Human Computer Interaction, Technology Adoption",17,https://scholar.google.com/citations?hl=en&user=BCYp-0MAAAAJ
Arpan Dam,"PhD at Computer Science, IIT Kharagpur","Social Network, Influence Maximization, Machine Learning, GNN, Fairness",17,https://scholar.google.com/citations?hl=en&user=drFT30IAAAAJ
A. Sengupta,indian institute of technology kharagpur,civil engineering,16,https://scholar.google.com/citations?hl=en&user=0ZhjxO0AAAAJ
Souvik Sur,"Ph.D, Deptartment of Computer Science & Engineering, Indian Institute of Technology …","Time-sensitive Cryptography, Blockchains, Crypto-currencies, Number Theory",16,https://scholar.google.com/citations?hl=en&user=7k662BgAAAAJ
VIKRAM KUMAR GUPTA,Research Scholar IIT Kharagpur,"Quality and Reliability, Additive Manufacturing, Digital Manufacturing, LPBF, Material Reliability",16,https://scholar.google.com/citations?hl=en&user=0pKo0zcAAAAJ
Snigdha Senapati,Indian Institute of Technology Kharagpur,"Hydrogen production, Process modelling and simulation, Reaction engineering, Kinetics",16,https://scholar.google.com/citations?hl=en&user=F43WFNwAAAAJ
Sohini Chanda,"PhD Scholar in Department of Humanities and Social Sciences, IIT Kharagpur","Performing Arts, Performing Communities, Cultural Commons",16,https://scholar.google.com/citations?hl=en&user=nsDujTAAAAAJ
Sibani Mahapatra,"PhD Research Scholar, IIT Kharagpur","4D/3D printing, Shape Memory Polymer Composites, Nanocomposites",16,https://scholar.google.com/citations?hl=en&user=-58MKJMAAAAJ
Raja Kumar,"Research Scholar, Department of Mechanical Engineering, IIT Kharagpur","Acoustics of Poroelastic, MPPs, Space coiling, Metamaterial, Bandgap analysis",16,https://scholar.google.com/citations?hl=en&user=LeSAMBkAAAAJ
Alka Ranjan,IIT Kharagpur,"Machine Learning, Image Processing, Bometric Security and Privacy",16,https://scholar.google.com/citations?hl=en&user=w9LVTxAAAAAJ
RAKESH DIVVELA,"Research Scholar, Aerospace Department, IIT Kharagpur",Propulsion |  Additive Manufacturing,16,https://scholar.google.com/citations?hl=en&user=t2ZmW8sAAAAJ
Dr Priya Dharshini G,Ph.D (IIT Kharagpur),"Speech Processing, Accent Identification, Speech Emotion Recognition, Speaker Recognition",16,https://scholar.google.com/citations?hl=en&user=OcTzSukAAAAJ
Akhilesh Kumar Gupta,"Students of SMST Department, Indian Institute of Technology Kharagpur","Stem Cell biology, Epigenetics, Immunology, Therapeutic treatment of infectious disease .",16,https://scholar.google.com/citations?hl=en&user=0LcILQwAAAAJ
SARBOJIT MUKHERJEE,Student at Indian Institute of Technology Kharagpur,"optical sensor, mining optical sensor, grating, holography, machine learning",16,https://scholar.google.com/citations?hl=en&user=rgUzFTUAAAAJ
Subhajit Pramanick,"Ph.D. Student, Department of Physics, IIT Kharagpur","Condensed Matter Physics, Remote Sensing",16,https://scholar.google.com/citations?hl=en&user=iSBkb4AAAAAJ
Nishkal Prakash,"PhD Student, Dept. of Computer Science, IIT Kharagpur","Security and Privacy, Biometrics, Fingerprint Recognition, Fingerprint Indexing, Iris Recognition",16,https://scholar.google.com/citations?hl=en&user=NKEXPrEAAAAJ
Abhishek Mandal,Research Fellow at IIT Kharagpur,"Quantum optics, Quantum Information, Cavity QED, Singular optics",16,https://scholar.google.com/citations?hl=en&user=_SiGptMAAAAJ
VAIBHAV MISHRA,Indian Institute of Technology Kharagpur,"Structural Health Monitoring, low velocity impact, Composites, Ballistic Impacts",16,https://scholar.google.com/citations?hl=en&user=iAar6HsAAAAJ
Rahul Reddy Banapuram,Researcher at Indian Institute of Technology Kharagpur,"Pavement materials and design, Asphalt emulsion",16,https://scholar.google.com/citations?hl=en&user=xdn6SlMAAAAJ
Suraj Kumar Nayak,"Research Scholar, Department of Physics, Indian Institute of Technology, Kharagpur","Statistical Physics, Active Matter Physics, Turbulence, Geophysical Flows, Non-Linear Dynamics",16,https://scholar.google.com/citations?hl=en&user=RZ3maZEAAAAJ
Priya Paul,"Research Scholar, Indian Institute of Technology, Kharagpur","Supramolecular Chemistry, Gels, Crystal Engineering",16,https://scholar.google.com/citations?hl=en&user=swS7fRoAAAAJ
Dr. Sujoy Biswas,"Indian Institute of Technology, Kharagpur",Housing and community planning,16,https://scholar.google.com/citations?hl=en&user=5NF8cJ0AAAAJ
Umesh Kumar,"Research Scholar, Department of Architecture, Indian Institute of Technology Kharagpur …","Inclusive Education, Universal Design, Accessible Built Environment and Architecture",16,https://scholar.google.com/citations?hl=en&user=Mn73EwwAAAAJ
Bhavesh Sukdeve,"Agricultural and Food Engineering Department, IIT Kharagpur, India","Farm Mechanization, Automation, Robotics, Robotics in Agriculture",16,https://scholar.google.com/citations?hl=en&user=D2aG0tAAAAAJ
PRIYANKA SEHRAWAT,Indian Institute of Technology Kharagpur,"Uncertainty quantification, sensitivity analysis, reliability analysis, dimension reduction",16,https://scholar.google.com/citations?hl=en&user=19gF02oAAAAJ
Aritro Sanjib Sen,"Indian Institute of Technology, Kharagpur","Biofuels, Bioenergy, Waste valorization",16,https://scholar.google.com/citations?hl=en&user=fHb9Xj0AAAAJ
RAJAN BHARTI,Indian Institute of Technology Kharagpur,"Optical memristor for neuromorphic …, III-V semiconductors, microLEDs",16,https://scholar.google.com/citations?hl=en&user=ykKKZJMAAAAJ
Ayon Jyoti Karmakar,Indian Institute of Technology Kharagpur,"Ultrafast Laser Spectroscopy, DFT, 2D Semiconductors, Perovskite, pump-probe",16,https://scholar.google.com/citations?hl=en&user=OxvxjmkAAAAJ
Bhuvan Arora,Indian Institute of Technology Kharagpur,"Transport Economics, Climate Change",16,https://scholar.google.com/citations?hl=en&user=n-0ZfmgAAAAJ
Anket Pandey,"M. Tech in Hydraulic and Water Resources Engineering, Department of Civil Engineering …","Hydroclimatology, Water Resources Engg, Remote Sensing",16,https://scholar.google.com/citations?hl=en&user=KXJc7CYAAAAJ
Astha Pandey,IIT Kharagpur,Organisational behaviour and Human …,16,https://scholar.google.com/citations?hl=en&user=ppjBc18AAAAJ
Debapriya Samal,"Indian Institute of Technology, Kharagpur","Corporate Governance, Corporate Finance",16,https://scholar.google.com/citations?hl=en&user=6nXhi-4AAAAJ
Shivam Kumar Agrawal,Indian Institute of Technology Kharagpur,"Applicable Functional Analysis, Integral equations, Integro-differential equations",16,https://scholar.google.com/citations?hl=en&user=qVgMAQEAAAAJ
Subhayan Roy,"Ph.D. student, Indian Institute of Technology Kharagpur","Natural Language Processing, Information Retrieval, Automatic Question Generation, e-Learning, Educational Technology",15,https://scholar.google.com/citations?hl=en&user=o0cWgbwAAAAJ
Pranay Hasan Yerra,"Dual Degree Computer Science Student, IIT Kharagpur","Natural Language Processing, Machine Learning, Machine Translation, Complex Networks",15,https://scholar.google.com/citations?hl=en&user=K34EBp8AAAAJ
ranadhir Chatterjee,Research Scholar of IIT Kharagpur,"Microwave Components, Antennas",15,https://scholar.google.com/citations?hl=en&user=-4OO3u0AAAAJ
Raktim Bhattacharya,Ph.D IIT kharagpur,"laser welding, Biophotonics",15,https://scholar.google.com/citations?hl=en&user=HymGPPAAAAAJ
Mainak Basunia,"Research scholar, IIT Kharagpur","Linear Algebra, Graph Theory, Spectral Graph Theory",15,https://scholar.google.com/citations?hl=en&user=qtTnD20AAAAJ
Aditya Kachave,IIT Kharagpur,"EdTech, Instructional System Design, Education, Chemistry",15,https://scholar.google.com/citations?hl=en&user=Wo1npssAAAAJ
wahida raj Ilaham,Indian Institute of technology Kharagpur,ODS ferritic steels,15,https://scholar.google.com/citations?hl=en&user=yVd6S1oAAAAJ
Langkam Sabita,IIT KHARAGPUR,"Signal Processing, Blind Source Separation",15,https://scholar.google.com/citations?hl=en&user=hKDEklcAAAAJ
Richa Malviya Dutta,"RMSoEE, IIT Kharagpur, India","Medical Image Analysis, Deep Learning, Digital Pathology",15,https://scholar.google.com/citations?hl=en&user=rQd2gd4AAAAJ
Rakesh Kumar Sahoo,PhD Research Scholar at Indian Institute of Technology Kharagpur,"Satellite Dynamics, Orbital Mechanics, Flight Dynamics and Control, Vehicle Dynamics",15,https://scholar.google.com/citations?hl=en&user=naY3uPgAAAAJ
Souvik Mandal,Indian Institute of Technology Kharagpur,"Multiphase flow, Sensor design, COMSOL",15,https://scholar.google.com/citations?hl=en&user=wscaO0YAAAAJ
Vinit Kumar Singh,"Ph.D. Scholar, IIT Kharagpur","Low density steels, Thermomechanical processing, Mechanical metallurgy, Physical metallurgy",15,https://scholar.google.com/citations?hl=en&user=MjSY744AAAAJ
PRATIK SARKAR,"RESEARCH SCHOLAR, IIT KHARAGPUR",COMUTATIONAL CHEMISTRY,15,https://scholar.google.com/citations?hl=en&user=3BMYuXEAAAAJ
Shrey Shrivastava,"Undergraduate in Dept. of CSE, IIT Kharagpur",Aritificial Intelligence,15,https://scholar.google.com/citations?hl=en&user=olqXBAIAAAAJ
Malay Masanta,Indian Institute of Technology Kharagpur,"Laser Additive manufacturing, Direct Energy Deposition, Metal Additive Manufacturing, ECM",15,https://scholar.google.com/citations?hl=en&user=aLyW4E8AAAAJ
TUSHAR KANTI SHOW,"Senior Research Fellow, Indian Institute of Technology, Kharagpur",… fluid. Structural Dynamics. Fluid flow in …,15,https://scholar.google.com/citations?hl=en&user=iA2j-DAAAAAJ
Suraj Dhongade,"Research Scholar, IIT Kharagpur",2D material based spintronics,15,https://scholar.google.com/citations?hl=en&user=US13_EsAAAAJ
DIGANTA PANDA,Indian Institute of Technology Kharagpur,Webpage Development,15,https://scholar.google.com/citations?hl=en&user=fiqle2QAAAAJ
Anuj Kumar Goel,"PhD Research Scholar, Indian Institute of Technology, Kharagpur","PHM, Condition monitoring, Fault diagnosis, Reliability analysis",15,https://scholar.google.com/citations?hl=en&user=c_6_6TYAAAAJ
harshit gupta,"Mtech, IIT kharagpur",thermal and fluids Engineering,15,https://scholar.google.com/citations?hl=en&user=GTcNn8cAAAAJ
Anushree Belel,"Research Scholar, Indian Institute of Technology Kharagpur",Public Key Cryptography,15,https://scholar.google.com/citations?hl=en&user=uM9DxcAAAAAJ
Sandeep Kumar,Indian Institute of Technology Kharagpur,Computational Fluid Dynamics,15,https://scholar.google.com/citations?hl=en&user=SG4VsZ0AAAAJ
Dr. Santu Biswas,IIT Kharagpur,"Geology, Structural Geology",15,https://scholar.google.com/citations?hl=en&user=oPImHVYAAAAJ
Ushoshi Bandyopadhyay,"Ph.D Scholar at Indian Institute of Technology, Kharagpur","Sociology of Agriculture, Alternative food practices, Food Studies, and Gender",15,https://scholar.google.com/citations?hl=en&user=ErvQ6O8AAAAJ
Ajay Kumar,"Research scholar, Department of Chemical Engineering, IIT Kharagpur","Microfluidics, Fluid Dynamics, Porous media flow, Electrokinetics, Transport Phenomena",15,https://scholar.google.com/citations?hl=en&user=pj3nKYUAAAAJ
Shailendra Kumar,IIT Kharagpur,Organic Catalysis and Synthesis,15,https://scholar.google.com/citations?hl=en&user=iQYIvGMAAAAJ
Sounak Chanda,Research Scholar | Indian Institute of Technology Kharagpur,"Fuel cell, bioelectrochemical system, membrane antifouling, Environment Biotechnology",15,https://scholar.google.com/citations?hl=en&user=gHGgO1IAAAAJ
Biswadeep Roy,Research Scholar at IIT Kharagpur,"Biosensors, Point-of-Care diagnostics, Optically active functional materials",15,https://scholar.google.com/citations?hl=en&user=PN1T_NUAAAAJ
Pretam Ray,"Indian Institute of Technology, Kharagpur",Natural Language Processing,15,https://scholar.google.com/citations?hl=en&user=5eQgpf8AAAAJ
Arunava Chaudhuri,Research Scholar @ IIT Kharagpur,"Deep Learning, GPU Security & Privacy",15,https://scholar.google.com/citations?hl=en&user=jnm6rOgAAAAJ
SAKIR LASKAR,Senior Research Fellow @ IIT Kharagpur,"Agricultural Geography, Geo-spatial Analysis, Environmental Susainability",15,https://scholar.google.com/citations?hl=en&user=OUyZDHIAAAAJ
Atri Sen,"Department of Chemistry, Indian institute of Technology Kharagpur",Protein chemistry,15,https://scholar.google.com/citations?hl=en&user=ExNcgnsAAAAJ
Mohammed Shahbaz Quraishy,Research Scholar at IIT Kharagpur,"modeling and simulation, machine learning",15,https://scholar.google.com/citations?hl=en&user=u_pbKegAAAAJ
DEEPAK GOTHWAL,"Postdoctoral Fellow, IIT KGP",Functional Analysis,15,https://scholar.google.com/citations?hl=en&user=qSzuDncAAAAJ
K Poorna Chander,"Research Scholar, IIT Kharagpur","Phase transformations in steels, Grain boundary engineering, Hydrogen embrittlement",15,https://scholar.google.com/citations?hl=en&user=e7GIxscAAAAJ
Utsav Bandyopadhyay Maulik,"Student, Indian Institute of Technology Kharagpur","Machine Learning, Computer Vision, Natural Language Processing, Large Language Models, Generative AI",15,https://scholar.google.com/citations?hl=en&user=YdmNfwQAAAAJ
Saikat Nandi,Indian Institute of Technology Kharagpur,"Laser metal deposition, Coating, High-temperature alloys",15,https://scholar.google.com/citations?hl=en&user=YwfgJqEAAAAJ
Abhishek Chakraborty,"Research Engineer, Computer Science and Engineering, Indian Institute of Technology …","Hardware Security, Physical assurance of IC and PCBs, Electron and X-ray Microscopy specialist",15,https://scholar.google.com/citations?hl=en&user=PNtZvrgAAAAJ
Sheeba Sonali,"School Nanoscience and Technology, IIT Kharagpur","thin film, hard coatings, biomaterials, tissue engineering, nanoparticles",15,https://scholar.google.com/citations?hl=en&user=nnB5MDcAAAAJ
Ramya Devi,"Senior Research Fellow, Indian Institute of Technology Kharagpur","Polymer composites, Elastomer, Nanocomposite, Stimuli responsive composites",15,https://scholar.google.com/citations?hl=en&user=0dmYANQAAAAJ
Prashant Kumar,"PhD, Food Process Engineering, IIT Kharagpur",Food Process Engineering,15,https://scholar.google.com/citations?hl=en&user=0eTZh9oAAAAJ
Ashish Kumar Jha,PhD at IIT Kharagpur,"PMIC, Analog and mixed signal IC",15,https://scholar.google.com/citations?hl=en&user=_w1nAPcAAAAJ
Vivekananda Pal,"Mechanical Engineering, IIT Kharagpur","Thermal spraying, Tribology, Electroless plating, Solid lubricants",15,https://scholar.google.com/citations?hl=en&user=pCX7SYsAAAAJ
Himanshu Chandra,Indian Institute of Technology Kharagpur,Circular Economy,15,https://scholar.google.com/citations?hl=en&user=zW72yAMAAAAJ
Partha Sarkar,"Research Scholar, IIT Kharagpur",Micro machining,15,https://scholar.google.com/citations?hl=en&user=_pOQm-4AAAAJ
Vikranth Teppala,"PMRF Research Fellow, Department of Ocean Engineering & Naval Architecture, IIT …","Estuary and coastal observatory, IoT, Shallow Buoy, GNSS surface drifter, Tide Coastal modeling",15,https://scholar.google.com/citations?hl=en&user=4wc-2P0AAAAJ
Biswajit Bharat,Indian Institute of Technology Kharagpur,"Asymptotic Methods, Acoustics, Vibration, Wave propagation",14,https://scholar.google.com/citations?hl=en&user=qAlPviUAAAAJ
Nihal Singh Verma,Research Scholar IIT Kharagpur,"Urban Planning, Architecture, Brownfield Redevelopment",14,https://scholar.google.com/citations?hl=en&user=7TjuNbYAAAAJ
Shashank Sinsinwar,"IIT Kharagpur (B.Tech, M.Tech), EXL Service (Current Employer)","Hydroponics, Data Science, Machine Learning",14,https://scholar.google.com/citations?hl=en&user=UVubxl0AAAAJ
Aritra Sinha,"Research Scholar, Indian Institute of Technology Kharagpur",Robust Control,14,https://scholar.google.com/citations?hl=en&user=WtmBcBwAAAAJ
Ritwik Dash,Ph.D at IIT Kharagpur,"Anomaly Detection, Fault Detection, Sensor Streams, Time-Series",14,https://scholar.google.com/citations?hl=en&user=h7aiPuYAAAAJ
Vasu Gurram,"Indian Institute of Technology, Kharagpur","NLP, Distributed Systems, Blockchain",14,https://scholar.google.com/citations?hl=en&user=JNLemtQAAAAJ
Rajesh Kumar,Indian institute of technology Kharagpur,"Scramjet, Gas turbine combustion, Flow diagnostic",14,https://scholar.google.com/citations?hl=en&user=U0SPTX4AAAAJ
Akshay Chetpelly,"Research scholar, IIT Kharagpur",Computational fluid dynamics,14,https://scholar.google.com/citations?hl=en&user=_kc1zjMAAAAJ
Somnath Hazra,Indian Institute of Technology Kharagpur,"Deep Learning, Reinforcement Learning",14,https://scholar.google.com/citations?hl=en&user=Nyu6plIAAAAJ
Isha Sharma,IIT Kharagpur,"Deep Learning, Natural Language Processing",14,https://scholar.google.com/citations?hl=en&user=QgYlPG8AAAAJ
ROHAN KUNDU,PhD in Indian Institute of Technology Kharagpur,"Interfacial transport, Evaporation-Condensation, Cryogenics, Numerical modelling",14,https://scholar.google.com/citations?hl=en&user=n3NTUXgAAAAJ
Ramkrishna Mandal,Research Scholar ;  IIT Kharagpur,"Deformation theory, Cohomology, Rota-Baxter operators",14,https://scholar.google.com/citations?hl=en&user=e12-0n8AAAAJ
Anik Roy,"Ph.D. Research Scholar, IIT Kharagpur","Cyber Physical Systems Security, Radio Access Networks, Causality",14,https://scholar.google.com/citations?hl=en&user=thpZPDMAAAAJ
Abhinesh Kumar,IIT Kharagpur,"Fluid mechanics, Dense Granular Flow, Discrete Element Modelling, CFD-DEM, Multiphase Flow",14,https://scholar.google.com/citations?hl=en&user=Qm_IKtMAAAAJ
Debjani Mazumder,"Ph.D. Student, Indian Institute of Technology Kharagpur","Natural Language Proceessing, Data Mining, Graph Neural Network",14,https://scholar.google.com/citations?hl=en&user=c-qeGVoAAAAJ
Sarbartha Mukherjee,"Indian Institute of Technology, Kharagpur","EMT CTC clusters anoikis apoptosis …, ADCC, Nectin-4, E-Cadherin, VE-Cadherin N-Cadherin",14,https://scholar.google.com/citations?hl=en&user=uKAVsXUAAAAJ
Jaspreet Kaur,Indian Institute of Technology Kharagpur,"food science, food engineering, food processing, food microbiology, food packaging",14,https://scholar.google.com/citations?hl=en&user=Rem5DGMAAAAJ
Ajay Kumar Satalagaon,Indian Institute of Technology Kharagpur,"Internal Combustion Engines, Design optimization, Electronic Valve Actuation System, Control Theory",14,https://scholar.google.com/citations?hl=en&user=_xs39Y0AAAAJ
Arnab Sen,"Centre for Ocean, River, Atmosphere and Land sciences, Indian Institute of Technology …","Antarctic climate, Climate Dynamics, Teleconnection",14,https://scholar.google.com/citations?hl=en&user=61u-cu0AAAAJ
ABANTIKA MUKHERJEE,Indian Institute of Technology Kharagpur,,14,https://scholar.google.com/citations?hl=en&user=9_oR6dMAAAAJ
Bhaswati Mondal,"Masters student of Materials Science and Engineering, IIT Kharagpur","Gas sensors, MOS devices, PVD, Nano-fabrication",14,https://scholar.google.com/citations?hl=en&user=2rD0cVgAAAAJ
Siddha Sankalpa Sethi,Indian Institute of Technology Kharagpur,"Advanced Materials, Crystallography",14,https://scholar.google.com/citations?hl=en&user=MR6_nmgAAAAJ
Ayush Sharma,"Research Scholar IIT Kharagpur , Data Scientist (CRIS, Ministry of Railway))","Machine Learning, Deep Learning, Optimization, Decision Sciences",14,https://scholar.google.com/citations?hl=en&user=GHxGVR8AAAAJ
utkarsh bhatt,"Indian Institute of technology, Kharagpur",NLP,14,https://scholar.google.com/citations?hl=en&user=b3bFGJAAAAAJ
Anju Joshy,"Research scholar, Indian Institute of Technology Kharagpur","Water and wastewater treatment, Electrochemical treatment methods",14,https://scholar.google.com/citations?hl=en&user=vP-Ni1QAAAAJ
Ankit Lodh,Research Scholar @ IIT Kharagpur,"machine learning, 3D Vision",14,https://scholar.google.com/citations?hl=en&user=-SQMQFYAAAAJ
Ashwini M,Indian Institute of Technology Kharagpur,Sustainable Aquaculture,14,https://scholar.google.com/citations?hl=en&user=9gdiercAAAAJ
Sophia Ofosuhemaa Duodu,"Researcher of Agricultural and Food Engineering, Indian Institute of Technology Kharagpur","Food Processing, Food formulation, Biotechnology, Agriculture",14,https://scholar.google.com/citations?hl=en&user=7yY3G8UAAAAJ
Deepak Mewada,"PhD Scholar,Department of Computer Science and Engineering,Indian Institute of …",Deep learning,14,https://scholar.google.com/citations?hl=en&user=gfyMir0AAAAJ
Soumyajit Ghosh,IIT Kharagpur Computer Science and Engineering,"Foundation Models, Machine Learning, Feature Selection",14,https://scholar.google.com/citations?hl=en&user=kF0TBWEAAAAJ
Kishor Kumar Mandal,IIT Kharagpur,Organic Chemistry   Total Synthesis,14,https://scholar.google.com/citations?hl=en&user=TVYSiWYAAAAJ
Divyadarshini Madhavan,"Research Scholar, Department of E&ECE, IIT Kharagpur","Deep Learning, Optimization",14,https://scholar.google.com/citations?hl=en&user=73znCgIAAAAJ
Aamir Anwar Nezami,"Research Scholar, IIT Kharagpur","Modelling of Zigzag plate theory, FGM, Micro-Nano composite, Thermal Analysis, Elastic foundation",14,https://scholar.google.com/citations?hl=en&user=FVRNhL8AAAAJ
Ravi Teja PVS,Student IIT Kharagpur,Cloud Computing,13,https://scholar.google.com/citations?hl=en&user=1mEHnx4AAAAJ
Subhradeep Samadder,"Senior Research Fellow of Agricultural and Food Engineering, IIT Kharagpur","Frequency Based Sensor, Paneer Spoilage, Bioremediation, Environmental Microbiology",13,https://scholar.google.com/citations?hl=en&user=Obgn4jYAAAAJ
Prithwish Mukherjee,"Masters student, Indian Institute of Technology, Kharagpur","Low Reynolds number Aerodynamics, Micro Aerial Vehicles, Computational Fluid Dynamics",13,https://scholar.google.com/citations?hl=en&user=zV_sNeYAAAAJ
Swargodeep Sarkar,"PhD candidate, Indian Institute of Technology Kharagpur","International Law, International Dispute Settlement, International Commercial Arbitration, Internati",13,https://scholar.google.com/citations?hl=en&user=_GDyJIIAAAAJ
Hariharan Ravichandran,"Student, Indian Institute of Technology Kharagpur","Aerial Robotics, Collision Avoidance, Path Planning",13,https://scholar.google.com/citations?hl=en&user=Hy5IFB8AAAAJ
Mihir Shrivastava,"Undergraduate Student at Dept. of Physics, IIT Kharagpur","Machine Learning, Computational Physics, General Relativity",13,https://scholar.google.com/citations?hl=en&user=jV2UcJIAAAAJ
Anisha Mitra,"Phd Research Scholar, IIT Kharagpur","Medical Device Cyber Security, Cryptography, CPS Security, Data Mining",13,https://scholar.google.com/citations?hl=en&user=z6GG2VgAAAAJ
Janardhana Prasanth Gunupuram,"TEXMiN Post Doctoral Fellow, Indian Institute of Technology (Indian School of Mines) …","Geo-technical engineering, geo-mechanics, Modelling techniques, slope engineering, Geomaterials",13,https://scholar.google.com/citations?hl=en&user=XPyro2YAAAAJ
Rohit Anand,"Research scholar, IIT Kharagpur","Electrochemistry, Rechargable Battery, Supercapacitor, Material Characterization, Catalysis",13,https://scholar.google.com/citations?hl=en&user=XgjF_k0AAAAJ
Soumita Naskar,PhD from IIT Kharagpur,"Wireless Communication, Radar Signal Processing, RadCom, Optimization, Quantum computing",13,https://scholar.google.com/citations?hl=en&user=NZNoHyMAAAAJ
Souvik Basak,"Student, Mechanical engineering Department, Indian Institute of Technology, Kharagpur","Dynamics of Mechanical System, Control Strategy",13,https://scholar.google.com/citations?hl=en&user=C20HhksAAAAJ
Ritwik Chakraborty,"Ph.D. Scholar, IIT Kharagpur, India","Structural Geology, Fabric Analysis, Petrophysical Characterization, Microstructures, Microtectonics",13,https://scholar.google.com/citations?hl=en&user=Lsz3b8AAAAAJ
Tarun Karak,"Research Scholar, IIT Kharagpur",Biomechatronics and Control,13,https://scholar.google.com/citations?hl=en&user=d3W8rRIAAAAJ
Gaurav Shakya,"Dept. of Mechanical Engineering, IIT Kharagpur","Two Phase Flow and Boiling Heat Transfer, Phase Change Phenomena at Microscale, Non-Newtonian Fluids",13,https://scholar.google.com/citations?hl=en&user=neUav9gAAAAJ
Dr. Ajoy Jose,"PhD, Indian Institute of Technology, Kharagpur","Intellectual Property Rights, Biodiversity Law, Environmental Law, Traditional Knowledge, Traditional Medicinal Knowledge and …",13,https://scholar.google.com/citations?hl=en&user=4kzzRVAAAAAJ
Sammelan Chowdhury,"Ph.D., Department of Civil Engineering, Indian Institute of Technology Kharagpur","Experimental hydraulics, Turbulent flow, Sediment transport, Fluid structure interaction",13,https://scholar.google.com/citations?hl=en&user=ZQObpjoAAAAJ
Dr. Shalinee Sourabh,IIT Kharagpur,"Operations Management, Data Analytics, Applied Econometrics, Supply Chain Management",13,https://scholar.google.com/citations?hl=en&user=YpvURH4AAAAJ
Dr. Mahima Tripathi,"Rajiv Gandhi School of Intellectual Property Law, Indian Institute of Technology, Kharagpur","IPR, Competition Law, Family Law",13,https://scholar.google.com/citations?hl=en&user=xCkjaDgAAAAJ
Sourish Singha,"Research Scholar, IIT Kharagpur | M.Tech in Hydro & Renewable Energy Engineering, IIT …","Theoretical Fluid Dynamics, Solver Development, Hydrokinetic Turbines, Multiphase Flow",13,https://scholar.google.com/citations?hl=en&user=MfYXRnsAAAAJ
Soham Dey,"Research Scholar, Indian Institute of Technology Kharagpur, India","Grain Boundaries, Microstructure, Structural Geology, Crustal rheology",13,https://scholar.google.com/citations?hl=en&user=eM4zptAAAAAJ
Joydeepa Taran,Indian Institute of Technology Kharagpur,,13,https://scholar.google.com/citations?hl=en&user=EBD-7DIAAAAJ
Bhrigu Chakraborty,"Research Scholar, Indian Institute of Technology Kharagpur",Theoretical & Computational Chemistry,13,https://scholar.google.com/citations?hl=en&user=4RbIfxMAAAAJ
BASANI NAGARAJ,"Research Scholar, IIT-Kharagpur","AI, UAV, Precision Agriculture",13,https://scholar.google.com/citations?hl=en&user=nbCsfiwAAAAJ
Subhadeep Mandal,"Research scholar, IIT Kharagpur","Hydrology, Regional climatology",13,https://scholar.google.com/citations?hl=en&user=hiAe2mAAAAAJ
Abhishek Sutradhar,"Student of Polymer Chemistry, IIT Kharagpur",Polymer Chemistry,13,https://scholar.google.com/citations?hl=en&user=LRoXQAgAAAAJ
Dilesh Rawal,IIT Kharagpur,"Dynamic Capital Structure, Corporate Finance, Financial Market, Investor Sentiment",13,https://scholar.google.com/citations?hl=en&user=9YWCyawAAAAJ
Anand Ronald K,IIT Kharagpur,"Aerial robotics, adaptive control, drones, design",13,https://scholar.google.com/citations?hl=en&user=MCD0XXsAAAAJ
Chaitanya Modiboyina,Research Scholar (IIT Kharagpur),"Deep Learning, VLSI Architectures, Digital Design",13,https://scholar.google.com/citations?hl=en&user=12HXslIAAAAJ
Pradip Sugriv Nande,"Research Scholar at Indian Institute of Technology Kharagpur, West Bengal, India","PEM fuel cell, Modeling, Simulation, Optimization",13,https://scholar.google.com/citations?hl=en&user=vX6_K-4AAAAJ
NOBEL KARMAKAR,"Research Scholar, Department of Mechanical Engineering, Indian Institute of Technology …","Additive Manufacturing, Laser Powder Bed Fusion, Lattice Structures, Batteries",13,https://scholar.google.com/citations?hl=en&user=USXenBsAAAAJ
Sobiya Maqbool,"Indian Institute of Technology Kharagpur, India","Refrigeration, Air Conditioning, Natural refrigerants, Thermodynamics, Heat Pump",13,https://scholar.google.com/citations?hl=en&user=qTylA28AAAAJ
Shaik Raheem,Indian Institute of Technology Kharagpur,"Refrigeration, Air conditioning, Atmospheric Water Harvesting",13,https://scholar.google.com/citations?hl=en&user=E6_3HtkAAAAJ
Suchhanda Biswas,"Research Fellow, IIT Kharagpur",Organic photochemistry,13,https://scholar.google.com/citations?hl=en&user=YLVDbzoAAAAJ
Ajeet Kumar,Indian Institute of Technology Kharagpur,"Climate change, Sustainable Agriculture, Climate smart Agriculture",13,https://scholar.google.com/citations?hl=en&user=SytNNxIAAAAJ
shakshi neha,IIT Kharagpur,"AI, ML, RAG, Business Administration",13,https://scholar.google.com/citations?hl=en&user=KXbjv40AAAAJ
Shehryaar Shah Khan,Indian Institute of Technology Kharagpur,"Machine Learning, NLP, Reinforcement Learning",13,https://scholar.google.com/citations?hl=en&user=Ct3A6-0AAAAJ
Munmun Mohapatra,"Research Scholar, Indian Institute of Technology Kharagpur","Sustainable Livelihood Transitions, Clean Energy, Tribal Women Livelihood",13,https://scholar.google.com/citations?hl=en&user=d-D37k8AAAAJ
Piyali Debnath,"Joint Doctoral Researcher at IIT Kharagpur, India and Curtin University, WA","IEQ, Health and well-being, IEQ simulation, Occupant-centric design, Energy efficiency",13,https://scholar.google.com/citations?hl=en&user=ZB1y_IMAAAAJ
Shakyajit Paik,"Research Associate, IIT Kharagpur",Computational Fluid Dynamics,13,https://scholar.google.com/citations?hl=en&user=hBSGMhUAAAAJ
Soumadip Biswas,Indian Institute of Technology Kharagpur,"Mobile Networks, Computer Networks, Algorithms",12,https://scholar.google.com/citations?hl=en&user=RQLNn8UAAAAJ
Neeraj Kumar Gupta,"Assistant Professor of Law, Grade - I, RGSOIPL, IIT Kharagpur","Eco-tax, Civil Liberties, Victimology, Prisoners' Rights, Market Based Instruments",12,https://scholar.google.com/citations?hl=en&user=lN6yHDQAAAAJ
Zishan Sami,"Undergraduate Student, Indian Institute of Technology Kharagpur","Deep Learning, Computer Vision",12,https://scholar.google.com/citations?hl=en&user=Ue8zC5MAAAAJ
Deepesh Raj,IIT Kharagpur,"Plasticity, Composites, Wave propagation, Nonlinear Dynamics, Finite Element Analysis",12,https://scholar.google.com/citations?hl=en&user=gKACchUAAAAJ
Suman Biswas,"Research Scholar, Indian Institute of Technology Kharagpur","Sensor Development, Instrumentation System Design",12,https://scholar.google.com/citations?hl=en&user=8KcQnCQAAAAJ
Apoorve Singhal,Indian Institute of Technology Kharagpur,"Computer vision, deep learning, multimodal systems, visualisations",12,https://scholar.google.com/citations?hl=en&user=iiX9op4AAAAJ
J Hari vishal,"Student, Indian Institute of Technology Kharagpur","Business Analytics, Supply Chain Management, Optimization",12,https://scholar.google.com/citations?hl=en&user=m7de1poAAAAJ
Pranjal Pathak,Indian Institute of Technology Kharagpur,"Mine Planning, Operations Research",12,https://scholar.google.com/citations?hl=en&user=IdtBVjYAAAAJ
Sumit Kumar Chand,"Research Scholar, IIT Kharagpur",High Temperature Superconductor Devices,12,https://scholar.google.com/citations?hl=en&user=N_3_0MMAAAAJ
Jyoti Ranjan Sahoo,"Vinod Gupta School of Management, IIT Kharagpur","Bankruptcy Law, Corporate Investment, Investment efficiency",12,https://scholar.google.com/citations?hl=en&user=BNx3daIAAAAJ
Jitendra Kumar Roy,Indian Institute of Technology Kharagpur,"Hydrothermal Ore Deposits, Rare-Metal Granites",12,https://scholar.google.com/citations?hl=en&user=WgVN2xAAAAAJ
Somnath Bhui,"Research Scholar, Indian Institute of Technology Kharagpur","Transportation planning, Urban planning, Sustainability",12,https://scholar.google.com/citations?hl=en&user=2wkhUYUAAAAJ
SWAPNIL SHENDE,IIT Kharagpur,"Travel Pattern, Urban Mobility, Transport Behaviour",12,https://scholar.google.com/citations?hl=en&user=007pxRwAAAAJ
Anirban Sengupta,"Ph.D Research Scholar, IIT Kharagpur","Microwave Power amplifier, Doherty power amplifier, Microwave Active circuits, RFIC, Solid state devices",12,https://scholar.google.com/citations?hl=en&user=Uroiae4AAAAJ
Dr. Rinku Pramanick,"PhD Research Scholar, Chemical Engineering Department, IIT Kharagpur","Soft body armor, Correlative and numerical modelling, Development of aging methodology, Lifetime",12,https://scholar.google.com/citations?hl=en&user=8TwhpnoAAAAJ
SHIBA BISWAS,"Ph.D. Scholar, Indian Institute of Technology Kharagpur","Self-propelled particles, Low Re hydrodynamics, Boundary integral method",12,https://scholar.google.com/citations?hl=en&user=HO5u4jYAAAAJ
Prasanna Paithankar,"Senior Undergraduate, Dept. of CSE, IIT Kharagpur",,12,https://scholar.google.com/citations?hl=en&user=iA_DfQQAAAAJ
BITATI SARKAR,M.tech scholar IIT KHARAGPUR,"Traffic engineering, traffic safety",12,https://scholar.google.com/citations?hl=en&user=sH1KTowAAAAJ
Ranjan kumar,Research Scholar @IIT Kharagpur,"GIS and RS Precipitation Recycling, Atmospheric Moisture Transport, Indian Summer Monsoon Rainfall",12,https://scholar.google.com/citations?hl=en&user=JwmdFqMAAAAJ
Ritupurna Baishya,"Postdoctoral Research Fellow, IIT Kharagpur","Batteries, Electrochemistry, Nanomaterials, Electrochemical energy storage, Material science",12,https://scholar.google.com/citations?hl=en&user=roA8QU8AAAAJ
Sum Tateh,"Research Scholar, IIT Kharagpur","Remote Sensing, Precision Agriculture",12,https://scholar.google.com/citations?hl=en&user=aLPIPtkAAAAJ
Sk Asif Rahaman,"Research Scholar, IIT Kharagpur","Protocells, Confined catalysis, Microreactor, Bio-inspired nanomaterials, Systems chemistry",12,https://scholar.google.com/citations?hl=en&user=odI39v8AAAAJ
Rajarshi Das,"Research Scholar , IIT Kharagpur, Rubber Technology Centre","Polymer Science, Elastomers, Sustainability, Sustainable Rubber additive, vitrimer",12,https://scholar.google.com/citations?hl=en&user=MKiXGxwAAAAJ
Karthikeya SM Yelisetty,"Computer Science and Engineering Undergraduate, Indian Institute of Technology …","Software Engineering, Computer Security, Low Latency Systems",12,https://scholar.google.com/citations?hl=en&user=UrIPBB8AAAAJ
Manali Sarkar,"PhD student, IIT Kharagpur, India","Engineering geology, Rock mechanics",12,https://scholar.google.com/citations?hl=en&user=2RdVn8YAAAAJ
Sanchita Mondal,"Research Scholar, IIT Kharagpur","Explainable AI, Natural Language Processing, Machine Intelligence, Internet of Things",12,https://scholar.google.com/citations?hl=en&user=blkJYAcAAAAJ
Arup Ghorai,Indian Institute of Technology Kharagpur,"Polymer Chemistry, Gel polymer electrolytes, ionic liquids, Li-ion, Energy storage applications",12,https://scholar.google.com/citations?hl=en&user=LTkVYbgAAAAJ
Gaurav Kumar,IIT Kharagpur,"Photonic Integrated Circuit, Quantum PIC",12,https://scholar.google.com/citations?hl=en&user=nSitclUAAAAJ
Aagat shukla,Student at IIT Kharagpur,"Machine Learning, Generative AI, NLP, Reinforcement Learning, Big Data",12,https://scholar.google.com/citations?hl=en&user=H1QLvR0AAAAJ
Arita Halder,Indian Institute of Technology Kharagpur,"Artificial Intelligence, Medical Image Analysis, Radiomics, Genomics, Computational Pathology",12,https://scholar.google.com/citations?hl=en&user=mKGucPYAAAAJ
"Purnima K. Chowdhury, PhD","PhD, Indian Institute of Technology Kharagpur, India","Urban Planning, Transportation and Mobilities research",12,https://scholar.google.com/citations?hl=en&user=is6gOMoAAAAJ
Afsal Umar,Indian Institute of Technology Kharagpur,"Estimation, Battery modeling",12,https://scholar.google.com/citations?hl=en&user=RFaFcBYAAAAJ
Rajesh Kumar Sarkar,IIT Kharagpur; National Law University Delhi,"Energy Policy, Law, Urbanization",12,https://scholar.google.com/citations?hl=en&user=YC3rIZcAAAAJ
Tasmay Tibrewal,IIT Kharagpur,"LLM Research, AI Research, Reasoning in LLMs",12,https://scholar.google.com/citations?hl=en&user=eZVqu_UAAAAJ
Abhishek Yadav,Indian Institute of Technology Kharagpur,"Geophysics, Electromagnetic, Magnetotellurics, Electrical Resistivity",12,https://scholar.google.com/citations?hl=en&user=vA2qnoEAAAAJ
V Balaji,"Indian Institute of Technology, Kharagpur","Agricultural Engineering, Farm machinery, Precision Agriculture",12,https://scholar.google.com/citations?hl=en&user=XhkRdSQAAAAJ
Swarup Sangiri,"Research Scholar, Indian Institute of Technology Kharagpur","Particle Physics, High Energy Physics, Geometric and Topological Phases, Quantum Theory",12,https://scholar.google.com/citations?hl=en&user=9SNcItoAAAAJ
Tanmoy Chakroborty,"PhD student of Computer Science, IIT, KGp, India","Complex network, Natural Language Processing, Machine learning",11,https://scholar.google.com/citations?hl=en&user=QS2xC7oAAAAJ
Ashutosh N. Chavan,IIT Kharagpur,Food Process Engineering,11,https://scholar.google.com/citations?hl=en&user=9Hmtyk4AAAAJ
Pampa Mondal,"Ph.D., IIT Kharagpur",RNase A Inhibitors,11,https://scholar.google.com/citations?hl=en&user=MBI72yAAAAAJ
Maddimsetti Srinivas,IIT KGP,"Model Compression, Tiny ML, Efficient Deep Learning",11,https://scholar.google.com/citations?hl=en&user=XEKOrUIAAAAJ
Kondalarao Vonteru,Master's Student IIT KHARAGPUR,"Natural Language Processing, Machine Learning, Deep Learning, Information Retrieval",11,https://scholar.google.com/citations?hl=en&user=pLTqLiUAAAAJ
Soumyadyuti Ghosh,"PhD Scholar, Indian Institute of Technology Kharagpur","Cyber-physical Systems (CPS), CPS Security and Privacy, Cryptography",11,https://scholar.google.com/citations?hl=en&user=smG8-n0AAAAJ
Shubham Sahoo,"Student, Indian Institute of Technology Kharagpur","Robotics, Computer Vision, Autonomous Vehicles, 5G Communications",11,https://scholar.google.com/citations?hl=en&user=AbAbDroAAAAJ
Rajarshi Sen,"Research Scholar, IIT Kharagpur","microwave ferrites, antiferromagnets, passive components, photonic spin density, light-matter interaction",11,https://scholar.google.com/citations?hl=en&user=JDA2x-oAAAAJ
Gouri Karambelkar,"PhD Research Scholar, IIT Kharagpur India","music perception, Hindustani (Indian) classical music",11,https://scholar.google.com/citations?hl=en&user=slGPQXsAAAAJ
Archita Chatterjee,IIT Kgp,"human- nature interface, ecosystem services, ecological studies, cultural studies, dance studies",11,https://scholar.google.com/citations?hl=en&user=DFB4N80AAAAJ
Preety Saini,"Research Scholar, Department of Architecture and Regional Planning, IIT Kharagpur","Land-use planning, Transportation Planning, Choice modelling, Machine Learning",11,https://scholar.google.com/citations?hl=en&user=Yo61OUAAAAAJ
Muhammed Musthafa,Ex-Student at IIT KGP,"Heat transfer devices, evolutionary algorithms, energy engineering",11,https://scholar.google.com/citations?hl=en&user=EIPYHmIAAAAJ
Anupam Kundu,"Senior Research Fellow, IIT Kharagpur","Advanced Welding, AI-ML in Mechanical Engg, Smart & Sustainable Manufacturing, Materials Processing",11,https://scholar.google.com/citations?hl=en&user=NOTxybwAAAAJ
Tushar Bhandari,"Research Scholar, IIT Kharagpur","Rock Mechanics, Digital Image Correlation",11,https://scholar.google.com/citations?hl=en&user=RxDl0zYAAAAJ
Smita Das,"Indian Institute of Technology, Kharagpur",Cryptography,11,https://scholar.google.com/citations?hl=en&user=MsUB9yMAAAAJ
Debolina Pramanik,"Research Scholar, Indian Institute of Technology Kharagpur","Signal Processing, Digital Speech Processing, Machine Learning, Deep Learning",11,https://scholar.google.com/citations?hl=en&user=LbLolcEAAAAJ
Mahima Patel,Indian Institute of Technology Kharagpur,"Microwave Circuits, Power Amplifier",11,https://scholar.google.com/citations?hl=en&user=IkHdmIwAAAAJ
Dr. Sharique Ali Asghar,Indian Institute of Technology Kharagpur India,"Neuroelectronics, Neural Interface, Finite Element Modeling, Retinal Prosthesis, Microfabrication",11,https://scholar.google.com/citations?hl=en&user=ZEreZncAAAAJ
Pranabjyoti Talukdar,Indian Institute of Technology,"Biophotonics, Biospectroscopy, Multivariate analysis",11,https://scholar.google.com/citations?hl=en&user=lWZC9dwAAAAJ
Aravind Sridhar,"Member of Technical Staff - ML & AI @athenahealth, Medical Imaging and Informatics, IIT …","Artificial Intelligence, Machine Learning, Deep Learning, CNN, Digital Image Processing",11,https://scholar.google.com/citations?hl=en&user=VIGI0j4AAAAJ
Bibekjyoti Boro,"PhD Scholar, IIT Delhi || MTech, IIT Kharagpur","Nanoscience, Quantum dots, Nanosensor, Emulsion",11,https://scholar.google.com/citations?hl=en&user=vb-kt3IAAAAJ
Anushka singh,Indian institute of technology Kharagpur,"Large Language Models, Graph neural networks, Deep learning, Cyber security, Computer vision",11,https://scholar.google.com/citations?hl=en&user=tev4CosAAAAJ
Pooja P Jain,"MMST, Indian Institute of Technology","Medical Imaging and Informatics, AI in medicine, AR in medicine, Surgical data science",11,https://scholar.google.com/citations?hl=en&user=WySFm1cAAAAJ
MAYANK MANI PANDEY,"Post Doctoral Fellow, IIT Kharagpur","Thermal Engineering, Electronics Cooling, Heat Transfer, Hydrogels, Battery Cooling",11,https://scholar.google.com/citations?hl=en&user=QzODAXkAAAAJ
SUBHAM PAL,"Research Fellow, Indian Institute of Technology Kharagpur, India",Organic Photochemistry,11,https://scholar.google.com/citations?hl=en&user=oxMd5qMAAAAJ
Dr. DS Kushan,Indian Institute of Technology Kharagpur,"Tribology, Atomization, Experimental Fluid Mechanics, Pressure Vessels",11,https://scholar.google.com/citations?hl=en&user=PjE0XBgAAAAJ
Ratul Paul,"Department of Chemistry, IIT Kharagpur",Sensor,11,https://scholar.google.com/citations?hl=en&user=VYcKZr4AAAAJ
Mitali Sahu,"Research Scholar, IIT Kharagpur","Nonlinear Optics, Terahertz Metasurfaces and Metamaterials, Guided Wave and Fiber Optics",11,https://scholar.google.com/citations?hl=en&user=BgrpRXQAAAAJ
Trishita Saha,Indian Institute of Technology Kharagpur,"Natural Language Processing, Legal AI, Educational Technology, Credit Risk Prediction",11,https://scholar.google.com/citations?hl=en&user=SA9RUEMAAAAJ
akankshya samal,"Research Scholar, IIT kharagpur","Development Economics, Financial Economics, Public Policy",11,https://scholar.google.com/citations?hl=en&user=JIPBm3UAAAAJ
Hemanta Kumar Biswal,"Assistant Librarian, Central Library, Indian Institute of Technology Kharagpur","Digital Library, Open Access, Library automation",10,https://scholar.google.com/citations?hl=en&user=CWa1lp8AAAAJ
Dr. Dipti Paridhi Kindo,"Guest Faculty @NIRD&PR, PhD @IIT Kharagpur; Asst. Professor-SIRD(GoJ); Prime Minister …","Localized SDG, Rural Dev. & Governance, Development Economics, PublicPolicy, Indigenous Study",10,https://scholar.google.com/citations?hl=en&user=6t1AHmUAAAAJ
Debabrata Samanta,Student at IIT Kharagpur,"Bioinformatics, Computational Biology, Proteomics",10,https://scholar.google.com/citations?hl=en&user=ph_DXyMAAAAJ
Dripta Piplai (Mondal),Indian Institute of Technology Kharagpur,"Language in education, language policy, syntactic variation",10,https://scholar.google.com/citations?hl=en&user=ewCoM3kAAAAJ
Amit Mondal,"Research Scholar, IIT Kharagpur, Department of Geology & Geophysics","Field Geology, Ore Geology, Geochemistry, Structural Geology and Tectonics",10,https://scholar.google.com/citations?hl=en&user=4N8J42sAAAAJ
Arnab Sarkar,"Indian Institute of Technology, Kharagpur","Approximate Computing, Image Processing, Machine Learning, Computer Vision, Embedded Systems",10,https://scholar.google.com/citations?hl=en&user=R4Vt4nfgRucC
Saranya Das,"Research Scholar, IIT Kharagpur",two dimensional materials,10,https://scholar.google.com/citations?hl=en&user=Cg4b9AYAAAAJ
Owais Iqbal,Research Scholar at IIT Kharagpur,"Computer Vision, Reinforcement Learning",10,https://scholar.google.com/citations?hl=en&user=DUNOjt8AAAAJ
Tazeen Shaikh,"Indian Institute of Technology, Kharagpur","Electromagnetics, Dielectric Resonator Antenna",10,https://scholar.google.com/citations?hl=en&user=ATjPyJQAAAAJ
Anupama Manna,"Research Scholar of chemistry, IIT Kharagpur","Inorganic Chemistry, Single crystal, Schiff base complex, multi nuclear complex",10,https://scholar.google.com/citations?hl=en&user=BCX9GgkAAAAJ
Sunil Kumar Sahoo,"Research Scholar at Department of Chemical Engineering, Indian Institute of Technology …","Heterogeneous Catalysis, Propane Dehydrogenation, Dry Reforming of Methane, CO2 Methanation",10,https://scholar.google.com/citations?hl=en&user=aSbltV4AAAAJ
Dheeraj Kumar Yarlagadda,"Research Scholar, IIT Kharagpur","CO2 Sequestration, Adsorption, Pore Characterization",10,https://scholar.google.com/citations?hl=en&user=4j5XNAwAAAAJ
Rajesh Kumar Sahu,"Research scholar, IIT Kharagpur","Model Based Design, ECU development, Engine Calibration, Combustion & Emissions",10,https://scholar.google.com/citations?hl=en&user=uLvVDvcAAAAJ
Tusar Kumar Nayak,"Research Scholar, Department of Civil Engineering, Indian Institute of Technology …","Concrete Technology, Soil Structure Interaction",10,https://scholar.google.com/citations?hl=en&user=LgmjIAgAAAAJ
Rizwan Ahamed Najimudeen,"School of Medical Science and Technology, Indian Institute of Technology, Kharagpur, West …","System Pharmacology, Tissue engineering, Drug Delivery Systems, Bioinformatics",10,https://scholar.google.com/citations?hl=en&user=n7vfW0YAAAAJ
Pratima Jana,Research scholar at IIT Kharagpur,Post-quantum Cryptography,10,https://scholar.google.com/citations?hl=en&user=UgoRFIgAAAAJ
Debasmita Swain,IIT Kharagpur,Low temperature Physics,10,https://scholar.google.com/citations?hl=en&user=648BBlgAAAAJ
SOUMADIP SAHA,"Student of Physics, Indian Institute of Technology","Machine Learning, Deep Learning, Artificial Intelligence, Reinforcement Learning",10,https://scholar.google.com/citations?hl=en&user=pB9TlpUAAAAJ
Daisy Koch,"Institute Postdoctoral Fellow, School of Water Resources, Indian Institute of Technology …",Water Quantity and Quality  Assessment,10,https://scholar.google.com/citations?hl=en&user=p1m9ThAAAAAJ
Anupam Mondal,"Indian Institute of Technology, Kharagpur","System Security, Computer Architecture, Cryptography",10,https://scholar.google.com/citations?hl=en&user=9tJnQ60AAAAJ
Dr. Vijendra Kumar,"Research Scholar, Indian Institute of Technology Kharagpur","Electroanalytical Study, Electrodeposition",10,https://scholar.google.com/citations?hl=en&user=zFLR4WwAAAAJ
VIKASH CHANDRA,"Research Scholar, Indian Institute of Technology Kharagpur","Building Energy, HVAC, PCM",10,https://scholar.google.com/citations?hl=en&user=l9AKMEAAAAAJ
Ishan Daga,"Student, Indian Institute of Technology (IIT) Kharagpur",Chemistry,10,https://scholar.google.com/citations?hl=en&user=QcwVQpkAAAAJ
Ritwik Acharyya,IIT Kharagpur,"General Relativity, Gravitational waves, Stellar Structures, Gravitational wave Memory",10,https://scholar.google.com/citations?hl=en&user=LR2bEBgAAAAJ
Purba Biswas,"Indian Institute of Technology, Kharagpur","Urban Planning, Urban morphology, GIS",10,https://scholar.google.com/citations?hl=en&user=4UdAcKsAAAAJ
CHIRANJIB RUDRA,"Scientist, IIT Kharagpur","Electronics IoT Design, Sensor & Actuators, Communication, MedTech Design, Optimization Modelling",10,https://scholar.google.com/citations?hl=en&user=sPm7TbAAAAAJ
Annadaa Shankara Dash,IIT Kharagpur,"Powder Metallurgy, Thermal Spray Coating, Laser Processing, Surface Engineering",10,https://scholar.google.com/citations?hl=en&user=5Ba6RXEAAAAJ
Ananya Mandal,"PMRF PhD, Indian Institute of Technology Kharagpur, India","Hydrogen Sensor, Advanced Composite, Hydrogen Distribution, Optimization",10,https://scholar.google.com/citations?hl=en&user=KNsB0TUAAAAJ
Mriganka Bhattacharyya,"Research Scholar, IIT Kharagpur","Polymer Synthesis, Flexible electronics, Rheology, Carbonaceous Materials, TENG",10,https://scholar.google.com/citations?hl=en&user=6KdmkY8AAAAJ
Prakrity Majumder,"Senior Research Fellow, IIT Kharagpur","Hydrogeology, Biogeochemistry, Coastal solute cycling",10,https://scholar.google.com/citations?hl=en&user=Mnm26F4AAAAJ
Neha Chowdhary,"Indian Institute of Technology, Kharagpur","Systems, Observability, Advanced Operating Systems, eBPF, Linux Kernel",10,https://scholar.google.com/citations?hl=en&user=0tR_tG4AAAAJ
Sakshi Singh,Indian Institute of Technology Kharagpur,"Multilevel converters, wind energy, HVDC transmission",10,https://scholar.google.com/citations?hl=en&user=484iyV8AAAAJ
Bivash Chakraborty,"Research Scholar, IIT kharagpur",,10,https://scholar.google.com/citations?hl=en&user=kQP10WcAAAAJ
PAYEL MAITY,Indian Institute of Technology Kharagpur,"Polymer, MOF, Nanotubes, Water Purification, Coating",10,https://scholar.google.com/citations?hl=en&user=n5fIBHgAAAAJ
Faraz Ahmad,IIT Kharagpur,"Power electronics, Embedded control, Control of Power electronics, Dual Active bridge",10,https://scholar.google.com/citations?hl=en&user=xN3U5iEAAAAJ
Mithun Samanta,"Vinod Gupta School of Management, Indian Institute of Technology- Kharagpur, Kharagpur …","Debt Structure, Corporate Governance, Sustainability",10,https://scholar.google.com/citations?hl=en&user=HQMOWsAAAAAJ
Alok Maurya,Indian Institute of Technology Kharagpur,"Remote sensing, IoTs and AI applications in Agriculture",10,https://scholar.google.com/citations?hl=en&user=TmQQe0sAAAAJ
Palash Paul,"Research Scholar, Indian Institute of Technology Kharagpur","Multi-omics, Systems Biology, Respiratory Diseases",10,https://scholar.google.com/citations?hl=en&user=xYIi2CoAAAAJ
Sudhishna p,"Research Scholar, IIT Kharagpur",Fluid-structure interaction in analogue …,10,https://scholar.google.com/citations?hl=en&user=AogWeX0AAAAJ
Asmita M. Rahatgaonkar,"PhD Research Scholar, IIT Kharagpur","LES, Compressible jets, Aeroacoustics, CFD",10,https://scholar.google.com/citations?hl=en&user=DOaQPpsAAAAJ
Abhyuday,"Indian Institute of Technology, Kharagpur","Operation Management, Railway modelling, OR, Scheduling, Inventory",9,https://scholar.google.com/citations?hl=en&user=fzc6hBkAAAAJ
Shibabroto Banerjee,"Technical Professional, IIT Kharagpur","Systems Intelligence, Pulse Oximetry, Photoplethysmography, Digital Library",9,https://scholar.google.com/citations?hl=en&user=8VneLeIAAAAJ
Abhisek Chowdhury,Indian Institute of Technology Kharagpur,"Smartphone Sensing, Healthcare, Disaster Management",9,https://scholar.google.com/citations?hl=en&user=dtu9-mQAAAAJ
Avin Tiwari,"Vellore Institute of Technology, Amravati (VIT-AP University)  and Indian Institute of …","Tax Law, Corporate Laws & International Economic …",9,https://scholar.google.com/citations?hl=en&user=U-CgLHkAAAAJ
Parichay Bhattacharjee,Ph.D. Research Scholar at IIT Kharagpur,"Sensor Networks, IoT, IIoT",9,https://scholar.google.com/citations?hl=en&user=tLsvuDcAAAAJ
Manish Kumar Sharma,"Asst. Professor, Ex - IIMA, Ph.D. IIT Kharagpur, UGC NET, MBA Finance (Gold Medalist), B …","International Economics, Artificial Intelligence, Economics of Technology",9,https://scholar.google.com/citations?hl=en&user=yg_ptQgAAAAJ
Anamika Acharyya,"Research scholar, IIT Kharagpur","Systems biology, Drug resistance",9,https://scholar.google.com/citations?hl=en&user=RY2iwBEAAAAJ
Satyajit Swain,"Data Scientist at HP Inc, MS, Indian Institute of Technology, Kharagpur","IoT, Time series analysis, Machine learning, Blockchain",9,https://scholar.google.com/citations?hl=en&user=X79wuxcAAAAJ
Avishek Padhi,"Researcher, IIT Kharagpur, India","Natural Convection Heat Transfer with CFD …, Cracking of Fuel",9,https://scholar.google.com/citations?hl=en&user=5JiDRdQAAAAJ
Arnav Pati,Second year Undergraduate Student of Computer Science and Engineering (B.Tech.) at …,"Deep Learning on EEG based BCI systems, AI for neuroscience, Meta Learning",9,https://scholar.google.com/citations?hl=en&user=aHh7eA8AAAAJ
Anwesha Chakravarty,"PhD Student, IIT Kharagpur; MTech, Jawaharlal Nehru University","Computer Vision, Explainability, Deep Learning, Human-Centered AI",9,https://scholar.google.com/citations?hl=en&user=McirQccAAAAJ
Saptarshi Das,"Department of Industrial & Systems Engineering, IIT Kharagpur","Industry 4.0, Quality, IoT, Machine learning, Data analysis",9,https://scholar.google.com/citations?hl=en&user=eLjJ6XQAAAAJ
Krishnendu Ghosh,"Research Scholar, IIT Kharagpur","Deep Learning, Computer vision",9,https://scholar.google.com/citations?hl=en&user=z1WZKdgAAAAJ
Anupam Sahoo,"Research Scholar of Mathematics, IIT Kharagpur",(Non) Associative Algebra,9,https://scholar.google.com/citations?hl=en&user=czdtKekAAAAJ
Anooja Sara Mathew,"Research Scholar, Indian Institute of Technology, Kharagpur","Hydrogen Geo-storage, CCUS, Energy and Environment, Geotechnical Engineering",9,https://scholar.google.com/citations?hl=en&user=9AetUscAAAAJ
Subham kumar,"Indian Institute of Technology, Kharagpur","NLP, AI, Quantum Circuits",9,https://scholar.google.com/citations?hl=en&user=1QLw658AAAAJ
Akshay Chordia,"Master of Chemistry, IIT Kharagpur",computational chemistry,9,https://scholar.google.com/citations?hl=en&user=JtcpOxUAAAAJ
Debjyoti Ghosh,IIT Kharagpur,"Geology, geophysics",9,https://scholar.google.com/citations?hl=en&user=rjl2glgAAAAJ
Nilanjan Paul,"Doctoral Researcher, Indian Institute of Technology Kharagpur","Architecture, Urban Planning, Social Equity, Transportation",9,https://scholar.google.com/citations?hl=en&user=kTL96q4AAAAJ
Bushra saba,IIT Kharagpur,urban planning,9,https://scholar.google.com/citations?hl=en&user=eg6vlBwAAAAJ
Sreya Mittal,Ph.D. Indian Institute of Technology Kharagpur,"Lithium-ion Battery, Zinc-ion Battery, Electrode, ASEI, DSSCs",9,https://scholar.google.com/citations?hl=en&user=MZw4SQ8AAAAJ
Harsh Borse,Iit Kharagpur,"Anomaly Detection, Root cause analysis, Recovery, Troubleshooting, Microservices",9,https://scholar.google.com/citations?hl=en&user=VARbvUIAAAAJ
Dishari Medda,"PhD student, IIT Kharagpur, India","Live cells, Membrane biophysics, Synthetic lipid systems, TCSPC, FLIM  FCS",9,https://scholar.google.com/citations?hl=en&user=V6qCZJ0AAAAJ
Arka Prava Sarkar,"Ph.D. Scholar, IIT Kharagpur","Liquid-Metal Interface, Density Functional Theory, Molecular Dynamics",9,https://scholar.google.com/citations?hl=en&user=kfJzDJMAAAAJ
Abhinandan Banerjee,"Research Scholar, Mechanical Engineering Department, Indian Institute of Technology …","Additive Manufacturing, Wire Arc Additive Manufacturing, Composites, DED, LAM",9,https://scholar.google.com/citations?hl=en&user=Z2bbMUwAAAAJ
Alok Kumar Singh,"MS Student, Indian Institute of Technology Kharagpur",Noise and Vibration Control,9,https://scholar.google.com/citations?hl=en&user=UVq7rfMAAAAJ
Aprameyo Chakrabartty,"Undergraduate student, Department of Electronic and Electrical Communication, IIT …","Machine Learning, Computer Vision, LLMs, Optimisation",9,https://scholar.google.com/citations?hl=en&user=tBs529cAAAAJ
Supratik Nandan,Indian Institute of Technology Kharagpur,"Immunology, Helper T Cell Biology, Computational Biology, Bioinformatics",9,https://scholar.google.com/citations?hl=en&user=6zI9wCIAAAAJ
Venkata Hanuma Kumar Lukka,"Research Scholar, IIT Kharagpur","Electronic waste recycling, Extractive metallurgy",9,https://scholar.google.com/citations?hl=en&user=KgupznoAAAAJ
Rahul Badri,"Prime Minister's Research Fellow (PMRF), Materials Science Centre, IIT Kharagpur","Functionalised fillers, Polymer electrolytes, Lithium and Sodium Batteries",9,https://scholar.google.com/citations?hl=en&user=5pAzGAEAAAAJ
Soumik Chatterjee,"Senior research scholar, Department of Chemistry,IIT Kharagpur",Organic photochemistry,9,https://scholar.google.com/citations?hl=en&user=53AiNqAAAAAJ
Omkar Venkata Yalla,"Research Scholar, Indian Institute of Technology Kharagpur","Fluid structure interaction, Renewable energy, Energy harvesting by vortex induced …, CFD",8,https://scholar.google.com/citations?hl=en&user=k_l7qhwAAAAJ
Mohd Imaran,Ph.D. Indian Institute of Technology Kharagpur,"Geology, Coastal Geology, Coastal Physical Oceanography",8,https://scholar.google.com/citations?hl=en&user=8a7fvM8AAAAJ
Saitanay Naribole,"Indian Institute of Technology, Kharagpur",Mechanical Engineering,8,https://scholar.google.com/citations?hl=en&user=iXzaow0AAAAJ
Sai Hemanth Kasaraneni,"Dual Degree Student, Indian Institute of Technology Kharagpur","Deep Learning, Deep Generative Models, Un(Semi)-supervised Learning, Computer Vision",8,https://scholar.google.com/citations?hl=en&user=pdEE2fcAAAAJ
Parth Mall,"Indian Institute of Technology, Kharagpur","Robotics, Motion Planning, Computer Vision, Machine Learing",8,https://scholar.google.com/citations?hl=en&user=8uDXZjMAAAAJ
Koustav De,Research Scholar at IIT Kharagpur,"Graph Theory and Algorithms, Theoretical CS",8,https://scholar.google.com/citations?hl=en&user=5nHhs2UAAAAJ
Debarshi Mukherjee,"Senior Research Fellow, Indian Institute of Technology Kharagpur","Microbial ecology, Bioinformatics",8,https://scholar.google.com/citations?hl=en&user=x77lB7UAAAAJ
asrar asim,research scholar IIT KHARAGPUR,Computational Imaging | Inverse Scattering …,8,https://scholar.google.com/citations?hl=en&user=2FtpZTAAAAAJ
Anuprava Chatterjee,Indian Institute of Technology Kharagpur,"Statistical Modelling, Bioinformatics, Graph Theory, Machine Learning",8,https://scholar.google.com/citations?hl=en&user=ZGWM6RAAAAAJ
Mainak Ghosh,IIT Kharagpur,"Materials Science, Composites, Semiconductor devices",8,https://scholar.google.com/citations?hl=en&user=egb7A4oAAAAJ
Utkarsh Patel,"Indian Institute of Technology, Kharagpur","Machine Learning, Natural Language Processing",8,https://scholar.google.com/citations?hl=en&user=VJ4wdIUAAAAJ
Aditya Kumar Jha,"Indian Institute of Technology (IIT), Kharagpur","Computer Vision, Robotics",8,https://scholar.google.com/citations?hl=en&user=JWimJ1AAAAAJ
Neeladri Sekhar Bera,"PhD Scholar, IIT Kharagpur","Microfluidics, Drops, Interfacial phenomena, EMHD, Natural Convection",8,https://scholar.google.com/citations?hl=en&user=48G1xG8AAAAJ
Kunal Kumar,"PMRF , IIT Kharagpur","Microfluidics, porous media, Paper-based-microfluidics, soft matter",8,https://scholar.google.com/citations?hl=en&user=6HO9JfEAAAAJ
Madhubarna Dhar,"Doctoral Research Scholar, Indian Institute of Technology, Kharagpur","Sociology, Urban Informality, Street Vendors, Cities, Urban Governance",8,https://scholar.google.com/citations?hl=en&user=oK9akHYAAAAJ
Ananya Saha,PhD Scholar at IIT KGP(CSE),Computer Vision,8,https://scholar.google.com/citations?hl=en&user=JQjC2ekAAAAJ
Sayan Das,"Research Scholar, Indian Institute of Technology Kharagpur","Thermal Forming, Metal Plasticity, Numerical Methods, Finite Element Analysis, Sheet Metal Forming",8,https://scholar.google.com/citations?hl=en&user=lp6UYiwAAAAJ
Avrodeep Paul,"Masters of Technology, Agricultural and Food Engineering Department, Indian Institute of …","Remote Sensing, Synthetic Aperture Radar, Sentinel, Machine Learning",8,https://scholar.google.com/citations?hl=en&user=gpAgsyEAAAAJ
Swapnil Laxman Jagadale,"Research Scholar , IIT Kharagpur","Fluid Mechanics, CFD",8,https://scholar.google.com/citations?hl=en&user=iWblkeQAAAAJ
Krishna Mohan 6045,Postgrad at IIT Kharagpur,Large Language Models,8,https://scholar.google.com/citations?hl=en&user=eVlzytgAAAAJ
Sayanton Mohanta,Research Scholar at IIT Kharagpur,Traffic Safety Driver Behaviour Horizontal …,8,https://scholar.google.com/citations?hl=en&user=2W4g1xYAAAAJ
Beas Mukherjee,Indian Institute of Technology Kharagpur,"Structural Biology, Protein Engineering",8,https://scholar.google.com/citations?hl=en&user=5FNUKKMAAAAJ
Sarani Dey,"Graduate student at Indian Institute of Technology, Kharagpur",Neuroscience and epigenetics,8,https://scholar.google.com/citations?hl=en&user=QzRdbscAAAAJ
Someprosad Patra,"Research Scholar, Indian Institute of Technology Kharagpur","Graphene electronics, Optoelectronic materials, TE materials and Devices, Semiconductor Physics",8,https://scholar.google.com/citations?hl=en&user=S8rytuwAAAAJ
Dipanjali Chatterjee,Indian Institute of Technology Kharagpur,"Physiology of aromatic plants, Leaf volatile, Glandular trichome, Controlled-environment agriculture",8,https://scholar.google.com/citations?hl=en&user=fHZH99kAAAAJ
Rishika Raj,"Research Scholar (Economics), Department of Humanities and Social Sciences, IIT …","Food Security, Climate Change, Urbanisation, Dietary patterns, Development Economics",8,https://scholar.google.com/citations?hl=en&user=42QQt64AAAAJ
Nisarg Bhavsar,IIT Kharagpur,"Machine Learning, Natural Language Processing, Privacy-Preserving ML",8,https://scholar.google.com/citations?hl=en&user=QeClnsAAAAAJ
Amrita Bose,Indian Institute of Technology Kharagpur,"Cryptography, Cyber Security, Embedded Device Security, Cryptanalysis, Deep Learning",8,https://scholar.google.com/citations?hl=en&user=-Bqxu1AAAAAJ
Abhinav Singh,"Cryogenic Engineering Centre, Indian Institute of Technology Kharagpur","Cryogenic heat transfer, Multiphase flow, CFD",8,https://scholar.google.com/citations?hl=en&user=4n4LBSwAAAAJ
Rohit thakran,"Research Scholar, Chemical Engineering, Indian Institute of Technology Kharagpur",Desalination,8,https://scholar.google.com/citations?hl=en&user=e5ZfTR4AAAAJ
Kabira Sabnam,IIT Kharagpur,Biophysical Chemistry,8,https://scholar.google.com/citations?hl=en&user=fBtjEAoAAAAJ
Subhankar Pal,"PhD scholar, Department of Civil Engineering,IIT Kharagpur","Computational Mechanics, Smoothed Particle Hydrodynamics",8,https://scholar.google.com/citations?hl=en&user=B4Er66QAAAAJ
Md Sultan,"PhD, IIT Kharagpur","Microhydrodynamics, LBM",8,https://scholar.google.com/citations?hl=en&user=XhZSnVUAAAAJ
Vivek G,Indian institute of technology Kharagpur,,8,https://scholar.google.com/citations?hl=en&user=LA4VtX0AAAAJ
Samay Sawal,"Student, IIT Kharagpur","Machine Learning, Deep Learning, Computer Vison, System Design, Algorithms",8,https://scholar.google.com/citations?hl=en&user=J-CU5WwAAAAJ
Prateek Dhaka,"Student, Indian Institute of Technology Kharagpur","Extended Reality, Seismic Prospecting",8,https://scholar.google.com/citations?hl=en&user=5oQ9jlgAAAAJ
Ajay Kumar Sharma,IIT Kharagpur,Law,8,https://scholar.google.com/citations?hl=en&user=2y2yO54AAAAJ
Indranil Bhattacharya,Joint Ph.D. at IIT Kharagpur and University of Melbourne,"Bioprocess engineering, Chemical engineering, Biotechnology, Photosynthetic microorganisms",8,https://scholar.google.com/citations?hl=en&user=9HBgxpgAAAAJ
Suprabhat Maity,IIT Kharagpur,"Artificial Intelligence, Machine Learning, Computer Vision, GenAI",8,https://scholar.google.com/citations?hl=en&user=Jm_qT9QAAAAJ
Bisworanjan pradhan,"Research Scholar, Indian Institute of Technology Kharagpur","Metamorphic Petrology, Subduction Tectonics, Ophiolites, Geodynamics",8,https://scholar.google.com/citations?hl=en&user=aEK9Sp0AAAAJ
Pranav Nyati,"Undergraduate Student, Indian Institute of Technology Kharagpur",Theoretical CS,8,https://scholar.google.com/citations?hl=en&user=DrWmRscAAAAJ
Aayush Poddar,"Financial Engineering, IIT Kharagpur","Quantitative Research, Machine Learning, Inferential Analysis and Statistics",8,https://scholar.google.com/citations?hl=en&user=qw73cxUAAAAJ
Anindita Bhattacharya,"PhD student, IIT Kharagpur","Microfluidics, Electrokinetics, Ion Concentration Polarization, Complex Fluids, Electrorheology",8,https://scholar.google.com/citations?hl=en&user=MI0k3JcAAAAJ
Mohammad Azharuddin Sanpui,Indian Institute of Technology Kharagpur,Fair Division,8,https://scholar.google.com/citations?hl=en&user=xZvLJvoAAAAJ
Kislay Arya,"Student, Indian Institute of Technology Kharagpur",Computer Architecture,8,https://scholar.google.com/citations?hl=en&user=0bqkP_8AAAAJ
Shashwat Naidu,Undergraduate Student at IIT Kharagpur,"Natural Language Processing, LLM Reasoning",8,https://scholar.google.com/citations?hl=en&user=rPL_qRAAAAAJ
Shivani Shivani,"Research Scholar, Indian Institute of Technology Kharagpur","Stress physiology, Plant molecular biology, Calcium siganling, Gene expression, Nano-technology",8,https://scholar.google.com/citations?hl=en&user=6SMA104AAAAJ
Manoranjan Behera,IIT KHARAGPUR,,8,https://scholar.google.com/citations?hl=en&user=m_dRtn4AAAAJ
Rahul Ghosh,SRF at IIT Kharagpur,Hydrogeology,8,https://scholar.google.com/citations?hl=en&user=ScWEulgAAAAJ
Ananya Dey,IIT Kharagpur,"Computational Electromagnetics, Antenna Theory and Design, Inverse Problems, Near-Field Synthesis",8,https://scholar.google.com/citations?hl=en&user=PdlxqwQAAAAJ
Kumar Abhinav,Indian Institute of Technology Kharagpur,"Computer Vision, Machine Learning, Robotics",7,https://scholar.google.com/citations?hl=en&user=60oKR_wAAAAJ
Hardik Agrawal,"Indian Institute of Technology, Kharagpur","Biomedical integrated circuits, Digital Architectures, Hardware Security",7,https://scholar.google.com/citations?hl=en&user=6fvtf_gAAAAJ
Venu Balaji Vinnakota,Indian Institute of Technology Kharagpur,"Stochastic Geometry, Channel Estimation, Beamforming, Wireless Communications",7,https://scholar.google.com/citations?hl=en&user=xneWIpkAAAAJ
Hardik Aggarwal,Indian Institute of Technology Kharagpur,"Complex Networks, Deep learning, Information Retrieval, Data Mining, Natural language Processing",7,https://scholar.google.com/citations?hl=en&user=-1VIu8EAAAAJ
Pushpendra Singh Rathore,IIT KHARAGPUR,"NLP, Social Computing",7,https://scholar.google.com/citations?hl=en&user=qXe7GYwAAAAJ
Sudeep Shaw,Indian Institute of Technology Kharagpur,"Sustainability, Project Management, Operations Management, Textile Industry",7,https://scholar.google.com/citations?hl=en&user=IKRPDBwAAAAJ
Aniket Roy,"Ph.D Research Scholar, Electrical Engineering department, Indian Institute of Technology …","Control Systems, Vehicle supervisory control, Safety analysis of Autonomous vehicles",7,https://scholar.google.com/citations?hl=en&user=xwtc8XAAAAAJ
Sumit Biswas,IIT Kharagpur,"Intrusion Detection System, Intrusion Prevention System, Human Resources, Social Sciences, Human Resources Information System",7,https://scholar.google.com/citations?hl=en&user=Uq5AmssAAAAJ
Arpan Chakraborty,Research Scholar at IIT Kharagpur,"Macroeconomics, Applied Econometrics, Simulation and Computation",7,https://scholar.google.com/citations?hl=en&user=44XqDxgAAAAJ
Arpit Dwivedi,Indian Institute of Technology Kharagpur,"Deep Learning, Natural Language Processing",7,https://scholar.google.com/citations?hl=en&user=P1WBS00AAAAJ
Yash Vora,"Student, Indian Institute of Technology Kharagpur",,7,https://scholar.google.com/citations?hl=en&user=-IqwCjwAAAAJ
Subhajit Sarkar,IIT Kharagpur,Neuroscience,7,https://scholar.google.com/citations?hl=en&user=h9RztcIAAAAJ
Srikar Reddy Kuncharapu,Student at IIT Kharagpur,AI(Computer Vision),7,https://scholar.google.com/citations?hl=en&user=m-I-jpoAAAAJ
Sarita Pradhan,"PhD Research Scholar, Indian Institute of Technology Kharagpur, West Bengal","Bio composites, GFRP composites, 3D Printing, Compression Moulding",7,https://scholar.google.com/citations?hl=en&user=XGOdicgAAAAJ
Sonali Aatrai,"Indian Institute of Technology, Kharagpur","Cognitive, Neuroscience, Eye-Tracking, Visual Perception",7,https://scholar.google.com/citations?hl=en&user=BVAXmLcAAAAJ
Anand Babu Amere,"Research scholar, Indian Institute of Technology Kharagpur, India","Physical Oceanography, Ocean dynamics, Air-sea interaction, Climate variability and climate change",7,https://scholar.google.com/citations?hl=en&user=kd1JboQAAAAJ
Akhil Nair,Student at Indian Institute of Technology Kharagpur,"Machine Learning, Computer Vision, Image Analysis",7,https://scholar.google.com/citations?hl=en&user=kS1tnVkAAAAJ
Soumita Guria,"Research Scholar,IIT Kharagpur","Multi-Criteria Decision Making, Aggregation Operator, Uncertainty, Aritifical Intelligence",7,https://scholar.google.com/citations?hl=en&user=sIqBjxevbsEC
Haraprasad Badajena,"Student at Indian Institute of Technology, Kharagpur","Signal Processing, Machine Learning, Edge AI, Machinery Fault Diagnosis",7,https://scholar.google.com/citations?hl=en&user=31lyHg0AAAAJ
John Bob Gali,IIT Kharagpur,"statistical signal processing, ML, mathematical theory of statistics, Radars, sensor networks",7,https://scholar.google.com/citations?hl=en&user=HcPWc6oAAAAJ
Chandra Shekhar Lohani,"Research Scholar, IIT Kharagpur, India","Classical turbulence, Quantum turbulence, Rotating flows, BECs",7,https://scholar.google.com/citations?hl=en&user=n0HDdK0AAAAJ
Priyanka Priyanka,IIT Kharagpur,"Multiphase Flow, Fluid Mechanics",7,https://scholar.google.com/citations?hl=en&user=4CpJzlUAAAAJ
IPSITA SAHOO,"Ph.D Scholar, IIT Kharagpur",,7,https://scholar.google.com/citations?hl=en&user=_RfMw7kAAAAJ
Soham Chakraborty,"Student, Indian Institute of Technology, Kharagpur","mmWave sensing, Privacy, Eavesdropping",7,https://scholar.google.com/citations?hl=en&user=VYbyb10AAAAJ
Ronit Dutta,"Dept. of Electrical Engineering, IIT Kharagpur","Embedded Systems & IOT, Analog Signal Processing, Mixed Signal Processing",7,https://scholar.google.com/citations?hl=en&user=f_Xtm0QAAAAJ
Samparka Dey,"PhD Scholar, IIT Kharagpur",Quantum Computing,7,https://scholar.google.com/citations?hl=en&user=D3_k6O0AAAAJ
Aishi Debnath,"Indian Institute of Technology, Kharagpur","Structural Geology, Tectonics",7,https://scholar.google.com/citations?hl=en&user=-dsRmgIAAAAJ
Swagatika Priyadarshini Mohanty,Research scholar at IIT Kharagpur,"Electrostatic spraying, Precision agriculture, Design and development of farm machineries",7,https://scholar.google.com/citations?hl=en&user=hoilTy8AAAAJ
Sreevatsa Muppirala,"B.Tech+M.Tech, IIT Kharagpur","Natural Language Processing, Large Language Models",7,https://scholar.google.com/citations?hl=en&user=W94m9P0AAAAJ
Virendra Kumar Gautam,"Research Scholar (PhD), Computer Science and Engineering, IIT Kharagpur","Cryptography, Cellular Automata, Applied ML/DL",7,https://scholar.google.com/citations?hl=en&user=oYvr4vAAAAAJ
Abdullah Al Mamun,"PhD Scholar, IIT Kharagpur",Agricultural and Development Economics,7,https://scholar.google.com/citations?hl=en&user=TCY_U-cAAAAJ
Amrendra Pratap Bind,"Senior Research Fellow, Department of Geology and Geophysics, IIT Kharagpur","Earthquake Engineering, Seismology, Seismic Hazard, Microzonation",7,https://scholar.google.com/citations?hl=en&user=Guq5-CUAAAAJ
Mandrita Chatterjee,"Assistant Professor, Physiology, Dr. BCRoy Multi-Speciality Medical Research Centre, IIT …","Physiology, Neuroimaging and Neuro-electrophysiology …",7,https://scholar.google.com/citations?hl=en&user=H9Splu4AAAAJ
Sudheer Tripathi,"Research Scholar, Indian Institute of Technology Kharagpur",,7,https://scholar.google.com/citations?hl=en&user=hSem9M0AAAAJ
Amaan Dash,"PhD, Indian Institute of Technology Kharagpur","Microscale Transport Process, Passive Sensors",7,https://scholar.google.com/citations?hl=en&user=vb7iOygAAAAJ
Nishant Yadav,IIT Kharagpur,Computational Chemistry,7,https://scholar.google.com/citations?hl=en&user=Ca9y_kEAAAAJ
Mohammad Asjad,Indian Institute of Technology Kharagpur,"Deep Learning, Computer Vision",7,https://scholar.google.com/citations?hl=en&user=nlIspSIAAAAJ
Prateekkumar Kotegar,Indian Institute of Technology Kharagpur,Microfluidics,7,https://scholar.google.com/citations?hl=en&user=wQEBYeEAAAAJ
Priya Rani,"Research Scholar, IIT Kgp","Seismology, Seismic Data Analysis, Rock Physics, Seismic Inversion, Gravity and Nanophysics.",7,https://scholar.google.com/citations?hl=en&user=xmvnDcgAAAAJ
Suman Ghanta,"Research Fellow, IIT Kharagpur","DFT, Machine Learning in Materials Science",7,https://scholar.google.com/citations?hl=en&user=nWhu7kAAAAAJ
Srinjoy Chanda,IIT Kharagpur,AI in Healthcare,7,https://scholar.google.com/citations?hl=en&user=CGVS-IUAAAAJ
Jyotsana singh,"PhD Scholar, Indian Institute of Technology Kharagpur","Biotechnology, Environmetal microbiology, Polymers, Sustainability",7,https://scholar.google.com/citations?hl=en&user=Iecp7sgAAAAJ
Chirantan Sandip Saigaonkar,"Department of Agricultural and Food Engineering, Indian Institute of Technology Kharagpur","Biopolymer, Hydrocolloids, Cold plasma, Nutraceutical, Analytical Method Development",7,https://scholar.google.com/citations?hl=en&user=NaBtjk8AAAAJ
Sayandeep Bhowmick,IIT Kharagpur,"Natural Language Processing, Large Language Models, Reasoning Models",7,https://scholar.google.com/citations?hl=en&user=fiK6lIEAAAAJ
Dulal Mondal,IIT KGP,"Molecular Dynamics Simulation, Constant pH MD",7,https://scholar.google.com/citations?hl=en&user=zY21U4EAAAAJ
Poulami Hazra,Department of Chemical Engineering at Indian Institute of Technology Kharagpur,"Energy and Environment, Catalyst, CO2 utilization",7,https://scholar.google.com/citations?hl=en&user=nmPWqysAAAAJ
Abhijit Saha,"Department of Chemical Engineering, IIT Kharagpur","Wastewater Treatment and Remediation, Cellulose-Based Nanomaterials, Membranes, Quantum Dots",7,https://scholar.google.com/citations?hl=en&user=uCvPHnAAAAAJ
Kiran George Varghese,"Research Scholar, Indian Institute of Technology Kharagpur","Propeller Design & Optimisation, Ship Design & Hydrodynamics, Naval Architecture & Ocean Engineering",7,https://scholar.google.com/citations?hl=en&user=C3rsmP8AAAAJ
Anjali Deepu,"Indian Institute of Technology, Kharagpur",Vision,7,https://scholar.google.com/citations?hl=en&user=3oBOygMAAAAJ
Kishan Kumar,Senior Research Fellow at IIT Kharagpur,"Behavioral Finance, Assets Pricing",7,https://scholar.google.com/citations?hl=en&user=9cY4b2AAAAAJ
Ankit Shivhare,"Research Scholar, IIT Kharagpur","Mixed Signal IC Design, VLSI, SoC, Semiconductor Devices",6,https://scholar.google.com/citations?hl=en&user=5aVcd6oAAAAJ
Akchhay Kumar,IIT Kharagpur,Turbomachine,6,https://scholar.google.com/citations?hl=en&user=QSZzDeMAAAAJ
Saurabh Jain,"Senior Research Fellow, IIT Kharagpur","Mining Engineering, Rock Mechanics and Ground Control, Geomechanics, Geotechnical Engineering, Machine Learning",6,https://scholar.google.com/citations?hl=en&user=EvvCNxkAAAAJ
Ankush Roy,"Undergraduate Student at Department of Mechanical Engineering, Indian Institute of …","Robotics, Mechanical System Design",6,https://scholar.google.com/citations?hl=en&user=3xe6kgcAAAAJ
Subhrajit Patnaik,"Dept. of Metallurgical and Materials Engineering, Indian Institute of Technology Kharagpur",Advanced Materials,6,https://scholar.google.com/citations?hl=en&user=TW-XmesAAAAJ
Sinjan Debnath,"Research Scholar, Department of Civil Engineering, Indian Institute of Technology …","Geotechnical Engineering, Geotechnical Earthquake Engineering, Soil Dynamics",6,https://scholar.google.com/citations?hl=en&user=zN0zDUUAAAAJ
Vamshi PN,IIT Kharagpur,"Artificial Intelligence, Autonomous Vehicles, Machine Learning",6,https://scholar.google.com/citations?hl=en&user=NdceH0wAAAAJ
Bidisha Borah,"Ph.D. Research Scholar at  Indian Institute of Technology, Kharagpur","Microfluidics, Enhanced Oil Recovery, Flow through porous media",6,https://scholar.google.com/citations?hl=en&user=57wWZWUAAAAJ
Ayush Singh,"Research Scholar, Indian Institute of Technology Kharagpur","Supply Chain Management, Operation Research",6,https://scholar.google.com/citations?hl=en&user=I1izC0sAAAAJ
Saswat Kumar Nayak,"UW Madison, Indian Institute of Technology Kharagpur.","Chemical Engineering, Machine Learning, Computational Methods",6,https://scholar.google.com/citations?hl=en&user=aPk3nH4AAAAJ
Nimesh Nirbhay,"PMRF Scholar, IIT KHARAGPUR","Geotechnical, Mining",6,https://scholar.google.com/citations?hl=en&user=3SyykkUAAAAJ
Chandan Pan,"Indian Institute of Technology,Kharagpur","Deep Learning, Augmented AI, Foundation Model, Health Analytics, Agentic Workflow Automation",6,https://scholar.google.com/citations?hl=en&user=syQ8Q2wAAAAJ
Susanta Kumar Panda,"Senior Sports Officer, Indian Institute of Technology Kharagpur",Exercise and Sports Psychology,6,https://scholar.google.com/citations?hl=en&user=Pr62_IQAAAAJ
Prajwal,Indian Institute of Technology Kharagpur,Transport in porous media,6,https://scholar.google.com/citations?hl=en&user=4G2Ll3gAAAAJ
Guhan Priyadharshan P.,"Indian Institute of Technology Kharagpur, India","Alain Badiou, Critical Theory, Postcolonial Studies, Continental Philosophy, Tropical Studies",6,https://scholar.google.com/citations?hl=en&user=QDIH0_kAAAAJ
Avneet Lahariya,"Research Scholar, Department of Civil Engineering, IIT Kharagpur","soil dynamics, Rock Mechanics",6,https://scholar.google.com/citations?hl=en&user=QT_Fa9UAAAAJ
Yugal Shrestha,IIT Kharagpur,Solid mechanics,6,https://scholar.google.com/citations?hl=en&user=KCGmr6UAAAAJ
Bhabasankar Samanta,"PhD Research Scholar,Department of Mechanical Engineering, Indian Institute of …",Rail Vehicle Dynamics,6,https://scholar.google.com/citations?hl=en&user=F_s6c8kAAAAJ
Dr. SWAGATIKA PRADHAN,"PhD, Indian Institute of Technology Kharagpur",DNS/LES of compressible flows,6,https://scholar.google.com/citations?hl=en&user=rgLlMqIAAAAJ
SWARUP PADHI,"Indian Institute of Technology, Kharagpur",,6,https://scholar.google.com/citations?hl=en&user=OlwwhXsAAAAJ
Murali Mohan Mishra,"Indian Institute of Technology, Kharagpur","Tissue engineering, Extracellular vesicles, Metabolic disorders, Drug discovery, Nanobiotechnology",6,https://scholar.google.com/citations?hl=en&user=7t2CpTQAAAAJ
Sparsh Kumar Jha,"B.Tech (Hons) Gold Medalist Electrical Engineering, Indian Institute of Technology …","Physics, Artificial Intelligence, Quantum Computing, Cognitive Science",6,https://scholar.google.com/citations?hl=en&user=pPHbNdsAAAAJ
Sukanya Das,"MS(Research) student, IIT Kharagpur","Computer Vision, Image Processing, Sign Language Recognition, Human Computer Interaction",6,https://scholar.google.com/citations?hl=en&user=lsAi14oAAAAJ
Yash Sirvi,"Student, IIT Kharagpur",,6,https://scholar.google.com/citations?hl=en&user=ib6bmlQAAAAJ
Sobhanjit Padhi,"Masters Student, IIT Kharagpur","Renewable Energy Systems, Power Systems, Power Quality",6,https://scholar.google.com/citations?hl=en&user=9MdE9soAAAAJ
Nimisha,Senior Research Scholar IIT Kharagpur,"FET based Sensor, Electrochemical Sensor, Fabrication of Sensors",6,https://scholar.google.com/citations?hl=en&user=BY0dVhMAAAAJ
Satya Prasad Gaddamedi,"Research Scholar, Indian Institute of Technology, Kharagpur.","Signal Processing, Speech Enhancement, Deep Learning",6,https://scholar.google.com/citations?hl=en&user=GRm0mKoAAAAJ
Santanu Banerjee,"Master of Science (R), Dept. of Industrial & Systems Engg., Indian Institute of Technology …","Reverse Ageing, SpaceTime, Operations Research, InSociEUP",6,https://scholar.google.com/citations?hl=en&user=m0brfowAAAAJ
Johaan George,Student at IIT Kharagpur,"Machine Learning, Artificial Intelligence",6,https://scholar.google.com/citations?hl=en&user=e76CTawAAAAJ
Sayan Pal,"Research Scholar @ Dept. of EE, IIT Kharagpur","Model predictive control, Learning, Trajectory tracking",6,https://scholar.google.com/citations?hl=en&user=EGuDmNIAAAAJ
Souvik Biswas,"Research Scholar, Indian Institute of Technology Kharagpur",Complex Analysis,6,https://scholar.google.com/citations?hl=en&user=iYapwLsAAAAJ
Hiteshree Suresh Sakhare,Research Scholar IIT Kharagpur,,6,https://scholar.google.com/citations?hl=en&user=Btn-VdMAAAAJ
Satya Brot Sen,Indian Institute of Technology Kharagpur,"Plastics in Environment, Plastics Pollution, Circularity, Material Flow Analysis, Plastics losses",6,https://scholar.google.com/citations?hl=en&user=xe6ZctcAAAAJ
Neelesh Kumar Tanwar,"IIT KHARAGPUR, IIM CALCUTTA","Product Management, Machine Learning, Mathematics",6,https://scholar.google.com/citations?hl=en&user=kewo-Y8AAAAJ
Asritha Bodapati,"Student (MTech - Medical Imaging and Informatics), IIT Kharagpur","Biosensors, Medical imaging",6,https://scholar.google.com/citations?hl=en&user=Z18wdRoAAAAJ
Parthivi Gupta,Indian Institute of Technology Kharagpur,,6,https://scholar.google.com/citations?hl=en&user=ofGpejgAAAAJ
Himanshu Srivastava,"Research Scholar, Department of Civil Engineering, IIT Kharagpur","Computational Hydraulics, Groundwater Hydraulics",6,https://scholar.google.com/citations?hl=en&user=M7vuoe4AAAAJ
Jyotirmoy Biswas,"Research Scholar, Department of Geology and Geophysics, IIT Kharagpur","Shoreline Changes, Coastal Geomorphology, River Science, Geoinformatics, Machine Learning",6,https://scholar.google.com/citations?hl=en&user=0nKEsLUAAAAJ
Sudhakar Rawat,"Agricultural and Food Engineering Department, Indian Institute of Technology Kharagpur","Remote Sensing, GIS",6,https://scholar.google.com/citations?hl=en&user=FnFWwAQAAAAJ
Vishwajeet Singh Solanki,Indian Institute of Technology Kharagpur,Natural Language Processing,6,https://scholar.google.com/citations?hl=en&user=V1or3iwAAAAJ
Nayandeep Deb,"Indian Institute of Technology, Kharagpur",,6,https://scholar.google.com/citations?hl=en&user=44TTGb8AAAAJ
Sudipta Biswas,"Senior Research Fellow, IIT Kharagpur",Condensed Matter Theory,6,https://scholar.google.com/citations?hl=en&user=SqyWDW8AAAAJ
Aritra Kundu,"Student, IIT Kharagpur","Analog & Mixed Signal, Digital VLSI and Computation architecture, Magnetics & Spintronics",6,https://scholar.google.com/citations?hl=en&user=ruRI7D4AAAAJ
Rimpa Pal,"Rajendra Mishra School of Engineering Entrepreneurship, Indian Institute of Technology …",family business,6,https://scholar.google.com/citations?hl=en&user=C2K7ElAAAAAJ
SUBHAM SAHA,"Research Scholar, Indian Institute of Technology Kharagpur, University of Melbourne","Memristors, Neuromorphic Computing, Optoelectronics",6,https://scholar.google.com/citations?hl=en&user=cVCKfUwAAAAJ
Aritra Mondal,"Research Scholar, IIT KHARAGPUR",Electromagnetic Interference Shielding,6,https://scholar.google.com/citations?hl=en&user=pN5js2cAAAAJ
Prima Bagui,"Research Scholar, Indian Institute of Technology Kharagpur, Kharagpur","Microbiology, Plant science, Agronomy, Fibre Flax",6,https://scholar.google.com/citations?hl=en&user=nV63PqAAAAAJ
Komal Dutta,"Indian Institute of Technology Kharagpur, India","Industrial Economics, Labour Economics",6,https://scholar.google.com/citations?hl=en&user=0KU3XhoAAAAJ
Bibhas Chand,"Department of Aerospace Engineering, Indian Institute of Technology Kharagpur","Lattice Boltzmann method, Fluid Structure Interaction, Heat transfer",6,https://scholar.google.com/citations?hl=en&user=5H1GId0AAAAJ
Debayan Das,"PhD Research Scholar, Indian Institute of Technology Kharagpur","Immunolgy, Molecular Biology, Neuroinflammation, Disease Biology",6,https://scholar.google.com/citations?hl=en&user=DOr3cfwAAAAJ
Dipanwita Mitra,"Research Scholar, IIT Kharagpur","Nonlinear Optics, Z-scan, 2D Materials, Material Characterization",6,https://scholar.google.com/citations?hl=en&user=ClJgoXwAAAAJ
Shrantik Kumar Dey,IIT Kharagpur,"Magnetism and Magnetic Materials, Physical Metallurgy, Functional Materials",6,https://scholar.google.com/citations?hl=en&user=5krwzY4AAAAJ
Manogna Reddy NR,Research scholar at IIT Kharagpur,"Solid waste management, life cycle analysis (LCA)",6,https://scholar.google.com/citations?hl=en&user=G68tk6QAAAAJ
Itishree Panda,Indian Institute of Technology Kharagpur,"Electrochemical Interfaces, Microscale Transport Processes",6,https://scholar.google.com/citations?hl=en&user=qQTYBQsAAAAJ
Komal Kumari,"M.Tech student, Indian Institute of Technology Kharagpur","Food science, Food Engineering",6,https://scholar.google.com/citations?hl=en&user=zUq0y6cAAAAJ
KRUNAL KALBENDE,"Indian Institute of Technology, Kharagpur",,5,https://scholar.google.com/citations?hl=en&user=MuqaFNMAAAAJ
Krishna Dulal Dalapati,"Indian Institute of Technology, Kharagpur","Speech Processing, Educational Technology",5,https://scholar.google.com/citations?hl=en&user=V6ZaRlYAAAAJ
Manav Sethi,"Student, Indian Institute of Technology, Kharagpur","Social Networks, Data Science, Natural Language Processing",5,https://scholar.google.com/citations?hl=en&user=VRA56L0AAAAJ
Himadri Shekhar Konar,Indian Institute of Technology Kharagpur,"Drying, Food Processing",5,https://scholar.google.com/citations?hl=en&user=VGS9at4AAAAJ
Md Faruck,"Indian Institute of Technology, Kharagpur","Reconfigurable Microwave Components, Optically Reconfigurable Microwave Deivices, 5G, Reconfigurable MIMO Antenna, Wireless Comm",5,https://scholar.google.com/citations?hl=en&user=EcGcDg4AAAAJ
Raj Narayanan,"BTech, Chemical Engineering, IIT Kharagpur","Microfluidics, Nanofluidics, MD simulations, GROMACS",5,https://scholar.google.com/citations?hl=en&user=kIcUv4YAAAAJ
Aman Chandra,"Undergraduate Student, IIT Kharagpur","Robotics, Computer Vision, Machine Learning, Bioinformatics",5,https://scholar.google.com/citations?hl=en&user=LkCw8P4AAAAJ
Tapash Kumar Das,"Reliability Practitioner, Indian Institute of Technology Kharagpur",,5,https://scholar.google.com/citations?hl=en&user=Ruv8JVYAAAAJ
GMA Murali Krishna,Indian Institute of Technology Kharagpur,"Analog Integrated Circuits, Sensor Interfacing Electronics, MEMS Sensors",5,https://scholar.google.com/citations?hl=en&user=0jXBHZsAAAAJ
Manisha,"Research Scholar, IIT Kharagpur","Marketing, Podcast, Digital tourism, Virtual reality, Consumer Behavior",5,https://scholar.google.com/citations?hl=en&user=kldtY2IAAAAJ
Arkapravo Ghosh,"Indian Institute of Technology, Kharagpur","Machine Learning, Deep Learning, Graph Neural Networks, Generative Models",5,https://scholar.google.com/citations?hl=en&user=LPjrlpEAAAAJ
TEKKALI SATYA DURGA VENKATESH,"Research Scholar (IIT KGP), SRF (IIT PKD), JRF (IIT (BHU) Varanasi), M.Tech (NITW)","Ground Improvement, Geo-environmental engineering, Unsaturated Soil Mechanics",5,https://scholar.google.com/citations?hl=en&user=yH6SmMsAAAAJ
Animesh,"AI, PhD Candidate - IIT Kharagpur","Artificial Intelligence, Graph Machine Learning, Geometric Deep Learning, AI4Science, Protein Design",5,https://scholar.google.com/citations?hl=en&user=y61NKacAAAAJ
Smarak Pradhan,"Student at Indian Institute of Technology, Kharagpur","Machine Learning, Deep Learning, Artificial Intelligence",5,https://scholar.google.com/citations?hl=en&user=TyL9_dkAAAAJ
Anjali Rao,Indian Institute of Technology,"Machine Learning, Optimization",5,https://scholar.google.com/citations?hl=en&user=uzO63wUAAAAJ
Soumyajit Das,"Indian Institute of Technology, Kharagpur","Computer Vision, Machine Learning, Representation Learning, Medical Imaging",5,https://scholar.google.com/citations?hl=en&user=Hz6EBQgAAAAJ
Rina Rani Palei,"Indian Institute of Technology Kharagpur, Department of Geology & Geophysics","Micropalaentology, Paleoclimatology, Paleoceanography",5,https://scholar.google.com/citations?hl=en&user=4hcLO5kAAAAJ
Duryodhan Prusty,Indian Institute of Technology (IIT) Kharagpur,"Cardiac Modelling, Computational Biophysics, Nonlinear Dynamics",5,https://scholar.google.com/citations?hl=en&user=xmd1szYAAAAJ
Abhishek kumar,"Research Scholar, IIT Kharagpur","Medical image processing, Ultrasound Super-resolution, Tissue characterization, Biopsy",5,https://scholar.google.com/citations?hl=en&user=23V176YAAAAJ
Shruti Priya,"Indian Institute of Technology, Kharagpur",Commutative Algebra,5,https://scholar.google.com/citations?hl=en&user=tVbJHWQAAAAJ
Dhriti Shankar,"Research Fellow at Department of Humanities and Social Sciences, IIT Kharagpur","Urban Studies, Body Studies, Feminism, Queer Theory, Animal Studies",5,https://scholar.google.com/citations?hl=en&user=pglMo00AAAAJ
Koyena Chowdhury,"Ph.D., Computer Science and Engg, IIT Kharagpur","Transportation Network, Graph Neural Networks, Social Networks, Influence Maximization",5,https://scholar.google.com/citations?hl=en&user=HAjNEHsAAAAJ
Ajay Menon,Indian Institute of Technology Kharagpur,"Hydrodynamics, Wave Energy Converters, Marine Renewable Energy (MRE), Modelica",5,https://scholar.google.com/citations?hl=en&user=QuJ8FT4AAAAJ
Rohit Dhamija,Indian Institute of Technology Kharagpur,"Control Theory, System Modelling, Vehicle Dynamics, Robotics",5,https://scholar.google.com/citations?hl=en&user=YfXkbEYAAAAJ
Harshwardhan Tanwar,IIT Kharagpur | Trimble,"Machine Learning, Data Science, Deep Learning, Building Science",5,https://scholar.google.com/citations?hl=en&user=HbDL58IAAAAJ
Somnath Pandit,"Research Scholar, IIT Kharagpur",Photonic Sensors,5,https://scholar.google.com/citations?hl=en&user=zZ5ELUcAAAAJ
Urbesh Sarkar,Research scholar at IIT Kharagpur,"Power electronics converter (DC-AC, AC-DC) design, Induction Motor drives",5,https://scholar.google.com/citations?hl=en&user=uCnXWo4AAAAJ
Subharthi Saha,"Research Scholar in the Department of Physics, Indian Institute of Technology, Kharagpur","Organic FETs, Semiconductor Physics, Thin Film Technology, Condensed Matter Physics",5,https://scholar.google.com/citations?hl=en&user=WuFuztMAAAAJ
Saptami Ghosh,IIT Kharagpur,"Audio Signal Processing, Deep Learning, Computer Vision, Machine Learning",5,https://scholar.google.com/citations?hl=en&user=WHLMxCQAAAAJ
PRANAB KUMAR,M.sc student at IIT Kharagpur,,5,https://scholar.google.com/citations?hl=en&user=SLx8ALUAAAAJ
Suryam Arnav Kalra,"Indian Institute of Technology, Kharagpur","Machine Learning, Deep Learning",5,https://scholar.google.com/citations?hl=en&user=5ulQMYQAAAAJ
Rahulkumar Rajkumar Sharma,IIT Kharagpur,"Solid state battery, ML, First principle study",5,https://scholar.google.com/citations?hl=en&user=C5HKMy8AAAAJ
Rahul Arvind Mool,"Indian Institute of Technology, Kharagpur",,5,https://scholar.google.com/citations?hl=en&user=u3yvh0oAAAAJ
Dipra Sarkhel,"Senior Research Fellow, Indian Institute of Technology Kharagpur, India","Anthropocene Studies, Planetary Humanities, Literary Theory, Critical Theory, Continental Philosophy",5,https://scholar.google.com/citations?hl=en&user=9hInxxAAAAAJ
Utsab Pal,"PMRF Research Scholar, IIT Kharagpur","Microfluidics, Microscale transport phenomena, CFD",5,https://scholar.google.com/citations?hl=en&user=OGnV_ucAAAAJ
Shruti Agrawal,"Research Scholar , IIT Kharagpur","Computational Biology, Bioinformatics, Protein Engineering, Protein Interaction",5,https://scholar.google.com/citations?hl=en&user=DHeK4D8AAAAJ
Tusita Sarkar,"Research scholar, IIT Kharagpur","computer graphics, algorithm art, computer vision",5,https://scholar.google.com/citations?hl=en&user=E2IbeSYAAAAJ
Rasmita Muduli,IIT Kharagpur,"Microgrid, Battery Storage, Optimization",5,https://scholar.google.com/citations?hl=en&user=bdEZSDgAAAAJ
Akankshya Rout,"Research scholar, Indian Institute of Technology Kharagpur","Metallic glass composite coatings, Wear and Corrosion, passive film",5,https://scholar.google.com/citations?hl=en&user=4H5ayVsAAAAJ
Piyush Gupta,"Senior Research Fellow, Indian institute of technology Kharagpur",Rubber technology,5,https://scholar.google.com/citations?hl=en&user=IjJZ_vAAAAAJ
Saubhik Ghosh,"Research Scholar, Department of Chemistry, IIT Kharagpur",Organic Chemistry,5,https://scholar.google.com/citations?hl=en&user=Igus8tgAAAAJ
Aryan Koganti,Indian Institute Of Technology Kharagpur,"Machine Learning, Computer Vision",5,https://scholar.google.com/citations?hl=en&user=peSdkqEAAAAJ
Sreeja Sarkar,"Research scholar, IIT Kharagpur","Air quality management, Phytoremediation, Adsorption chemistry",5,https://scholar.google.com/citations?hl=en&user=9RBwLbIAAAAJ
SMITA POI,"Research Scholar, Indian Institute of Technology, Kharagpur","consumer behavior, services marketing, technology adoption, vulnerability studies",5,https://scholar.google.com/citations?hl=en&user=6YEVBNkAAAAJ
Soujanya Hazra,"PhD Student, IIT Kharagpur, India","Signal Processing, Machine Learning, Pattern Recognition",5,https://scholar.google.com/citations?hl=en&user=6XN-V18AAAAJ
Khushi Agrawal,Undergraduate Student at IIT Kharagpur,,5,https://scholar.google.com/citations?hl=en&user=TOSQ-D0AAAAJ
Kiran Prakash Vattamparambil,Indian Institute of Technology Kharagpur,"Medical Sociology, Public Health",5,https://scholar.google.com/citations?hl=en&user=n0u-lJcAAAAJ
Palash Paul,"Ph.D. Scholar, IIT Kharagpur",Multi-omics,5,https://scholar.google.com/citations?hl=en&user=gqezRrYAAAAJ
Subhashini Ramasubramanian,Indian Institute of Technology Kharagpur,,5,https://scholar.google.com/citations?hl=en&user=5OhB6EIAAAAJ
Ranit Senapati,"Senior Research Fellow, Indian Institute of Technology Kharagpur","Design Optimization, Machine Learning, Product Design, Systems Engineering",5,https://scholar.google.com/citations?hl=en&user=eHH50PwAAAAJ
Baishali Chakrabarti,"Research Scholar, IIT Kharagpur","Life Cycle Assessment, Sustainability, Blockchain",5,https://scholar.google.com/citations?hl=en&user=ArdaCKYAAAAJ
Akish Emmanuel Kujur,"Master's Student, IIT Kharagpur","Catalysis, NOx Reduction, Polymers",5,https://scholar.google.com/citations?hl=en&user=lih8wvkAAAAJ
Ranjeet Singh,"Indian Institute of Technology, Kharagpur","Ultrafast Spectroscopy, Nonlinear Optics",5,https://scholar.google.com/citations?hl=en&user=IDnnKiQAAAAJ
Devika S Kumar,"Student, Department of Electrical Engineering, Indian Institute of Technology Kharagpur","Digital Electronics, FPGA Prototyping, Control Systems",5,https://scholar.google.com/citations?hl=en&user=7UGKJEwAAAAJ
Rahul Roy,"PhD Scholar @ TeNSorE Lab , Indian Institute of Technology Kharagpur","Mircrofluidics & Nanofluidics, Electrohydrodynamics, Janus Droplet",5,https://scholar.google.com/citations?hl=en&user=zuakVJ0AAAAJ
Anupriya Topno,"Department of Mathematics, Indian Institute of Technology Kharagpur",Lie symmetry analysis,5,https://scholar.google.com/citations?hl=en&user=oFHZyYsAAAAJ
Ahmad Raza Khan,Indian Institute of Technology Kharagpur,"Machine Learning, Deep Learning, Natural Language Processing, Artificial Intelligence",5,https://scholar.google.com/citations?hl=en&user=LrsjVSwAAAAJ
Sayam Bhattacharyya,PhD Scholar at IIT Kharagpur,"Nanoparticles, Microfluidics, and Microfluidics in Biomedical Applications",5,https://scholar.google.com/citations?hl=en&user=l3aMA2AAAAAJ
Billa Rajashekar,"Research scholar, School of Energy Science and Engineering, IIT Kharagpur",Metal Oxide cathodes hard carbon …,5,https://scholar.google.com/citations?hl=en&user=pgVIFKwAAAAJ
Swastika Mukharjee,"Research Scholar, Vinod Gupta School of Management, Indian Institute of Technology …","Banking, Financial Risks, Climate Finance, Corporate Finance",5,https://scholar.google.com/citations?hl=en&user=pcuafIcAAAAJ
Abhilipsa Jena,"Research Scholar, Materials Science Centre, IIT Kharagpur",Photocatalysis Energy conversion & storage,5,https://scholar.google.com/citations?hl=en&user=jzOIF7QAAAAJ
Sachish Singla,Indian Institute of Technology Kharagpur,"Computer Vision, Natural Language Processing, Representation Learning, Multimodal Learning",5,https://scholar.google.com/citations?hl=en&user=c7PY4a4AAAAJ
Ayush Munot,"Indian Institute of Technology, Kharagpur",,5,https://scholar.google.com/citations?hl=en&user=-86DdywAAAAJ
Bikram Ghuku,"Undergraduate, IIT Kharagpur",,5,https://scholar.google.com/citations?hl=en&user=i5y-HyYAAAAJ
Arnab Chakraborty,"PhD Research Scholar, Indian Institute of Technology Kharagpur",,5,https://scholar.google.com/citations?hl=en&user=G6MdAxMAAAAJ
Shubham Saroha,IIT Kharagpur,"Membrane separation, Modeling, Thermodynamics, Water treatment, Molecular dynamics",5,https://scholar.google.com/citations?hl=en&user=WNg_Q-EAAAAJ
Bhabatosh Kanungo,Indian Institute of Technology Kharagpur,Fluid Mechanics,5,https://scholar.google.com/citations?hl=en&user=hu0sYXwAAAAJ
Somdip Paul,"Research Scholar, Department of Chemistry, IIT Kharagpur",Organic Synthesis,5,https://scholar.google.com/citations?hl=en&user=xcbGo7sAAAAJ
Nikhil Kowshik,"Undergraduate, Indian Institute of Technology Kharagpur","Quantum Computing, Artificial Intelligence",5,https://scholar.google.com/citations?hl=en&user=dzQ6VSwAAAAJ
Jyotiranjan Pany,"Indian Institute of Technology, Kharagpur","Mechanical Metallurgy, Physical Metallurgy",5,https://scholar.google.com/citations?hl=en&user=DCcKZEYAAAAJ
Mahesh Samanta,"Research Scholar, Department of Chemistry, IIT Kharagpur","Synthetic Inorganic Materials and …, Soft Material Chemistry.",5,https://scholar.google.com/citations?hl=en&user=x4DtD1sAAAAJ
Abhishek Arijit,"Student, IIT Kharagpur","Robotics, Motion Planning, Knowledge Based Systems",4,https://scholar.google.com/citations?hl=en&user=UmOmzIwAAAAJ
Arijit Das,"Research Scholar, Cryogenic Engineering Centre, IIT KHARAGPUR","Surface Wettability, Heat and Mass transfer, Computational Fluid Dynamics, Cryogenics",4,https://scholar.google.com/citations?hl=en&user=rMFEO_UAAAAJ
Chinmaya Pancholi,Computer Science student at IIT Kharagpur,,4,https://scholar.google.com/citations?hl=en&user=dJQETCEAAAAJ
Chinmay Singh,Indian Institute of Technology Kharagpur,"Machine Learning, Natural Language Processing",4,https://scholar.google.com/citations?hl=en&user=Jj3jQVkAAAAJ
Kumar Nilay,Indian Institute of Technology Kharagpur,"Machine Learning, Robotics",4,https://scholar.google.com/citations?hl=en&user=Tpq4KpMAAAAJ
Arpita Sahoo,Indian Institute of Technology Kharagpur,"Molecular Microbiology, Protein Engineering, Biotechnology",4,https://scholar.google.com/citations?hl=en&user=HKH7nwoAAAAJ
Shradhanjali Das,"Research Scholar, IIT Kharagpur","Damage Detection, Composite Structures, Experimental Modal Testing, FE Model Updating, Structural Dynamics",4,https://scholar.google.com/citations?hl=en&user=jgqpSMkAAAAJ
Gokulan Parthiban,"SRF, IITKGP.",Information Theory,4,https://scholar.google.com/citations?hl=en&user=qbQ2KHMAAAAJ
Anupam Khan,"Indian Institute of Technology, Kharagpur","Machine Learning, Deep Learning, Natural Language Processing",4,https://scholar.google.com/citations?hl=en&user=wTsyYy4AAAAJ
Sai Pavan Tadem,School of Medical Science & Technology - IIT Kharagpur,"Computer Vision, Statistics, Medical Image Analysis",4,https://scholar.google.com/citations?hl=en&user=tEJfWEYAAAAJ
Rahul Choudhary,"Student, Indian Institute of Technology Kharagpur","Robotics, Reinforcement Learning",4,https://scholar.google.com/citations?hl=en&user=5QhtjzsAAAAJ
satyam jha,"Research Scholar, IIT Kharagpur",Power electronics converter,4,https://scholar.google.com/citations?hl=en&user=Lq5G18sAAAAJ
Avinash Kumar,"Post graduate, Indian Institute of Technology Kharagpur",,4,https://scholar.google.com/citations?hl=en&user=z5zTHFsAAAAJ
Nikitasha Chatterjee,"PhD student, IIT Kharagpur","hydro-geochemistry, stable isotopes, Himalayan rivers",4,https://scholar.google.com/citations?hl=en&user=NCNwLuwAAAAJ
Ishan Manchanda,"DE Shaw India, Indian Institute of Technology Kharagpur","Computer Vision, NLP, GANs, Transformers, LLMs",4,https://scholar.google.com/citations?hl=en&user=MsYvtw4AAAAJ
Mayank Sonu,"Integ. BTech & MTech, IIT Kharagpur","Network Slicing, Radio Access Network, User Plane Design, Software Defined Networking, Reinforcement",4,https://scholar.google.com/citations?hl=en&user=UO7awmAAAAAJ
Varun Balakrishna,"Student, IIT Kharagpur",,4,https://scholar.google.com/citations?hl=en&user=Y0Ek6-4AAAAJ
Mansi Babbar,"PhD Candidate, Indian Institute of Technology Kharagpur","LES, DNS, compressible flows, turbulence, shock waves",4,https://scholar.google.com/citations?hl=en&user=Nb8G1DsAAAAJ
Suryanarayan Majhi,Indian Institute of Technology Kharagpur,,4,https://scholar.google.com/citations?hl=en&user=7KumSV0AAAAJ
Kavin Puri,Master's Student at IIT Kharagpur,,4,https://scholar.google.com/citations?hl=en&user=pB-XBtEAAAAJ
Rajdeep Ghosh,"PhD student , IIT KGP","Computer science, Usable Security & Privacy, HCI",4,https://scholar.google.com/citations?hl=en&user=uYNvlXoAAAAJ
Rabin Kumar Samal,"Ph.D. Candidate, Indian Institute of Technology, Kharagpur, India","Rock mechanics, Rock dynamics, Fracture propagation in rock, Finite element analysis, Blast loading",4,https://scholar.google.com/citations?hl=en&user=a5aYvN0AAAAJ
Arunima Sinha,Research Scholar @ IIT KGP,Nanobiomaterials,4,https://scholar.google.com/citations?hl=en&user=iB961FMAAAAJ
Om Narayan Singh,IIT Kharagpur,Structural Dynamics,4,https://scholar.google.com/citations?hl=en&user=GUZZziIAAAAJ
Sreekanta Nath Dalal,"IIT Kharagpur, India",Multiphase Flow,4,https://scholar.google.com/citations?hl=en&user=3CdHvf4AAAAJ
Abhinav Thakur,"Undergraduate Student, IIT Kharagpur","machine learning, statistics, mathematics, economics",4,https://scholar.google.com/citations?hl=en&user=9bpSCc8AAAAJ
Aryan Agarwal,"Student of EECE, Indian Institute of Technology Kharagpur","Control Systems, Optimization, Decision Making",4,https://scholar.google.com/citations?hl=en&user=jRFkY6QAAAAJ
SHIRISH BOSE,". Department of Geology and Geophysics, Indian Institute of Technology, Kharagpur …",Seismology,4,https://scholar.google.com/citations?hl=en&user=TPNNtLYAAAAJ
Ishita Sharan Srivastava,"Doctoral Candidate , Indian Institute Of Technology Kharagpur","Air Quality, Black Carbon, Climate Change, Air Pollution",4,https://scholar.google.com/citations?hl=en&user=u9Rr5gsAAAAJ
Yasho Vardhan Gwaley,IIT Kharagpur,VLSI Signal Processing,4,https://scholar.google.com/citations?hl=en&user=mtUnKVEAAAAJ
Aneerban Roy,Indian Institute of Technology Kharagpur,Human Resource Management and …,4,https://scholar.google.com/citations?hl=en&user=GFetU4YAAAAJ
Tushar Waghmare,"Graduate student, Indian Institute of Technology Kharagpur","Open Quantum Systems, Quantum information Theory, Relativistic Quantum Information",4,https://scholar.google.com/citations?hl=en&user=BMI7kR8AAAAJ
Suraj Singh,"Research Student, Indian Institute of Technology Kharagpur","Reinforcement Learning, Robotics, Optimization, Computer Vision, Embedded Systems",4,https://scholar.google.com/citations?hl=en&user=NGW8pQ4AAAAJ
SIPRA SINGH,"PhD Scholar, Indian Institute of Technology Kharagpur (IIT KGP)","Algorithm Design, Graph Theory, Computational Complexity, Parameterized and Approximation Algorithms",4,https://scholar.google.com/citations?hl=en&user=tQtSyIQAAAAJ
Pranav Bakshi,"Student of Mechanical Engineering, Indian Institute of Technology Kharagpur","Robotics, Controls, Reinforcement Learning",4,https://scholar.google.com/citations?hl=en&user=OPos_h0AAAAJ
Bharat Behl,"Collaborative  PhD student at IIT Kharagpur and Curtin University, Australia","non-destructive testing, corrosion and joining of materials",4,https://scholar.google.com/citations?hl=en&user=M1bRs1YAAAAJ
Somdutta Banerjee,"Research Scholar, IIT Kharagpur",Entrepreneurship,4,https://scholar.google.com/citations?hl=en&user=QRgZoScAAAAJ
Agneev Roy,Indian Institute of Technology Kharagpur,"CFD, DNS/LES, Turbulence",4,https://scholar.google.com/citations?hl=en&user=zPJuzsoAAAAJ
Snehasish Sen,Indian Institute of Technology Kharagpur,"Theoretical Condensed Matter Physics, Polar Skyrmion, 1-D Spin Chain",4,https://scholar.google.com/citations?hl=en&user=inR7eiMAAAAJ
Suman Kumar Pal,IIT Kharagpur,"Optical Sensors, Photonics Integrated Circuits, Embedded Systems",4,https://scholar.google.com/citations?hl=en&user=GqLG3aIAAAAJ
Kushal Bosu,IIT Kharagpur,"Fluid Mechanics, Computational Fluid Dynamics",4,https://scholar.google.com/citations?hl=en&user=2oJMg8oAAAAJ
SHREYA BATABYAL,"BDS, MDS (WBUHS), PhD Scholar (IIT Kgp)","Oral and Maxillofacial Pathology, Histopathology, Digital Pathology",4,https://scholar.google.com/citations?hl=en&user=Q2WDiV4AAAAJ
saurabh dhopeshwar,"Research Scholar, IIT Kharagpur","Fluid dynamics, Multiphase flows, CFD",4,https://scholar.google.com/citations?hl=en&user=ViJPs0YAAAAJ
Ritwik Singhai,IIT Kharagpur,"Machine Learning, Deep Learning, Artificial Intelligence",4,https://scholar.google.com/citations?hl=en&user=-jE4DCwAAAAJ
Biren Kumar Pradhan,"Research Scholar, Indian Institute of Technology Kharagpur","Acoustics & Noise Control, Computational Aeroacoustics, Acoustic Metamaterials, ANC",4,https://scholar.google.com/citations?hl=en&user=K9cCpYTKHq8C
Ayushi Saini,"Research scholar, Indian Institute of Technology Kharagpur","Protein biochemistry, Structural biology",4,https://scholar.google.com/citations?hl=en&user=KscN3woAAAAJ
Lopamudra Mazumder,IIT KHARAGPUR,ELECTROMAGNETICS,4,https://scholar.google.com/citations?hl=en&user=Ztbx4AwAAAAJ
Roshani Matawale,"PhD Scholar, Indian Institute of Technology","Polymer Nanotechnology, Polymeric Biomaterials, Nanomedicine",4,https://scholar.google.com/citations?hl=en&user=g_mm1PAAAAAJ
Rituparna Sinha,IIT Kharagpur,computational chemistry,4,https://scholar.google.com/citations?hl=en&user=3Xs3l8QAAAAJ
Rhitorbi Sengupta,"Research Scholar, Indian Institute of Technology Kharagpur","Plant Physiology, Sustainable Agriculture, Soil Microbiology, Soil biogeochemistry, Molecular Biology",4,https://scholar.google.com/citations?hl=en&user=grr44icAAAAJ
DEBOSMITA GHOSH,PhD Scholar IIT Kharagpur,,4,https://scholar.google.com/citations?hl=en&user=7UTjXjcAAAAJ
Shruti Shreyasi,Indian Institute of Technology Kharagpur,"Semantic Clustering, Unsupervised Learning, Summarization, LLMs",4,https://scholar.google.com/citations?hl=en&user=E69HkdoAAAAJ
Subhankar Swain,"PhD Student CSE, IIT Kharagpur","NLP, Multimodality",4,https://scholar.google.com/citations?hl=en&user=8Nyv71IAAAAJ
More Aayush Babasaheb,"Student of Computer Science and Engineering, IIT Kharagpur","ABAC, policy mining",4,https://scholar.google.com/citations?hl=en&user=LbZ3nzQAAAAJ
Pranjali Patil,Indian Institute of Technology Kharagpur,"Remote sensing, GIS, carbon modelling, soil science, aquaculture",4,https://scholar.google.com/citations?hl=en&user=_z_NbScAAAAJ
Puspamita Banerjee,IIT Kharagpur,"Computer vision, AI&AR, MIS",4,https://scholar.google.com/citations?hl=en&user=s64RfBUAAAAJ
Shaik Firoj,"PhD candidate, IIT Kharagpur","Computational Fluid Dynamics, Coastal Engineering, Hydraulic Engineering, Nature Based Solutions",4,https://scholar.google.com/citations?hl=en&user=XUixvwoAAAAJ
MD ARSALAN SAFDAR,"a B.tech student in chemical engineering, IIT Kharagpur","machine learning, computer science, chemical engineering",4,https://scholar.google.com/citations?hl=en&user=-e5ipkcAAAAJ
Ankita Chakraborty,"Doctoral Researcher, Indian Institute of Technology Kharagpur","Abiotic stress in plants, molecular biology, biotechnology",4,https://scholar.google.com/citations?hl=en&user=4x60RqMAAAAJ
Dolly Tiwari,"Research Scholar, Indian Institute of Technology Kharagpur","Computational solid mechanics, Nonlinear FEM, Higher-order 1D models",4,https://scholar.google.com/citations?hl=en&user=UR4nM9IAAAAJ
Kaushik Das,"Senior Research Engineer, IIT Kharagpur","Wireless Network, Quantum Communication, Green Communication, Semantic Communication",4,https://scholar.google.com/citations?hl=en&user=s_bG44YAAAAJ
Gargi Yadav,Research Scholar IIT Kharagpur,"Batch, Continuous Crystallization, and Sonocrystallization, Process Development and Intensification",4,https://scholar.google.com/citations?hl=en&user=0POaoaMAAAAJ
Adeetya Uppal,"Dual Degree (B.Tech+M.Tech), Department of Aerospace Engineering, IIT Kharagpur","robotic path planning, collision avoidance, autonomous systems, controls, propulsion",4,https://scholar.google.com/citations?hl=en&user=T32chPoAAAAJ
Rajwardhan pawar,Indian Institute of Technology Kharagpur,"Lithium-ion battery, sodium-ion battery, Cell fabrication",4,https://scholar.google.com/citations?hl=en&user=rV4VjjgAAAAJ
Poulami Dutta,"Senior Research Fellow, Department of Chemistry, Indian Institute of Technology Kharagpur","Transition metal catalysis, Organometallic chemistry and Coordination …",4,https://scholar.google.com/citations?hl=en&user=rSneYUcAAAAJ
PALASH MONDAL,"PHD scholar at IIT KHARAGPUR, DEPARTMENT OF CHEMISTRY",ORGANOMETALLIC AND ORGANIC …,4,https://scholar.google.com/citations?hl=en&user=RMgZJusAAAAJ
Ankhi Banerjee,"Assistant Professor, Ranbir and Chitra Gupta School of Infrastructure Design and …","Housing affordability, level of Infrastructure Development, residential location choice",3,https://scholar.google.com/citations?hl=en&user=Ck1yqq8AAAAJ
Shivam Singhal,"Indian Institute of Technology, Kharagpur","Fluid mechanics, Heat and mass transfer, computational fluid dynamics, Multi phase flows",3,https://scholar.google.com/citations?hl=en&user=a4LM1KEAAAAJ
Tuhin Maitra,IIT kharagpur,"Li ion battery, Thermal analysis, CFD, Nuclear safety, Multtiphase Flow",3,https://scholar.google.com/citations?hl=en&user=GD_LqYMAAAAJ
Aditya Girish Pawate,"Indian Institute of Technology ,Kharagpur","Machine Learning, Deep Learning, Natural Language Processing, Computer Vision",3,https://scholar.google.com/citations?hl=en&user=_AUwOAcAAAAJ
S Yesaswi Dora,Research Scholar at IIT KHARAGPUR,FINANCE,3,https://scholar.google.com/citations?hl=en&user=3TLafEMAAAAJ
Subhrasish Pal,"Indian Institute of Technology, Kharagpur","Power Electronics, Energy, Photovoltaics",3,https://scholar.google.com/citations?hl=en&user=x3CssSgAAAAJ
Anik Mondal,Indian Institute of Technology,"Natural Language Processing, Social Computing",3,https://scholar.google.com/citations?hl=en&user=S8TmmywAAAAJ
Jalaj Harkawat,"Indian Institute of Technology, Kharagpur","Machine Learning, NLP, CV",3,https://scholar.google.com/citations?hl=en&user=S70dEzoAAAAJ
Ashrit Swain,"Ph.D, IIT Kharagpur","Power Grid Resilience, System Resilience, Power Systems Resilience, bifurcation, nonlinear phenomena",3,https://scholar.google.com/citations?hl=en&user=MQ_ylLQAAAAJ
Soumik Chakraborty,"Research Scholar, Indian Institute of Technology, Kharagpur","Compressible Turbulent flows, Aeroacoustics, Heat Transfer, LES, DNS",3,https://scholar.google.com/citations?hl=en&user=5IXhjLYAAAAJ
Yashi Srivastava,"Indian Institute of Technology, Kharagpur","Food Commons, Alternative Food Networks, Food Loss and Waste, Community Gardens, Regional Foods",3,https://scholar.google.com/citations?hl=en&user=zPUD90QAAAAJ
Satyaki Deb,"Indian Institute of Technology, Kharagpur","Intellectual Property Law, Constitutional law, Criminal law",3,https://scholar.google.com/citations?hl=en&user=owTe1acAAAAJ
Dasari Navya,"IIT Kharagpur, MANIT Bhopal, NIT Calicut","Draft Tube of Hydraulic Turbines, Turbomachinery",3,https://scholar.google.com/citations?hl=en&user=rKu6Q4sAAAAJ
Amardeep,"Research scholar, IIT Kharagpur",Aromatic Plants,3,https://scholar.google.com/citations?hl=en&user=ZNGrQV8AAAAJ
Pooja Reddy,"Undergrad, IIT Kharagpur",,3,https://scholar.google.com/citations?hl=en&user=ldWOIgIAAAAJ
Akash Bhattacharya,Indian Institute of Technology Kharagpur,"Control System, Cyber Physical System",3,https://scholar.google.com/citations?hl=en&user=fsHbe3IAAAAJ
Sarwesh P,"Student ,IIT Kharagpur","Machine Learning, Computational Finance",3,https://scholar.google.com/citations?hl=en&user=6WnAeToAAAAJ
Nukala Divakar Sai,Indian Institute of Technology Kharagpur,Fuzzy systems,3,https://scholar.google.com/citations?hl=en&user=21ImAJ4AAAAJ
yuvraj khanna,iit kharagpur,deep learning,3,https://scholar.google.com/citations?hl=en&user=xTHp3Q8AAAAJ
Pranav Vatsal,Student at IIT Kharagpur,"Natural Language Processing, Reinforcement Learning",3,https://scholar.google.com/citations?hl=en&user=JLSo7aQAAAAJ
Soutan Adak,Research Scholar at IIT Kharagpur,Energy storage materials,3,https://scholar.google.com/citations?hl=en&user=gzDTYwIAAAAJ
Fahad Peerali Paloth,"Ocean Egnineering & Naval Architecture, Indian Institute of Technology Kharagpur","Computational Fluid Dynamics, Hydroelasticity, Fluid-Structure Interaction, Numerical modeling, Deep Learning",3,https://scholar.google.com/citations?hl=en&user=FXxhA-AAAAAJ
Gyanasmita Pradhan,Indian Institute of Technology Kharagpur,"Geophysics, Seismology, Ambient noise, Microseism",3,https://scholar.google.com/citations?hl=en&user=yDQCjCQAAAAJ
Abinandhan Sidharthan,IIT Kharagpur,"Finance, MachineLearning, NLP",3,https://scholar.google.com/citations?hl=en&user=QvBYEkgAAAAJ
Arunava Das,"Research Scholar, Dept. of Physics, IIT Kharagpur",Statistical Physics,3,https://scholar.google.com/citations?hl=en&user=BeSgWCoAAAAJ
Ankita Sharma,"Research Scholar, Department of Chemical Engineering, IIT Kharagpur","DEM, Cohesion, CFD",3,https://scholar.google.com/citations?hl=en&user=8xEXge0AAAAJ
Udeshya Raj,Undergrad at IIT Kharagpur,"Data Science, Quant Finance",3,https://scholar.google.com/citations?hl=en&user=_mmSzqYAAAAJ
Shreesh Mahapatra,Indian Institute of Technology Kharagpur,Bio-Inspired Robotics,3,https://scholar.google.com/citations?hl=en&user=2ndRiSoAAAAJ
Debanjan Kayal,"Research Scholar at Indian Institute of Technology, Kharagpur","Amphibious Home, Flood, Resilience",3,https://scholar.google.com/citations?hl=en&user=LmKiLAEAAAAJ
SM Hedaetullah Bin Siddik,Indian Institute of Technology Kharagpur,"Structural Engineering, Structural Analysis, Earthquake Engineering, Seismic Analysis, Finite Element",3,https://scholar.google.com/citations?hl=en&user=wY7-g74AAAAJ
Sayan Das,"PhD Scholar, School of Medical Science & Technology, IIT Kharagpur","Theranostics, Medicinal Chemistry, Biomaterials, Radiochemistry",3,https://scholar.google.com/citations?hl=en&user=vDeUzBQAAAAJ
Sonu Jana,"Research Scholar, Indian Institute of Technology Kharagpur","Quantum Optics, Sensing, Metrology, Nonlinear Interferometry",3,https://scholar.google.com/citations?hl=en&user=yX9L4gQAAAAJ
Saurabh Sharma,Indian institute of Technology Kharagpur,"Cognitive Science, Cognitive Psychology, Clinical Psychology",3,https://scholar.google.com/citations?hl=en&user=xExuhRwAAAAJ
Bratin Mondal,"Department of Computer Science and Engineering, IIT Kharagpur","Algorithms, Computer Systems",3,https://scholar.google.com/citations?hl=en&user=9FYGbOgAAAAJ
Amit Kumar Singh,"Research Scholar, Indian Institute of Technology Kharagpur","Manufacturing Technology, Safety Analytics, Supply Chain Management, Decision Sciences",3,https://scholar.google.com/citations?hl=en&user=g098sxoAAAAJ
Shikha Priyadarshini,"Senior Research Scholar at Rajiv Gandhi School of Intellectual Property Law, IIT Kharagpur","Intellectual Property, Patents, Copyrights",3,https://scholar.google.com/citations?hl=en&user=b_LZXwoAAAAJ
Siddhartha Pramanik,"PhD Student, Indian Institute of Technology Kharagpur",Commutative Algebra,3,https://scholar.google.com/citations?hl=en&user=zHQ4_oEAAAAJ
Abhisek Roy,"PhD scholar (Physics),  IIT Kharagpur",Photonics,3,https://scholar.google.com/citations?hl=en&user=ey5Zcc8AAAAJ
Roshan Suryakant Mohanty,"Research Scholar, IIT Kharagpur","Hydrological Modeling, Flood Forecasting, Watershed Management, Climate change",3,https://scholar.google.com/citations?hl=en&user=Rn9TDYAAAAAJ
Sharmistha Dhar,"Research Scholar, IIT Kharagpur","polymer science, rubber technology",3,https://scholar.google.com/citations?hl=en&user=j3grgMUAAAAJ
Mouma Samanta,Indian Institute of Technology Kharagpur,Commutative Algebra,3,https://scholar.google.com/citations?hl=en&user=H5M-GsUAAAAJ
Snigdha Mondal,"PhD, IIT Kharagpur","English literature, Indic studies, Indian philosophy, Cultural studies",3,https://scholar.google.com/citations?hl=en&user=XbmYbK4AAAAJ
KAPIL MUNI SINGH,IIT KHARAGPUR,"Tribology, Solid Mechanics, Micro-Indentation & Scratch, Finite Element Analysis, DIC",3,https://scholar.google.com/citations?hl=en&user=IVT8LJgAAAAJ
Krishna Dev R,Indian Institute of Technology Kharagpur,Biomedical Signal Processing,3,https://scholar.google.com/citations?hl=en&user=8DmrlEcAAAAJ
Shaunak Chatterjee,IIT Kharagpur,"infrared thermography, air voids, concrete, frp, corrosion",3,https://scholar.google.com/citations?hl=en&user=8zERlioAAAAJ
Sahil Sahil,"Indian Institute of Technology, Kharagpur","supply chain management, operation research, optimization",3,https://scholar.google.com/citations?hl=en&user=3KBylJQAAAAJ
Pallavi Kunderu,IIT Kharagpur,"Multiphase flow, Nanofluids, process intensification, reaction mass transfer",3,https://scholar.google.com/citations?hl=en&user=Mwxn2YsAAAAJ
SUBHAJIT DUTTA,"Senior Research Scholar, IIT Kharagpur","Experimental Photonics, Whispering Gallery Modes, Microlaser, Microbottle, Micro Disk",3,https://scholar.google.com/citations?hl=en&user=DGRgr2QAAAAJ
Siddharth Kiran,"Indian Institute of Technology, Kharagpur","Polymeric Biomaterials, 2D Nanomaterials(MXene), Refractory High Entropy Alloy, Nanogenerator",3,https://scholar.google.com/citations?hl=en&user=TzpoYEwAAAAJ
Varala Nandu Swapnik,"Final Year Undergraduate Student, IIT Kharagpur","Machine Learning, Computer Vision, Federated Learning, Reinforcement Learning, NLP",3,https://scholar.google.com/citations?hl=en&user=qTU92b8AAAAJ
HARADHAN DUTTA,"Research Scholar at the Dept. of Mathematics, IIT Kharagpur, India.","PDEs, Applied Analysis, Homogenization Theoy, Mathematical Modelling",3,https://scholar.google.com/citations?hl=en&user=8fCLXiMAAAAJ
Debashish Pradhan,"Ph.D. Student, Department of Geology and Geophysics, Indian Institute of Technology …","Sedimentology, Stable Isotope Geochemistry, Paleoclimatology",3,https://scholar.google.com/citations?hl=en&user=6HdMDcwAAAAJ
Shreya Dubey,"M.tech student, IIT Kharagpur","business, entrepreneurship",3,https://scholar.google.com/citations?hl=en&user=rp0MQGcAAAAJ
Mohd Tabrej Alam,"Research Scholar, Indian Institute of Technology Kharagpur","Entrepreneurship, Economics",3,https://scholar.google.com/citations?hl=en&user=lxMJeyMAAAAJ
Sima Kundu,"Research Scholar, IIT Kharagpur","Humanitarian supply chain, Forecasting, Optimization",3,https://scholar.google.com/citations?hl=en&user=GNIZ6FoAAAAJ
Avik Pramanick,Student of IIT Kharagpur,"Machine Learning, NLP, Computer Vision, Deep Learning",3,https://scholar.google.com/citations?hl=en&user=-yajrJMAAAAJ
Krishnananda CP,"Prime Minister's Research Fellow, Indian Institute of Technology Kharagpur",Nano-Bio Science,3,https://scholar.google.com/citations?hl=en&user=g7UxCskAAAAJ
Rajib Sarkar,IIT Kharagpur,mmWave Sensing,3,https://scholar.google.com/citations?hl=en&user=v3W3p98AAAAJ
SOHAM CHATTERJEE,Research Scholar at IIT Kharagpur,"trace metal chemistry, Metal pollution, Biogeochemistry, carbon biogeochemistry",3,https://scholar.google.com/citations?hl=en&user=5a8UhhAAAAAJ
Pallabi Saha,"Research scholar, IIT Kharagpur",Agricultural Biotechnology,3,https://scholar.google.com/citations?hl=en&user=fRLzNyYAAAAJ
Debanu Das,"B.Tech (Hons.) & M.Tech in E&ECE, Indian Institute of Technology Kharagpur","Semiconductor Devices, VLSI",3,https://scholar.google.com/citations?hl=en&user=DaoMZjsAAAAJ
Gobinda Gopal Pahari,IIT Kharagpur,"Corporate finance, Corporate governance, Family firms, Ownership structure",3,https://scholar.google.com/citations?hl=en&user=GB44B8QAAAAJ
Sandra K Joseph,"BTech in E&ECE, Indian Institute of Technology Kharagpur",Electronics and Communication Engineering,3,https://scholar.google.com/citations?hl=en&user=9D9TzH8AAAAJ
ANURADHA GUPTA,Research Scholar IIT Kharagpur,RF and Microwave,3,https://scholar.google.com/citations?hl=en&user=_O2xTtAAAAAJ
Sandipan Paul,Research Scholar at IIT Kharagpur,"Fluid dynamics, Turbulent flows, Solute dispersion",3,https://scholar.google.com/citations?hl=en&user=yXQNRV4AAAAJ
Vanshika Datta,Indian Institute of Technology Kharagpur,"Robust Optimization, Sensor Networks",3,https://scholar.google.com/citations?hl=en&user=oEtTcqsAAAAJ
Chhavi Chaudhary,"Research Scholar, Department of Artificial Intelligence, IIT Kharagpur, India","Cyber-Physical Systems, Time-Sensitive Networking, Network-on-Chips",3,https://scholar.google.com/citations?hl=en&user=XLL8SGAAAAAJ
Danish Monga,IIT Kharagpur,"Rainfall Extremes, Moisture-Driven Landslides",3,https://scholar.google.com/citations?hl=en&user=UioFP-sAAAAJ
Om Siddhapura,Indian Institute of Technology Kharagpur,,3,https://scholar.google.com/citations?hl=en&user=CLhbwUwAAAAJ
Snehendu Das,IIT Kharagpur,Metal Organic Frameworks,3,https://scholar.google.com/citations?hl=en&user=1Cw8cj8AAAAJ
Utsab Karan,"Student, Indian Institute of Technology Kharagpur","Robotics, Deep Learning, Computer Vision",3,https://scholar.google.com/citations?hl=en&user=V0Lvy54AAAAJ
Argha Kamal Samanta,"ECE, IIT Kharagpur",,3,https://scholar.google.com/citations?hl=en&user=0kmgF3UAAAAJ
Argha Bhattacharyya,IIT Kharagpur,Postcolonial studies,3,https://scholar.google.com/citations?hl=en&user=13mcYBcAAAAJ
PRIYANKA SINGH,"Indian Institute of Technology, Kharagpur","Computer Vision, Machine Learning, Deep Learning, Nanotechnology",3,https://scholar.google.com/citations?hl=en&user=JknsOYkAAAAJ
Shakti Sangram Behera,Researcher at IIT Kharagpur,"Queuing Theory, Markov Decission Process, Cyber Physical Systems, Communication Networks",3,https://scholar.google.com/citations?hl=en&user=hPpRgswAAAAJ
Subarna Modak,"Research Scholar, IIT Kharagpur","Physical Chemistry, Fluorescenc Spectroscopy, Nanomaterials",3,https://scholar.google.com/citations?hl=en&user=lb5-zzgAAAAJ
Aditya P Kumar,"Research Scholar, Indian Institute of Technology Kharagpur","City Planning, Transportation",3,https://scholar.google.com/citations?hl=en&user=gX5NqsUAAAAJ
Rayaan Biswas,"SRF, IIT Kharagpur","Fractals, Multifractals, Simulation, Modeling",3,https://scholar.google.com/citations?hl=en&user=oK0Lm8kAAAAJ
Arkodeep Sengupta,"Research Scholar, Department of Geology and Geophysics, Indian Institute of Technology …","Metallogeny, Mineral Exploration, Geochemistry",3,https://scholar.google.com/citations?hl=en&user=B0_mHQIAAAAJ
Sahana Ray,"M.Tech Student, IIT Kharagpur, 2024-26","Image processing, signal processing",3,https://scholar.google.com/citations?hl=en&user=8Xse_W0AAAAJ
Sumit Bera,"Materials Science Centre, Indian Institute of Technology Kharagpur","Polymer composite, Polymer mechanochemistry, Stimuli responsive polymer",3,https://scholar.google.com/citations?hl=en&user=QznYLLwAAAAJ
Ninad Jadkar,"Research Scholar, IIT Kharagpur",Cryogenic memory devices,3,https://scholar.google.com/citations?hl=en&user=PIzsEDoAAAAJ
Atish,"Indian Institute of Technology, Kharagpur-721302, West Bengal, India","Soil and Water Conservation, Hydrology, RS & GIS, Irrigation & Drainage, Agricultural Engineering",3,https://scholar.google.com/citations?hl=en&user=mLP_8hYAAAAJ
Parin Chheda,"Student of Computer Science and Engineering, Indian Institute of Technology Kharagpur",,2,https://scholar.google.com/citations?hl=en&user=lZar0SwAAAAJ
Ankit,IIT Kharagpur,"Steelmaking, Process Modeling",2,https://scholar.google.com/citations?hl=en&user=y5_jKqkAAAAJ
Jawahar Kumar,"Research Scholar, IIT Kharagpur","Corporate Governance, Corporate Finance, Accounting",2,https://scholar.google.com/citations?hl=en&user=rJWXQJEAAAAJ
ADITYA KAMESWARA RAO NANDULA,Indian Institute of Technology Kharagpur,"Robotics, Embedded Control Systems, Humanoid Robotics, Computer Vision, Education Technologies",2,https://scholar.google.com/citations?hl=en&user=8v1we68AAAAJ
Sumanth Reddy Challaram,IIT Kharagpur,,2,https://scholar.google.com/citations?hl=en&user=OpLctZIAAAAJ
Ganesh K Pandey,Researcher Electrical Engineering @ IIT KHARAGPUR,"Power System Optimization, Smart Grids, Microgrids, Mathematical Modeling, Blockchain",2,https://scholar.google.com/citations?hl=en&user=xZS1GdsAAAAJ
Manpreet Dash,IIT Kharagpur,"Supply Chain Management, System Dynamics, Operations Management, Production Systems, Fluid Mechanics",2,https://scholar.google.com/citations?hl=en&user=mc4kT-IAAAAJ
Kousshik Raj M,"Computer Science Student, Indian Institute of Technology, Kharagpur","Robotics, Reinforcement Learning",2,https://scholar.google.com/citations?hl=en&user=fGnMVbAAAAAJ
Subhradeep Chatterjee,"PhD Scholar, Dept. of HSS, IIT Kharagpur","Visual Culture, River Culture, Romanticism, Disabilities Studies",2,https://scholar.google.com/citations?hl=en&user=H9xNL20AAAAJ
Anand Jhunjhunwala,"Undergraduate Student, IIT Kharagpur","Robotics, Artificial Intelligence, Signal and Systems, Embedded Systems",2,https://scholar.google.com/citations?hl=en&user=qGA4DWsAAAAJ
Archisman Nandy,"B.Tech in Artificial Intelligence (Pursuing), Indian Institute of Technology, Kharagpur, India",Number Theory,2,https://scholar.google.com/citations?hl=en&user=aVEGLtwAAAAJ
Anubhav Kumbhre,"Research Scholar, Dept. of Architecture & Regional Planning, IIT Kharagpur","Built Environment, Environmental Criminology, Urban Planning, Urban Design, Architecture",2,https://scholar.google.com/citations?hl=en&user=CJ1W2TIAAAAJ
Suchitra Pramanik,Indian Institute of Technology Kharagpur,"Communication, English literature, Personality trait",2,https://scholar.google.com/citations?hl=en&user=QFQLk1gAAAAJ
Smruti Ranjan Sahoo,"Research Scholar, Department of Aerospace Engineering, Indian Institute of Technology …","Finite Element Method, Bending, Buckling, Vibration",2,https://scholar.google.com/citations?hl=en&user=l_sy4zYAAAAJ
Piran Karkaria,"Student, Indian Institute of Technology Kharagpur",Machine Learning,2,https://scholar.google.com/citations?hl=en&user=w2v2xgwAAAAJ
Piyush Kumar,IIT Kharagpur,"Safety Analytics, Machine Learning, Fire Safety, Simulation",2,https://scholar.google.com/citations?hl=en&user=a2QWLbkAAAAJ
Swarna kamal Pradhan,Indian Institute of Technology Kharagpur,"Safety Analytics, Virtual Reality, Machine Learning, Instrumentation and Control, Signal Processing",2,https://scholar.google.com/citations?hl=en&user=8RLzt4cAAAAJ
Shubhadip Nag,"Indian Institute of Technology, Kharagpur","ML, AI, DL",2,https://scholar.google.com/citations?hl=en&user=Grn4T10AAAAJ
Boddepalli Navjoth,PG Scholar at IIT Kharagpur,"Geospatial Technologies, GeoAI, DSS, SDI, Computer Vision",2,https://scholar.google.com/citations?hl=en&user=ssNN6EwAAAAJ
Soumik Nayak,B.Tech Student at IIT Kharagpur,"Robotics, Number Theory, Computer Vision, Large Language Models, Thermal engineering",2,https://scholar.google.com/citations?hl=en&user=Oi1bm2wAAAAJ
Arpan Naskar,"Student of Chemistry, Indian Institute of Technology Kharagpur",organic_chemistry,2,https://scholar.google.com/citations?hl=en&user=2guc6KMAAAAJ
Saptashree Deb,"Research Scholar, Indian Institute of Technology","Water Resources, Statistical Modeling, Hydroclimatic extremes, Compound extremes, Heatwaves",2,https://scholar.google.com/citations?hl=en&user=g9A6zUIAAAAJ
Jayashri Sehajpal,"Research Scholar, IIT Kharagpur","Rocket Propulsion, Aircraft Propulsion, Advanced Propulsion Systems, Combustion",2,https://scholar.google.com/citations?hl=en&user=gTsO5AUAAAAJ
Uddipan Agasti,Indian Institute of Technology Kharagpur,"Material Science, Nanoelectronics, VLSI, Microelectronics",2,https://scholar.google.com/citations?hl=en&user=p6_ny6YAAAAJ
Bharat Surya Chamarthi,"Cryogenic Engineering Centre, Indian Institute of technology Kharagpur","LNG cold recovery, Thermal energy storage, Machine learning, Optimization",2,https://scholar.google.com/citations?hl=en&user=9iVyE50AAAAJ
Smruti Prakash Mallick,"Indian Institute of Technology,Department of Geology & Geophysics","Economic Geology, Hydrothermal ore deposits, Actinides, mineralogy, Isotope geochemistry",2,https://scholar.google.com/citations?hl=en&user=XyflVZEAAAAJ
Malla Dhanraj,"Industrial and Systems Engineering, Indian Institute of Technology Kharagpur","Data Science, Computer Vision, NLP, Generative AI, Time Series Analysis and modelling",2,https://scholar.google.com/citations?hl=en&user=oV1hk0AAAAAJ
Atreyee Dey,"Research Scholar, IIT Kharagpur","Nuclear structure, gamma spectroscopy, Collective models, Shell model, Nuclear data analysis",2,https://scholar.google.com/citations?hl=en&user=X7AvJ1UAAAAJ
Ekta,IIT Kharagpur,"Plant Molecular Biology, Transgenic technology, Molecular Microbiology",2,https://scholar.google.com/citations?hl=en&user=0KS3yhMAAAAJ
Mayank Srivastava,"Research Scholar, IIT Kharagpur","Agronomy, Soil Science, Remote Sensing, Crop Modeling",2,https://scholar.google.com/citations?hl=en&user=HxJeRdAAAAAJ
Lilu Bhoi,"Ph.D (Economics), IIT Kharagpur","Corporate Finance, International Trade",2,https://scholar.google.com/citations?hl=en&user=QL_4P6MAAAAJ
Arun Balasubramanian,"Research Scholar, CSE, IIT Kharagpur","EEG signal processing, Brain-computer interface, Applications of AI",2,https://scholar.google.com/citations?hl=en&user=4epguXoAAAAJ
Vijay Pal,"Research Scholar, School of Environmental Science and Engineering, IIT Kharagpur","Non Exhaust Emission, Air Quality",2,https://scholar.google.com/citations?hl=en&user=k3ksIcIAAAAJ
Tanmoy Mukherjee,Indian Institute of Technology Kharagpur,"Digitization, ICT tools, Automation",2,https://scholar.google.com/citations?hl=en&user=TQC13VQAAAAJ
Deepak Mathew,Indian Institute of Technology Kharagpur,"English Literature, Literary Theory, Zizek Studies, Deleuze and Guattari Studies, Philosophy",2,https://scholar.google.com/citations?hl=en&user=jdeeRS8AAAAJ
Nitin Desai,Indian Institute of Technology Kharagpur,"Bin picking, 6D pose estimation, Industrial Robotics, Computer Vision, Machine Learning",2,https://scholar.google.com/citations?hl=en&user=7H5EIj0AAAAJ
Aamir Salam Siddiqui,Indian Institute of Technology Kharagpur,"Seismology, Seismic anisotropy",2,https://scholar.google.com/citations?hl=en&user=t-ofWJIAAAAJ
Dhruv Kapri,Indian Institute of Technology Kharagpur,"Machine Learning, Architecture",2,https://scholar.google.com/citations?hl=en&user=oTtw1S4AAAAJ
Sayan Manna,"Undergraduate, Indian Institute of Technology Kharagpur","Quantum Computing, Quantum Information",2,https://scholar.google.com/citations?hl=en&user=0lL4QvsAAAAJ
Rakshith Gowda BT,IIT Kharagpur,,2,https://scholar.google.com/citations?hl=en&user=wRCUaVAAAAAJ
Reeshav Chowdhury,IIT Kharagpur,AI and Privacy,2,https://scholar.google.com/citations?hl=en&user=WjMcQ4EAAAAJ
Debamalya Chakravorty,"Ph.D. Scholar, Indian Institute of Technology, Kharagpur",,2,https://scholar.google.com/citations?hl=en&user=4V6JysMAAAAJ
Vishnu Tej Gunisati,"Indian Institute of Technology, Kharagpur",Technologies for Clean and Renewable …,2,https://scholar.google.com/citations?hl=en&user=0AyOHRUAAAAJ
Sourav Kumar Mandal,Indian Institute of Technology Kharagpur,Applied Analytics,2,https://scholar.google.com/citations?hl=en&user=MP32byAAAAAJ
Avigyan Samanta,"Research Fellow, IIT Kharagpur","Computer Networks, Optical Networks, Wireless Networks, Network Security",2,https://scholar.google.com/citations?hl=en&user=mu6P6VIAAAAJ
Nabarup Ghosh,"Student, IIT Kharagpur","Machine Learning, Deep Learning, Computer Vision, LLMs, Agentic AI",2,https://scholar.google.com/citations?hl=en&user=NOsQL-wAAAAJ
Ankit Dutta,"Indian Institute of Technology, Kharagpur","Artificial Intelligence, Large Language Models, Machine Learning, Neural Networks",2,https://scholar.google.com/citations?hl=en&user=RcCnIlMAAAAJ
Animesh Pareek,"Research Scholar, RGSoIPL, IIT Kharagpur","Criminal Laws, Public Laws",2,https://scholar.google.com/citations?hl=en&user=QhEGz-8AAAAJ
RCAjay krishna,"Research scholar, IIT Kharagpur","Autonomous navigation, SLAM, Path planning, Active  Perception, sensor fusion",2,https://scholar.google.com/citations?hl=en&user=d1sUF_gAAAAJ
Diptesh Goswami,IIT Kharagpur,"Water Chemistry, Environmental Science",2,https://scholar.google.com/citations?hl=en&user=AXiXslgAAAAJ
Yachna Verma,"Senior Research Fellow, Indian Institute of Technology Kharagpur","Paleoclimate, Speleothem, Indian Summer Monsoon",2,https://scholar.google.com/citations?hl=en&user=DnCMMAMAAAAJ
Parv Tanwar,Indian Institute of Technology Kharagpur,"Bioprocess Development, Algal Biotechnology, Bioremediation",2,https://scholar.google.com/citations?hl=en&user=N65BZzgAAAAJ
Puja Dey,"Research Scholar, IIT Kharagpur","Sediment Geochemistry, Hydrogeochemistry, Geology",2,https://scholar.google.com/citations?hl=en&user=RHF90hIAAAAJ
Shekhar Kumar,"Research Scholar of Chemical Engineering, IIT Kharagpur","Nanomaterials, CuNWs, Continuous Synthesis, Nanofluids, Colloids",2,https://scholar.google.com/citations?hl=en&user=soQkYTkAAAAJ
Biplob Biswas,"Indian Intitute of Technology, Kharagpur","RF and Microwave, Antennas",2,https://scholar.google.com/citations?hl=en&user=wJ0YcQIAAAAJ
Swarup Sutar,Indian Institute of Technology Kharagpur,"Nanomaterial Synthesis & Characterization, Sensing Materials & Devices",2,https://scholar.google.com/citations?hl=en&user=yss679gAAAAJ
Gaurav Sharma,"Assistant Professor, BIMTECH; PhD, IIT Kharagpur","User Generated Content, Text Analysis, Decision Sciences, Information Systems, Operation Research",2,https://scholar.google.com/citations?hl=en&user=OIvReE8AAAAJ
Ankush Agarwal,IIT Kharagpur,Generative AI,2,https://scholar.google.com/citations?hl=en&user=EN2YbEsAAAAJ
Florence Jose,"PhD Student, Indian Institute of Technology","Healthcare, Wellbeing",2,https://scholar.google.com/citations?hl=en&user=GJ6rkB0AAAAJ
Krishna Priya VR,"Prime Minister's Research Fellow, IIT Kharagpur","Quasi-geostrophic turbulence, Network theory",2,https://scholar.google.com/citations?hl=en&user=nnRQsXAAAAAJ
Anunak Roy,Indian Institute of Technology Kharagpur,,2,https://scholar.google.com/citations?hl=en&user=ekKLxDoAAAAJ
Kartik Pandey,Indian Institute of Technology Kharagpur,"Computer Science, Signal Processing, Machine Learning, Brain-Computer Interface",2,https://scholar.google.com/citations?hl=en&user=xHDNqNsAAAAJ
Yashwant Pravinrao Bangde,Ph.D Scholar at Indian Institute of Technology Kharagpur,"Natural Language Processing, Large Language Models, Multimodal Large Language Models, Deep Learning",2,https://scholar.google.com/citations?hl=en&user=Nv9GGzwAAAAJ
Sonali Das,Indian Institute of Technology - Kharagpur,"Tectonic Geomorphology, Earth Surface processes, Quaternary Geochronology",2,https://scholar.google.com/citations?hl=en&user=rh2bCAUAAAAJ
Vaishnavi Joshi,"Research Scholar, Agricultural and Food Enginnering ,IIT Kharagpur","Remote Sensing, SAR, Aquaculture",2,https://scholar.google.com/citations?hl=en&user=y673ZEYAAAAJ
Tapas Mahata,"Indian Institute of Technology, Kharagpur",Synthetic Inorganic Chemistry || Coordination …,2,https://scholar.google.com/citations?hl=en&user=S1vP5JIAAAAJ
Subhankar Sikder,"PhD scholar at Materials Science Centre, IIT Kharagpur","Polymer blend, fiber reinforced polymer composite, natural fiber composite",2,https://scholar.google.com/citations?hl=en&user=whbqj1kAAAAJ
Rahul Sinha,Indian Institute of Technology Kharagpur,"Soft matter Physics, Active Matter, Non-equilibrium Statistical Mechanics",2,https://scholar.google.com/citations?hl=en&user=t40v_psAAAAJ
Subhajit Mondal,Research scholar at IIT Kharagpur,Tectonic geomorphology,2,https://scholar.google.com/citations?hl=en&user=10tHEjwAAAAJ
Siddhartha Mukhopadhyay,"Master of science, Department of Industrial and Systems Engineering, IIT Kharagpur","Control Strategy, Disease Transmission, Vehicle Routing Problem, Optimization, disaster management",2,https://scholar.google.com/citations?hl=en&user=9e5HDOcAAAAJ
Pathak Rajkumar Babunar,"Research Scholar, IIT Kharagpur","Nanomaterials, Energy Storage, Batteries",2,https://scholar.google.com/citations?hl=en&user=Klha5OQAAAAJ
Madhurima Paul,"Research Scholar, IIT Kharagpur",Ocean Biogeochemistry,2,https://scholar.google.com/citations?hl=en&user=2SWIFGgAAAAJ
Nallani Chakravartula Sahith,"Indian Institute of Technology, Kharagpur","Natural Language Processing, Machine Learning",2,https://scholar.google.com/citations?hl=en&user=QP4ld6sAAAAJ
Diotima Nag,"UGC Junior Research Fellow, Indian Institute of Technology, Kharagpur","Machine Learning, Networking, Internet of Things",2,https://scholar.google.com/citations?hl=en&user=ap2MsYQAAAAJ
Aryan Bibhuti,"Student, IIT Kharagpur","Commonsense Reasoning, Natural Language Processing, Deep Learning, Natural Language Understanding",2,https://scholar.google.com/citations?hl=en&user=zm4fC1oAAAAJ
Binay Bhattacharya,"Indian Institute of Technology, Kharagpur","Ocean Dynamics, Marine Pollution, Wave Dynamics, Physical Oceanography",2,https://scholar.google.com/citations?hl=en&user=jE9G6TAAAAAJ
Purnima Gautam,IIT Kharagpur,"Computational Bioilogy, Large Language models, Machine Learning, Deep Learning",2,https://scholar.google.com/citations?hl=en&user=j8uc61IAAAAJ
Saikat Karmakar,"Research Scholar, Indian Institute of Technology Kharagpur","Flood modelling, Climate change, Extreme events",2,https://scholar.google.com/citations?hl=en&user=C2QG_HIAAAAJ
Lilu Sahu,"Research Scholar, IIT Kharagpur","Hyperbolic conservation laws, Nonlinear Waves, Hyperbolic PDEs",2,https://scholar.google.com/citations?hl=en&user=ol454D8AAAAJ
Bishnupriya Saha,"PhD student, Indian Institute of Technology Kharagpur","Omics, Reproductive health, molecular biology",2,https://scholar.google.com/citations?hl=en&user=FYODoU0AAAAJ
Sakshi Sinha,Indian Institute of Technology Kharagpur,Food packaging,2,https://scholar.google.com/citations?hl=en&user=LCNPzEoAAAAJ
Gourab Saha,Indian Institute of Technology Kharagpur,MD Simulation of Biomolecular Sytems,2,https://scholar.google.com/citations?hl=en&user=OJ0kYDwAAAAJ
Rakesh Samantaray,"Alumnus - IIT Delhi, Currently Joint MTech-PhD Scholar at Indian Institute of Technology …","Polymer chemistry, epoxy composites, Materials chemistry, Materials engineering",2,https://scholar.google.com/citations?hl=en&user=YcEmi1cAAAAJ
Anik Dwivedi,"Indian Institute of Technology, Kharagpur",,2,https://scholar.google.com/citations?hl=en&user=2AaQcT0AAAAJ
Utkarsh Sinha,"Reseacrh Scholar, Department of Physics, Indian Institute of Technology Kharagpur",Biophysics,2,https://scholar.google.com/citations?hl=en&user=_jTIHgkAAAAJ
Vaishnavi A Wadhai,Indian Institute of Technology Kharagpur,Monsoon Dynamics,2,https://scholar.google.com/citations?hl=en&user=tOdeMWQAAAAJ
Bhuyashi Talukdar,"Indian Institute of Technology, Kharagpur",Finance,2,https://scholar.google.com/citations?hl=en&user=TxYo1nAAAAAJ
Arnab Panda,IIT Kharagpur,Local/Folk History and Vernacular Literature  • …,2,https://scholar.google.com/citations?hl=en&user=zAExqkUAAAAJ
Tamalkanti Mukherjee,"PhD Scholar, Indian Institute of Technology Kharagpur","Experimetal petrology, Igneous petrology, Planetary science, Metamorphic petrology",2,https://scholar.google.com/citations?hl=en&user=QFAKDmMAAAAJ
CHHANDA MONDAL,PhD Scholar at IIT Kharagpur,"Functional Metallopolymer, Homogeneous and Heterogeneous Catalysis",2,https://scholar.google.com/citations?hl=en&user=vy51uzcAAAAJ
Priyank Pathak,"Indian Institute of Technology Kharagpur, India","Geophysics, Gravity, Magnetics, Lithospheric structure, Geodynamics",2,https://scholar.google.com/citations?hl=en&user=hD8qFcoAAAAJ
Baijayanta Bhattacharyya,"Research Scholar, Indian Institute of Technology Kharagpur","21cm cosmology, Radio Astronomy, Cosmic Dawn and EoR, Large Scale Structures",2,https://scholar.google.com/citations?hl=en&user=uaqvTmoAAAAJ
Rohit Sahu,"Research Scholar, IIT Kharagpur","Battries, Chemo-mechanics, Instability",2,https://scholar.google.com/citations?hl=en&user=-LDitMUAAAAJ
Jayanta Barman,"PhD Scholar, Department of Mathematics, Indian Institute of Technology Kharagpur.",Number Theory and Representation Theory,2,https://scholar.google.com/citations?hl=en&user=tByvSocAAAAJ
Shubham Anil Pawar,Indian Institute of Technology Kharagpur,"Rubber, Polymer Nanocomposites, Flexible Sensor, Triboelectric Nanogenerators",2,https://scholar.google.com/citations?hl=en&user=rD5Hu3MAAAAJ
Raktim Halder,PhD Scholar at IIT Kharagpur,"Bioplastics, Seaweeds, Smart indicators, Bioremediation, Aquaculture",2,https://scholar.google.com/citations?hl=en&user=6t9DybcAAAAJ
Dheeraj Mundhra,"Undergraduate at Indian Institute of Technology, Kharagpur","Computer Vision, Pattern Recogntion, Machine Learning",1,https://scholar.google.com/citations?hl=en&user=PkorbiMAAAAJ
Swetank Ambar,"Indian Institute of Technology, Kharagpur",,1,https://scholar.google.com/citations?hl=en&user=1mvh1woAAAAJ
Dibya Jyoti Roy,"Computer Science and Engineering, IIT Kharagpur",Human Computer Interaction,1,https://scholar.google.com/citations?hl=en&user=XUds4ngAAAAJ
Anu Rani,IIT Kharagpur,"Healthcare Analytics, Digital Platforms, Textual and Visual Data Analysis",1,https://scholar.google.com/citations?hl=en&user=4HgoOn0AAAAJ
Kalpit Chittora,Indian Institute of Technology Kharagpur,"Natural Language Processing, Machine Learning",1,https://scholar.google.com/citations?hl=en&user=xH60afUAAAAJ
Utanko Mitra,"Student, Indian Institute of Technology, Kharagpur","artificial intelligence, machine learning, cognitive science, deep learning, neuroscience",1,https://scholar.google.com/citations?hl=en&user=hP7EVJAAAAAJ
Pritam Pallab,"Indian Institute of Technology, Kharagpur","Computational Number Theory, Public Key Cryptography, Parallelization of Algorithms",1,https://scholar.google.com/citations?hl=en&user=T5N-g-EAAAAJ
Reshma G,Research Scholar at IIT Kharagpur,"Aerospace Structures, Smart materials, Composite structures, Fracture mechanics",1,https://scholar.google.com/citations?hl=en&user=bzpo250AAAAJ
Teena AJ,"Research Scholar, IIT Kharagpur",RF and microwave,1,https://scholar.google.com/citations?hl=en&user=FmEXCZ4AAAAJ
Rajdeep Ghosh,"M.Tech (Biotechnology and Biochemical Engineering), IIT Kharagpur","Systems Biology, ML/DL applications",1,https://scholar.google.com/citations?hl=en&user=mq1zIDMAAAAJ
Pradipta Das,Research Assistant at IIT Kharagpur,"Fluid Mechanics, Computational Fluid Dynamics, High Performance Computing",1,https://scholar.google.com/citations?hl=en&user=zTalZyUAAAAJ
Suhita Karmakar,Ph.D scholar at IIT Kharagpur,"Computational Neuroscience, Brain Computer Interfacing, Machiine Learning",1,https://scholar.google.com/citations?hl=en&user=nS17l7oAAAAJ
Shubhendu Pandey,"Student, Indian Institute of Technology Kharagpur","Processing in Memory, RRAM, Neuromorphic computing, Trajectory Prediction",1,https://scholar.google.com/citations?hl=en&user=lylQaqoAAAAJ
saheb paramanik,Research Scholar at Indian Institute of Technology Kharagpur,"quantum mechanics, Magnetic functional material, condensed matter physics",1,https://scholar.google.com/citations?hl=en&user=xz02jVkAAAAJ
Thendralarasu S,"Rajiv Gandhi School of Intellectual Property Law, Indian Institute of Technology, Kharagpur","Intellectual Property Law, Law of Arbitration",1,https://scholar.google.com/citations?hl=en&user=vj6W99MAAAAJ
Biplab KANTI SENGUPTA,"Indian Institute of Technology, Kharagpur","urban planning, Architecture",1,https://scholar.google.com/citations?hl=en&user=4oJNbfQAAAAJ
Sushmita Choudhary,"Research Scholar, Indian Institute of Technology, Kharagpur","Urban plan evaluation, land use, urban planning, sustainable urban planning",1,https://scholar.google.com/citations?hl=en&user=kqQn_hcAAAAJ
Sarikul Islam,"Research Scholar, IIT KHARAGPUR","Statistics, Applied Probability, Reliability Theory and Applications",1,https://scholar.google.com/citations?hl=en&user=bhb3IiMAAAAJ
Shamaem Khushhali,"Department of Physics, IIT Kharagpur","nonlinear fiber optics, optical vortices, fiber optics communication",1,https://scholar.google.com/citations?hl=en&user=oymfKhkAAAAJ
Bishnu Charan Behera,"Indian Institute of Technology, Kharagpur",Cryptography,1,https://scholar.google.com/citations?hl=en&user=rTvLm9wAAAAJ
Debjit Chatterjee,IIT Kharagpur,"Environment Sensing, Mobile Computing, Pervasive Sensing",1,https://scholar.google.com/citations?hl=en&user=cPqC1j0AAAAJ
Gourab Bagchi,"Researcher, Indian Institute of Technology Kharagpur","Data Science, NLP, Computer Vision, Deep Learning, Safety Analytics",1,https://scholar.google.com/citations?hl=en&user=n0vtwrgAAAAJ
GOVINDA BEHERA,"Research Scholar, Indian Institute of Technology Kharagpur","SAR imaging, Radar Signal Processing, Multiantenna SAR Signal Processing",1,https://scholar.google.com/citations?hl=en&user=_G12nGIAAAAJ
Ritesh Dubey,"Research Scholar, Indian Institute of Technology Kharagpur","High Pressure Combustion, Ramjet, Energetic Gel Fuel Combustion, Hypergolic Combustion, Pyrotechnics",1,https://scholar.google.com/citations?hl=en&user=uJxe6IcAAAAJ
Rashmi Kumari,Indian Institute of Technology Kharagpur,"Second-order cone programming problems, Complementarity problems",1,https://scholar.google.com/citations?hl=en&user=EwyWukgAAAAJ
Biplab Dhara,"Research Scholar, IIT Kharagpur","Optics & Photonics, Holography, Lithography",1,https://scholar.google.com/citations?hl=en&user=naDHfcEAAAAJ
Debkanta Ghosh,"Research scholar, IIT Kharagpur","Magnonics, Ultrafast Magnetism, Spin Wave, Light-matter interaction, THz spintronics",1,https://scholar.google.com/citations?hl=en&user=VG5_uEwAAAAJ
Sayak Moulic,IIT Kharagpur,"Cosmology, Astrophysics, Physics",1,https://scholar.google.com/citations?hl=en&user=wSVmTlgAAAAJ
Saahil Dhar,Undergraduate at IIT Kharagpur,"Fluid mechanics, Marine Hydrodynamics, CFD",1,https://scholar.google.com/citations?hl=en&user=tgLbt-0AAAAJ
pankaj mahanta,Indian Institute of Technology Kharagpur,"Paleoceanography, Paleoclimatology, Micropaleontology",1,https://scholar.google.com/citations?hl=en&user=nVABJOAAAAAJ
Munmunlisa Mohanty,"Research Scholar of Law, Rajiv Gandhi School of Intellectual Property Law, IIT Kharagpur",Labour and International Law,1,https://scholar.google.com/citations?hl=en&user=AkvDrboAAAAJ
AYUSHI RAM,"Research Scholar, IIT Kharagpur","Paleooceanography, Paleoclimatology",1,https://scholar.google.com/citations?hl=en&user=6UUpUM8AAAAJ
Harshada Anavkar,Student at IIT Kharagpur,,1,https://scholar.google.com/citations?hl=en&user=QgboFnAAAAAJ
Pratyush Kumar Dora,"Research Scholar, Indian institute of Technology, Kharagpur",,1,https://scholar.google.com/citations?hl=en&user=QlUN8_EAAAAJ
Swastik Chakroborty,"PhD student, IIT Kharagpur","Machine Learning, Wireless Communication, Beamforming",1,https://scholar.google.com/citations?hl=en&user=55pxbzUAAAAJ
Sandeep Pandey,IIT Kharagpur,"laser ignition, liquid fuel combustion, laser diagnostics",1,https://scholar.google.com/citations?hl=en&user=XVnotHIAAAAJ
Subhadeep Dalui,Indian Institute of Technology Kharagpur,"Machine Learning Security, Deep Learning Security",1,https://scholar.google.com/citations?hl=en&user=l5z2N-8AAAAJ
Ashutosh Das,"Indian Institute of Technology, Kharagpur | Kalinga Institute of Industrial Technology","Embedded Systems, Electronics, Microcontrollers, FPGA",1,https://scholar.google.com/citations?hl=en&user=qs-LPNoAAAAJ
Penchala Siva Prasanth Kasa,Indian Institute of Technology Kharagpur,,1,https://scholar.google.com/citations?hl=en&user=X1DPmEcAAAAJ
Anik Mukherjee,IIT Kharagpur,Geology,1,https://scholar.google.com/citations?hl=en&user=G58vrxsAAAAJ
Anjali Beniwal,IIT Kharagpur,"Polynomial Matrix Theory, Behavioral approach to control",1,https://scholar.google.com/citations?hl=en&user=QArX-R4AAAAJ
Aryan Sanghi,"Undergraduate, IIT Kharagpur","Graph Theory, Algorithms",1,https://scholar.google.com/citations?hl=en&user=F26ZCXQAAAAJ
Souradeep Satpathy,"Doctoral Scholar, IIT Kharagpur","Nanoscale Physics, Molecular dynamics, Thermodynamics",1,https://scholar.google.com/citations?hl=en&user=kX9x38AAAAAJ
Sourav Manna,"Research Scholar, Department of Chemistry, Indian Institute of Technology Kharagpur","Enzyme Dynamics, Computational Chemistry, Molecular Dynamics, QM/MM",1,https://scholar.google.com/citations?hl=en&user=AB7-ZBQAAAAJ
Owais Makroo,"Indian Institute of Technology, Kharagpur","Deep Learning, AI, Linear Algebra",1,https://scholar.google.com/citations?hl=en&user=S5EOKOIAAAAJ
Subhro Halder,"UG Student, Department of Aerospace Engineering,IIT Kharagpur","Turbulence, Data-Driven Fluid Dynamics, Compressible Flow, Aeroacoustic",1,https://scholar.google.com/citations?hl=en&user=LV9shlYAAAAJ
Akanksha Chaubey,"Research Scholar, Rekhi Centre of Excellence for the Science of Happiness, IIT Kharagpur","Organizational Psychology, Spirituality and well-being, Workplace behaviour",1,https://scholar.google.com/citations?hl=en&user=B3MEY6sAAAAJ
Rupali Sharma,Researcher at Department of Mathematics IIT Kharagpur,"Fluid Dynamics, Low Reynolds Number flows, Porous medium",1,https://scholar.google.com/citations?hl=en&user=UXrHA98AAAAJ
Tarannum Ara,Indian Institute of Technology Kharagpur,"Ubiquitous Computing, Deep Learning, Human-Computer Interaction",1,https://scholar.google.com/citations?hl=en&user=gvflKYwAAAAJ
Aman Soni,"Master of Technology in Signal Processing and Machine Learning, IIT Kharagpur","Theoretical Machine Learning, Deep Learning, Computer Vision",1,https://scholar.google.com/citations?hl=en&user=EaLLojQAAAAJ
SOURA MANNA,"Research Scholar, RCGSIDM, Indian Institute of Technology, Kharagpur",Urban Planning,1,https://scholar.google.com/citations?hl=en&user=wvgvIRwAAAAJ
Anjali PS,"Research Scholar, Indian Institute of Technology Kharagpur","Microalgae, Cyanobacteria, Polyhydroxybutyrate, Biopolymer",1,https://scholar.google.com/citations?hl=en&user=7xKOjmMAAAAJ
Kavin RV,"Researcher, IIT Kharagpur","Natural Language Processing, Information Retrieval",1,https://scholar.google.com/citations?hl=en&user=pD0Ji8QAAAAJ
Malaya Prakash Behera,IIT Kharagpur,"Corporate finance, Share Pledging, Corporate governance, Ownership structure",1,https://scholar.google.com/citations?hl=en&user=AdL6kzIAAAAJ
Sukanya Mukherjee,"PhD Scholar, IIT Kharagpur","Extreme events, landuse landcover classification",1,https://scholar.google.com/citations?hl=en&user=qAO0nW0AAAAJ
Wasim Ashraf,"School of Energy Science & Engineering, RAC Laboratory, IIT Kharagpur","Solar Thermal Systems, Energy Storage Systems, Supercritical Fluids, Nano-Fluids",1,https://scholar.google.com/citations?hl=en&user=iemewjEAAAAJ
SUBHARTHI CHATTOPADHYAY,"Research Scholar, IIT Kharagpur","ground improvement technology, soil dynamics",1,https://scholar.google.com/citations?hl=en&user=8ot_HqwAAAAJ
Sujeet Sahu,"Indian Institute of Technology, Kharagpur","Chemical reaction engineering, Catalysis & Kinetics, Sustainable chemical technology, Hydrogenation",1,https://scholar.google.com/citations?hl=en&user=on99wX8AAAAJ
Vimal Kumar Arulmozhi,"Research scholar, Indian Institute of Technology Kharagpur","Urban and Regional planning, Urban economics, Urban firm and transport networks",1,https://scholar.google.com/citations?hl=en&user=owiieqsAAAAJ
AKSHAT THAPA,MTech. Student at IIT Kharagpur,"Image Processing, Medical Image Analysis, Machine Learning, Deep Learning, Medical Physics",1,https://scholar.google.com/citations?hl=en&user=8m6OK8QAAAAJ
Kumar Naddunuri,Indian Institute of Technology Kharagpur,"Thermal comfort, IAQ, HVAC, Ventilation, Building science",1,https://scholar.google.com/citations?hl=en&user=uqTcPfYAAAAJ
Nirmal Barick,"Research Scholar, Department of Mathematics, Indian Institute of Technology Kharagpur","Electrokinetics, Colloid science",1,https://scholar.google.com/citations?hl=en&user=78Thf7IAAAAJ
DIPANKAR MANDAL,"Department of Artificial Intelligence, Indian Institute of Technology Kharagpur","Intelligent Transportaion Systems, Cyber-Physical Systems, Artificial Intelligence, Mobile Computing",1,https://scholar.google.com/citations?hl=en&user=JaqPn1QAAAAJ
Raghubeer Rai,"Doctoral Researcher, IIT Kharagpur","Applied Structural Geology, Structural Geology, Rock Mechanics, Fracture Flow Simulation",1,https://scholar.google.com/citations?hl=en&user=y_qHUWIAAAAJ
Gouri Vignesh Jawalkar,"Graduate, Metallurgical and Materials Engineering, IIT Kharagpur","Semimetals, Additive Manufacturing, Superalloys, Characterisation, Spectroscopy",1,https://scholar.google.com/citations?hl=en&user=_J8gXFIAAAAJ
Niharika Mehra,"Department of Mathematics, Indian Institute of Technology Kharagpur","Discrete Element Method, GPU Computing, Granular Flow Simulations",1,https://scholar.google.com/citations?hl=en&user=HPdjk8gAAAAJ
Anuj Kakde,IIT Kharagpur,,1,https://scholar.google.com/citations?hl=en&user=XbrmYS4AAAAJ
souvik kundu,Senior research fellow at IIT Kharagpur,"Catalytic degradation of polymer, Homo & Heterogeneous catalyst",1,https://scholar.google.com/citations?hl=en&user=L5fayiQAAAAJ
ABHISHEK KUMAR,"Research Scholar, Aerospace Engg. Department, IIT Kharagpur","Thermoacoustic, Combustion Instabilities, Hydrogen Air combustion, Flame analysis, Chemiluminescence",1,https://scholar.google.com/citations?hl=en&user=zLE0GJYAAAAJ
Abhisek Barman Maji,Indian Institute of Technology Kharagpur,Gravitational Physics,1,https://scholar.google.com/citations?hl=en&user=E1ZzrNQAAAAJ
Suraj Meshram,"Research Scholar, Department of Artificial Intelligence, IIT Kharagpur","Artificial Intelligence, Optimization, Metaheuristic Techniques, Human-Robot Collaboration, DRL",1,https://scholar.google.com/citations?hl=en&user=nEXmRvgAAAAJ
Lokesh Manickavasaham,Indian Institute of Technology Kharagpur,,1,https://scholar.google.com/citations?hl=en&user=nmO0BJ0AAAAJ
Pritam Roy,"Research scholar of mathematics, IIT Kharagpur",combinatorial commutative algebra,1,https://scholar.google.com/citations?hl=en&user=7D2WQZsAAAAJ
Paridhi Choudhary,"Dual Degree Student, Indian Institute of Technology, Kharagpur","NLP, Robotics, Aerospace Controls",1,https://scholar.google.com/citations?hl=en&user=2Na9VUEAAAAJ
Pranay Katke,IIT Kharagpur,Thermal and Fluids Engineering,1,https://scholar.google.com/citations?hl=en&user=yY4bCKgAAAAJ
Kunal Chakraborty,"Research Scholar, IIT Kharagpur (Dept. Of Chemistry)","CH Activation, Asymmetric Synthesis & Catalysis, DFT Study",1,https://scholar.google.com/citations?hl=en&user=_fQl9moAAAAJ
Rupam Mukherjee,"Master's in Medical Imaging & Informatics, Indian Institute of Technology Kharagpur","Medical Image Analysis, AI for Health & Medicine, Digital & Computational Pathology",1,https://scholar.google.com/citations?hl=en&user=vGCmebAAAAAJ
Deep Das,Indian Institute of Technology Kharagpur,"Geochemistry, Geochronology, Petrology",1,https://scholar.google.com/citations?hl=en&user=WVGZsSgAAAAJ
SHAILESH KUMAR SHARMA,"Master of Science, IIT Kharagpur","Blockchain, Cryptography, Distributed System, Algorithm",1,https://scholar.google.com/citations?hl=en&user=a76SJPoAAAAJ
Aayush Gupta,Indian Institute of Technology Kharagpur,"Composites, Progressive & Continuum Damage …, Impact Dynamics, Optimization and Reliability",1,https://scholar.google.com/citations?hl=en&user=YH7cHYMAAAAJ
Anurag Guria,"Undergraduate student, Department of Physics, Indian Institute of Technology Kharagpur","High energy physics, Statistical mechanics, Quantum Gravity",1,https://scholar.google.com/citations?hl=en&user=kM-tUM4AAAAJ
Deepali Ranavainshaw,"Research Scholar, Department of Architecture and Regional Planning, IIT Kharagpur",,1,https://scholar.google.com/citations?hl=en&user=BQUHvUwAAAAJ
Deeptayan Datta,"Research Scholar, IIT Kharagpur","Molecular dynamics, Microfluid",1,https://scholar.google.com/citations?hl=en&user=A1PtZ1IAAAAJ
JENISH PATEL,"Undergraduate Student of Aerospace Engineering, Indian Institute of Technology Kharagpur","Film Cooling, Gas Turbine aerodynamics and heat transfer, Computational Fluid Dynamics",1,https://scholar.google.com/citations?hl=en&user=zzjl69MAAAAJ
Anwesha Mitra,"Phd Research scholar, Department of Industrial and Systems Engineering, IIT Kharagpur","Operations Research, Circular Economy, Sustainability, Supply Chain Management",1,https://scholar.google.com/citations?hl=en&user=XwdC8aEAAAAJ
VANNY DOEM,Indian Institute of Technology Kharagpur,"Algebraic topology, Homotopy theory, Higher algebra",1,https://scholar.google.com/citations?hl=en&user=Q9TDBTQAAAAJ
Sumitava Biswas,Indian Institute of Technology Kharagpur,"Blockchain, Systems",1,https://scholar.google.com/citations?hl=en&user=Ss4NdgsAAAAJ
Ajas Anthrolil Kareem,"Department of Mining Engineering, Indian Institute of Technology Kharagpur","Human Factors, Ergonomics, Safety Engineering, Data Analytics",1,https://scholar.google.com/citations?hl=en&user=GF_1rqUAAAAJ
siva sreedhar,"M.Tech in Wireless Communication and Networking, IIT Kharagpur.","MIMO, Physical layer, PQC, Cryptography",1,https://scholar.google.com/citations?hl=en&user=XZwNshMAAAAJ
Pritish Saha,"Undergraduate Student, Indian Institute of Technology Kharagpur","Reinforcement Learning, Geometric Deep Learning, Representation Learning, Generative Models",1,https://scholar.google.com/citations?hl=en&user=gmXhzpMAAAAJ
Syed Mohamad Tawseeq,Undergraduate Student at IIT Kharagpur,"Machine Learning, Neuro-Symbolic AI, Multimodal Reasoning, AI for Scientific Discovery",1,https://scholar.google.com/citations?hl=en&user=CijNWhoAAAAJ
Mohit Kumar Gautam,Indian Institute of Technology  Kharagpur,,1,https://scholar.google.com/citations?hl=en&user=QG9alUAAAAAJ
Ravi Ranjan,"Research Scholar, IIT Kharagpur","Seismology, Gravity and Magnetic Methods",1,https://scholar.google.com/citations?hl=en&user=e4mu7u8AAAAJ
PS Pritish Kumar Mahali,IIT Kharagpur,"Computer vision, Deep Learning, Machine Learing",1,https://scholar.google.com/citations?hl=en&user=6Ki41VsAAAAJ
Ratna Banerjee,"Research Scholar, IIT Kharagpur","polycyclic aromatic hydrocarbons, porous organic polymers, Photocatalysis, OFET",1,https://scholar.google.com/citations?hl=en&user=Opr1pO4AAAAJ
Chandan Kumar Soni,IIT Kharagpur,Total Synthesis,1,https://scholar.google.com/citations?hl=en&user=XLPUCD0AAAAJ
BIRENDRA MANDAL,"Dept. of Chemical Engineering, IIT Kharagpur","Active Matter, Fluid Dynamics",1,https://scholar.google.com/citations?hl=en&user=e9k62YEAAAAJ
ritwika dey,Indian Institute of Technology Kharagpur,Theoretical and Computational Chemistry,1,https://scholar.google.com/citations?hl=en&user=SYRfxzoAAAAJ
Prolay Mallick,"PhD Scholar, IIT Kharagpur","Machine Learning, Artificial intelligence, IoT",1,https://scholar.google.com/citations?hl=en&user=6qcgLJQAAAAJ
Dibya Kanti Haldar,"PhD student, IIT Kharagpur",bioinformatics,1,https://scholar.google.com/citations?hl=en&user=X5h8O4EAAAAJ
P. Vanita,"Project Engineer, IIT Kharagpur","Signal processing, Data analysis, Machine learning",1,https://scholar.google.com/citations?hl=en&user=ofmkzq8AAAAJ
VM Pranav Chandran,"Ph.D Scholar, IIT Kharagpur; Meteorologist-A, India Meteorological Department (IMD)","Atmospheric Physics, Climate Change, Meteorology",1,https://scholar.google.com/citations?hl=en&user=Xlth9rEAAAAJ
Riya Parikh,"Indian Institute of Technology, Kharagpur","FPGA Accelators, Neuromorphic Hardware, Embedded Systems, Hardware Software Codesign",1,https://scholar.google.com/citations?hl=en&user=J_ewdyUAAAAJ
mohd gayas ansari,Indian Institute of Technology Kharagpur (IIT kharagpur),"Neuroscience, Synapses, Complex System, Non-Hermitian, Statistical Physics",1,https://scholar.google.com/citations?hl=en&user=n41JFvEAAAAJ
Anushu Priya Boddeda,"GS Sanyal School of Telecommunications, Indian Institute of Technology, Kharagpur","Near Field Communication, Next Gen Wideband Communication Systems",1,https://scholar.google.com/citations?hl=en&user=wYkZ6ygAAAAJ
Himon Sen,"PhD Scholar in Rubber Technology Centre, Indian Institute of Technology, Kharagpur",Polymer and Rubber Composites,1,https://scholar.google.com/citations?hl=en&user=IviR3zUAAAAJ
Ankit Mundada,Student at IIT Kharagpur,"machine Learning, Neural Networks, Robotics, Data Mining, Web Development",,https://scholar.google.com/citations?hl=en&user=zPtzttQAAAAJ
Anjali Bhatia,IIT Kharagpur,Psychology,,https://scholar.google.com/citations?hl=en&user=S4VjkC0AAAAJ
Amarjeet Kumar,Indian Institute of Technology Kharagpur,Disaster Management,,https://scholar.google.com/citations?hl=en&user=IHDAwkgAAAAJ
G Chakraborty,"Professor, Indian Institute of Technology Kharagpur","Dynamics, Vibration and Control, Micro and Nanomechanics",,https://scholar.google.com/citations?hl=en&user=usfIrWMAAAAJ
Samridha Kumar,"Junior Research Fellow, Indian Institute of Technology, Kharagpur, India","Data Mining, Machine Learning, Internet of Things, Digital Signal Processing",,https://scholar.google.com/citations?hl=en&user=LZRTppYAAAAJ
Aditi T Koshley,IIT Kharagpur,"Landscape Architecture, Perception of Safety, environmental behavior, Cognitive Psychology, Visual Simulation",,https://scholar.google.com/citations?hl=en&user=CuihIMoAAAAJ
Saumo Pal,Student at IIT Kharagpur,Machine Learning,,https://scholar.google.com/citations?hl=en&user=bX_EByIAAAAJ
M. jaffar mujawar,"M.Tech student, IIT Kharagpur","Turbomachinery, CFD, UAVs",,https://scholar.google.com/citations?hl=en&user=28tbNIkAAAAJ
Arnab Kumar Gogoi,"Executive MBA, IIT Kharagpur","BIM, Digital Twin",,https://scholar.google.com/citations?hl=en&user=ukydd8wAAAAJ
Saptarshi Sadhu,"Undergraduate, Indian Institute of Technology Kharagpur","HCI, Robotics",,https://scholar.google.com/citations?hl=en&user=EhSgAN4AAAAJ
Yugam Tiwari,"Student, IIT Kharagpur","Machine Learning, Natural Language Processing",,https://scholar.google.com/citations?hl=en&user=wYqKyggAAAAJ
Shuvam Dutta,IIT Kharagpur,Language Typology,,https://scholar.google.com/citations?hl=en&user=5PWqo74AAAAJ
AASTHA KIRAR,"Masters student, Department of Architecture and Regional Planning, Indian Institute of …","Sustainable Planning, Smart Cities, Policy Making, Infrastructure Planning, ITS",,https://scholar.google.com/citations?hl=en&user=I-fHlR8AAAAJ
Shreyas More,Indian Institute of Technology Kharagpur,"Computer Vision, Natural Language Processing",,https://scholar.google.com/citations?hl=en&user=9WT6Rr0AAAAJ
Niraj Kumar Mishra,IIT Kharagpur,Hydraulics and water resources engineering,,https://scholar.google.com/citations?hl=en&user=YRml1EkAAAAJ
Aratrika Mandal,"Asst Professor, GITAM University-Visakhapatnam, PhD, Indian Institute of Technology …","Genre Fiction, Crime Fiction, Nordic Noir, Television Studies, Visual Studies",,https://scholar.google.com/citations?hl=en&user=McRrMLoAAAAJ
Swarnava Das,"Masters Student in Computer Science, IIT Kharagpur","Deep Learning, Machine Learning, Adversarial Learning, Natural Language Processing, Image Classification",,https://scholar.google.com/citations?hl=en&user=YqACZSsAAAAJ
Neelima Singh,"PhD, IIT Kharagpur","English Literature, Translation, Poetry Translation, Translation studies",,https://scholar.google.com/citations?hl=en&user=MK6Ek0AAAAAJ
Satyabrata Sahoo,"Doctoral Research Scholar at VGSOM, IIT Kharagpur","Merger and Acquisition, Share Repurchase, Corporate Finance, Corporate Governace",,https://scholar.google.com/citations?hl=en&user=SQGWxREAAAAJ
Kartikey Chauhan,Indian Institute of Technology Kharagpur,"Control theory, Non-linear control, Automotive control, Electric vehicle, Vehicle dynamics",,https://scholar.google.com/citations?hl=en&user=gFtmNzEAAAAJ
Mithilesh Mandal,"Postgraduate Student of City Planning, Indian Institute of Technology Kharagpur","Urban Planning, Pedestrianisation, GIS, Spatial Analysis, Walkabliity",,https://scholar.google.com/citations?hl=en&user=zftOJdUAAAAJ
Pritam Daundkar,IIT Kharagpur,"Climatic Extremes, Water Resources",,https://scholar.google.com/citations?hl=en&user=-r6kWRYAAAAJ
Kartikeswar Dwibedy,"Research Scholar, IIT Kharagpur","Fracture Mechanics, Smart Composite Structure",,https://scholar.google.com/citations?hl=en&user=iTsART8AAAAJ
arunavo banerjee,"Master Of Science, IIT Kharagpur","Software Engineering, Machine Learning, Information Retrieval, Digital Library",,https://scholar.google.com/citations?hl=en&user=k8gl33kAAAAJ
Kushagra Chitkara,"Student, Indian Institute of Technology, Kharagpur",Machine Learning,,https://scholar.google.com/citations?hl=en&user=rPt4BqEAAAAJ
Swarnendu Bhuyan,Indian Institute of Technology Kharagpur,"Ore Geology, Orogenic Gold, Computational modelling",,https://scholar.google.com/citations?hl=en&user=fwkpnewAAAAJ
Maitreyi,"Research Scholar, Department of Geology & Geophysics, IIT-Kharagpur",Seismology,,https://scholar.google.com/citations?hl=en&user=oYqAcyEAAAAJ
Sneha Gupta,"Research Scholar, IIT Kharagpur",Applied functional analysis,,https://scholar.google.com/citations?hl=en&user=vDFrS98AAAAJ
Aayush kumar Verma,"Deaprtment of Civil Engineering, Indian Institute Of Technology Kharagpur, West Bengal …","Road Safety, | Traffic engineering, | Transportation engineering",,https://scholar.google.com/citations?hl=en&user=stH-niEAAAAJ
Yaqoob Murtaza,"LL.M (IPR), IIT Kharagpur, BA.LL.B (HONS) AMU","IPR, Human Rights Law and Muslim personal Law",,https://scholar.google.com/citations?hl=en&user=fo5iCXQAAAAJ
Krithick Santhosh N,IIT Kharagpur,"Control Systems, Computer Vision",,https://scholar.google.com/citations?hl=en&user=6wiOkIMAAAAJ
Shalika Kumbham,"Indian Institute of Technology, Kharagpur","AI, ML, Computer Vision, NLP, Reasoning",,https://scholar.google.com/citations?hl=en&user=_mLouBgAAAAJ
Shrinivas Khiste,"Undergraduate Researcher, Indian Institute of Technology, Kharagpur","NLP, Graph ML",,https://scholar.google.com/citations?hl=en&user=7sQYulUAAAAJ
Keya B.,Integrated BS + MS in Mathematics and Computing @ Indian Institute of Technology …,"LLMs, Artificial Intelligence, NLP",,https://scholar.google.com/citations?hl=en&user=CyQHO1MAAAAJ
Vedant Vivek Kini,"Undergraduate, Indian Institute of Technology Kharagpur","Satellite Dynamics, Attitude Control, Orbital Mechanics, Flight Mechanics",,https://scholar.google.com/citations?hl=en&user=2BCe2vwAAAAJ
Shuvranil Sanyal,"Research Scholar, Centre for Computational and Data Sciences, IIT Kharagpur","CFD, Applied Mathematics, Lattice Boltzmann Methods, Machine Learning, High Performance Computing",,https://scholar.google.com/citations?hl=en&user=1uo_XlkAAAAJ
Ankur Gandotra,Indian Institute of Technology Kharagpur,"Innovation, Sustainability, Management",,https://scholar.google.com/citations?hl=en&user=-sVepD0AAAAJ
Vipul Singh Rathaur,"IIT Kharagpur, Oil India Limited","Paleoceanography, Microfossils, Pteropods",,https://scholar.google.com/citations?hl=en&user=VNcOCHIAAAAJ
Debananda Nayak,"PhD Research Scholar ( IIT  Kharagpur) , Lecturer in Education (DHE, Odisha) ,",STEM Education,,https://scholar.google.com/citations?hl=en&user=vU7OBRoAAAAJ
Sirsha Banerjee,"Student, Indian Institute of Technology, kharagpur","Hydrodynamics, Fluid structure interaction, Subsea Engineering, Offshore technology.",,https://scholar.google.com/citations?hl=en&user=AGadeuAAAAAJ
Dinesh Kumar,"Research Scholar, Department of Mathematics,  IIT Kharagpur",Numerical Optimization,,https://scholar.google.com/citations?hl=en&user=GEhcdTAAAAAJ
Kaniska Sarkar,"Ph.D in Pavement Engineering, IIT Kharagpur",Transportation Engineering,,https://scholar.google.com/citations?hl=en&user=JpyTLD4AAAAJ
PULAKESH DAS,IIT Kharagpur,"IoT, Agricultural Engineering, Sensors",,https://scholar.google.com/citations?hl=en&user=jwHTGncAAAAJ
Soumya Adabala,"Students, IIT Kgp.",Control systems,,https://scholar.google.com/citations?hl=en&user=ifJ1IBgAAAAJ
Abhishek Mohapatra,Indian Institute of Technology Kharagpur,"Rock Mechanics, Rock Dynamics, Tunnel Blasting, Dynamic Shearing, Numerical Modelling",,https://scholar.google.com/citations?hl=en&user=FV8a2zsAAAAJ
ARYAN SHRIVASTAVA,"M.tech Student, IIT kharagpur","Classical Control theory, Non-Linear Control, Automation",,https://scholar.google.com/citations?hl=en&user=KzA-x4MAAAAJ
Yash Vinod Lanjewar,Indian Institute of Technology Kharagpur,"Machine Learning, Deep Learning, Computer Vision, 3D Computer Vision, Computer Graphics",,https://scholar.google.com/citations?hl=en&user=MsvHWmoAAAAJ
Ankit Dipta Dutta,"Research Fellow, Indian Institute of Technology Kharagpur","Near Surface Geophysics, Hydrogeophysics, Aquifer Characterization, Hydrogeology",,https://scholar.google.com/citations?hl=en&user=QKNIQigAAAAJ
Arijit Bera,"Research Scholar, IIT Kharagpur","Microfluidics, Point of Care Diagnosis, Molecular Diagnosis",,https://scholar.google.com/citations?hl=en&user=F4b9IBMAAAAJ
Reeteswar Rajguru,"Undergraduate, IIT Kharagpur",Graph Signal Processing,,https://scholar.google.com/citations?hl=en&user=c0GeSJUAAAAJ
Md FAISAL Sulemani,"Student, IIT kharagpur",photonics,,https://scholar.google.com/citations?hl=en&user=rJbnqlUAAAAJ
Vedant Agrawal,"B.Tech, Mechanical Engineering Department, Indian Institute of Technology Kharagpur","Operations Research, Machine Learning, Artificial Intelligence, Fault Diagnostics",,https://scholar.google.com/citations?hl=en&user=MV_FdCQAAAAJ
Shoumik Dutta,"Junior Research Fellow, IIT Kharagpur","Machine Learning, Statistics, Deep Learning, Computer Vision, Bio Informatics",,https://scholar.google.com/citations?hl=en&user=tYDQtFwAAAAJ
Istapriya Jagravi,"Final Year Undergraduate Student, IIT Kharagpur",,,https://scholar.google.com/citations?hl=en&user=dFQf21EAAAAJ
Swagoto Surjo Dutta,Undergraduate at IIT Kharagpur,"Fluid mechanics, Hydrodynamics, Naval Architecture",,https://scholar.google.com/citations?hl=en&user=J9KA-_sAAAAJ
Jitendra Kumar Dash,"Senior Research fellow, IIT Kharagpur",Experimental Petrology,,https://scholar.google.com/citations?hl=en&user=MPrb2lIAAAAJ
Sagnik Sarkar,Indian Institute of Technology Kharagpur,"Experimental petrology, Role of volatiles in mantle",,https://scholar.google.com/citations?hl=en&user=xPNT0E0AAAAJ
SHASHANK S,"Indian institute of technology, Kharagpur","Signal Processing, Compressed sensing, Optimization",,https://scholar.google.com/citations?hl=en&user=s2Tl0WYAAAAJ
Avinash Mailapalli,"MS Data Science , IIT Kharagpur","AI, ML",,https://scholar.google.com/citations?hl=en&user=Xzte9LQAAAAJ
Avnish Srivastava,Indian Institute of Technology Kharagpur,"Machine Learning, Deep Learning",,https://scholar.google.com/citations?hl=en&user=5G0Sh-MAAAAJ
Kamlesh Goswami,"PhD Scholar, Indian Institute of Technology Kharagpur","Gas Hydrate, CCUS and Geomechanics",,https://scholar.google.com/citations?hl=en&user=knY7R4EAAAAJ
Aman Kumar Singh,Indian Institute of Technology Kharagpur (Kharagpur),Scientific Computing and Robotics,,https://scholar.google.com/citations?hl=en&user=ZQLq1OUAAAAJ
Suman Ghosh,"Research Scholar, IIT Kharagpur","Ultra-cold Atoms, Bose-Einstein condensate (BEC), High Energy Physics, Nuclear physics",,https://scholar.google.com/citations?hl=en&user=5-KItf8AAAAJ
Rifat Ara Khatun,"Doctoral Research Scholar, Indian Institute of Technology Kharagpur, India","Posthumanism, Postcolonialism, Poetry, Indian English Poetry",,https://scholar.google.com/citations?hl=en&user=tZQIIHwAAAAJ
Sumansmita Rout,"Advanced Technology Development Centre, IIT Kharagpur","Deep Neural Network, CAN Security, LLM DRL, V2X, AI on Edge",,https://scholar.google.com/citations?hl=en&user=zndRTkcAAAAJ
Nimal Farhan Aripurath,"Student of Law, Rajiv Gandhi School of Intellectual Property Law, IIT Kharagpur","intellectual property law, criminal law, family law, arbitration",,https://scholar.google.com/citations?hl=en&user=6-TgID0AAAAJ
Satyajit Mallik,"Senior Research Scholar ,IIT KHARAGPUR",ENTREPRENURIAL FINANCE,,https://scholar.google.com/citations?hl=en&user=PD1XK4AAAAAJ
Sudipta Santra,"Department of CSE, Indian Institute of Technology Kharagpur, India",machine learning,,https://scholar.google.com/citations?hl=en&user=NLoMWXUAAAAJ
Jayashree Dey,"Doctoral Fellow, CoE-IKS, IIT Kharagpur, Former student Jadavpur University","Indian Knowledge Systems, Sanskrit Literature, Film Censorship, Film Studies",,https://scholar.google.com/citations?hl=en&user=MIZBwasAAAAJ
Amardip Banerjee,"Student at Mechanical Engineering Department, Indian Institute of Technology Kharagpur","Robotics, Deep Learning",,https://scholar.google.com/citations?hl=en&user=325jMl0AAAAJ
Abhijeet Santra,"Research Scholar, IIT Kharagpur",Paleoclimate,,https://scholar.google.com/citations?hl=en&user=YQZvq94AAAAJ
Arundhati Boruah,"Research scholar, IIT Kharagpur","Image Processing, Machine Learning, Deep Learning, UAV, Remote Sensing",,https://scholar.google.com/citations?hl=en&user=imbgEkAAAAAJ
Krishna Kant,"Undergraduate, Indian Institute of Technology Kharagpur",Biotechnology,,https://scholar.google.com/citations?hl=en&user=R0ypVcwAAAAJ
Sanjiban Dutta,Indian Institute of Technology Kharagpur,Antarctic Climate Variability,,https://scholar.google.com/citations?hl=en&user=mvF_WvYAAAAJ
Sourabh Bhandarkar,"Research Scholar, GS Sanyal School of Telecommunications, IIT Kharagpur","Optical networks, Fronthaul networks, Cloud RAN, C-RAN, EPON",,https://scholar.google.com/citations?hl=en&user=EGZ_0yIAAAAJ
Mayank Patel,"Indian Institute of Technology, Kharagpur","Deep Learning, Computer Vision, Natural Language Processing, Voice AI, Robotics",,https://scholar.google.com/citations?hl=en&user=BZja7M8AAAAJ
Aurobinda Majhi,IIT Kharagpur,"quantum Cosmology, Quantum Computing, Cosmology, N body Simulation, Quantum Cosmology",,https://scholar.google.com/citations?hl=en&user=u5O1krwAAAAJ
Mohammad Shareef,"Indian Institute of Technology, Kharagpur","Lamprophyres, Lamproites, Mantle Petrology, Geochemistry, Volcanology",,https://scholar.google.com/citations?hl=en&user=01HhgR0AAAAJ
Sahil Verma,Indian Institute of Technology Kharagpur,Socioeconomic Inequality Stratification …,,https://scholar.google.com/citations?hl=en&user=K4A4aOcAAAAJ
Kumar Karuna Nidhi,"Research Scholar, Indian Institute of Technology Kharagpur","Ductile Iron, Q&P, Austempering, Mechanical metallurgy, Foundry",,https://scholar.google.com/citations?hl=en&user=TZgwaF4AAAAJ
Nandini Mukhopadhyay,"Research Scholar, Indian Institute of Technology Kharagpur",heritage conservation,,https://scholar.google.com/citations?hl=en&user=b2s3XAoAAAAJ
Souvik Datta,Indian Institute of Technology Kharagpur (IIT KGP),"Biomedical Imaging, Natural Language Processing, Generative AI, MRI and fMRI, DTI",,https://scholar.google.com/citations?hl=en&user=asMaXrgAAAAJ
Ashiqur Rahaman Molla,"Research Scholar, IIT Kharagpur","Real-Time Systems, CPU–GPU Scheduling, Autonomous CPS, Optimization, Formal Methods",,https://scholar.google.com/citations?hl=en&user=fANful4AAAAJ
Abhishek Barik,IIT KHARAGPUR,"Next generation MIMO communication, 3GPP channel modelling, Quantum communication, OTFS",,https://scholar.google.com/citations?hl=en&user=7ehvlucAAAAJ
Komal Kumari,Indian Institute of Technology Kharagpur,Spectral Graph Theory,,https://scholar.google.com/citations?hl=en&user=1eEWvUIAAAAJ
Prithwiraj Mahato,"Researcher, IIT Kharagpur","Seismology, Mining Geology",,https://scholar.google.com/citations?hl=en&user=QuelHDQAAAAJ
Sakshee Sahay,IIT KHARAGPUR,"Intellectual Property Law, Competition Law, Anti-trust",,https://scholar.google.com/citations?hl=en&user=QbPKgpYAAAAJ
SUSANDHYA MOHAPATRA,"Research Scholar, IIT Kharagpur",Coastal Engineering,,https://scholar.google.com/citations?hl=en&user=5BUkM6kAAAAJ
Saptarshi Das,"PhD Research Scholar, Department of Mechanical Engg., Indian Institute of Technology …","CFD, Hemodynamics, ANN, High Performance Computing, Heat Transfer",,https://scholar.google.com/citations?hl=en&user=sF6g4HQAAAAJ
Pramit Banerjee,Indian Institute of Technology Kharagpur,"Power Management Integrated Circuits, Fully Integrated Integrated DC-DC Converter",,https://scholar.google.com/citations?hl=en&user=XYm1P7EAAAAJ
Bhavesh Mukheja,"BS Physics, IIT Kharagpur","Applied ML in Astrophysics, General Theory of Relativity",,https://scholar.google.com/citations?hl=en&user=OMF3bdAAAAAJ
Koushik Mondal,"Research Scholar, Dept. of Industrial and Systems Engineering, IIT Kharagpur, India","Supply Chain Management, Retail, Developing Markets, Operations Management, System Dynamics",,https://scholar.google.com/citations?hl=en&user=5wL3u8oAAAAJ
Priyanshu Mathur,IIT Kharagpur,"Machine Learning, Signal Processing, Deep Neural Networks",,https://scholar.google.com/citations?hl=en&user=7MyArY0AAAAJ
Anindita Priyadarsini,"Research Scholar, Indian Institute of Technology Kharagpur",Urban Planning,,https://scholar.google.com/citations?hl=en&user=TBC3qlYAAAAJ
Vedant P. Borde,"Research Scholar, Indian Institute of Technology Kharagpur","Underwater Wireless Communication, Quantum Photonics, Fiber Optics",,https://scholar.google.com/citations?hl=en&user=zRIHXbsAAAAJ
Snehal Tengse,IIT Kharagpur,"Agricultural, Machine Learning, Deep Learning, NLP",,https://scholar.google.com/citations?hl=en&user=JU74dRgAAAAJ
Gaurav Pandey,"Research Scholar, Department of Metallurgical and Materials engineering, IIT Kharagpur",Mechanical Testing   Electron Backscatter …,,https://scholar.google.com/citations?hl=en&user=8aSB4rcAAAAJ
Minal Chhabra,"PhD student, IIT Kharagpur","Cosmology, astrophysics",,https://scholar.google.com/citations?hl=en&user=OIM2BzcAAAAJ
Siddhesh Salfale,Indian Institute of Technology Kharagpur,"Neuroscience, Computer Vision, Medical Imaging, AI for Science, Quantum Computing",,https://scholar.google.com/citations?hl=en&user=6EftegYAAAAJ
Gunjana Dhakad,Indian Institute of Technology Kharagpur,"Signal Processing, Image Processing, Medical Image Analysis, Quantum Computing, Physics Informed ML",,https://scholar.google.com/citations?hl=en&user=WEeeF1QAAAAJ
Thasleema K,"Research Scholar, Indian Institute of Technology Kharagpur",Transport through porous media,,https://scholar.google.com/citations?hl=en&user=JCaVRvUAAAAJ
Suvam Nanda,"Agriculture and Food Engineering Department,  Indian Institute of Technology, Kharagpur","Agronomy, Irrigation Science, Fibre Agronomy, Soil Health",,https://scholar.google.com/citations?hl=en&user=nP6ewz4AAAAJ
KRITI SHUKLA,"Researcher, Indian Institute of Technology Kharagpur","Molecular Dynamics, Protein–Ligand Interactions, Enzyme Catalysis, QM/MM simulations",,https://scholar.google.com/citations?hl=en&user=tLeKSukAAAAJ
Lovish Kaushik,"Indian Institute of Technology, Kharagpur","Computer Vision, Artificial Intelligence",,https://scholar.google.com/citations?hl=en&user=Tp29DIoAAAAJ
Vyshnavi KK,Indian Institute of Technology Kharagpur,"Atmospheric pollution, Aerosol properties, Machine learning modelling",,https://scholar.google.com/citations?hl=en&user=MSKFghoAAAAJ
Sourav Das,"Research Scholar, Department of Mathematics, IIT Kharagpur","Bayesian optimization, Information processing, AI/ML, Data Processing",,https://scholar.google.com/citations?hl=en&user=tSssomIAAAAJ
Rishimon Munshi,"Research Scholar, Indian Institute of Technology Kharagpur","Engineering Geology, Rock Mechanics",,https://scholar.google.com/citations?hl=en&user=1GUIXT0AAAAJ
Aditya Kariwal,Student at IIT Kharagpur,Machine Learning,,https://scholar.google.com/citations?hl=en&user=6tcC038AAAAJ
Sumit Saha,"Research Scholar, Department of Industrial and Systems Engineering, IIT Kharagpur","Operations Research, Supply Chain Management, Logistics, Sustainability, Circular Economy",,https://scholar.google.com/citations?hl=en&user=1QkZy8wAAAAJ
Subha Halder,IIT Kharagpur,Statistical Testing,,https://scholar.google.com/citations?hl=en&user=VJWAFfUAAAAJ
Sayan Patra,"Post graduate student, Indian Institute of Technology Kharagpur",CFD,,https://scholar.google.com/citations?hl=en&user=PwmAcDIAAAAJ
Rahul Pramanick,IIT Kharagpur,… Machine Learning  Deep Learning  Causal AI,,https://scholar.google.com/citations?hl=en&user=Vs86rGgAAAAJ
SAIDUTTA MOHANTY,"Research Scholar, IIT Kharagpur","GIS and Remote Sensing, GEE, Rainwater Harvesting",,https://scholar.google.com/citations?hl=en&user=fWObtaEAAAAJ
Jishnu Manglam,IIT Kharagpur,"Protein Design, Protein Engineering, Directed Evolution, Liquid-Liquid Phase Separation",,https://scholar.google.com/citations?hl=en&user=nouiX98AAAAJ
Anjali AR,"Research scholar, IIT Kharagpur","Silicon photonics, modulators, thick-film silicon-on-insulator, reactive ion etching",,https://scholar.google.com/citations?hl=en&user=trwYqe4AAAAJ
Barnamay Samanta,"Research Scholar, Aerospace Engineering, Indian Institute of Technology, Kharagpur",Combustion,,https://scholar.google.com/citations?hl=en&user=WMU3iXsAAAAJ
Gaushul Alam,Indian Institute of Technology Kharagpur,Air quality,,https://scholar.google.com/citations?hl=en&user=NJV6SnoAAAAJ
Samarth Adatia,IIT Kharagpur,,,https://scholar.google.com/citations?hl=en&user=U4VhuisAAAAJ
Shipra Verma,Indian Institute of Technology Kharagpur,"Astrophysical Fluid Dynamics, Magneto-hydrodynamics, Magnetars, Dynamo theory",,https://scholar.google.com/citations?hl=en&user=LXcFgj4AAAAJ
Anantha Kedar Sarma Inampudi,IIT Kharagpur,Quantum Photonics,,https://scholar.google.com/citations?hl=en&user=ifq5VigAAAAJ
Ranjan Sarkar,"Department of Artificial Intelligence, IIT Kharagpur","Machine Learning, Optimization, Reinforcement Learning",,https://scholar.google.com/citations?hl=en&user=opM7lgEAAAAJ
Rohan Saha,"PhD Scholar, IIT Kharagpur","Artificial Intelligence, Machine Learning",,https://scholar.google.com/citations?hl=en&user=u_jTV1UAAAAJ
Ayan Maity,IIT Kharagpur,"Machine learning, NLP, Computer Vision, MultiModal AI",,https://scholar.google.com/citations?hl=en&user=OZeOh-cAAAAJ
Subhrojyoti Mukherjee,"Student , Indian Institute of  Technology, Kharagpur","Artificial Intelligence, Explainable AI, CyberSecurity, Multimodal Data Analysis",,https://scholar.google.com/citations?hl=en&user=78msM_oAAAAJ
Sarath Nagirikatakam,"Indian Institute Of Technology, Kharagpur","Flapping wing Aerodynamics, FSI, Aeroelasticity",,https://scholar.google.com/citations?hl=en&user=-uk_F4MAAAAJ
Subham Pan,Indian Institute Of Technology Delhi.Indian Institute of Technology Kharagpur,"Quantum Communication, Quantum Computing",,https://scholar.google.com/citations?hl=en&user=mReg7qkAAAAJ
SWARAJ BOSE,"IIT, Kharagpur","Transportation Planning, Urban Planning, City Planning",,https://scholar.google.com/citations?hl=en&user=qy25U6YAAAAJ
ACHYUTH B NANDAN,"Research Scholar, Rajiv Gandhi School of Intellectual Property Law, IIT Kharagpur","BIODIVERSITY GOVERNANCE, INTELLECTUAL PROPERTY LAWS, PATENT DISCLOSURE",,https://scholar.google.com/citations?hl=en&user=6Rvt1UQAAAAJ
Shashidhar Kundagol,Indian Institute of Technology Kharagpur,"Road Safety, Post-Crash Emergency Response, Spatial Analysis",,https://scholar.google.com/citations?hl=en&user=005cD_kAAAAJ
anandita das,INDIAN INSTITUTE OF TECHNOLOGY KHARAGPUR,"Resource, Development, Environment and International Economics",,https://scholar.google.com/citations?hl=en&user=Cmzi3oAAAAAJ
Boddepalli mahesh,IIT kharagpur,Refrigeration and air conditioning,,https://scholar.google.com/citations?hl=en&user=_8X-40AAAAAJ
krishna kiran,"Indian Institute of Technology, Kharagpur",,,https://scholar.google.com/citations?hl=en&user=3FYimzgAAAAJ
Arnab Sarkar,"Master of Technology student of Food Process Engineering, Indian Institute of Technology …",Food Processing,,https://scholar.google.com/citations?hl=en&user=s8sDwQIAAAAJ
Tanishq Prasad,"Undergraduate, Indian Institute of Technology Kharagpur","Moiton Planning, Graph Theory, Theoretical Computer Science",,https://scholar.google.com/citations?hl=en&user=2h8-0ccAAAAJ
Toushik Roy,"PhD, IIT Kharagpur",Wave scattering and radiation,,https://scholar.google.com/citations?hl=en&user=o5RipAUAAAAJ
Debanik Ghosh,"Researcher, Hydraulics & Water Resources Engineering, Indian Institute of Technology …","Experimental Hydraulics, Sediment Transport, Fluvial Hydrodynamics, Ground Water Dynamics",,https://scholar.google.com/citations?hl=en&user=7UAzqh4AAAAJ
Arnav Singh,"Student at Department of Computer Science and Engineering, Indian Institute of Technology …",,,https://scholar.google.com/citations?hl=en&user=r9IqOeEAAAAJ
Sreyan Goswami,Student of IIT Kharagpur,"Artificial Intelligence, Civil Engineering",,https://scholar.google.com/citations?hl=en&user=BvC1aKMAAAAJ
Nahid Anowar,"Senior Research Fellow, IIT Kharagpur","AI for Climate, Machine Learning, Reinforcement Learning",,https://scholar.google.com/citations?hl=en&user=Gb_zCcgAAAAJ
Uddipto Mandal,"Bachelors, IIT Kharagpur","Optimization, Reinforcement Learning, Information Theory",,https://scholar.google.com/citations?hl=en&user=s7eMmzEAAAAJ
Priyanka Priyadarshini Behera,Indian Institute of Technology Kharagpur,"Functional Analysis, Geometry of Banach space",,https://scholar.google.com/citations?hl=en&user=8HLBGigAAAAJ
Neha Jaiswal,Indian Institute of Technology Kharagpur,,,https://scholar.google.com/citations?hl=en&user=nUaSiGcAAAAJ
Varun Krishna Nulu,IIT Kharagpur,"Ground Improvement, Stone Columns, Piles, Column-supported embankments Arching",,https://scholar.google.com/citations?hl=en&user=qJUUUjEAAAAJ
Diganta Ray Mandal,IIT Kharagpur,XR,,https://scholar.google.com/citations?hl=en&user=kWC-GVAAAAAJ
Saptarshi Roy Chowdhury,PhD Scholar at IIT Kharagpur,"Algal Biotechnology, Genetic Engineering, Metabolic Engineering",,https://scholar.google.com/citations?hl=en&user=JsXiGyIAAAAJ
Nitin pal,Research Scholar @Dept. of Aerospace Engineering IIT Kharagpur,"Flight Mechanics, UAV Control Neural Network",,https://scholar.google.com/citations?hl=en&user=ftoDDz8AAAAJ
Suyash Gadage,M.Tech Research Scholar at IIT Kharagpur,"Robotics, Artificial Intelligence, Machine Learning, Deep Learning, Precision Agriculture",,https://scholar.google.com/citations?hl=en&user=gMLVIzcAAAAJ
Prasenjit Betal,"Centre for Computational and Data Sciences, IIT Kharagpur","AI/ML researcher specializing in deep …, transformers, and large language models",,https://scholar.google.com/citations?hl=en&user=f2rPQdIAAAAJ
Akash Sharma,"M.Tech student in Food Process Engineering, IIT Kharagpur","CFD-DEM, Cleaning in Place(CIP ), Food Process Engineering",,https://scholar.google.com/citations?hl=en&user=MPVje-cAAAAJ
Supravat Bairagya,"Research Scholar, Indian Institute of Technology Kharagpur (IIT KGP)","Food Engineering, Food Science, Extraction of Bioactive Compounds, polysaccharides, Jaggery",,https://scholar.google.com/citations?hl=en&user=oHI79foAAAAJ
Aditya A. Kulkarni,IIT Kharagpur,"Machine Learning, Deep Learning, Generative AI, Computer Vision",,https://scholar.google.com/citations?hl=en&user=8QD7CFYAAAAJ
Shambhavi Tripathi,Research Scholar at IIT Kharagpur.,Intellectual Property Law,,https://scholar.google.com/citations?hl=en&user=MJY46kwAAAAJ
SK Swaminathan,"CSE Senior Undergraduate, IIT Kharagpur","reinforcement learning, robot learning",,https://scholar.google.com/citations?hl=en&user=VMp51i0AAAAJ
Aditya Ranjan,Indian Institute of Technology Kharagpur,"Consumer Services, Consumer Behaviour, Dark Side of Adoption of Technology, Cognitive Dissonance",,https://scholar.google.com/citations?hl=en&user=otrqW6cAAAAJ
Manas Jana,Indian Institute of Technology Kharagpur,Cryptography,,https://scholar.google.com/citations?hl=en&user=K0ZRd0AAAAAJ
BARNALI GHOSH,"assistant professor , iit kharagpur",gynae and obstetrics,,https://scholar.google.com/citations?hl=en&user=Vf4ZDycAAAAJ
Nirmal Pal,"Research Scholar of Chemistry, IIT Kharagpur","Prebiotic Chemistry, Bioinorganic Chemistry, Organic Synthesis, Coordination Chemistry",,https://scholar.google.com/citations?hl=en&user=GXqF2MgAAAAJ
SUSOVAN GIRI,PhD at IIT Kharagpur,Bose-Einstein condensate,,https://scholar.google.com/citations?hl=en&user=Opj7_QQAAAAJ
Sujit Kumar Nayak,"Research Scholar, IIT Kharagpur","Plastic Deformation, Crystallographic Texture, Ultrafine grain materials, Fracture and Fatigue",,https://scholar.google.com/citations?hl=en&user=QkM4iFgAAAAJ
Patchamatla VMV Prasada Raju,Research Scholar at IIT Kharagpur,"Geophysical signal processing, Adaptive signal processing, Optimization, MIMO systems",,https://scholar.google.com/citations?hl=en&user=fNiUYhYAAAAJ
Bikash Ranjan Behera,IIT Kharagpur,"Climate modellling, Geospatial Data Science",,https://scholar.google.com/citations?hl=en&user=36qF2IcAAAAJ
Asmit Chauhan,IIT Kharagpur,,,https://scholar.google.com/citations?hl=en&user=3e4YxScAAAAJ
Devjeet Haldar,"Indian Institute of Technology, Kharagpur",,,https://scholar.google.com/citations?hl=en&user=V-fCST8AAAAJ
Ankit Meda,IIT Kharagpur,LLM Reasoning,,https://scholar.google.com/citations?hl=en&user=UctcdYwAAAAJ
Subhrajit Mitra,"Master's Student @ IIT Kharagpur, India","AI Safety, Reasoning, Agents",,https://scholar.google.com/citations?hl=en&user=im4AKEsAAAAJ
USHASI DAM,IIT KHARAGPUR,"Soil Science, Soil Fertility, Precision Agriculture, Digital Soil Mapping",,https://scholar.google.com/citations?hl=en&user=SInDBdYAAAAJ
Arhat Amitabh,Indian Institute of Technology Kharagpur,"Artificial Intelligence, Machine Learning, Generative AI, Graph Neural Network",,https://scholar.google.com/citations?hl=en&user=5howRr0AAAAJ
Savan Masipeddi,Indian Institute of Technology Kharagpur,"Computational biology, Structural biology, Bioinformatics, Artificial intelligence",,https://scholar.google.com/citations?hl=en&user=gmY7lFYAAAAJ
Ankit Bhattacharjee,IIT Kharagpur,"Fluid Mechanics, Machine Learning",,https://scholar.google.com/citations?hl=en&user=At1W5a4AAAAJ
Vipin,Indian institute of technology Kharagpur,"Atomic Molecular physics, Machine Learning, Data Science",,https://scholar.google.com/citations?hl=en&user=KyMl1FkAAAAJ
AKHILESH KUMAR YADAV,Indian institute of technology Kharagpur,Near Surfaces Geophysics,,https://scholar.google.com/citations?hl=en&user=RlklM0oAAAAJ
Suman Patra,IIT Kharagpur,"RS, GIS, Hydrology, Hydraulics, Hydrodynamics",,https://scholar.google.com/citations?hl=en&user=uV2kQyIAAAAJ
Divyangna Neeraj,"Phd Research Scholar, Indian Institute of Technology Kharagpur",Affordable housing,,https://scholar.google.com/citations?hl=en&user=vkE0ctMAAAAJ
Swagatam Pal,"PhD in Regenerative Medicine, SMST, IIT Kharagpur","RNA biology, RNA Delivery, Molecular Therapeutics, Regenerative Medicine",,https://scholar.google.com/citations?hl=en&user=s6Fu34kAAAAJ
Aishik Das,Indian Institute of Technology Kharagpur,"agrochemicals monitoring, biophotonics, photoacoustics, Spectrophotometry",,https://scholar.google.com/citations?hl=en&user=laYUH8sAAAAJ
Chinmay Gupta,IIT Kharagpur,"Deep Learning, Medical Imaging",,https://scholar.google.com/citations?hl=en&user=ZJoxCrYAAAAJ
Shivam Panwar,"Student, IIT Kharagpur",,,https://scholar.google.com/citations?hl=en&user=Y0FnpVgAAAAJ
Krishna kumar,"Geospatial academy, IIT Kharagpur","irrigation management, Hydrology, Remote sensing and GIS",,https://scholar.google.com/citations?hl=en&user=hz5dZHMAAAAJ
Babji Sh,Indian Institute of Technology Kharagpur,climate studies,,https://scholar.google.com/citations?hl=en&user=DwHzeE0AAAAJ
Arijeet Roy Chowdhury,"Indian Institute of Technology, Kharagpur","Applied superconductivity, Superconducting Power Application, Dielectric characterization.",,https://scholar.google.com/citations?hl=en&user=rbHDOBYAAAAJ
Raghav Dogra,IIT Kharagpur,NLP Computer Vision,,https://scholar.google.com/citations?hl=en&user=kYv6CwQAAAAJ
Rohit Koiri,"Postgraduate Scholar (RCGSIDM), IIT Kharagpur","Urban Planning, Architecture, Construction",,https://scholar.google.com/citations?hl=en&user=c7jTWUcAAAAJ
Devendra Kumar Dubey,"Indian Institute of Technology, Kharagpur",Geophysical Signal Processing,,https://scholar.google.com/citations?hl=en&user=fHBptqoAAAAJ
Ranjeet Singh Bais,"Research Scholar, Indian Institute of Technology Kharagpur",Machine Learning for Climate and Weather …,,https://scholar.google.com/citations?hl=en&user=wvB3jCkAAAAJ
Aman Juneja,Undergraduate Student at IIT Kharagpur,"Safety Algorithms for AI, Natural Language Processing",,https://scholar.google.com/citations?hl=en&user=sOkrjuIAAAAJ
Prabhudutta Khatua,IIT Kharagpur,"Soil Science, Soil Physics",,https://scholar.google.com/citations?hl=en&user=7Fb-GX8AAAAJ
Arnab Sur,"Research Scholar, Indian Institute of Technology Kharagpur","Civil Engineering, Structural Engineering, Pavement Engineering, Pavement Evaluation",,https://scholar.google.com/citations?hl=en&user=o71ZsvcAAAAJ
Sadanand Sinha,"Indian Institute of Technology, Kharagpur","AI/ML in Civil Engineering, Structural Health Monitoring, Civionics",,https://scholar.google.com/citations?hl=en&user=YyLJv84AAAAJ
Md Abu Raihan,"Research Scholar, Indian Institute of Technology, Kharagpur","Algebraic K-theory, Commutative algebra",,https://scholar.google.com/citations?hl=en&user=N2UWIOwAAAAJ
A. Arun Kumar,IIT Kharagpur,"Information Systems, Marketing, Artificial Intelligence",,https://scholar.google.com/citations?hl=en&user=3y3gdQkAAAAJ
Sneha Dash,IIT Kharagpur,"Computational Neuroscience, Bayesian Estimation, Generative modeling, Sparse Coding",,https://scholar.google.com/citations?hl=en&user=Z8s3ihUAAAAJ
Muhammad Hamza,"Indian Institute of Technology, Kharagpur",,,https://scholar.google.com/citations?hl=en&user=UQZNR3gAAAAJ
Manick Mistri,"Research Scholar, IIT Kharagpur","Prebiotic chemistry, Bioinorganic chemistry, Nucleic acid chemistry",,https://scholar.google.com/citations?hl=en&user=rLwoFSoAAAAJ
Sonia Bara,Indian Institute of Technology Kharagpur,"Quantum computing, DFT, Computational materials science",,https://scholar.google.com/citations?hl=en&user=VtWVRbEAAAAJ
Uttam Kumar Gupta,"LLM - IP, Indian Institute of Technology, Kharagpur",Intellectual Property,,https://scholar.google.com/citations?hl=en&user=oN4VLdcAAAAJ
Siddharth Satish Karjini,"Student, Indian Institute of Technology Kharagpur","Geochemistry, Geochronology, Structural Geology, Metamorphic Petrology, Precambrian Tectonics",,https://scholar.google.com/citations?hl=en&user=dyNRnW4AAAAJ
K. Pritham Raj,MTech IIT Kharagpur,,,https://scholar.google.com/citations?hl=en&user=tVmT8DUAAAAJ
Triparna Sanyal,PhD Student at IIT Kharagpur,"Physical Oceanography, Fluid Mixing, Lagrangian Stochastic Models, Data-Driven Methods",,https://scholar.google.com/citations?hl=en&user=XJ-pzFAAAAAJ
Arko Koner,Indian Institute of Technology Kharagpur,"Electronics, Biomedical Instrumentation, Communication, EMG",,https://scholar.google.com/citations?hl=en&user=VcaS6g8AAAAJ
Swati Chakraborty,Indian Institute of Technology Kharagpur,"Optimization, Inversion, Numerical Modeling, electrical & electromagnetic geophysics",,https://scholar.google.com/citations?hl=en&user=dhqqmUcAAAAJ
Tanima Pal,"PhD Researcher, Indian Institute of Technology Kharagpur",,,https://scholar.google.com/citations?hl=en&user=32B2R68AAAAJ
Samarth Barve,"Student, Indian Institute of Technology, Kharagpur",,,https://scholar.google.com/citations?hl=en&user=MnciyHgAAAAJ
Daksh Jogchand,"B.Tech,IIT Kharagpur","Mechanistic Interpretability, Vision Language Models, NLP",,https://scholar.google.com/citations?hl=en&user=NJ_d5ogAAAAJ
Mainak Mukhopadhyay,"Indian Institute of Technology, Kharagpur",Vegetation Remote Sensing,,https://scholar.google.com/citations?hl=en&user=ZAYa-V8AAAAJ
Adrija Chowdhury,"PhD Scholar, IIT Kharagpur",Urban and Regional Planning,,https://scholar.google.com/citations?hl=en&user=gDCJLa8AAAAJ
Supriya Singh,"Research Scholar, HSS, IIT Kharagpur",Agricultural Economics,,https://scholar.google.com/citations?hl=en&user=7FmJ-F8AAAAJ
Jitul Talukdar,"Ph.D. Student, IIT Kharagpur","Spectral Graph Theory, Combinatorial Matrix Theory",,https://scholar.google.com/citations?hl=en&user=nJ908EEAAAAJ
Ishan Basu,IIT Kharagpur,"Healthcare Technology, Medical Devices, Multimodal Neuroimaging",,https://scholar.google.com/citations?hl=en&user=j5yBN68AAAAJ
Sushant Tarapure,IIT Kharagpur,"Simulations, Metal 3D printing, Additive Manufacturing",,https://scholar.google.com/citations?hl=en&user=LA74QWoAAAAJ
Krityapriya Bhaumik,"student, Indian Institute of Technology  Kharagpur","ML, Mathematics, Game Theory, Algorithms, AI",,https://scholar.google.com/citations?hl=en&user=ccLEOZcAAAAJ
Deepu Singh,"Indian Institute of Technology Kharagpur, Kharagpur","Light-matter interaction, dipolar BEC",,https://scholar.google.com/citations?hl=en&user=8zTjSWMAAAAJ
Amitesh Paul,IIT Kharagpur,"Environmental Engineering, Climate Change, Air Pollution",,https://scholar.google.com/citations?hl=en&user=0gDJ_FgAAAAJ
Bhuvnesh Khatana,Indian Institute of Technology Kharagpur,Bilevel Optimization,,https://scholar.google.com/citations?hl=en&user=pWpMc9MAAAAJ
Vishal Mishra,"Research Scholar, IIT Kharagpur","Dissimilar Joining, Microwave processing and brazing, Numerical Modelling, Manufacturing Process",,https://scholar.google.com/citations?hl=en&user=_TFAcdMAAAAJ
Suvra Kamal Das,"Student, IIT Kharagpur, former student of jadavpur university","geotechnical engineering, slope stability, earthpressure, arching, earthquake engineering",,https://scholar.google.com/citations?hl=en&user=w_8vAiQAAAAJ
Harsh Raj,"Indian Institute of Technology, Kharagpur","Turbomachinery, gas turbines, Neural Netowrks, Graph Neutal networks, heometric deep learning",,https://scholar.google.com/citations?hl=en&user=G4FUpB4AAAAJ
Yatendra Singh,Indian Institute of Technology Kharagpur,"LAI, Remote Sensing, AFOLU, Agroforestry",,https://scholar.google.com/citations?hl=en&user=Y92ZbMQAAAAJ
NILAY DEY,"Centre for Ocean,River,Atmosphere and Land sciences (CORAL),Indian Institute of …","Atmospheric Sciences, Water Quality, Surface water",,https://scholar.google.com/citations?hl=en&user=zE-xiQ8AAAAJ
Abhinav,Indian Institute of Technology Kharagpur,"Reliability engineering, Quantum computing, Probabilistic methods, Quantum machine learning",,https://scholar.google.com/citations?hl=en&user=ieZq4JwAAAAJ
Muzammil SK Md,"M. Tech 2nd year student GSSST, IIT KGP",Wireless Communications,,https://scholar.google.com/citations?hl=en&user=PcR0vfYAAAAJ
Indrajit Chaudhuri,Indian Institute of Technology Kharagpur,"Machine Learning, Deep Learning",,https://scholar.google.com/citations?hl=en&user=qZviv5cAAAAJ
Ishaan Sinha,"CSE Graduate, Indian Institute of Technology, Kharagpur","Artificial Intelligence, Natural Language Processing, Computational Biology, Bioinformatics",,https://scholar.google.com/citations?hl=en&user=Mbzq9vkAAAAJ
Sibasish Ghara,"Research Scholar in Department of Mechanical Engineering, IIT Kharagpur","Surface engineering, thermal spray, plasma spray, solid lubricant, oxide coating",,https://scholar.google.com/citations?hl=en&user=qtPwl1UAAAAJ
Soumyadeep Dutta,"Undergraduate, Department of Mathematics, IIT Kharagpur, India","Machine Learning, Statistics",,https://scholar.google.com/citations?hl=en&user=mzE7svQAAAAJ
Shyla,"PhD Research Scholar, Indian Institute of Technology Kharagpur",Insect protein,,https://scholar.google.com/citations?hl=en&user=KonqCOYAAAAJ
NIVED KRISHNA,"PhD student,Computer Science and Engineering,IIT Kharagpur","AI, NLP",,https://scholar.google.com/citations?hl=en&user=Easyh1EAAAAJ
Aritra Dutta,"MS Student at IIT Kharagpur, India","NLP, Multimodal AI, Computer Vision, Agents, Reinforcement Learning",,https://scholar.google.com/citations?hl=en&user=LldvPuAAAAAJ
Sovan Chakraborty,"School of Medical Science and Technology, IIT Kharagpur","Human disease biology, genomics, multi-omics etc.",,https://scholar.google.com/citations?hl=en&user=UmOt2YQAAAAJ
Rishabh Moonka,IIT Kharagpur,Artificial Intelligence,,https://scholar.google.com/citations?hl=en&user=r4VxEPIAAAAJ
Aditya Singh,IIT Kharagpur,"ML, DL, RAG",,https://scholar.google.com/citations?hl=en&user=MJuaEZwAAAAJ
Amit Pramanick,IIT Kharagpur,"Feminist Literature, South Asian Literature",,https://scholar.google.com/citations?hl=en&user=mmIpJHwAAAAJ
Pragya Dey,"Research scholar, SMST, IIT Kharagpur",Respiratory Health,,https://scholar.google.com/citations?hl=en&user=Yak-5JAAAAAJ
Yari Takam,IIT Kharagpur,"Food Science, Food Technology, Clinical Nutrition, Nutraceuticals",,https://scholar.google.com/citations?hl=en&user=QeANSfIAAAAJ
Suryadeep Dey,"Indian Institute of Technology, Kharagpur","Polymer nanocomposites, Polymer blends, Self healing materials, EMI shielding",,https://scholar.google.com/citations?hl=en&user=FHA2_JAAAAAJ
Soham agarwal,Student at Indian Institute of technology,Artificial Intelligence and Machine Learning,,https://scholar.google.com/citations?hl=en&user=N8w-id4AAAAJ
Saikat Mondal,"Department of Physics, Indian Institute of Technology Kharagpur","Fiber Optics, Fiber Optic Sensor & Devices, Photonics",,https://scholar.google.com/citations?hl=en&user=fNFCZ-8AAAAJ
Raj Kumar Yadav,Indian Institute of Technology Kharagpur,iron and steel making,,https://scholar.google.com/citations?hl=en&user=QUpLvRYAAAAJ
Arpita Parhi,IIT Kharagpur,Paleoclimatology  Lake sediments …,,https://scholar.google.com/citations?hl=en&user=Lfhv6NYAAAAJ
Avinandan Mukherjee,"PhD Research Scholar, Indian Institute of Technology Kharagpur","Sharing Economy, Gig Economy, Game Theory, Vehicle Routing Problems",,https://scholar.google.com/citations?hl=en&user=xMUj7OUAAAAJ
Pritam Chakraborty,"Research Scholar, Indian Institute of Technology Kharagpur",Condition Monitoring of Power Apparatus,,https://scholar.google.com/citations?hl=en&user=Br-qaqwAAAAJ
Sandipan Hazra,"Research Scholar, IIT Kharagpur","Quantum Information, Quantum Computation",,https://scholar.google.com/citations?hl=en&user=GF2D1vsAAAAJ
Debasish Paul,"Ph.D. Researcher, Indian Institute of Technology, Kharagpur","Medical Statistics, Statistical Genetics, Epidemiological Statistics, Astrostatistics, Education",,https://scholar.google.com/citations?hl=en&user=g-KK2FoAAAAJ
Debasmita Sarma Chaudhuri,Indian Institute of Technology Kharagpur,"Cancer Systems Biology, Drug resistance in cancer, Machine learning in Biology",,https://scholar.google.com/citations?hl=en&user=z6_ZkOUAAAAJ
Pranjal Dubey,Indian Institute of Technology Kharagpur,"Machine Learning, Photocatalysis, Advance Oxidation Process, Nanoparticles, Catalyst",,https://scholar.google.com/citations?hl=en&user=O5Iq52AAAAAJ
Pallavi Anand,Research Scholar IIT Kharagpur,"Network Security, Machine Learning, Deep Learning",,https://scholar.google.com/citations?hl=en&user=-DO4Jc4AAAAJ
Sayantan Kuila,"MS (Research), Indian Institute of Technology","Wearable Sensing, Human Activity Recognition, Domain Adaptation",,https://scholar.google.com/citations?hl=en&user=W-7VZDIAAAAJ
Abesh Barman,"PhD scholar, IIT Kharagpur",Point-of-Care Microfluidics and Diagnostics,,https://scholar.google.com/citations?hl=en&user=KnuTLG4AAAAJ
Sagarneel Ghoshal,"Department of Physics, Indian Institute of Technology Kharagpur","Neuromorphic Computing, Semiconductor Devices, Optoelectronics, AI hardware, Machine Learning",,https://scholar.google.com/citations?hl=en&user=rGZbsCMAAAAJ
Yogendra Powar,Student IIT Kharagpur,"Construction Management, Concrete, Civil Engineering",,https://scholar.google.com/citations?hl=en&user=21tzdikAAAAJ
Mouli Sarkar,"Research Scholar, Department of Agricultural and Food Engineering, IIT Kharagpur",Soil Science Precision agriculture Digital soil …,,https://scholar.google.com/citations?hl=en&user=DlAIxoYAAAAJ
Sandeep Kumar,"Indian Institute of Technology, Kharagpur","Natural Language processing, Low resource NLP, Reinforcement learning, Reasoning",,https://scholar.google.com/citations?hl=en&user=oPSAX3gAAAAJ
Amogh Joshi,"CSE, IIT Kharagpur and University of Manchester","Large Language Models, Dynamic Mode Decomposition",,https://scholar.google.com/citations?hl=en&user=8Q1euDMAAAAJ
Ishan Majumdar,IIT Kharagpur,,,https://scholar.google.com/citations?hl=en&user=GXZr4mUAAAAJ
SAURABH SAINI,"Indian Institute of Technology Kharagpur, Kharagpur India","Seismology, Earthquake Clustering, Seismic Hazard, Coulomb Stress",,https://scholar.google.com/citations?hl=en&user=hbvP5Q4AAAAJ
Shubham Verma,"Research Scholar, Indian Institute of Technology Kharagpur",Photo-RAFT polymerization,,https://scholar.google.com/citations?hl=en&user=aOxC8QkAAAAJ
